employee_id,hire_date,hire_source
emp_000000,2021-03-01,linkedin
emp_000001,2024-10-31,recruiter
emp_000002,2022-10-01,recruiter
emp_000003,2024-07-01,referral
emp_000004,2025-07-01,company_site
emp_000005,2026-07-01,recruiter
emp_000006,2019-10-01,referral
emp_000007,2026-03-02,linkedin
emp_000008,2020-09-30,company_site
emp_000009,2024-04-01,referral
emp_000010,2022-12-31,linkedin
emp_000011,2024-04-01,referral
emp_000012,2021-10-31,referral
emp_000013,2023-12-01,recruiter
emp_000014,2021-08-31,company_site
emp_000015,2025-08-31,linkedin
emp_000016,2024-08-31,referral
emp_000017,2025-07-01,linkedin
emp_000018,2018-03-01,referral
emp_000019,2025-05-01,linkedin
emp_000020,2021-03-01,conference
emp_000021,2024-05-31,linkedin
emp_000022,2022-12-01,linkedin
emp_000023,2025-04-01,recruiter
emp_000024,2025-10-01,university
emp_000025,2025-10-01,company_site
emp_000026,2024-12-31,university
emp_000027,2020-03-01,recruiter
emp_000028,2025-08-01,university
emp_000029,2024-12-31,referral
emp_000030,2024-05-01,referral
emp_000031,2025-08-31,recruiter
emp_000032,2022-10-31,company_site
emp_000033,2024-08-31,boomerang
emp_000034,2024-07-01,referral
emp_000035,2019-10-01,recruiter
emp_000036,2025-06-01,referral
emp_000037,2024-12-31,recruiter
emp_000038,2024-08-31,linkedin
emp_000039,2025-12-31,linkedin
emp_000040,2024-09-30,referral
emp_000041,2022-05-01,recruiter
emp_000042,2025-06-01,referral
emp_000043,2021-08-01,referral
emp_000044,2016-05-01,company_site
emp_000045,2023-09-01,conference
emp_000046,2025-10-31,linkedin
emp_000047,2024-05-31,linkedin
emp_000048,2022-12-31,linkedin
emp_000049,2024-03-01,recruiter
emp_000050,2024-03-01,linkedin
emp_000051,2024-11-30,referral
emp_000052,2021-01-30,referral
emp_000053,2025-04-01,referral
emp_000054,2025-03-01,referral
emp_000055,2023-10-31,linkedin
emp_000056,2021-08-01,recruiter
emp_000057,2025-01-30,linkedin
emp_000058,2025-06-01,linkedin
emp_000059,2023-03-02,referral
emp_000060,2024-11-30,linkedin
emp_000061,2022-12-31,referral
emp_000062,2023-04-01,recruiter
emp_000063,2023-07-02,recruiter
emp_000064,2024-01-31,boomerang
emp_000065,2024-07-31,company_site
emp_000066,2024-05-01,company_site
emp_000067,2020-01-31,linkedin
emp_000068,2025-08-31,university
emp_000069,2025-03-01,recruiter
emp_000070,2025-03-01,referral
emp_000071,2025-10-01,linkedin
emp_000072,2023-10-31,referral
emp_000073,2020-07-01,linkedin
emp_000074,2025-04-01,company_site
emp_000075,2024-01-31,referral
emp_000076,2021-03-01,referral
emp_000077,2025-08-31,company_site
emp_000078,2025-01-30,linkedin
emp_000079,2026-03-02,linkedin
emp_000080,2023-01-30,conference
emp_000081,2023-04-01,linkedin
emp_000082,2023-10-31,university
emp_000083,2025-10-31,linkedin
emp_000084,2023-03-02,linkedin
emp_000085,2024-07-01,linkedin
emp_000086,2025-01-30,company_site
emp_000087,2025-12-31,boomerang
emp_000088,2021-12-31,referral
emp_000089,2023-12-01,conference
emp_000090,2025-05-01,referral
emp_000091,2022-06-01,referral
emp_000092,2025-04-01,recruiter
emp_000093,2024-07-01,boomerang
emp_000094,2017-05-01,company_site
emp_000095,2023-10-01,recruiter
emp_000096,2023-10-31,recruiter
emp_000097,2021-12-31,recruiter
emp_000098,2024-07-31,recruiter
emp_000099,2025-06-01,linkedin
emp_000100,2025-12-31,linkedin
emp_000101,2021-07-01,conference
emp_000102,2026-03-02,university
emp_000103,2023-01-30,referral
emp_000104,2023-07-02,referral
emp_000105,2024-09-30,linkedin
emp_000106,2025-06-01,company_site
emp_000107,2025-08-01,company_site
emp_000108,2024-05-01,referral
emp_000109,2025-10-01,referral
emp_000110,2025-07-01,linkedin
emp_000111,2025-08-01,university
emp_000112,2023-10-01,university
emp_000113,2024-05-01,recruiter
emp_000114,2023-12-31,linkedin
emp_000115,2023-04-01,referral
emp_000116,2024-07-31,linkedin
emp_000117,2025-07-01,company_site
emp_000118,2025-06-01,referral
emp_000119,2021-05-01,referral
emp_000120,2023-03-02,referral
emp_000121,2023-04-01,linkedin
emp_000122,2023-08-01,linkedin
emp_000123,2020-11-30,referral
emp_000124,2022-08-31,boomerang
emp_000125,2020-08-31,company_site
emp_000126,2021-05-01,linkedin
emp_000127,2020-07-31,linkedin
emp_000128,2023-05-02,linkedin
emp_000129,2023-12-31,university
emp_000130,2024-07-31,referral
emp_000131,2023-12-01,linkedin
emp_000132,2025-04-01,company_site
emp_000133,2024-03-01,referral
emp_000134,2023-10-01,referral
emp_000135,2025-04-01,linkedin
emp_000136,2023-09-01,company_site
emp_000137,2025-12-31,linkedin
emp_000138,2021-10-31,university
emp_000139,2024-03-01,recruiter
emp_000140,2024-07-31,university
emp_000141,2020-05-31,company_site
emp_000142,2022-10-31,linkedin
emp_000143,2022-08-31,referral
emp_000144,2025-10-31,company_site
emp_000145,2024-10-31,company_site
emp_000146,2025-10-01,university
emp_000147,2022-06-01,boomerang
emp_000148,2025-12-31,conference
emp_000149,2022-12-31,company_site
emp_000150,2021-10-31,recruiter
emp_000151,2019-10-01,linkedin
emp_000152,2022-08-31,university
emp_000153,2023-07-02,referral
emp_000154,2024-05-31,referral
emp_000155,2023-08-01,referral
emp_000156,2022-07-01,linkedin
emp_000157,2025-05-01,recruiter
emp_000158,2023-03-02,linkedin
emp_000159,2024-10-31,linkedin
emp_000160,2017-05-01,conference
emp_000161,2022-12-31,recruiter
emp_000162,2024-01-31,university
emp_000163,2018-01-30,company_site
emp_000164,2025-08-01,referral
emp_000165,2022-10-31,referral
emp_000166,2021-11-30,linkedin
emp_000167,2022-07-01,recruiter
emp_000168,2022-04-01,company_site
emp_000169,2017-08-31,linkedin
emp_000170,2020-09-30,linkedin
emp_000171,2024-12-31,referral
emp_000172,2024-07-01,recruiter
emp_000173,2024-10-31,linkedin
emp_000174,2023-12-31,linkedin
emp_000175,2022-10-01,recruiter
emp_000176,2025-10-31,recruiter
emp_000177,2025-03-01,referral
emp_000178,2025-06-01,referral
emp_000179,2021-12-31,linkedin
emp_000180,2022-08-31,linkedin
emp_000181,2025-10-01,recruiter
emp_000182,2024-08-31,recruiter
emp_000183,2025-03-01,recruiter
emp_000184,2025-06-01,linkedin
emp_000185,2023-03-02,recruiter
emp_000186,2023-01-30,recruiter
emp_000187,2012-09-30,referral
emp_000188,2017-06-01,recruiter
emp_000189,2023-10-31,linkedin
emp_000190,2025-04-01,referral
emp_000191,2025-11-30,linkedin
emp_000192,2024-03-01,linkedin
emp_000193,2022-03-02,referral
emp_000194,2024-05-01,referral
emp_000195,2025-08-01,linkedin
emp_000196,2024-01-31,referral
emp_000197,2024-12-31,university
emp_000198,2025-10-31,referral
emp_000199,2025-10-01,company_site
emp_000200,2021-11-30,linkedin
emp_000201,2025-01-30,referral
emp_000202,2023-12-01,university
emp_000203,2025-07-01,conference
emp_000204,2023-10-31,company_site
emp_000205,2024-07-01,linkedin
emp_000206,2019-08-31,referral
emp_000207,2024-12-31,linkedin
emp_000208,2021-03-01,university
emp_000209,2024-10-31,referral
emp_000210,2021-09-30,conference
emp_000211,2022-08-31,recruiter
emp_000212,2024-05-01,linkedin
emp_000213,2022-12-01,company_site
emp_000214,2024-07-31,referral
emp_000215,2018-11-30,recruiter
emp_000216,2025-03-01,linkedin
emp_000217,2023-05-02,conference
emp_000218,2024-03-01,referral
emp_000219,2022-10-31,company_site
emp_000220,2024-11-30,recruiter
emp_000221,2025-06-01,linkedin
emp_000222,2023-12-31,recruiter
emp_000223,2024-04-01,company_site
emp_000224,2024-11-30,linkedin
emp_000225,2025-07-01,boomerang
emp_000226,2024-01-31,linkedin
emp_000227,2024-01-31,linkedin
emp_000228,2025-08-01,referral
emp_000229,2021-12-31,linkedin
emp_000230,2023-12-31,boomerang
emp_000231,2024-07-31,linkedin
emp_000232,2023-10-01,referral
emp_000233,2023-10-31,company_site
emp_000234,2026-01-30,linkedin
emp_000235,2023-10-01,linkedin
emp_000236,2025-04-01,linkedin
emp_000237,2024-05-01,referral
emp_000238,2024-08-31,conference
emp_000239,2023-12-31,referral
emp_000240,2018-07-01,recruiter
emp_000241,2020-11-30,recruiter
emp_000242,2021-03-01,company_site
emp_000243,2024-04-01,linkedin
emp_000244,2021-04-01,referral
emp_000245,2022-03-02,linkedin
emp_000246,2015-12-01,boomerang
emp_000247,2024-11-30,linkedin
emp_000248,2023-12-31,linkedin
emp_000249,2025-03-01,conference
emp_000250,2024-05-31,company_site
emp_000251,2025-04-01,linkedin
emp_000252,2025-06-01,linkedin
emp_000253,2023-12-01,referral
emp_000254,2023-06-01,referral
emp_000255,2023-08-01,company_site
emp_000256,2022-03-02,referral
emp_000257,2020-10-31,conference
emp_000258,2025-05-01,company_site
emp_000259,2025-10-01,company_site
emp_000260,2024-07-01,referral
emp_000261,2020-05-31,recruiter
emp_000262,2024-08-31,referral
emp_000263,2018-10-01,recruiter
emp_000264,2024-11-30,conference
emp_000265,2022-08-01,referral
emp_000266,2025-01-30,linkedin
emp_000267,2024-03-01,linkedin
emp_000268,2023-09-01,company_site
emp_000269,2024-03-01,referral
emp_000270,2024-09-30,linkedin
emp_000271,2024-03-01,referral
emp_000272,2023-12-01,company_site
emp_000273,2023-12-31,conference
emp_000274,2024-10-31,recruiter
emp_000275,2021-10-31,referral
emp_000276,2025-03-01,linkedin
emp_000277,2025-07-01,recruiter
emp_000278,2024-08-31,company_site
emp_000279,2025-08-01,recruiter
emp_000280,2021-08-31,university
emp_000281,2024-05-31,referral
emp_000282,2021-11-30,university
emp_000283,2021-08-01,company_site
emp_000284,2024-07-31,referral
emp_000285,2026-04-01,recruiter
emp_000286,2025-01-30,company_site
emp_000287,2022-07-01,referral
emp_000288,2025-01-30,linkedin
emp_000289,2022-03-02,recruiter
emp_000290,2024-05-31,linkedin
emp_000291,2025-08-01,recruiter
emp_000292,2023-12-01,company_site
emp_000293,2025-12-31,recruiter
emp_000294,2026-05-02,company_site
emp_000295,2021-04-01,linkedin
emp_000296,2023-01-30,university
emp_000297,2014-05-01,referral
emp_000298,2022-01-30,linkedin
emp_000299,2024-11-30,recruiter
emp_000300,2025-03-01,company_site
emp_000301,2024-11-30,recruiter
emp_000302,2023-07-02,referral
emp_000303,2023-04-01,linkedin
emp_000304,2022-12-31,recruiter
emp_000305,2020-08-31,recruiter
emp_000306,2025-11-30,company_site
emp_000307,2026-04-01,linkedin
emp_000308,2022-12-01,university
emp_000309,2023-04-01,linkedin
emp_000310,2023-12-01,referral
emp_000311,2025-04-01,recruiter
emp_000312,2022-03-02,company_site
emp_000313,2023-01-30,linkedin
emp_000314,2023-03-02,company_site
emp_000315,2023-03-02,linkedin
emp_000316,2022-12-31,university
emp_000317,2023-03-02,referral
emp_000318,2022-07-01,company_site
emp_000319,2025-10-31,referral
emp_000320,2024-10-31,linkedin
emp_000321,2021-11-30,linkedin
emp_000322,2023-12-31,referral
emp_000323,2024-05-31,company_site
emp_000324,2024-09-30,linkedin
emp_000325,2022-08-01,recruiter
emp_000326,2024-05-31,referral
emp_000327,2025-10-31,recruiter
emp_000328,2023-12-31,linkedin
emp_000329,2023-07-02,recruiter
emp_000330,2021-03-01,university
emp_000331,2023-08-01,conference
emp_000332,2023-05-02,recruiter
emp_000333,2026-01-30,recruiter
emp_000334,2024-10-31,conference
emp_000335,2024-07-31,boomerang
emp_000336,2025-03-01,referral
emp_000337,2019-01-30,referral
emp_000338,2019-03-02,referral
emp_000339,2022-07-01,referral
emp_000340,2023-05-02,referral
emp_000341,2025-08-31,recruiter
emp_000342,2023-10-01,linkedin
emp_000343,2024-03-01,referral
emp_000344,2022-08-31,linkedin
emp_000345,2022-07-01,linkedin
emp_000346,2023-04-01,company_site
emp_000347,2022-08-31,referral
emp_000348,2025-06-01,company_site
emp_000349,2023-05-02,referral
emp_000350,2024-10-31,referral
emp_000351,2023-08-01,recruiter
emp_000352,2025-03-01,referral
emp_000353,2024-01-31,linkedin
emp_000354,2025-10-01,referral
emp_000355,2024-07-01,linkedin
emp_000356,2025-03-01,company_site
emp_000357,2023-06-01,referral
emp_000358,2026-03-02,company_site
emp_000359,2026-05-02,linkedin
emp_000360,2025-06-01,recruiter
emp_000361,2025-07-01,boomerang
emp_000362,2024-12-31,company_site
emp_000363,2023-12-31,referral
emp_000364,2022-12-01,recruiter
emp_000365,2023-09-01,recruiter
emp_000366,2020-07-01,linkedin
emp_000367,2024-07-01,recruiter
emp_000368,2019-04-01,referral
emp_000369,2024-07-01,referral
emp_000370,2022-08-01,conference
emp_000371,2021-08-01,referral
emp_000372,2025-01-30,company_site
emp_000373,2023-04-01,recruiter
emp_000374,2025-08-01,linkedin
emp_000375,2021-10-31,recruiter
emp_000376,2024-10-31,university
emp_000377,2022-08-31,recruiter
emp_000378,2023-12-31,referral
emp_000379,2025-03-01,referral
emp_000380,2023-10-31,university
emp_000381,2023-01-30,company_site
emp_000382,2025-10-01,company_site
emp_000383,2022-10-31,company_site
emp_000384,2022-08-01,referral
emp_000385,2020-07-01,linkedin
emp_000386,2020-11-30,recruiter
emp_000387,2023-06-01,linkedin
emp_000388,2024-04-01,linkedin
emp_000389,2025-10-01,recruiter
emp_000390,2023-06-01,linkedin
emp_000391,2026-03-02,referral
emp_000392,2020-07-31,recruiter
emp_000393,2021-09-30,linkedin
emp_000394,2022-10-31,referral
emp_000395,2024-07-31,recruiter
emp_000396,2023-05-02,company_site
emp_000397,2023-12-31,linkedin
emp_000398,2023-12-01,linkedin
emp_000399,2024-08-31,referral
emp_000400,2021-10-31,referral
emp_000401,2025-10-31,university
emp_000402,2022-05-01,university
emp_000403,2021-09-30,linkedin
emp_000404,2024-11-30,referral
emp_000405,2023-05-02,linkedin
emp_000406,2025-07-01,university
emp_000407,2018-06-01,company_site
emp_000408,2024-12-31,referral
emp_000409,2021-06-01,recruiter
emp_000410,2026-07-01,company_site
emp_000411,2025-03-01,linkedin
emp_000412,2021-08-01,recruiter
emp_000413,2025-04-01,referral
emp_000414,2024-05-31,linkedin
emp_000415,2023-10-01,company_site
emp_000416,2023-03-02,university
emp_000417,2023-06-01,company_site
emp_000418,2025-01-30,referral
emp_000419,2024-07-01,referral
emp_000420,2024-05-31,company_site
emp_000421,2026-05-02,recruiter
emp_000422,2024-10-31,linkedin
emp_000423,2018-05-01,recruiter
emp_000424,2024-12-31,boomerang
emp_000425,2024-09-30,conference
emp_000426,2025-12-31,referral
emp_000427,2025-07-01,referral
emp_000428,2023-05-02,referral
emp_000429,2025-08-01,linkedin
emp_000430,2024-12-31,recruiter
emp_000431,2018-07-01,company_site
emp_000432,2025-04-01,boomerang
emp_000433,2022-06-01,recruiter
emp_000434,2026-06-01,referral
emp_000435,2022-07-01,referral
emp_000436,2025-06-01,boomerang
emp_000437,2022-12-31,referral
emp_000438,2023-07-02,recruiter
emp_000439,2021-07-01,referral
emp_000440,2024-05-01,linkedin
emp_000441,2024-05-01,recruiter
emp_000442,2025-04-01,linkedin
emp_000443,2019-12-31,linkedin
emp_000444,2024-05-01,referral
emp_000445,2022-05-01,university
emp_000446,2024-05-31,conference
emp_000447,2025-07-01,linkedin
emp_000448,2024-01-31,recruiter
emp_000449,2023-08-01,linkedin
emp_000450,2022-01-30,recruiter
emp_000451,2023-04-01,recruiter
emp_000452,2023-06-01,company_site
emp_000453,2024-05-01,company_site
emp_000454,2020-09-30,referral
emp_000455,2024-05-31,referral
emp_000456,2021-03-01,recruiter
emp_000457,2025-08-01,referral
emp_000458,2024-11-30,recruiter
emp_000459,2022-03-02,referral
emp_000460,2025-12-31,referral
emp_000461,2025-10-31,conference
emp_000462,2025-01-30,recruiter
emp_000463,2025-03-01,recruiter
emp_000464,2024-05-01,linkedin
emp_000465,2017-07-31,referral
emp_000466,2024-07-31,recruiter
emp_000467,2022-03-02,university
emp_000468,2025-10-01,linkedin
emp_000469,2025-03-01,linkedin
emp_000470,2022-07-01,company_site
emp_000471,2024-03-01,conference
emp_000472,2024-01-31,conference
emp_000473,2023-10-01,recruiter
emp_000474,2025-08-31,referral
emp_000475,2024-01-31,university
emp_000476,2025-08-31,recruiter
emp_000477,2024-12-31,referral
emp_000478,2025-05-01,recruiter
emp_000479,2025-01-30,linkedin
emp_000480,2023-07-02,linkedin
emp_000481,2023-07-02,linkedin
emp_000482,2024-03-01,company_site
emp_000483,2021-01-30,linkedin
emp_000484,2023-01-30,university
emp_000485,2023-09-01,referral
emp_000486,2021-12-31,referral
emp_000487,2025-06-01,linkedin
emp_000488,2023-12-31,recruiter
emp_000489,2025-03-01,referral
emp_000490,2024-07-01,linkedin
emp_000491,2022-08-31,conference
emp_000492,2021-03-01,referral
emp_000493,2025-11-30,referral
emp_000494,2022-03-02,linkedin
emp_000495,2026-04-01,referral
emp_000496,2016-07-31,recruiter
emp_000497,2024-07-31,referral
emp_000498,2025-12-31,recruiter
emp_000499,2023-12-31,linkedin
emp_000500,2023-09-01,referral
emp_000501,2025-06-01,referral
emp_000502,2024-12-31,referral
emp_000503,2023-08-01,recruiter
emp_000504,2022-03-02,linkedin
emp_000505,2023-09-01,university
emp_000506,2020-05-01,company_site
emp_000507,2024-11-30,recruiter
emp_000508,2018-11-30,linkedin
emp_000509,2025-03-01,recruiter
emp_000510,2022-10-31,linkedin
emp_000511,2023-10-01,linkedin
emp_000512,2017-12-31,referral
emp_000513,2024-04-01,recruiter
emp_000514,2025-07-01,university
emp_000515,2026-03-02,company_site
emp_000516,2023-06-01,linkedin
emp_000517,2023-08-01,referral
emp_000518,2024-12-31,company_site
emp_000519,2024-09-30,referral
emp_000520,2024-05-31,referral
emp_000521,2024-05-31,recruiter
emp_000522,2022-04-01,referral
emp_000523,2023-12-31,conference
emp_000524,2024-08-31,company_site
emp_000525,2024-10-31,linkedin
emp_000526,2025-12-31,recruiter
emp_000527,2022-03-02,referral
emp_000528,2024-05-31,university
emp_000529,2021-08-31,university
emp_000530,2024-12-31,company_site
emp_000531,2022-01-30,referral
emp_000532,2022-12-31,recruiter
emp_000533,2024-03-01,referral
emp_000534,2024-04-01,company_site
emp_000535,2025-05-01,linkedin
emp_000536,2022-01-30,linkedin
emp_000537,2025-04-01,referral
emp_000538,2025-08-31,recruiter
emp_000539,2025-01-30,referral
emp_000540,2022-08-01,referral
emp_000541,2025-10-01,recruiter
emp_000542,2023-07-02,company_site
emp_000543,2021-05-01,referral
emp_000544,2023-06-01,linkedin
emp_000545,2024-05-31,referral
emp_000546,2025-03-01,recruiter
emp_000547,2025-03-01,recruiter
emp_000548,2024-09-30,university
emp_000549,2023-05-02,recruiter
emp_000550,2025-08-01,company_site
emp_000551,2025-11-30,referral
emp_000552,2025-08-31,referral
emp_000553,2024-07-01,linkedin
emp_000554,2023-10-31,referral
emp_000555,2023-10-01,recruiter
emp_000556,2018-08-31,company_site
emp_000557,2025-08-31,recruiter
emp_000558,2024-07-31,recruiter
emp_000559,2024-03-01,company_site
emp_000560,2023-12-31,recruiter
emp_000561,2025-01-30,referral
emp_000562,2025-03-01,linkedin
emp_000563,2024-03-01,conference
emp_000564,2023-05-02,referral
emp_000565,2024-05-31,company_site
emp_000566,2022-12-31,recruiter
emp_000567,2023-05-02,university
emp_000568,2024-08-31,referral
emp_000569,2022-04-01,referral
emp_000570,2025-05-01,referral
emp_000571,2024-05-01,referral
emp_000572,2025-05-01,conference
emp_000573,2023-03-02,recruiter
emp_000574,2022-12-01,university
emp_000575,2024-05-01,company_site
emp_000576,2023-12-01,company_site
emp_000577,2024-11-30,recruiter
emp_000578,2025-01-30,linkedin
emp_000579,2023-12-31,recruiter
emp_000580,2025-08-01,recruiter
emp_000581,2022-08-01,university
emp_000582,2020-08-31,referral
emp_000583,2026-03-02,linkedin
emp_000584,2026-07-01,referral
emp_000585,2024-01-31,boomerang
emp_000586,2022-08-31,boomerang
emp_000587,2024-09-30,university
emp_000588,2021-10-31,referral
emp_000589,2025-08-01,university
emp_000590,2024-04-01,linkedin
emp_000591,2022-04-01,company_site
emp_000592,2025-07-01,referral
emp_000593,2022-10-31,company_site
emp_000594,2024-04-01,linkedin
emp_000595,2025-10-31,linkedin
emp_000596,2025-12-31,linkedin
emp_000597,2025-01-30,university
emp_000598,2015-04-01,boomerang
emp_000599,2023-12-31,recruiter
emp_000600,2024-07-31,referral
emp_000601,2020-09-30,university
emp_000602,2026-01-30,recruiter
emp_000603,2025-03-01,university
emp_000604,2024-05-31,company_site
emp_000605,2025-10-31,linkedin
emp_000606,2025-08-01,linkedin
emp_000607,2024-08-31,recruiter
emp_000608,2025-10-01,referral
emp_000609,2024-12-31,recruiter
emp_000610,2025-12-31,boomerang
emp_000611,2021-11-30,boomerang
emp_000612,2025-01-30,linkedin
emp_000613,2023-04-01,recruiter
emp_000614,2021-04-01,recruiter
emp_000615,2024-12-31,boomerang
emp_000616,2024-05-31,linkedin
emp_000617,2016-08-31,linkedin
emp_000618,2024-04-01,referral
emp_000619,2022-12-01,referral
emp_000620,2024-07-31,recruiter
emp_000621,2023-05-02,conference
emp_000622,2025-06-01,linkedin
emp_000623,2024-05-01,referral
emp_000624,2019-07-02,company_site
emp_000625,2021-08-01,referral
emp_000626,2023-04-01,recruiter
emp_000627,2025-07-01,referral
emp_000628,2025-01-30,university
emp_000629,2024-07-31,recruiter
emp_000630,2025-10-01,recruiter
emp_000631,2024-05-31,referral
emp_000632,2023-09-01,recruiter
emp_000633,2024-09-30,linkedin
emp_000634,2025-01-30,linkedin
emp_000635,2025-11-30,university
emp_000636,2024-04-01,recruiter
emp_000637,2022-07-01,referral
emp_000638,2024-03-01,university
emp_000639,2022-06-01,university
emp_000640,2024-09-30,linkedin
emp_000641,2024-01-31,referral
emp_000642,2020-11-30,recruiter
emp_000643,2023-07-02,referral
emp_000644,2016-11-30,recruiter
emp_000645,2020-08-31,referral
emp_000646,2024-05-01,company_site
emp_000647,2024-11-30,referral
emp_000648,2024-04-01,company_site
emp_000649,2020-09-30,boomerang
emp_000650,2021-09-30,university
emp_000651,2023-12-31,company_site
emp_000652,2022-03-02,linkedin
emp_000653,2019-07-02,linkedin
emp_000654,2024-01-31,linkedin
emp_000655,2022-10-01,linkedin
emp_000656,2024-07-01,university
emp_000657,2023-09-01,linkedin
emp_000658,2023-03-02,linkedin
emp_000659,2022-04-01,recruiter
emp_000660,2024-07-01,company_site
emp_000661,2025-03-01,boomerang
emp_000662,2024-12-31,referral
emp_000663,2021-11-30,linkedin
emp_000664,2024-04-01,referral
emp_000665,2024-12-31,recruiter
emp_000666,2022-04-01,referral
emp_000667,2022-06-01,university
emp_000668,2025-07-01,referral
emp_000669,2022-04-01,company_site
emp_000670,2024-07-01,company_site
emp_000671,2022-04-01,linkedin
emp_000672,2020-03-01,recruiter
emp_000673,2025-10-01,recruiter
emp_000674,2025-11-30,referral
emp_000675,2025-01-30,linkedin
emp_000676,2025-10-31,recruiter
emp_000677,2024-10-31,university
emp_000678,2024-04-01,referral
emp_000679,2025-03-01,linkedin
emp_000680,2022-10-31,company_site
emp_000681,2025-08-31,referral
emp_000682,2023-12-01,linkedin
emp_000683,2025-03-01,linkedin
emp_000684,2024-08-31,referral
emp_000685,2022-08-31,referral
emp_000686,2025-08-01,referral
emp_000687,2023-12-01,recruiter
emp_000688,2023-04-01,recruiter
emp_000689,2016-12-30,referral
emp_000690,2023-08-01,company_site
emp_000691,2023-07-02,linkedin
emp_000692,2019-05-02,referral
emp_000693,2023-12-31,referral
emp_000694,2025-08-31,referral
emp_000695,2024-01-31,linkedin
emp_000696,2023-12-31,conference
emp_000697,2021-08-01,company_site
emp_000698,2024-07-31,recruiter
emp_000699,2025-12-31,linkedin
emp_000700,2024-03-01,conference
emp_000701,2023-01-30,linkedin
emp_000702,2022-03-02,recruiter
emp_000703,2022-12-01,linkedin
emp_000704,2025-10-31,linkedin
emp_000705,2021-12-31,referral
emp_000706,2023-12-31,boomerang
emp_000707,2025-04-01,conference
emp_000708,2026-05-02,company_site
emp_000709,2020-10-31,recruiter
emp_000710,2022-12-31,linkedin
emp_000711,2024-09-30,referral
emp_000712,2025-12-31,recruiter
emp_000713,2025-04-01,referral
emp_000714,2025-04-01,company_site
emp_000715,2024-11-30,company_site
emp_000716,2024-11-30,linkedin
emp_000717,2024-07-01,recruiter
emp_000718,2024-09-30,linkedin
emp_000719,2014-09-30,referral
emp_000720,2024-01-31,boomerang
emp_000721,2024-07-01,recruiter
emp_000722,2023-01-30,referral
emp_000723,2023-12-31,recruiter
emp_000724,2023-01-30,linkedin
emp_000725,2023-05-02,conference
emp_000726,2024-10-31,boomerang
emp_000727,2019-08-31,referral
emp_000728,2023-12-31,recruiter
emp_000729,2023-05-02,recruiter
emp_000730,2023-12-01,university
emp_000731,2024-05-31,boomerang
emp_000732,2025-05-01,conference
emp_000733,2025-11-30,linkedin
emp_000734,2024-09-30,referral
emp_000735,2022-06-01,university
emp_000736,2022-01-30,referral
emp_000737,2022-05-01,referral
emp_000738,2024-03-01,company_site
emp_000739,2023-09-01,linkedin
emp_000740,2023-10-01,referral
emp_000741,2025-08-31,referral
emp_000742,2023-07-02,conference
emp_000743,2024-01-31,referral
emp_000744,2025-01-30,linkedin
emp_000745,2021-09-30,recruiter
emp_000746,2024-12-31,boomerang
emp_000747,2024-09-30,recruiter
emp_000748,2025-07-01,recruiter
emp_000749,2025-12-31,boomerang
emp_000750,2024-07-31,linkedin
emp_000751,2022-10-31,university
emp_000752,2025-05-01,recruiter
emp_000753,2025-06-01,conference
emp_000754,2023-08-01,referral
emp_000755,2024-12-31,boomerang
emp_000756,2024-04-01,linkedin
emp_000757,2025-08-01,linkedin
emp_000758,2019-10-01,referral
emp_000759,2019-01-30,boomerang
emp_000760,2025-05-01,referral
emp_000761,2023-01-30,referral
emp_000762,2024-04-01,university
emp_000763,2023-10-31,referral
emp_000764,2024-04-01,recruiter
emp_000765,2024-07-01,referral
emp_000766,2024-03-01,recruiter
emp_000767,2024-03-01,linkedin
emp_000768,2025-06-01,referral
emp_000769,2024-01-31,referral
emp_000770,2025-05-01,linkedin
emp_000771,2016-11-30,linkedin
emp_000772,2023-06-01,referral
emp_000773,2022-08-01,recruiter
emp_000774,2020-07-01,linkedin
emp_000775,2025-10-31,linkedin
emp_000776,2022-10-31,recruiter
emp_000777,2020-10-31,linkedin
emp_000778,2020-03-31,referral
emp_000779,2024-01-31,university
emp_000780,2024-09-30,referral
emp_000781,2024-12-31,university
emp_000782,2023-10-01,recruiter
emp_000783,2024-09-30,linkedin
emp_000784,2025-10-01,referral
emp_000785,2022-08-31,recruiter
emp_000786,2021-12-31,recruiter
emp_000787,2023-10-31,linkedin
emp_000788,2025-01-30,linkedin
emp_000789,2025-01-30,referral
emp_000790,2025-08-01,referral
emp_000791,2025-04-01,linkedin
emp_000792,2024-09-30,referral
emp_000793,2020-08-31,referral
emp_000794,2023-12-01,recruiter
emp_000795,2022-07-01,recruiter
emp_000796,2023-04-01,referral
emp_000797,2025-03-01,linkedin
emp_000798,2025-07-01,boomerang
emp_000799,2022-12-01,recruiter
emp_000800,2025-08-01,referral
emp_000801,2025-08-31,referral
emp_000802,2025-08-31,company_site
emp_000803,2025-05-01,conference
emp_000804,2024-11-30,linkedin
emp_000805,2024-09-30,recruiter
emp_000806,2024-12-31,university
emp_000807,2024-08-31,referral
emp_000808,2022-10-01,recruiter
emp_000809,2025-04-01,referral
emp_000810,2024-04-01,recruiter
emp_000811,2024-08-31,referral
emp_000812,2022-10-01,referral
emp_000813,2023-10-31,recruiter
emp_000814,2023-12-01,recruiter
emp_000815,2022-06-01,recruiter
emp_000816,2023-10-31,university
emp_000817,2022-10-01,linkedin
emp_000818,2025-06-01,university
emp_000819,2023-03-02,company_site
emp_000820,2024-07-31,referral
emp_000821,2022-01-30,linkedin
emp_000822,2019-12-31,linkedin
emp_000823,2026-01-30,company_site
emp_000824,2025-10-01,recruiter
emp_000825,2025-05-01,company_site
emp_000826,2023-08-01,referral
emp_000827,2024-10-31,referral
emp_000828,2024-07-31,referral
emp_000829,2023-04-01,company_site
emp_000830,2020-09-30,company_site
emp_000831,2025-05-01,university
emp_000832,2025-11-30,referral
emp_000833,2023-10-01,referral
emp_000834,2020-01-31,recruiter
emp_000835,2026-05-02,recruiter
emp_000836,2025-01-30,company_site
emp_000837,2020-03-31,linkedin
emp_000838,2024-07-01,linkedin
emp_000839,2024-08-31,company_site
emp_000840,2024-05-31,recruiter
emp_000841,2023-08-01,linkedin
emp_000842,2025-01-30,university
emp_000843,2024-08-31,linkedin
emp_000844,2023-04-01,referral
emp_000845,2024-07-31,referral
emp_000846,2021-08-01,university
emp_000847,2023-01-30,linkedin
emp_000848,2024-11-30,university
emp_000849,2022-05-01,recruiter
emp_000850,2025-07-01,referral
emp_000851,2023-01-30,referral
emp_000852,2022-07-01,referral
emp_000853,2023-03-02,referral
emp_000854,2026-03-02,recruiter
emp_000855,2023-09-01,company_site
emp_000856,2025-05-01,company_site
emp_000857,2025-05-01,conference
emp_000858,2025-01-30,boomerang
emp_000859,2024-04-01,company_site
emp_000860,2022-12-31,recruiter
emp_000861,2021-07-01,referral
emp_000862,2025-11-30,referral
emp_000863,2024-01-31,company_site
emp_000864,2020-03-01,company_site
emp_000865,2024-07-01,company_site
emp_000866,2024-12-31,referral
emp_000867,2020-01-31,linkedin
emp_000868,2025-03-01,university
emp_000869,2025-03-01,linkedin
emp_000870,2020-05-01,referral
emp_000871,2025-10-31,university
emp_000872,2022-10-01,referral
emp_000873,2026-07-01,recruiter
emp_000874,2021-11-30,referral
emp_000875,2021-08-01,referral
emp_000876,2023-05-02,linkedin
emp_000877,2023-07-02,company_site
emp_000878,2025-10-31,referral
emp_000879,2025-10-31,linkedin
emp_000880,2024-07-01,linkedin
emp_000881,2019-12-31,university
emp_000882,2024-07-31,linkedin
emp_000883,2024-07-01,referral
emp_000884,2025-04-01,linkedin
emp_000885,2020-09-30,linkedin
emp_000886,2021-08-01,referral
emp_000887,2024-08-31,university
emp_000888,2025-05-01,company_site
emp_000889,2023-08-01,conference
emp_000890,2021-04-01,company_site
emp_000891,2021-08-01,recruiter
emp_000892,2025-03-01,recruiter
emp_000893,2025-06-01,recruiter
emp_000894,2022-08-01,referral
emp_000895,2022-05-01,recruiter
emp_000896,2024-05-31,referral
emp_000897,2024-09-30,linkedin
emp_000898,2024-08-31,university
emp_000899,2025-03-01,recruiter
emp_000900,2021-10-31,company_site
emp_000901,2023-12-31,company_site
emp_000902,2023-04-01,referral
emp_000903,2021-11-30,referral
emp_000904,2022-03-02,recruiter
emp_000905,2023-12-01,recruiter
emp_000906,2025-08-31,referral
emp_000907,2020-03-01,linkedin
emp_000908,2024-05-31,referral
emp_000909,2025-10-01,recruiter
emp_000910,2025-06-01,university
emp_000911,2025-07-01,referral
emp_000912,2024-07-31,linkedin
emp_000913,2024-05-31,linkedin
emp_000914,2023-12-01,referral
emp_000915,2024-03-01,referral
emp_000916,2019-06-01,linkedin
emp_000917,2025-04-01,referral
emp_000918,2022-08-01,boomerang
emp_000919,2021-11-30,linkedin
emp_000920,2023-05-02,referral
emp_000921,2021-12-31,linkedin
emp_000922,2016-11-30,company_site
emp_000923,2021-09-30,referral
emp_000924,2024-09-30,linkedin
emp_000925,2020-12-30,recruiter
emp_000926,2023-05-02,company_site
emp_000927,2022-07-01,boomerang
emp_000928,2024-09-30,conference
emp_000929,2021-05-01,recruiter
emp_000930,2024-07-31,referral
emp_000931,2022-10-31,company_site
emp_000932,2026-03-02,referral
emp_000933,2015-08-01,referral
emp_000934,2024-07-31,company_site
emp_000935,2024-03-01,referral
emp_000936,2020-11-30,referral
emp_000937,2024-08-31,linkedin
emp_000938,2020-07-01,recruiter
emp_000939,2023-12-01,recruiter
emp_000940,2025-05-01,company_site
emp_000941,2025-01-30,linkedin
emp_000942,2024-04-01,linkedin
emp_000943,2025-08-01,recruiter
emp_000944,2023-05-02,recruiter
emp_000945,2023-10-01,company_site
emp_000946,2020-03-01,recruiter
emp_000947,2024-07-01,referral
emp_000948,2023-09-01,recruiter
emp_000949,2019-10-31,university
emp_000950,2021-01-30,linkedin
emp_000951,2022-12-31,referral
emp_000952,2021-10-31,recruiter
emp_000953,2025-10-01,company_site
emp_000954,2023-08-01,company_site
emp_000955,2024-07-01,recruiter
emp_000956,2021-12-31,referral
emp_000957,2024-11-30,referral
emp_000958,2022-05-01,university
emp_000959,2023-12-31,referral
emp_000960,2024-01-31,referral
emp_000961,2022-06-01,recruiter
emp_000962,2025-01-30,company_site
emp_000963,2024-05-31,linkedin
emp_000964,2022-04-01,linkedin
emp_000965,2025-06-01,university
emp_000966,2023-07-02,conference
emp_000967,2025-11-30,recruiter
emp_000968,2022-06-01,linkedin
emp_000969,2021-07-01,referral
emp_000970,2022-06-01,referral
emp_000971,2020-03-31,linkedin
emp_000972,2019-10-31,referral
emp_000973,2022-10-01,university
emp_000974,2021-06-01,referral
emp_000975,2023-10-01,recruiter
emp_000976,2022-12-31,recruiter
emp_000977,2016-11-30,recruiter
emp_000978,2025-12-31,referral
emp_000979,2025-08-31,referral
emp_000980,2025-01-30,university
emp_000981,2026-04-01,company_site
emp_000982,2013-12-30,university
emp_000983,2026-07-01,recruiter
emp_000984,2025-08-31,company_site
emp_000985,2023-10-01,company_site
emp_000986,2023-03-02,recruiter
emp_000987,2025-06-01,recruiter
emp_000988,2019-08-01,referral
emp_000989,2025-08-01,recruiter
emp_000990,2025-12-31,company_site
emp_000991,2024-10-31,linkedin
emp_000992,2025-10-31,university
emp_000993,2024-12-31,referral
emp_000994,2022-06-01,linkedin
emp_000995,2025-07-01,recruiter
emp_000996,2024-04-01,referral
emp_000997,2024-09-30,referral
emp_000998,2021-10-31,boomerang
emp_000999,2024-05-01,boomerang
emp_001000,2023-05-02,referral
emp_001001,2023-10-01,boomerang
emp_001002,2024-03-01,company_site
emp_001003,2023-12-01,referral
emp_001004,2025-12-31,company_site
emp_001005,2024-07-01,university
emp_001006,2021-10-31,company_site
emp_001007,2024-09-30,company_site
emp_001008,2026-07-01,linkedin
emp_001009,2024-12-31,university
emp_001010,2026-06-01,recruiter
emp_001011,2024-08-31,recruiter
emp_001012,2024-04-01,linkedin
emp_001013,2022-08-31,referral
emp_001014,2025-06-01,recruiter
emp_001015,2022-05-01,recruiter
emp_001016,2021-11-30,recruiter
emp_001017,2024-03-01,referral
emp_001018,2020-09-30,referral
emp_001019,2024-03-01,linkedin
emp_001020,2025-08-01,recruiter
emp_001021,2025-04-01,referral
emp_001022,2023-01-30,referral
emp_001023,2024-08-31,company_site
emp_001024,2025-03-01,recruiter
emp_001025,2022-06-01,linkedin
emp_001026,2022-08-01,linkedin
emp_001027,2021-06-01,linkedin
emp_001028,2023-03-02,referral
emp_001029,2023-03-02,linkedin
emp_001030,2024-07-01,company_site
emp_001031,2023-10-01,linkedin
emp_001032,2019-08-31,university
emp_001033,2024-05-01,referral
emp_001034,2024-07-01,boomerang
emp_001035,2025-05-01,university
emp_001036,2024-12-31,referral
emp_001037,2024-03-01,university
emp_001038,2020-11-30,referral
emp_001039,2023-12-31,linkedin
emp_001040,2022-04-01,referral
emp_001041,2025-07-01,company_site
emp_001042,2023-12-01,referral
emp_001043,2025-05-01,linkedin
emp_001044,2023-04-01,linkedin
emp_001045,2025-06-01,recruiter
emp_001046,2021-03-01,linkedin
emp_001047,2025-08-01,referral
emp_001048,2022-01-30,referral
emp_001049,2023-12-31,referral
emp_001050,2025-10-01,referral
emp_001051,2016-01-30,referral
emp_001052,2024-09-30,company_site
emp_001053,2018-07-01,recruiter
emp_001054,2010-07-01,boomerang
emp_001055,2020-10-31,linkedin
emp_001056,2023-04-01,company_site
emp_001057,2025-05-01,referral
emp_001058,2023-08-01,university
emp_001059,2023-03-02,company_site
emp_001060,2024-10-31,referral
emp_001061,2026-01-30,linkedin
emp_001062,2023-06-01,linkedin
emp_001063,2022-10-01,company_site
emp_001064,2017-07-01,recruiter
emp_001065,2025-08-31,boomerang
emp_001066,2022-08-01,referral
emp_001067,2023-12-31,referral
emp_001068,2024-08-31,company_site
emp_001069,2015-05-02,company_site
emp_001070,2025-10-31,referral
emp_001071,2019-12-01,recruiter
emp_001072,2023-07-02,recruiter
emp_001073,2021-04-01,recruiter
emp_001074,2023-01-30,referral
emp_001075,2024-03-01,linkedin
emp_001076,2023-10-31,referral
emp_001077,2025-04-01,linkedin
emp_001078,2023-10-31,university
emp_001079,2024-05-31,referral
emp_001080,2025-08-31,linkedin
emp_001081,2026-06-01,university
emp_001082,2024-05-31,linkedin
emp_001083,2024-08-31,linkedin
emp_001084,2022-04-01,recruiter
emp_001085,2025-01-30,university
emp_001086,2025-05-01,linkedin
emp_001087,2014-07-01,linkedin
emp_001088,2021-12-31,linkedin
emp_001089,2014-09-30,referral
emp_001090,2018-03-01,company_site
emp_001091,2024-12-31,university
emp_001092,2024-04-01,conference
emp_001093,2019-06-01,company_site
emp_001094,2023-03-02,referral
emp_001095,2024-01-31,referral
emp_001096,2023-09-01,linkedin
emp_001097,2026-03-02,university
emp_001098,2025-01-30,linkedin
emp_001099,2024-04-01,linkedin
emp_001100,2022-10-31,recruiter
emp_001101,2020-07-31,linkedin
emp_001102,2025-03-01,referral
emp_001103,2025-03-01,company_site
emp_001104,2019-01-30,recruiter
emp_001105,2025-07-01,linkedin
emp_001106,2026-03-02,recruiter
emp_001107,2023-12-01,linkedin
emp_001108,2024-09-30,recruiter
emp_001109,2021-08-31,linkedin
emp_001110,2022-12-01,referral
emp_001111,2024-01-31,linkedin
emp_001112,2023-08-01,university
emp_001113,2024-04-01,university
emp_001114,2024-07-31,linkedin
emp_001115,2025-08-01,linkedin
emp_001116,2025-06-01,referral
emp_001117,2025-08-01,referral
emp_001118,2023-04-01,referral
emp_001119,2025-04-01,recruiter
emp_001120,2023-08-01,referral
emp_001121,2022-06-01,company_site
emp_001122,2018-06-01,referral
emp_001123,2022-12-31,conference
emp_001124,2023-09-01,referral
emp_001125,2022-08-01,recruiter
emp_001126,2023-12-01,linkedin
emp_001127,2025-05-01,linkedin
emp_001128,2025-10-01,referral
emp_001129,2024-11-30,linkedin
emp_001130,2024-08-31,linkedin
emp_001131,2018-10-31,referral
emp_001132,2024-01-31,company_site
emp_001133,2025-12-31,recruiter
emp_001134,2021-09-30,recruiter
emp_001135,2026-05-02,linkedin
emp_001136,2022-10-31,recruiter
emp_001137,2022-10-31,linkedin
emp_001138,2024-07-01,referral
emp_001139,2017-03-01,linkedin
emp_001140,2026-07-01,linkedin
emp_001141,2025-08-31,referral
emp_001142,2024-03-01,referral
emp_001143,2022-03-02,recruiter
emp_001144,2025-03-01,recruiter
emp_001145,2025-08-31,university
emp_001146,2020-11-30,company_site
emp_001147,2023-03-02,referral
emp_001148,2019-08-01,referral
emp_001149,2025-08-31,referral
emp_001150,2025-10-31,recruiter
emp_001151,2024-05-31,boomerang
emp_001152,2018-08-31,referral
emp_001153,2021-03-01,linkedin
emp_001154,2023-10-31,linkedin
emp_001155,2020-01-31,company_site
emp_001156,2021-04-01,linkedin
emp_001157,2023-10-31,university
emp_001158,2017-04-01,recruiter
emp_001159,2025-05-01,referral
emp_001160,2024-05-31,referral
emp_001161,2021-10-31,linkedin
emp_001162,2021-04-01,company_site
emp_001163,2025-06-01,recruiter
emp_001164,2022-07-01,company_site
emp_001165,2024-01-31,company_site
emp_001166,2022-06-01,conference
emp_001167,2025-11-30,linkedin
emp_001168,2025-01-30,recruiter
emp_001169,2023-12-31,linkedin
emp_001170,2023-08-01,recruiter
emp_001171,2024-07-01,linkedin
emp_001172,2022-03-02,referral
emp_001173,2022-08-01,university
emp_001174,2019-12-31,boomerang
emp_001175,2019-03-02,university
emp_001176,2025-08-31,referral
emp_001177,2019-12-31,recruiter
emp_001178,2024-11-30,linkedin
emp_001179,2023-03-02,company_site
emp_001180,2022-07-01,linkedin
emp_001181,2023-01-30,linkedin
emp_001182,2020-03-01,university
emp_001183,2024-07-31,company_site
emp_001184,2025-03-01,referral
emp_001185,2017-04-01,recruiter
emp_001186,2026-03-02,university
emp_001187,2024-07-01,company_site
emp_001188,2025-10-31,recruiter
emp_001189,2021-08-01,company_site
emp_001190,2023-09-01,linkedin
emp_001191,2023-10-31,conference
emp_001192,2022-10-31,linkedin
emp_001193,2024-09-30,university
emp_001194,2025-10-01,conference
emp_001195,2024-07-31,linkedin
emp_001196,2023-12-01,company_site
emp_001197,2020-10-31,company_site
emp_001198,2026-01-30,company_site
emp_001199,2019-12-31,linkedin
emp_001200,2022-08-31,linkedin
emp_001201,2023-05-02,university
emp_001202,2024-08-31,recruiter
emp_001203,2024-11-30,conference
emp_001204,2023-10-31,referral
emp_001205,2025-08-01,referral
emp_001206,2021-01-30,referral
emp_001207,2024-10-31,referral
emp_001208,2022-06-01,university
emp_001209,2024-08-31,recruiter
emp_001210,2026-04-01,recruiter
emp_001211,2023-08-01,linkedin
emp_001212,2020-11-30,recruiter
emp_001213,2024-05-01,referral
emp_001214,2024-11-30,university
emp_001215,2022-08-31,recruiter
emp_001216,2022-06-01,linkedin
emp_001217,2024-01-31,boomerang
emp_001218,2024-09-30,referral
emp_001219,2023-01-30,recruiter
emp_001220,2020-03-01,linkedin
emp_001221,2024-05-01,university
emp_001222,2022-10-31,referral
emp_001223,2024-10-31,referral
emp_001224,2020-05-31,referral
emp_001225,2021-11-30,referral
emp_001226,2025-07-01,referral
emp_001227,2025-10-31,company_site
emp_001228,2024-12-31,referral
emp_001229,2026-03-02,company_site
emp_001230,2025-04-01,referral
emp_001231,2024-04-01,recruiter
emp_001232,2025-04-01,university
emp_001233,2024-04-01,linkedin
emp_001234,2022-10-31,recruiter
emp_001235,2025-12-31,company_site
emp_001236,2024-03-01,university
emp_001237,2022-08-01,boomerang
emp_001238,2023-12-31,referral
emp_001239,2023-05-02,recruiter
emp_001240,2021-03-01,referral
emp_001241,2024-12-31,recruiter
emp_001242,2023-08-01,boomerang
emp_001243,2025-08-01,recruiter
emp_001244,2023-04-01,linkedin
emp_001245,2024-11-30,linkedin
emp_001246,2022-08-01,recruiter
emp_001247,2022-10-01,linkedin
emp_001248,2024-10-31,referral
emp_001249,2025-08-01,linkedin
emp_001250,2024-09-30,referral
emp_001251,2023-01-30,recruiter
emp_001252,2024-04-01,boomerang
emp_001253,2025-07-01,university
emp_001254,2025-04-01,university
emp_001255,2022-06-01,referral
emp_001256,2022-04-01,recruiter
emp_001257,2025-04-01,referral
emp_001258,2022-10-01,linkedin
emp_001259,2025-04-01,referral
emp_001260,2023-12-31,recruiter
emp_001261,2026-01-30,recruiter
emp_001262,2025-08-01,recruiter
emp_001263,2018-06-01,recruiter
emp_001264,2024-08-31,referral
emp_001265,2025-11-30,company_site
emp_001266,2021-03-01,company_site
emp_001267,2022-04-01,university
emp_001268,2023-05-02,conference
emp_001269,2024-04-01,company_site
emp_001270,2025-03-01,conference
emp_001271,2021-08-01,recruiter
emp_001272,2022-08-01,referral
emp_001273,2023-09-01,linkedin
emp_001274,2020-11-30,linkedin
emp_001275,2021-05-01,boomerang
emp_001276,2024-11-30,referral
emp_001277,2024-05-31,referral
emp_001278,2025-03-01,company_site
emp_001279,2025-06-01,referral
emp_001280,2026-01-30,university
emp_001281,2023-07-02,conference
emp_001282,2025-07-01,recruiter
emp_001283,2024-04-01,referral
emp_001284,2025-06-01,linkedin
emp_001285,2024-03-01,boomerang
emp_001286,2021-09-30,recruiter
emp_001287,2025-01-30,recruiter
emp_001288,2026-03-02,referral
emp_001289,2025-06-01,referral
emp_001290,2021-11-30,boomerang
emp_001291,2020-08-31,recruiter
emp_001292,2024-10-31,linkedin
emp_001293,2020-05-31,company_site
emp_001294,2025-12-31,referral
emp_001295,2024-11-30,company_site
emp_001296,2021-10-31,linkedin
emp_001297,2022-04-01,recruiter
emp_001298,2024-05-31,recruiter
emp_001299,2023-08-01,recruiter
emp_001300,2024-10-31,company_site
emp_001301,2025-06-01,boomerang
emp_001302,2024-05-01,linkedin
emp_001303,2020-05-01,linkedin
emp_001304,2019-10-01,recruiter
emp_001305,2023-12-31,referral
emp_001306,2025-08-31,referral
emp_001307,2024-05-01,recruiter
emp_001308,2025-06-01,linkedin
emp_001309,2022-08-01,referral
emp_001310,2025-12-31,conference
emp_001311,2025-08-31,linkedin
emp_001312,2026-03-02,recruiter
emp_001313,2024-08-31,linkedin
emp_001314,2024-10-31,referral
emp_001315,2022-12-31,conference
emp_001316,2024-11-30,referral
emp_001317,2022-10-31,referral
emp_001318,2026-04-01,recruiter
emp_001319,2021-01-30,linkedin
emp_001320,2013-12-30,referral
emp_001321,2023-06-01,referral
emp_001322,2024-12-31,referral
emp_001323,2023-08-01,recruiter
emp_001324,2016-09-30,recruiter
emp_001325,2023-01-30,company_site
emp_001326,2023-10-31,linkedin
emp_001327,2024-03-01,conference
emp_001328,2017-07-31,recruiter
emp_001329,2025-03-01,referral
emp_001330,2024-12-31,recruiter
emp_001331,2025-05-01,referral
emp_001332,2026-01-30,referral
emp_001333,2023-04-01,referral
emp_001334,2022-04-01,conference
emp_001335,2025-08-01,linkedin
emp_001336,2023-07-02,company_site
emp_001337,2021-05-01,recruiter
emp_001338,2025-03-01,recruiter
emp_001339,2024-05-01,company_site
emp_001340,2025-06-01,recruiter
emp_001341,2024-08-31,referral
emp_001342,2020-07-31,recruiter
emp_001343,2024-03-01,university
emp_001344,2023-10-01,linkedin
emp_001345,2021-12-31,university
emp_001346,2022-10-01,referral
emp_001347,2015-08-31,recruiter
emp_001348,2017-08-31,university
emp_001349,2023-07-02,referral
emp_001350,2022-08-31,recruiter
emp_001351,2025-07-01,recruiter
emp_001352,2020-05-01,referral
emp_001353,2018-10-31,referral
emp_001354,2025-06-01,linkedin
emp_001355,2023-07-02,linkedin
emp_001356,2025-04-01,referral
emp_001357,2023-04-01,recruiter
emp_001358,2024-04-01,company_site
emp_001359,2024-03-01,company_site
emp_001360,2024-03-01,linkedin
emp_001361,2024-07-01,company_site
emp_001362,2024-04-01,university
emp_001363,2020-11-30,company_site
emp_001364,2018-03-01,referral
emp_001365,2024-01-31,referral
emp_001366,2022-06-01,referral
emp_001367,2022-10-31,referral
emp_001368,2026-04-01,linkedin
emp_001369,2025-05-01,referral
emp_001370,2024-07-01,referral
emp_001371,2024-09-30,university
emp_001372,2025-10-01,recruiter
emp_001373,2022-10-31,recruiter
emp_001374,2025-05-01,university
emp_001375,2025-06-01,referral
emp_001376,2025-05-01,recruiter
emp_001377,2025-07-01,recruiter
emp_001378,2023-10-31,referral
emp_001379,2021-11-30,referral
emp_001380,2023-01-30,recruiter
emp_001381,2024-04-01,company_site
emp_001382,2021-09-30,company_site
emp_001383,2017-06-01,linkedin
emp_001384,2025-04-01,university
emp_001385,2022-08-01,recruiter
emp_001386,2024-07-01,recruiter
emp_001387,2024-04-01,company_site
emp_001388,2023-08-01,referral
emp_001389,2024-08-31,linkedin
emp_001390,2024-05-01,recruiter
emp_001391,2023-12-31,company_site
emp_001392,2025-10-31,linkedin
emp_001393,2020-09-30,university
emp_001394,2023-08-01,conference
emp_001395,2020-08-31,referral
emp_001396,2014-12-31,linkedin
emp_001397,2020-05-31,company_site
emp_001398,2024-09-30,linkedin
emp_001399,2019-12-31,company_site
emp_001400,2021-11-30,referral
emp_001401,2018-01-30,university
emp_001402,2017-03-01,referral
emp_001403,2022-03-02,company_site
emp_001404,2025-03-01,linkedin
emp_001405,2023-12-31,referral
emp_001406,2025-07-01,recruiter
emp_001407,2022-12-31,linkedin
emp_001408,2023-12-01,recruiter
emp_001409,2021-09-30,referral
emp_001410,2025-08-31,company_site
emp_001411,2025-04-01,linkedin
emp_001412,2021-09-30,referral
emp_001413,2023-10-01,referral
emp_001414,2017-01-30,recruiter
emp_001415,2026-01-30,university
emp_001416,2024-12-31,linkedin
emp_001417,2024-10-31,linkedin
emp_001418,2025-03-01,referral
emp_001419,2025-08-01,referral
emp_001420,2026-04-01,company_site
emp_001421,2014-07-01,recruiter
emp_001422,2024-11-30,linkedin
emp_001423,2024-01-31,conference
emp_001424,2023-01-30,linkedin
emp_001425,2014-10-31,referral
emp_001426,2023-12-31,university
emp_001427,2023-05-02,referral
emp_001428,2021-08-31,referral
emp_001429,2025-08-31,referral
emp_001430,2022-07-01,referral
emp_001431,2025-01-30,referral
emp_001432,2024-09-30,linkedin
emp_001433,2020-12-30,linkedin
emp_001434,2025-08-01,recruiter
emp_001435,2022-04-01,university
emp_001436,2024-04-01,linkedin
emp_001437,2024-04-01,recruiter
emp_001438,2022-06-01,conference
emp_001439,2024-10-31,referral
emp_001440,2023-01-30,conference
emp_001441,2025-06-01,university
emp_001442,2025-01-30,university
emp_001443,2023-06-01,recruiter
emp_001444,2020-03-01,recruiter
emp_001445,2023-01-30,referral
emp_001446,2019-01-30,university
emp_001447,2022-12-31,recruiter
emp_001448,2023-05-02,company_site
emp_001449,2024-07-31,recruiter
emp_001450,2026-06-01,recruiter
emp_001451,2024-04-01,recruiter
emp_001452,2024-05-01,recruiter
emp_001453,2023-07-02,linkedin
emp_001454,2025-07-01,referral
emp_001455,2021-12-31,linkedin
emp_001456,2020-12-30,recruiter
emp_001457,2023-12-01,linkedin
emp_001458,2024-07-31,referral
emp_001459,2022-07-01,referral
emp_001460,2023-12-31,referral
emp_001461,2023-01-30,company_site
emp_001462,2021-06-01,recruiter
emp_001463,2023-12-31,conference
emp_001464,2025-05-01,referral
emp_001465,2025-10-01,referral
emp_001466,2022-08-01,linkedin
emp_001467,2025-04-01,referral
emp_001468,2022-08-31,linkedin
emp_001469,2023-10-01,linkedin
emp_001470,2026-01-30,linkedin
emp_001471,2023-06-01,referral
emp_001472,2020-12-30,linkedin
emp_001473,2025-11-30,recruiter
emp_001474,2025-01-30,referral
emp_001475,2020-11-30,company_site
emp_001476,2015-05-02,recruiter
emp_001477,2024-07-01,university
emp_001478,2025-10-31,linkedin
emp_001479,2026-01-30,boomerang
emp_001480,2024-08-31,recruiter
emp_001481,2024-05-01,company_site
emp_001482,2025-01-30,referral
emp_001483,2025-04-01,referral
emp_001484,2023-05-02,referral
emp_001485,2025-04-01,company_site
emp_001486,2023-09-01,linkedin
emp_001487,2025-11-30,recruiter
emp_001488,2021-07-01,linkedin
emp_001489,2025-06-01,recruiter
emp_001490,2024-09-30,conference
emp_001491,2025-03-01,company_site
emp_001492,2022-07-01,recruiter
emp_001493,2021-05-01,company_site
emp_001494,2023-05-02,linkedin
emp_001495,2021-06-01,referral
emp_001496,2024-03-01,referral
emp_001497,2025-08-31,linkedin
emp_001498,2025-08-01,recruiter
emp_001499,2023-09-01,recruiter
emp_001500,2023-03-02,company_site
emp_001501,2026-07-01,university
emp_001502,2020-11-30,referral
emp_001503,2022-08-01,linkedin
emp_001504,2025-12-31,linkedin
emp_001505,2024-04-01,linkedin
emp_001506,2020-03-01,company_site
emp_001507,2020-03-01,linkedin
emp_001508,2024-07-31,linkedin
emp_001509,2023-10-31,company_site
emp_001510,2023-05-02,linkedin
emp_001511,2022-08-31,referral
emp_001512,2018-10-31,referral
emp_001513,2024-11-30,referral
emp_001514,2020-08-31,referral
emp_001515,2025-07-01,recruiter
emp_001516,2023-12-01,linkedin
emp_001517,2026-05-02,linkedin
emp_001518,2023-07-02,referral
emp_001519,2023-09-01,referral
emp_001520,2022-10-31,referral
emp_001521,2021-10-31,linkedin
emp_001522,2018-10-31,referral
emp_001523,2017-06-01,referral
emp_001524,2026-07-01,linkedin
emp_001525,2024-07-31,referral
emp_001526,2023-09-01,referral
emp_001527,2022-08-31,company_site
emp_001528,2023-01-30,recruiter
emp_001529,2022-05-01,referral
emp_001530,2023-10-31,university
emp_001531,2024-01-31,referral
emp_001532,2025-12-31,recruiter
emp_001533,2025-10-01,referral
emp_001534,2023-10-01,linkedin
emp_001535,2024-01-31,university
emp_001536,2022-08-31,referral
emp_001537,2020-08-31,conference
emp_001538,2024-09-30,referral
emp_001539,2022-12-01,recruiter
emp_001540,2023-10-31,referral
emp_001541,2024-11-30,referral
emp_001542,2025-06-01,university
emp_001543,2025-10-01,referral
emp_001544,2024-03-01,linkedin
emp_001545,2023-10-31,recruiter
emp_001546,2021-11-30,referral
emp_001547,2024-09-30,referral
emp_001548,2024-08-31,linkedin
emp_001549,2025-05-01,company_site
emp_001550,2024-07-01,recruiter
emp_001551,2023-03-02,recruiter
emp_001552,2021-06-01,referral
emp_001553,2021-08-31,referral
emp_001554,2024-05-01,recruiter
emp_001555,2022-12-31,recruiter
emp_001556,2021-11-30,referral
emp_001557,2026-04-01,referral
emp_001558,2023-12-01,linkedin
emp_001559,2024-12-31,recruiter
emp_001560,2025-05-01,recruiter
emp_001561,2025-01-30,recruiter
emp_001562,2018-05-01,company_site
emp_001563,2023-03-02,company_site
emp_001564,2018-05-01,university
emp_001565,2025-04-01,recruiter
emp_001566,2024-09-30,linkedin
emp_001567,2021-06-01,referral
emp_001568,2022-07-01,recruiter
emp_001569,2023-06-01,recruiter
emp_001570,2023-09-01,linkedin
emp_001571,2024-03-01,university
emp_001572,2021-08-01,referral
emp_001573,2021-06-01,referral
emp_001574,2023-06-01,referral
emp_001575,2021-01-30,university
emp_001576,2023-10-31,recruiter
emp_001577,2023-08-01,referral
emp_001578,2025-08-01,company_site
emp_001579,2024-04-01,referral
emp_001580,2024-10-31,university
emp_001581,2023-12-01,university
emp_001582,2024-11-30,referral
emp_001583,2021-09-30,linkedin
emp_001584,2024-11-30,recruiter
emp_001585,2024-10-31,recruiter
emp_001586,2024-10-31,boomerang
emp_001587,2018-05-01,linkedin
emp_001588,2025-12-31,linkedin
emp_001589,2025-04-01,referral
emp_001590,2021-05-01,recruiter
emp_001591,2018-12-31,company_site
emp_001592,2016-05-01,university
emp_001593,2025-08-01,referral
emp_001594,2024-10-31,referral
emp_001595,2025-08-31,linkedin
emp_001596,2022-05-01,university
emp_001597,2021-06-01,university
emp_001598,2025-11-30,referral
emp_001599,2022-10-01,referral
emp_001600,2020-11-30,linkedin
emp_001601,2025-05-01,company_site
emp_001602,2021-03-01,boomerang
emp_001603,2023-10-31,referral
emp_001604,2023-04-01,recruiter
emp_001605,2021-04-01,referral
emp_001606,2024-05-31,recruiter
emp_001607,2022-12-01,referral
emp_001608,2025-07-01,university
emp_001609,2024-04-01,linkedin
emp_001610,2023-03-02,recruiter
emp_001611,2015-07-01,linkedin
emp_001612,2022-04-01,recruiter
emp_001613,2020-12-30,company_site
emp_001614,2023-12-01,referral
emp_001615,2023-12-01,company_site
emp_001616,2024-01-31,recruiter
emp_001617,2022-10-31,company_site
emp_001618,2024-08-31,conference
emp_001619,2025-01-30,linkedin
emp_001620,2025-03-01,boomerang
emp_001621,2022-07-01,company_site
emp_001622,2025-04-01,recruiter
emp_001623,2024-01-31,referral
emp_001624,2023-10-31,company_site
emp_001625,2022-08-31,conference
emp_001626,2024-03-01,university
emp_001627,2024-05-31,linkedin
emp_001628,2023-10-01,recruiter
emp_001629,2021-04-01,recruiter
emp_001630,2022-12-31,linkedin
emp_001631,2024-07-01,referral
emp_001632,2024-05-31,linkedin
emp_001633,2023-12-01,recruiter
emp_001634,2025-07-01,conference
emp_001635,2023-01-30,linkedin
emp_001636,2025-05-01,company_site
emp_001637,2025-04-01,linkedin
emp_001638,2025-10-01,linkedin
emp_001639,2025-08-01,referral
emp_001640,2025-03-01,recruiter
emp_001641,2024-04-01,linkedin
emp_001642,2026-03-02,linkedin
emp_001643,2023-12-01,university
emp_001644,2023-08-01,linkedin
emp_001645,2025-08-01,recruiter
emp_001646,2021-08-01,company_site
emp_001647,2023-07-02,conference
emp_001648,2023-05-02,referral
emp_001649,2023-12-01,conference
emp_001650,2023-05-02,referral
emp_001651,2023-12-01,referral
emp_001652,2025-08-31,referral
emp_001653,2025-10-01,recruiter
emp_001654,2021-03-01,referral
emp_001655,2025-06-01,university
emp_001656,2023-04-01,referral
emp_001657,2022-03-02,linkedin
emp_001658,2024-10-31,boomerang
emp_001659,2023-07-02,referral
emp_001660,2025-05-01,recruiter
emp_001661,2025-12-31,linkedin
emp_001662,2025-08-01,recruiter
emp_001663,2021-11-30,university
emp_001664,2024-03-01,university
emp_001665,2022-08-01,recruiter
emp_001666,2021-10-31,recruiter
emp_001667,2023-05-02,company_site
emp_001668,2021-11-30,linkedin
emp_001669,2025-05-01,linkedin
emp_001670,2024-07-31,company_site
emp_001671,2023-03-02,linkedin
emp_001672,2024-07-31,referral
emp_001673,2024-03-01,recruiter
emp_001674,2024-03-01,university
emp_001675,2023-08-01,referral
emp_001676,2020-08-31,recruiter
emp_001677,2026-04-01,recruiter
emp_001678,2025-08-31,linkedin
emp_001679,2025-05-01,referral
emp_001680,2023-04-01,recruiter
emp_001681,2020-11-30,company_site
emp_001682,2024-07-01,linkedin
emp_001683,2021-01-30,referral
emp_001684,2022-12-01,referral
emp_001685,2022-12-31,linkedin
emp_001686,2023-09-01,conference
emp_001687,2020-05-31,linkedin
emp_001688,2018-11-30,company_site
emp_001689,2024-07-31,university
emp_001690,2023-10-31,boomerang
emp_001691,2024-07-01,university
emp_001692,2023-08-01,referral
emp_001693,2023-05-02,referral
emp_001694,2016-12-30,company_site
emp_001695,2023-08-01,linkedin
emp_001696,2026-07-01,conference
emp_001697,2025-06-01,conference
emp_001698,2024-03-01,referral
emp_001699,2024-01-31,university
emp_001700,2024-05-31,recruiter
emp_001701,2023-10-01,linkedin
emp_001702,2025-08-31,company_site
emp_001703,2025-04-01,recruiter
emp_001704,2024-01-31,referral
emp_001705,2019-10-31,referral
emp_001706,2024-12-31,referral
emp_001707,2024-05-01,university
emp_001708,2023-09-01,referral
emp_001709,2018-12-31,referral
emp_001710,2022-06-01,linkedin
emp_001711,2020-12-30,linkedin
emp_001712,2021-11-30,university
emp_001713,2012-10-30,referral
emp_001714,2022-05-01,linkedin
emp_001715,2023-08-01,company_site
emp_001716,2024-11-30,referral
emp_001717,2024-07-31,university
emp_001718,2024-07-31,referral
emp_001719,2023-04-01,linkedin
emp_001720,2022-12-31,company_site
emp_001721,2019-06-01,company_site
emp_001722,2024-07-31,referral
emp_001723,2024-05-31,referral
emp_001724,2024-11-30,linkedin
emp_001725,2024-05-31,referral
emp_001726,2024-03-01,recruiter
emp_001727,2023-09-01,linkedin
emp_001728,2025-03-01,boomerang
emp_001729,2025-11-30,linkedin
emp_001730,2023-10-31,university
emp_001731,2025-07-01,company_site
emp_001732,2024-09-30,recruiter
emp_001733,2023-12-01,conference
emp_001734,2019-10-31,referral
emp_001735,2016-11-30,linkedin
emp_001736,2024-10-31,recruiter
emp_001737,2025-12-31,company_site
emp_001738,2023-03-02,recruiter
emp_001739,2025-04-01,university
emp_001740,2024-05-31,linkedin
emp_001741,2024-07-31,recruiter
emp_001742,2024-03-01,referral
emp_001743,2024-12-31,university
emp_001744,2025-11-30,referral
emp_001745,2023-03-02,boomerang
emp_001746,2023-07-02,referral
emp_001747,2022-12-31,referral
emp_001748,2025-08-31,recruiter
emp_001749,2025-05-01,referral
emp_001750,2024-07-01,recruiter
emp_001751,2025-12-31,referral
emp_001752,2025-08-01,referral
emp_001753,2022-06-01,linkedin
emp_001754,2022-05-01,company_site
emp_001755,2023-05-02,linkedin
emp_001756,2026-01-30,referral
emp_001757,2020-05-31,linkedin
emp_001758,2025-12-31,company_site
emp_001759,2025-12-31,company_site
emp_001760,2023-04-01,company_site
emp_001761,2023-12-31,referral
emp_001762,2021-11-30,referral
emp_001763,2023-03-02,referral
emp_001764,2025-12-31,referral
emp_001765,2022-12-31,linkedin
emp_001766,2026-04-01,company_site
emp_001767,2024-11-30,company_site
emp_001768,2024-05-01,referral
emp_001769,2024-03-01,linkedin
emp_001770,2026-03-02,referral
emp_001771,2025-03-01,company_site
emp_001772,2012-07-01,referral
emp_001773,2021-08-31,company_site
emp_001774,2025-10-31,linkedin
emp_001775,2023-04-01,recruiter
emp_001776,2025-12-31,referral
emp_001777,2023-08-01,recruiter
emp_001778,2026-03-02,linkedin
emp_001779,2024-01-31,recruiter
emp_001780,2024-11-30,referral
emp_001781,2025-11-30,conference
emp_001782,2022-07-01,referral
emp_001783,2025-03-01,company_site
emp_001784,2024-01-31,university
emp_001785,2023-10-01,university
emp_001786,2025-11-30,referral
emp_001787,2023-12-31,linkedin
emp_001788,2020-03-01,referral
emp_001789,2023-08-01,linkedin
emp_001790,2024-11-30,recruiter
emp_001791,2021-10-31,linkedin
emp_001792,2025-04-01,company_site
emp_001793,2026-07-01,recruiter
emp_001794,2025-10-31,recruiter
emp_001795,2023-05-02,company_site
emp_001796,2024-07-01,recruiter
emp_001797,2024-07-01,company_site
emp_001798,2024-12-31,linkedin
emp_001799,2025-12-31,recruiter
emp_001800,2025-08-31,university
emp_001801,2023-12-01,linkedin
emp_001802,2024-04-01,linkedin
emp_001803,2026-04-01,conference
emp_001804,2025-07-01,conference
emp_001805,2019-10-01,linkedin
emp_001806,2023-08-01,university
emp_001807,2025-10-01,recruiter
emp_001808,2024-07-31,referral
emp_001809,2022-07-01,company_site
emp_001810,2021-01-30,company_site
emp_001811,2023-10-01,referral
emp_001812,2023-12-31,linkedin
emp_001813,2021-05-01,recruiter
emp_001814,2023-10-01,referral
emp_001815,2020-12-30,referral
emp_001816,2019-12-31,recruiter
emp_001817,2024-04-01,recruiter
emp_001818,2023-12-01,linkedin
emp_001819,2021-08-01,recruiter
emp_001820,2025-11-30,recruiter
emp_001821,2025-08-01,university
emp_001822,2024-12-31,company_site
emp_001823,2020-05-31,referral
emp_001824,2025-10-31,referral
emp_001825,2024-05-31,referral
emp_001826,2025-07-01,boomerang
emp_001827,2024-08-31,linkedin
emp_001828,2023-12-01,referral
emp_001829,2023-04-01,boomerang
emp_001830,2024-05-31,recruiter
emp_001831,2025-10-31,referral
emp_001832,2023-10-31,conference
emp_001833,2024-09-30,boomerang
emp_001834,2023-06-01,recruiter
emp_001835,2023-10-01,linkedin
emp_001836,2024-05-31,company_site
emp_001837,2025-10-01,linkedin
emp_001838,2024-12-31,referral
emp_001839,2024-09-30,recruiter
emp_001840,2024-05-31,recruiter
emp_001841,2024-12-31,recruiter
emp_001842,2022-10-31,university
emp_001843,2024-07-31,company_site
emp_001844,2024-10-31,conference
emp_001845,2021-09-30,referral
emp_001846,2018-11-30,referral
emp_001847,2024-05-01,recruiter
emp_001848,2023-09-01,referral
emp_001849,2019-10-31,referral
emp_001850,2023-09-01,recruiter
emp_001851,2024-07-31,linkedin
emp_001852,2022-03-02,referral
emp_001853,2024-07-01,linkedin
emp_001854,2025-07-01,recruiter
emp_001855,2022-05-01,referral
emp_001856,2025-10-31,referral
emp_001857,2024-04-01,recruiter
emp_001858,2024-08-31,company_site
emp_001859,2024-12-31,linkedin
emp_001860,2021-09-30,linkedin
emp_001861,2022-12-01,recruiter
emp_001862,2022-04-01,university
emp_001863,2024-12-31,company_site
emp_001864,2024-07-31,recruiter
emp_001865,2023-09-01,linkedin
emp_001866,2025-04-01,conference
emp_001867,2023-06-01,linkedin
emp_001868,2024-04-01,referral
emp_001869,2024-11-30,referral
emp_001870,2021-11-30,linkedin
emp_001871,2024-05-31,linkedin
emp_001872,2022-10-31,university
emp_001873,2023-01-30,referral
emp_001874,2025-10-01,conference
emp_001875,2020-07-01,referral
emp_001876,2024-10-31,recruiter
emp_001877,2023-06-01,company_site
emp_001878,2022-05-01,recruiter
emp_001879,2024-05-31,recruiter
emp_001880,2025-04-01,company_site
emp_001881,2024-04-01,referral
emp_001882,2023-10-01,company_site
emp_001883,2024-11-30,recruiter
emp_001884,2020-03-01,recruiter
emp_001885,2025-10-31,university
emp_001886,2022-05-01,recruiter
emp_001887,2023-12-31,linkedin
emp_001888,2024-05-31,recruiter
emp_001889,2023-01-30,conference
emp_001890,2019-10-01,recruiter
emp_001891,2024-11-30,company_site
emp_001892,2023-12-01,recruiter
emp_001893,2024-08-31,recruiter
emp_001894,2022-10-31,company_site
emp_001895,2023-08-01,linkedin
emp_001896,2023-09-01,referral
emp_001897,2024-11-30,company_site
emp_001898,2022-12-31,referral
emp_001899,2021-07-01,referral
emp_001900,2023-10-01,referral
emp_001901,2025-03-01,company_site
emp_001902,2022-12-01,recruiter
emp_001903,2025-04-01,recruiter
emp_001904,2024-07-01,recruiter
emp_001905,2025-05-01,recruiter
emp_001906,2022-10-31,university
emp_001907,2023-10-31,linkedin
emp_001908,2023-06-01,linkedin
emp_001909,2021-08-01,linkedin
emp_001910,2024-04-01,linkedin
emp_001911,2023-08-01,recruiter
emp_001912,2025-05-01,linkedin
emp_001913,2023-08-01,university
emp_001914,2025-01-30,university
emp_001915,2024-05-01,company_site
emp_001916,2024-11-30,recruiter
emp_001917,2024-07-01,linkedin
emp_001918,2024-09-30,linkedin
emp_001919,2025-04-01,referral
emp_001920,2022-10-31,company_site
emp_001921,2025-08-01,linkedin
emp_001922,2024-11-30,company_site
emp_001923,2019-07-02,referral
emp_001924,2025-05-01,referral
emp_001925,2025-10-31,referral
emp_001926,2021-04-01,linkedin
emp_001927,2023-06-01,recruiter
emp_001928,2024-11-30,linkedin
emp_001929,2025-10-01,recruiter
emp_001930,2014-09-30,company_site
emp_001931,2018-06-01,conference
emp_001932,2024-10-31,referral
emp_001933,2024-07-01,referral
emp_001934,2021-10-31,recruiter
emp_001935,2023-10-31,university
emp_001936,2021-12-31,recruiter
emp_001937,2025-11-30,referral
emp_001938,2022-08-31,recruiter
emp_001939,2023-08-01,referral
emp_001940,2022-12-31,university
emp_001941,2021-04-01,boomerang
emp_001942,2026-07-01,referral
emp_001943,2022-04-01,referral
emp_001944,2024-09-30,referral
emp_001945,2024-07-31,referral
emp_001946,2023-09-01,recruiter
emp_001947,2024-05-01,referral
emp_001948,2016-10-30,recruiter
emp_001949,2026-05-02,referral
emp_001950,2023-10-01,referral
emp_001951,2021-06-01,linkedin
emp_001952,2024-07-31,company_site
emp_001953,2024-01-31,recruiter
emp_001954,2022-10-31,referral
emp_001955,2025-01-30,recruiter
emp_001956,2023-10-31,referral
emp_001957,2024-08-31,linkedin
emp_001958,2024-04-01,boomerang
emp_001959,2023-07-02,referral
emp_001960,2023-12-01,recruiter
emp_001961,2024-11-30,linkedin
emp_001962,2022-10-01,referral
emp_001963,2024-04-01,linkedin
emp_001964,2023-12-31,linkedin
emp_001965,2022-05-01,recruiter
emp_001966,2024-08-31,company_site
emp_001967,2024-03-01,linkedin
emp_001968,2022-08-01,university
emp_001969,2023-12-01,referral
emp_001970,2023-09-01,linkedin
emp_001971,2021-11-30,recruiter
emp_001972,2025-07-01,recruiter
emp_001973,2025-01-30,linkedin
emp_001974,2021-01-30,linkedin
emp_001975,2023-06-01,boomerang
emp_001976,2022-12-31,company_site
emp_001977,2021-04-01,referral
emp_001978,2021-12-31,recruiter
emp_001979,2025-10-31,referral
emp_001980,2025-05-01,recruiter
emp_001981,2025-04-01,referral
emp_001982,2023-04-01,referral
emp_001983,2024-07-31,university
emp_001984,2024-03-01,linkedin
emp_001985,2024-08-31,referral
emp_001986,2022-06-01,university
emp_001987,2024-12-31,referral
emp_001988,2024-03-01,referral
emp_001989,2017-11-30,referral
emp_001990,2021-06-01,linkedin
emp_001991,2025-06-01,recruiter
emp_001992,2022-12-01,referral
emp_001993,2024-05-31,linkedin
emp_001994,2025-12-31,referral
emp_001995,2023-03-02,referral
emp_001996,2026-07-01,recruiter
emp_001997,2017-04-01,linkedin
emp_001998,2023-08-01,referral
emp_001999,2025-05-01,referral
emp_002000,2025-08-31,university
emp_002001,2024-12-31,recruiter
emp_002002,2025-11-30,university
emp_002003,2025-08-31,linkedin
emp_002004,2024-12-31,recruiter
emp_002005,2026-05-02,referral
emp_002006,2021-10-31,linkedin
emp_002007,2023-05-02,referral
emp_002008,2023-08-01,referral
emp_002009,2019-01-30,linkedin
emp_002010,2026-04-01,company_site
emp_002011,2023-10-31,linkedin
emp_002012,2023-01-30,recruiter
emp_002013,2026-05-02,referral
emp_002014,2024-03-01,recruiter
emp_002015,2020-03-01,boomerang
emp_002016,2024-05-31,recruiter
emp_002017,2024-10-31,recruiter
emp_002018,2024-03-01,company_site
emp_002019,2023-05-02,recruiter
emp_002020,2024-07-01,company_site
emp_002021,2025-08-01,company_site
emp_002022,2024-10-31,recruiter
emp_002023,2026-04-01,referral
emp_002024,2026-07-01,company_site
emp_002025,2022-08-01,referral
emp_002026,2025-07-01,linkedin
emp_002027,2025-12-31,referral
emp_002028,2023-05-02,linkedin
emp_002029,2024-01-31,conference
emp_002030,2022-06-01,referral
emp_002031,2024-07-01,referral
emp_002032,2023-12-01,linkedin
emp_002033,2025-10-31,referral
emp_002034,2024-09-30,referral
emp_002035,2025-03-01,university
emp_002036,2024-07-01,linkedin
emp_002037,2021-04-01,referral
emp_002038,2024-01-31,recruiter
emp_002039,2024-01-31,company_site
emp_002040,2021-11-30,company_site
emp_002041,2023-07-02,recruiter
emp_002042,2023-05-02,recruiter
emp_002043,2020-03-01,referral
emp_002044,2022-10-31,recruiter
emp_002045,2024-05-01,university
emp_002046,2025-07-01,linkedin
emp_002047,2024-07-01,recruiter
emp_002048,2025-03-01,university
emp_002049,2021-09-30,boomerang
emp_002050,2020-03-01,linkedin
emp_002051,2025-08-01,recruiter
emp_002052,2022-12-31,recruiter
emp_002053,2024-07-31,linkedin
emp_002054,2019-07-02,university
emp_002055,2025-05-01,referral
emp_002056,2025-04-01,company_site
emp_002057,2025-01-30,linkedin
emp_002058,2025-03-01,recruiter
emp_002059,2024-05-31,linkedin
emp_002060,2023-10-31,company_site
emp_002061,2024-05-31,conference
emp_002062,2024-03-01,linkedin
emp_002063,2022-04-01,conference
emp_002064,2025-10-31,recruiter
emp_002065,2020-03-01,recruiter
emp_002066,2024-11-30,university
emp_002067,2019-05-02,referral
emp_002068,2022-06-01,linkedin
emp_002069,2026-07-01,university
emp_002070,2017-09-30,company_site
emp_002071,2022-10-31,recruiter
emp_002072,2016-05-31,recruiter
emp_002073,2022-04-01,referral
emp_002074,2024-07-31,recruiter
emp_002075,2025-01-30,referral
emp_002076,2023-12-01,recruiter
emp_002077,2024-07-31,university
emp_002078,2022-08-31,referral
emp_002079,2022-12-01,university
emp_002080,2024-07-01,university
emp_002081,2020-08-31,linkedin
emp_002082,2021-11-30,company_site
emp_002083,2023-10-31,referral
emp_002084,2024-01-31,referral
emp_002085,2025-08-31,recruiter
emp_002086,2022-12-01,linkedin
emp_002087,2021-11-30,referral
emp_002088,2022-12-31,company_site
emp_002089,2025-11-30,linkedin
emp_002090,2019-05-02,referral
emp_002091,2024-09-30,referral
emp_002092,2023-04-01,conference
emp_002093,2024-09-30,company_site
emp_002094,2025-01-30,referral
emp_002095,2023-09-01,linkedin
emp_002096,2023-12-01,recruiter
emp_002097,2021-08-31,linkedin
emp_002098,2025-10-31,boomerang
emp_002099,2025-01-30,company_site
emp_002100,2024-10-31,linkedin
emp_002101,2023-10-31,linkedin
emp_002102,2023-01-30,linkedin
emp_002103,2023-10-01,recruiter
emp_002104,2020-01-31,referral
emp_002105,2023-12-01,referral
emp_002106,2024-11-30,company_site
emp_002107,2024-03-01,recruiter
emp_002108,2022-05-01,referral
emp_002109,2024-07-01,recruiter
emp_002110,2025-04-01,referral
emp_002111,2024-07-31,company_site
emp_002112,2025-08-31,university
emp_002113,2024-12-31,referral
emp_002114,2024-05-31,linkedin
emp_002115,2024-03-01,company_site
emp_002116,2021-03-01,boomerang
emp_002117,2024-07-31,linkedin
emp_002118,2022-03-02,referral
emp_002119,2022-01-30,linkedin
emp_002120,2026-07-01,recruiter
emp_002121,2021-08-31,referral
emp_002122,2024-09-30,recruiter
emp_002123,2024-04-01,company_site
emp_002124,2026-04-01,company_site
emp_002125,2024-12-31,linkedin
emp_002126,2023-07-02,referral
emp_002127,2015-06-01,company_site
emp_002128,2023-10-01,referral
emp_002129,2024-04-01,university
emp_002130,2025-05-01,university
emp_002131,2025-04-01,company_site
emp_002132,2023-12-31,referral
emp_002133,2025-06-01,recruiter
emp_002134,2024-05-31,linkedin
emp_002135,2023-12-31,linkedin
emp_002136,2024-12-31,company_site
emp_002137,2022-12-01,recruiter
emp_002138,2022-08-31,conference
emp_002139,2022-06-01,linkedin
emp_002140,2024-12-31,recruiter
emp_002141,2024-11-30,company_site
emp_002142,2023-10-01,referral
emp_002143,2025-11-30,conference
emp_002144,2025-04-01,recruiter
emp_002145,2024-01-31,recruiter
emp_002146,2025-01-30,conference
emp_002147,2026-04-01,university
emp_002148,2022-10-01,company_site
emp_002149,2024-04-01,university
emp_002150,2025-08-31,linkedin
emp_002151,2022-12-01,linkedin
emp_002152,2024-07-01,recruiter
emp_002153,2024-09-30,recruiter
emp_002154,2021-06-01,linkedin
emp_002155,2023-03-02,linkedin
emp_002156,2022-10-31,linkedin
emp_002157,2022-10-01,referral
emp_002158,2023-10-01,university
emp_002159,2024-10-31,recruiter
emp_002160,2022-08-01,company_site
emp_002161,2023-12-01,recruiter
emp_002162,2023-12-01,company_site
emp_002163,2024-07-01,linkedin
emp_002164,2025-07-01,referral
emp_002165,2024-07-31,linkedin
emp_002166,2023-05-02,recruiter
emp_002167,2026-04-01,university
emp_002168,2024-10-31,recruiter
emp_002169,2025-10-01,referral
emp_002170,2024-09-30,university
emp_002171,2026-04-01,referral
emp_002172,2025-03-01,linkedin
emp_002173,2020-07-01,boomerang
emp_002174,2025-12-31,linkedin
emp_002175,2023-07-02,conference
emp_002176,2022-04-01,referral
emp_002177,2025-08-01,referral
emp_002178,2023-10-01,referral
emp_002179,2025-05-01,company_site
emp_002180,2025-05-01,university
emp_002181,2026-03-02,recruiter
emp_002182,2025-08-01,recruiter
emp_002183,2025-11-30,company_site
emp_002184,2022-07-01,recruiter
emp_002185,2021-11-30,conference
emp_002186,2023-12-01,linkedin
emp_002187,2014-09-30,university
emp_002188,2024-11-30,recruiter
emp_002189,2024-08-31,referral
emp_002190,2024-07-31,boomerang
emp_002191,2024-11-30,company_site
emp_002192,2021-09-30,conference
emp_002193,2022-10-01,linkedin
emp_002194,2021-10-31,company_site
emp_002195,2024-07-31,company_site
emp_002196,2013-10-31,recruiter
emp_002197,2022-08-31,referral
emp_002198,2021-06-01,referral
emp_002199,2024-01-31,recruiter
emp_002200,2024-08-31,company_site
emp_002201,2023-06-01,linkedin
emp_002202,2023-07-02,company_site
emp_002203,2023-12-01,referral
emp_002204,2023-10-31,recruiter
emp_002205,2024-09-30,recruiter
emp_002206,2022-01-30,university
emp_002207,2023-10-01,company_site
emp_002208,2019-01-30,referral
emp_002209,2018-04-01,linkedin
emp_002210,2013-03-01,company_site
emp_002211,2021-11-30,linkedin
emp_002212,2025-06-01,linkedin
emp_002213,2025-07-01,linkedin
emp_002214,2019-04-01,company_site
emp_002215,2024-05-01,university
emp_002216,2016-01-30,recruiter
emp_002217,2023-04-01,conference
emp_002218,2020-01-31,boomerang
emp_002219,2022-08-01,linkedin
emp_002220,2023-10-31,referral
emp_002221,2025-08-01,linkedin
emp_002222,2024-10-31,referral
emp_002223,2024-04-01,referral
emp_002224,2023-08-01,company_site
emp_002225,2022-05-01,linkedin
emp_002226,2023-09-01,university
emp_002227,2025-11-30,recruiter
emp_002228,2023-05-02,university
emp_002229,2025-03-01,referral
emp_002230,2025-06-01,recruiter
emp_002231,2024-03-01,linkedin
emp_002232,2026-04-01,recruiter
emp_002233,2024-10-31,referral
emp_002234,2022-07-01,referral
emp_002235,2022-08-01,university
emp_002236,2025-04-01,company_site
emp_002237,2022-12-01,university
emp_002238,2025-04-01,referral
emp_002239,2020-12-30,linkedin
emp_002240,2023-12-31,company_site
emp_002241,2023-10-31,linkedin
emp_002242,2025-04-01,recruiter
emp_002243,2024-07-01,conference
emp_002244,2023-08-01,referral
emp_002245,2025-03-01,linkedin
emp_002246,2020-07-31,recruiter
emp_002247,2023-07-02,linkedin
emp_002248,2022-01-30,boomerang
emp_002249,2025-05-01,recruiter
emp_002250,2024-12-31,company_site
emp_002251,2023-08-01,recruiter
emp_002252,2019-04-01,referral
emp_002253,2024-12-31,linkedin
emp_002254,2023-09-01,referral
emp_002255,2025-12-31,referral
emp_002256,2024-12-31,linkedin
emp_002257,2026-04-01,company_site
emp_002258,2024-01-31,recruiter
emp_002259,2023-10-31,linkedin
emp_002260,2025-08-31,linkedin
emp_002261,2021-01-30,recruiter
emp_002262,2023-08-01,company_site
emp_002263,2022-10-01,linkedin
emp_002264,2020-08-31,referral
emp_002265,2024-03-01,linkedin
emp_002266,2021-10-31,company_site
emp_002267,2015-05-02,university
emp_002268,2025-05-01,linkedin
emp_002269,2024-10-31,referral
emp_002270,2022-08-01,recruiter
emp_002271,2024-07-31,referral
emp_002272,2024-04-01,linkedin
emp_002273,2023-08-01,linkedin
emp_002274,2025-10-01,referral
emp_002275,2025-10-01,university
emp_002276,2024-08-31,referral
emp_002277,2024-11-30,boomerang
emp_002278,2024-07-31,boomerang
emp_002279,2024-10-31,conference
emp_002280,2024-09-30,linkedin
emp_002281,2021-11-30,referral
emp_002282,2019-03-02,linkedin
emp_002283,2018-08-01,company_site
emp_002284,2023-05-02,linkedin
emp_002285,2022-06-01,linkedin
emp_002286,2024-12-31,company_site
emp_002287,2021-11-30,company_site
emp_002288,2023-06-01,referral
emp_002289,2024-04-01,referral
emp_002290,2025-11-30,company_site
emp_002291,2018-11-30,recruiter
emp_002292,2022-12-01,university
emp_002293,2025-03-01,university
emp_002294,2023-08-01,recruiter
emp_002295,2025-10-31,university
emp_002296,2025-11-30,company_site
emp_002297,2024-03-01,referral
emp_002298,2021-09-30,recruiter
emp_002299,2023-08-01,university
emp_002300,2025-04-01,recruiter
emp_002301,2023-05-02,company_site
emp_002302,2023-05-02,company_site
emp_002303,2023-09-01,university
emp_002304,2025-06-01,linkedin
emp_002305,2023-03-02,company_site
emp_002306,2025-05-01,linkedin
emp_002307,2022-04-01,linkedin
emp_002308,2022-12-31,referral
emp_002309,2025-01-30,company_site
emp_002310,2025-10-01,linkedin
emp_002311,2025-11-30,recruiter
emp_002312,2023-10-01,referral
emp_002313,2023-09-01,university
emp_002314,2025-10-01,linkedin
emp_002315,2018-12-31,company_site
emp_002316,2024-07-31,boomerang
emp_002317,2020-09-30,university
emp_002318,2024-03-01,referral
emp_002319,2018-06-01,linkedin
emp_002320,2024-07-31,company_site
emp_002321,2022-10-01,conference
emp_002322,2011-08-31,linkedin
emp_002323,2024-07-01,linkedin
emp_002324,2025-05-01,referral
emp_002325,2025-07-01,referral
emp_002326,2024-01-31,linkedin
emp_002327,2023-08-01,referral
emp_002328,2025-05-01,recruiter
emp_002329,2018-05-01,referral
emp_002330,2024-05-31,referral
emp_002331,2021-10-31,referral
emp_002332,2024-05-31,recruiter
emp_002333,2025-01-30,linkedin
emp_002334,2025-08-31,referral
emp_002335,2019-12-01,referral
emp_002336,2023-12-31,referral
emp_002337,2022-04-01,university
emp_002338,2024-07-01,referral
emp_002339,2017-07-01,university
emp_002340,2022-08-01,recruiter
emp_002341,2025-11-30,recruiter
emp_002342,2023-03-02,referral
emp_002343,2024-07-01,referral
emp_002344,2025-11-30,company_site
emp_002345,2023-01-30,company_site
emp_002346,2023-04-01,recruiter
emp_002347,2022-10-31,linkedin
emp_002348,2024-11-30,recruiter
emp_002349,2025-06-01,referral
emp_002350,2024-07-31,university
emp_002351,2023-04-01,company_site
emp_002352,2023-01-30,referral
emp_002353,2014-03-01,company_site
emp_002354,2021-11-30,company_site
emp_002355,2023-05-02,boomerang
emp_002356,2023-10-01,conference
emp_002357,2017-10-31,company_site
emp_002358,2022-08-31,linkedin
emp_002359,2024-05-31,recruiter
emp_002360,2023-10-01,linkedin
emp_002361,2023-10-31,university
emp_002362,2024-09-30,linkedin
emp_002363,2025-06-01,linkedin
emp_002364,2025-06-01,referral
emp_002365,2024-05-01,linkedin
emp_002366,2024-08-31,recruiter
emp_002367,2019-08-01,recruiter
emp_002368,2022-10-31,linkedin
emp_002369,2026-03-02,company_site
emp_002370,2024-10-31,company_site
emp_002371,2024-10-31,referral
emp_002372,2023-10-01,company_site
emp_002373,2024-04-01,recruiter
emp_002374,2025-05-01,linkedin
emp_002375,2023-12-31,recruiter
emp_002376,2023-12-01,company_site
emp_002377,2023-12-01,recruiter
emp_002378,2025-11-30,referral
emp_002379,2024-04-01,company_site
emp_002380,2016-10-30,referral
emp_002381,2023-06-01,referral
emp_002382,2022-01-30,referral
emp_002383,2015-04-01,company_site
emp_002384,2025-08-31,recruiter
emp_002385,2024-09-30,linkedin
emp_002386,2024-11-30,recruiter
emp_002387,2022-01-30,linkedin
emp_002388,2023-10-01,boomerang
emp_002389,2025-03-01,recruiter
emp_002390,2025-11-30,linkedin
emp_002391,2023-10-01,linkedin
emp_002392,2023-03-02,recruiter
emp_002393,2018-10-31,conference
emp_002394,2023-10-31,company_site
emp_002395,2023-12-31,recruiter
emp_002396,2017-10-31,boomerang
emp_002397,2021-03-01,company_site
emp_002398,2025-12-31,referral
emp_002399,2024-03-01,referral
emp_002400,2026-07-01,referral
emp_002401,2022-10-01,referral
emp_002402,2021-10-31,conference
emp_002403,2025-08-31,recruiter
emp_002404,2024-12-31,recruiter
emp_002405,2025-11-30,linkedin
emp_002406,2023-03-02,recruiter
emp_002407,2023-10-01,linkedin
emp_002408,2024-11-30,conference
emp_002409,2025-08-31,university
emp_002410,2019-05-02,recruiter
emp_002411,2023-12-01,referral
emp_002412,2019-08-01,recruiter
emp_002413,2024-08-31,recruiter
emp_002414,2023-03-02,company_site
emp_002415,2024-07-01,referral
emp_002416,2024-09-30,referral
emp_002417,2025-08-31,company_site
emp_002418,2023-04-01,referral
emp_002419,2025-04-01,company_site
emp_002420,2025-07-01,recruiter
emp_002421,2025-08-01,university
emp_002422,2024-12-31,referral
emp_002423,2021-08-31,linkedin
emp_002424,2024-10-31,referral
emp_002425,2023-06-01,referral
emp_002426,2025-01-30,referral
emp_002427,2024-08-31,recruiter
emp_002428,2024-07-01,recruiter
emp_002429,2024-03-01,company_site
emp_002430,2023-08-01,referral
emp_002431,2020-01-31,university
emp_002432,2025-04-01,linkedin
emp_002433,2024-09-30,boomerang
emp_002434,2024-08-31,company_site
emp_002435,2026-07-01,recruiter
emp_002436,2020-07-31,recruiter
emp_002437,2022-10-01,referral
emp_002438,2022-10-31,linkedin
emp_002439,2024-01-31,university
emp_002440,2025-05-01,boomerang
emp_002441,2011-06-01,linkedin
emp_002442,2022-05-01,referral
emp_002443,2023-05-02,referral
emp_002444,2023-10-31,company_site
emp_002445,2023-10-01,referral
emp_002446,2025-06-01,recruiter
emp_002447,2023-12-31,referral
emp_002448,2024-11-30,company_site
emp_002449,2017-07-31,recruiter
emp_002450,2021-08-31,company_site
emp_002451,2025-03-01,referral
emp_002452,2024-05-31,company_site
emp_002453,2023-07-02,referral
emp_002454,2022-08-31,referral
emp_002455,2024-05-01,referral
emp_002456,2026-03-02,referral
emp_002457,2022-03-02,linkedin
emp_002458,2024-04-01,company_site
emp_002459,2024-05-01,boomerang
emp_002460,2025-06-01,university
emp_002461,2025-06-01,referral
emp_002462,2025-07-01,recruiter
emp_002463,2023-05-02,company_site
emp_002464,2023-05-02,linkedin
emp_002465,2023-09-01,recruiter
emp_002466,2024-03-01,linkedin
emp_002467,2023-09-01,referral
emp_002468,2022-10-31,referral
emp_002469,2024-07-01,referral
emp_002470,2022-10-01,company_site
emp_002471,2024-12-31,referral
emp_002472,2025-10-01,linkedin
emp_002473,2023-06-01,company_site
emp_002474,2025-11-30,linkedin
emp_002475,2021-11-30,recruiter
emp_002476,2022-04-01,referral
emp_002477,2025-07-01,company_site
emp_002478,2020-12-30,boomerang
emp_002479,2025-05-01,linkedin
emp_002480,2024-09-30,recruiter
emp_002481,2022-12-31,recruiter
emp_002482,2019-10-01,referral
emp_002483,2025-08-31,boomerang
emp_002484,2022-10-01,recruiter
emp_002485,2021-08-01,boomerang
emp_002486,2023-12-01,recruiter
emp_002487,2024-07-31,company_site
emp_002488,2023-07-02,referral
emp_002489,2025-04-01,referral
emp_002490,2024-11-30,company_site
emp_002491,2023-04-01,recruiter
emp_002492,2021-09-30,university
emp_002493,2025-08-31,referral
emp_002494,2023-06-01,linkedin
emp_002495,2023-12-01,recruiter
emp_002496,2023-12-31,conference
emp_002497,2020-12-30,referral
emp_002498,2021-06-01,university
emp_002499,2024-01-31,linkedin
emp_002500,2022-07-01,conference
emp_002501,2025-05-01,university
emp_002502,2024-05-01,university
emp_002503,2024-01-31,linkedin
emp_002504,2024-05-01,university
emp_002505,2025-07-01,company_site
emp_002506,2024-08-31,referral
emp_002507,2024-12-31,company_site
emp_002508,2025-05-01,boomerang
emp_002509,2023-10-01,boomerang
emp_002510,2025-08-01,linkedin
emp_002511,2025-04-01,referral
emp_002512,2023-06-01,company_site
emp_002513,2024-09-30,referral
emp_002514,2020-12-30,boomerang
emp_002515,2025-05-01,company_site
emp_002516,2019-10-31,university
emp_002517,2023-05-02,referral
emp_002518,2025-04-01,referral
emp_002519,2024-11-30,linkedin
emp_002520,2024-11-30,recruiter
emp_002521,2025-03-01,university
emp_002522,2025-04-01,company_site
emp_002523,2025-04-01,linkedin
emp_002524,2023-05-02,linkedin
emp_002525,2022-12-01,company_site
emp_002526,2024-07-31,linkedin
emp_002527,2023-06-01,university
emp_002528,2024-07-01,linkedin
emp_002529,2025-08-31,referral
emp_002530,2024-04-01,company_site
emp_002531,2024-11-30,company_site
emp_002532,2025-10-01,referral
emp_002533,2022-08-01,linkedin
emp_002534,2023-04-01,recruiter
emp_002535,2021-10-31,company_site
emp_002536,2022-07-01,company_site
emp_002537,2021-08-31,linkedin
emp_002538,2023-10-31,referral
emp_002539,2022-04-01,university
emp_002540,2024-08-31,university
emp_002541,2024-07-01,company_site
emp_002542,2022-06-01,recruiter
emp_002543,2019-12-31,boomerang
emp_002544,2025-05-01,recruiter
emp_002545,2025-10-01,referral
emp_002546,2024-05-01,referral
emp_002547,2024-04-01,company_site
emp_002548,2025-08-31,referral
emp_002549,2024-12-31,conference
emp_002550,2019-08-31,linkedin
emp_002551,2026-05-02,company_site
emp_002552,2024-01-31,linkedin
emp_002553,2025-10-01,referral
emp_002554,2023-04-01,referral
emp_002555,2026-04-01,referral
emp_002556,2024-11-30,referral
emp_002557,2024-01-31,boomerang
emp_002558,2024-07-01,referral
emp_002559,2020-10-31,referral
emp_002560,2023-10-31,recruiter
emp_002561,2022-07-01,university
emp_002562,2024-11-30,recruiter
emp_002563,2025-05-01,recruiter
emp_002564,2024-07-01,recruiter
emp_002565,2023-12-01,company_site
emp_002566,2025-06-01,linkedin
emp_002567,2024-07-01,referral
emp_002568,2023-08-01,referral
emp_002569,2022-12-31,referral
emp_002570,2022-05-01,university
emp_002571,2025-08-01,linkedin
emp_002572,2025-10-01,referral
emp_002573,2023-08-01,company_site
emp_002574,2024-09-30,recruiter
emp_002575,2016-12-30,referral
emp_002576,2026-07-01,boomerang
emp_002577,2021-10-31,referral
emp_002578,2022-10-31,linkedin
emp_002579,2023-07-02,recruiter
emp_002580,2024-07-31,referral
emp_002581,2015-08-01,boomerang
emp_002582,2025-11-30,referral
emp_002583,2025-01-30,recruiter
emp_002584,2025-10-31,boomerang
emp_002585,2024-10-31,boomerang
emp_002586,2021-06-01,referral
emp_002587,2023-12-01,boomerang
emp_002588,2024-11-30,company_site
emp_002589,2012-08-30,company_site
emp_002590,2024-07-31,linkedin
emp_002591,2024-05-31,company_site
emp_002592,2025-05-01,linkedin
emp_002593,2012-09-30,recruiter
emp_002594,2024-08-31,referral
emp_002595,2024-08-31,referral
emp_002596,2024-12-31,recruiter
emp_002597,2024-12-31,boomerang
emp_002598,2023-08-01,referral
emp_002599,2025-12-31,company_site
emp_002600,2023-09-01,linkedin
emp_002601,2024-04-01,conference
emp_002602,2025-10-31,university
emp_002603,2026-07-01,linkedin
emp_002604,2025-04-01,referral
emp_002605,2024-05-31,company_site
emp_002606,2017-12-31,linkedin
emp_002607,2024-11-30,recruiter
emp_002608,2023-12-01,company_site
emp_002609,2026-01-30,referral
emp_002610,2023-04-01,referral
emp_002611,2018-12-31,linkedin
emp_002612,2025-03-01,linkedin
emp_002613,2024-10-31,linkedin
emp_002614,2023-01-30,company_site
emp_002615,2023-03-02,linkedin
emp_002616,2024-03-01,linkedin
emp_002617,2021-06-01,linkedin
emp_002618,2022-06-01,company_site
emp_002619,2024-07-31,recruiter
emp_002620,2025-06-01,referral
emp_002621,2025-04-01,referral
emp_002622,2024-07-01,referral
emp_002623,2024-10-31,referral
emp_002624,2024-08-31,referral
emp_002625,2025-03-01,recruiter
emp_002626,2023-10-01,university
emp_002627,2024-04-01,recruiter
emp_002628,2023-01-30,university
emp_002629,2023-06-01,recruiter
emp_002630,2020-12-30,boomerang
emp_002631,2024-05-01,referral
emp_002632,2024-04-01,linkedin
emp_002633,2024-09-30,company_site
emp_002634,2022-12-31,linkedin
emp_002635,2013-05-31,recruiter
emp_002636,2024-08-31,company_site
emp_002637,2024-10-31,referral
emp_002638,2024-07-31,university
emp_002639,2024-04-01,recruiter
emp_002640,2025-10-31,recruiter
emp_002641,2025-06-01,company_site
emp_002642,2024-05-31,company_site
emp_002643,2026-06-01,referral
emp_002644,2023-10-31,referral
emp_002645,2025-08-31,university
emp_002646,2025-06-01,linkedin
emp_002647,2025-06-01,university
emp_002648,2021-06-01,referral
emp_002649,2025-04-01,boomerang
emp_002650,2024-03-01,linkedin
emp_002651,2023-06-01,recruiter
emp_002652,2020-09-30,referral
emp_002653,2025-10-01,linkedin
emp_002654,2008-07-31,recruiter
emp_002655,2025-03-01,linkedin
emp_002656,2023-09-01,company_site
emp_002657,2025-03-01,company_site
emp_002658,2023-01-30,company_site
emp_002659,2024-07-31,recruiter
emp_002660,2024-08-31,referral
emp_002661,2020-05-31,conference
emp_002662,2023-07-02,linkedin
emp_002663,2025-08-31,university
emp_002664,2023-08-01,linkedin
emp_002665,2024-05-01,linkedin
emp_002666,2024-08-31,referral
emp_002667,2022-03-02,recruiter
emp_002668,2025-10-31,university
emp_002669,2024-07-31,recruiter
emp_002670,2024-05-01,company_site
emp_002671,2025-06-01,linkedin
emp_002672,2022-03-02,referral
emp_002673,2025-08-01,linkedin
emp_002674,2024-03-01,university
emp_002675,2021-01-30,linkedin
emp_002676,2019-03-02,linkedin
emp_002677,2013-08-31,boomerang
emp_002678,2021-09-30,referral
emp_002679,2023-10-31,referral
emp_002680,2022-08-31,recruiter
emp_002681,2024-04-01,recruiter
emp_002682,2024-05-31,referral
emp_002683,2022-04-01,recruiter
emp_002684,2024-07-31,university
emp_002685,2024-05-01,recruiter
emp_002686,2018-01-30,recruiter
emp_002687,2024-12-31,recruiter
emp_002688,2023-12-01,conference
emp_002689,2025-06-01,referral
emp_002690,2023-03-02,referral
emp_002691,2021-08-31,referral
emp_002692,2025-10-01,linkedin
emp_002693,2025-08-31,linkedin
emp_002694,2018-10-31,recruiter
emp_002695,2024-10-31,referral
emp_002696,2024-12-31,referral
emp_002697,2023-03-02,linkedin
emp_002698,2024-07-31,referral
emp_002699,2022-08-31,referral
emp_002700,2022-01-30,referral
emp_002701,2025-10-31,linkedin
emp_002702,2023-09-01,recruiter
emp_002703,2024-11-30,referral
emp_002704,2024-08-31,company_site
emp_002705,2023-07-02,linkedin
emp_002706,2024-05-01,company_site
emp_002707,2024-11-30,referral
emp_002708,2024-12-31,recruiter
emp_002709,2024-10-31,linkedin
emp_002710,2024-04-01,referral
emp_002711,2014-03-01,university
emp_002712,2024-10-31,referral
emp_002713,2022-04-01,company_site
emp_002714,2022-08-01,boomerang
emp_002715,2024-04-01,conference
emp_002716,2024-08-31,conference
emp_002717,2025-03-01,linkedin
emp_002718,2020-12-30,recruiter
emp_002719,2017-07-01,university
emp_002720,2022-12-31,referral
emp_002721,2019-03-02,linkedin
emp_002722,2024-10-31,recruiter
emp_002723,2025-08-01,company_site
emp_002724,2019-04-01,recruiter
emp_002725,2025-12-31,referral
emp_002726,2021-04-01,conference
emp_002727,2023-07-02,linkedin
emp_002728,2022-07-01,referral
emp_002729,2024-10-31,company_site
emp_002730,2019-10-31,recruiter
emp_002731,2023-12-31,referral
emp_002732,2023-03-02,referral
emp_002733,2024-08-31,linkedin
emp_002734,2024-05-01,linkedin
emp_002735,2023-07-02,boomerang
emp_002736,2025-06-01,linkedin
emp_002737,2018-07-01,referral
emp_002738,2020-01-31,linkedin
emp_002739,2024-03-01,linkedin
emp_002740,2024-07-01,referral
emp_002741,2026-03-02,linkedin
emp_002742,2023-04-01,referral
emp_002743,2023-07-02,company_site
emp_002744,2024-04-01,conference
emp_002745,2023-10-31,linkedin
emp_002746,2020-07-01,linkedin
emp_002747,2025-10-01,linkedin
emp_002748,2024-11-30,linkedin
emp_002749,2023-04-01,linkedin
emp_002750,2022-12-31,company_site
emp_002751,2024-04-01,referral
emp_002752,2024-07-01,recruiter
emp_002753,2025-01-30,conference
emp_002754,2023-09-01,referral
emp_002755,2019-08-31,company_site
emp_002756,2024-07-31,recruiter
emp_002757,2022-12-01,referral
emp_002758,2026-04-01,linkedin
emp_002759,2024-03-01,university
emp_002760,2024-10-31,linkedin
emp_002761,2022-10-01,referral
emp_002762,2024-09-30,referral
emp_002763,2022-08-31,linkedin
emp_002764,2024-07-31,referral
emp_002765,2023-10-01,referral
emp_002766,2022-05-01,linkedin
emp_002767,2024-12-31,referral
emp_002768,2025-06-01,university
emp_002769,2024-12-31,company_site
emp_002770,2025-06-01,company_site
emp_002771,2021-05-01,recruiter
emp_002772,2026-03-02,company_site
emp_002773,2023-06-01,referral
emp_002774,2025-06-01,university
emp_002775,2024-12-31,recruiter
emp_002776,2025-05-01,linkedin
emp_002777,2024-09-30,linkedin
emp_002778,2024-07-31,company_site
emp_002779,2024-05-01,recruiter
emp_002780,2023-08-01,recruiter
emp_002781,2023-10-01,company_site
emp_002782,2022-12-31,boomerang
emp_002783,2024-04-01,recruiter
emp_002784,2021-07-01,recruiter
emp_002785,2022-10-01,referral
emp_002786,2023-12-01,referral
emp_002787,2021-06-01,linkedin
emp_002788,2025-06-01,recruiter
emp_002789,2025-05-01,linkedin
emp_002790,2024-12-31,referral
emp_002791,2024-11-30,boomerang
emp_002792,2023-10-01,referral
emp_002793,2025-05-01,linkedin
emp_002794,2023-08-01,boomerang
emp_002795,2023-12-31,referral
emp_002796,2024-05-31,recruiter
emp_002797,2019-10-31,university
emp_002798,2022-08-31,referral
emp_002799,2023-05-02,linkedin
emp_002800,2020-10-31,company_site
emp_002801,2024-01-31,referral
emp_002802,2022-08-31,referral
emp_002803,2020-07-31,linkedin
emp_002804,2020-11-30,boomerang
emp_002805,2020-11-30,company_site
emp_002806,2022-12-31,referral
emp_002807,2023-03-02,conference
emp_002808,2022-10-01,company_site
emp_002809,2024-10-31,referral
emp_002810,2018-08-31,linkedin
emp_002811,2025-06-01,recruiter
emp_002812,2023-10-01,university
emp_002813,2024-03-01,recruiter
emp_002814,2024-04-01,referral
emp_002815,2023-12-31,recruiter
emp_002816,2016-11-30,recruiter
emp_002817,2023-03-02,university
emp_002818,2026-07-01,company_site
emp_002819,2021-11-30,company_site
emp_002820,2024-04-01,linkedin
emp_002821,2024-11-30,linkedin
emp_002822,2021-09-30,company_site
emp_002823,2023-10-31,referral
emp_002824,2023-10-31,referral
emp_002825,2025-08-31,linkedin
emp_002826,2025-06-01,company_site
emp_002827,2019-06-01,recruiter
emp_002828,2025-10-01,recruiter
emp_002829,2024-04-01,recruiter
emp_002830,2024-03-01,recruiter
emp_002831,2023-10-01,recruiter
emp_002832,2021-11-30,recruiter
emp_002833,2025-07-01,referral
emp_002834,2025-08-31,referral
emp_002835,2026-03-02,linkedin
emp_002836,2023-09-01,referral
emp_002837,2024-12-31,referral
emp_002838,2026-06-01,referral
emp_002839,2026-01-30,linkedin
emp_002840,2025-08-01,referral
emp_002841,2025-04-01,company_site
emp_002842,2024-08-31,referral
emp_002843,2022-07-01,recruiter
emp_002844,2022-06-01,referral
emp_002845,2026-03-02,company_site
emp_002846,2021-06-01,linkedin
emp_002847,2025-03-01,linkedin
emp_002848,2022-10-31,referral
emp_002849,2021-11-30,company_site
emp_002850,2023-09-01,linkedin
emp_002851,2025-03-01,referral
emp_002852,2023-10-31,referral
emp_002853,2020-11-30,referral
emp_002854,2022-08-01,linkedin
emp_002855,2024-05-31,recruiter
emp_002856,2022-08-31,company_site
emp_002857,2020-05-01,recruiter
emp_002858,2022-08-01,referral
emp_002859,2022-04-01,referral
emp_002860,2024-04-01,conference
emp_002861,2023-06-01,company_site
emp_002862,2022-03-02,recruiter
emp_002863,2019-05-02,linkedin
emp_002864,2025-07-01,boomerang
emp_002865,2022-08-31,company_site
emp_002866,2022-08-31,recruiter
emp_002867,2024-05-31,linkedin
emp_002868,2021-03-01,linkedin
emp_002869,2024-03-01,referral
emp_002870,2020-12-30,company_site
emp_002871,2019-12-31,referral
emp_002872,2018-07-01,linkedin
emp_002873,2022-01-30,linkedin
emp_002874,2024-04-01,linkedin
emp_002875,2024-07-01,recruiter
emp_002876,2025-05-01,referral
emp_002877,2024-05-01,referral
emp_002878,2025-04-01,linkedin
emp_002879,2024-11-30,conference
emp_002880,2024-07-31,recruiter
emp_002881,2025-12-31,company_site
emp_002882,2024-05-01,conference
emp_002883,2023-05-02,referral
emp_002884,2024-03-01,company_site
emp_002885,2025-05-01,referral
emp_002886,2022-08-31,recruiter
emp_002887,2022-10-31,company_site
emp_002888,2025-06-01,referral
emp_002889,2025-05-01,referral
emp_002890,2024-11-30,referral
emp_002891,2025-08-01,conference
emp_002892,2025-08-31,recruiter
emp_002893,2025-04-01,referral
emp_002894,2022-10-01,company_site
emp_002895,2024-12-31,referral
emp_002896,2024-01-31,referral
emp_002897,2025-08-31,referral
emp_002898,2022-01-30,company_site
emp_002899,2025-03-01,conference
emp_002900,2024-04-01,referral
emp_002901,2024-10-31,recruiter
emp_002902,2024-07-01,recruiter
emp_002903,2024-03-01,referral
emp_002904,2024-09-30,referral
emp_002905,2024-09-30,recruiter
emp_002906,2025-08-01,referral
emp_002907,2021-03-01,linkedin
emp_002908,2024-05-01,boomerang
emp_002909,2025-10-01,referral
emp_002910,2025-08-31,linkedin
emp_002911,2021-11-30,recruiter
emp_002912,2022-04-01,company_site
emp_002913,2024-05-01,university
emp_002914,2024-05-01,linkedin
emp_002915,2022-08-31,recruiter
emp_002916,2023-10-01,boomerang
emp_002917,2022-03-02,referral
emp_002918,2022-08-01,referral
emp_002919,2022-07-01,referral
emp_002920,2026-03-02,conference
emp_002921,2021-10-31,referral
emp_002922,2021-12-31,linkedin
emp_002923,2025-12-31,referral
emp_002924,2024-12-31,recruiter
emp_002925,2024-03-01,company_site
emp_002926,2017-03-01,referral
emp_002927,2023-12-31,linkedin
emp_002928,2025-07-01,company_site
emp_002929,2024-05-01,boomerang
emp_002930,2025-04-01,university
emp_002931,2022-12-01,company_site
emp_002932,2025-08-31,recruiter
emp_002933,2024-07-31,referral
emp_002934,2024-10-31,company_site
emp_002935,2025-08-01,university
emp_002936,2023-12-31,recruiter
emp_002937,2025-12-31,linkedin
emp_002938,2024-09-30,boomerang
emp_002939,2025-06-01,company_site
emp_002940,2024-09-30,linkedin
emp_002941,2022-05-01,linkedin
emp_002942,2024-10-31,referral
emp_002943,2023-06-01,recruiter
emp_002944,2024-12-31,boomerang
emp_002945,2024-04-01,company_site
emp_002946,2023-09-01,linkedin
emp_002947,2025-08-01,recruiter
emp_002948,2020-03-01,company_site
emp_002949,2022-12-31,linkedin
emp_002950,2023-10-31,conference
emp_002951,2021-11-30,referral
emp_002952,2022-01-30,company_site
emp_002953,2024-07-31,referral
emp_002954,2025-06-01,linkedin
emp_002955,2025-10-31,university
emp_002956,2025-07-01,recruiter
emp_002957,2024-12-31,referral
emp_002958,2023-06-01,referral
emp_002959,2024-05-31,linkedin
emp_002960,2023-04-01,recruiter
emp_002961,2024-01-31,university
emp_002962,2023-07-02,university
emp_002963,2024-08-31,linkedin
emp_002964,2023-10-31,recruiter
emp_002965,2024-12-31,recruiter
emp_002966,2026-01-30,university
emp_002967,2023-01-30,company_site
emp_002968,2024-05-01,referral
emp_002969,2024-10-31,university
emp_002970,2022-04-01,boomerang
emp_002971,2023-12-31,referral
emp_002972,2024-08-31,referral
emp_002973,2023-10-01,linkedin
emp_002974,2023-01-30,linkedin
emp_002975,2023-10-01,referral
emp_002976,2023-07-02,linkedin
emp_002977,2020-12-30,referral
emp_002978,2025-10-31,university
emp_002979,2023-03-02,university
emp_002980,2023-05-02,referral
emp_002981,2025-06-01,referral
emp_002982,2025-04-01,recruiter
emp_002983,2023-05-02,referral
emp_002984,2020-08-31,company_site
emp_002985,2024-12-31,company_site
emp_002986,2024-05-31,referral
emp_002987,2024-08-31,linkedin
emp_002988,2024-10-31,boomerang
emp_002989,2024-03-01,company_site
emp_002990,2023-10-01,company_site
emp_002991,2026-07-01,referral
emp_002992,2026-01-30,linkedin
emp_002993,2022-10-31,company_site
emp_002994,2024-03-01,referral
emp_002995,2023-10-31,referral
emp_002996,2022-07-01,company_site
emp_002997,2025-05-01,recruiter
emp_002998,2022-05-01,linkedin
emp_002999,2025-05-01,company_site
emp_003000,2020-03-01,referral
emp_003001,2025-10-31,referral
emp_003002,2022-06-01,recruiter
emp_003003,2025-10-31,linkedin
emp_003004,2014-06-01,referral
emp_003005,2023-05-02,referral
emp_003006,2025-07-01,linkedin
emp_003007,2017-01-30,linkedin
emp_003008,2022-12-31,university
emp_003009,2024-07-31,conference
emp_003010,2024-12-31,referral
emp_003011,2024-10-31,recruiter
emp_003012,2024-07-31,referral
emp_003013,2025-06-01,recruiter
emp_003014,2023-10-01,referral
emp_003015,2025-08-31,recruiter
emp_003016,2023-08-01,recruiter
emp_003017,2023-10-31,recruiter
emp_003018,2020-12-30,boomerang
emp_003019,2024-09-30,recruiter
emp_003020,2023-03-02,recruiter
emp_003021,2024-10-31,referral
emp_003022,2024-04-01,company_site
emp_003023,2024-08-31,linkedin
emp_003024,2025-11-30,referral
emp_003025,2025-01-30,boomerang
emp_003026,2023-03-02,university
emp_003027,2023-08-01,referral
emp_003028,2025-08-31,recruiter
emp_003029,2024-09-30,referral
emp_003030,2017-06-01,referral
emp_003031,2023-12-31,linkedin
emp_003032,2018-10-01,referral
emp_003033,2021-11-30,linkedin
emp_003034,2025-04-01,recruiter
emp_003035,2024-05-31,linkedin
emp_003036,2025-06-01,recruiter
emp_003037,2025-01-30,referral
emp_003038,2020-03-01,referral
emp_003039,2015-03-02,university
emp_003040,2023-10-01,referral
emp_003041,2023-04-01,company_site
emp_003042,2024-01-31,conference
emp_003043,2022-12-31,referral
emp_003044,2024-04-01,company_site
emp_003045,2025-07-01,company_site
emp_003046,2025-08-31,company_site
emp_003047,2026-03-02,company_site
emp_003048,2024-10-31,recruiter
emp_003049,2023-12-31,company_site
emp_003050,2023-10-31,company_site
emp_003051,2024-03-01,linkedin
emp_003052,2024-05-01,company_site
emp_003053,2023-05-02,company_site
emp_003054,2019-03-02,referral
emp_003055,2024-09-30,linkedin
emp_003056,2025-06-01,referral
emp_003057,2023-10-01,boomerang
emp_003058,2024-11-30,company_site
emp_003059,2021-03-01,university
emp_003060,2025-01-30,referral
emp_003061,2024-11-30,linkedin
emp_003062,2023-09-01,company_site
emp_003063,2020-01-31,recruiter
emp_003064,2025-05-01,recruiter
emp_003065,2020-05-31,recruiter
emp_003066,2026-06-01,recruiter
emp_003067,2025-05-01,recruiter
emp_003068,2024-07-01,referral
emp_003069,2023-08-01,linkedin
emp_003070,2025-07-01,referral
emp_003071,2022-03-02,referral
emp_003072,2024-04-01,recruiter
emp_003073,2021-08-01,recruiter
emp_003074,2025-05-01,referral
emp_003075,2023-04-01,linkedin
emp_003076,2025-07-01,recruiter
emp_003077,2026-07-01,company_site
emp_003078,2024-04-01,linkedin
emp_003079,2024-08-31,linkedin
emp_003080,2025-10-01,linkedin
emp_003081,2024-11-30,linkedin
emp_003082,2022-12-01,university
emp_003083,2019-05-02,linkedin
emp_003084,2022-10-31,boomerang
emp_003085,2024-12-31,linkedin
emp_003086,2024-04-01,boomerang
emp_003087,2025-08-31,recruiter
emp_003088,2025-12-31,linkedin
emp_003089,2025-05-01,conference
emp_003090,2021-06-01,linkedin
emp_003091,2022-03-02,boomerang
emp_003092,2024-09-30,recruiter
emp_003093,2023-10-31,recruiter
emp_003094,2025-08-01,recruiter
emp_003095,2023-04-01,referral
emp_003096,2025-04-01,company_site
emp_003097,2024-12-31,boomerang
emp_003098,2025-10-31,recruiter
emp_003099,2026-07-01,recruiter
emp_003100,2025-10-01,company_site
emp_003101,2022-10-01,conference
emp_003102,2022-01-30,referral
emp_003103,2025-08-31,referral
emp_003104,2024-05-01,referral
emp_003105,2022-08-31,referral
emp_003106,2026-04-01,conference
emp_003107,2022-08-31,conference
emp_003108,2026-07-01,linkedin
emp_003109,2024-05-01,referral
emp_003110,2020-03-31,recruiter
emp_003111,2022-10-01,linkedin
emp_003112,2022-12-31,boomerang
emp_003113,2024-01-31,linkedin
emp_003114,2024-11-30,referral
emp_003115,2025-12-31,university
emp_003116,2024-07-31,referral
emp_003117,2021-01-30,recruiter
emp_003118,2024-03-01,university
emp_003119,2019-12-31,linkedin
emp_003120,2021-08-01,recruiter
emp_003121,2024-03-01,company_site
emp_003122,2022-07-01,boomerang
emp_003123,2025-05-01,linkedin
emp_003124,2023-10-31,linkedin
emp_003125,2026-05-02,referral
emp_003126,2025-11-30,recruiter
emp_003127,2025-06-01,linkedin
emp_003128,2024-11-30,company_site
emp_003129,2020-07-31,linkedin
emp_003130,2025-01-30,linkedin
emp_003131,2024-01-31,recruiter
emp_003132,2025-11-30,recruiter
emp_003133,2025-12-31,referral
emp_003134,2023-09-01,linkedin
emp_003135,2026-03-02,recruiter
emp_003136,2025-05-01,recruiter
emp_003137,2024-01-31,recruiter
emp_003138,2026-01-30,referral
emp_003139,2023-10-01,recruiter
emp_003140,2024-09-30,conference
emp_003141,2024-12-31,linkedin
emp_003142,2025-04-01,referral
emp_003143,2022-08-31,referral
emp_003144,2021-11-30,university
emp_003145,2021-11-30,referral
emp_003146,2023-08-01,linkedin
emp_003147,2019-10-31,linkedin
emp_003148,2024-04-01,referral
emp_003149,2022-06-01,recruiter
emp_003150,2025-10-31,company_site
emp_003151,2021-10-31,referral
emp_003152,2024-05-31,recruiter
emp_003153,2025-08-01,referral
emp_003154,2024-12-31,company_site
emp_003155,2025-03-01,company_site
emp_003156,2018-11-30,company_site
emp_003157,2022-08-01,company_site
emp_003158,2025-08-31,company_site
emp_003159,2020-12-30,recruiter
emp_003160,2023-04-01,recruiter
emp_003161,2018-07-01,company_site
emp_003162,2022-12-01,recruiter
emp_003163,2025-10-31,referral
emp_003164,2024-01-31,linkedin
emp_003165,2024-07-31,company_site
emp_003166,2025-07-01,university
emp_003167,2025-10-01,boomerang
emp_003168,2023-12-31,conference
emp_003169,2024-05-01,linkedin
emp_003170,2024-07-01,referral
emp_003171,2024-01-31,linkedin
emp_003172,2024-09-30,recruiter
emp_003173,2024-01-31,linkedin
emp_003174,2024-07-31,company_site
emp_003175,2024-05-01,recruiter
emp_003176,2022-12-31,boomerang
emp_003177,2025-03-01,company_site
emp_003178,2022-10-01,referral
emp_003179,2024-05-01,referral
emp_003180,2024-05-31,recruiter
emp_003181,2022-04-01,referral
emp_003182,2024-05-01,linkedin
emp_003183,2025-05-01,conference
emp_003184,2025-10-01,referral
emp_003185,2023-09-01,linkedin
emp_003186,2020-08-31,linkedin
emp_003187,2022-08-01,linkedin
emp_003188,2023-10-01,linkedin
emp_003189,2024-04-01,recruiter
emp_003190,2020-03-31,conference
emp_003191,2023-10-31,conference
emp_003192,2023-12-31,recruiter
emp_003193,2021-08-31,linkedin
emp_003194,2023-05-02,referral
emp_003195,2024-08-31,company_site
emp_003196,2023-07-02,referral
emp_003197,2019-07-02,conference
emp_003198,2025-01-30,linkedin
emp_003199,2025-11-30,conference
emp_003200,2025-08-31,linkedin
emp_003201,2025-04-01,recruiter
emp_003202,2019-08-01,referral
emp_003203,2025-06-01,university
emp_003204,2026-01-30,university
emp_003205,2012-10-30,company_site
emp_003206,2023-09-01,referral
emp_003207,2024-01-31,recruiter
emp_003208,2024-01-31,boomerang
emp_003209,2025-08-01,company_site
emp_003210,2025-12-31,university
emp_003211,2023-07-02,linkedin
emp_003212,2025-10-01,boomerang
emp_003213,2023-12-01,university
emp_003214,2024-07-01,referral
emp_003215,2025-08-01,university
emp_003216,2025-05-01,referral
emp_003217,2025-06-01,recruiter
emp_003218,2026-07-01,conference
emp_003219,2025-06-01,linkedin
emp_003220,2024-12-31,referral
emp_003221,2022-12-31,linkedin
emp_003222,2024-08-31,linkedin
emp_003223,2024-01-31,boomerang
emp_003224,2020-03-01,university
emp_003225,2024-11-30,referral
emp_003226,2024-12-31,linkedin
emp_003227,2024-03-01,linkedin
emp_003228,2024-05-01,recruiter
emp_003229,2024-10-31,conference
emp_003230,2024-07-31,university
emp_003231,2025-10-01,referral
emp_003232,2021-08-31,linkedin
emp_003233,2024-05-31,linkedin
emp_003234,2022-04-01,linkedin
emp_003235,2024-09-30,recruiter
emp_003236,2023-05-02,company_site
emp_003237,2024-07-31,linkedin
emp_003238,2024-12-31,recruiter
emp_003239,2023-04-01,recruiter
emp_003240,2023-09-01,recruiter
emp_003241,2022-06-01,recruiter
emp_003242,2024-05-01,company_site
emp_003243,2022-12-31,recruiter
emp_003244,2022-10-01,company_site
emp_003245,2023-12-01,referral
emp_003246,2023-08-01,referral
emp_003247,2026-03-02,company_site
emp_003248,2024-04-01,linkedin
emp_003249,2016-05-31,referral
emp_003250,2022-12-31,recruiter
emp_003251,2022-12-31,recruiter
emp_003252,2022-06-01,recruiter
emp_003253,2019-08-31,linkedin
emp_003254,2018-01-30,linkedin
emp_003255,2020-03-01,university
emp_003256,2023-03-02,university
emp_003257,2023-04-01,linkedin
emp_003258,2025-05-01,linkedin
emp_003259,2021-05-01,conference
emp_003260,2021-07-01,linkedin
emp_003261,2022-06-01,referral
emp_003262,2023-10-31,recruiter
emp_003263,2023-03-02,referral
emp_003264,2024-03-01,university
emp_003265,2024-09-30,linkedin
emp_003266,2021-10-31,recruiter
emp_003267,2025-10-31,boomerang
emp_003268,2023-12-31,referral
emp_003269,2026-06-01,linkedin
emp_003270,2024-08-31,university
emp_003271,2024-07-01,conference
emp_003272,2024-05-31,company_site
emp_003273,2021-01-30,recruiter
emp_003274,2023-10-31,linkedin
emp_003275,2024-12-31,linkedin
emp_003276,2024-07-01,recruiter
emp_003277,2023-01-30,linkedin
emp_003278,2020-11-30,recruiter
emp_003279,2020-07-01,linkedin
emp_003280,2025-06-01,linkedin
emp_003281,2021-04-01,conference
emp_003282,2026-07-01,linkedin
emp_003283,2024-10-31,boomerang
emp_003284,2022-07-01,company_site
emp_003285,2023-07-02,referral
emp_003286,2025-06-01,company_site
emp_003287,2025-08-01,company_site
emp_003288,2024-12-31,referral
emp_003289,2025-08-31,recruiter
emp_003290,2022-12-31,recruiter
emp_003291,2022-08-01,referral
emp_003292,2024-09-30,recruiter
emp_003293,2023-08-01,recruiter
emp_003294,2022-10-01,boomerang
emp_003295,2021-09-30,recruiter
emp_003296,2025-08-31,referral
emp_003297,2023-08-01,recruiter
emp_003298,2025-08-01,referral
emp_003299,2022-08-31,referral
emp_003300,2023-12-01,recruiter
emp_003301,2019-10-31,recruiter
emp_003302,2025-07-01,university
emp_003303,2022-10-31,company_site
emp_003304,2020-10-31,referral
emp_003305,2025-06-01,company_site
emp_003306,2023-07-02,linkedin
emp_003307,2023-12-01,conference
emp_003308,2025-08-31,boomerang
emp_003309,2025-06-01,linkedin
emp_003310,2021-11-30,referral
emp_003311,2025-08-31,referral
emp_003312,2025-10-31,linkedin
emp_003313,2026-06-01,university
emp_003314,2022-06-01,linkedin
emp_003315,2023-05-02,recruiter
emp_003316,2018-08-31,recruiter
emp_003317,2024-05-31,boomerang
emp_003318,2022-06-01,recruiter
emp_003319,2022-12-31,recruiter
emp_003320,2020-07-01,company_site
emp_003321,2023-12-01,boomerang
emp_003322,2025-08-01,linkedin
emp_003323,2023-06-01,company_site
emp_003324,2021-10-31,recruiter
emp_003325,2021-09-30,linkedin
emp_003326,2024-12-31,recruiter
emp_003327,2024-04-01,recruiter
emp_003328,2023-10-31,referral
emp_003329,2023-07-02,conference
emp_003330,2024-10-31,company_site
emp_003331,2025-06-01,referral
emp_003332,2022-12-31,referral
emp_003333,2023-08-01,company_site
emp_003334,2024-09-30,boomerang
emp_003335,2021-10-31,linkedin
emp_003336,2024-07-31,company_site
emp_003337,2025-11-30,recruiter
emp_003338,2022-06-01,recruiter
emp_003339,2024-10-31,referral
emp_003340,2024-03-01,company_site
emp_003341,2022-10-01,boomerang
emp_003342,2024-12-31,university
emp_003343,2024-03-01,linkedin
emp_003344,2021-05-01,conference
emp_003345,2024-03-01,recruiter
emp_003346,2023-04-01,boomerang
emp_003347,2024-10-31,linkedin
emp_003348,2023-03-02,boomerang
emp_003349,2024-10-31,recruiter
emp_003350,2022-12-31,referral
emp_003351,2025-03-01,conference
emp_003352,2024-08-31,linkedin
emp_003353,2024-09-30,university
emp_003354,2024-05-01,linkedin
emp_003355,2023-09-01,company_site
emp_003356,2025-12-31,referral
emp_003357,2021-10-31,linkedin
emp_003358,2022-12-01,referral
emp_003359,2024-05-31,conference
emp_003360,2022-10-31,referral
emp_003361,2024-10-31,linkedin
emp_003362,2025-08-31,linkedin
emp_003363,2023-07-02,company_site
emp_003364,2023-07-02,recruiter
emp_003365,2024-11-30,linkedin
emp_003366,2024-12-31,linkedin
emp_003367,2020-11-30,linkedin
emp_003368,2024-11-30,linkedin
emp_003369,2023-07-02,referral
emp_003370,2023-08-01,boomerang
emp_003371,2024-12-31,referral
emp_003372,2025-07-01,recruiter
emp_003373,2025-10-01,linkedin
emp_003374,2025-04-01,referral
emp_003375,2024-10-31,recruiter
emp_003376,2025-08-31,recruiter
emp_003377,2024-07-31,conference
emp_003378,2024-05-01,company_site
emp_003379,2025-05-01,referral
emp_003380,2018-10-01,boomerang
emp_003381,2025-08-01,recruiter
emp_003382,2025-01-30,linkedin
emp_003383,2025-03-01,referral
emp_003384,2022-08-31,recruiter
emp_003385,2024-01-31,university
emp_003386,2025-04-01,referral
emp_003387,2022-12-31,recruiter
emp_003388,2021-07-01,linkedin
emp_003389,2022-12-31,company_site
emp_003390,2011-11-30,company_site
emp_003391,2023-09-01,linkedin
emp_003392,2025-04-01,referral
emp_003393,2022-08-01,referral
emp_003394,2023-10-31,company_site
emp_003395,2021-12-31,referral
emp_003396,2024-05-31,referral
emp_003397,2025-06-01,linkedin
emp_003398,2025-01-30,recruiter
emp_003399,2025-12-31,recruiter
emp_003400,2026-03-02,linkedin
emp_003401,2024-11-30,referral
emp_003402,2025-12-31,recruiter
emp_003403,2023-05-02,linkedin
emp_003404,2023-12-01,linkedin
emp_003405,2023-01-30,company_site
emp_003406,2017-07-31,referral
emp_003407,2024-05-31,referral
emp_003408,2025-10-31,company_site
emp_003409,2022-07-01,referral
emp_003410,2023-07-02,referral
emp_003411,2025-12-31,conference
emp_003412,2025-08-31,linkedin
emp_003413,2025-01-30,linkedin
emp_003414,2026-01-30,company_site
emp_003415,2025-05-01,referral
emp_003416,2025-10-31,referral
emp_003417,2023-06-01,linkedin
emp_003418,2025-10-01,referral
emp_003419,2026-07-01,referral
emp_003420,2025-08-31,company_site
emp_003421,2022-12-31,referral
emp_003422,2019-12-31,referral
emp_003423,2020-11-30,recruiter
emp_003424,2023-06-01,linkedin
emp_003425,2024-11-30,referral
emp_003426,2020-07-01,conference
emp_003427,2023-12-31,company_site
emp_003428,2025-04-01,recruiter
emp_003429,2022-06-01,referral
emp_003430,2023-08-01,referral
emp_003431,2023-01-30,recruiter
emp_003432,2025-01-30,boomerang
emp_003433,2024-10-31,boomerang
emp_003434,2024-10-31,referral
emp_003435,2022-08-31,linkedin
emp_003436,2024-09-30,linkedin
emp_003437,2023-09-01,university
emp_003438,2024-08-31,referral
emp_003439,2020-07-01,referral
emp_003440,2020-08-31,referral
emp_003441,2019-03-02,linkedin
emp_003442,2023-07-02,linkedin
emp_003443,2023-10-31,linkedin
emp_003444,2024-05-01,referral
emp_003445,2025-03-01,company_site
emp_003446,2026-04-01,recruiter
emp_003447,2025-11-30,referral
emp_003448,2025-06-01,linkedin
emp_003449,2019-12-01,company_site
emp_003450,2023-07-02,university
emp_003451,2019-10-01,university
emp_003452,2025-06-01,boomerang
emp_003453,2024-03-01,company_site
emp_003454,2022-03-02,referral
emp_003455,2024-10-31,company_site
emp_003456,2024-08-31,referral
emp_003457,2024-05-01,recruiter
emp_003458,2023-03-02,recruiter
emp_003459,2021-08-01,boomerang
emp_003460,2024-04-01,linkedin
emp_003461,2021-12-31,recruiter
emp_003462,2019-12-01,recruiter
emp_003463,2024-07-01,linkedin
emp_003464,2024-01-31,company_site
emp_003465,2021-10-31,university
emp_003466,2022-03-02,linkedin
emp_003467,2022-12-31,university
emp_003468,2025-08-31,recruiter
emp_003469,2021-11-30,referral
emp_003470,2025-04-01,linkedin
emp_003471,2022-04-01,conference
emp_003472,2023-10-01,referral
emp_003473,2022-12-01,referral
emp_003474,2026-04-01,linkedin
emp_003475,2025-03-01,university
emp_003476,2024-03-01,recruiter
emp_003477,2023-10-31,company_site
emp_003478,2022-07-01,linkedin
emp_003479,2022-10-01,conference
emp_003480,2023-08-01,referral
emp_003481,2026-07-01,university
emp_003482,2020-05-31,university
emp_003483,2024-10-31,university
emp_003484,2023-04-01,referral
emp_003485,2024-05-31,recruiter
emp_003486,2024-05-01,boomerang
emp_003487,2026-07-01,linkedin
emp_003488,2023-12-31,linkedin
emp_003489,2022-08-31,recruiter
emp_003490,2023-06-01,linkedin
emp_003491,2026-04-01,conference
emp_003492,2021-07-01,university
emp_003493,2024-05-01,boomerang
emp_003494,2024-03-01,referral
emp_003495,2022-03-02,linkedin
emp_003496,2021-10-31,conference
emp_003497,2025-08-31,referral
emp_003498,2023-12-01,conference
emp_003499,2023-08-01,referral
emp_003500,2025-07-01,referral
emp_003501,2023-04-01,recruiter
emp_003502,2024-08-31,linkedin
emp_003503,2018-10-01,referral
emp_003504,2026-01-30,linkedin
emp_003505,2019-10-01,recruiter
emp_003506,2024-07-01,conference
emp_003507,2024-08-31,company_site
emp_003508,2025-10-01,referral
emp_003509,2025-01-30,referral
emp_003510,2022-10-01,company_site
emp_003511,2025-06-01,linkedin
emp_003512,2024-11-30,recruiter
emp_003513,2025-10-31,recruiter
emp_003514,2024-01-31,recruiter
emp_003515,2021-05-01,linkedin
emp_003516,2024-10-31,recruiter
emp_003517,2021-09-30,boomerang
emp_003518,2022-03-02,linkedin
emp_003519,2024-03-01,referral
emp_003520,2025-07-01,recruiter
emp_003521,2022-12-01,linkedin
emp_003522,2021-08-01,referral
emp_003523,2025-05-01,linkedin
emp_003524,2024-07-31,referral
emp_003525,2023-12-01,company_site
emp_003526,2025-06-01,recruiter
emp_003527,2022-08-01,company_site
emp_003528,2022-07-01,linkedin
emp_003529,2019-10-01,referral
emp_003530,2022-04-01,referral
emp_003531,2026-03-02,university
emp_003532,2025-10-31,recruiter
emp_003533,2022-12-01,referral
emp_003534,2021-11-30,linkedin
emp_003535,2024-11-30,boomerang
emp_003536,2021-08-31,linkedin
emp_003537,2024-09-30,referral
emp_003538,2021-08-01,company_site
emp_003539,2023-10-31,conference
emp_003540,2021-03-01,referral
emp_003541,2023-04-01,university
emp_003542,2024-12-31,referral
emp_003543,2021-01-30,referral
emp_003544,2024-09-30,recruiter
emp_003545,2022-08-01,linkedin
emp_003546,2018-11-30,linkedin
emp_003547,2025-08-31,recruiter
emp_003548,2023-03-02,linkedin
emp_003549,2025-05-01,recruiter
emp_003550,2022-12-01,company_site
emp_003551,2024-12-31,referral
emp_003552,2024-10-31,referral
emp_003553,2023-12-01,linkedin
emp_003554,2024-10-31,linkedin
emp_003555,2024-10-31,university
emp_003556,2025-01-30,conference
emp_003557,2025-08-01,linkedin
emp_003558,2018-10-31,recruiter
emp_003559,2025-05-01,linkedin
emp_003560,2023-05-02,linkedin
emp_003561,2025-07-01,recruiter
emp_003562,2026-03-02,referral
emp_003563,2024-10-31,company_site
emp_003564,2018-12-31,company_site
emp_003565,2020-10-31,recruiter
emp_003566,2026-04-01,referral
emp_003567,2022-07-01,recruiter
emp_003568,2024-03-01,recruiter
emp_003569,2025-12-31,referral
emp_003570,2024-01-31,linkedin
emp_003571,2025-03-01,referral
emp_003572,2022-06-01,referral
emp_003573,2022-08-01,referral
emp_003574,2025-06-01,recruiter
emp_003575,2017-01-30,linkedin
emp_003576,2018-05-01,referral
emp_003577,2024-11-30,recruiter
emp_003578,2023-08-01,university
emp_003579,2024-01-31,referral
emp_003580,2018-06-01,company_site
emp_003581,2025-05-01,company_site
emp_003582,2024-12-31,linkedin
emp_003583,2022-12-31,referral
emp_003584,2022-05-01,recruiter
emp_003585,2025-10-01,company_site
emp_003586,2023-01-30,university
emp_003587,2018-03-01,company_site
emp_003588,2019-07-02,recruiter
emp_003589,2021-08-31,boomerang
emp_003590,2021-08-31,referral
emp_003591,2026-07-01,referral
emp_003592,2024-09-30,linkedin
emp_003593,2025-12-31,referral
emp_003594,2023-12-31,university
emp_003595,2024-03-01,recruiter
emp_003596,2026-01-30,referral
emp_003597,2024-10-31,referral
emp_003598,2023-01-30,conference
emp_003599,2023-12-01,referral
emp_003600,2024-12-31,recruiter
emp_003601,2024-07-31,recruiter
emp_003602,2025-07-01,university
emp_003603,2026-07-01,recruiter
emp_003604,2023-05-02,recruiter
emp_003605,2024-11-30,linkedin
emp_003606,2025-10-01,linkedin
emp_003607,2024-01-31,linkedin
emp_003608,2019-10-31,recruiter
emp_003609,2021-10-31,referral
emp_003610,2024-03-01,university
emp_003611,2022-08-01,university
emp_003612,2023-09-01,university
emp_003613,2023-06-01,company_site
emp_003614,2023-12-01,company_site
emp_003615,2023-07-02,conference
emp_003616,2017-04-01,conference
emp_003617,2019-08-01,university
emp_003618,2023-12-01,linkedin
emp_003619,2025-03-01,company_site
emp_003620,2024-05-31,referral
emp_003621,2024-12-31,company_site
emp_003622,2026-03-02,referral
emp_003623,2025-08-31,recruiter
emp_003624,2024-08-31,linkedin
emp_003625,2026-04-01,referral
emp_003626,2025-03-01,referral
emp_003627,2021-07-01,recruiter
emp_003628,2023-10-31,linkedin
emp_003629,2025-10-01,linkedin
emp_003630,2024-05-01,conference
emp_003631,2025-08-31,referral
emp_003632,2024-09-30,company_site
emp_003633,2025-06-01,referral
emp_003634,2026-03-02,linkedin
emp_003635,2021-09-30,referral
emp_003636,2022-12-31,company_site
emp_003637,2024-04-01,referral
emp_003638,2024-07-31,referral
emp_003639,2025-03-01,company_site
emp_003640,2025-12-31,company_site
emp_003641,2023-10-01,referral
emp_003642,2025-03-01,recruiter
emp_003643,2025-06-01,referral
emp_003644,2025-11-30,linkedin
emp_003645,2024-11-30,referral
emp_003646,2025-06-01,referral
emp_003647,2025-08-31,referral
emp_003648,2022-10-01,recruiter
emp_003649,2025-11-30,university
emp_003650,2024-08-31,linkedin
emp_003651,2024-08-31,university
emp_003652,2019-10-01,linkedin
emp_003653,2025-07-01,recruiter
emp_003654,2024-07-01,recruiter
emp_003655,2025-06-01,referral
emp_003656,2020-10-31,referral
emp_003657,2023-12-31,linkedin
emp_003658,2026-03-02,company_site
emp_003659,2021-08-01,referral
emp_003660,2024-08-31,company_site
emp_003661,2022-07-01,recruiter
emp_003662,2024-03-01,company_site
emp_003663,2025-08-01,referral
emp_003664,2025-06-01,company_site
emp_003665,2024-01-31,linkedin
emp_003666,2022-12-31,recruiter
emp_003667,2022-07-01,recruiter
emp_003668,2025-08-01,conference
emp_003669,2019-08-01,linkedin
emp_003670,2025-06-01,linkedin
emp_003671,2025-03-01,recruiter
emp_003672,2018-12-31,linkedin
emp_003673,2025-05-01,linkedin
emp_003674,2019-07-02,linkedin
emp_003675,2024-05-01,referral
emp_003676,2024-12-31,linkedin
emp_003677,2020-03-01,linkedin
emp_003678,2025-08-31,company_site
emp_003679,2022-05-01,referral
emp_003680,2024-05-31,linkedin
emp_003681,2022-03-02,referral
emp_003682,2024-10-31,recruiter
emp_003683,2016-01-30,referral
emp_003684,2022-05-01,referral
emp_003685,2025-06-01,university
emp_003686,2026-03-02,recruiter
emp_003687,2024-12-31,referral
emp_003688,2023-06-01,linkedin
emp_003689,2024-12-31,referral
emp_003690,2020-05-01,referral
emp_003691,2024-08-31,boomerang
emp_003692,2020-12-30,conference
emp_003693,2024-04-01,linkedin
emp_003694,2024-01-31,recruiter
emp_003695,2024-05-01,linkedin
emp_003696,2021-01-30,recruiter
emp_003697,2019-05-02,referral
emp_003698,2024-05-31,university
emp_003699,2024-08-31,recruiter
emp_003700,2026-05-02,referral
emp_003701,2022-10-01,referral
emp_003702,2024-12-31,conference
emp_003703,2024-07-01,linkedin
emp_003704,2022-07-01,referral
emp_003705,2024-08-31,referral
emp_003706,2021-06-01,referral
emp_003707,2025-04-01,linkedin
emp_003708,2023-03-02,referral
emp_003709,2023-05-02,university
emp_003710,2025-03-01,recruiter
emp_003711,2025-05-01,referral
emp_003712,2023-01-30,company_site
emp_003713,2025-03-01,referral
emp_003714,2024-07-31,recruiter
emp_003715,2025-01-30,referral
emp_003716,2024-08-31,university
emp_003717,2024-11-30,referral
emp_003718,2020-12-30,boomerang
emp_003719,2025-03-01,recruiter
emp_003720,2023-10-31,recruiter
emp_003721,2024-05-01,university
emp_003722,2025-10-01,recruiter
emp_003723,2024-09-30,linkedin
emp_003724,2021-10-31,recruiter
emp_003725,2020-12-30,company_site
emp_003726,2024-03-01,boomerang
emp_003727,2021-10-31,conference
emp_003728,2023-09-01,referral
emp_003729,2025-07-01,boomerang
emp_003730,2025-05-01,recruiter
emp_003731,2021-11-30,company_site
emp_003732,2023-12-01,linkedin
emp_003733,2023-12-31,referral
emp_003734,2021-12-31,recruiter
emp_003735,2024-03-01,referral
emp_003736,2024-08-31,linkedin
emp_003737,2021-05-01,referral
emp_003738,2024-05-31,company_site
emp_003739,2026-03-02,linkedin
emp_003740,2025-07-01,referral
emp_003741,2023-03-02,linkedin
emp_003742,2024-01-31,referral
emp_003743,2022-03-02,company_site
emp_003744,2021-04-01,conference
emp_003745,2025-04-01,conference
emp_003746,2023-09-01,referral
emp_003747,2025-01-30,referral
emp_003748,2024-07-01,referral
emp_003749,2023-01-30,linkedin
emp_003750,2025-03-01,company_site
emp_003751,2021-04-01,linkedin
emp_003752,2023-12-31,referral
emp_003753,2023-12-31,company_site
emp_003754,2023-12-31,boomerang
emp_003755,2025-08-31,recruiter
emp_003756,2025-04-01,linkedin
emp_003757,2025-10-31,university
emp_003758,2021-09-30,university
emp_003759,2025-07-01,company_site
emp_003760,2025-01-30,linkedin
emp_003761,2026-03-02,university
emp_003762,2023-12-31,company_site
emp_003763,2024-08-31,linkedin
emp_003764,2026-05-02,recruiter
emp_003765,2018-10-31,university
emp_003766,2025-01-30,referral
emp_003767,2023-04-01,recruiter
emp_003768,2024-09-30,university
emp_003769,2020-08-31,company_site
emp_003770,2025-08-31,recruiter
emp_003771,2025-10-31,linkedin
emp_003772,2022-12-01,recruiter
emp_003773,2022-10-01,recruiter
emp_003774,2024-05-31,company_site
emp_003775,2025-10-01,recruiter
emp_003776,2024-08-31,university
emp_003777,2024-05-01,recruiter
emp_003778,2022-05-01,company_site
emp_003779,2023-06-01,linkedin
emp_003780,2020-07-31,company_site
emp_003781,2023-03-02,linkedin
emp_003782,2024-10-31,referral
emp_003783,2024-05-01,recruiter
emp_003784,2025-04-01,linkedin
emp_003785,2019-10-31,referral
emp_003786,2023-03-02,recruiter
emp_003787,2025-06-01,linkedin
emp_003788,2025-08-01,linkedin
emp_003789,2024-09-30,linkedin
emp_003790,2025-08-31,university
emp_003791,2025-07-01,conference
emp_003792,2024-08-31,recruiter
emp_003793,2024-07-31,referral
emp_003794,2022-10-01,linkedin
emp_003795,2024-04-01,company_site
emp_003796,2017-04-01,company_site
emp_003797,2014-07-01,university
emp_003798,2018-08-31,linkedin
emp_003799,2025-08-01,recruiter
emp_003800,2025-06-01,conference
emp_003801,2023-06-01,boomerang
emp_003802,2026-01-30,recruiter
emp_003803,2026-07-01,referral
emp_003804,2023-12-31,recruiter
emp_003805,2022-10-01,referral
emp_003806,2021-07-01,recruiter
emp_003807,2025-10-01,company_site
emp_003808,2023-08-01,linkedin
emp_003809,2025-01-30,recruiter
emp_003810,2022-12-31,recruiter
emp_003811,2024-07-31,university
emp_003812,2026-03-02,company_site
emp_003813,2024-09-30,recruiter
emp_003814,2022-04-01,referral
emp_003815,2024-09-30,recruiter
emp_003816,2025-06-01,company_site
emp_003817,2022-04-01,linkedin
emp_003818,2025-08-31,linkedin
emp_003819,2021-11-30,linkedin
emp_003820,2020-11-30,company_site
emp_003821,2022-01-30,recruiter
emp_003822,2025-04-01,company_site
emp_003823,2022-04-01,referral
emp_003824,2024-09-30,recruiter
emp_003825,2025-11-30,conference
emp_003826,2024-03-01,university
emp_003827,2025-08-31,recruiter
emp_003828,2024-05-31,company_site
emp_003829,2024-03-01,recruiter
emp_003830,2023-12-01,recruiter
emp_003831,2024-10-31,linkedin
emp_003832,2021-11-30,linkedin
emp_003833,2025-03-01,linkedin
emp_003834,2023-06-01,referral
emp_003835,2024-05-31,university
emp_003836,2023-04-01,referral
emp_003837,2024-07-01,company_site
emp_003838,2024-09-30,referral
emp_003839,2023-09-01,recruiter
emp_003840,2023-09-01,linkedin
emp_003841,2022-12-31,boomerang
emp_003842,2024-10-31,linkedin
emp_003843,2022-07-01,linkedin
emp_003844,2025-10-31,referral
emp_003845,2026-07-01,recruiter
emp_003846,2022-08-01,referral
emp_003847,2024-10-31,boomerang
emp_003848,2024-05-01,recruiter
emp_003849,2021-10-31,linkedin
emp_003850,2022-03-02,boomerang
emp_003851,2024-07-31,recruiter
emp_003852,2020-05-31,referral
emp_003853,2021-07-01,recruiter
emp_003854,2024-12-31,boomerang
emp_003855,2025-11-30,conference
emp_003856,2021-08-01,linkedin
emp_003857,2024-03-01,linkedin
emp_003858,2023-06-01,linkedin
emp_003859,2025-03-01,referral
emp_003860,2022-04-01,linkedin
emp_003861,2022-06-01,linkedin
emp_003862,2023-12-31,linkedin
emp_003863,2018-12-31,recruiter
emp_003864,2023-12-01,referral
emp_003865,2023-12-31,university
emp_003866,2024-07-31,university
emp_003867,2020-08-31,referral
emp_003868,2024-10-31,recruiter
emp_003869,2023-09-01,recruiter
emp_003870,2018-01-30,company_site
emp_003871,2022-05-01,conference
emp_003872,2025-04-01,company_site
emp_003873,2022-08-31,university
emp_003874,2019-04-01,recruiter
emp_003875,2024-01-31,referral
emp_003876,2021-07-01,referral
emp_003877,2025-04-01,university
emp_003878,2024-08-31,conference
emp_003879,2025-03-01,university
emp_003880,2024-04-01,company_site
emp_003881,2025-05-01,company_site
emp_003882,2023-12-01,referral
emp_003883,2026-01-30,recruiter
emp_003884,2019-12-31,recruiter
emp_003885,2023-01-30,boomerang
emp_003886,2023-03-02,linkedin
emp_003887,2024-10-31,referral
emp_003888,2023-07-02,linkedin
emp_003889,2024-10-31,referral
emp_003890,2025-10-01,referral
emp_003891,2024-05-31,referral
emp_003892,2025-07-01,company_site
emp_003893,2024-07-31,referral
emp_003894,2025-07-01,referral
emp_003895,2017-09-30,company_site
emp_003896,2020-01-31,referral
emp_003897,2024-11-30,referral
emp_003898,2025-08-01,university
emp_003899,2024-07-31,linkedin
emp_003900,2023-03-02,referral
emp_003901,2024-12-31,linkedin
emp_003902,2023-04-01,recruiter
emp_003903,2024-05-01,referral
emp_003904,2024-08-31,linkedin
emp_003905,2025-06-01,university
emp_003906,2024-11-30,recruiter
emp_003907,2024-03-01,company_site
emp_003908,2022-08-31,referral
emp_003909,2024-07-31,company_site
emp_003910,2024-11-30,company_site
emp_003911,2023-07-02,referral
emp_003912,2023-12-31,recruiter
emp_003913,2017-06-01,company_site
emp_003914,2024-10-31,linkedin
emp_003915,2025-08-31,referral
emp_003916,2019-01-30,boomerang
emp_003917,2020-12-30,university
emp_003918,2023-01-30,boomerang
emp_003919,2024-07-01,recruiter
emp_003920,2023-06-01,referral
emp_003921,2023-10-31,recruiter
emp_003922,2025-10-31,university
emp_003923,2024-04-01,referral
emp_003924,2024-04-01,linkedin
emp_003925,2019-07-02,recruiter
emp_003926,2025-04-01,referral
emp_003927,2025-08-31,recruiter
emp_003928,2020-01-31,university
emp_003929,2022-12-31,referral
emp_003930,2025-12-31,conference
emp_003931,2019-10-01,referral
emp_003932,2024-01-31,boomerang
emp_003933,2025-07-01,referral
emp_003934,2025-10-01,company_site
emp_003935,2024-09-30,university
emp_003936,2025-07-01,referral
emp_003937,2024-11-30,linkedin
emp_003938,2019-04-01,boomerang
emp_003939,2024-11-30,linkedin
emp_003940,2018-10-31,university
emp_003941,2023-12-01,referral
emp_003942,2024-05-31,university
emp_003943,2018-08-01,university
emp_003944,2025-08-31,recruiter
emp_003945,2024-05-01,referral
emp_003946,2026-03-02,referral
emp_003947,2024-04-01,linkedin
emp_003948,2025-12-31,referral
emp_003949,2020-07-01,company_site
emp_003950,2025-08-31,conference
emp_003951,2026-05-02,university
emp_003952,2020-03-01,linkedin
emp_003953,2024-01-31,boomerang
emp_003954,2024-01-31,university
emp_003955,2024-07-31,recruiter
emp_003956,2022-01-30,recruiter
emp_003957,2023-01-30,referral
emp_003958,2022-06-01,recruiter
emp_003959,2025-08-31,company_site
emp_003960,2023-05-02,company_site
emp_003961,2024-11-30,linkedin
emp_003962,2024-08-31,referral
emp_003963,2023-10-01,recruiter
emp_003964,2025-08-31,recruiter
emp_003965,2023-10-31,recruiter
emp_003966,2023-12-01,company_site
emp_003967,2016-09-30,referral
emp_003968,2021-04-01,conference
emp_003969,2025-04-01,referral
emp_003970,2020-05-01,linkedin
emp_003971,2023-03-02,referral
emp_003972,2025-06-01,referral
emp_003973,2024-12-31,recruiter
emp_003974,2023-05-02,conference
emp_003975,2023-09-01,recruiter
emp_003976,2024-01-31,recruiter
emp_003977,2024-01-31,linkedin
emp_003978,2023-05-02,referral
emp_003979,2020-12-30,linkedin
emp_003980,2022-03-02,linkedin
emp_003981,2023-12-31,conference
emp_003982,2022-06-01,linkedin
emp_003983,2021-10-31,referral
emp_003984,2026-04-01,university
emp_003985,2023-01-30,university
emp_003986,2023-07-02,boomerang
emp_003987,2020-03-31,referral
emp_003988,2026-07-01,recruiter
emp_003989,2025-06-01,referral
emp_003990,2026-01-30,recruiter
emp_003991,2019-06-01,linkedin
emp_003992,2024-05-31,company_site
emp_003993,2023-10-01,university
emp_003994,2020-07-31,boomerang
emp_003995,2023-12-01,referral
emp_003996,2022-07-01,recruiter
emp_003997,2022-12-31,referral
emp_003998,2023-04-01,linkedin
emp_003999,2025-07-01,boomerang
emp_004000,2023-07-02,university
emp_004001,2024-07-31,company_site
emp_004002,2021-08-01,recruiter
emp_004003,2023-10-01,referral
emp_004004,2013-09-30,company_site
emp_004005,2026-06-01,recruiter
emp_004006,2024-07-31,linkedin
emp_004007,2025-10-01,linkedin
emp_004008,2023-09-01,recruiter
emp_004009,2022-08-31,conference
emp_004010,2022-10-31,referral
emp_004011,2020-08-31,company_site
emp_004012,2024-09-30,recruiter
emp_004013,2023-12-31,company_site
emp_004014,2025-11-30,conference
emp_004015,2026-04-01,recruiter
emp_004016,2024-09-30,referral
emp_004017,2024-01-31,referral
emp_004018,2024-07-01,referral
emp_004019,2022-06-01,linkedin
emp_004020,2024-07-01,linkedin
emp_004021,2024-08-31,linkedin
emp_004022,2025-10-01,recruiter
emp_004023,2022-08-31,university
emp_004024,2023-10-01,linkedin
emp_004025,2022-01-30,company_site
emp_004026,2024-04-01,university
emp_004027,2025-03-01,company_site
emp_004028,2025-08-31,company_site
emp_004029,2024-09-30,conference
emp_004030,2024-12-31,recruiter
emp_004031,2023-06-01,company_site
emp_004032,2023-09-01,referral
emp_004033,2024-05-01,referral
emp_004034,2026-04-01,referral
emp_004035,2023-01-30,company_site
emp_004036,2025-10-01,linkedin
emp_004037,2024-07-01,recruiter
emp_004038,2025-11-30,recruiter
emp_004039,2022-10-31,referral
emp_004040,2023-01-30,linkedin
emp_004041,2023-09-01,recruiter
emp_004042,2024-07-01,referral
emp_004043,2023-10-31,recruiter
emp_004044,2025-12-31,referral
emp_004045,2025-10-31,company_site
emp_004046,2025-01-30,linkedin
emp_004047,2026-01-30,referral
emp_004048,2025-01-30,referral
emp_004049,2022-10-31,conference
emp_004050,2020-05-01,company_site
emp_004051,2024-08-31,referral
emp_004052,2025-12-31,linkedin
emp_004053,2023-12-31,referral
emp_004054,2025-05-01,linkedin
emp_004055,2024-07-01,referral
emp_004056,2024-11-30,university
emp_004057,2022-06-01,university
emp_004058,2023-12-01,recruiter
emp_004059,2025-10-01,referral
emp_004060,2025-08-31,recruiter
emp_004061,2025-01-30,company_site
emp_004062,2025-07-01,referral
emp_004063,2021-03-01,company_site
emp_004064,2021-11-30,recruiter
emp_004065,2025-01-30,recruiter
emp_004066,2023-06-01,company_site
emp_004067,2025-01-30,referral
emp_004068,2025-07-01,linkedin
emp_004069,2017-05-01,recruiter
emp_004070,2025-08-31,recruiter
emp_004071,2025-03-01,referral
emp_004072,2024-07-01,referral
emp_004073,2025-03-01,linkedin
emp_004074,2016-03-31,university
emp_004075,2024-03-01,recruiter
emp_004076,2023-12-31,university
emp_004077,2017-09-30,linkedin
emp_004078,2025-10-01,recruiter
emp_004079,2024-03-01,referral
emp_004080,2024-05-01,referral
emp_004081,2024-12-31,referral
emp_004082,2020-10-31,company_site
emp_004083,2023-12-31,referral
emp_004084,2022-10-31,linkedin
emp_004085,2024-09-30,referral
emp_004086,2019-03-02,referral
emp_004087,2023-09-01,referral
emp_004088,2025-05-01,recruiter
emp_004089,2024-12-31,company_site
emp_004090,2025-10-31,linkedin
emp_004091,2020-07-01,referral
emp_004092,2024-01-31,conference
emp_004093,2024-08-31,conference
emp_004094,2023-04-01,conference
emp_004095,2025-04-01,linkedin
emp_004096,2024-04-01,university
emp_004097,2023-09-01,referral
emp_004098,2018-05-01,linkedin
emp_004099,2025-03-01,recruiter
emp_004100,2022-06-01,university
emp_004101,2025-06-01,university
emp_004102,2022-03-02,referral
emp_004103,2023-12-01,linkedin
emp_004104,2025-12-31,company_site
emp_004105,2021-12-31,conference
emp_004106,2022-04-01,linkedin
emp_004107,2025-03-01,referral
emp_004108,2023-07-02,conference
emp_004109,2024-12-31,recruiter
emp_004110,2020-05-01,company_site
emp_004111,2026-04-01,referral
emp_004112,2023-12-31,referral
emp_004113,2019-10-31,referral
emp_004114,2023-12-31,company_site
emp_004115,2021-08-01,referral
emp_004116,2024-11-30,referral
emp_004117,2025-08-01,recruiter
emp_004118,2024-07-31,boomerang
emp_004119,2021-04-01,referral
emp_004120,2020-07-01,company_site
emp_004121,2020-10-31,university
emp_004122,2024-09-30,linkedin
emp_004123,2024-03-01,conference
emp_004124,2021-11-30,university
emp_004125,2024-12-31,linkedin
emp_004126,2025-04-01,linkedin
emp_004127,2024-08-31,company_site
emp_004128,2024-05-01,referral
emp_004129,2023-12-01,linkedin
emp_004130,2026-05-02,referral
emp_004131,2022-04-01,company_site
emp_004132,2021-05-01,recruiter
emp_004133,2020-03-31,recruiter
emp_004134,2023-03-02,linkedin
emp_004135,2023-05-02,university
emp_004136,2023-08-01,referral
emp_004137,2024-09-30,referral
emp_004138,2017-06-01,recruiter
emp_004139,2020-10-31,referral
emp_004140,2024-11-30,recruiter
emp_004141,2025-10-01,referral
emp_004142,2024-09-30,linkedin
emp_004143,2023-12-31,university
emp_004144,2018-03-01,recruiter
emp_004145,2020-11-30,referral
emp_004146,2024-01-31,boomerang
emp_004147,2025-12-31,recruiter
emp_004148,2021-12-31,referral
emp_004149,2024-10-31,university
emp_004150,2019-08-31,company_site
emp_004151,2024-11-30,linkedin
emp_004152,2024-11-30,boomerang
emp_004153,2021-11-30,company_site
emp_004154,2024-09-30,company_site
emp_004155,2022-05-01,linkedin
emp_004156,2023-05-02,linkedin
emp_004157,2023-10-31,linkedin
emp_004158,2018-05-01,referral
emp_004159,2022-03-02,conference
emp_004160,2025-10-01,linkedin
emp_004161,2023-10-31,linkedin
emp_004162,2025-01-30,referral
emp_004163,2021-10-31,linkedin
emp_004164,2025-08-31,boomerang
emp_004165,2023-12-01,linkedin
emp_004166,2025-01-30,conference
emp_004167,2023-08-01,referral
emp_004168,2024-07-01,company_site
emp_004169,2024-11-30,referral
emp_004170,2022-10-31,linkedin
emp_004171,2025-08-31,referral
emp_004172,2023-07-02,linkedin
emp_004173,2024-11-30,referral
emp_004174,2023-09-01,referral
emp_004175,2021-03-01,recruiter
emp_004176,2024-07-31,linkedin
emp_004177,2023-12-01,company_site
emp_004178,2025-01-30,boomerang
emp_004179,2024-03-01,company_site
emp_004180,2025-08-01,recruiter
emp_004181,2018-11-30,referral
emp_004182,2025-08-01,referral
emp_004183,2019-10-31,linkedin
emp_004184,2020-05-31,recruiter
emp_004185,2017-12-31,linkedin
emp_004186,2026-01-30,referral
emp_004187,2019-12-01,referral
emp_004188,2023-05-02,university
emp_004189,2024-04-01,recruiter
emp_004190,2020-03-31,recruiter
emp_004191,2018-06-01,linkedin
emp_004192,2022-12-31,recruiter
emp_004193,2025-12-31,company_site
emp_004194,2024-03-01,recruiter
emp_004195,2024-07-01,linkedin
emp_004196,2025-01-30,recruiter
emp_004197,2023-07-02,linkedin
emp_004198,2022-07-01,company_site
emp_004199,2025-08-31,referral
emp_004200,2025-04-01,referral
emp_004201,2024-08-31,recruiter
emp_004202,2025-10-01,referral
emp_004203,2025-11-30,university
emp_004204,2022-07-01,recruiter
emp_004205,2023-12-31,linkedin
emp_004206,2024-07-31,linkedin
emp_004207,2026-03-02,referral
emp_004208,2025-07-01,company_site
emp_004209,2025-05-01,linkedin
emp_004210,2024-01-31,referral
emp_004211,2024-04-01,recruiter
emp_004212,2025-08-31,company_site
emp_004213,2024-11-30,recruiter
emp_004214,2025-08-01,referral
emp_004215,2025-01-30,linkedin
emp_004216,2024-10-31,referral
emp_004217,2019-04-01,company_site
emp_004218,2025-03-01,boomerang
emp_004219,2025-07-01,referral
emp_004220,2021-11-30,recruiter
emp_004221,2024-01-31,recruiter
emp_004222,2024-08-31,referral
emp_004223,2019-12-01,referral
emp_004224,2022-07-01,linkedin
emp_004225,2020-10-31,referral
emp_004226,2025-11-30,referral
emp_004227,2021-08-01,referral
emp_004228,2024-10-31,company_site
emp_004229,2023-04-01,referral
emp_004230,2024-05-31,linkedin
emp_004231,2021-09-30,referral
emp_004232,2024-03-01,boomerang
emp_004233,2023-09-01,referral
emp_004234,2023-12-31,recruiter
emp_004235,2024-07-01,recruiter
emp_004236,2023-08-01,company_site
emp_004237,2022-01-30,linkedin
emp_004238,2019-01-30,linkedin
emp_004239,2024-12-31,referral
emp_004240,2024-03-01,referral
emp_004241,2024-07-31,company_site
emp_004242,2025-03-01,recruiter
emp_004243,2020-08-31,recruiter
emp_004244,2025-10-01,conference
emp_004245,2025-01-30,referral
emp_004246,2022-12-01,recruiter
emp_004247,2024-12-31,linkedin
emp_004248,2019-10-01,referral
emp_004249,2025-05-01,linkedin
emp_004250,2025-03-01,university
emp_004251,2023-10-01,university
emp_004252,2021-08-31,referral
emp_004253,2024-07-01,referral
emp_004254,2024-07-01,company_site
emp_004255,2023-10-31,company_site
emp_004256,2024-07-31,university
emp_004257,2024-12-31,linkedin
emp_004258,2024-08-31,recruiter
emp_004259,2023-05-02,linkedin
emp_004260,2023-12-01,boomerang
emp_004261,2023-08-01,recruiter
emp_004262,2025-08-01,recruiter
emp_004263,2022-07-01,recruiter
emp_004264,2022-10-01,referral
emp_004265,2020-08-31,recruiter
emp_004266,2024-07-01,referral
emp_004267,2024-11-30,referral
emp_004268,2023-01-30,university
emp_004269,2024-10-31,company_site
emp_004270,2023-09-01,university
emp_004271,2025-04-01,linkedin
emp_004272,2022-03-02,university
emp_004273,2023-06-01,linkedin
emp_004274,2023-09-01,company_site
emp_004275,2023-04-01,referral
emp_004276,2024-08-31,referral
emp_004277,2021-05-01,linkedin
emp_004278,2024-10-31,recruiter
emp_004279,2025-10-31,conference
emp_004280,2023-08-01,linkedin
emp_004281,2025-07-01,recruiter
emp_004282,2025-03-01,company_site
emp_004283,2021-11-30,linkedin
emp_004284,2020-03-01,referral
emp_004285,2022-07-01,linkedin
emp_004286,2024-03-01,referral
emp_004287,2025-12-31,referral
emp_004288,2025-12-31,referral
emp_004289,2024-04-01,recruiter
emp_004290,2020-08-31,company_site
emp_004291,2022-10-01,recruiter
emp_004292,2020-09-30,referral
emp_004293,2023-06-01,university
emp_004294,2024-11-30,recruiter
emp_004295,2025-06-01,referral
emp_004296,2023-06-01,linkedin
emp_004297,2023-01-30,referral
emp_004298,2021-04-01,recruiter
emp_004299,2021-01-30,referral
emp_004300,2023-10-01,university
emp_004301,2024-11-30,referral
emp_004302,2024-04-01,referral
emp_004303,2022-10-31,recruiter
emp_004304,2021-05-01,company_site
emp_004305,2024-03-01,linkedin
emp_004306,2025-04-01,linkedin
emp_004307,2024-12-31,referral
emp_004308,2024-05-01,referral
emp_004309,2023-12-31,referral
emp_004310,2023-09-01,referral
emp_004311,2022-01-30,boomerang
emp_004312,2020-03-31,referral
emp_004313,2024-07-01,boomerang
emp_004314,2022-01-30,recruiter
emp_004315,2024-08-31,recruiter
emp_004316,2025-04-01,conference
emp_004317,2025-11-30,recruiter
emp_004318,2021-03-01,referral
emp_004319,2024-08-31,recruiter
emp_004320,2023-07-02,linkedin
emp_004321,2025-01-30,linkedin
emp_004322,2024-07-01,university
emp_004323,2024-05-01,referral
emp_004324,2025-06-01,company_site
emp_004325,2025-04-01,university
emp_004326,2022-12-31,recruiter
emp_004327,2024-07-01,referral
emp_004328,2023-09-01,conference
emp_004329,2023-10-31,referral
emp_004330,2022-12-31,recruiter
emp_004331,2024-04-01,boomerang
emp_004332,2024-12-31,conference
emp_004333,2024-08-31,company_site
emp_004334,2024-08-31,referral
emp_004335,2024-05-31,recruiter
emp_004336,2019-01-30,referral
emp_004337,2022-03-02,referral
emp_004338,2025-03-01,recruiter
emp_004339,2024-07-31,linkedin
emp_004340,2024-08-31,linkedin
emp_004341,2026-01-30,company_site
emp_004342,2024-07-31,referral
emp_004343,2021-08-01,recruiter
emp_004344,2025-01-30,boomerang
emp_004345,2020-10-31,conference
emp_004346,2024-12-31,recruiter
emp_004347,2025-08-31,linkedin
emp_004348,2022-03-02,recruiter
emp_004349,2021-10-31,referral
emp_004350,2025-12-31,recruiter
emp_004351,2024-11-30,recruiter
emp_004352,2022-12-01,boomerang
emp_004353,2025-08-31,recruiter
emp_004354,2023-05-02,referral
emp_004355,2024-05-31,boomerang
emp_004356,2023-06-01,referral
emp_004357,2025-07-01,linkedin
emp_004358,2023-10-01,company_site
emp_004359,2023-12-31,referral
emp_004360,2024-07-01,linkedin
emp_004361,2022-10-01,boomerang
emp_004362,2020-03-01,linkedin
emp_004363,2025-08-31,recruiter
emp_004364,2020-05-01,referral
emp_004365,2025-08-31,recruiter
emp_004366,2020-07-31,company_site
emp_004367,2025-03-01,company_site
emp_004368,2018-10-31,university
emp_004369,2023-03-02,company_site
emp_004370,2024-03-01,referral
emp_004371,2025-10-31,linkedin
emp_004372,2024-01-31,company_site
emp_004373,2025-10-31,referral
emp_004374,2020-07-31,linkedin
emp_004375,2025-10-31,referral
emp_004376,2025-10-31,linkedin
emp_004377,2024-08-31,company_site
emp_004378,2024-01-31,university
emp_004379,2025-04-01,referral
emp_004380,2025-01-30,linkedin
emp_004381,2025-06-01,referral
emp_004382,2023-04-01,referral
emp_004383,2021-01-30,recruiter
emp_004384,2024-03-01,company_site
emp_004385,2024-12-31,recruiter
emp_004386,2024-09-30,linkedin
emp_004387,2023-04-01,linkedin
emp_004388,2024-04-01,conference
emp_004389,2022-01-30,referral
emp_004390,2024-09-30,company_site
emp_004391,2025-03-01,referral
emp_004392,2024-09-30,referral
emp_004393,2023-12-01,recruiter
emp_004394,2024-04-01,linkedin
emp_004395,2025-07-01,referral
emp_004396,2025-08-31,company_site
emp_004397,2026-01-30,referral
emp_004398,2023-09-01,company_site
emp_004399,2020-07-01,recruiter
emp_004400,2022-08-01,referral
emp_004401,2021-12-31,company_site
emp_004402,2019-10-01,linkedin
emp_004403,2025-08-31,boomerang
emp_004404,2021-11-30,referral
emp_004405,2023-07-02,university
emp_004406,2025-07-01,recruiter
emp_004407,2022-01-30,linkedin
emp_004408,2021-03-01,company_site
emp_004409,2022-12-01,linkedin
emp_004410,2021-05-01,referral
emp_004411,2023-06-01,university
emp_004412,2024-10-31,recruiter
emp_004413,2025-04-01,linkedin
emp_004414,2021-08-31,referral
emp_004415,2023-05-02,recruiter
emp_004416,2018-01-30,referral
emp_004417,2026-07-01,company_site
emp_004418,2025-06-01,recruiter
emp_004419,2025-01-30,referral
emp_004420,2025-10-31,referral
emp_004421,2025-06-01,linkedin
emp_004422,2023-01-30,recruiter
emp_004423,2021-11-30,university
emp_004424,2023-10-01,referral
emp_004425,2025-10-01,referral
emp_004426,2025-07-01,referral
emp_004427,2025-01-30,referral
emp_004428,2023-05-02,linkedin
emp_004429,2022-10-01,referral
emp_004430,2015-08-31,recruiter
emp_004431,2023-12-31,recruiter
emp_004432,2024-09-30,recruiter
emp_004433,2024-07-01,company_site
emp_004434,2024-04-01,referral
emp_004435,2022-06-01,recruiter
emp_004436,2023-03-02,recruiter
emp_004437,2025-11-30,referral
emp_004438,2023-04-01,company_site
emp_004439,2022-10-01,referral
emp_004440,2024-08-31,company_site
emp_004441,2025-06-01,referral
emp_004442,2025-06-01,conference
emp_004443,2020-12-30,company_site
emp_004444,2026-05-02,linkedin
emp_004445,2025-08-31,linkedin
emp_004446,2025-07-01,referral
emp_004447,2023-05-02,linkedin
emp_004448,2024-04-01,linkedin
emp_004449,2025-07-01,recruiter
emp_004450,2022-07-01,conference
emp_004451,2023-09-01,recruiter
emp_004452,2023-03-02,referral
emp_004453,2023-06-01,recruiter
emp_004454,2026-04-01,recruiter
emp_004455,2023-10-01,recruiter
emp_004456,2024-05-31,referral
emp_004457,2024-05-31,linkedin
emp_004458,2024-05-31,linkedin
emp_004459,2023-05-02,boomerang
emp_004460,2024-10-31,referral
emp_004461,2025-03-01,linkedin
emp_004462,2024-05-31,university
emp_004463,2024-12-31,recruiter
emp_004464,2023-09-01,conference
emp_004465,2024-10-31,referral
emp_004466,2023-05-02,referral
emp_004467,2023-06-01,university
emp_004468,2024-09-30,referral
emp_004469,2025-04-01,boomerang
emp_004470,2021-04-01,referral
emp_004471,2018-08-31,referral
emp_004472,2020-03-01,linkedin
emp_004473,2025-01-30,recruiter
emp_004474,2024-08-31,referral
emp_004475,2025-10-01,referral
emp_004476,2022-12-31,university
emp_004477,2023-05-02,recruiter
emp_004478,2024-11-30,company_site
emp_004479,2025-08-31,referral
emp_004480,2026-05-02,conference
emp_004481,2015-10-01,company_site
emp_004482,2022-06-01,referral
emp_004483,2026-03-02,referral
emp_004484,2024-08-31,recruiter
emp_004485,2025-10-31,referral
emp_004486,2023-05-02,linkedin
emp_004487,2022-12-31,linkedin
emp_004488,2025-04-01,linkedin
emp_004489,2024-05-01,linkedin
emp_004490,2025-08-01,recruiter
emp_004491,2025-04-01,recruiter
emp_004492,2024-04-01,company_site
emp_004493,2024-07-01,linkedin
emp_004494,2023-10-01,recruiter
emp_004495,2023-04-01,linkedin
emp_004496,2023-08-01,company_site
emp_004497,2022-07-01,referral
emp_004498,2023-10-31,company_site
emp_004499,2024-10-31,referral
emp_004500,2024-04-01,referral
emp_004501,2023-12-31,referral
emp_004502,2024-07-31,recruiter
emp_004503,2026-06-01,referral
emp_004504,2023-09-01,recruiter
emp_004505,2023-03-02,university
emp_004506,2023-10-31,referral
emp_004507,2025-03-01,referral
emp_004508,2023-08-01,linkedin
emp_004509,2025-06-01,referral
emp_004510,2024-07-31,linkedin
emp_004511,2025-08-31,linkedin
emp_004512,2023-09-01,company_site
emp_004513,2023-08-01,recruiter
emp_004514,2024-12-31,recruiter
emp_004515,2020-05-31,linkedin
emp_004516,2024-07-31,recruiter
emp_004517,2019-07-02,referral
emp_004518,2026-03-02,company_site
emp_004519,2023-07-02,referral
emp_004520,2021-04-01,university
emp_004521,2024-01-31,company_site
emp_004522,2020-08-31,referral
emp_004523,2021-08-01,recruiter
emp_004524,2023-06-01,conference
emp_004525,2017-12-31,referral
emp_004526,2025-03-01,company_site
emp_004527,2025-08-01,referral
emp_004528,2023-08-01,recruiter
emp_004529,2025-03-01,linkedin
emp_004530,2024-10-31,company_site
emp_004531,2024-05-31,linkedin
emp_004532,2024-10-31,referral
emp_004533,2021-08-31,referral
emp_004534,2022-10-01,referral
emp_004535,2020-01-31,referral
emp_004536,2025-04-01,referral
emp_004537,2024-01-31,referral
emp_004538,2025-11-30,referral
emp_004539,2023-05-02,company_site
emp_004540,2023-07-02,boomerang
emp_004541,2023-10-31,linkedin
emp_004542,2025-07-01,recruiter
emp_004543,2026-01-30,company_site
emp_004544,2017-11-30,university
emp_004545,2025-08-01,conference
emp_004546,2025-08-01,linkedin
emp_004547,2022-07-01,linkedin
emp_004548,2024-03-01,university
emp_004549,2013-01-30,company_site
emp_004550,2021-07-01,referral
emp_004551,2025-01-30,university
emp_004552,2025-03-01,referral
emp_004553,2023-04-01,linkedin
emp_004554,2020-07-01,recruiter
emp_004555,2023-12-01,linkedin
emp_004556,2020-05-31,university
emp_004557,2020-11-30,company_site
emp_004558,2024-07-31,referral
emp_004559,2025-01-30,company_site
emp_004560,2025-06-01,conference
emp_004561,2024-10-31,referral
emp_004562,2023-06-01,recruiter
emp_004563,2025-08-01,linkedin
emp_004564,2025-06-01,referral
emp_004565,2025-06-01,university
emp_004566,2021-04-01,linkedin
emp_004567,2022-07-01,linkedin
emp_004568,2024-05-01,linkedin
emp_004569,2021-05-01,linkedin
emp_004570,2025-01-30,conference
emp_004571,2024-03-01,referral
emp_004572,2024-11-30,recruiter
emp_004573,2024-05-01,referral
emp_004574,2023-04-01,referral
emp_004575,2025-01-30,company_site
emp_004576,2026-06-01,linkedin
emp_004577,2022-08-01,referral
emp_004578,2024-12-31,linkedin
emp_004579,2025-05-01,referral
emp_004580,2023-07-02,referral
emp_004581,2023-12-01,referral
emp_004582,2019-08-31,linkedin
emp_004583,2022-06-01,recruiter
emp_004584,2022-04-01,referral
emp_004585,2022-05-01,recruiter
emp_004586,2015-10-01,recruiter
emp_004587,2022-10-31,linkedin
emp_004588,2022-08-31,recruiter
emp_004589,2023-10-31,recruiter
emp_004590,2025-05-01,university
emp_004591,2025-08-01,recruiter
emp_004592,2021-01-30,company_site
emp_004593,2020-03-01,recruiter
emp_004594,2025-03-01,company_site
emp_004595,2024-09-30,referral
emp_004596,2024-04-01,company_site
emp_004597,2023-04-01,boomerang
emp_004598,2024-10-31,conference
emp_004599,2021-10-31,company_site
emp_004600,2025-10-01,referral
emp_004601,2025-08-31,linkedin
emp_004602,2024-04-01,company_site
emp_004603,2023-12-31,linkedin
emp_004604,2024-11-30,recruiter
emp_004605,2024-08-31,referral
emp_004606,2024-07-31,linkedin
emp_004607,2024-05-01,recruiter
emp_004608,2025-03-01,referral
emp_004609,2022-10-31,company_site
emp_004610,2025-05-01,linkedin
emp_004611,2023-05-02,referral
emp_004612,2013-05-31,referral
emp_004613,2024-08-31,linkedin
emp_004614,2022-08-31,recruiter
emp_004615,2023-12-31,referral
emp_004616,2026-01-30,referral
emp_004617,2021-09-30,recruiter
emp_004618,2023-07-02,boomerang
emp_004619,2025-06-01,linkedin
emp_004620,2025-12-31,recruiter
emp_004621,2025-10-31,referral
emp_004622,2025-08-01,recruiter
emp_004623,2025-07-01,company_site
emp_004624,2024-08-31,company_site
emp_004625,2024-08-31,recruiter
emp_004626,2025-01-30,linkedin
emp_004627,2025-06-01,linkedin
emp_004628,2025-01-30,company_site
emp_004629,2026-03-02,recruiter
emp_004630,2022-10-31,referral
emp_004631,2022-05-01,conference
emp_004632,2023-12-31,recruiter
emp_004633,2024-04-01,company_site
emp_004634,2024-09-30,referral
emp_004635,2023-12-01,linkedin
emp_004636,2024-05-01,recruiter
emp_004637,2025-01-30,linkedin
emp_004638,2023-08-01,company_site
emp_004639,2024-07-31,referral
emp_004640,2024-04-01,linkedin
emp_004641,2026-01-30,linkedin
emp_004642,2022-07-01,company_site
emp_004643,2025-10-31,company_site
emp_004644,2024-07-01,referral
emp_004645,2024-05-01,referral
emp_004646,2022-06-01,referral
emp_004647,2025-03-01,university
emp_004648,2022-07-01,recruiter
emp_004649,2022-06-01,linkedin
emp_004650,2021-11-30,linkedin
emp_004651,2017-03-01,recruiter
emp_004652,2025-10-31,linkedin
emp_004653,2023-01-30,referral
emp_004654,2022-08-01,referral
emp_004655,2025-08-31,referral
emp_004656,2024-03-01,referral
emp_004657,2023-12-01,referral
emp_004658,2023-04-01,recruiter
emp_004659,2025-10-31,recruiter
emp_004660,2024-03-01,recruiter
emp_004661,2023-01-30,referral
emp_004662,2023-01-30,linkedin
emp_004663,2023-09-01,university
emp_004664,2025-05-01,university
emp_004665,2019-05-02,linkedin
emp_004666,2024-08-31,university
emp_004667,2020-05-31,university
emp_004668,2023-06-01,recruiter
emp_004669,2025-07-01,recruiter
emp_004670,2025-08-01,referral
emp_004671,2023-04-01,recruiter
emp_004672,2025-01-30,university
emp_004673,2023-06-01,university
emp_004674,2023-10-01,recruiter
emp_004675,2020-08-31,referral
emp_004676,2025-03-01,recruiter
emp_004677,2024-08-31,recruiter
emp_004678,2024-09-30,recruiter
emp_004679,2020-08-31,referral
emp_004680,2024-05-31,linkedin
emp_004681,2026-03-02,referral
emp_004682,2024-04-01,recruiter
emp_004683,2023-07-02,referral
emp_004684,2022-05-01,company_site
emp_004685,2024-10-31,university
emp_004686,2022-03-02,university
emp_004687,2025-03-01,referral
emp_004688,2025-05-01,linkedin
emp_004689,2022-10-01,linkedin
emp_004690,2023-10-01,referral
emp_004691,2023-06-01,conference
emp_004692,2019-12-31,company_site
emp_004693,2023-10-01,company_site
emp_004694,2022-10-01,recruiter
emp_004695,2024-03-01,university
emp_004696,2025-01-30,linkedin
emp_004697,2022-10-01,university
emp_004698,2025-10-01,recruiter
emp_004699,2020-09-30,linkedin
emp_004700,2025-05-01,company_site
emp_004701,2026-01-30,linkedin
emp_004702,2023-09-01,referral
emp_004703,2024-12-31,recruiter
emp_004704,2024-12-31,linkedin
emp_004705,2017-08-31,university
emp_004706,2021-03-01,recruiter
emp_004707,2024-04-01,university
emp_004708,2025-10-01,boomerang
emp_004709,2024-09-30,recruiter
emp_004710,2024-12-31,conference
emp_004711,2025-03-01,referral
emp_004712,2021-08-31,referral
emp_004713,2025-08-31,company_site
emp_004714,2021-10-31,university
emp_004715,2019-12-01,referral
emp_004716,2021-04-01,university
emp_004717,2025-05-01,recruiter
emp_004718,2024-04-01,recruiter
emp_004719,2026-07-01,recruiter
emp_004720,2023-07-02,referral
emp_004721,2024-08-31,linkedin
emp_004722,2018-05-01,linkedin
emp_004723,2023-09-01,linkedin
emp_004724,2022-04-01,linkedin
emp_004725,2024-09-30,recruiter
emp_004726,2023-07-02,referral
emp_004727,2020-05-01,referral
emp_004728,2024-04-01,company_site
emp_004729,2022-10-01,referral
emp_004730,2022-04-01,referral
emp_004731,2022-05-01,university
emp_004732,2023-03-02,referral
emp_004733,2021-07-01,linkedin
emp_004734,2022-08-01,referral
emp_004735,2022-10-31,referral
emp_004736,2023-05-02,company_site
emp_004737,2025-08-31,conference
emp_004738,2024-09-30,linkedin
emp_004739,2023-06-01,linkedin
emp_004740,2025-08-31,recruiter
emp_004741,2022-01-30,referral
emp_004742,2024-05-31,recruiter
emp_004743,2025-06-01,company_site
emp_004744,2024-03-01,linkedin
emp_004745,2021-04-01,university
emp_004746,2022-10-31,boomerang
emp_004747,2025-01-30,company_site
emp_004748,2024-01-31,recruiter
emp_004749,2020-10-31,linkedin
emp_004750,2024-08-31,referral
emp_004751,2025-06-01,company_site
emp_004752,2025-01-30,referral
emp_004753,2023-04-01,linkedin
emp_004754,2023-07-02,university
emp_004755,2023-08-01,linkedin
emp_004756,2020-08-31,company_site
emp_004757,2023-03-02,recruiter
emp_004758,2025-10-31,recruiter
emp_004759,2023-05-02,recruiter
emp_004760,2021-05-01,referral
emp_004761,2025-03-01,company_site
emp_004762,2024-12-31,referral
emp_004763,2024-10-31,company_site
emp_004764,2025-08-31,recruiter
emp_004765,2025-08-01,conference
emp_004766,2023-09-01,referral
emp_004767,2023-12-31,recruiter
emp_004768,2024-05-31,recruiter
emp_004769,2023-12-31,company_site
emp_004770,2022-12-31,referral
emp_004771,2022-10-31,linkedin
emp_004772,2023-09-01,referral
emp_004773,2024-09-30,linkedin
emp_004774,2023-09-01,recruiter
emp_004775,2024-08-31,linkedin
emp_004776,2023-12-01,referral
emp_004777,2024-12-31,university
emp_004778,2020-09-30,recruiter
emp_004779,2024-11-30,linkedin
emp_004780,2021-01-30,referral
emp_004781,2020-12-30,linkedin
emp_004782,2024-03-01,linkedin
emp_004783,2023-12-31,linkedin
emp_004784,2022-08-31,recruiter
emp_004785,2023-10-31,linkedin
emp_004786,2021-07-01,linkedin
emp_004787,2025-01-30,referral
emp_004788,2023-09-01,linkedin
emp_004789,2016-07-31,referral
emp_004790,2023-05-02,linkedin
emp_004791,2023-05-02,recruiter
emp_004792,2023-12-01,boomerang
emp_004793,2023-04-01,university
emp_004794,2025-01-30,conference
emp_004795,2020-05-01,referral
emp_004796,2025-12-31,linkedin
emp_004797,2024-08-31,linkedin
emp_004798,2022-03-02,company_site
emp_004799,2025-06-01,university
emp_004800,2022-08-01,boomerang
emp_004801,2022-10-01,recruiter
emp_004802,2023-10-31,referral
emp_004803,2023-09-01,linkedin
emp_004804,2018-11-30,recruiter
emp_004805,2015-03-02,referral
emp_004806,2024-10-31,university
emp_004807,2023-04-01,university
emp_004808,2023-08-01,company_site
emp_004809,2024-09-30,recruiter
emp_004810,2024-01-31,linkedin
emp_004811,2023-05-02,recruiter
emp_004812,2019-07-02,linkedin
emp_004813,2023-04-01,company_site
emp_004814,2025-06-01,recruiter
emp_004815,2025-10-31,linkedin
emp_004816,2024-11-30,referral
emp_004817,2025-01-30,university
emp_004818,2024-05-01,referral
emp_004819,2018-10-01,recruiter
emp_004820,2022-08-31,university
emp_004821,2023-12-01,university
emp_004822,2023-10-01,linkedin
emp_004823,2023-05-02,referral
emp_004824,2024-05-01,company_site
emp_004825,2024-04-01,linkedin
emp_004826,2024-04-01,referral
emp_004827,2024-08-31,recruiter
emp_004828,2020-05-31,referral
emp_004829,2022-07-01,referral
emp_004830,2024-12-31,recruiter
emp_004831,2024-04-01,company_site
emp_004832,2025-08-01,referral
emp_004833,2022-06-01,company_site
emp_004834,2023-12-31,company_site
emp_004835,2021-04-01,referral
emp_004836,2023-04-01,recruiter
emp_004837,2025-04-01,recruiter
emp_004838,2024-07-01,recruiter
emp_004839,2019-10-01,referral
emp_004840,2026-03-02,recruiter
emp_004841,2025-05-01,linkedin
emp_004842,2024-07-31,recruiter
emp_004843,2023-10-01,linkedin
emp_004844,2023-06-01,university
emp_004845,2024-10-31,recruiter
emp_004846,2022-06-01,referral
emp_004847,2022-01-30,boomerang
emp_004848,2022-06-01,recruiter
emp_004849,2025-10-01,linkedin
emp_004850,2025-07-01,referral
emp_004851,2023-10-01,referral
emp_004852,2024-04-01,referral
emp_004853,2023-09-01,linkedin
emp_004854,2025-03-01,company_site
emp_004855,2025-03-01,recruiter
emp_004856,2024-04-01,referral
emp_004857,2022-04-01,linkedin
emp_004858,2025-07-01,recruiter
emp_004859,2025-08-01,university
emp_004860,2023-08-01,linkedin
emp_004861,2020-07-31,linkedin
emp_004862,2022-04-01,referral
emp_004863,2024-11-30,company_site
emp_004864,2023-10-01,linkedin
emp_004865,2020-09-30,referral
emp_004866,2024-03-01,referral
emp_004867,2022-08-31,university
emp_004868,2026-06-01,referral
emp_004869,2023-08-01,company_site
emp_004870,2022-12-01,recruiter
emp_004871,2025-05-01,referral
emp_004872,2025-10-01,referral
emp_004873,2024-05-31,linkedin
emp_004874,2022-08-31,referral
emp_004875,2023-10-31,referral
emp_004876,2023-06-01,referral
emp_004877,2022-12-31,recruiter
emp_004878,2025-08-31,company_site
emp_004879,2022-12-01,referral
emp_004880,2024-12-31,linkedin
emp_004881,2026-06-01,linkedin
emp_004882,2018-12-31,boomerang
emp_004883,2023-12-01,company_site
emp_004884,2016-11-30,conference
emp_004885,2023-12-31,conference
emp_004886,2024-01-31,conference
emp_004887,2024-12-31,linkedin
emp_004888,2025-08-01,referral
emp_004889,2024-03-01,linkedin
emp_004890,2025-10-01,recruiter
emp_004891,2007-08-31,company_site
emp_004892,2022-07-01,recruiter
emp_004893,2023-07-02,linkedin
emp_004894,2024-12-31,linkedin
emp_004895,2025-11-30,university
emp_004896,2025-11-30,recruiter
emp_004897,2023-01-30,linkedin
emp_004898,2023-10-31,referral
emp_004899,2021-01-30,university
emp_004900,2024-05-31,conference
emp_004901,2025-10-01,referral
emp_004902,2021-06-01,company_site
emp_004903,2023-04-01,university
emp_004904,2023-10-01,linkedin
emp_004905,2025-10-01,referral
emp_004906,2024-01-31,referral
emp_004907,2025-10-31,linkedin
emp_004908,2024-11-30,company_site
emp_004909,2025-08-01,boomerang
emp_004910,2026-03-02,linkedin
emp_004911,2024-11-30,linkedin
emp_004912,2019-12-31,referral
emp_004913,2024-04-01,linkedin
emp_004914,2024-05-01,recruiter
emp_004915,2024-05-01,university
emp_004916,2024-12-31,company_site
emp_004917,2021-10-31,referral
emp_004918,2024-12-31,linkedin
emp_004919,2023-07-02,linkedin
emp_004920,2025-04-01,linkedin
emp_004921,2024-05-01,linkedin
emp_004922,2024-07-01,company_site
emp_004923,2023-12-01,conference
emp_004924,2022-12-01,recruiter
emp_004925,2025-10-31,recruiter
emp_004926,2025-01-30,linkedin
emp_004927,2024-05-01,conference
emp_004928,2022-05-01,referral
emp_004929,2023-04-01,referral
emp_004930,2023-07-02,company_site
emp_004931,2023-04-01,company_site
emp_004932,2024-07-31,linkedin
emp_004933,2021-08-01,referral
emp_004934,2020-01-31,linkedin
emp_004935,2023-08-01,boomerang
emp_004936,2025-07-01,recruiter
emp_004937,2025-03-01,linkedin
emp_004938,2023-07-02,referral
emp_004939,2025-04-01,recruiter
emp_004940,2018-05-01,company_site
emp_004941,2022-10-01,recruiter
emp_004942,2025-05-01,referral
emp_004943,2023-07-02,university
emp_004944,2020-08-31,company_site
emp_004945,2022-04-01,university
emp_004946,2020-03-01,recruiter
emp_004947,2023-07-02,referral
emp_004948,2025-01-30,company_site
emp_004949,2023-05-02,university
emp_004950,2024-07-31,company_site
emp_004951,2023-01-30,referral
emp_004952,2025-10-31,linkedin
emp_004953,2025-03-01,conference
emp_004954,2019-10-01,referral
emp_004955,2013-08-31,referral
emp_004956,2023-10-31,recruiter
emp_004957,2020-12-30,referral
emp_004958,2025-01-30,university
emp_004959,2024-12-31,referral
emp_004960,2025-07-01,referral
emp_004961,2025-10-31,company_site
emp_004962,2025-08-31,recruiter
emp_004963,2022-05-01,company_site
emp_004964,2022-08-31,boomerang
emp_004965,2025-10-01,boomerang
emp_004966,2022-12-31,referral
emp_004967,2025-12-31,recruiter
emp_004968,2024-05-01,referral
emp_004969,2024-03-01,company_site
emp_004970,2022-05-01,university
emp_004971,2025-06-01,university
emp_004972,2025-06-01,referral
emp_004973,2023-10-01,university
emp_004974,2022-12-01,linkedin
emp_004975,2025-10-31,referral
emp_004976,2017-12-31,referral
emp_004977,2025-05-01,linkedin
emp_004978,2022-03-02,referral
emp_004979,2025-04-01,linkedin
emp_004980,2023-03-02,conference
emp_004981,2023-10-01,company_site
emp_004982,2021-12-31,company_site
emp_004983,2023-05-02,referral
emp_004984,2022-10-01,recruiter
emp_004985,2025-06-01,linkedin
emp_004986,2022-08-31,referral
emp_004987,2023-05-02,company_site
emp_004988,2022-12-31,company_site
emp_004989,2013-07-31,referral
emp_004990,2023-08-01,company_site
emp_004991,2022-12-01,linkedin
emp_004992,2023-10-01,company_site
emp_004993,2025-01-30,linkedin
emp_004994,2024-09-30,referral
emp_004995,2024-05-01,university
emp_004996,2023-09-01,company_site
emp_004997,2025-06-01,linkedin
emp_004998,2023-12-31,conference
emp_004999,2021-03-01,recruiter
emp_005000,2023-03-02,university
emp_005001,2025-04-01,conference
emp_005002,2022-05-01,referral
emp_005003,2023-10-31,linkedin
emp_005004,2024-08-31,linkedin
emp_005005,2022-10-01,referral
emp_005006,2022-12-01,conference
emp_005007,2024-05-31,university
emp_005008,2022-08-31,referral
emp_005009,2025-10-01,linkedin
emp_005010,2025-10-01,referral
emp_005011,2021-08-31,recruiter
emp_005012,2023-05-02,company_site
emp_005013,2025-04-01,linkedin
emp_005014,2024-04-01,referral
emp_005015,2023-09-01,referral
emp_005016,2025-12-31,referral
emp_005017,2015-03-02,linkedin
emp_005018,2025-06-01,linkedin
emp_005019,2024-05-01,recruiter
emp_005020,2025-05-01,linkedin
emp_005021,2024-11-30,referral
emp_005022,2024-05-01,recruiter
emp_005023,2024-01-31,referral
emp_005024,2024-11-30,referral
emp_005025,2023-04-01,conference
emp_005026,2025-05-01,linkedin
emp_005027,2023-06-01,university
emp_005028,2023-10-31,recruiter
emp_005029,2019-01-30,referral
emp_005030,2022-01-30,linkedin
emp_005031,2024-12-31,referral
emp_005032,2024-07-31,boomerang
emp_005033,2026-04-01,referral
emp_005034,2023-07-02,recruiter
emp_005035,2022-04-01,conference
emp_005036,2021-01-30,linkedin
emp_005037,2023-06-01,recruiter
emp_005038,2024-09-30,referral
emp_005039,2023-08-01,university
emp_005040,2017-07-31,university
emp_005041,2023-12-31,referral
emp_005042,2025-06-01,university
emp_005043,2025-08-31,conference
emp_005044,2022-08-31,linkedin
emp_005045,2020-07-31,referral
emp_005046,2020-07-01,referral
emp_005047,2023-03-02,boomerang
emp_005048,2022-08-31,referral
emp_005049,2025-01-30,recruiter
emp_005050,2024-01-31,boomerang
emp_005051,2021-06-01,referral
emp_005052,2019-08-31,company_site
emp_005053,2021-05-01,recruiter
emp_005054,2019-12-31,recruiter
emp_005055,2024-05-31,referral
emp_005056,2023-10-01,referral
emp_005057,2024-01-31,referral
emp_005058,2024-05-01,recruiter
emp_005059,2019-03-02,company_site
emp_005060,2025-12-31,recruiter
emp_005061,2020-05-31,recruiter
emp_005062,2024-07-01,university
emp_005063,2025-12-31,recruiter
emp_005064,2019-07-02,referral
emp_005065,2023-05-02,company_site
emp_005066,2025-06-01,company_site
emp_005067,2021-04-01,recruiter
emp_005068,2022-05-01,linkedin
emp_005069,2023-12-31,linkedin
emp_005070,2023-07-02,company_site
emp_005071,2024-10-31,linkedin
emp_005072,2021-12-31,conference
emp_005073,2025-08-31,linkedin
emp_005074,2025-04-01,recruiter
emp_005075,2024-05-01,company_site
emp_005076,2021-10-31,company_site
emp_005077,2025-08-31,company_site
emp_005078,2024-07-31,linkedin
emp_005079,2019-12-01,company_site
emp_005080,2020-05-31,university
emp_005081,2024-07-31,linkedin
emp_005082,2025-10-31,referral
emp_005083,2022-10-01,university
emp_005084,2025-08-01,recruiter
emp_005085,2024-10-31,recruiter
emp_005086,2023-10-01,referral
emp_005087,2024-11-30,conference
emp_005088,2018-08-31,boomerang
emp_005089,2024-10-31,linkedin
emp_005090,2023-08-01,boomerang
emp_005091,2021-10-31,linkedin
emp_005092,2025-07-01,referral
emp_005093,2025-03-01,recruiter
emp_005094,2024-12-31,conference
emp_005095,2023-05-02,linkedin
emp_005096,2023-08-01,recruiter
emp_005097,2024-10-31,referral
emp_005098,2021-08-01,linkedin
emp_005099,2025-08-31,linkedin
emp_005100,2023-09-01,university
emp_005101,2022-10-31,company_site
emp_005102,2020-08-31,university
emp_005103,2023-10-31,university
emp_005104,2024-10-31,linkedin
emp_005105,2023-06-01,linkedin
emp_005106,2019-08-01,linkedin
emp_005107,2024-10-31,company_site
emp_005108,2020-07-31,linkedin
emp_005109,2026-01-30,recruiter
emp_005110,2024-01-31,referral
emp_005111,2024-04-01,linkedin
emp_005112,2022-06-01,referral
emp_005113,2026-04-01,referral
emp_005114,2025-10-01,conference
emp_005115,2021-07-01,referral
emp_005116,2023-03-02,university
emp_005117,2022-03-02,recruiter
emp_005118,2024-05-31,linkedin
emp_005119,2020-07-01,linkedin
emp_005120,2024-11-30,linkedin
emp_005121,2024-12-31,recruiter
emp_005122,2024-09-30,referral
emp_005123,2024-05-01,referral
emp_005124,2023-06-01,linkedin
emp_005125,2024-09-30,linkedin
emp_005126,2024-09-30,referral
emp_005127,2024-05-01,company_site
emp_005128,2024-04-01,company_site
emp_005129,2022-10-31,recruiter
emp_005130,2023-09-01,university
emp_005131,2025-08-01,linkedin
emp_005132,2023-04-01,recruiter
emp_005133,2019-07-02,referral
emp_005134,2018-01-30,referral
emp_005135,2024-09-30,company_site
emp_005136,2024-08-31,linkedin
emp_005137,2022-12-01,company_site
emp_005138,2021-05-01,boomerang
emp_005139,2022-04-01,linkedin
emp_005140,2025-05-01,recruiter
emp_005141,2025-10-01,company_site
emp_005142,2021-10-31,linkedin
emp_005143,2023-05-02,boomerang
emp_005144,2023-12-01,company_site
emp_005145,2023-08-01,boomerang
emp_005146,2017-10-31,linkedin
emp_005147,2022-03-02,recruiter
emp_005148,2022-08-31,university
emp_005149,2025-03-01,referral
emp_005150,2024-10-31,referral
emp_005151,2025-06-01,company_site
emp_005152,2024-01-31,referral
emp_005153,2022-08-01,referral
emp_005154,2023-01-30,company_site
emp_005155,2020-03-01,referral
emp_005156,2023-08-01,linkedin
emp_005157,2023-12-31,referral
emp_005158,2025-05-01,university
emp_005159,2024-12-31,recruiter
emp_005160,2025-08-31,referral
emp_005161,2026-04-01,referral
emp_005162,2023-10-31,conference
emp_005163,2024-05-31,recruiter
emp_005164,2025-01-30,referral
emp_005165,2025-05-01,recruiter
emp_005166,2023-08-01,referral
emp_005167,2021-12-31,boomerang
emp_005168,2023-12-31,conference
emp_005169,2024-05-01,recruiter
emp_005170,2022-03-02,recruiter
emp_005171,2023-10-01,referral
emp_005172,2024-07-01,linkedin
emp_005173,2022-12-01,referral
emp_005174,2024-12-31,linkedin
emp_005175,2024-07-31,conference
emp_005176,2021-12-31,company_site
emp_005177,2025-05-01,recruiter
emp_005178,2025-05-01,conference
emp_005179,2025-03-01,linkedin
emp_005180,2024-05-31,referral
emp_005181,2021-06-01,university
emp_005182,2018-05-01,company_site
emp_005183,2023-12-31,referral
emp_005184,2024-01-31,company_site
emp_005185,2025-03-01,linkedin
emp_005186,2022-12-01,referral
emp_005187,2017-11-30,recruiter
emp_005188,2025-10-31,university
emp_005189,2026-03-02,company_site
emp_005190,2018-08-01,company_site
emp_005191,2024-12-31,linkedin
emp_005192,2023-07-02,university
emp_005193,2021-08-31,recruiter
emp_005194,2025-04-01,referral
emp_005195,2025-05-01,referral
emp_005196,2023-08-01,recruiter
emp_005197,2024-05-31,referral
emp_005198,2024-07-31,company_site
emp_005199,2026-01-30,recruiter
emp_005200,2022-04-01,referral
emp_005201,2025-01-30,linkedin
emp_005202,2017-12-31,company_site
emp_005203,2022-07-01,company_site
emp_005204,2025-04-01,company_site
emp_005205,2024-03-01,linkedin
emp_005206,2018-11-30,recruiter
emp_005207,2021-06-01,referral
emp_005208,2023-09-01,university
emp_005209,2024-05-31,linkedin
emp_005210,2024-03-01,referral
emp_005211,2021-04-01,referral
emp_005212,2025-07-01,recruiter
emp_005213,2021-07-01,company_site
emp_005214,2025-03-01,conference
emp_005215,2023-07-02,linkedin
emp_005216,2025-08-01,referral
emp_005217,2025-06-01,university
emp_005218,2025-01-30,linkedin
emp_005219,2023-10-31,linkedin
emp_005220,2022-01-30,company_site
emp_005221,2025-10-31,boomerang
emp_005222,2024-12-31,company_site
emp_005223,2025-10-31,linkedin
emp_005224,2026-07-01,company_site
emp_005225,2025-08-01,company_site
emp_005226,2024-03-01,recruiter
emp_005227,2025-06-01,linkedin
emp_005228,2024-08-31,linkedin
emp_005229,2022-10-31,recruiter
emp_005230,2024-09-30,university
emp_005231,2023-10-01,linkedin
emp_005232,2025-10-01,recruiter
emp_005233,2024-04-01,conference
emp_005234,2019-01-30,company_site
emp_005235,2024-07-31,referral
emp_005236,2026-07-01,linkedin
emp_005237,2025-04-01,linkedin
emp_005238,2025-12-31,linkedin
emp_005239,2024-11-30,referral
emp_005240,2023-12-31,referral
emp_005241,2025-05-01,recruiter
emp_005242,2023-01-30,referral
emp_005243,2020-05-01,linkedin
emp_005244,2019-10-31,referral
emp_005245,2020-12-30,linkedin
emp_005246,2025-12-31,company_site
emp_005247,2021-03-01,recruiter
emp_005248,2025-08-01,university
emp_005249,2023-07-02,university
emp_005250,2020-01-31,linkedin
emp_005251,2024-10-31,recruiter
emp_005252,2022-01-30,recruiter
emp_005253,2024-01-31,referral
emp_005254,2024-07-01,referral
emp_005255,2025-12-31,referral
emp_005256,2025-10-01,university
emp_005257,2020-07-01,referral
emp_005258,2021-10-31,recruiter
emp_005259,2020-12-30,linkedin
emp_005260,2024-08-31,recruiter
emp_005261,2024-11-30,recruiter
emp_005262,2025-08-31,conference
emp_005263,2022-01-30,referral
emp_005264,2024-08-31,linkedin
emp_005265,2023-09-01,linkedin
emp_005266,2022-12-31,linkedin
emp_005267,2023-05-02,linkedin
emp_005268,2017-04-01,company_site
emp_005269,2021-10-31,conference
emp_005270,2024-09-30,university
emp_005271,2023-10-31,linkedin
emp_005272,2024-03-01,company_site
emp_005273,2020-08-31,referral
emp_005274,2023-03-02,recruiter
emp_005275,2023-12-31,company_site
emp_005276,2025-05-01,company_site
emp_005277,2024-11-30,referral
emp_005278,2019-01-30,company_site
emp_005279,2020-08-31,company_site
emp_005280,2023-05-02,referral
emp_005281,2024-11-30,linkedin
emp_005282,2024-11-30,referral
emp_005283,2025-01-30,linkedin
emp_005284,2025-10-31,referral
emp_005285,2024-03-01,linkedin
emp_005286,2021-04-01,recruiter
emp_005287,2019-10-31,linkedin
emp_005288,2025-05-01,referral
emp_005289,2025-06-01,boomerang
emp_005290,2023-12-31,company_site
emp_005291,2020-07-31,recruiter
emp_005292,2024-03-01,referral
emp_005293,2020-12-30,boomerang
emp_005294,2023-12-31,linkedin
emp_005295,2025-05-01,conference
emp_005296,2022-10-01,recruiter
emp_005297,2020-09-30,referral
emp_005298,2025-01-30,company_site
emp_005299,2022-10-01,referral
emp_005300,2022-08-01,recruiter
emp_005301,2025-12-31,referral
emp_005302,2024-08-31,linkedin
emp_005303,2025-01-30,recruiter
emp_005304,2024-11-30,boomerang
emp_005305,2024-03-01,university
emp_005306,2025-05-01,company_site
emp_005307,2021-03-01,referral
emp_005308,2022-06-01,linkedin
emp_005309,2023-12-01,boomerang
emp_005310,2023-10-31,referral
emp_005311,2024-07-31,linkedin
emp_005312,2022-08-31,conference
emp_005313,2025-05-01,recruiter
emp_005314,2024-08-31,linkedin
emp_005315,2019-10-01,referral
emp_005316,2019-10-31,linkedin
emp_005317,2024-05-31,recruiter
emp_005318,2025-07-01,referral
emp_005319,2022-04-01,referral
emp_005320,2024-07-01,university
emp_005321,2024-04-01,conference
emp_005322,2021-12-31,referral
emp_005323,2025-10-01,referral
emp_005324,2019-12-31,referral
emp_005325,2023-01-30,linkedin
emp_005326,2023-03-02,referral
emp_005327,2025-06-01,recruiter
emp_005328,2026-07-01,linkedin
emp_005329,2024-12-31,linkedin
emp_005330,2025-04-01,linkedin
emp_005331,2024-01-31,linkedin
emp_005332,2023-10-31,recruiter
emp_005333,2024-09-30,linkedin
emp_005334,2022-05-01,company_site
emp_005335,2024-03-01,recruiter
emp_005336,2026-07-01,company_site
emp_005337,2025-07-01,referral
emp_005338,2021-04-01,conference
emp_005339,2023-09-01,recruiter
emp_005340,2017-08-31,linkedin
emp_005341,2024-07-31,referral
emp_005342,2025-11-30,recruiter
emp_005343,2025-10-01,recruiter
emp_005344,2022-01-30,recruiter
emp_005345,2022-12-01,referral
emp_005346,2024-09-30,linkedin
emp_005347,2021-08-31,company_site
emp_005348,2024-09-30,referral
emp_005349,2023-06-01,referral
emp_005350,2023-08-01,recruiter
emp_005351,2018-11-30,linkedin
emp_005352,2025-01-30,linkedin
emp_005353,2024-07-31,boomerang
emp_005354,2025-08-31,referral
emp_005355,2024-03-01,recruiter
emp_005356,2019-12-31,boomerang
emp_005357,2024-07-31,boomerang
emp_005358,2022-08-01,company_site
emp_005359,2024-10-31,conference
emp_005360,2025-08-31,linkedin
emp_005361,2024-05-31,conference
emp_005362,2019-01-30,linkedin
emp_005363,2026-01-30,referral
emp_005364,2023-06-01,university
emp_005365,2024-05-01,university
emp_005366,2023-08-01,recruiter
emp_005367,2022-10-01,recruiter
emp_005368,2023-01-30,linkedin
emp_005369,2025-10-01,recruiter
emp_005370,2022-04-01,recruiter
emp_005371,2020-09-30,referral
emp_005372,2021-12-31,referral
emp_005373,2024-09-30,recruiter
emp_005374,2021-08-01,company_site
emp_005375,2023-12-01,referral
emp_005376,2021-06-01,linkedin
emp_005377,2023-07-02,referral
emp_005378,2025-07-01,referral
emp_005379,2024-08-31,referral
emp_005380,2024-10-31,recruiter
emp_005381,2024-10-31,recruiter
emp_005382,2025-12-31,referral
emp_005383,2021-12-31,referral
emp_005384,2025-03-01,referral
emp_005385,2023-07-02,linkedin
emp_005386,2024-08-31,company_site
emp_005387,2020-10-31,recruiter
emp_005388,2022-10-31,company_site
emp_005389,2025-06-01,university
emp_005390,2025-03-01,boomerang
emp_005391,2024-07-01,company_site
emp_005392,2019-12-31,university
emp_005393,2019-08-31,university
emp_005394,2026-07-01,referral
emp_005395,2024-01-31,recruiter
emp_005396,2024-12-31,referral
emp_005397,2022-04-01,linkedin
emp_005398,2020-07-01,referral
emp_005399,2025-06-01,company_site
emp_005400,2023-03-02,company_site
emp_005401,2023-03-02,linkedin
emp_005402,2023-05-02,company_site
emp_005403,2024-10-31,linkedin
emp_005404,2026-03-02,linkedin
emp_005405,2025-06-01,university
emp_005406,2023-03-02,recruiter
emp_005407,2023-10-31,university
emp_005408,2017-11-30,referral
emp_005409,2023-12-31,referral
emp_005410,2025-04-01,recruiter
emp_005411,2023-05-02,linkedin
emp_005412,2024-07-31,referral
emp_005413,2024-01-31,referral
emp_005414,2023-10-01,boomerang
emp_005415,2024-03-01,linkedin
emp_005416,2021-05-01,linkedin
emp_005417,2022-10-31,boomerang
emp_005418,2021-08-01,linkedin
emp_005419,2024-12-31,linkedin
emp_005420,2024-05-01,recruiter
emp_005421,2025-05-01,company_site
emp_005422,2023-10-31,company_site
emp_005423,2023-10-31,linkedin
emp_005424,2024-08-31,recruiter
emp_005425,2025-03-01,company_site
emp_005426,2024-01-31,company_site
emp_005427,2025-05-01,referral
emp_005428,2024-11-30,recruiter
emp_005429,2022-10-01,referral
emp_005430,2025-10-31,linkedin
emp_005431,2025-01-30,recruiter
emp_005432,2023-03-02,company_site
emp_005433,2025-04-01,company_site
emp_005434,2021-08-31,referral
emp_005435,2024-03-01,university
emp_005436,2023-06-01,referral
emp_005437,2020-07-01,company_site
emp_005438,2024-05-31,linkedin
emp_005439,2019-10-31,recruiter
emp_005440,2025-10-01,recruiter
emp_005441,2024-07-31,referral
emp_005442,2025-08-31,referral
emp_005443,2018-12-31,boomerang
emp_005444,2025-08-01,linkedin
emp_005445,2026-03-02,linkedin
emp_005446,2023-04-01,referral
emp_005447,2024-05-31,referral
emp_005448,2025-04-01,referral
emp_005449,2024-04-01,linkedin
emp_005450,2020-08-31,university
emp_005451,2023-12-01,recruiter
emp_005452,2020-05-31,referral
emp_005453,2024-09-30,recruiter
emp_005454,2026-03-02,company_site
emp_005455,2023-12-01,linkedin
emp_005456,2024-08-31,referral
emp_005457,2022-04-01,company_site
emp_005458,2025-04-01,university
emp_005459,2020-10-31,recruiter
emp_005460,2023-08-01,referral
emp_005461,2023-10-31,referral
emp_005462,2023-12-01,referral
emp_005463,2022-05-01,linkedin
emp_005464,2025-06-01,referral
emp_005465,2024-07-31,recruiter
emp_005466,2017-05-01,recruiter
emp_005467,2025-08-31,referral
emp_005468,2012-07-31,referral
emp_005469,2022-06-01,recruiter
emp_005470,2018-01-30,university
emp_005471,2022-03-02,recruiter
emp_005472,2021-01-30,recruiter
emp_005473,2023-10-31,company_site
emp_005474,2024-04-01,recruiter
emp_005475,2023-09-01,linkedin
emp_005476,2025-05-01,referral
emp_005477,2023-07-02,recruiter
emp_005478,2023-12-31,recruiter
emp_005479,2025-08-31,recruiter
emp_005480,2025-04-01,linkedin
emp_005481,2024-11-30,company_site
emp_005482,2022-10-01,referral
emp_005483,2020-10-31,recruiter
emp_005484,2021-08-31,referral
emp_005485,2023-10-31,conference
emp_005486,2025-03-01,linkedin
emp_005487,2022-10-01,recruiter
emp_005488,2024-12-31,company_site
emp_005489,2025-08-01,referral
emp_005490,2025-06-01,company_site
emp_005491,2025-10-01,linkedin
emp_005492,2026-01-30,linkedin
emp_005493,2024-01-31,company_site
emp_005494,2025-01-30,linkedin
emp_005495,2024-12-31,referral
emp_005496,2024-11-30,linkedin
emp_005497,2023-03-02,recruiter
emp_005498,2022-08-31,conference
emp_005499,2026-05-02,referral
emp_005500,2024-11-30,company_site
emp_005501,2024-11-30,linkedin
emp_005502,2026-06-01,referral
emp_005503,2024-07-31,recruiter
emp_005504,2024-07-31,linkedin
emp_005505,2023-05-02,linkedin
emp_005506,2024-04-01,referral
emp_005507,2024-12-31,university
emp_005508,2025-06-01,referral
emp_005509,2025-03-01,company_site
emp_005510,2022-12-01,referral
emp_005511,2026-04-01,recruiter
emp_005512,2024-07-31,recruiter
emp_005513,2025-01-30,recruiter
emp_005514,2020-11-30,referral
emp_005515,2024-03-01,recruiter
emp_005516,2009-07-31,boomerang
emp_005517,2025-10-31,referral
emp_005518,2023-08-01,referral
emp_005519,2023-10-31,university
emp_005520,2023-01-30,recruiter
emp_005521,2024-11-30,linkedin
emp_005522,2023-01-30,referral
emp_005523,2023-04-01,university
emp_005524,2025-06-01,boomerang
emp_005525,2023-10-01,referral
emp_005526,2020-11-30,company_site
emp_005527,2025-05-01,linkedin
emp_005528,2023-04-01,linkedin
emp_005529,2025-01-30,conference
emp_005530,2023-05-02,linkedin
emp_005531,2024-03-01,company_site
emp_005532,2021-07-01,recruiter
emp_005533,2021-05-01,referral
emp_005534,2024-11-30,company_site
emp_005535,2024-04-01,recruiter
emp_005536,2023-03-02,company_site
emp_005537,2021-09-30,company_site
emp_005538,2022-08-31,recruiter
emp_005539,2025-08-01,referral
emp_005540,2022-03-02,company_site
emp_005541,2017-09-30,company_site
emp_005542,2023-08-01,recruiter
emp_005543,2023-09-01,university
emp_005544,2025-07-01,university
emp_005545,2025-08-01,linkedin
emp_005546,2020-12-30,referral
emp_005547,2023-12-01,referral
emp_005548,2024-03-01,recruiter
emp_005549,2025-05-01,linkedin
emp_005550,2022-10-01,referral
emp_005551,2019-12-31,company_site
emp_005552,2024-05-01,referral
emp_005553,2024-05-01,referral
emp_005554,2024-07-31,referral
emp_005555,2019-08-31,linkedin
emp_005556,2021-06-01,linkedin
emp_005557,2021-07-01,recruiter
emp_005558,2016-03-01,university
emp_005559,2021-05-01,linkedin
emp_005560,2012-09-30,linkedin
emp_005561,2024-11-30,referral
emp_005562,2025-01-30,referral
emp_005563,2022-01-30,recruiter
emp_005564,2024-05-31,recruiter
emp_005565,2025-04-01,linkedin
emp_005566,2024-12-31,university
emp_005567,2022-08-31,linkedin
emp_005568,2019-10-01,recruiter
emp_005569,2024-12-31,referral
emp_005570,2023-10-01,recruiter
emp_005571,2024-10-31,company_site
emp_005572,2025-12-31,referral
emp_005573,2023-12-01,conference
emp_005574,2023-08-01,referral
emp_005575,2026-03-02,university
emp_005576,2024-03-01,university
emp_005577,2025-10-31,linkedin
emp_005578,2024-09-30,recruiter
emp_005579,2026-04-01,recruiter
emp_005580,2016-05-01,recruiter
emp_005581,2021-10-31,recruiter
emp_005582,2024-12-31,linkedin
emp_005583,2019-08-01,referral
emp_005584,2024-03-01,company_site
emp_005585,2025-08-31,recruiter
emp_005586,2023-05-02,recruiter
emp_005587,2025-08-01,referral
emp_005588,2024-07-01,referral
emp_005589,2023-12-31,conference
emp_005590,2020-05-31,linkedin
emp_005591,2025-10-31,referral
emp_005592,2023-08-01,referral
emp_005593,2024-04-01,university
emp_005594,2024-09-30,linkedin
emp_005595,2024-08-31,referral
emp_005596,2024-04-01,linkedin
emp_005597,2025-03-01,university
emp_005598,2024-05-01,university
emp_005599,2024-05-31,referral
emp_005600,2021-12-31,recruiter
emp_005601,2024-01-31,linkedin
emp_005602,2020-03-01,linkedin
emp_005603,2023-04-01,linkedin
emp_005604,2022-10-01,referral
emp_005605,2026-04-01,referral
emp_005606,2023-05-02,referral
emp_005607,2025-03-01,recruiter
emp_005608,2024-05-31,university
emp_005609,2022-12-01,referral
emp_005610,2022-08-31,conference
emp_005611,2022-08-31,linkedin
emp_005612,2023-06-01,referral
emp_005613,2023-07-02,boomerang
emp_005614,2024-10-31,linkedin
emp_005615,2024-11-30,company_site
emp_005616,2025-08-31,recruiter
emp_005617,2024-04-01,referral
emp_005618,2019-10-01,linkedin
emp_005619,2025-11-30,company_site
emp_005620,2021-01-30,referral
emp_005621,2022-12-31,linkedin
emp_005622,2025-01-30,recruiter
emp_005623,2025-03-01,linkedin
emp_005624,2024-05-31,linkedin
emp_005625,2024-05-01,conference
emp_005626,2025-03-01,recruiter
emp_005627,2024-09-30,linkedin
emp_005628,2022-10-31,linkedin
emp_005629,2025-08-01,company_site
emp_005630,2025-08-01,recruiter
emp_005631,2022-08-01,company_site
emp_005632,2023-04-01,referral
emp_005633,2025-05-01,recruiter
emp_005634,2021-11-30,linkedin
emp_005635,2023-05-02,company_site
emp_005636,2023-01-30,university
emp_005637,2024-08-31,recruiter
emp_005638,2021-03-01,university
emp_005639,2025-10-01,linkedin
emp_005640,2021-08-01,university
emp_005641,2024-05-31,recruiter
emp_005642,2025-03-01,conference
emp_005643,2022-04-01,referral
emp_005644,2026-03-02,referral
emp_005645,2026-03-02,linkedin
emp_005646,2024-09-30,referral
emp_005647,2017-01-30,recruiter
emp_005648,2024-03-01,company_site
emp_005649,2025-08-01,referral
emp_005650,2022-12-01,boomerang
emp_005651,2023-05-02,referral
emp_005652,2025-10-01,linkedin
emp_005653,2025-10-01,referral
emp_005654,2026-03-02,referral
emp_005655,2023-05-02,linkedin
emp_005656,2021-11-30,recruiter
emp_005657,2025-07-01,university
emp_005658,2024-01-31,linkedin
emp_005659,2022-04-01,company_site
emp_005660,2026-05-02,referral
emp_005661,2025-05-01,recruiter
emp_005662,2022-07-01,recruiter
emp_005663,2026-01-30,company_site
emp_005664,2021-11-30,university
emp_005665,2021-10-31,boomerang
emp_005666,2025-05-01,conference
emp_005667,2023-12-01,recruiter
emp_005668,2026-01-30,conference
emp_005669,2022-01-30,linkedin
emp_005670,2022-01-30,referral
emp_005671,2025-01-30,linkedin
emp_005672,2025-07-01,conference
emp_005673,2024-05-01,linkedin
emp_005674,2025-06-01,linkedin
emp_005675,2024-07-31,referral
emp_005676,2025-01-30,university
emp_005677,2022-05-01,referral
emp_005678,2023-10-31,university
emp_005679,2024-04-01,company_site
emp_005680,2022-12-31,company_site
emp_005681,2022-03-02,company_site
emp_005682,2025-11-30,recruiter
emp_005683,2025-08-01,referral
emp_005684,2023-12-01,university
emp_005685,2024-04-01,recruiter
emp_005686,2023-10-01,linkedin
emp_005687,2023-12-31,recruiter
emp_005688,2024-07-31,boomerang
emp_005689,2022-08-01,recruiter
emp_005690,2023-05-02,linkedin
emp_005691,2024-07-01,company_site
emp_005692,2025-10-01,recruiter
emp_005693,2025-05-01,recruiter
emp_005694,2025-03-01,recruiter
emp_005695,2025-10-31,referral
emp_005696,2020-05-31,referral
emp_005697,2025-03-01,referral
emp_005698,2025-11-30,referral
emp_005699,2023-12-31,company_site
emp_005700,2024-11-30,recruiter
emp_005701,2025-06-01,linkedin
emp_005702,2023-01-30,referral
emp_005703,2023-06-01,recruiter
emp_005704,2025-08-31,company_site
emp_005705,2025-12-31,linkedin
emp_005706,2022-10-31,referral
emp_005707,2025-01-30,linkedin
emp_005708,2022-05-01,company_site
emp_005709,2024-01-31,recruiter
emp_005710,2023-01-30,linkedin
emp_005711,2021-03-01,referral
emp_005712,2023-09-01,referral
emp_005713,2016-03-31,linkedin
emp_005714,2023-03-02,recruiter
emp_005715,2023-09-01,recruiter
emp_005716,2023-12-01,recruiter
emp_005717,2025-04-01,recruiter
emp_005718,2025-07-01,recruiter
emp_005719,2024-12-31,linkedin
emp_005720,2024-12-31,referral
emp_005721,2023-03-02,conference
emp_005722,2024-11-30,conference
emp_005723,2024-10-31,university
emp_005724,2021-06-01,linkedin
emp_005725,2025-04-01,recruiter
emp_005726,2023-12-31,university
emp_005727,2020-03-31,linkedin
emp_005728,2025-06-01,referral
emp_005729,2026-03-02,university
emp_005730,2023-12-31,recruiter
emp_005731,2025-07-01,referral
emp_005732,2025-04-01,recruiter
emp_005733,2026-01-30,conference
emp_005734,2024-01-31,referral
emp_005735,2024-12-31,university
emp_005736,2025-10-01,referral
emp_005737,2025-10-31,referral
emp_005738,2024-10-31,referral
emp_005739,2020-10-31,recruiter
emp_005740,2025-01-30,referral
emp_005741,2020-10-31,linkedin
emp_005742,2026-07-01,recruiter
emp_005743,2020-01-31,linkedin
emp_005744,2021-01-30,recruiter
emp_005745,2023-06-01,company_site
emp_005746,2022-03-02,boomerang
emp_005747,2025-03-01,university
emp_005748,2023-10-31,recruiter
emp_005749,2022-03-02,referral
emp_005750,2021-09-30,referral
emp_005751,2024-08-31,linkedin
emp_005752,2025-08-31,referral
emp_005753,2025-08-01,linkedin
emp_005754,2024-04-01,recruiter
emp_005755,2024-11-30,referral
emp_005756,2025-10-31,boomerang
emp_005757,2023-07-02,referral
emp_005758,2024-09-30,company_site
emp_005759,2025-10-01,company_site
emp_005760,2025-05-01,referral
emp_005761,2025-04-01,university
emp_005762,2022-12-01,boomerang
emp_005763,2024-12-31,referral
emp_005764,2024-07-01,linkedin
emp_005765,2024-05-31,referral
emp_005766,2025-08-31,university
emp_005767,2023-10-31,recruiter
emp_005768,2025-08-01,referral
emp_005769,2025-06-01,recruiter
emp_005770,2024-12-31,referral
emp_005771,2023-10-01,referral
emp_005772,2025-04-01,conference
emp_005773,2015-10-01,referral
emp_005774,2024-07-01,recruiter
emp_005775,2023-09-01,referral
emp_005776,2024-01-31,recruiter
emp_005777,2023-03-02,referral
emp_005778,2022-12-01,linkedin
emp_005779,2025-06-01,company_site
emp_005780,2019-12-31,recruiter
emp_005781,2026-04-01,linkedin
emp_005782,2026-07-01,linkedin
emp_005783,2019-03-02,referral
emp_005784,2025-05-01,boomerang
emp_005785,2024-08-31,linkedin
emp_005786,2024-07-01,recruiter
emp_005787,2025-03-01,referral
emp_005788,2021-11-30,linkedin
emp_005789,2023-10-01,referral
emp_005790,2024-05-01,boomerang
emp_005791,2025-06-01,linkedin
emp_005792,2023-09-01,recruiter
emp_005793,2025-05-01,company_site
emp_005794,2025-10-01,referral
emp_005795,2024-11-30,linkedin
emp_005796,2025-10-31,university
emp_005797,2023-04-01,referral
emp_005798,2023-12-01,linkedin
emp_005799,2023-10-31,linkedin
emp_005800,2018-06-01,linkedin
emp_005801,2024-04-01,referral
emp_005802,2024-05-01,university
emp_005803,2024-08-31,referral
emp_005804,2024-12-31,company_site
emp_005805,2024-05-31,referral
emp_005806,2023-12-31,university
emp_005807,2016-05-01,linkedin
emp_005808,2025-10-31,referral
emp_005809,2024-09-30,company_site
emp_005810,2023-04-01,company_site
emp_005811,2024-01-31,linkedin
emp_005812,2024-10-31,company_site
emp_005813,2020-03-31,referral
emp_005814,2025-04-01,recruiter
emp_005815,2023-06-01,company_site
emp_005816,2023-10-01,university
emp_005817,2024-05-31,referral
emp_005818,2024-10-31,referral
emp_005819,2022-12-01,referral
emp_005820,2026-06-01,referral
emp_005821,2024-07-31,recruiter
emp_005822,2025-04-01,university
emp_005823,2025-05-01,linkedin
emp_005824,2025-10-31,conference
emp_005825,2021-01-30,recruiter
emp_005826,2023-06-01,university
emp_005827,2025-10-01,recruiter
emp_005828,2025-08-01,recruiter
emp_005829,2025-10-01,company_site
emp_005830,2022-10-01,linkedin
emp_005831,2025-11-30,university
emp_005832,2025-01-30,recruiter
emp_005833,2024-01-31,referral
emp_005834,2022-12-01,company_site
emp_005835,2025-05-01,recruiter
emp_005836,2016-12-30,referral
emp_005837,2023-10-31,referral
emp_005838,2022-12-01,company_site
emp_005839,2024-05-01,company_site
emp_005840,2022-05-01,linkedin
emp_005841,2020-12-30,referral
emp_005842,2024-04-01,referral
emp_005843,2024-05-31,referral
emp_005844,2022-08-31,linkedin
emp_005845,2025-12-31,company_site
emp_005846,2023-07-02,linkedin
emp_005847,2023-12-01,linkedin
emp_005848,2022-10-01,referral
emp_005849,2025-08-01,company_site
emp_005850,2023-10-31,referral
emp_005851,2024-11-30,linkedin
emp_005852,2024-03-01,linkedin
emp_005853,2025-04-01,referral
emp_005854,2023-12-01,university
emp_005855,2025-03-01,recruiter
emp_005856,2018-05-01,recruiter
emp_005857,2023-09-01,referral
emp_005858,2021-04-01,company_site
emp_005859,2022-08-01,company_site
emp_005860,2024-08-31,referral
emp_005861,2024-01-31,linkedin
emp_005862,2023-05-02,company_site
emp_005863,2024-12-31,university
emp_005864,2025-01-30,linkedin
emp_005865,2017-04-01,linkedin
emp_005866,2019-05-02,referral
emp_005867,2022-04-01,university
emp_005868,2024-05-31,company_site
emp_005869,2025-08-01,university
emp_005870,2025-05-01,recruiter
emp_005871,2025-01-30,referral
emp_005872,2019-08-01,boomerang
emp_005873,2019-06-01,referral
emp_005874,2023-05-02,recruiter
emp_005875,2020-05-31,recruiter
emp_005876,2023-09-01,boomerang
emp_005877,2023-12-31,referral
emp_005878,2024-12-31,linkedin
emp_005879,2025-08-01,university
emp_005880,2018-10-31,linkedin
emp_005881,2025-06-01,linkedin
emp_005882,2021-05-01,referral
emp_005883,2024-11-30,company_site
emp_005884,2024-12-31,recruiter
emp_005885,2023-12-31,linkedin
emp_005886,2025-01-30,linkedin
emp_005887,2024-05-01,linkedin
emp_005888,2023-07-02,recruiter
emp_005889,2025-03-01,recruiter
emp_005890,2025-08-31,boomerang
emp_005891,2025-10-31,referral
emp_005892,2025-08-01,referral
emp_005893,2025-08-31,company_site
emp_005894,2022-10-31,linkedin
emp_005895,2026-03-02,recruiter
emp_005896,2025-04-01,company_site
emp_005897,2024-11-30,referral
emp_005898,2025-07-01,recruiter
emp_005899,2024-03-01,recruiter
emp_005900,2023-09-01,company_site
emp_005901,2024-07-01,referral
emp_005902,2022-12-01,company_site
emp_005903,2022-08-31,referral
emp_005904,2024-07-31,referral
emp_005905,2024-01-31,linkedin
emp_005906,2025-08-31,recruiter
emp_005907,2024-03-01,boomerang
emp_005908,2026-04-01,linkedin
emp_005909,2021-11-30,referral
emp_005910,2025-11-30,recruiter
emp_005911,2022-10-31,recruiter
emp_005912,2019-03-02,referral
emp_005913,2024-10-31,linkedin
emp_005914,2024-11-30,referral
emp_005915,2021-12-31,recruiter
emp_005916,2023-08-01,boomerang
emp_005917,2019-08-01,boomerang
emp_005918,2025-07-01,linkedin
emp_005919,2024-07-31,recruiter
emp_005920,2025-10-31,referral
emp_005921,2023-09-01,company_site
emp_005922,2019-08-31,referral
emp_005923,2022-08-31,recruiter
emp_005924,2021-07-01,boomerang
emp_005925,2025-10-31,company_site
emp_005926,2019-07-02,linkedin
emp_005927,2023-12-31,recruiter
emp_005928,2019-10-01,linkedin
emp_005929,2023-10-31,referral
emp_005930,2024-08-31,university
emp_005931,2025-03-01,referral
emp_005932,2023-12-31,company_site
emp_005933,2018-08-31,referral
emp_005934,2025-06-01,conference
emp_005935,2021-08-31,university
emp_005936,2023-03-02,conference
emp_005937,2024-11-30,university
emp_005938,2019-08-31,company_site
emp_005939,2024-05-01,linkedin
emp_005940,2022-10-01,referral
emp_005941,2025-05-01,referral
emp_005942,2025-08-31,referral
emp_005943,2024-08-31,recruiter
emp_005944,2022-01-30,conference
emp_005945,2024-07-31,conference
emp_005946,2025-10-01,recruiter
emp_005947,2022-05-01,referral
emp_005948,2021-09-30,referral
emp_005949,2025-01-30,recruiter
emp_005950,2021-10-31,referral
emp_005951,2023-04-01,referral
emp_005952,2022-06-01,linkedin
emp_005953,2020-08-31,referral
emp_005954,2024-03-01,referral
emp_005955,2023-05-02,referral
emp_005956,2020-05-01,university
emp_005957,2018-07-01,referral
emp_005958,2020-09-30,referral
emp_005959,2025-01-30,referral
emp_005960,2024-07-01,linkedin
emp_005961,2022-10-01,referral
emp_005962,2023-06-01,company_site
emp_005963,2026-01-30,referral
emp_005964,2024-09-30,company_site
emp_005965,2023-06-01,referral
emp_005966,2025-08-31,referral
emp_005967,2021-04-01,conference
emp_005968,2025-10-01,referral
emp_005969,2023-07-02,referral
emp_005970,2024-08-31,referral
emp_005971,2024-12-31,conference
emp_005972,2025-04-01,company_site
emp_005973,2024-08-31,referral
emp_005974,2024-12-31,conference
emp_005975,2024-10-31,recruiter
emp_005976,2024-05-01,referral
emp_005977,2024-11-30,referral
emp_005978,2025-11-30,recruiter
emp_005979,2020-12-30,recruiter
emp_005980,2021-09-30,recruiter
emp_005981,2023-08-01,company_site
emp_005982,2022-04-01,recruiter
emp_005983,2020-12-30,conference
emp_005984,2024-07-01,company_site
emp_005985,2023-07-02,university
emp_005986,2024-09-30,recruiter
emp_005987,2019-07-02,referral
emp_005988,2025-05-01,linkedin
emp_005989,2024-07-01,recruiter
emp_005990,2020-07-01,company_site
emp_005991,2022-12-01,linkedin
emp_005992,2023-03-02,referral
emp_005993,2024-05-31,university
emp_005994,2025-07-01,company_site
emp_005995,2025-03-01,recruiter
emp_005996,2022-12-01,linkedin
emp_005997,2023-10-01,boomerang
emp_005998,2023-09-01,boomerang
emp_005999,2015-07-01,company_site
emp_006000,2025-04-01,linkedin
emp_006001,2024-01-31,university
emp_006002,2018-08-01,recruiter
emp_006003,2024-05-31,referral
emp_006004,2023-09-01,company_site
emp_006005,2013-08-31,linkedin
emp_006006,2024-01-31,boomerang
emp_006007,2023-08-01,linkedin
emp_006008,2025-08-01,company_site
emp_006009,2020-10-31,referral
emp_006010,2024-05-01,company_site
emp_006011,2023-10-01,university
emp_006012,2025-04-01,recruiter
emp_006013,2023-04-01,linkedin
emp_006014,2024-10-31,linkedin
emp_006015,2025-08-01,referral
emp_006016,2021-11-30,recruiter
emp_006017,2021-08-31,linkedin
emp_006018,2025-06-01,referral
emp_006019,2024-08-31,referral
emp_006020,2024-10-31,referral
emp_006021,2025-08-01,university
emp_006022,2023-10-31,recruiter
emp_006023,2023-08-01,linkedin
emp_006024,2024-07-31,referral
emp_006025,2025-07-01,university
emp_006026,2023-06-01,recruiter
emp_006027,2025-05-01,referral
emp_006028,2025-08-01,referral
emp_006029,2024-05-31,linkedin
emp_006030,2024-05-01,conference
emp_006031,2022-08-01,recruiter
emp_006032,2023-10-01,recruiter
emp_006033,2023-03-02,referral
emp_006034,2025-01-30,recruiter
emp_006035,2024-01-31,university
emp_006036,2023-12-01,linkedin
emp_006037,2023-04-01,boomerang
emp_006038,2023-05-02,referral
emp_006039,2026-07-01,referral
emp_006040,2024-05-31,company_site
emp_006041,2025-12-31,referral
emp_006042,2025-01-30,recruiter
emp_006043,2022-10-31,referral
emp_006044,2024-03-01,recruiter
emp_006045,2025-10-31,referral
emp_006046,2024-05-31,referral
emp_006047,2022-05-01,linkedin
emp_006048,2020-05-31,company_site
emp_006049,2024-09-30,referral
emp_006050,2024-07-31,linkedin
emp_006051,2026-03-02,recruiter
emp_006052,2023-09-01,company_site
emp_006053,2023-01-30,referral
emp_006054,2017-05-01,recruiter
emp_006055,2023-05-02,recruiter
emp_006056,2020-08-31,company_site
emp_006057,2021-08-31,company_site
emp_006058,2023-09-01,linkedin
emp_006059,2026-05-02,linkedin
emp_006060,2020-09-30,recruiter
emp_006061,2016-10-30,company_site
emp_006062,2025-10-31,company_site
emp_006063,2024-05-01,linkedin
emp_006064,2024-11-30,recruiter
emp_006065,2023-12-31,recruiter
emp_006066,2019-07-02,linkedin
emp_006067,2019-12-31,referral
emp_006068,2023-12-31,recruiter
emp_006069,2026-01-30,referral
emp_006070,2025-10-01,linkedin
emp_006071,2024-07-31,referral
emp_006072,2022-08-31,linkedin
emp_006073,2025-06-01,recruiter
emp_006074,2025-08-31,recruiter
emp_006075,2025-10-01,referral
emp_006076,2024-05-01,referral
emp_006077,2025-11-30,referral
emp_006078,2023-10-31,linkedin
emp_006079,2022-12-31,conference
emp_006080,2024-05-31,university
emp_006081,2021-03-01,linkedin
emp_006082,2024-05-31,recruiter
emp_006083,2021-09-30,university
emp_006084,2023-05-02,linkedin
emp_006085,2024-05-01,university
emp_006086,2023-10-31,referral
emp_006087,2026-04-01,linkedin
emp_006088,2020-03-31,boomerang
emp_006089,2024-04-01,referral
emp_006090,2023-10-01,recruiter
emp_006091,2025-12-31,university
emp_006092,2024-07-31,referral
emp_006093,2025-08-31,referral
emp_006094,2021-10-31,university
emp_006095,2024-01-31,linkedin
emp_006096,2022-06-01,university
emp_006097,2021-01-30,referral
emp_006098,2024-04-01,referral
emp_006099,2023-03-02,referral
emp_006100,2023-04-01,university
emp_006101,2024-12-31,referral
emp_006102,2014-04-01,linkedin
emp_006103,2024-10-31,referral
emp_006104,2025-08-01,company_site
emp_006105,2024-12-31,university
emp_006106,2024-07-31,referral
emp_006107,2024-05-01,referral
emp_006108,2024-05-31,boomerang
emp_006109,2024-07-31,linkedin
emp_006110,2025-08-31,company_site
emp_006111,2026-04-01,university
emp_006112,2025-01-30,linkedin
emp_006113,2024-07-01,linkedin
emp_006114,2024-01-31,recruiter
emp_006115,2023-05-02,linkedin
emp_006116,2016-09-30,linkedin
emp_006117,2024-05-31,linkedin
emp_006118,2017-09-30,linkedin
emp_006119,2022-01-30,referral
emp_006120,2023-08-01,recruiter
emp_006121,2023-08-01,linkedin
emp_006122,2025-12-31,linkedin
emp_006123,2025-12-31,referral
emp_006124,2022-01-30,company_site
emp_006125,2023-12-01,recruiter
emp_006126,2019-07-02,university
emp_006127,2021-08-31,company_site
emp_006128,2024-04-01,linkedin
emp_006129,2026-03-02,referral
emp_006130,2020-12-30,university
emp_006131,2024-09-30,linkedin
emp_006132,2023-10-31,referral
emp_006133,2024-05-01,recruiter
emp_006134,2024-04-01,linkedin
emp_006135,2023-07-02,linkedin
emp_006136,2026-07-01,company_site
emp_006137,2024-05-31,referral
emp_006138,2024-05-31,boomerang
emp_006139,2024-03-01,referral
emp_006140,2025-07-01,recruiter
emp_006141,2022-07-01,linkedin
emp_006142,2024-03-01,university
emp_006143,2025-06-01,referral
emp_006144,2024-09-30,boomerang
emp_006145,2025-05-01,referral
emp_006146,2023-10-31,company_site
emp_006147,2024-03-01,company_site
emp_006148,2023-05-02,linkedin
emp_006149,2021-03-01,linkedin
emp_006150,2022-05-01,referral
emp_006151,2022-04-01,referral
emp_006152,2025-05-01,recruiter
emp_006153,2024-10-31,company_site
emp_006154,2022-12-31,recruiter
emp_006155,2024-03-01,conference
emp_006156,2021-11-30,company_site
emp_006157,2025-10-31,linkedin
emp_006158,2024-08-31,linkedin
emp_006159,2024-10-31,university
emp_006160,2022-10-01,linkedin
emp_006161,2024-09-30,referral
emp_006162,2023-07-02,referral
emp_006163,2022-04-01,referral
emp_006164,2019-06-01,referral
emp_006165,2024-04-01,referral
emp_006166,2021-08-01,company_site
emp_006167,2025-12-31,referral
emp_006168,2024-12-31,linkedin
emp_006169,2012-12-30,recruiter
emp_006170,2025-06-01,referral
emp_006171,2023-12-01,referral
emp_006172,2022-10-31,linkedin
emp_006173,2022-12-01,linkedin
emp_006174,2025-10-01,recruiter
emp_006175,2023-10-31,boomerang
emp_006176,2022-10-31,boomerang
emp_006177,2024-10-31,recruiter
emp_006178,2023-12-31,referral
emp_006179,2024-03-01,company_site
emp_006180,2023-10-31,boomerang
emp_006181,2024-09-30,company_site
emp_006182,2023-03-02,boomerang
emp_006183,2025-05-01,referral
emp_006184,2022-10-01,company_site
emp_006185,2025-04-01,company_site
emp_006186,2024-11-30,linkedin
emp_006187,2021-12-31,linkedin
emp_006188,2018-08-01,linkedin
emp_006189,2024-04-01,company_site
emp_006190,2021-01-30,recruiter
emp_006191,2024-07-01,boomerang
emp_006192,2022-06-01,referral
emp_006193,2024-10-31,linkedin
emp_006194,2025-04-01,linkedin
emp_006195,2024-09-30,boomerang
emp_006196,2025-03-01,referral
emp_006197,2021-09-30,recruiter
emp_006198,2022-03-02,recruiter
emp_006199,2024-07-31,referral
emp_006200,2024-07-01,linkedin
emp_006201,2022-07-01,company_site
emp_006202,2025-05-01,recruiter
emp_006203,2024-07-01,company_site
emp_006204,2023-05-02,recruiter
emp_006205,2026-05-02,company_site
emp_006206,2026-07-01,linkedin
emp_006207,2019-04-01,conference
emp_006208,2021-11-30,linkedin
emp_006209,2024-05-31,referral
emp_006210,2023-12-01,recruiter
emp_006211,2022-12-01,university
emp_006212,2023-10-31,linkedin
emp_006213,2021-08-31,referral
emp_006214,2024-07-01,linkedin
emp_006215,2024-12-31,linkedin
emp_006216,2024-03-01,university
emp_006217,2022-08-01,referral
emp_006218,2022-05-01,company_site
emp_006219,2025-10-01,referral
emp_006220,2024-01-31,linkedin
emp_006221,2024-11-30,referral
emp_006222,2023-05-02,boomerang
emp_006223,2023-08-01,company_site
emp_006224,2024-11-30,linkedin
emp_006225,2021-08-31,linkedin
emp_006226,2024-11-30,referral
emp_006227,2022-12-31,referral
emp_006228,2022-05-01,linkedin
emp_006229,2025-07-01,company_site
emp_006230,2025-07-01,referral
emp_006231,2021-07-01,referral
emp_006232,2023-03-02,linkedin
emp_006233,2025-07-01,linkedin
emp_006234,2015-12-31,referral
emp_006235,2023-07-02,recruiter
emp_006236,2019-08-31,recruiter
emp_006237,2022-10-31,company_site
emp_006238,2020-05-01,linkedin
emp_006239,2019-03-02,company_site
emp_006240,2024-05-01,referral
emp_006241,2024-12-31,referral
emp_006242,2025-04-01,referral
emp_006243,2022-04-01,referral
emp_006244,2026-01-30,company_site
emp_006245,2022-05-01,linkedin
emp_006246,2025-08-01,referral
emp_006247,2022-07-01,company_site
emp_006248,2023-09-01,referral
emp_006249,2024-08-31,university
emp_006250,2025-06-01,referral
emp_006251,2024-07-01,university
emp_006252,2023-12-31,linkedin
emp_006253,2022-08-01,company_site
emp_006254,2024-08-31,university
emp_006255,2026-01-30,referral
emp_006256,2023-10-01,company_site
emp_006257,2022-01-30,linkedin
emp_006258,2025-10-01,linkedin
emp_006259,2016-11-30,referral
emp_006260,2025-01-30,linkedin
emp_006261,2022-05-01,recruiter
emp_006262,2022-07-01,linkedin
emp_006263,2024-07-31,referral
emp_006264,2025-10-01,referral
emp_006265,2023-12-01,referral
emp_006266,2025-10-31,referral
emp_006267,2021-08-01,referral
emp_006268,2022-08-01,recruiter
emp_006269,2024-12-31,university
emp_006270,2018-08-31,boomerang
emp_006271,2023-12-01,linkedin
emp_006272,2019-10-01,referral
emp_006273,2024-05-01,linkedin
emp_006274,2024-08-31,linkedin
emp_006275,2024-05-01,linkedin
emp_006276,2016-07-31,referral
emp_006277,2023-01-30,referral
emp_006278,2025-10-01,linkedin
emp_006279,2018-05-01,referral
emp_006280,2022-05-01,referral
emp_006281,2024-07-31,recruiter
emp_006282,2024-07-01,referral
emp_006283,2022-08-01,referral
emp_006284,2022-10-01,recruiter
emp_006285,2024-12-31,referral
emp_006286,2024-04-01,recruiter
emp_006287,2023-10-01,company_site
emp_006288,2023-03-02,referral
emp_006289,2023-12-01,recruiter
emp_006290,2023-01-30,company_site
emp_006291,2026-01-30,linkedin
emp_006292,2024-08-31,boomerang
emp_006293,2024-05-31,recruiter
emp_006294,2024-03-01,boomerang
emp_006295,2025-05-01,referral
emp_006296,2026-05-02,linkedin
emp_006297,2026-05-02,recruiter
emp_006298,2025-10-31,referral
emp_006299,2025-07-01,referral
emp_006300,2022-10-01,referral
emp_006301,2025-04-01,recruiter
emp_006302,2024-03-01,recruiter
emp_006303,2022-03-02,recruiter
emp_006304,2026-01-30,university
emp_006305,2025-03-01,linkedin
emp_006306,2025-05-01,company_site
emp_006307,2023-01-30,recruiter
emp_006308,2024-05-01,company_site
emp_006309,2024-07-31,referral
emp_006310,2022-10-31,linkedin
emp_006311,2024-05-31,linkedin
emp_006312,2020-07-01,recruiter
emp_006313,2023-03-02,company_site
emp_006314,2018-01-30,recruiter
emp_006315,2025-05-01,referral
emp_006316,2022-04-01,linkedin
emp_006317,2023-07-02,referral
emp_006318,2023-06-01,recruiter
emp_006319,2017-12-31,recruiter
emp_006320,2021-08-01,referral
emp_006321,2025-10-31,referral
emp_006322,2022-05-01,linkedin
emp_006323,2023-10-01,recruiter
emp_006324,2025-05-01,referral
emp_006325,2021-08-31,company_site
emp_006326,2020-08-31,recruiter
emp_006327,2025-07-01,recruiter
emp_006328,2024-01-31,university
emp_006329,2022-10-31,referral
emp_006330,2021-08-01,university
emp_006331,2025-11-30,conference
emp_006332,2019-10-01,referral
emp_006333,2022-03-02,conference
emp_006334,2026-07-01,recruiter
emp_006335,2025-08-01,referral
emp_006336,2024-12-31,linkedin
emp_006337,2023-12-31,referral
emp_006338,2022-05-01,linkedin
emp_006339,2024-05-31,referral
emp_006340,2025-05-01,referral
emp_006341,2024-10-31,linkedin
emp_006342,2025-03-01,university
emp_006343,2022-01-30,linkedin
emp_006344,2024-10-31,linkedin
emp_006345,2025-01-30,referral
emp_006346,2024-04-01,referral
emp_006347,2023-04-01,linkedin
emp_006348,2024-01-31,linkedin
emp_006349,2024-01-31,company_site
emp_006350,2024-09-30,company_site
emp_006351,2025-01-30,conference
emp_006352,2024-05-01,referral
emp_006353,2021-11-30,referral
emp_006354,2022-03-02,recruiter
emp_006355,2024-12-31,referral
emp_006356,2024-03-01,recruiter
emp_006357,2022-04-01,recruiter
emp_006358,2023-01-30,company_site
emp_006359,2022-12-31,linkedin
emp_006360,2025-08-31,linkedin
emp_006361,2023-05-02,boomerang
emp_006362,2025-01-30,linkedin
emp_006363,2025-10-31,referral
emp_006364,2025-08-31,company_site
emp_006365,2019-05-02,referral
emp_006366,2025-04-01,recruiter
emp_006367,2025-08-01,linkedin
emp_006368,2023-12-01,linkedin
emp_006369,2021-11-30,recruiter
emp_006370,2026-01-30,linkedin
emp_006371,2022-07-01,referral
emp_006372,2025-04-01,linkedin
emp_006373,2022-03-02,recruiter
emp_006374,2026-01-30,referral
emp_006375,2024-08-31,company_site
emp_006376,2025-08-31,linkedin
emp_006377,2024-11-30,company_site
emp_006378,2025-05-01,company_site
emp_006379,2023-04-01,referral
emp_006380,2023-09-01,linkedin
emp_006381,2021-09-30,linkedin
emp_006382,2025-10-31,linkedin
emp_006383,2024-05-31,linkedin
emp_006384,2023-07-02,referral
emp_006385,2019-08-31,university
emp_006386,2025-06-01,referral
emp_006387,2023-09-01,linkedin
emp_006388,2024-05-01,university
emp_006389,2023-12-01,linkedin
emp_006390,2025-03-01,referral
emp_006391,2024-03-01,referral
emp_006392,2025-03-01,conference
emp_006393,2023-03-02,company_site
emp_006394,2021-07-01,recruiter
emp_006395,2024-04-01,conference
emp_006396,2024-11-30,university
emp_006397,2025-08-31,referral
emp_006398,2024-05-31,linkedin
emp_006399,2023-10-01,referral
emp_006400,2022-03-02,boomerang
emp_006401,2025-08-01,recruiter
emp_006402,2024-05-01,company_site
emp_006403,2025-10-31,referral
emp_006404,2023-09-01,recruiter
emp_006405,2023-10-01,company_site
emp_006406,2025-04-01,company_site
emp_006407,2021-09-30,referral
emp_006408,2021-11-30,linkedin
emp_006409,2024-12-31,university
emp_006410,2025-10-31,linkedin
emp_006411,2024-01-31,company_site
emp_006412,2021-07-01,referral
emp_006413,2024-12-31,recruiter
emp_006414,2024-05-31,referral
emp_006415,2025-08-01,referral
emp_006416,2025-12-31,company_site
emp_006417,2025-05-01,conference
emp_006418,2024-05-31,referral
emp_006419,2024-05-31,referral
emp_006420,2025-08-01,recruiter
emp_006421,2025-03-01,university
emp_006422,2022-08-31,linkedin
emp_006423,2019-08-31,referral
emp_006424,2024-07-01,linkedin
emp_006425,2024-05-01,recruiter
emp_006426,2024-12-31,recruiter
emp_006427,2024-05-31,recruiter
emp_006428,2023-07-02,linkedin
emp_006429,2025-11-30,company_site
emp_006430,2023-01-30,recruiter
emp_006431,2023-03-02,university
emp_006432,2025-10-01,company_site
emp_006433,2023-10-31,linkedin
emp_006434,2023-06-01,linkedin
emp_006435,2024-07-01,company_site
emp_006436,2024-09-30,referral
emp_006437,2025-10-01,referral
emp_006438,2023-09-01,referral
emp_006439,2025-11-30,recruiter
emp_006440,2023-10-31,recruiter
emp_006441,2025-07-01,university
emp_006442,2025-07-01,recruiter
emp_006443,2021-12-31,linkedin
emp_006444,2022-08-31,boomerang
emp_006445,2024-03-01,referral
emp_006446,2025-08-31,recruiter
emp_006447,2020-09-30,university
emp_006448,2013-07-01,recruiter
emp_006449,2018-05-01,boomerang
emp_006450,2023-12-31,recruiter
emp_006451,2020-12-30,referral
emp_006452,2024-01-31,linkedin
emp_006453,2025-08-31,referral
emp_006454,2024-11-30,university
emp_006455,2022-07-01,linkedin
emp_006456,2014-06-01,referral
emp_006457,2022-10-01,recruiter
emp_006458,2024-08-31,company_site
emp_006459,2023-12-01,linkedin
emp_006460,2022-10-31,boomerang
emp_006461,2023-07-02,company_site
emp_006462,2023-07-02,linkedin
emp_006463,2024-08-31,recruiter
emp_006464,2022-12-01,linkedin
emp_006465,2025-01-30,university
emp_006466,2023-12-31,recruiter
emp_006467,2021-08-31,conference
emp_006468,2025-01-30,recruiter
emp_006469,2023-09-01,recruiter
emp_006470,2024-05-31,company_site
emp_006471,2025-01-30,conference
emp_006472,2022-08-31,company_site
emp_006473,2019-01-30,linkedin
emp_006474,2025-05-01,referral
emp_006475,2023-10-01,company_site
emp_006476,2018-03-01,linkedin
emp_006477,2025-03-01,linkedin
emp_006478,2019-03-02,company_site
emp_006479,2021-08-01,referral
emp_006480,2022-10-31,company_site
emp_006481,2023-08-01,recruiter
emp_006482,2025-04-01,linkedin
emp_006483,2016-03-01,recruiter
emp_006484,2023-10-31,referral
emp_006485,2024-07-31,referral
emp_006486,2022-08-01,recruiter
emp_006487,2024-04-01,university
emp_006488,2023-08-01,linkedin
emp_006489,2024-12-31,conference
emp_006490,2024-05-01,university
emp_006491,2018-04-01,linkedin
emp_006492,2024-01-31,recruiter
emp_006493,2025-01-30,conference
emp_006494,2024-05-31,university
emp_006495,2023-12-01,conference
emp_006496,2021-11-30,boomerang
emp_006497,2023-12-01,university
emp_006498,2024-09-30,university
emp_006499,2022-12-01,company_site
emp_006500,2021-10-31,boomerang
emp_006501,2025-05-01,university
emp_006502,2024-08-31,boomerang
emp_006503,2024-04-01,company_site
emp_006504,2022-03-02,linkedin
emp_006505,2024-12-31,linkedin
emp_006506,2024-07-31,referral
emp_006507,2024-10-31,linkedin
emp_006508,2023-09-01,referral
emp_006509,2025-07-01,company_site
emp_006510,2021-09-30,recruiter
emp_006511,2024-05-01,company_site
emp_006512,2021-05-01,company_site
emp_006513,2025-10-01,company_site
emp_006514,2024-07-31,referral
emp_006515,2025-08-31,university
emp_006516,2024-04-01,recruiter
emp_006517,2025-05-01,university
emp_006518,2020-05-31,company_site
emp_006519,2023-05-02,company_site
emp_006520,2025-03-01,referral
emp_006521,2025-11-30,linkedin
emp_006522,2024-03-01,university
emp_006523,2024-03-01,linkedin
emp_006524,2015-10-31,boomerang
emp_006525,2023-10-01,linkedin
emp_006526,2024-12-31,linkedin
emp_006527,2026-07-01,referral
emp_006528,2025-11-30,linkedin
emp_006529,2019-10-01,recruiter
emp_006530,2024-01-31,company_site
emp_006531,2022-06-01,recruiter
emp_006532,2025-05-01,linkedin
emp_006533,2022-12-31,university
emp_006534,2025-04-01,company_site
emp_006535,2023-08-01,company_site
emp_006536,2025-05-01,linkedin
emp_006537,2023-10-01,referral
emp_006538,2025-10-31,recruiter
emp_006539,2023-12-01,university
emp_006540,2024-09-30,linkedin
emp_006541,2023-12-01,referral
emp_006542,2020-07-31,referral
emp_006543,2024-04-01,recruiter
emp_006544,2024-12-31,boomerang
emp_006545,2018-06-01,referral
emp_006546,2023-10-31,linkedin
emp_006547,2022-05-01,conference
emp_006548,2021-09-30,company_site
emp_006549,2023-09-01,conference
emp_006550,2023-08-01,company_site
emp_006551,2024-09-30,company_site
emp_006552,2023-03-02,recruiter
emp_006553,2021-07-01,referral
emp_006554,2024-05-01,referral
emp_006555,2023-01-30,referral
emp_006556,2022-12-01,recruiter
emp_006557,2024-10-31,conference
emp_006558,2024-07-01,university
emp_006559,2025-06-01,linkedin
emp_006560,2024-03-01,company_site
emp_006561,2024-09-30,linkedin
emp_006562,2018-08-01,linkedin
emp_006563,2026-07-01,recruiter
emp_006564,2023-01-30,referral
emp_006565,2021-09-30,referral
emp_006566,2019-10-31,recruiter
emp_006567,2021-07-01,referral
emp_006568,2020-03-01,conference
emp_006569,2024-05-31,conference
emp_006570,2024-08-31,recruiter
emp_006571,2024-09-30,conference
emp_006572,2021-09-30,university
emp_006573,2025-10-01,linkedin
emp_006574,2024-11-30,recruiter
emp_006575,2021-12-31,university
emp_006576,2021-10-31,referral
emp_006577,2024-05-31,referral
emp_006578,2025-12-31,conference
emp_006579,2025-01-30,conference
emp_006580,2024-03-01,referral
emp_006581,2024-12-31,recruiter
emp_006582,2015-12-31,company_site
emp_006583,2024-07-31,referral
emp_006584,2024-08-31,university
emp_006585,2024-09-30,university
emp_006586,2023-12-31,referral
emp_006587,2023-03-02,referral
emp_006588,2022-04-01,referral
emp_006589,2023-08-01,company_site
emp_006590,2023-01-30,referral
emp_006591,2024-08-31,university
emp_006592,2021-10-31,referral
emp_006593,2025-11-30,university
emp_006594,2018-07-01,referral
emp_006595,2023-01-30,conference
emp_006596,2023-12-31,conference
emp_006597,2022-01-30,linkedin
emp_006598,2024-08-31,conference
emp_006599,2023-01-30,company_site
emp_006600,2020-09-30,referral
emp_006601,2024-04-01,company_site
emp_006602,2024-03-01,referral
emp_006603,2025-08-31,university
emp_006604,2024-09-30,recruiter
emp_006605,2022-12-31,referral
emp_006606,2022-10-31,conference
emp_006607,2025-05-01,referral
emp_006608,2023-08-01,company_site
emp_006609,2023-10-01,linkedin
emp_006610,2021-05-01,referral
emp_006611,2018-08-31,linkedin
emp_006612,2022-04-01,recruiter
emp_006613,2025-08-31,referral
emp_006614,2025-04-01,referral
emp_006615,2022-06-01,recruiter
emp_006616,2021-07-01,recruiter
emp_006617,2022-05-01,referral
emp_006618,2024-08-31,recruiter
emp_006619,2021-10-31,linkedin
emp_006620,2023-01-30,company_site
emp_006621,2026-03-02,recruiter
emp_006622,2025-06-01,recruiter
emp_006623,2025-08-01,recruiter
emp_006624,2021-08-31,recruiter
emp_006625,2022-08-31,company_site
emp_006626,2023-05-02,linkedin
emp_006627,2024-05-31,university
emp_006628,2025-08-01,referral
emp_006629,2023-09-01,referral
emp_006630,2024-05-31,university
emp_006631,2025-07-01,referral
emp_006632,2025-10-31,referral
emp_006633,2024-12-31,university
emp_006634,2020-05-01,recruiter
emp_006635,2024-05-01,recruiter
emp_006636,2024-11-30,linkedin
emp_006637,2023-12-31,university
emp_006638,2023-07-02,recruiter
emp_006639,2025-05-01,referral
emp_006640,2018-10-01,recruiter
emp_006641,2023-01-30,company_site
emp_006642,2020-09-30,linkedin
emp_006643,2023-06-01,linkedin
emp_006644,2025-10-31,linkedin
emp_006645,2024-05-01,company_site
emp_006646,2026-03-02,linkedin
emp_006647,2022-01-30,referral
emp_006648,2023-10-01,referral
emp_006649,2023-08-01,linkedin
emp_006650,2024-11-30,recruiter
emp_006651,2023-12-01,university
emp_006652,2024-08-31,referral
emp_006653,2024-10-31,recruiter
emp_006654,2023-01-30,recruiter
emp_006655,2025-08-31,recruiter
emp_006656,2023-09-01,linkedin
emp_006657,2023-05-02,linkedin
emp_006658,2025-07-01,linkedin
emp_006659,2023-06-01,company_site
emp_006660,2023-10-01,university
emp_006661,2022-01-30,linkedin
emp_006662,2025-03-01,company_site
emp_006663,2017-05-01,university
emp_006664,2025-03-01,company_site
emp_006665,2020-11-30,company_site
emp_006666,2024-01-31,referral
emp_006667,2025-05-01,referral
emp_006668,2025-08-31,company_site
emp_006669,2019-12-31,university
emp_006670,2025-01-30,university
emp_006671,2025-08-01,linkedin
emp_006672,2023-10-31,recruiter
emp_006673,2023-04-01,linkedin
emp_006674,2018-08-01,linkedin
emp_006675,2024-08-31,linkedin
emp_006676,2023-10-31,conference
emp_006677,2023-07-02,linkedin
emp_006678,2024-08-31,recruiter
emp_006679,2019-06-01,company_site
emp_006680,2021-04-01,linkedin
emp_006681,2023-08-01,linkedin
emp_006682,2023-04-01,conference
emp_006683,2022-12-01,linkedin
emp_006684,2023-12-31,referral
emp_006685,2020-05-01,university
emp_006686,2024-07-31,conference
emp_006687,2024-07-01,linkedin
emp_006688,2024-11-30,recruiter
emp_006689,2024-09-30,linkedin
emp_006690,2024-07-31,company_site
emp_006691,2024-08-31,university
emp_006692,2025-10-31,university
emp_006693,2024-04-01,referral
emp_006694,2024-08-31,referral
emp_006695,2022-03-02,recruiter
emp_006696,2025-06-01,linkedin
emp_006697,2023-09-01,recruiter
emp_006698,2025-08-31,recruiter
emp_006699,2023-01-30,referral
emp_006700,2022-12-31,company_site
emp_006701,2024-07-01,recruiter
emp_006702,2023-05-02,recruiter
emp_006703,2024-09-30,company_site
emp_006704,2025-01-30,recruiter
emp_006705,2024-05-01,referral
emp_006706,2025-07-01,recruiter
emp_006707,2019-07-02,company_site
emp_006708,2020-09-30,recruiter
emp_006709,2016-07-31,linkedin
emp_006710,2021-12-31,referral
emp_006711,2024-05-01,recruiter
emp_006712,2023-08-01,referral
emp_006713,2025-04-01,linkedin
emp_006714,2021-10-31,company_site
emp_006715,2024-12-31,recruiter
emp_006716,2019-10-31,referral
emp_006717,2022-12-01,linkedin
emp_006718,2024-05-31,recruiter
emp_006719,2024-07-01,university
emp_006720,2022-08-31,referral
emp_006721,2022-07-01,university
emp_006722,2025-11-30,referral
emp_006723,2023-12-31,referral
emp_006724,2023-07-02,company_site
emp_006725,2023-06-01,recruiter
emp_006726,2016-03-31,referral
emp_006727,2024-12-31,referral
emp_006728,2023-03-02,recruiter
emp_006729,2023-04-01,referral
emp_006730,2025-06-01,referral
emp_006731,2022-06-01,referral
emp_006732,2024-08-31,recruiter
emp_006733,2023-08-01,linkedin
emp_006734,2024-11-30,company_site
emp_006735,2024-01-31,linkedin
emp_006736,2023-10-01,boomerang
emp_006737,2023-01-30,company_site
emp_006738,2023-05-02,referral
emp_006739,2023-04-01,linkedin
emp_006740,2020-03-01,referral
emp_006741,2024-08-31,company_site
emp_006742,2022-12-01,recruiter
emp_006743,2024-07-01,referral
emp_006744,2024-01-31,referral
emp_006745,2025-06-01,referral
emp_006746,2025-01-30,referral
emp_006747,2023-09-01,recruiter
emp_006748,2023-05-02,referral
emp_006749,2023-12-01,linkedin
emp_006750,2016-03-31,recruiter
emp_006751,2023-01-30,company_site
emp_006752,2024-05-31,referral
emp_006753,2010-09-30,referral
emp_006754,2025-04-01,referral
emp_006755,2022-12-31,company_site
emp_006756,2024-07-31,referral
emp_006757,2024-07-01,referral
emp_006758,2019-05-02,referral
emp_006759,2021-11-30,referral
emp_006760,2025-10-01,boomerang
emp_006761,2022-08-31,recruiter
emp_006762,2024-01-31,referral
emp_006763,2023-10-31,linkedin
emp_006764,2023-12-31,recruiter
emp_006765,2024-11-30,recruiter
emp_006766,2024-05-01,recruiter
emp_006767,2018-11-30,company_site
emp_006768,2022-10-01,company_site
emp_006769,2024-10-31,linkedin
emp_006770,2024-05-01,referral
emp_006771,2024-08-31,linkedin
emp_006772,2023-08-01,university
emp_006773,2024-10-31,linkedin
emp_006774,2023-05-02,company_site
emp_006775,2021-01-30,referral
emp_006776,2023-08-01,referral
emp_006777,2024-01-31,conference
emp_006778,2024-12-31,recruiter
emp_006779,2026-05-02,referral
emp_006780,2021-04-01,referral
emp_006781,2024-07-01,linkedin
emp_006782,2023-10-31,recruiter
emp_006783,2022-12-31,linkedin
emp_006784,2020-12-30,linkedin
emp_006785,2025-12-31,recruiter
emp_006786,2020-12-30,linkedin
emp_006787,2022-08-01,referral
emp_006788,2022-08-31,referral
emp_006789,2024-11-30,recruiter
emp_006790,2024-10-31,boomerang
emp_006791,2023-12-31,recruiter
emp_006792,2025-08-01,recruiter
emp_006793,2025-05-01,recruiter
emp_006794,2024-08-31,referral
emp_006795,2023-07-02,recruiter
emp_006796,2023-01-30,recruiter
emp_006797,2019-03-02,company_site
emp_006798,2020-12-30,company_site
emp_006799,2024-07-31,referral
emp_006800,2022-12-01,linkedin
emp_006801,2023-07-02,linkedin
emp_006802,2021-06-01,referral
emp_006803,2024-01-31,conference
emp_006804,2025-05-01,linkedin
emp_006805,2024-07-31,recruiter
emp_006806,2024-05-31,referral
emp_006807,2025-06-01,linkedin
emp_006808,2023-10-01,referral
emp_006809,2024-01-31,company_site
emp_006810,2019-06-01,referral
emp_006811,2025-10-31,recruiter
emp_006812,2025-07-01,referral
emp_006813,2023-12-01,university
emp_006814,2024-04-01,company_site
emp_006815,2023-12-31,recruiter
emp_006816,2025-06-01,linkedin
emp_006817,2024-12-31,referral
emp_006818,2021-11-30,referral
emp_006819,2025-11-30,referral
emp_006820,2022-12-31,linkedin
emp_006821,2024-09-30,company_site
emp_006822,2024-01-31,recruiter
emp_006823,2022-10-01,recruiter
emp_006824,2024-11-30,university
emp_006825,2024-11-30,linkedin
emp_006826,2024-10-31,university
emp_006827,2021-04-01,referral
emp_006828,2019-08-01,company_site
emp_006829,2026-03-02,referral
emp_006830,2024-01-31,referral
emp_006831,2024-03-01,referral
emp_006832,2021-03-01,company_site
emp_006833,2024-05-01,linkedin
emp_006834,2025-10-01,university
emp_006835,2025-08-31,referral
emp_006836,2023-05-02,company_site
emp_006837,2021-06-01,conference
emp_006838,2025-10-01,recruiter
emp_006839,2022-03-02,referral
emp_006840,2024-07-01,referral
emp_006841,2020-12-30,boomerang
emp_006842,2024-05-31,company_site
emp_006843,2024-03-01,company_site
emp_006844,2023-06-01,linkedin
emp_006845,2024-11-30,conference
emp_006846,2022-07-01,referral
emp_006847,2025-07-01,recruiter
emp_006848,2022-04-01,boomerang
emp_006849,2026-04-01,recruiter
emp_006850,2025-07-01,recruiter
emp_006851,2024-05-01,referral
emp_006852,2025-12-31,linkedin
emp_006853,2021-10-31,referral
emp_006854,2022-01-30,company_site
emp_006855,2022-12-01,company_site
emp_006856,2024-09-30,recruiter
emp_006857,2025-08-31,referral
emp_006858,2022-12-31,referral
emp_006859,2021-01-30,company_site
emp_006860,2023-05-02,university
emp_006861,2025-04-01,linkedin
emp_006862,2023-08-01,university
emp_006863,2025-04-01,referral
emp_006864,2022-01-30,university
emp_006865,2022-10-31,referral
emp_006866,2023-12-31,recruiter
emp_006867,2025-01-30,linkedin
emp_006868,2024-09-30,recruiter
emp_006869,2022-10-01,referral
emp_006870,2024-05-31,company_site
emp_006871,2026-07-01,conference
emp_006872,2024-08-31,recruiter
emp_006873,2018-08-01,recruiter
emp_006874,2024-10-31,referral
emp_006875,2022-12-31,referral
emp_006876,2023-12-01,conference
emp_006877,2024-10-31,linkedin
emp_006878,2019-06-01,referral
emp_006879,2022-07-01,referral
emp_006880,2021-06-01,recruiter
emp_006881,2021-06-01,company_site
emp_006882,2023-12-31,recruiter
emp_006883,2022-12-31,linkedin
emp_006884,2023-12-31,university
emp_006885,2024-01-31,recruiter
emp_006886,2026-06-01,linkedin
emp_006887,2023-06-01,recruiter
emp_006888,2021-08-31,university
emp_006889,2020-09-30,recruiter
emp_006890,2025-10-01,university
emp_006891,2024-12-31,company_site
emp_006892,2025-04-01,referral
emp_006893,2022-10-01,recruiter
emp_006894,2023-10-31,university
emp_006895,2024-09-30,referral
emp_006896,2022-10-31,university
emp_006897,2025-08-31,referral
emp_006898,2024-11-30,linkedin
emp_006899,2025-01-30,referral
emp_006900,2024-04-01,recruiter
emp_006901,2024-10-31,company_site
emp_006902,2024-07-31,boomerang
emp_006903,2023-08-01,recruiter
emp_006904,2024-09-30,recruiter
emp_006905,2024-12-31,linkedin
emp_006906,2025-04-01,company_site
emp_006907,2014-06-01,referral
emp_006908,2021-08-31,linkedin
emp_006909,2025-05-01,conference
emp_006910,2025-12-31,referral
emp_006911,2021-12-31,recruiter
emp_006912,2022-12-01,linkedin
emp_006913,2023-10-31,linkedin
emp_006914,2024-08-31,recruiter
emp_006915,2025-05-01,company_site
emp_006916,2024-04-01,recruiter
emp_006917,2025-08-31,linkedin
emp_006918,2022-06-01,referral
emp_006919,2021-09-30,university
emp_006920,2024-09-30,boomerang
emp_006921,2025-04-01,company_site
emp_006922,2023-09-01,company_site
emp_006923,2025-04-01,linkedin
emp_006924,2026-04-01,referral
emp_006925,2021-07-01,company_site
emp_006926,2024-10-31,linkedin
emp_006927,2025-10-31,company_site
emp_006928,2024-07-01,company_site
emp_006929,2025-10-31,recruiter
emp_006930,2024-04-01,linkedin
emp_006931,2024-05-31,referral
emp_006932,2024-04-01,university
emp_006933,2025-10-31,recruiter
emp_006934,2022-07-01,linkedin
emp_006935,2024-07-01,recruiter
emp_006936,2024-04-01,recruiter
emp_006937,2021-11-30,linkedin
emp_006938,2025-04-01,recruiter
emp_006939,2020-05-01,conference
emp_006940,2024-07-01,linkedin
emp_006941,2023-12-31,referral
emp_006942,2022-10-31,referral
emp_006943,2023-10-31,linkedin
emp_006944,2025-10-01,university
emp_006945,2025-12-31,boomerang
emp_006946,2023-06-01,recruiter
emp_006947,2020-01-31,linkedin
emp_006948,2025-07-01,linkedin
emp_006949,2024-04-01,recruiter
emp_006950,2024-09-30,recruiter
emp_006951,2025-05-01,university
emp_006952,2022-01-30,company_site
emp_006953,2024-03-01,linkedin
emp_006954,2023-07-02,company_site
emp_006955,2024-05-01,recruiter
emp_006956,2025-07-01,referral
emp_006957,2019-10-31,linkedin
emp_006958,2022-12-31,recruiter
emp_006959,2022-12-31,referral
emp_006960,2022-12-01,university
emp_006961,2024-01-31,recruiter
emp_006962,2025-07-01,recruiter
emp_006963,2024-01-31,company_site
emp_006964,2025-06-01,referral
emp_006965,2025-10-31,referral
emp_006966,2020-01-31,linkedin
emp_006967,2023-09-01,referral
emp_006968,2025-05-01,company_site
emp_006969,2016-09-30,referral
emp_006970,2024-10-31,referral
emp_006971,2018-11-30,conference
emp_006972,2022-12-01,linkedin
emp_006973,2019-08-01,referral
emp_006974,2024-07-31,conference
emp_006975,2020-08-31,referral
emp_006976,2023-09-01,linkedin
emp_006977,2025-07-01,referral
emp_006978,2025-03-01,company_site
emp_006979,2021-04-01,company_site
emp_006980,2025-03-01,referral
emp_006981,2025-03-01,company_site
emp_006982,2023-12-31,university
emp_006983,2024-07-01,referral
emp_006984,2023-10-31,referral
emp_006985,2025-04-01,recruiter
emp_006986,2025-06-01,linkedin
emp_006987,2021-01-30,referral
emp_006988,2024-07-01,recruiter
emp_006989,2023-12-31,boomerang
emp_006990,2023-08-01,linkedin
emp_006991,2022-10-31,referral
emp_006992,2020-07-31,recruiter
emp_006993,2022-08-31,referral
emp_006994,2025-08-31,recruiter
emp_006995,2025-10-01,company_site
emp_006996,2025-08-01,referral
emp_006997,2023-08-01,company_site
emp_006998,2024-12-31,linkedin
emp_006999,2025-07-01,boomerang
emp_007000,2018-11-30,recruiter
emp_007001,2023-09-01,referral
emp_007002,2025-04-01,recruiter
emp_007003,2020-05-01,linkedin
emp_007004,2024-11-30,referral
emp_007005,2022-10-31,linkedin
emp_007006,2023-08-01,recruiter
emp_007007,2023-04-01,referral
emp_007008,2026-03-02,company_site
emp_007009,2025-05-01,university
emp_007010,2023-04-01,linkedin
emp_007011,2023-07-02,referral
emp_007012,2024-01-31,conference
emp_007013,2020-07-01,company_site
emp_007014,2024-10-31,recruiter
emp_007015,2024-05-01,referral
emp_007016,2023-12-01,recruiter
emp_007017,2022-10-01,linkedin
emp_007018,2023-05-02,recruiter
emp_007019,2024-09-30,company_site
emp_007020,2024-05-31,referral
emp_007021,2025-03-01,recruiter
emp_007022,2022-04-01,linkedin
emp_007023,2022-12-31,company_site
emp_007024,2021-11-30,referral
emp_007025,2025-01-30,company_site
emp_007026,2025-06-01,referral
emp_007027,2025-10-01,linkedin
emp_007028,2025-01-30,linkedin
emp_007029,2023-08-01,recruiter
emp_007030,2022-12-31,linkedin
emp_007031,2023-10-01,referral
emp_007032,2025-08-31,referral
emp_007033,2024-07-01,conference
emp_007034,2025-01-30,linkedin
emp_007035,2020-12-30,linkedin
emp_007036,2019-07-02,linkedin
emp_007037,2024-07-31,referral
emp_007038,2023-06-01,recruiter
emp_007039,2023-08-01,referral
emp_007040,2024-12-31,linkedin
emp_007041,2024-01-31,recruiter
emp_007042,2025-05-01,linkedin
emp_007043,2022-10-01,referral
emp_007044,2024-05-31,linkedin
emp_007045,2025-05-01,referral
emp_007046,2023-09-01,referral
emp_007047,2023-04-01,referral
emp_007048,2023-09-01,conference
emp_007049,2021-11-30,recruiter
emp_007050,2024-08-31,linkedin
emp_007051,2025-04-01,recruiter
emp_007052,2024-05-01,recruiter
emp_007053,2023-10-01,company_site
emp_007054,2024-07-01,referral
emp_007055,2017-03-01,company_site
emp_007056,2025-06-01,linkedin
emp_007057,2023-03-02,company_site
emp_007058,2024-05-31,company_site
emp_007059,2023-03-02,referral
emp_007060,2025-08-31,company_site
emp_007061,2025-10-01,company_site
emp_007062,2025-01-30,conference
emp_007063,2018-04-01,conference
emp_007064,2024-09-30,referral
emp_007065,2024-07-31,university
emp_007066,2023-05-02,recruiter
emp_007067,2020-09-30,linkedin
emp_007068,2019-10-31,company_site
emp_007069,2025-05-01,recruiter
emp_007070,2023-04-01,linkedin
emp_007071,2023-12-31,referral
emp_007072,2021-12-31,recruiter
emp_007073,2024-10-31,recruiter
emp_007074,2024-09-30,boomerang
emp_007075,2025-01-30,conference
emp_007076,2025-03-01,conference
emp_007077,2024-03-01,referral
emp_007078,2025-07-01,referral
emp_007079,2025-03-01,referral
emp_007080,2022-12-31,company_site
emp_007081,2024-07-31,company_site
emp_007082,2023-12-01,recruiter
emp_007083,2024-10-31,referral
emp_007084,2025-05-01,referral
emp_007085,2022-12-31,company_site
emp_007086,2025-06-01,recruiter
emp_007087,2024-10-31,company_site
emp_007088,2023-06-01,company_site
emp_007089,2024-12-31,conference
emp_007090,2023-09-01,recruiter
emp_007091,2023-10-31,referral
emp_007092,2021-06-01,linkedin
emp_007093,2024-05-31,linkedin
emp_007094,2025-04-01,referral
emp_007095,2023-10-31,referral
emp_007096,2022-10-31,recruiter
emp_007097,2026-06-01,linkedin
emp_007098,2022-08-01,university
emp_007099,2023-07-02,referral
emp_007100,2022-10-31,referral
emp_007101,2021-08-01,referral
emp_007102,2023-12-01,recruiter
emp_007103,2024-12-31,company_site
emp_007104,2024-07-01,referral
emp_007105,2023-10-01,company_site
emp_007106,2025-06-01,referral
emp_007107,2022-04-01,company_site
emp_007108,2024-09-30,company_site
emp_007109,2023-09-01,referral
emp_007110,2025-10-01,linkedin
emp_007111,2024-09-30,conference
emp_007112,2025-08-01,linkedin
emp_007113,2024-08-31,university
emp_007114,2025-10-31,university
emp_007115,2022-10-01,referral
emp_007116,2023-12-31,linkedin
emp_007117,2021-11-30,university
emp_007118,2025-10-31,linkedin
emp_007119,2022-05-01,referral
emp_007120,2024-05-31,linkedin
emp_007121,2025-01-30,linkedin
emp_007122,2023-06-01,recruiter
emp_007123,2024-07-01,linkedin
emp_007124,2023-03-02,recruiter
emp_007125,2025-10-01,recruiter
emp_007126,2022-03-02,linkedin
emp_007127,2023-06-01,recruiter
emp_007128,2024-03-01,company_site
emp_007129,2023-07-02,referral
emp_007130,2024-12-31,linkedin
emp_007131,2025-05-01,university
emp_007132,2024-09-30,recruiter
emp_007133,2023-05-02,university
emp_007134,2022-10-31,university
emp_007135,2023-09-01,recruiter
emp_007136,2025-01-30,linkedin
emp_007137,2024-04-01,linkedin
emp_007138,2024-12-31,referral
emp_007139,2021-04-01,company_site
emp_007140,2023-10-31,referral
emp_007141,2024-12-31,company_site
emp_007142,2024-05-31,referral
emp_007143,2023-07-02,recruiter
emp_007144,2025-01-30,referral
emp_007145,2022-12-31,referral
emp_007146,2023-12-01,linkedin
emp_007147,2025-08-01,university
emp_007148,2019-12-01,linkedin
emp_007149,2025-03-01,recruiter
emp_007150,2025-08-31,recruiter
emp_007151,2024-07-31,referral
emp_007152,2025-08-01,company_site
emp_007153,2023-10-31,referral
emp_007154,2022-12-31,linkedin
emp_007155,2023-07-02,linkedin
emp_007156,2024-10-31,referral
emp_007157,2013-12-30,referral
emp_007158,2021-08-01,boomerang
emp_007159,2023-10-31,linkedin
emp_007160,2024-08-31,referral
emp_007161,2025-04-01,linkedin
emp_007162,2015-12-31,company_site
emp_007163,2025-03-01,referral
emp_007164,2023-12-01,linkedin
emp_007165,2024-07-31,linkedin
emp_007166,2023-10-01,recruiter
emp_007167,2024-07-01,linkedin
emp_007168,2025-04-01,referral
emp_007169,2023-10-01,referral
emp_007170,2025-08-01,recruiter
emp_007171,2024-05-01,recruiter
emp_007172,2023-12-01,university
emp_007173,2023-05-02,linkedin
emp_007174,2022-06-01,recruiter
emp_007175,2025-07-01,boomerang
emp_007176,2023-05-02,referral
emp_007177,2026-06-01,university
emp_007178,2025-08-31,recruiter
emp_007179,2022-04-01,university
emp_007180,2023-01-30,conference
emp_007181,2024-07-01,linkedin
emp_007182,2025-04-01,recruiter
emp_007183,2025-05-01,university
emp_007184,2024-08-31,university
emp_007185,2024-11-30,linkedin
emp_007186,2024-09-30,recruiter
emp_007187,2024-12-31,linkedin
emp_007188,2024-08-31,linkedin
emp_007189,2022-08-31,university
emp_007190,2025-08-01,university
emp_007191,2025-04-01,referral
emp_007192,2019-07-02,linkedin
emp_007193,2019-06-01,linkedin
emp_007194,2018-06-01,university
emp_007195,2024-05-31,referral
emp_007196,2026-07-01,referral
emp_007197,2016-03-31,referral
emp_007198,2024-05-01,referral
emp_007199,2025-05-01,referral
emp_007200,2023-03-02,linkedin
emp_007201,2018-08-31,referral
emp_007202,2025-01-30,linkedin
emp_007203,2025-07-01,company_site
emp_007204,2023-08-01,boomerang
emp_007205,2024-09-30,linkedin
emp_007206,2022-10-01,linkedin
emp_007207,2023-10-31,recruiter
emp_007208,2022-08-31,linkedin
emp_007209,2026-03-02,linkedin
emp_007210,2018-08-01,conference
emp_007211,2024-09-30,linkedin
emp_007212,2023-03-02,boomerang
emp_007213,2022-08-31,company_site
emp_007214,2024-11-30,recruiter
emp_007215,2023-10-01,linkedin
emp_007216,2024-04-01,conference
emp_007217,2019-10-01,referral
emp_007218,2026-01-30,linkedin
emp_007219,2025-03-01,linkedin
emp_007220,2023-10-01,company_site
emp_007221,2024-09-30,company_site
emp_007222,2025-05-01,company_site
emp_007223,2024-11-30,university
emp_007224,2021-12-31,linkedin
emp_007225,2024-03-01,university
emp_007226,2025-03-01,company_site
emp_007227,2022-08-31,referral
emp_007228,2024-10-31,linkedin
emp_007229,2025-03-01,recruiter
emp_007230,2024-07-31,referral
emp_007231,2024-03-01,linkedin
emp_007232,2024-07-01,boomerang
emp_007233,2024-08-31,referral
emp_007234,2024-10-31,recruiter
emp_007235,2023-05-02,referral
emp_007236,2024-09-30,boomerang
emp_007237,2024-05-31,recruiter
emp_007238,2025-06-01,university
emp_007239,2021-08-01,company_site
emp_007240,2024-05-01,recruiter
emp_007241,2025-10-31,company_site
emp_007242,2024-12-31,boomerang
emp_007243,2025-12-31,university
emp_007244,2023-10-01,linkedin
emp_007245,2025-10-31,company_site
emp_007246,2024-07-31,recruiter
emp_007247,2022-04-01,linkedin
emp_007248,2022-10-01,referral
emp_007249,2022-12-31,boomerang
emp_007250,2019-08-31,linkedin
emp_007251,2020-08-31,referral
emp_007252,2021-05-01,referral
emp_007253,2025-10-01,boomerang
emp_007254,2019-08-01,university
emp_007255,2024-12-31,conference
emp_007256,2023-10-31,linkedin
emp_007257,2022-01-30,recruiter
emp_007258,2025-03-01,company_site
emp_007259,2025-01-30,recruiter
emp_007260,2017-08-31,linkedin
emp_007261,2024-07-01,linkedin
emp_007262,2023-01-30,university
emp_007263,2022-10-01,company_site
emp_007264,2022-07-01,company_site
emp_007265,2025-08-01,university
emp_007266,2025-03-01,company_site
emp_007267,2022-08-31,referral
emp_007268,2022-10-31,company_site
emp_007269,2024-08-31,linkedin
emp_007270,2025-05-01,recruiter
emp_007271,2018-12-31,referral
emp_007272,2024-05-01,referral
emp_007273,2023-06-01,referral
emp_007274,2022-08-31,linkedin
emp_007275,2016-01-30,university
emp_007276,2025-08-01,referral
emp_007277,2025-11-30,linkedin
emp_007278,2025-07-01,linkedin
emp_007279,2023-12-31,company_site
emp_007280,2024-08-31,company_site
emp_007281,2024-03-01,linkedin
emp_007282,2022-10-01,company_site
emp_007283,2023-01-30,linkedin
emp_007284,2018-07-01,linkedin
emp_007285,2026-03-02,recruiter
emp_007286,2024-03-01,linkedin
emp_007287,2019-06-01,company_site
emp_007288,2024-07-01,linkedin
emp_007289,2023-12-31,referral
emp_007290,2024-08-31,recruiter
emp_007291,2024-05-31,referral
emp_007292,2023-10-31,recruiter
emp_007293,2024-05-31,company_site
emp_007294,2023-10-31,company_site
emp_007295,2024-09-30,referral
emp_007296,2021-09-30,referral
emp_007297,2026-03-02,referral
emp_007298,2024-11-30,company_site
emp_007299,2026-01-30,linkedin
emp_007300,2021-06-01,company_site
emp_007301,2024-09-30,recruiter
emp_007302,2024-08-31,referral
emp_007303,2022-06-01,referral
emp_007304,2023-04-01,conference
emp_007305,2019-03-02,recruiter
emp_007306,2021-11-30,referral
emp_007307,2025-06-01,company_site
emp_007308,2023-06-01,linkedin
emp_007309,2024-12-31,conference
emp_007310,2023-12-31,linkedin
emp_007311,2024-05-31,referral
emp_007312,2022-10-31,conference
emp_007313,2014-07-01,referral
emp_007314,2019-07-02,company_site
emp_007315,2022-10-01,company_site
emp_007316,2016-05-31,referral
emp_007317,2024-01-31,referral
emp_007318,2022-12-01,company_site
emp_007319,2023-09-01,recruiter
emp_007320,2020-08-31,company_site
emp_007321,2021-01-30,company_site
emp_007322,2025-01-30,university
emp_007323,2025-10-01,linkedin
emp_007324,2023-04-01,conference
emp_007325,2024-07-31,boomerang
emp_007326,2024-11-30,linkedin
emp_007327,2022-10-01,company_site
emp_007328,2024-01-31,company_site
emp_007329,2024-01-31,recruiter
emp_007330,2023-09-01,university
emp_007331,2024-09-30,linkedin
emp_007332,2023-12-31,university
emp_007333,2025-10-31,referral
emp_007334,2022-08-01,referral
emp_007335,2024-05-01,referral
emp_007336,2025-05-01,boomerang
emp_007337,2024-10-31,recruiter
emp_007338,2024-04-01,referral
emp_007339,2021-11-30,referral
emp_007340,2023-01-30,recruiter
emp_007341,2024-04-01,company_site
emp_007342,2025-10-31,conference
emp_007343,2022-12-31,recruiter
emp_007344,2024-09-30,linkedin
emp_007345,2018-12-31,company_site
emp_007346,2023-09-01,company_site
emp_007347,2024-03-01,boomerang
emp_007348,2021-05-01,conference
emp_007349,2025-11-30,linkedin
emp_007350,2024-11-30,conference
emp_007351,2026-07-01,linkedin
emp_007352,2025-07-01,referral
emp_007353,2025-01-30,recruiter
emp_007354,2025-11-30,linkedin
emp_007355,2024-08-31,referral
emp_007356,2024-05-31,recruiter
emp_007357,2018-11-30,referral
emp_007358,2020-03-31,company_site
emp_007359,2021-04-01,linkedin
emp_007360,2025-01-30,referral
emp_007361,2024-08-31,recruiter
emp_007362,2023-12-31,linkedin
emp_007363,2024-07-31,company_site
emp_007364,2022-03-02,referral
emp_007365,2025-01-30,recruiter
emp_007366,2025-04-01,university
emp_007367,2024-12-31,linkedin
emp_007368,2021-06-01,linkedin
emp_007369,2018-11-30,linkedin
emp_007370,2022-01-30,recruiter
emp_007371,2021-08-01,university
emp_007372,2023-12-01,recruiter
emp_007373,2026-04-01,linkedin
emp_007374,2023-06-01,linkedin
emp_007375,2021-08-01,linkedin
emp_007376,2021-03-01,referral
emp_007377,2016-09-30,company_site
emp_007378,2025-06-01,company_site
emp_007379,2022-01-30,company_site
emp_007380,2022-12-31,recruiter
emp_007381,2022-12-31,referral
emp_007382,2024-11-30,referral
emp_007383,2023-06-01,referral
emp_007384,2020-05-31,referral
emp_007385,2025-07-01,referral
emp_007386,2023-12-01,referral
emp_007387,2024-07-01,referral
emp_007388,2021-12-31,referral
emp_007389,2014-09-30,company_site
emp_007390,2025-01-30,linkedin
emp_007391,2022-08-31,company_site
emp_007392,2024-05-01,referral
emp_007393,2020-05-01,linkedin
emp_007394,2022-03-02,linkedin
emp_007395,2019-07-02,recruiter
emp_007396,2020-07-01,recruiter
emp_007397,2025-05-01,conference
emp_007398,2024-07-01,company_site
emp_007399,2023-01-30,referral
emp_007400,2025-03-01,boomerang
emp_007401,2023-09-01,university
emp_007402,2023-12-01,company_site
emp_007403,2022-04-01,linkedin
emp_007404,2025-08-01,recruiter
emp_007405,2019-04-01,referral
emp_007406,2022-07-01,referral
emp_007407,2024-10-31,linkedin
emp_007408,2021-05-01,linkedin
emp_007409,2023-04-01,company_site
emp_007410,2024-10-31,linkedin
emp_007411,2025-06-01,linkedin
emp_007412,2025-06-01,company_site
emp_007413,2022-10-31,conference
emp_007414,2022-10-31,linkedin
emp_007415,2023-10-31,university
emp_007416,2021-06-01,company_site
emp_007417,2021-07-01,company_site
emp_007418,2025-04-01,company_site
emp_007419,2021-08-31,linkedin
emp_007420,2024-11-30,recruiter
emp_007421,2023-07-02,referral
emp_007422,2022-01-30,company_site
emp_007423,2024-08-31,linkedin
emp_007424,2025-08-01,referral
emp_007425,2023-06-01,referral
emp_007426,2020-11-30,referral
emp_007427,2023-03-02,boomerang
emp_007428,2025-10-01,linkedin
emp_007429,2023-12-01,referral
emp_007430,2024-07-01,referral
emp_007431,2024-07-31,referral
emp_007432,2022-06-01,linkedin
emp_007433,2025-07-01,university
emp_007434,2025-07-01,company_site
emp_007435,2023-01-30,linkedin
emp_007436,2025-12-31,referral
emp_007437,2026-04-01,company_site
emp_007438,2023-05-02,company_site
emp_007439,2025-04-01,linkedin
emp_007440,2022-07-01,conference
emp_007441,2022-07-01,linkedin
emp_007442,2023-05-02,recruiter
emp_007443,2021-11-30,company_site
emp_007444,2025-12-31,linkedin
emp_007445,2024-09-30,linkedin
emp_007446,2025-08-31,referral
emp_007447,2022-06-01,linkedin
emp_007448,2022-10-01,company_site
emp_007449,2023-08-01,referral
emp_007450,2025-04-01,linkedin
emp_007451,2023-07-02,referral
emp_007452,2025-08-01,referral
emp_007453,2025-01-30,linkedin
emp_007454,2025-10-01,recruiter
emp_007455,2024-07-31,referral
emp_007456,2020-10-31,linkedin
emp_007457,2025-05-01,referral
emp_007458,2024-08-31,linkedin
emp_007459,2025-04-01,referral
emp_007460,2021-10-31,recruiter
emp_007461,2025-01-30,conference
emp_007462,2024-04-01,linkedin
emp_007463,2019-10-31,referral
emp_007464,2023-07-02,university
emp_007465,2022-06-01,company_site
emp_007466,2019-10-01,university
emp_007467,2020-12-30,university
emp_007468,2025-07-01,recruiter
emp_007469,2023-12-01,referral
emp_007470,2025-03-01,company_site
emp_007471,2022-06-01,university
emp_007472,2023-04-01,recruiter
emp_007473,2024-04-01,referral
emp_007474,2023-10-31,linkedin
emp_007475,2025-07-01,recruiter
emp_007476,2024-12-31,linkedin
emp_007477,2020-12-30,referral
emp_007478,2025-01-30,linkedin
emp_007479,2015-05-02,referral
emp_007480,2023-09-01,recruiter
emp_007481,2025-07-01,company_site
emp_007482,2024-10-31,linkedin
emp_007483,2016-07-31,company_site
emp_007484,2025-03-01,company_site
emp_007485,2025-06-01,recruiter
emp_007486,2022-08-01,linkedin
emp_007487,2022-04-01,referral
emp_007488,2025-03-01,referral
emp_007489,2025-05-01,referral
emp_007490,2025-10-31,recruiter
emp_007491,2023-06-01,linkedin
emp_007492,2021-08-01,university
emp_007493,2024-05-31,linkedin
emp_007494,2025-08-01,linkedin
emp_007495,2021-07-01,linkedin
emp_007496,2025-08-01,linkedin
emp_007497,2024-04-01,referral
emp_007498,2022-08-31,referral
emp_007499,2021-09-30,referral
emp_007500,2025-10-01,referral
emp_007501,2025-08-31,referral
emp_007502,2024-09-30,linkedin
emp_007503,2025-03-01,university
emp_007504,2024-11-30,referral
emp_007505,2024-11-30,linkedin
emp_007506,2019-12-31,recruiter
emp_007507,2017-09-30,recruiter
emp_007508,2025-10-01,university
emp_007509,2023-12-01,company_site
emp_007510,2024-10-31,recruiter
emp_007511,2022-03-02,referral
emp_007512,2021-04-01,linkedin
emp_007513,2024-08-31,referral
emp_007514,2022-01-30,university
emp_007515,2024-05-01,linkedin
emp_007516,2025-10-31,referral
emp_007517,2023-12-01,linkedin
emp_007518,2025-10-31,referral
emp_007519,2025-01-30,boomerang
emp_007520,2019-08-31,linkedin
emp_007521,2024-01-31,referral
emp_007522,2025-08-01,referral
emp_007523,2023-12-01,company_site
emp_007524,2026-07-01,conference
emp_007525,2021-06-01,linkedin
emp_007526,2022-08-31,recruiter
emp_007527,2023-10-01,boomerang
emp_007528,2025-11-30,linkedin
emp_007529,2020-09-30,recruiter
emp_007530,2023-05-02,recruiter
emp_007531,2019-08-01,company_site
emp_007532,2021-11-30,linkedin
emp_007533,2024-08-31,referral
emp_007534,2024-11-30,university
emp_007535,2025-04-01,recruiter
emp_007536,2025-10-01,recruiter
emp_007537,2025-01-30,linkedin
emp_007538,2025-01-30,conference
emp_007539,2023-04-01,referral
emp_007540,2024-08-31,referral
emp_007541,2024-07-01,university
emp_007542,2019-07-02,company_site
emp_007543,2022-01-30,referral
emp_007544,2023-12-31,recruiter
emp_007545,2020-05-31,linkedin
emp_007546,2024-04-01,linkedin
emp_007547,2023-09-01,linkedin
emp_007548,2026-07-01,referral
emp_007549,2024-11-30,conference
emp_007550,2020-11-30,linkedin
emp_007551,2021-07-01,boomerang
emp_007552,2024-07-31,recruiter
emp_007553,2023-12-01,recruiter
emp_007554,2023-10-31,recruiter
emp_007555,2017-07-31,conference
emp_007556,2024-08-31,recruiter
emp_007557,2026-01-30,recruiter
emp_007558,2023-04-01,linkedin
emp_007559,2024-08-31,recruiter
emp_007560,2024-07-31,university
emp_007561,2024-09-30,referral
emp_007562,2025-12-31,referral
emp_007563,2022-06-01,referral
emp_007564,2024-08-31,boomerang
emp_007565,2019-08-31,referral
emp_007566,2024-05-31,linkedin
emp_007567,2021-12-31,referral
emp_007568,2025-04-01,linkedin
emp_007569,2024-12-31,boomerang
emp_007570,2020-03-31,referral
emp_007571,2024-12-31,referral
emp_007572,2026-05-02,company_site
emp_007573,2025-11-30,referral
emp_007574,2023-10-01,company_site
emp_007575,2024-11-30,recruiter
emp_007576,2021-06-01,recruiter
emp_007577,2023-04-01,recruiter
emp_007578,2019-05-02,recruiter
emp_007579,2024-01-31,linkedin
emp_007580,2022-12-31,company_site
emp_007581,2025-10-31,recruiter
emp_007582,2023-06-01,referral
emp_007583,2023-06-01,referral
emp_007584,2016-05-31,company_site
emp_007585,2021-08-31,referral
emp_007586,2023-09-01,linkedin
emp_007587,2020-03-31,linkedin
emp_007588,2025-08-31,company_site
emp_007589,2025-06-01,referral
emp_007590,2021-01-30,referral
emp_007591,2024-12-31,boomerang
emp_007592,2025-10-01,referral
emp_007593,2024-12-31,linkedin
emp_007594,2023-09-01,recruiter
emp_007595,2016-01-30,university
emp_007596,2021-01-30,linkedin
emp_007597,2023-12-01,linkedin
emp_007598,2024-08-31,linkedin
emp_007599,2024-05-01,boomerang
emp_007600,2021-07-01,referral
emp_007601,2025-06-01,linkedin
emp_007602,2016-08-31,linkedin
emp_007603,2023-12-31,referral
emp_007604,2022-06-01,recruiter
emp_007605,2024-10-31,linkedin
emp_007606,2021-10-31,recruiter
emp_007607,2023-12-31,recruiter
emp_007608,2023-12-31,company_site
emp_007609,2025-10-31,recruiter
emp_007610,2022-10-01,company_site
emp_007611,2024-01-31,referral
emp_007612,2024-12-31,recruiter
emp_007613,2021-10-31,boomerang
emp_007614,2023-12-31,recruiter
emp_007615,2023-05-02,linkedin
emp_007616,2023-09-01,conference
emp_007617,2018-12-31,recruiter
emp_007618,2025-12-31,linkedin
emp_007619,2024-05-31,company_site
emp_007620,2021-03-01,recruiter
emp_007621,2024-09-30,linkedin
emp_007622,2021-12-31,company_site
emp_007623,2023-09-01,company_site
emp_007624,2025-08-31,university
emp_007625,2023-03-02,university
emp_007626,2023-12-01,referral
emp_007627,2017-06-01,company_site
emp_007628,2024-07-31,referral
emp_007629,2019-07-02,recruiter
emp_007630,2023-08-01,conference
emp_007631,2023-08-01,referral
emp_007632,2022-07-01,conference
emp_007633,2024-03-01,linkedin
emp_007634,2023-08-01,company_site
emp_007635,2024-10-31,recruiter
emp_007636,2025-07-01,company_site
emp_007637,2017-01-30,linkedin
emp_007638,2025-06-01,recruiter
emp_007639,2024-01-31,company_site
emp_007640,2022-04-01,company_site
emp_007641,2024-03-01,referral
emp_007642,2025-03-01,referral
emp_007643,2025-08-01,linkedin
emp_007644,2025-07-01,university
emp_007645,2025-01-30,university
emp_007646,2026-05-02,linkedin
emp_007647,2020-12-30,university
emp_007648,2025-05-01,conference
emp_007649,2023-12-31,company_site
emp_007650,2024-10-31,linkedin
emp_007651,2025-06-01,linkedin
emp_007652,2025-03-01,recruiter
emp_007653,2025-03-01,company_site
emp_007654,2025-11-30,recruiter
emp_007655,2025-08-01,conference
emp_007656,2018-03-01,company_site
emp_007657,2024-12-31,recruiter
emp_007658,2025-03-01,boomerang
emp_007659,2023-07-02,company_site
emp_007660,2025-04-01,linkedin
emp_007661,2025-08-31,university
emp_007662,2025-10-31,recruiter
emp_007663,2018-11-30,recruiter
emp_007664,2025-12-31,referral
emp_007665,2023-01-30,company_site
emp_007666,2023-04-01,university
emp_007667,2023-07-02,referral
emp_007668,2012-07-01,referral
emp_007669,2024-01-31,referral
emp_007670,2020-11-30,university
emp_007671,2025-10-01,referral
emp_007672,2020-05-31,referral
emp_007673,2022-04-01,conference
emp_007674,2023-05-02,referral
emp_007675,2025-07-01,referral
emp_007676,2025-06-01,recruiter
emp_007677,2025-01-30,recruiter
emp_007678,2025-10-31,company_site
emp_007679,2024-05-31,recruiter
emp_007680,2025-03-01,company_site
emp_007681,2022-12-31,recruiter
emp_007682,2023-12-01,referral
emp_007683,2023-10-01,linkedin
emp_007684,2025-10-01,company_site
emp_007685,2024-05-31,linkedin
emp_007686,2018-08-31,linkedin
emp_007687,2022-12-31,referral
emp_007688,2024-04-01,referral
emp_007689,2023-01-30,recruiter
emp_007690,2020-03-01,recruiter
emp_007691,2024-01-31,linkedin
emp_007692,2026-01-30,referral
emp_007693,2025-03-01,recruiter
emp_007694,2025-08-31,conference
emp_007695,2024-11-30,linkedin
emp_007696,2022-10-31,referral
emp_007697,2022-04-01,boomerang
emp_007698,2024-05-31,recruiter
emp_007699,2023-07-02,university
emp_007700,2025-08-01,referral
emp_007701,2022-12-01,company_site
emp_007702,2021-01-30,referral
emp_007703,2024-09-30,company_site
emp_007704,2025-11-30,boomerang
emp_007705,2024-03-01,conference
emp_007706,2022-12-01,linkedin
emp_007707,2023-09-01,referral
emp_007708,2025-05-01,recruiter
emp_007709,2022-05-01,referral
emp_007710,2022-10-31,linkedin
emp_007711,2025-03-01,linkedin
emp_007712,2026-07-01,university
emp_007713,2020-11-30,referral
emp_007714,2026-05-02,company_site
emp_007715,2023-10-31,linkedin
emp_007716,2022-07-01,recruiter
emp_007717,2025-04-01,referral
emp_007718,2024-05-01,linkedin
emp_007719,2022-06-01,referral
emp_007720,2025-06-01,recruiter
emp_007721,2023-12-31,linkedin
emp_007722,2020-09-30,referral
emp_007723,2025-05-01,referral
emp_007724,2022-12-31,university
emp_007725,2024-09-30,referral
emp_007726,2025-10-01,referral
emp_007727,2022-10-01,company_site
emp_007728,2016-07-01,referral
emp_007729,2025-11-30,linkedin
emp_007730,2019-05-02,university
emp_007731,2024-08-31,referral
emp_007732,2024-10-31,referral
emp_007733,2025-01-30,linkedin
emp_007734,2025-05-01,company_site
emp_007735,2018-04-01,recruiter
emp_007736,2025-06-01,university
emp_007737,2026-07-01,linkedin
emp_007738,2024-11-30,university
emp_007739,2025-07-01,referral
emp_007740,2025-07-01,company_site
emp_007741,2025-08-01,company_site
emp_007742,2023-10-01,recruiter
emp_007743,2023-03-02,recruiter
emp_007744,2025-12-31,recruiter
emp_007745,2017-04-01,linkedin
emp_007746,2023-03-02,referral
emp_007747,2023-08-01,linkedin
emp_007748,2022-10-01,company_site
emp_007749,2025-08-01,referral
emp_007750,2016-05-01,referral
emp_007751,2024-08-31,recruiter
emp_007752,2024-03-01,linkedin
emp_007753,2023-12-31,company_site
emp_007754,2019-08-01,referral
emp_007755,2020-07-31,referral
emp_007756,2023-06-01,linkedin
emp_007757,2025-01-30,referral
emp_007758,2026-01-30,linkedin
emp_007759,2025-11-30,referral
emp_007760,2019-08-31,recruiter
emp_007761,2025-03-01,linkedin
emp_007762,2026-04-01,referral
emp_007763,2023-10-01,referral
emp_007764,2024-12-31,company_site
emp_007765,2023-10-01,referral
emp_007766,2023-09-01,conference
emp_007767,2020-12-30,referral
emp_007768,2023-01-30,referral
emp_007769,2019-08-01,linkedin
emp_007770,2025-01-30,recruiter
emp_007771,2023-12-01,referral
emp_007772,2019-08-01,referral
emp_007773,2022-08-31,boomerang
emp_007774,2024-11-30,university
emp_007775,2021-12-31,linkedin
emp_007776,2021-08-01,company_site
emp_007777,2024-04-01,university
emp_007778,2022-07-01,linkedin
emp_007779,2021-08-31,referral
emp_007780,2018-01-30,university
emp_007781,2022-05-01,company_site
emp_007782,2024-10-31,referral
emp_007783,2026-03-02,referral
emp_007784,2025-08-31,linkedin
emp_007785,2025-07-01,recruiter
emp_007786,2020-07-01,referral
emp_007787,2022-08-01,company_site
emp_007788,2025-07-01,linkedin
emp_007789,2025-04-01,recruiter
emp_007790,2024-03-01,linkedin
emp_007791,2025-06-01,recruiter
emp_007792,2022-03-02,company_site
emp_007793,2024-12-31,linkedin
emp_007794,2025-05-01,recruiter
emp_007795,2024-11-30,linkedin
emp_007796,2023-04-01,conference
emp_007797,2022-12-01,linkedin
emp_007798,2024-08-31,referral
emp_007799,2024-09-30,referral
emp_007800,2025-05-01,recruiter
emp_007801,2024-05-01,linkedin
emp_007802,2013-12-30,recruiter
emp_007803,2023-04-01,linkedin
emp_007804,2024-04-01,referral
emp_007805,2025-08-31,recruiter
emp_007806,2023-07-02,company_site
emp_007807,2025-05-01,linkedin
emp_007808,2019-06-01,referral
emp_007809,2022-10-31,linkedin
emp_007810,2020-10-31,referral
emp_007811,2024-01-31,linkedin
emp_007812,2024-07-31,recruiter
emp_007813,2022-10-01,recruiter
emp_007814,2025-01-30,linkedin
emp_007815,2024-11-30,linkedin
emp_007816,2024-05-01,recruiter
emp_007817,2023-08-01,company_site
emp_007818,2021-09-30,linkedin
emp_007819,2024-10-31,recruiter
emp_007820,2023-06-01,referral
emp_007821,2020-07-31,referral
emp_007822,2023-10-31,conference
emp_007823,2024-05-31,referral
emp_007824,2026-01-30,company_site
emp_007825,2024-12-31,referral
emp_007826,2024-08-31,conference
emp_007827,2025-08-31,recruiter
emp_007828,2023-04-01,referral
emp_007829,2023-01-30,referral
emp_007830,2024-04-01,linkedin
emp_007831,2024-03-01,university
emp_007832,2021-08-31,linkedin
emp_007833,2025-07-01,recruiter
emp_007834,2024-07-01,referral
emp_007835,2026-03-02,recruiter
emp_007836,2025-07-01,referral
emp_007837,2026-07-01,company_site
emp_007838,2025-01-30,referral
emp_007839,2022-04-01,recruiter
emp_007840,2024-11-30,university
emp_007841,2023-09-01,referral
emp_007842,2021-09-30,boomerang
emp_007843,2023-05-02,recruiter
emp_007844,2023-10-31,recruiter
emp_007845,2017-09-30,university
emp_007846,2024-07-01,recruiter
emp_007847,2024-09-30,recruiter
emp_007848,2024-04-01,university
emp_007849,2022-01-30,linkedin
emp_007850,2023-03-02,conference
emp_007851,2024-10-31,recruiter
emp_007852,2025-01-30,referral
emp_007853,2026-04-01,company_site
emp_007854,2023-10-31,recruiter
emp_007855,2025-08-01,recruiter
emp_007856,2025-01-30,referral
emp_007857,2022-05-01,conference
emp_007858,2024-10-31,linkedin
emp_007859,2024-03-01,company_site
emp_007860,2022-05-01,referral
emp_007861,2023-05-02,university
emp_007862,2024-05-31,university
emp_007863,2020-05-31,referral
emp_007864,2022-04-01,recruiter
emp_007865,2022-06-01,linkedin
emp_007866,2025-03-01,recruiter
emp_007867,2020-09-30,university
emp_007868,2020-12-30,linkedin
emp_007869,2023-05-02,referral
emp_007870,2013-09-30,company_site
emp_007871,2019-12-01,linkedin
emp_007872,2025-10-31,company_site
emp_007873,2023-09-01,recruiter
emp_007874,2024-05-01,referral
emp_007875,2026-03-02,university
emp_007876,2024-05-01,referral
emp_007877,2024-01-31,recruiter
emp_007878,2021-07-01,company_site
emp_007879,2016-03-31,linkedin
emp_007880,2021-08-31,referral
emp_007881,2024-07-31,referral
emp_007882,2025-07-01,company_site
emp_007883,2023-10-31,linkedin
emp_007884,2024-01-31,company_site
emp_007885,2024-11-30,recruiter
emp_007886,2024-07-31,university
emp_007887,2022-04-01,conference
emp_007888,2024-10-31,referral
emp_007889,2021-01-30,referral
emp_007890,2022-03-02,referral
emp_007891,2022-07-01,company_site
emp_007892,2022-03-02,company_site
emp_007893,2025-06-01,linkedin
emp_007894,2024-05-31,linkedin
emp_007895,2019-05-02,linkedin
emp_007896,2017-07-01,company_site
emp_007897,2022-06-01,referral
emp_007898,2025-04-01,referral
emp_007899,2022-05-01,linkedin
emp_007900,2024-03-01,referral
emp_007901,2024-01-31,boomerang
emp_007902,2023-08-01,linkedin
emp_007903,2022-07-01,referral
emp_007904,2025-01-30,company_site
emp_007905,2023-01-30,linkedin
emp_007906,2024-09-30,referral
emp_007907,2022-03-02,referral
emp_007908,2017-07-31,recruiter
emp_007909,2025-01-30,university
emp_007910,2025-03-01,linkedin
emp_007911,2021-08-31,linkedin
emp_007912,2023-04-01,conference
emp_007913,2024-05-01,boomerang
emp_007914,2023-05-02,company_site
emp_007915,2022-07-01,recruiter
emp_007916,2023-05-02,company_site
emp_007917,2025-10-01,referral
emp_007918,2023-08-01,recruiter
emp_007919,2024-05-31,referral
emp_007920,2022-06-01,linkedin
emp_007921,2025-01-30,university
emp_007922,2024-04-01,referral
emp_007923,2025-04-01,company_site
emp_007924,2023-09-01,company_site
emp_007925,2024-12-31,university
emp_007926,2019-12-31,recruiter
emp_007927,2024-11-30,referral
emp_007928,2018-11-30,referral
emp_007929,2023-12-01,university
emp_007930,2023-01-30,boomerang
emp_007931,2022-08-01,linkedin
emp_007932,2025-04-01,recruiter
emp_007933,2024-12-31,company_site
emp_007934,2016-11-30,company_site
emp_007935,2023-04-01,referral
emp_007936,2022-05-01,linkedin
emp_007937,2022-08-01,referral
emp_007938,2025-07-01,company_site
emp_007939,2025-06-01,university
emp_007940,2025-08-31,company_site
emp_007941,2025-04-01,recruiter
emp_007942,2024-05-01,recruiter
emp_007943,2023-08-01,linkedin
emp_007944,2025-07-01,recruiter
emp_007945,2026-04-01,company_site
emp_007946,2021-07-01,referral
emp_007947,2020-07-01,company_site
emp_007948,2022-08-31,recruiter
emp_007949,2024-07-01,linkedin
emp_007950,2020-05-31,linkedin
emp_007951,2023-12-01,linkedin
emp_007952,2023-10-01,recruiter
emp_007953,2022-07-01,linkedin
emp_007954,2025-04-01,recruiter
emp_007955,2025-10-31,company_site
emp_007956,2024-05-01,recruiter
emp_007957,2022-10-01,referral
emp_007958,2025-05-01,recruiter
emp_007959,2020-03-31,company_site
emp_007960,2023-10-31,university
emp_007961,2024-10-31,recruiter
emp_007962,2025-10-01,referral
emp_007963,2023-07-02,linkedin
emp_007964,2022-07-01,linkedin
emp_007965,2021-06-01,recruiter
emp_007966,2021-08-01,referral
emp_007967,2025-04-01,referral
emp_007968,2024-09-30,referral
emp_007969,2025-07-01,recruiter
emp_007970,2022-07-01,referral
emp_007971,2024-07-31,company_site
emp_007972,2024-07-01,company_site
emp_007973,2023-12-01,recruiter
emp_007974,2023-08-01,recruiter
emp_007975,2022-03-02,company_site
emp_007976,2025-04-01,linkedin
emp_007977,2024-01-31,recruiter
emp_007978,2016-03-31,referral
emp_007979,2025-05-01,university
emp_007980,2024-07-31,referral
emp_007981,2021-08-01,linkedin
emp_007982,2021-03-01,recruiter
emp_007983,2019-10-31,company_site
emp_007984,2025-05-01,recruiter
emp_007985,2024-11-30,conference
emp_007986,2024-03-01,linkedin
emp_007987,2024-05-01,linkedin
emp_007988,2023-05-02,referral
emp_007989,2025-12-31,company_site
emp_007990,2024-08-31,company_site
emp_007991,2023-10-31,linkedin
emp_007992,2024-05-01,referral
emp_007993,2020-11-30,recruiter
emp_007994,2022-07-01,recruiter
emp_007995,2021-12-31,recruiter
emp_007996,2020-11-30,referral
emp_007997,2024-08-31,referral
emp_007998,2025-05-01,linkedin
emp_007999,2023-10-31,conference
emp_008000,2024-03-01,university
emp_008001,2025-05-01,referral
emp_008002,2024-07-31,linkedin
emp_008003,2022-01-30,referral
emp_008004,2025-01-30,linkedin
emp_008005,2024-01-31,referral
emp_008006,2019-10-01,boomerang
emp_008007,2025-10-01,linkedin
emp_008008,2025-10-31,linkedin
emp_008009,2018-12-31,recruiter
emp_008010,2022-07-01,university
emp_008011,2024-08-31,referral
emp_008012,2025-01-30,company_site
emp_008013,2025-05-01,linkedin
emp_008014,2018-12-31,referral
emp_008015,2026-05-02,company_site
emp_008016,2024-08-31,recruiter
emp_008017,2024-07-31,referral
emp_008018,2024-07-01,recruiter
emp_008019,2022-08-31,referral
emp_008020,2024-04-01,company_site
emp_008021,2023-05-02,company_site
emp_008022,2024-03-01,company_site
emp_008023,2024-05-01,company_site
emp_008024,2026-07-01,referral
emp_008025,2024-11-30,linkedin
emp_008026,2026-03-02,company_site
emp_008027,2024-11-30,recruiter
emp_008028,2019-10-31,linkedin
emp_008029,2024-03-01,conference
emp_008030,2024-08-31,company_site
emp_008031,2024-01-31,referral
emp_008032,2025-10-31,recruiter
emp_008033,2023-05-02,conference
emp_008034,2025-12-31,company_site
emp_008035,2021-11-30,company_site
emp_008036,2025-07-01,linkedin
emp_008037,2024-08-31,linkedin
emp_008038,2025-01-30,linkedin
emp_008039,2020-08-31,linkedin
emp_008040,2023-09-01,recruiter
emp_008041,2022-06-01,referral
emp_008042,2024-01-31,university
emp_008043,2024-12-31,university
emp_008044,2023-05-02,referral
emp_008045,2024-12-31,recruiter
emp_008046,2025-10-31,referral
emp_008047,2025-03-01,linkedin
emp_008048,2018-01-30,recruiter
emp_008049,2025-04-01,company_site
emp_008050,2025-03-01,conference
emp_008051,2022-04-01,company_site
emp_008052,2025-10-31,recruiter
emp_008053,2025-04-01,linkedin
emp_008054,2024-05-01,referral
emp_008055,2022-10-31,linkedin
emp_008056,2018-10-01,linkedin
emp_008057,2025-08-01,referral
emp_008058,2025-07-01,recruiter
emp_008059,2026-01-30,university
emp_008060,2025-08-31,linkedin
emp_008061,2024-05-01,recruiter
emp_008062,2025-01-30,company_site
emp_008063,2023-12-31,recruiter
emp_008064,2024-05-01,company_site
emp_008065,2024-08-31,company_site
emp_008066,2023-07-02,referral
emp_008067,2023-10-01,company_site
emp_008068,2025-10-01,referral
emp_008069,2023-05-02,recruiter
emp_008070,2024-09-30,linkedin
emp_008071,2020-05-01,recruiter
emp_008072,2017-06-01,referral
emp_008073,2023-09-01,boomerang
emp_008074,2022-03-02,conference
emp_008075,2023-07-02,recruiter
emp_008076,2022-03-02,referral
emp_008077,2024-04-01,company_site
emp_008078,2024-10-31,recruiter
emp_008079,2025-07-01,conference
emp_008080,2024-03-01,company_site
emp_008081,2025-07-01,referral
emp_008082,2018-08-01,referral
emp_008083,2019-12-01,referral
emp_008084,2024-04-01,referral
emp_008085,2025-04-01,company_site
emp_008086,2025-01-30,university
emp_008087,2025-10-31,referral
emp_008088,2025-07-01,referral
emp_008089,2025-11-30,linkedin
emp_008090,2024-05-01,referral
emp_008091,2023-07-02,boomerang
emp_008092,2025-08-01,recruiter
emp_008093,2025-01-30,referral
emp_008094,2020-08-31,referral
emp_008095,2019-08-31,linkedin
emp_008096,2022-04-01,recruiter
emp_008097,2026-01-30,linkedin
emp_008098,2025-10-01,company_site
emp_008099,2024-05-31,linkedin
emp_008100,2021-06-01,referral
emp_008101,2023-10-01,referral
emp_008102,2024-03-01,referral
emp_008103,2025-08-01,boomerang
emp_008104,2025-08-31,referral
emp_008105,2024-11-30,linkedin
emp_008106,2024-07-31,linkedin
emp_008107,2025-07-01,referral
emp_008108,2024-11-30,recruiter
emp_008109,2024-01-31,linkedin
emp_008110,2025-04-01,recruiter
emp_008111,2025-07-01,university
emp_008112,2019-06-01,company_site
emp_008113,2024-12-31,referral
emp_008114,2020-07-01,university
emp_008115,2024-07-31,linkedin
emp_008116,2019-07-02,referral
emp_008117,2023-12-31,boomerang
emp_008118,2023-07-02,recruiter
emp_008119,2023-04-01,company_site
emp_008120,2024-03-01,university
emp_008121,2023-10-31,referral
emp_008122,2024-10-31,university
emp_008123,2021-12-31,linkedin
emp_008124,2025-08-31,boomerang
emp_008125,2023-09-01,linkedin
emp_008126,2021-11-30,company_site
emp_008127,2012-08-30,linkedin
emp_008128,2022-04-01,referral
emp_008129,2026-01-30,linkedin
emp_008130,2019-01-30,company_site
emp_008131,2023-06-01,referral
emp_008132,2022-12-31,recruiter
emp_008133,2024-12-31,company_site
emp_008134,2022-03-02,university
emp_008135,2020-05-31,linkedin
emp_008136,2025-08-01,recruiter
emp_008137,2025-11-30,referral
emp_008138,2025-01-30,recruiter
emp_008139,2025-11-30,referral
emp_008140,2025-10-31,referral
emp_008141,2025-08-31,recruiter
emp_008142,2022-08-31,boomerang
emp_008143,2022-08-01,recruiter
emp_008144,2025-05-01,boomerang
emp_008145,2024-04-01,university
emp_008146,2023-09-01,linkedin
emp_008147,2024-05-31,recruiter
emp_008148,2024-11-30,linkedin
emp_008149,2024-03-01,referral
emp_008150,2024-07-01,recruiter
emp_008151,2021-12-31,company_site
emp_008152,2022-05-01,linkedin
emp_008153,2025-04-01,linkedin
emp_008154,2024-11-30,recruiter
emp_008155,2017-07-31,company_site
emp_008156,2025-06-01,company_site
emp_008157,2026-04-01,linkedin
emp_008158,2024-05-01,linkedin
emp_008159,2025-03-01,referral
emp_008160,2021-10-31,company_site
emp_008161,2023-01-30,recruiter
emp_008162,2024-10-31,conference
emp_008163,2026-03-02,university
emp_008164,2022-08-01,recruiter
emp_008165,2024-01-31,linkedin
emp_008166,2021-11-30,linkedin
emp_008167,2022-08-01,university
emp_008168,2025-10-31,recruiter
emp_008169,2024-03-01,referral
emp_008170,2024-12-31,recruiter
emp_008171,2023-09-01,conference
emp_008172,2018-10-31,referral
emp_008173,2018-06-01,recruiter
emp_008174,2026-05-02,recruiter
emp_008175,2025-03-01,recruiter
emp_008176,2023-08-01,linkedin
emp_008177,2025-08-01,recruiter
emp_008178,2024-07-01,linkedin
emp_008179,2025-07-01,referral
emp_008180,2025-08-01,university
emp_008181,2022-12-31,conference
emp_008182,2025-10-31,company_site
emp_008183,2020-12-30,linkedin
emp_008184,2024-03-01,recruiter
emp_008185,2025-10-31,conference
emp_008186,2022-12-01,university
emp_008187,2024-11-30,conference
emp_008188,2022-01-30,company_site
emp_008189,2025-12-31,linkedin
emp_008190,2025-12-31,company_site
emp_008191,2021-09-30,linkedin
emp_008192,2024-05-31,referral
emp_008193,2021-11-30,company_site
emp_008194,2025-08-31,referral
emp_008195,2025-08-31,linkedin
emp_008196,2024-11-30,company_site
emp_008197,2024-07-01,company_site
emp_008198,2017-11-30,company_site
emp_008199,2024-01-31,referral
emp_008200,2023-04-01,company_site
emp_008201,2020-05-01,recruiter
emp_008202,2025-07-01,recruiter
emp_008203,2017-01-30,company_site
emp_008204,2020-07-31,recruiter
emp_008205,2023-10-31,company_site
emp_008206,2023-08-01,linkedin
emp_008207,2023-12-31,linkedin
emp_008208,2026-05-02,linkedin
emp_008209,2023-08-01,linkedin
emp_008210,2024-04-01,referral
emp_008211,2025-07-01,company_site
emp_008212,2024-08-31,company_site
emp_008213,2024-03-01,referral
emp_008214,2023-12-01,recruiter
emp_008215,2024-08-31,referral
emp_008216,2024-12-31,recruiter
emp_008217,2025-03-01,referral
emp_008218,2024-05-01,linkedin
emp_008219,2025-08-31,linkedin
emp_008220,2024-10-31,linkedin
emp_008221,2024-11-30,referral
emp_008222,2023-04-01,university
emp_008223,2022-12-01,linkedin
emp_008224,2024-03-01,referral
emp_008225,2025-11-30,referral
emp_008226,2023-10-31,linkedin
emp_008227,2022-12-31,referral
emp_008228,2024-07-31,linkedin
emp_008229,2013-01-30,referral
emp_008230,2024-07-01,company_site
emp_008231,2026-03-02,boomerang
emp_008232,2025-04-01,recruiter
emp_008233,2024-07-31,company_site
emp_008234,2019-03-02,boomerang
emp_008235,2024-05-31,referral
emp_008236,2025-06-01,recruiter
emp_008237,2020-05-31,referral
emp_008238,2024-01-31,boomerang
emp_008239,2022-01-30,boomerang
emp_008240,2025-01-30,university
emp_008241,2024-01-31,referral
emp_008242,2025-10-31,recruiter
emp_008243,2024-04-01,recruiter
emp_008244,2024-05-01,recruiter
emp_008245,2023-12-01,company_site
emp_008246,2022-03-02,referral
emp_008247,2023-12-31,linkedin
emp_008248,2023-07-02,company_site
emp_008249,2024-03-01,linkedin
emp_008250,2015-05-02,company_site
emp_008251,2024-08-31,referral
emp_008252,2024-12-31,referral
emp_008253,2021-08-31,referral
emp_008254,2023-09-01,referral
emp_008255,2025-06-01,conference
emp_008256,2026-03-02,referral
emp_008257,2024-12-31,referral
emp_008258,2016-05-01,referral
emp_008259,2024-10-31,recruiter
emp_008260,2021-09-30,conference
emp_008261,2023-10-01,university
emp_008262,2022-01-30,university
emp_008263,2018-10-31,boomerang
emp_008264,2026-07-01,referral
emp_008265,2024-08-31,referral
emp_008266,2024-08-31,referral
emp_008267,2025-01-30,recruiter
emp_008268,2023-09-01,referral
emp_008269,2024-05-01,linkedin
emp_008270,2024-07-01,recruiter
emp_008271,2024-07-31,recruiter
emp_008272,2025-01-30,linkedin
emp_008273,2024-03-01,recruiter
emp_008274,2022-03-02,company_site
emp_008275,2023-10-31,referral
emp_008276,2024-12-31,linkedin
emp_008277,2026-01-30,referral
emp_008278,2025-06-01,linkedin
emp_008279,2022-07-01,referral
emp_008280,2017-03-01,referral
emp_008281,2023-12-01,recruiter
emp_008282,2020-03-01,referral
emp_008283,2023-10-01,recruiter
emp_008284,2024-03-01,company_site
emp_008285,2021-04-01,linkedin
emp_008286,2024-09-30,recruiter
emp_008287,2023-04-01,recruiter
emp_008288,2023-01-30,linkedin
emp_008289,2025-10-01,recruiter
emp_008290,2020-10-31,linkedin
emp_008291,2021-04-01,referral
emp_008292,2025-07-01,recruiter
emp_008293,2024-07-31,university
emp_008294,2025-10-01,recruiter
emp_008295,2022-08-31,referral
emp_008296,2025-10-01,company_site
emp_008297,2025-10-31,referral
emp_008298,2026-07-01,company_site
emp_008299,2023-12-01,referral
emp_008300,2021-08-01,company_site
emp_008301,2023-08-01,referral
emp_008302,2025-07-01,recruiter
emp_008303,2023-07-02,linkedin
emp_008304,2023-10-31,boomerang
emp_008305,2025-10-01,referral
emp_008306,2023-12-01,linkedin
emp_008307,2025-01-30,referral
emp_008308,2023-01-30,referral
emp_008309,2022-10-31,linkedin
emp_008310,2024-05-01,university
emp_008311,2025-10-01,linkedin
emp_008312,2025-06-01,recruiter
emp_008313,2024-04-01,boomerang
emp_008314,2019-06-01,linkedin
emp_008315,2019-03-02,boomerang
emp_008316,2024-05-31,university
emp_008317,2023-05-02,recruiter
emp_008318,2022-10-31,university
emp_008319,2024-09-30,linkedin
emp_008320,2021-08-01,company_site
emp_008321,2025-03-01,linkedin
emp_008322,2023-12-31,company_site
emp_008323,2025-05-01,referral
emp_008324,2025-07-01,university
emp_008325,2025-03-01,company_site
emp_008326,2024-08-31,linkedin
emp_008327,2024-08-31,recruiter
emp_008328,2026-07-01,university
emp_008329,2025-03-01,conference
emp_008330,2020-05-01,referral
emp_008331,2023-12-01,conference
emp_008332,2022-06-01,conference
emp_008333,2025-11-30,referral
emp_008334,2025-01-30,referral
emp_008335,2025-10-31,recruiter
emp_008336,2023-07-02,linkedin
emp_008337,2024-09-30,referral
emp_008338,2023-04-01,linkedin
emp_008339,2026-03-02,referral
emp_008340,2026-01-30,referral
emp_008341,2019-10-31,referral
emp_008342,2024-07-01,boomerang
emp_008343,2024-05-31,recruiter
emp_008344,2025-10-01,recruiter
emp_008345,2021-01-30,referral
emp_008346,2024-04-01,recruiter
emp_008347,2025-05-01,referral
emp_008348,2023-01-30,recruiter
emp_008349,2023-12-01,company_site
emp_008350,2022-10-01,referral
emp_008351,2025-04-01,referral
emp_008352,2025-03-01,recruiter
emp_008353,2024-07-31,referral
emp_008354,2025-08-01,company_site
emp_008355,2025-01-30,recruiter
emp_008356,2023-08-01,boomerang
emp_008357,2023-10-01,conference
emp_008358,2024-07-31,conference
emp_008359,2019-05-02,company_site
emp_008360,2022-04-01,company_site
emp_008361,2022-10-01,linkedin
emp_008362,2025-10-01,referral
emp_008363,2024-04-01,linkedin
emp_008364,2023-09-01,recruiter
emp_008365,2024-05-31,university
emp_008366,2024-11-30,company_site
emp_008367,2023-10-01,linkedin
emp_008368,2023-12-01,linkedin
emp_008369,2025-12-31,linkedin
emp_008370,2023-04-01,recruiter
emp_008371,2024-07-01,recruiter
emp_008372,2024-11-30,referral
emp_008373,2023-12-01,university
emp_008374,2020-11-30,boomerang
emp_008375,2020-05-01,recruiter
emp_008376,2025-01-30,recruiter
emp_008377,2025-12-31,linkedin
emp_008378,2021-04-01,linkedin
emp_008379,2024-07-01,referral
emp_008380,2025-06-01,boomerang
emp_008381,2026-07-01,university
emp_008382,2024-09-30,linkedin
emp_008383,2024-08-31,recruiter
emp_008384,2025-04-01,company_site
emp_008385,2025-07-01,linkedin
emp_008386,2024-07-01,referral
emp_008387,2022-08-01,university
emp_008388,2026-03-02,linkedin
emp_008389,2021-12-31,linkedin
emp_008390,2022-12-01,referral
emp_008391,2022-12-31,conference
emp_008392,2022-03-02,referral
emp_008393,2024-12-31,recruiter
emp_008394,2024-07-01,referral
emp_008395,2023-05-02,linkedin
emp_008396,2025-04-01,company_site
emp_008397,2025-06-01,university
emp_008398,2018-07-01,referral
emp_008399,2024-07-01,recruiter
emp_008400,2024-04-01,conference
emp_008401,2024-01-31,conference
emp_008402,2023-07-02,referral
emp_008403,2020-10-31,company_site
emp_008404,2023-07-02,linkedin
emp_008405,2024-03-01,conference
emp_008406,2020-11-30,company_site
emp_008407,2024-11-30,recruiter
emp_008408,2022-12-31,university
emp_008409,2024-07-01,referral
emp_008410,2018-03-01,referral
emp_008411,2022-07-01,referral
emp_008412,2023-12-01,referral
emp_008413,2024-05-31,referral
emp_008414,2024-05-31,linkedin
emp_008415,2025-05-01,company_site
emp_008416,2025-08-31,company_site
emp_008417,2021-01-30,boomerang
emp_008418,2022-05-01,referral
emp_008419,2023-06-01,company_site
emp_008420,2017-07-31,boomerang
emp_008421,2024-07-31,linkedin
emp_008422,2024-08-31,referral
emp_008423,2020-09-30,linkedin
emp_008424,2025-07-01,referral
emp_008425,2025-01-30,conference
emp_008426,2024-03-01,referral
emp_008427,2022-10-01,linkedin
emp_008428,2024-11-30,recruiter
emp_008429,2024-05-31,referral
emp_008430,2023-05-02,referral
emp_008431,2022-10-01,recruiter
emp_008432,2024-03-01,referral
emp_008433,2025-05-01,referral
emp_008434,2016-09-30,linkedin
emp_008435,2024-10-31,recruiter
emp_008436,2020-07-01,boomerang
emp_008437,2023-04-01,linkedin
emp_008438,2022-12-31,boomerang
emp_008439,2025-04-01,recruiter
emp_008440,2025-07-01,conference
emp_008441,2024-04-01,referral
emp_008442,2024-04-01,recruiter
emp_008443,2021-12-31,referral
emp_008444,2016-12-30,recruiter
emp_008445,2022-10-01,referral
emp_008446,2025-03-01,referral
emp_008447,2022-12-31,linkedin
emp_008448,2021-06-01,referral
emp_008449,2025-06-01,referral
emp_008450,2022-10-31,referral
emp_008451,2024-04-01,recruiter
emp_008452,2019-03-02,linkedin
emp_008453,2025-10-31,recruiter
emp_008454,2022-05-01,recruiter
emp_008455,2025-06-01,recruiter
emp_008456,2022-08-31,company_site
emp_008457,2025-08-01,conference
emp_008458,2023-08-01,conference
emp_008459,2024-11-30,referral
emp_008460,2022-08-01,referral
emp_008461,2022-10-31,linkedin
emp_008462,2024-08-31,linkedin
emp_008463,2022-12-01,company_site
emp_008464,2021-05-01,referral
emp_008465,2023-01-30,recruiter
emp_008466,2024-09-30,university
emp_008467,2022-12-31,company_site
emp_008468,2025-04-01,linkedin
emp_008469,2023-07-02,university
emp_008470,2023-12-31,recruiter
emp_008471,2023-12-31,company_site
emp_008472,2022-12-31,conference
emp_008473,2023-12-01,referral
emp_008474,2024-12-31,referral
emp_008475,2025-08-01,referral
emp_008476,2024-05-31,referral
emp_008477,2025-06-01,referral
emp_008478,2023-12-01,recruiter
emp_008479,2022-10-01,linkedin
emp_008480,2023-05-02,linkedin
emp_008481,2024-01-31,referral
emp_008482,2023-03-02,referral
emp_008483,2023-06-01,referral
emp_008484,2025-04-01,recruiter
emp_008485,2024-12-31,recruiter
emp_008486,2015-08-31,referral
emp_008487,2019-10-01,linkedin
emp_008488,2023-10-31,recruiter
emp_008489,2024-11-30,referral
emp_008490,2023-10-01,referral
emp_008491,2018-08-31,referral
emp_008492,2025-10-31,recruiter
emp_008493,2021-06-01,linkedin
emp_008494,2020-07-01,referral
emp_008495,2019-07-02,conference
emp_008496,2025-05-01,linkedin
emp_008497,2025-05-01,recruiter
emp_008498,2025-11-30,linkedin
emp_008499,2024-01-31,referral
emp_008500,2025-11-30,university
emp_008501,2024-07-01,referral
emp_008502,2015-12-31,recruiter
emp_008503,2020-05-01,company_site
emp_008504,2022-03-02,recruiter
emp_008505,2024-04-01,university
emp_008506,2021-08-01,company_site
emp_008507,2024-03-01,referral
emp_008508,2025-08-31,university
emp_008509,2025-07-01,referral
emp_008510,2022-10-31,recruiter
emp_008511,2017-07-31,referral
emp_008512,2023-03-02,recruiter
emp_008513,2025-08-31,referral
emp_008514,2022-08-31,university
emp_008515,2019-08-31,referral
emp_008516,2020-05-01,company_site
emp_008517,2023-07-02,conference
emp_008518,2025-04-01,linkedin
emp_008519,2025-08-01,recruiter
emp_008520,2024-03-01,company_site
emp_008521,2024-10-31,company_site
emp_008522,2021-08-01,referral
emp_008523,2024-04-01,boomerang
emp_008524,2026-07-01,linkedin
emp_008525,2022-10-31,university
emp_008526,2023-03-02,company_site
emp_008527,2025-10-01,recruiter
emp_008528,2022-07-01,university
emp_008529,2023-09-01,referral
emp_008530,2025-01-30,referral
emp_008531,2021-01-30,linkedin
emp_008532,2024-03-01,university
emp_008533,2019-06-01,recruiter
emp_008534,2024-05-31,referral
emp_008535,2025-07-01,linkedin
emp_008536,2025-10-01,conference
emp_008537,2022-08-01,referral
emp_008538,2019-08-31,referral
emp_008539,2020-08-31,university
emp_008540,2021-01-30,referral
emp_008541,2025-04-01,university
emp_008542,2024-10-31,referral
emp_008543,2025-05-01,referral
emp_008544,2024-09-30,referral
emp_008545,2023-10-01,university
emp_008546,2025-04-01,referral
emp_008547,2023-12-31,company_site
emp_008548,2023-10-01,linkedin
emp_008549,2022-10-01,linkedin
emp_008550,2024-12-31,linkedin
emp_008551,2024-07-31,recruiter
emp_008552,2024-11-30,referral
emp_008553,2022-12-01,university
emp_008554,2024-03-01,recruiter
emp_008555,2023-04-01,recruiter
emp_008556,2023-04-01,linkedin
emp_008557,2024-05-01,company_site
emp_008558,2025-07-01,referral
emp_008559,2025-01-30,university
emp_008560,2025-08-01,referral
emp_008561,2023-12-01,university
emp_008562,2024-01-31,recruiter
emp_008563,2025-01-30,company_site
emp_008564,2025-05-01,referral
emp_008565,2025-08-31,linkedin
emp_008566,2026-01-30,linkedin
emp_008567,2024-11-30,linkedin
emp_008568,2022-12-31,boomerang
emp_008569,2025-11-30,referral
emp_008570,2019-03-02,referral
emp_008571,2024-03-01,referral
emp_008572,2024-04-01,referral
emp_008573,2024-10-31,university
emp_008574,2024-04-01,referral
emp_008575,2025-01-30,referral
emp_008576,2021-10-31,recruiter
emp_008577,2024-12-31,recruiter
emp_008578,2022-08-01,referral
emp_008579,2019-05-02,referral
emp_008580,2023-08-01,company_site
emp_008581,2023-12-31,conference
emp_008582,2022-10-31,linkedin
emp_008583,2025-04-01,recruiter
emp_008584,2023-12-01,boomerang
emp_008585,2024-09-30,linkedin
emp_008586,2023-10-31,referral
emp_008587,2020-07-31,referral
emp_008588,2024-08-31,referral
emp_008589,2023-08-01,linkedin
emp_008590,2025-08-31,boomerang
emp_008591,2023-07-02,recruiter
emp_008592,2024-12-31,referral
emp_008593,2024-05-01,referral
emp_008594,2023-04-01,university
emp_008595,2026-05-02,linkedin
emp_008596,2025-11-30,referral
emp_008597,2023-08-01,company_site
emp_008598,2024-08-31,company_site
emp_008599,2025-06-01,conference
emp_008600,2022-05-01,referral
emp_008601,2024-01-31,boomerang
emp_008602,2022-07-01,linkedin
emp_008603,2026-06-01,recruiter
emp_008604,2021-11-30,referral
emp_008605,2024-12-31,company_site
emp_008606,2024-07-31,recruiter
emp_008607,2013-08-31,linkedin
emp_008608,2023-06-01,referral
emp_008609,2024-10-31,company_site
emp_008610,2025-05-01,linkedin
emp_008611,2022-05-01,company_site
emp_008612,2019-12-31,linkedin
emp_008613,2025-03-01,boomerang
emp_008614,2024-09-30,recruiter
emp_008615,2019-10-01,linkedin
emp_008616,2023-03-02,referral
emp_008617,2025-08-01,referral
emp_008618,2023-12-31,recruiter
emp_008619,2022-08-31,recruiter
emp_008620,2024-08-31,recruiter
emp_008621,2023-08-01,linkedin
emp_008622,2025-01-30,linkedin
emp_008623,2019-10-31,linkedin
emp_008624,2023-01-30,referral
emp_008625,2022-06-01,recruiter
emp_008626,2026-03-02,linkedin
emp_008627,2024-03-01,referral
emp_008628,2024-09-30,referral
emp_008629,2025-07-01,conference
emp_008630,2022-08-01,company_site
emp_008631,2023-05-02,recruiter
emp_008632,2017-10-31,referral
emp_008633,2024-07-31,recruiter
emp_008634,2025-07-01,company_site
emp_008635,2024-08-31,company_site
emp_008636,2023-08-01,recruiter
emp_008637,2021-04-01,referral
emp_008638,2024-05-31,company_site
emp_008639,2024-11-30,referral
emp_008640,2023-09-01,referral
emp_008641,2024-10-31,referral
emp_008642,2024-04-01,linkedin
emp_008643,2023-08-01,conference
emp_008644,2021-05-01,boomerang
emp_008645,2024-09-30,referral
emp_008646,2024-03-01,recruiter
emp_008647,2022-10-01,boomerang
emp_008648,2019-08-01,university
emp_008649,2024-12-31,recruiter
emp_008650,2024-12-31,recruiter
emp_008651,2025-07-01,boomerang
emp_008652,2024-09-30,company_site
emp_008653,2023-12-01,linkedin
emp_008654,2025-07-01,recruiter
emp_008655,2025-08-01,recruiter
emp_008656,2023-06-01,linkedin
emp_008657,2025-01-30,referral
emp_008658,2020-12-30,recruiter
emp_008659,2025-04-01,company_site
emp_008660,2023-10-31,company_site
emp_008661,2024-10-31,boomerang
emp_008662,2023-12-01,referral
emp_008663,2022-12-01,linkedin
emp_008664,2024-12-31,referral
emp_008665,2023-12-31,university
emp_008666,2023-08-01,linkedin
emp_008667,2024-12-31,linkedin
emp_008668,2024-04-01,referral
emp_008669,2022-08-01,company_site
emp_008670,2021-10-31,linkedin
emp_008671,2025-01-30,referral
emp_008672,2019-10-01,referral
emp_008673,2020-08-31,company_site
emp_008674,2021-10-31,linkedin
emp_008675,2025-10-01,referral
emp_008676,2024-07-01,linkedin
emp_008677,2026-01-30,recruiter
emp_008678,2025-08-01,conference
emp_008679,2025-12-31,linkedin
emp_008680,2022-08-01,referral
emp_008681,2021-08-31,recruiter
emp_008682,2025-05-01,referral
emp_008683,2024-12-31,referral
emp_008684,2024-12-31,recruiter
emp_008685,2020-05-01,referral
emp_008686,2022-04-01,referral
emp_008687,2020-09-30,referral
emp_008688,2020-09-30,referral
emp_008689,2026-06-01,company_site
emp_008690,2024-10-31,referral
emp_008691,2024-03-01,linkedin
emp_008692,2025-10-01,referral
emp_008693,2024-12-31,recruiter
emp_008694,2025-04-01,recruiter
emp_008695,2024-07-31,linkedin
emp_008696,2021-11-30,company_site
emp_008697,2022-12-01,recruiter
emp_008698,2024-01-31,conference
emp_008699,2025-11-30,conference
emp_008700,2024-10-31,referral
emp_008701,2025-08-31,recruiter
emp_008702,2018-10-01,referral
emp_008703,2024-03-01,referral
emp_008704,2025-01-30,referral
emp_008705,2024-07-31,referral
emp_008706,2025-08-01,linkedin
emp_008707,2023-12-01,linkedin
emp_008708,2020-07-01,conference
emp_008709,2024-10-31,boomerang
emp_008710,2024-04-01,boomerang
emp_008711,2023-09-01,referral
emp_008712,2024-11-30,referral
emp_008713,2024-11-30,recruiter
emp_008714,2023-12-31,recruiter
emp_008715,2024-07-01,company_site
emp_008716,2026-01-30,referral
emp_008717,2021-04-01,linkedin
emp_008718,2025-05-01,company_site
emp_008719,2024-11-30,recruiter
emp_008720,2025-06-01,university
emp_008721,2025-07-01,conference
emp_008722,2022-03-02,referral
emp_008723,2024-10-31,company_site
emp_008724,2025-06-01,company_site
emp_008725,2024-07-01,company_site
emp_008726,2025-10-31,referral
emp_008727,2022-08-31,recruiter
emp_008728,2021-08-31,linkedin
emp_008729,2024-05-31,boomerang
emp_008730,2024-09-30,recruiter
emp_008731,2021-06-01,referral
emp_008732,2025-10-01,boomerang
emp_008733,2024-10-31,conference
emp_008734,2024-05-31,linkedin
emp_008735,2020-07-01,referral
emp_008736,2023-10-01,recruiter
emp_008737,2020-11-30,recruiter
emp_008738,2021-05-01,recruiter
emp_008739,2024-07-01,referral
emp_008740,2022-05-01,recruiter
emp_008741,2024-10-31,linkedin
emp_008742,2025-07-01,university
emp_008743,2023-08-01,recruiter
emp_008744,2024-03-01,linkedin
emp_008745,2024-09-30,referral
emp_008746,2025-03-01,conference
emp_008747,2024-05-01,recruiter
emp_008748,2024-04-01,recruiter
emp_008749,2022-10-01,university
emp_008750,2023-03-02,referral
emp_008751,2024-04-01,linkedin
emp_008752,2023-12-01,referral
emp_008753,2024-04-01,referral
emp_008754,2024-07-31,university
emp_008755,2025-07-01,company_site
emp_008756,2023-09-01,university
emp_008757,2025-04-01,recruiter
emp_008758,2026-03-02,linkedin
emp_008759,2023-10-01,company_site
emp_008760,2024-11-30,referral
emp_008761,2020-05-01,referral
emp_008762,2024-01-31,referral
emp_008763,2025-07-01,referral
emp_008764,2021-12-31,company_site
emp_008765,2023-12-31,company_site
emp_008766,2024-01-31,referral
emp_008767,2025-07-01,linkedin
emp_008768,2025-12-31,referral
emp_008769,2023-04-01,referral
emp_008770,2024-10-31,referral
emp_008771,2023-09-01,university
emp_008772,2024-08-31,company_site
emp_008773,2025-04-01,recruiter
emp_008774,2025-03-01,referral
emp_008775,2020-11-30,linkedin
emp_008776,2024-09-30,referral
emp_008777,2025-08-31,university
emp_008778,2022-08-01,referral
emp_008779,2024-07-31,referral
emp_008780,2025-05-01,linkedin
emp_008781,2023-10-31,recruiter
emp_008782,2022-10-01,referral
emp_008783,2025-10-01,boomerang
emp_008784,2024-10-31,recruiter
emp_008785,2023-12-31,linkedin
emp_008786,2024-12-31,recruiter
emp_008787,2021-10-31,referral
emp_008788,2021-03-01,referral
emp_008789,2020-10-31,company_site
emp_008790,2024-04-01,university
emp_008791,2022-05-01,recruiter
emp_008792,2026-04-01,recruiter
emp_008793,2023-12-01,recruiter
emp_008794,2025-10-31,referral
emp_008795,2024-07-31,linkedin
emp_008796,2022-12-31,referral
emp_008797,2025-04-01,company_site
emp_008798,2022-12-31,recruiter
emp_008799,2024-07-01,company_site
emp_008800,2024-12-31,company_site
emp_008801,2010-05-01,company_site
emp_008802,2023-10-01,company_site
emp_008803,2021-08-31,university
emp_008804,2025-04-01,recruiter
emp_008805,2022-03-02,company_site
emp_008806,2022-03-02,university
emp_008807,2024-09-30,recruiter
emp_008808,2020-03-01,referral
emp_008809,2022-12-01,referral
emp_008810,2024-07-31,referral
emp_008811,2015-12-31,linkedin
emp_008812,2022-06-01,university
emp_008813,2023-12-31,university
emp_008814,2017-05-01,referral
emp_008815,2023-12-31,recruiter
emp_008816,2023-10-31,boomerang
emp_008817,2022-08-31,university
emp_008818,2025-06-01,referral
emp_008819,2024-09-30,recruiter
emp_008820,2024-07-01,recruiter
emp_008821,2026-03-02,linkedin
emp_008822,2025-07-01,referral
emp_008823,2024-05-31,referral
emp_008824,2024-03-01,referral
emp_008825,2021-06-01,linkedin
emp_008826,2025-10-31,linkedin
emp_008827,2021-05-01,conference
emp_008828,2022-08-01,linkedin
emp_008829,2019-08-01,linkedin
emp_008830,2022-10-01,university
emp_008831,2026-04-01,referral
emp_008832,2023-10-01,linkedin
emp_008833,2025-01-30,linkedin
emp_008834,2022-12-01,recruiter
emp_008835,2023-12-01,company_site
emp_008836,2024-09-30,boomerang
emp_008837,2025-01-30,referral
emp_008838,2022-08-01,referral
emp_008839,2022-10-01,university
emp_008840,2022-04-01,referral
emp_008841,2024-03-01,recruiter
emp_008842,2023-12-31,recruiter
emp_008843,2025-03-01,university
emp_008844,2020-07-01,referral
emp_008845,2022-01-30,referral
emp_008846,2024-09-30,recruiter
emp_008847,2022-05-01,recruiter
emp_008848,2024-07-01,linkedin
emp_008849,2023-12-31,recruiter
emp_008850,2022-12-31,linkedin
emp_008851,2020-07-01,recruiter
emp_008852,2020-07-01,referral
emp_008853,2023-10-31,recruiter
emp_008854,2025-10-01,company_site
emp_008855,2025-08-01,conference
emp_008856,2023-07-02,recruiter
emp_008857,2025-08-01,linkedin
emp_008858,2024-01-31,recruiter
emp_008859,2025-06-01,university
emp_008860,2024-09-30,linkedin
emp_008861,2024-03-01,linkedin
emp_008862,2023-12-31,referral
emp_008863,2025-06-01,referral
emp_008864,2022-12-31,recruiter
emp_008865,2022-06-01,conference
emp_008866,2022-05-01,referral
emp_008867,2024-03-01,company_site
emp_008868,2023-07-02,recruiter
emp_008869,2024-11-30,linkedin
emp_008870,2026-01-30,referral
emp_008871,2023-10-01,referral
emp_008872,2020-03-31,referral
emp_008873,2023-09-01,linkedin
emp_008874,2024-03-01,referral
emp_008875,2023-10-01,referral
emp_008876,2025-06-01,linkedin
emp_008877,2024-05-31,referral
emp_008878,2024-05-01,referral
emp_008879,2025-10-31,recruiter
emp_008880,2025-07-01,referral
emp_008881,2025-01-30,recruiter
emp_008882,2022-12-31,linkedin
emp_008883,2023-04-01,linkedin
emp_008884,2013-07-01,company_site
emp_008885,2023-09-01,linkedin
emp_008886,2023-08-01,referral
emp_008887,2021-11-30,linkedin
emp_008888,2024-07-31,referral
emp_008889,2025-06-01,recruiter
emp_008890,2023-09-01,company_site
emp_008891,2024-05-01,referral
emp_008892,2024-04-01,recruiter
emp_008893,2023-01-30,recruiter
emp_008894,2025-06-01,company_site
emp_008895,2025-04-01,linkedin
emp_008896,2025-03-01,recruiter
emp_008897,2023-09-01,linkedin
emp_008898,2022-10-31,referral
emp_008899,2024-07-01,university
emp_008900,2025-05-01,conference
emp_008901,2023-12-01,university
emp_008902,2025-05-01,linkedin
emp_008903,2025-06-01,referral
emp_008904,2025-01-30,recruiter
emp_008905,2023-10-01,referral
emp_008906,2024-09-30,conference
emp_008907,2025-04-01,university
emp_008908,2023-10-31,referral
emp_008909,2024-05-01,recruiter
emp_008910,2024-10-31,company_site
emp_008911,2024-03-01,company_site
emp_008912,2020-10-31,recruiter
emp_008913,2025-03-01,boomerang
emp_008914,2022-10-01,linkedin
emp_008915,2023-01-30,linkedin
emp_008916,2023-01-30,company_site
emp_008917,2024-08-31,company_site
emp_008918,2024-10-31,referral
emp_008919,2025-03-01,company_site
emp_008920,2023-03-02,linkedin
emp_008921,2023-12-31,referral
emp_008922,2024-12-31,referral
emp_008923,2025-03-01,referral
emp_008924,2023-01-30,university
emp_008925,2025-08-31,referral
emp_008926,2024-07-31,recruiter
emp_008927,2024-12-31,recruiter
emp_008928,2021-04-01,recruiter
emp_008929,2024-10-31,referral
emp_008930,2021-01-30,referral
emp_008931,2021-03-01,recruiter
emp_008932,2020-11-30,linkedin
emp_008933,2024-04-01,conference
emp_008934,2025-08-31,linkedin
emp_008935,2019-12-31,recruiter
emp_008936,2023-08-01,recruiter
emp_008937,2022-12-31,recruiter
emp_008938,2025-01-30,referral
emp_008939,2021-03-01,company_site
emp_008940,2025-03-01,linkedin
emp_008941,2022-08-01,referral
emp_008942,2025-04-01,university
emp_008943,2025-04-01,recruiter
emp_008944,2009-09-30,recruiter
emp_008945,2023-10-01,referral
emp_008946,2024-09-30,referral
emp_008947,2022-10-31,referral
emp_008948,2023-12-31,referral
emp_008949,2025-06-01,recruiter
emp_008950,2020-08-31,boomerang
emp_008951,2018-10-31,linkedin
emp_008952,2024-03-01,company_site
emp_008953,2024-03-01,linkedin
emp_008954,2025-06-01,company_site
emp_008955,2025-08-01,recruiter
emp_008956,2025-06-01,conference
emp_008957,2022-03-02,linkedin
emp_008958,2020-01-31,recruiter
emp_008959,2026-07-01,university
emp_008960,2019-10-31,linkedin
emp_008961,2025-04-01,linkedin
emp_008962,2023-06-01,referral
emp_008963,2023-09-01,company_site
emp_008964,2024-10-31,recruiter
emp_008965,2022-05-01,company_site
emp_008966,2024-12-31,referral
emp_008967,2022-10-31,recruiter
emp_008968,2025-12-31,recruiter
emp_008969,2023-05-02,university
emp_008970,2023-03-02,linkedin
emp_008971,2024-05-31,company_site
emp_008972,2024-10-31,recruiter
emp_008973,2023-06-01,company_site
emp_008974,2025-10-31,referral
emp_008975,2024-05-01,company_site
emp_008976,2025-01-30,linkedin
emp_008977,2025-05-01,linkedin
emp_008978,2022-04-01,company_site
emp_008979,2025-08-31,company_site
emp_008980,2024-03-01,linkedin
emp_008981,2024-03-01,referral
emp_008982,2022-12-31,linkedin
emp_008983,2006-07-31,linkedin
emp_008984,2024-03-01,linkedin
emp_008985,2020-07-31,company_site
emp_008986,2022-12-31,recruiter
emp_008987,2024-05-31,recruiter
emp_008988,2023-04-01,linkedin
emp_008989,2024-12-31,conference
emp_008990,2025-04-01,referral
emp_008991,2023-09-01,company_site
emp_008992,2025-10-01,linkedin
emp_008993,2023-07-02,linkedin
emp_008994,2023-04-01,linkedin
emp_008995,2023-10-01,recruiter
emp_008996,2025-01-30,linkedin
emp_008997,2023-06-01,recruiter
emp_008998,2024-10-31,recruiter
emp_008999,2024-11-30,referral
emp_009000,2023-12-31,university
emp_009001,2023-10-01,linkedin
emp_009002,2022-06-01,linkedin
emp_009003,2025-07-01,university
emp_009004,2025-12-31,company_site
emp_009005,2024-05-31,linkedin
emp_009006,2023-08-01,recruiter
emp_009007,2024-05-31,referral
emp_009008,2021-05-01,company_site
emp_009009,2025-12-31,recruiter
emp_009010,2025-10-31,recruiter
emp_009011,2024-04-01,referral
emp_009012,2022-10-31,recruiter
emp_009013,2024-03-01,recruiter
emp_009014,2025-01-30,referral
emp_009015,2024-05-31,recruiter
emp_009016,2024-07-31,recruiter
emp_009017,2025-08-01,referral
emp_009018,2023-09-01,recruiter
emp_009019,2024-01-31,university
emp_009020,2025-08-01,referral
emp_009021,2023-12-31,recruiter
emp_009022,2019-04-01,recruiter
emp_009023,2023-10-01,linkedin
emp_009024,2025-05-01,boomerang
emp_009025,2025-12-31,recruiter
emp_009026,2025-10-31,conference
emp_009027,2024-04-01,referral
emp_009028,2019-05-02,recruiter
emp_009029,2023-12-31,recruiter
emp_009030,2026-04-01,boomerang
emp_009031,2026-03-02,recruiter
emp_009032,2025-07-01,company_site
emp_009033,2024-01-31,linkedin
emp_009034,2025-05-01,conference
emp_009035,2022-01-30,company_site
emp_009036,2020-07-01,linkedin
emp_009037,2025-05-01,referral
emp_009038,2022-10-01,recruiter
emp_009039,2022-07-01,university
emp_009040,2025-08-01,linkedin
emp_009041,2018-03-01,boomerang
emp_009042,2023-07-02,referral
emp_009043,2025-01-30,recruiter
emp_009044,2025-06-01,conference
emp_009045,2023-08-01,recruiter
emp_009046,2024-07-31,company_site
emp_009047,2026-01-30,company_site
emp_009048,2024-11-30,recruiter
emp_009049,2024-08-31,referral
emp_009050,2024-10-31,referral
emp_009051,2018-12-31,referral
emp_009052,2022-08-31,recruiter
emp_009053,2019-10-31,university
emp_009054,2021-09-30,boomerang
emp_009055,2024-10-31,recruiter
emp_009056,2018-08-01,referral
emp_009057,2025-01-30,linkedin
emp_009058,2025-03-01,company_site
emp_009059,2026-04-01,company_site
emp_009060,2024-11-30,linkedin
emp_009061,2024-12-31,recruiter
emp_009062,2024-04-01,referral
emp_009063,2022-01-30,recruiter
emp_009064,2023-07-02,recruiter
emp_009065,2025-10-31,company_site
emp_009066,2023-04-01,referral
emp_009067,2024-07-01,linkedin
emp_009068,2024-01-31,company_site
emp_009069,2025-03-01,recruiter
emp_009070,2024-09-30,boomerang
emp_009071,2023-04-01,linkedin
emp_009072,2025-07-01,recruiter
emp_009073,2024-07-31,recruiter
emp_009074,2024-11-30,referral
emp_009075,2025-08-01,linkedin
emp_009076,2025-05-01,referral
emp_009077,2025-11-30,linkedin
emp_009078,2024-05-31,company_site
emp_009079,2020-03-01,conference
emp_009080,2025-11-30,linkedin
emp_009081,2022-10-01,company_site
emp_009082,2024-07-31,referral
emp_009083,2026-01-30,university
emp_009084,2023-09-01,linkedin
emp_009085,2016-08-31,referral
emp_009086,2024-10-31,referral
emp_009087,2022-12-01,recruiter
emp_009088,2012-01-30,university
emp_009089,2019-03-02,referral
emp_009090,2019-08-01,company_site
emp_009091,2024-04-01,linkedin
emp_009092,2023-08-01,referral
emp_009093,2021-04-01,linkedin
emp_009094,2023-12-01,linkedin
emp_009095,2021-05-01,company_site
emp_009096,2024-07-31,company_site
emp_009097,2022-01-30,recruiter
emp_009098,2022-01-30,company_site
emp_009099,2025-05-01,recruiter
emp_009100,2024-11-30,linkedin
emp_009101,2023-03-02,recruiter
emp_009102,2025-01-30,university
emp_009103,2022-04-01,recruiter
emp_009104,2025-10-01,recruiter
emp_009105,2024-11-30,linkedin
emp_009106,2023-06-01,referral
emp_009107,2024-07-01,referral
emp_009108,2024-04-01,referral
emp_009109,2022-01-30,referral
emp_009110,2023-08-01,referral
emp_009111,2019-05-02,referral
emp_009112,2021-01-30,company_site
emp_009113,2024-01-31,linkedin
emp_009114,2024-07-01,company_site
emp_009115,2023-01-30,university
emp_009116,2023-09-01,boomerang
emp_009117,2025-08-31,referral
emp_009118,2025-05-01,university
emp_009119,2025-03-01,referral
emp_009120,2023-09-01,recruiter
emp_009121,2023-10-31,referral
emp_009122,2025-04-01,linkedin
emp_009123,2023-09-01,university
emp_009124,2024-07-31,university
emp_009125,2022-08-31,referral
emp_009126,2024-05-31,referral
emp_009127,2022-08-31,boomerang
emp_009128,2025-08-01,university
emp_009129,2022-06-01,referral
emp_009130,2025-08-31,linkedin
emp_009131,2025-10-01,recruiter
emp_009132,2025-05-01,referral
emp_009133,2025-07-01,referral
emp_009134,2024-11-30,linkedin
emp_009135,2025-11-30,recruiter
emp_009136,2025-05-01,linkedin
emp_009137,2023-12-01,conference
emp_009138,2025-12-31,referral
emp_009139,2025-11-30,linkedin
emp_009140,2025-04-01,referral
emp_009141,2024-09-30,linkedin
emp_009142,2023-10-01,referral
emp_009143,2025-03-01,recruiter
emp_009144,2025-06-01,company_site
emp_009145,2022-12-01,company_site
emp_009146,2025-05-01,linkedin
emp_009147,2024-11-30,referral
emp_009148,2017-11-30,company_site
emp_009149,2025-04-01,referral
emp_009150,2020-05-31,company_site
emp_009151,2024-07-01,university
emp_009152,2022-10-01,linkedin
emp_009153,2022-10-31,recruiter
emp_009154,2025-04-01,university
emp_009155,2023-03-02,university
emp_009156,2024-12-31,company_site
emp_009157,2025-03-01,referral
emp_009158,2022-05-01,recruiter
emp_009159,2022-12-31,company_site
emp_009160,2025-10-01,linkedin
emp_009161,2025-08-01,recruiter
emp_009162,2022-08-01,linkedin
emp_009163,2024-09-30,linkedin
emp_009164,2026-01-30,recruiter
emp_009165,2024-12-31,company_site
emp_009166,2022-08-31,referral
emp_009167,2025-06-01,recruiter
emp_009168,2024-10-31,linkedin
emp_009169,2025-08-31,recruiter
emp_009170,2023-12-31,recruiter
emp_009171,2022-07-01,company_site
emp_009172,2024-05-01,conference
emp_009173,2024-08-31,company_site
emp_009174,2020-03-31,recruiter
emp_009175,2023-10-01,company_site
emp_009176,2023-03-02,recruiter
emp_009177,2021-10-31,referral
emp_009178,2023-07-02,recruiter
emp_009179,2024-01-31,linkedin
emp_009180,2024-08-31,recruiter
emp_009181,2023-10-01,company_site
emp_009182,2021-08-01,university
emp_009183,2023-05-02,university
emp_009184,2026-01-30,boomerang
emp_009185,2023-04-01,company_site
emp_009186,2025-11-30,referral
emp_009187,2023-07-02,referral
emp_009188,2025-03-01,linkedin
emp_009189,2024-03-01,linkedin
emp_009190,2025-06-01,referral
emp_009191,2025-10-01,conference
emp_009192,2018-06-01,referral
emp_009193,2023-07-02,referral
emp_009194,2025-10-01,linkedin
emp_009195,2014-09-30,recruiter
emp_009196,2024-03-01,referral
emp_009197,2025-11-30,recruiter
emp_009198,2020-07-01,company_site
emp_009199,2025-07-01,linkedin
emp_009200,2024-01-31,recruiter
emp_009201,2023-10-01,linkedin
emp_009202,2022-10-01,referral
emp_009203,2020-05-01,company_site
emp_009204,2023-03-02,recruiter
emp_009205,2024-03-01,linkedin
emp_009206,2018-03-01,linkedin
emp_009207,2024-12-31,linkedin
emp_009208,2024-09-30,university
emp_009209,2022-12-01,company_site
emp_009210,2024-07-31,referral
emp_009211,2024-07-01,linkedin
emp_009212,2022-07-01,recruiter
emp_009213,2023-12-01,conference
emp_009214,2023-08-01,university
emp_009215,2010-06-01,linkedin
emp_009216,2024-09-30,referral
emp_009217,2019-07-02,conference
emp_009218,2020-09-30,referral
emp_009219,2021-11-30,referral
emp_009220,2022-05-01,linkedin
emp_009221,2024-09-30,recruiter
emp_009222,2024-05-01,recruiter
emp_009223,2023-10-01,recruiter
emp_009224,2024-08-31,linkedin
emp_009225,2023-01-30,referral
emp_009226,2025-07-01,university
emp_009227,2020-10-31,university
emp_009228,2024-09-30,company_site
emp_009229,2025-06-01,recruiter
emp_009230,2024-07-01,referral
emp_009231,2025-03-01,linkedin
emp_009232,2025-11-30,linkedin
emp_009233,2025-01-30,university
emp_009234,2022-10-01,university
emp_009235,2025-06-01,boomerang
emp_009236,2023-04-01,referral
emp_009237,2022-12-31,company_site
emp_009238,2023-12-01,linkedin
emp_009239,2017-04-01,linkedin
emp_009240,2024-05-31,conference
emp_009241,2022-08-31,linkedin
emp_009242,2024-05-01,linkedin
emp_009243,2023-12-31,linkedin
emp_009244,2024-09-30,recruiter
emp_009245,2026-04-01,company_site
emp_009246,2018-10-31,company_site
emp_009247,2025-03-01,company_site
emp_009248,2022-08-01,university
emp_009249,2022-10-01,referral
emp_009250,2015-06-01,university
emp_009251,2024-08-31,company_site
emp_009252,2026-07-01,company_site
emp_009253,2025-10-31,recruiter
emp_009254,2021-11-30,recruiter
emp_009255,2024-10-31,linkedin
emp_009256,2025-03-01,referral
emp_009257,2022-03-02,boomerang
emp_009258,2024-10-31,referral
emp_009259,2013-03-01,linkedin
emp_009260,2020-11-30,recruiter
emp_009261,2024-07-31,recruiter
emp_009262,2023-10-31,referral
emp_009263,2023-04-01,recruiter
emp_009264,2015-12-31,recruiter
emp_009265,2020-07-31,recruiter
emp_009266,2025-04-01,linkedin
emp_009267,2024-04-01,university
emp_009268,2026-03-02,referral
emp_009269,2023-04-01,boomerang
emp_009270,2026-01-30,referral
emp_009271,2022-12-31,university
emp_009272,2025-07-01,referral
emp_009273,2024-12-31,recruiter
emp_009274,2022-04-01,recruiter
emp_009275,2024-09-30,linkedin
emp_009276,2022-07-01,boomerang
emp_009277,2025-07-01,referral
emp_009278,2025-01-30,recruiter
emp_009279,2020-10-31,conference
emp_009280,2024-05-31,linkedin
emp_009281,2022-04-01,recruiter
emp_009282,2024-07-01,recruiter
emp_009283,2025-07-01,recruiter
emp_009284,2023-03-02,linkedin
emp_009285,2025-04-01,linkedin
emp_009286,2023-04-01,linkedin
emp_009287,2025-07-01,referral
emp_009288,2025-03-01,referral
emp_009289,2025-10-01,company_site
emp_009290,2025-10-31,referral
emp_009291,2024-05-31,company_site
emp_009292,2024-07-31,university
emp_009293,2021-08-31,recruiter
emp_009294,2024-05-01,recruiter
emp_009295,2025-08-01,referral
emp_009296,2025-05-01,linkedin
emp_009297,2024-12-31,company_site
emp_009298,2025-10-31,linkedin
emp_009299,2024-03-01,referral
emp_009300,2019-06-01,recruiter
emp_009301,2025-10-01,recruiter
emp_009302,2025-04-01,referral
emp_009303,2025-05-01,referral
emp_009304,2021-07-01,company_site
emp_009305,2020-08-31,recruiter
emp_009306,2023-10-01,recruiter
emp_009307,2024-01-31,referral
emp_009308,2023-05-02,university
emp_009309,2024-07-31,linkedin
emp_009310,2024-10-31,recruiter
emp_009311,2023-09-01,conference
emp_009312,2024-11-30,company_site
emp_009313,2023-08-01,recruiter
emp_009314,2019-07-02,company_site
emp_009315,2025-01-30,referral
emp_009316,2024-04-01,linkedin
emp_009317,2024-05-31,referral
emp_009318,2023-08-01,linkedin
emp_009319,2023-12-01,referral
emp_009320,2024-07-31,referral
emp_009321,2020-08-31,company_site
emp_009322,2024-12-31,university
emp_009323,2021-10-31,company_site
emp_009324,2023-12-01,recruiter
emp_009325,2018-04-01,boomerang
emp_009326,2019-06-01,recruiter
emp_009327,2024-01-31,recruiter
emp_009328,2023-08-01,linkedin
emp_009329,2025-08-31,recruiter
emp_009330,2025-01-30,referral
emp_009331,2023-09-01,linkedin
emp_009332,2024-10-31,referral
emp_009333,2023-09-01,boomerang
emp_009334,2021-10-31,linkedin
emp_009335,2024-09-30,company_site
emp_009336,2025-01-30,linkedin
emp_009337,2025-12-31,company_site
emp_009338,2024-07-31,referral
emp_009339,2020-11-30,linkedin
emp_009340,2022-10-01,referral
emp_009341,2026-01-30,recruiter
emp_009342,2023-03-02,linkedin
emp_009343,2024-05-31,referral
emp_009344,2022-05-01,linkedin
emp_009345,2019-12-31,referral
emp_009346,2024-12-31,recruiter
emp_009347,2022-06-01,company_site
emp_009348,2024-08-31,company_site
emp_009349,2025-01-30,linkedin
emp_009350,2023-12-31,university
emp_009351,2018-06-01,company_site
emp_009352,2023-01-30,company_site
emp_009353,2022-03-02,boomerang
emp_009354,2025-05-01,recruiter
emp_009355,2022-12-01,boomerang
emp_009356,2024-04-01,company_site
emp_009357,2019-05-02,linkedin
emp_009358,2025-11-30,university
emp_009359,2022-03-02,company_site
emp_009360,2024-04-01,conference
emp_009361,2021-11-30,referral
emp_009362,2022-07-01,linkedin
emp_009363,2023-03-02,referral
emp_009364,2024-10-31,company_site
emp_009365,2024-07-01,conference
emp_009366,2024-10-31,linkedin
emp_009367,2023-01-30,company_site
emp_009368,2023-10-01,linkedin
emp_009369,2019-10-01,referral
emp_009370,2023-12-01,referral
emp_009371,2024-07-01,linkedin
emp_009372,2025-03-01,referral
emp_009373,2021-03-01,referral
emp_009374,2023-07-02,linkedin
emp_009375,2022-07-01,recruiter
emp_009376,2026-01-30,referral
emp_009377,2025-11-30,company_site
emp_009378,2024-04-01,university
emp_009379,2023-10-31,recruiter
emp_009380,2021-03-01,recruiter
emp_009381,2023-10-31,company_site
emp_009382,2024-09-30,referral
emp_009383,2021-06-01,recruiter
emp_009384,2025-07-01,recruiter
emp_009385,2025-08-31,boomerang
emp_009386,2023-06-01,linkedin
emp_009387,2023-03-02,linkedin
emp_009388,2021-06-01,university
emp_009389,2025-01-30,linkedin
emp_009390,2025-07-01,linkedin
emp_009391,2021-11-30,company_site
emp_009392,2018-08-01,linkedin
emp_009393,2021-06-01,recruiter
emp_009394,2024-07-01,recruiter
emp_009395,2025-08-01,linkedin
emp_009396,2022-05-01,company_site
emp_009397,2021-01-30,referral
emp_009398,2014-06-01,linkedin
emp_009399,2024-03-01,linkedin
emp_009400,2025-12-31,company_site
emp_009401,2022-08-31,linkedin
emp_009402,2023-06-01,referral
emp_009403,2026-01-30,linkedin
emp_009404,2023-09-01,recruiter
emp_009405,2021-06-01,referral
emp_009406,2025-06-01,company_site
emp_009407,2025-10-01,linkedin
emp_009408,2020-07-31,recruiter
emp_009409,2020-12-30,referral
emp_009410,2024-08-31,referral
emp_009411,2023-07-02,university
emp_009412,2024-05-01,recruiter
emp_009413,2024-07-01,linkedin
emp_009414,2021-09-30,boomerang
emp_009415,2024-09-30,university
emp_009416,2023-03-02,linkedin
emp_009417,2023-09-01,recruiter
emp_009418,2025-08-01,company_site
emp_009419,2025-06-01,recruiter
emp_009420,2025-01-30,linkedin
emp_009421,2023-03-02,company_site
emp_009422,2024-11-30,university
emp_009423,2024-08-31,company_site
emp_009424,2025-06-01,linkedin
emp_009425,2025-03-01,recruiter
emp_009426,2025-07-01,company_site
emp_009427,2025-12-31,recruiter
emp_009428,2023-07-02,company_site
emp_009429,2024-07-01,company_site
emp_009430,2024-04-01,recruiter
emp_009431,2025-12-31,referral
emp_009432,2024-08-31,company_site
emp_009433,2025-08-31,recruiter
emp_009434,2025-06-01,recruiter
emp_009435,2022-03-02,conference
emp_009436,2025-03-01,recruiter
emp_009437,2019-04-01,recruiter
emp_009438,2024-07-31,university
emp_009439,2025-11-30,referral
emp_009440,2023-03-02,referral
emp_009441,2022-01-30,university
emp_009442,2025-08-31,linkedin
emp_009443,2025-08-31,conference
emp_009444,2021-04-01,recruiter
emp_009445,2015-04-01,linkedin
emp_009446,2022-12-31,conference
emp_009447,2025-07-01,university
emp_009448,2024-01-31,recruiter
emp_009449,2019-07-02,company_site
emp_009450,2022-10-01,linkedin
emp_009451,2023-08-01,recruiter
emp_009452,2023-08-01,recruiter
emp_009453,2009-11-30,recruiter
emp_009454,2023-12-31,boomerang
emp_009455,2023-10-01,linkedin
emp_009456,2019-10-01,referral
emp_009457,2023-12-01,referral
emp_009458,2018-05-01,company_site
emp_009459,2025-05-01,referral
emp_009460,2025-03-01,linkedin
emp_009461,2024-03-01,company_site
emp_009462,2024-09-30,recruiter
emp_009463,2024-10-31,linkedin
emp_009464,2025-03-01,recruiter
emp_009465,2025-12-31,linkedin
emp_009466,2025-05-01,conference
emp_009467,2024-08-31,linkedin
emp_009468,2025-01-30,recruiter
emp_009469,2024-07-31,boomerang
emp_009470,2024-03-01,referral
emp_009471,2023-09-01,recruiter
emp_009472,2025-06-01,university
emp_009473,2025-10-31,linkedin
emp_009474,2025-01-30,boomerang
emp_009475,2025-01-30,university
emp_009476,2025-05-01,recruiter
emp_009477,2023-10-31,referral
emp_009478,2020-01-31,linkedin
emp_009479,2024-04-01,recruiter
emp_009480,2024-12-31,referral
emp_009481,2024-07-31,linkedin
emp_009482,2024-11-30,referral
emp_009483,2025-01-30,boomerang
emp_009484,2024-09-30,linkedin
emp_009485,2024-07-01,linkedin
emp_009486,2025-01-30,boomerang
emp_009487,2022-06-01,linkedin
emp_009488,2025-07-01,referral
emp_009489,2024-09-30,company_site
emp_009490,2020-10-31,boomerang
emp_009491,2025-10-01,referral
emp_009492,2015-08-31,referral
emp_009493,2025-06-01,recruiter
emp_009494,2023-05-02,linkedin
emp_009495,2025-01-30,recruiter
emp_009496,2025-01-30,recruiter
emp_009497,2024-04-01,linkedin
emp_009498,2020-10-31,linkedin
emp_009499,2024-05-01,university
emp_009500,2022-03-02,referral
emp_009501,2022-12-31,linkedin
emp_009502,2025-04-01,recruiter
emp_009503,2026-03-02,referral
emp_009504,2023-08-01,boomerang
emp_009505,2024-11-30,referral
emp_009506,2023-12-31,conference
emp_009507,2019-12-31,recruiter
emp_009508,2022-07-01,linkedin
emp_009509,2026-05-02,referral
emp_009510,2025-04-01,recruiter
emp_009511,2024-07-01,linkedin
emp_009512,2022-10-01,recruiter
emp_009513,2025-06-01,company_site
emp_009514,2025-08-31,linkedin
emp_009515,2020-03-01,company_site
emp_009516,2025-06-01,university
emp_009517,2024-09-30,recruiter
emp_009518,2022-12-31,referral
emp_009519,2025-01-30,linkedin
emp_009520,2023-05-02,recruiter
emp_009521,2024-11-30,conference
emp_009522,2026-03-02,university
emp_009523,2024-12-31,company_site
emp_009524,2024-10-31,referral
emp_009525,2026-06-01,recruiter
emp_009526,2019-05-02,referral
emp_009527,2025-12-31,linkedin
emp_009528,2023-05-02,boomerang
emp_009529,2025-04-01,recruiter
emp_009530,2026-01-30,referral
emp_009531,2024-10-31,boomerang
emp_009532,2022-08-31,linkedin
emp_009533,2024-10-31,referral
emp_009534,2019-05-02,referral
emp_009535,2024-07-01,company_site
emp_009536,2024-07-01,referral
emp_009537,2025-04-01,referral
emp_009538,2023-04-01,recruiter
emp_009539,2023-10-31,linkedin
emp_009540,2024-04-01,linkedin
emp_009541,2022-12-31,company_site
emp_009542,2023-10-31,linkedin
emp_009543,2025-03-01,recruiter
emp_009544,2024-03-01,linkedin
emp_009545,2023-06-01,company_site
emp_009546,2024-12-31,recruiter
emp_009547,2024-05-01,linkedin
emp_009548,2024-12-31,linkedin
emp_009549,2023-10-01,university
emp_009550,2025-06-01,referral
emp_009551,2018-08-31,referral
emp_009552,2023-07-02,referral
emp_009553,2021-08-31,referral
emp_009554,2022-12-31,company_site
emp_009555,2022-07-01,referral
emp_009556,2025-03-01,referral
emp_009557,2024-08-31,recruiter
emp_009558,2023-03-02,recruiter
emp_009559,2021-10-31,university
emp_009560,2024-12-31,linkedin
emp_009561,2024-10-31,recruiter
emp_009562,2019-08-31,recruiter
emp_009563,2025-12-31,linkedin
emp_009564,2024-05-01,university
emp_009565,2023-12-31,linkedin
emp_009566,2025-01-30,referral
emp_009567,2022-07-01,boomerang
emp_009568,2023-03-02,linkedin
emp_009569,2023-05-02,recruiter
emp_009570,2024-07-31,referral
emp_009571,2021-09-30,conference
emp_009572,2024-08-31,referral
emp_009573,2024-01-31,referral
emp_009574,2024-07-31,referral
emp_009575,2021-09-30,referral
emp_009576,2023-12-31,referral
emp_009577,2023-10-01,referral
emp_009578,2023-12-31,referral
emp_009579,2025-10-01,university
emp_009580,2020-11-30,referral
emp_009581,2025-08-01,linkedin
emp_009582,2024-09-30,linkedin
emp_009583,2025-10-01,conference
emp_009584,2025-01-30,company_site
emp_009585,2022-12-31,referral
emp_009586,2022-07-01,company_site
emp_009587,2026-01-30,recruiter
emp_009588,2023-10-01,referral
emp_009589,2025-08-31,recruiter
emp_009590,2023-03-02,referral
emp_009591,2024-08-31,referral
emp_009592,2022-08-31,referral
emp_009593,2021-12-31,referral
emp_009594,2025-07-01,referral
emp_009595,2022-12-01,referral
emp_009596,2023-06-01,university
emp_009597,2024-05-01,company_site
emp_009598,2022-06-01,linkedin
emp_009599,2024-10-31,recruiter
emp_009600,2022-01-30,company_site
emp_009601,2025-05-01,recruiter
emp_009602,2025-06-01,boomerang
emp_009603,2025-07-01,linkedin
emp_009604,2024-09-30,recruiter
emp_009605,2025-07-01,company_site
emp_009606,2024-12-31,boomerang
emp_009607,2024-08-31,recruiter
emp_009608,2026-01-30,recruiter
emp_009609,2023-08-01,linkedin
emp_009610,2020-11-30,university
emp_009611,2022-01-30,recruiter
emp_009612,2021-03-01,recruiter
emp_009613,2023-08-01,recruiter
emp_009614,2026-06-01,linkedin
emp_009615,2023-09-01,referral
emp_009616,2022-08-31,linkedin
emp_009617,2025-10-01,recruiter
emp_009618,2025-10-31,referral
emp_009619,2025-08-31,linkedin
emp_009620,2024-05-01,linkedin
emp_009621,2020-03-01,referral
emp_009622,2022-12-31,university
emp_009623,2026-03-02,company_site
emp_009624,2024-01-31,referral
emp_009625,2025-03-01,linkedin
emp_009626,2025-06-01,conference
emp_009627,2024-05-01,university
emp_009628,2019-12-31,company_site
emp_009629,2024-05-01,linkedin
emp_009630,2021-10-31,linkedin
emp_009631,2025-10-31,linkedin
emp_009632,2022-05-01,boomerang
emp_009633,2025-07-01,recruiter
emp_009634,2025-12-31,company_site
emp_009635,2024-09-30,company_site
emp_009636,2023-08-01,company_site
emp_009637,2024-05-01,referral
emp_009638,2020-07-01,company_site
emp_009639,2024-08-31,university
emp_009640,2024-09-30,company_site
emp_009641,2022-12-31,company_site
emp_009642,2026-01-30,company_site
emp_009643,2022-06-01,recruiter
emp_009644,2025-05-01,referral
emp_009645,2017-07-31,referral
emp_009646,2021-09-30,linkedin
emp_009647,2024-03-01,recruiter
emp_009648,2024-05-01,referral
emp_009649,2024-05-31,linkedin
emp_009650,2023-06-01,recruiter
emp_009651,2024-01-31,referral
emp_009652,2022-08-31,linkedin
emp_009653,2018-06-01,linkedin
emp_009654,2025-08-01,linkedin
emp_009655,2026-05-02,linkedin
emp_009656,2024-08-31,university
emp_009657,2025-10-31,conference
emp_009658,2024-12-31,referral
emp_009659,2023-08-01,university
emp_009660,2024-11-30,company_site
emp_009661,2022-03-02,recruiter
emp_009662,2026-04-01,conference
emp_009663,2023-12-31,company_site
emp_009664,2021-04-01,referral
emp_009665,2024-04-01,referral
emp_009666,2021-08-31,referral
emp_009667,2018-08-01,boomerang
emp_009668,2026-04-01,referral
emp_009669,2022-10-01,recruiter
emp_009670,2025-06-01,referral
emp_009671,2021-12-31,recruiter
emp_009672,2024-04-01,linkedin
emp_009673,2024-10-31,linkedin
emp_009674,2022-08-01,linkedin
emp_009675,2025-06-01,recruiter
emp_009676,2025-11-30,referral
emp_009677,2022-07-01,recruiter
emp_009678,2024-05-31,referral
emp_009679,2019-08-01,conference
emp_009680,2025-08-31,linkedin
emp_009681,2024-10-31,conference
emp_009682,2024-07-31,company_site
emp_009683,2025-04-01,referral
emp_009684,2020-11-30,linkedin
emp_009685,2025-01-30,recruiter
emp_009686,2021-10-31,boomerang
emp_009687,2022-12-01,boomerang
emp_009688,2024-09-30,referral
emp_009689,2023-12-01,referral
emp_009690,2025-05-01,referral
emp_009691,2025-08-31,university
emp_009692,2025-04-01,university
emp_009693,2018-05-01,referral
emp_009694,2022-10-31,company_site
emp_009695,2025-07-01,company_site
emp_009696,2024-11-30,referral
emp_009697,2020-09-30,referral
emp_009698,2024-11-30,referral
emp_009699,2025-03-01,referral
emp_009700,2023-12-01,company_site
emp_009701,2024-03-01,linkedin
emp_009702,2024-08-31,company_site
emp_009703,2025-12-31,referral
emp_009704,2023-10-01,referral
emp_009705,2025-04-01,referral
emp_009706,2021-01-30,referral
emp_009707,2026-07-01,referral
emp_009708,2024-11-30,referral
emp_009709,2022-03-02,company_site
emp_009710,2019-01-30,referral
emp_009711,2023-04-01,recruiter
emp_009712,2026-04-01,linkedin
emp_009713,2012-12-30,conference
emp_009714,2025-01-30,conference
emp_009715,2024-11-30,university
emp_009716,2015-06-01,linkedin
emp_009717,2023-10-31,linkedin
emp_009718,2019-08-01,company_site
emp_009719,2023-05-02,linkedin
emp_009720,2022-07-01,referral
emp_009721,2023-08-01,university
emp_009722,2025-06-01,referral
emp_009723,2018-08-31,boomerang
emp_009724,2024-05-01,referral
emp_009725,2024-09-30,linkedin
emp_009726,2024-07-31,university
emp_009727,2024-03-01,linkedin
emp_009728,2017-04-01,conference
emp_009729,2023-04-01,company_site
emp_009730,2025-06-01,linkedin
emp_009731,2024-07-31,referral
emp_009732,2017-04-01,linkedin
emp_009733,2024-12-31,conference
emp_009734,2026-05-02,university
emp_009735,2020-07-01,linkedin
emp_009736,2024-11-30,recruiter
emp_009737,2023-10-01,linkedin
emp_009738,2021-07-01,linkedin
emp_009739,2024-08-31,linkedin
emp_009740,2025-08-01,recruiter
emp_009741,2025-12-31,linkedin
emp_009742,2024-05-31,linkedin
emp_009743,2022-10-31,company_site
emp_009744,2025-01-30,linkedin
emp_009745,2025-11-30,referral
emp_009746,2025-11-30,recruiter
emp_009747,2021-10-31,company_site
emp_009748,2022-08-31,recruiter
emp_009749,2024-11-30,referral
emp_009750,2024-01-31,referral
emp_009751,2023-05-02,university
emp_009752,2025-01-30,referral
emp_009753,2022-06-01,linkedin
emp_009754,2022-10-31,company_site
emp_009755,2025-08-01,recruiter
emp_009756,2022-06-01,referral
emp_009757,2024-05-31,referral
emp_009758,2011-11-30,referral
emp_009759,2025-10-31,referral
emp_009760,2018-08-01,recruiter
emp_009761,2021-07-01,company_site
emp_009762,2020-08-31,referral
emp_009763,2025-01-30,recruiter
emp_009764,2022-07-01,referral
emp_009765,2022-08-31,conference
emp_009766,2024-08-31,company_site
emp_009767,2023-05-02,company_site
emp_009768,2024-03-01,recruiter
emp_009769,2024-03-01,referral
emp_009770,2025-03-01,recruiter
emp_009771,2022-01-30,conference
emp_009772,2025-12-31,recruiter
emp_009773,2025-04-01,referral
emp_009774,2022-01-30,linkedin
emp_009775,2023-06-01,company_site
emp_009776,2021-04-01,company_site
emp_009777,2025-07-01,linkedin
emp_009778,2025-08-01,linkedin
emp_009779,2023-06-01,company_site
emp_009780,2021-06-01,conference
emp_009781,2024-07-31,referral
emp_009782,2023-10-01,referral
emp_009783,2024-04-01,referral
emp_009784,2024-11-30,linkedin
emp_009785,2025-10-01,linkedin
emp_009786,2025-05-01,university
emp_009787,2023-10-01,recruiter
emp_009788,2024-05-01,referral
emp_009789,2024-07-01,referral
emp_009790,2023-12-31,company_site
emp_009791,2017-07-31,linkedin
emp_009792,2022-03-02,linkedin
emp_009793,2024-05-31,linkedin
emp_009794,2024-04-01,linkedin
emp_009795,2025-05-01,company_site
emp_009796,2014-08-01,company_site
emp_009797,2026-05-02,referral
emp_009798,2025-03-01,referral
emp_009799,2024-05-31,recruiter
emp_009800,2021-12-31,company_site
emp_009801,2025-11-30,referral
emp_009802,2024-05-31,recruiter
emp_009803,2023-12-01,referral
emp_009804,2022-08-01,recruiter
emp_009805,2025-08-01,conference
emp_009806,2024-05-01,linkedin
emp_009807,2022-06-01,linkedin
emp_009808,2021-11-30,linkedin
emp_009809,2025-08-31,recruiter
emp_009810,2021-10-31,university
emp_009811,2021-11-30,referral
emp_009812,2022-10-01,company_site
emp_009813,2022-06-01,company_site
emp_009814,2021-09-30,referral
emp_009815,2024-07-01,referral
emp_009816,2025-10-01,linkedin
emp_009817,2024-09-30,company_site
emp_009818,2025-03-01,linkedin
emp_009819,2026-07-01,company_site
emp_009820,2022-10-01,university
emp_009821,2024-03-01,boomerang
emp_009822,2023-05-02,referral
emp_009823,2021-12-31,recruiter
emp_009824,2024-11-30,recruiter
emp_009825,2024-09-30,referral
emp_009826,2023-12-01,university
emp_009827,2024-01-31,recruiter
emp_009828,2023-08-01,linkedin
emp_009829,2022-04-01,linkedin
emp_009830,2020-05-01,boomerang
emp_009831,2026-01-30,referral
emp_009832,2025-04-01,referral
emp_009833,2021-06-01,recruiter
emp_009834,2023-10-31,linkedin
emp_009835,2022-05-01,referral
emp_009836,2025-04-01,university
emp_009837,2021-12-31,linkedin
emp_009838,2022-12-01,linkedin
emp_009839,2023-12-31,referral
emp_009840,2023-12-31,linkedin
emp_009841,2023-05-02,referral
emp_009842,2019-10-31,company_site
emp_009843,2024-08-31,referral
emp_009844,2019-06-01,recruiter
emp_009845,2021-10-31,referral
emp_009846,2020-09-30,university
emp_009847,2024-08-31,recruiter
emp_009848,2016-10-30,referral
emp_009849,2023-12-31,linkedin
emp_009850,2025-03-01,recruiter
emp_009851,2022-08-01,linkedin
emp_009852,2025-04-01,conference
emp_009853,2018-01-30,referral
emp_009854,2024-11-30,referral
emp_009855,2022-12-31,recruiter
emp_009856,2023-08-01,university
emp_009857,2021-10-31,linkedin
emp_009858,2023-10-31,company_site
emp_009859,2023-07-02,linkedin
emp_009860,2023-12-01,recruiter
emp_009861,2016-03-01,referral
emp_009862,2023-04-01,recruiter
emp_009863,2022-05-01,company_site
emp_009864,2020-05-01,referral
emp_009865,2025-07-01,recruiter
emp_009866,2025-10-01,referral
emp_009867,2025-12-31,conference
emp_009868,2022-08-31,linkedin
emp_009869,2021-03-01,referral
emp_009870,2025-08-01,university
emp_009871,2025-11-30,referral
emp_009872,2023-09-01,recruiter
emp_009873,2025-04-01,recruiter
emp_009874,2023-12-31,linkedin
emp_009875,2022-03-02,conference
emp_009876,2023-05-02,recruiter
emp_009877,2023-08-01,referral
emp_009878,2021-09-30,referral
emp_009879,2024-03-01,conference
emp_009880,2025-11-30,recruiter
emp_009881,2020-03-31,referral
emp_009882,2021-05-01,recruiter
emp_009883,2022-12-01,recruiter
emp_009884,2026-01-30,referral
emp_009885,2024-05-01,recruiter
emp_009886,2021-03-01,university
emp_009887,2022-07-01,referral
emp_009888,2020-03-31,recruiter
emp_009889,2025-10-31,referral
emp_009890,2024-08-31,referral
emp_009891,2025-06-01,university
emp_009892,2024-07-01,company_site
emp_009893,2023-04-01,referral
emp_009894,2020-07-01,linkedin
emp_009895,2023-07-02,company_site
emp_009896,2024-08-31,referral
emp_009897,2025-08-31,recruiter
emp_009898,2024-07-31,recruiter
emp_009899,2023-09-01,referral
emp_009900,2025-12-31,linkedin
emp_009901,2024-07-01,referral
emp_009902,2020-01-31,university
emp_009903,2020-07-01,referral
emp_009904,2021-12-31,referral
emp_009905,2016-07-31,university
emp_009906,2022-07-01,recruiter
emp_009907,2021-06-01,referral
emp_009908,2022-03-02,company_site
emp_009909,2025-03-01,university
emp_009910,2025-01-30,recruiter
emp_009911,2024-07-01,referral
emp_009912,2025-08-31,company_site
emp_009913,2025-08-01,referral
emp_009914,2025-10-31,linkedin
emp_009915,2024-01-31,referral
emp_009916,2022-12-31,referral
emp_009917,2022-12-01,linkedin
emp_009918,2026-03-02,conference
emp_009919,2023-03-02,conference
emp_009920,2024-12-31,recruiter
emp_009921,2016-03-31,referral
emp_009922,2021-06-01,university
emp_009923,2022-10-31,linkedin
emp_009924,2024-07-31,referral
emp_009925,2024-05-01,referral
emp_009926,2023-10-01,linkedin
emp_009927,2025-07-01,boomerang
emp_009928,2026-01-30,referral
emp_009929,2023-12-01,company_site
emp_009930,2022-10-01,referral
emp_009931,2025-10-31,company_site
emp_009932,2024-04-01,linkedin
emp_009933,2024-07-31,boomerang
emp_009934,2023-03-02,referral
emp_009935,2024-03-01,linkedin
emp_009936,2024-04-01,company_site
emp_009937,2025-04-01,university
emp_009938,2024-11-30,referral
emp_009939,2024-10-31,recruiter
emp_009940,2025-06-01,company_site
emp_009941,2023-01-30,recruiter
emp_009942,2022-12-01,company_site
emp_009943,2021-05-01,referral
emp_009944,2023-12-01,linkedin
emp_009945,2021-01-30,referral
emp_009946,2025-07-01,recruiter
emp_009947,2018-07-01,linkedin
emp_009948,2023-10-01,referral
emp_009949,2025-10-31,linkedin
emp_009950,2023-03-02,referral
emp_009951,2025-03-01,linkedin
emp_009952,2022-08-31,recruiter
emp_009953,2023-01-30,boomerang
emp_009954,2025-01-30,referral
emp_009955,2025-05-01,company_site
emp_009956,2025-10-31,conference
emp_009957,2023-08-01,conference
emp_009958,2022-04-01,linkedin
emp_009959,2024-10-31,referral
emp_009960,2026-01-30,recruiter
emp_009961,2024-10-31,university
emp_009962,2023-10-31,linkedin
emp_009963,2025-10-31,referral
emp_009964,2021-04-01,referral
emp_009965,2025-03-01,referral
emp_009966,2022-01-30,boomerang
emp_009967,2022-08-01,recruiter
emp_009968,2025-05-01,referral
emp_009969,2024-07-01,conference
emp_009970,2025-08-31,recruiter
emp_009971,2024-03-01,university
emp_009972,2024-09-30,boomerang
emp_009973,2024-05-31,referral
emp_009974,2026-07-01,recruiter
emp_009975,2024-08-31,recruiter
emp_009976,2023-12-01,conference
emp_009977,2025-07-01,linkedin
emp_009978,2023-08-01,referral
emp_009979,2025-03-01,university
emp_009980,2023-07-02,conference
emp_009981,2024-01-31,linkedin
emp_009982,2020-03-31,conference
emp_009983,2023-05-02,referral
emp_009984,2025-07-01,recruiter
emp_009985,2025-10-31,linkedin
emp_009986,2022-08-01,referral
emp_009987,2023-09-01,referral
emp_009988,2021-09-30,university
emp_009989,2023-12-01,referral
emp_009990,2023-08-01,university
emp_009991,2026-04-01,referral
emp_009992,2022-10-31,company_site
emp_009993,2026-03-02,linkedin
emp_009994,2024-03-01,linkedin
emp_009995,2025-11-30,conference
emp_009996,2020-07-31,linkedin
emp_009997,2026-01-30,company_site
emp_009998,2019-10-01,linkedin
emp_009999,2024-09-30,linkedin
emp_010000,2025-08-01,recruiter
emp_010001,2025-04-01,referral
emp_010002,2025-11-30,linkedin
emp_010003,2024-04-01,linkedin
emp_010004,2024-07-01,company_site
emp_010005,2026-04-01,boomerang
emp_010006,2024-07-31,recruiter
emp_010007,2025-10-31,recruiter
emp_010008,2024-09-30,boomerang
emp_010009,2025-07-01,company_site
emp_010010,2023-07-02,linkedin
emp_010011,2022-10-31,referral
emp_010012,2024-11-30,recruiter
emp_010013,2024-05-31,referral
emp_010014,2018-12-31,referral
emp_010015,2026-04-01,referral
emp_010016,2025-05-01,referral
emp_010017,2022-07-01,university
emp_010018,2015-08-01,company_site
emp_010019,2024-03-01,conference
emp_010020,2024-05-01,conference
emp_010021,2023-12-31,linkedin
emp_010022,2023-03-02,referral
emp_010023,2021-08-01,university
emp_010024,2024-01-31,linkedin
emp_010025,2025-10-01,referral
emp_010026,2022-07-01,company_site
emp_010027,2023-03-02,recruiter
emp_010028,2026-07-01,company_site
emp_010029,2025-07-01,company_site
emp_010030,2024-10-31,linkedin
emp_010031,2022-06-01,company_site
emp_010032,2024-05-01,conference
emp_010033,2024-11-30,referral
emp_010034,2024-05-01,linkedin
emp_010035,2024-09-30,linkedin
emp_010036,2024-05-01,recruiter
emp_010037,2021-06-01,recruiter
emp_010038,2024-08-31,company_site
emp_010039,2016-10-30,company_site
emp_010040,2023-10-01,boomerang
emp_010041,2024-10-31,referral
emp_010042,2024-05-31,referral
emp_010043,2022-12-01,university
emp_010044,2024-05-01,linkedin
emp_010045,2024-09-30,linkedin
emp_010046,2024-07-31,linkedin
emp_010047,2020-05-31,company_site
emp_010048,2019-10-31,company_site
emp_010049,2025-06-01,linkedin
emp_010050,2025-04-01,company_site
emp_010051,2025-10-01,recruiter
emp_010052,2020-05-31,recruiter
emp_010053,2023-03-02,university
emp_010054,2024-09-30,recruiter
emp_010055,2023-01-30,referral
emp_010056,2024-12-31,referral
emp_010057,2023-10-31,referral
emp_010058,2024-04-01,company_site
emp_010059,2025-10-31,referral
emp_010060,2025-01-30,recruiter
emp_010061,2019-07-02,recruiter
emp_010062,2023-05-02,referral
emp_010063,2024-01-31,referral
emp_010064,2022-01-30,referral
emp_010065,2024-08-31,company_site
emp_010066,2024-01-31,recruiter
emp_010067,2024-05-31,referral
emp_010068,2017-01-30,referral
emp_010069,2020-05-31,recruiter
emp_010070,2024-09-30,referral
emp_010071,2024-10-31,linkedin
emp_010072,2022-12-01,company_site
emp_010073,2022-12-01,recruiter
emp_010074,2024-05-31,referral
emp_010075,2019-08-01,referral
emp_010076,2022-03-02,recruiter
emp_010077,2024-09-30,referral
emp_010078,2014-11-30,referral
emp_010079,2022-07-01,referral
emp_010080,2025-05-01,linkedin
emp_010081,2025-07-01,boomerang
emp_010082,2026-05-02,referral
emp_010083,2019-10-01,recruiter
emp_010084,2023-08-01,linkedin
emp_010085,2025-12-31,company_site
emp_010086,2025-06-01,recruiter
emp_010087,2024-12-31,referral
emp_010088,2026-05-02,recruiter
emp_010089,2023-12-01,referral
emp_010090,2024-03-01,referral
emp_010091,2024-10-31,linkedin
emp_010092,2025-05-01,referral
emp_010093,2024-08-31,referral
emp_010094,2022-08-01,referral
emp_010095,2021-11-30,linkedin
emp_010096,2024-11-30,recruiter
emp_010097,2023-05-02,recruiter
emp_010098,2023-01-30,linkedin
emp_010099,2019-01-30,referral
emp_010100,2021-06-01,recruiter
emp_010101,2024-04-01,linkedin
emp_010102,2019-10-01,linkedin
emp_010103,2021-05-01,referral
emp_010104,2025-07-01,recruiter
emp_010105,2024-07-01,university
emp_010106,2019-06-01,recruiter
emp_010107,2024-11-30,conference
emp_010108,2025-08-01,referral
emp_010109,2021-07-01,linkedin
emp_010110,2018-08-01,recruiter
emp_010111,2023-12-01,company_site
emp_010112,2025-04-01,referral
emp_010113,2024-01-31,company_site
emp_010114,2023-10-31,company_site
emp_010115,2024-07-01,linkedin
emp_010116,2026-03-02,referral
emp_010117,2024-11-30,linkedin
emp_010118,2024-05-01,linkedin
emp_010119,2023-12-01,university
emp_010120,2024-07-31,recruiter
emp_010121,2025-01-30,conference
emp_010122,2022-08-31,referral
emp_010123,2022-08-01,company_site
emp_010124,2023-10-31,recruiter
emp_010125,2023-12-01,recruiter
emp_010126,2025-05-01,university
emp_010127,2025-07-01,company_site
emp_010128,2024-03-01,company_site
emp_010129,2025-08-31,company_site
emp_010130,2022-10-01,referral
emp_010131,2024-04-01,company_site
emp_010132,2020-08-31,recruiter
emp_010133,2024-09-30,linkedin
emp_010134,2022-10-01,recruiter
emp_010135,2014-09-30,recruiter
emp_010136,2023-06-01,referral
emp_010137,2025-07-01,linkedin
emp_010138,2016-01-30,conference
emp_010139,2025-08-01,referral
emp_010140,2024-05-01,referral
emp_010141,2025-11-30,recruiter
emp_010142,2024-07-31,referral
emp_010143,2025-06-01,recruiter
emp_010144,2023-10-31,linkedin
emp_010145,2023-12-31,referral
emp_010146,2023-09-01,recruiter
emp_010147,2024-03-01,referral
emp_010148,2025-08-01,company_site
emp_010149,2024-07-01,linkedin
emp_010150,2022-10-01,referral
emp_010151,2020-11-30,recruiter
emp_010152,2022-08-01,recruiter
emp_010153,2025-04-01,linkedin
emp_010154,2021-12-31,recruiter
emp_010155,2022-06-01,boomerang
emp_010156,2024-07-31,linkedin
emp_010157,2026-04-01,referral
emp_010158,2026-07-01,recruiter
emp_010159,2024-11-30,linkedin
emp_010160,2025-04-01,company_site
emp_010161,2024-05-31,boomerang
emp_010162,2025-11-30,referral
emp_010163,2018-08-31,referral
emp_010164,2023-12-01,linkedin
emp_010165,2023-10-01,linkedin
emp_010166,2025-10-31,linkedin
emp_010167,2026-03-02,university
emp_010168,2019-12-31,recruiter
emp_010169,2024-03-01,university
emp_010170,2024-04-01,company_site
emp_010171,2026-03-02,linkedin
emp_010172,2025-11-30,recruiter
emp_010173,2023-10-31,company_site
emp_010174,2025-10-01,referral
emp_010175,2021-07-01,university
emp_010176,2024-07-31,linkedin
emp_010177,2024-03-01,referral
emp_010178,2018-04-01,linkedin
emp_010179,2024-01-31,recruiter
emp_010180,2023-05-02,recruiter
emp_010181,2025-08-31,company_site
emp_010182,2018-07-01,recruiter
emp_010183,2022-12-31,company_site
emp_010184,2023-08-01,university
emp_010185,2023-09-01,referral
emp_010186,2019-12-01,referral
emp_010187,2021-07-01,company_site
emp_010188,2023-10-31,linkedin
emp_010189,2025-01-30,referral
emp_010190,2024-07-01,recruiter
emp_010191,2024-10-31,boomerang
emp_010192,2023-05-02,referral
emp_010193,2022-12-31,recruiter
emp_010194,2024-09-30,referral
emp_010195,2025-11-30,linkedin
emp_010196,2025-08-31,referral
emp_010197,2021-03-01,referral
emp_010198,2024-05-01,referral
emp_010199,2021-07-01,conference
emp_010200,2022-08-01,recruiter
emp_010201,2024-03-01,company_site
emp_010202,2025-05-01,company_site
emp_010203,2023-09-01,recruiter
emp_010204,2021-04-01,company_site
emp_010205,2023-09-01,company_site
emp_010206,2022-01-30,linkedin
emp_010207,2023-05-02,referral
emp_010208,2022-08-31,referral
emp_010209,2022-07-01,conference
emp_010210,2023-07-02,referral
emp_010211,2024-09-30,company_site
emp_010212,2022-03-02,recruiter
emp_010213,2023-10-01,linkedin
emp_010214,2023-10-31,conference
emp_010215,2025-06-01,recruiter
emp_010216,2024-11-30,referral
emp_010217,2022-04-01,boomerang
emp_010218,2024-07-01,boomerang
emp_010219,2023-07-02,recruiter
emp_010220,2024-09-30,company_site
emp_010221,2023-07-02,linkedin
emp_010222,2024-08-31,linkedin
emp_010223,2022-10-31,linkedin
emp_010224,2024-04-01,recruiter
emp_010225,2025-10-01,linkedin
emp_010226,2025-01-30,conference
emp_010227,2025-08-01,company_site
emp_010228,2021-01-30,referral
emp_010229,2020-09-30,linkedin
emp_010230,2024-05-01,linkedin
emp_010231,2022-12-01,recruiter
emp_010232,2023-10-01,referral
emp_010233,2024-10-31,company_site
emp_010234,2025-06-01,referral
emp_010235,2025-11-30,linkedin
emp_010236,2025-05-01,recruiter
emp_010237,2024-11-30,linkedin
emp_010238,2021-07-01,recruiter
emp_010239,2022-04-01,recruiter
emp_010240,2024-07-01,referral
emp_010241,2024-12-31,referral
emp_010242,2018-04-01,linkedin
emp_010243,2025-04-01,company_site
emp_010244,2021-08-31,referral
emp_010245,2023-09-01,linkedin
emp_010246,2023-03-02,recruiter
emp_010247,2020-09-30,referral
emp_010248,2024-10-31,boomerang
emp_010249,2023-10-01,referral
emp_010250,2024-09-30,recruiter
emp_010251,2025-10-01,linkedin
emp_010252,2025-08-31,company_site
emp_010253,2024-03-01,linkedin
emp_010254,2023-09-01,referral
emp_010255,2024-08-31,recruiter
emp_010256,2024-12-31,referral
emp_010257,2021-10-31,company_site
emp_010258,2025-03-01,recruiter
emp_010259,2022-06-01,linkedin
emp_010260,2024-03-01,company_site
emp_010261,2023-06-01,referral
emp_010262,2024-05-31,referral
emp_010263,2020-08-31,conference
emp_010264,2024-08-31,referral
emp_010265,2023-09-01,referral
emp_010266,2021-12-31,linkedin
emp_010267,2023-08-01,recruiter
emp_010268,2017-07-01,linkedin
emp_010269,2023-04-01,university
emp_010270,2024-01-31,linkedin
emp_010271,2021-01-30,referral
emp_010272,2025-01-30,linkedin
emp_010273,2024-01-31,company_site
emp_010274,2023-10-31,recruiter
emp_010275,2023-07-02,boomerang
emp_010276,2024-03-01,company_site
emp_010277,2025-03-01,linkedin
emp_010278,2025-07-01,referral
emp_010279,2024-05-31,company_site
emp_010280,2024-09-30,referral
emp_010281,2023-10-01,referral
emp_010282,2020-09-30,recruiter
emp_010283,2022-03-02,recruiter
emp_010284,2025-04-01,referral
emp_010285,2025-01-30,referral
emp_010286,2021-08-31,recruiter
emp_010287,2023-04-01,referral
emp_010288,2025-10-31,referral
emp_010289,2021-06-01,company_site
emp_010290,2024-11-30,linkedin
emp_010291,2025-07-01,referral
emp_010292,2024-12-31,linkedin
emp_010293,2024-10-31,university
emp_010294,2023-09-01,linkedin
emp_010295,2022-08-01,recruiter
emp_010296,2022-10-01,linkedin
emp_010297,2023-08-01,company_site
emp_010298,2025-05-01,recruiter
emp_010299,2025-08-01,referral
emp_010300,2022-03-02,university
emp_010301,2023-03-02,linkedin
emp_010302,2026-03-02,recruiter
emp_010303,2023-07-02,referral
emp_010304,2026-04-01,university
emp_010305,2025-10-31,recruiter
emp_010306,2024-09-30,university
emp_010307,2024-11-30,boomerang
emp_010308,2024-08-31,conference
emp_010309,2025-01-30,linkedin
emp_010310,2024-11-30,conference
emp_010311,2021-08-01,company_site
emp_010312,2025-11-30,recruiter
emp_010313,2025-10-01,recruiter
emp_010314,2025-03-01,linkedin
emp_010315,2022-05-01,boomerang
emp_010316,2020-03-01,linkedin
emp_010317,2025-04-01,referral
emp_010318,2019-05-02,recruiter
emp_010319,2024-05-01,linkedin
emp_010320,2025-08-31,recruiter
emp_010321,2024-08-31,linkedin
emp_010322,2025-07-01,recruiter
emp_010323,2024-11-30,recruiter
emp_010324,2023-10-01,company_site
emp_010325,2025-11-30,company_site
emp_010326,2024-12-31,referral
emp_010327,2024-07-01,referral
emp_010328,2020-10-31,referral
emp_010329,2023-09-01,referral
emp_010330,2025-11-30,recruiter
emp_010331,2017-03-01,linkedin
emp_010332,2022-12-01,university
emp_010333,2019-05-02,linkedin
emp_010334,2025-05-01,linkedin
emp_010335,2024-10-31,conference
emp_010336,2023-01-30,recruiter
emp_010337,2026-07-01,company_site
emp_010338,2024-04-01,company_site
emp_010339,2025-11-30,referral
emp_010340,2024-05-01,referral
emp_010341,2025-10-01,recruiter
emp_010342,2025-03-01,university
emp_010343,2024-07-31,linkedin
emp_010344,2023-10-01,linkedin
emp_010345,2017-07-01,boomerang
emp_010346,2021-07-01,referral
emp_010347,2021-06-01,recruiter
emp_010348,2021-08-01,company_site
emp_010349,2023-06-01,university
emp_010350,2023-08-01,linkedin
emp_010351,2019-07-02,referral
emp_010352,2022-12-01,referral
emp_010353,2021-12-31,recruiter
emp_010354,2022-03-02,referral
emp_010355,2021-07-01,university
emp_010356,2024-08-31,company_site
emp_010357,2007-11-30,linkedin
emp_010358,2021-07-01,conference
emp_010359,2023-01-30,referral
emp_010360,2021-08-01,linkedin
emp_010361,2024-07-31,recruiter
emp_010362,2024-05-01,recruiter
emp_010363,2022-07-01,recruiter
emp_010364,2023-12-01,company_site
emp_010365,2018-08-31,linkedin
emp_010366,2022-10-01,referral
emp_010367,2026-04-01,university
emp_010368,2024-05-01,linkedin
emp_010369,2024-07-31,boomerang
emp_010370,2024-05-31,referral
emp_010371,2020-10-31,recruiter
emp_010372,2023-08-01,conference
emp_010373,2025-12-31,company_site
emp_010374,2024-04-01,recruiter
emp_010375,2023-06-01,linkedin
emp_010376,2025-07-01,linkedin
emp_010377,2025-01-30,linkedin
emp_010378,2023-10-31,linkedin
emp_010379,2018-10-01,referral
emp_010380,2024-07-01,referral
emp_010381,2022-12-31,referral
emp_010382,2024-09-30,linkedin
emp_010383,2025-08-31,referral
emp_010384,2024-01-31,linkedin
emp_010385,2025-05-01,recruiter
emp_010386,2024-11-30,recruiter
emp_010387,2017-05-01,company_site
emp_010388,2024-09-30,recruiter
emp_010389,2022-10-31,linkedin
emp_010390,2026-04-01,linkedin
emp_010391,2024-04-01,company_site
emp_010392,2024-05-31,linkedin
emp_010393,2024-09-30,linkedin
emp_010394,2023-10-31,company_site
emp_010395,2024-01-31,conference
emp_010396,2023-12-01,company_site
emp_010397,2023-12-01,linkedin
emp_010398,2022-12-01,linkedin
emp_010399,2020-10-31,company_site
emp_010400,2016-05-01,linkedin
emp_010401,2024-11-30,linkedin
emp_010402,2023-07-02,linkedin
emp_010403,2025-08-01,recruiter
emp_010404,2025-06-01,referral
emp_010405,2025-08-31,recruiter
emp_010406,2024-05-31,linkedin
emp_010407,2026-05-02,referral
emp_010408,2023-06-01,referral
emp_010409,2023-09-01,company_site
emp_010410,2025-12-31,recruiter
emp_010411,2023-06-01,company_site
emp_010412,2024-07-01,referral
emp_010413,2024-08-31,referral
emp_010414,2026-01-30,linkedin
emp_010415,2023-04-01,referral
emp_010416,2024-07-31,referral
emp_010417,2021-08-31,linkedin
emp_010418,2025-06-01,linkedin
emp_010419,2025-11-30,referral
emp_010420,2021-10-31,linkedin
emp_010421,2023-01-30,university
emp_010422,2024-01-31,linkedin
emp_010423,2026-03-02,referral
emp_010424,2024-09-30,recruiter
emp_010425,2024-11-30,recruiter
emp_010426,2025-05-01,recruiter
emp_010427,2024-11-30,linkedin
emp_010428,2019-12-31,linkedin
emp_010429,2024-09-30,university
emp_010430,2024-04-01,recruiter
emp_010431,2023-10-01,conference
emp_010432,2026-05-02,company_site
emp_010433,2024-07-31,boomerang
emp_010434,2021-08-01,linkedin
emp_010435,2025-05-01,referral
emp_010436,2025-03-01,referral
emp_010437,2024-08-31,referral
emp_010438,2025-07-01,company_site
emp_010439,2021-09-30,linkedin
emp_010440,2025-03-01,referral
emp_010441,2020-09-30,boomerang
emp_010442,2020-12-30,linkedin
emp_010443,2024-03-01,company_site
emp_010444,2021-06-01,university
emp_010445,2021-05-01,linkedin
emp_010446,2024-07-01,referral
emp_010447,2025-07-01,linkedin
emp_010448,2025-12-31,recruiter
emp_010449,2022-06-01,recruiter
emp_010450,2025-12-31,linkedin
emp_010451,2024-03-01,recruiter
emp_010452,2023-01-30,linkedin
emp_010453,2022-01-30,referral
emp_010454,2021-07-01,recruiter
emp_010455,2025-06-01,linkedin
emp_010456,2021-08-31,linkedin
emp_010457,2023-08-01,recruiter
emp_010458,2018-04-01,company_site
emp_010459,2025-08-01,recruiter
emp_010460,2023-03-02,university
emp_010461,2021-12-31,conference
emp_010462,2022-12-31,boomerang
emp_010463,2026-01-30,referral
emp_010464,2019-10-01,recruiter
emp_010465,2022-08-31,linkedin
emp_010466,2022-01-30,linkedin
emp_010467,2024-04-01,university
emp_010468,2024-09-30,referral
emp_010469,2023-10-01,company_site
emp_010470,2024-11-30,boomerang
emp_010471,2024-04-01,recruiter
emp_010472,2023-10-01,recruiter
emp_010473,2025-08-01,conference
emp_010474,2024-01-31,university
emp_010475,2025-04-01,university
emp_010476,2024-11-30,referral
emp_010477,2025-07-01,recruiter
emp_010478,2025-10-31,recruiter
emp_010479,2024-07-01,recruiter
emp_010480,2023-03-02,referral
emp_010481,2025-01-30,referral
emp_010482,2024-03-01,company_site
emp_010483,2025-04-01,recruiter
emp_010484,2022-01-30,recruiter
emp_010485,2024-11-30,university
emp_010486,2025-12-31,boomerang
emp_010487,2022-10-01,recruiter
emp_010488,2024-05-31,boomerang
emp_010489,2024-05-31,conference
emp_010490,2025-01-30,university
emp_010491,2020-03-31,referral
emp_010492,2026-06-01,referral
emp_010493,2025-06-01,referral
emp_010494,2023-07-02,conference
emp_010495,2023-12-31,recruiter
emp_010496,2024-12-31,boomerang
emp_010497,2020-09-30,company_site
emp_010498,2020-01-31,referral
emp_010499,2020-11-30,recruiter
emp_010500,2020-10-31,university
emp_010501,2023-06-01,referral
emp_010502,2025-04-01,company_site
emp_010503,2020-07-01,university
emp_010504,2022-05-01,recruiter
emp_010505,2020-09-30,referral
emp_010506,2019-08-01,referral
emp_010507,2020-05-31,linkedin
emp_010508,2023-01-30,recruiter
emp_010509,2023-10-31,referral
emp_010510,2023-08-01,company_site
emp_010511,2022-12-31,linkedin
emp_010512,2022-12-01,referral
emp_010513,2021-06-01,recruiter
emp_010514,2023-01-30,company_site
emp_010515,2022-08-31,referral
emp_010516,2023-09-01,linkedin
emp_010517,2026-06-01,referral
emp_010518,2019-08-31,referral
emp_010519,2024-07-31,linkedin
emp_010520,2023-07-02,recruiter
emp_010521,2025-08-31,referral
emp_010522,2024-12-31,company_site
emp_010523,2025-08-31,university
emp_010524,2025-03-01,referral
emp_010525,2025-10-31,recruiter
emp_010526,2017-07-01,company_site
emp_010527,2023-12-01,recruiter
emp_010528,2025-11-30,company_site
emp_010529,2024-07-01,referral
emp_010530,2017-03-01,referral
emp_010531,2025-10-31,company_site
emp_010532,2024-04-01,recruiter
emp_010533,2024-09-30,linkedin
emp_010534,2025-10-31,university
emp_010535,2025-08-31,company_site
emp_010536,2023-08-01,company_site
emp_010537,2023-12-31,recruiter
emp_010538,2025-08-31,company_site
emp_010539,2022-01-30,linkedin
emp_010540,2021-12-31,linkedin
emp_010541,2025-05-01,conference
emp_010542,2021-01-30,company_site
emp_010543,2023-09-01,linkedin
emp_010544,2024-11-30,recruiter
emp_010545,2025-05-01,conference
emp_010546,2024-01-31,recruiter
emp_010547,2026-07-01,recruiter
emp_010548,2022-08-01,university
emp_010549,2024-07-01,university
emp_010550,2025-04-01,linkedin
emp_010551,2023-10-01,referral
emp_010552,2024-07-01,recruiter
emp_010553,2021-01-30,linkedin
emp_010554,2023-12-31,referral
emp_010555,2015-03-02,referral
emp_010556,2025-12-31,company_site
emp_010557,2022-12-01,linkedin
emp_010558,2023-01-30,university
emp_010559,2020-05-31,boomerang
emp_010560,2023-09-01,linkedin
emp_010561,2023-07-02,referral
emp_010562,2025-08-31,recruiter
emp_010563,2021-11-30,linkedin
emp_010564,2023-12-01,referral
emp_010565,2025-05-01,recruiter
emp_010566,2024-05-31,linkedin
emp_010567,2023-10-31,linkedin
emp_010568,2022-12-31,linkedin
emp_010569,2026-07-01,recruiter
emp_010570,2024-07-31,referral
emp_010571,2023-12-01,linkedin
emp_010572,2024-12-31,referral
emp_010573,2023-03-02,linkedin
emp_010574,2022-06-01,linkedin
emp_010575,2026-07-01,referral
emp_010576,2023-10-01,recruiter
emp_010577,2025-06-01,linkedin
emp_010578,2021-08-01,recruiter
emp_010579,2024-04-01,linkedin
emp_010580,2023-04-01,recruiter
emp_010581,2025-12-31,company_site
emp_010582,2024-08-31,recruiter
emp_010583,2022-03-02,university
emp_010584,2024-11-30,university
emp_010585,2023-10-31,linkedin
emp_010586,2024-05-31,recruiter
emp_010587,2025-03-01,linkedin
emp_010588,2022-10-01,linkedin
emp_010589,2026-07-01,recruiter
emp_010590,2024-10-31,referral
emp_010591,2023-10-01,referral
emp_010592,2025-06-01,university
emp_010593,2025-08-31,linkedin
emp_010594,2023-04-01,linkedin
emp_010595,2024-03-01,company_site
emp_010596,2025-01-30,referral
emp_010597,2023-10-01,referral
emp_010598,2023-09-01,referral
emp_010599,2025-08-31,linkedin
emp_010600,2024-10-31,linkedin
emp_010601,2025-06-01,recruiter
emp_010602,2023-01-30,company_site
emp_010603,2022-10-01,recruiter
emp_010604,2020-12-30,recruiter
emp_010605,2023-06-01,university
emp_010606,2023-10-01,referral
emp_010607,2025-03-01,linkedin
emp_010608,2025-03-01,recruiter
emp_010609,2023-12-01,linkedin
emp_010610,2023-12-31,linkedin
emp_010611,2019-08-31,recruiter
emp_010612,2025-08-01,referral
emp_010613,2024-12-31,conference
emp_010614,2026-06-01,recruiter
emp_010615,2024-05-01,recruiter
emp_010616,2023-12-31,recruiter
emp_010617,2023-12-31,recruiter
emp_010618,2023-12-31,recruiter
emp_010619,2025-10-01,referral
emp_010620,2025-07-01,referral
emp_010621,2021-05-01,linkedin
emp_010622,2024-07-31,linkedin
emp_010623,2025-07-01,referral
emp_010624,2021-12-31,company_site
emp_010625,2025-08-01,recruiter
emp_010626,2023-08-01,boomerang
emp_010627,2024-09-30,company_site
emp_010628,2023-06-01,conference
emp_010629,2025-10-01,referral
emp_010630,2018-10-31,recruiter
emp_010631,2021-12-31,boomerang
emp_010632,2024-09-30,referral
emp_010633,2024-08-31,recruiter
emp_010634,2022-01-30,recruiter
emp_010635,2023-05-02,linkedin
emp_010636,2020-12-30,linkedin
emp_010637,2024-01-31,university
emp_010638,2024-11-30,boomerang
emp_010639,2020-09-30,university
emp_010640,2022-05-01,linkedin
emp_010641,2024-05-31,linkedin
emp_010642,2025-01-30,company_site
emp_010643,2022-07-01,linkedin
emp_010644,2024-08-31,linkedin
emp_010645,2023-12-31,company_site
emp_010646,2023-10-31,referral
emp_010647,2022-03-02,referral
emp_010648,2015-10-01,university
emp_010649,2026-01-30,university
emp_010650,2024-05-31,conference
emp_010651,2023-09-01,recruiter
emp_010652,2024-09-30,linkedin
emp_010653,2025-04-01,linkedin
emp_010654,2025-10-01,company_site
emp_010655,2023-12-01,company_site
emp_010656,2021-12-31,referral
emp_010657,2024-07-01,recruiter
emp_010658,2022-04-01,recruiter
emp_010659,2024-05-01,linkedin
emp_010660,2016-12-30,referral
emp_010661,2023-09-01,referral
emp_010662,2019-08-31,company_site
emp_010663,2024-11-30,linkedin
emp_010664,2021-07-01,company_site
emp_010665,2024-05-31,linkedin
emp_010666,2021-04-01,linkedin
emp_010667,2024-08-31,referral
emp_010668,2023-01-30,boomerang
emp_010669,2019-04-01,boomerang
emp_010670,2024-07-31,linkedin
emp_010671,2024-07-01,referral
emp_010672,2025-05-01,referral
emp_010673,2023-12-01,referral
emp_010674,2024-03-01,referral
emp_010675,2025-05-01,linkedin
emp_010676,2024-07-31,referral
emp_010677,2023-12-31,recruiter
emp_010678,2024-11-30,referral
emp_010679,2023-10-01,recruiter
emp_010680,2025-07-01,referral
emp_010681,2024-07-01,referral
emp_010682,2022-10-31,recruiter
emp_010683,2018-10-01,university
emp_010684,2023-10-01,university
emp_010685,2022-07-01,referral
emp_010686,2023-04-01,university
emp_010687,2020-12-30,linkedin
emp_010688,2024-09-30,referral
emp_010689,2023-03-02,company_site
emp_010690,2025-12-31,boomerang
emp_010691,2025-12-31,linkedin
emp_010692,2023-10-31,recruiter
emp_010693,2022-03-02,referral
emp_010694,2025-08-01,company_site
emp_010695,2024-03-01,referral
emp_010696,2019-05-02,university
emp_010697,2017-08-31,recruiter
emp_010698,2025-08-31,boomerang
emp_010699,2024-07-31,referral
emp_010700,2021-05-01,referral
emp_010701,2022-10-01,referral
emp_010702,2023-10-31,company_site
emp_010703,2025-05-01,university
emp_010704,2024-08-31,referral
emp_010705,2021-10-31,university
emp_010706,2023-12-31,referral
emp_010707,2023-08-01,recruiter
emp_010708,2023-03-02,linkedin
emp_010709,2024-10-31,university
emp_010710,2022-06-01,linkedin
emp_010711,2025-01-30,linkedin
emp_010712,2024-04-01,linkedin
emp_010713,2024-04-01,company_site
emp_010714,2025-01-30,linkedin
emp_010715,2021-09-30,referral
emp_010716,2018-10-31,linkedin
emp_010717,2018-07-01,referral
emp_010718,2016-05-01,company_site
emp_010719,2025-08-31,referral
emp_010720,2023-08-01,recruiter
emp_010721,2022-12-31,linkedin
emp_010722,2025-08-01,referral
emp_010723,2024-11-30,recruiter
emp_010724,2023-12-31,recruiter
emp_010725,2024-08-31,conference
emp_010726,2024-01-31,referral
emp_010727,2025-07-01,university
emp_010728,2025-08-31,boomerang
emp_010729,2025-03-01,referral
emp_010730,2021-06-01,company_site
emp_010731,2024-04-01,conference
emp_010732,2022-08-31,referral
emp_010733,2022-07-01,recruiter
emp_010734,2024-09-30,referral
emp_010735,2025-01-30,company_site
emp_010736,2022-03-02,referral
emp_010737,2021-04-01,recruiter
emp_010738,2021-01-30,linkedin
emp_010739,2025-01-30,boomerang
emp_010740,2021-03-01,university
emp_010741,2026-03-02,linkedin
emp_010742,2022-05-01,referral
emp_010743,2026-05-02,company_site
emp_010744,2023-09-01,conference
emp_010745,2022-05-01,recruiter
emp_010746,2021-05-01,recruiter
emp_010747,2022-12-01,recruiter
emp_010748,2019-04-01,referral
emp_010749,2025-12-31,linkedin
emp_010750,2019-10-31,company_site
emp_010751,2026-07-01,referral
emp_010752,2024-11-30,conference
emp_010753,2021-01-30,linkedin
emp_010754,2023-09-01,referral
emp_010755,2025-12-31,linkedin
emp_010756,2024-07-01,recruiter
emp_010757,2023-06-01,referral
emp_010758,2024-07-31,referral
emp_010759,2024-09-30,recruiter
emp_010760,2022-10-31,referral
emp_010761,2022-07-01,linkedin
emp_010762,2023-06-01,linkedin
emp_010763,2024-12-31,referral
emp_010764,2022-01-30,linkedin
emp_010765,2022-07-01,boomerang
emp_010766,2019-04-01,recruiter
emp_010767,2024-11-30,referral
emp_010768,2024-07-31,recruiter
emp_010769,2024-09-30,referral
emp_010770,2026-06-01,recruiter
emp_010771,2021-10-31,recruiter
emp_010772,2023-03-02,referral
emp_010773,2024-11-30,company_site
emp_010774,2024-12-31,boomerang
emp_010775,2019-10-31,referral
emp_010776,2025-08-01,referral
emp_010777,2025-03-01,linkedin
emp_010778,2021-05-01,university
emp_010779,2025-06-01,referral
emp_010780,2022-08-01,company_site
emp_010781,2024-12-31,referral
emp_010782,2024-04-01,referral
emp_010783,2023-09-01,linkedin
emp_010784,2024-11-30,referral
emp_010785,2025-10-01,company_site
emp_010786,2021-01-30,recruiter
emp_010787,2025-03-01,company_site
emp_010788,2020-11-30,university
emp_010789,2024-04-01,referral
emp_010790,2021-12-31,recruiter
emp_010791,2021-05-01,referral
emp_010792,2023-04-01,referral
emp_010793,2023-04-01,recruiter
emp_010794,2025-01-30,referral
emp_010795,2023-09-01,boomerang
emp_010796,2022-10-31,company_site
emp_010797,2024-12-31,company_site
emp_010798,2022-01-30,referral
emp_010799,2025-08-31,boomerang
emp_010800,2024-09-30,linkedin
emp_010801,2023-03-02,referral
emp_010802,2021-01-30,company_site
emp_010803,2023-08-01,recruiter
emp_010804,2024-01-31,referral
emp_010805,2022-08-31,company_site
emp_010806,2023-01-30,linkedin
emp_010807,2024-08-31,university
emp_010808,2021-04-01,referral
emp_010809,2025-04-01,boomerang
emp_010810,2024-09-30,recruiter
emp_010811,2025-08-01,referral
emp_010812,2024-03-01,company_site
emp_010813,2023-04-01,recruiter
emp_010814,2021-08-01,recruiter
emp_010815,2024-04-01,linkedin
emp_010816,2025-10-01,conference
emp_010817,2023-12-01,referral
emp_010818,2022-12-01,referral
emp_010819,2024-11-30,linkedin
emp_010820,2020-10-31,university
emp_010821,2023-10-31,linkedin
emp_010822,2018-04-01,university
emp_010823,2019-01-30,company_site
emp_010824,2024-07-31,company_site
emp_010825,2023-09-01,boomerang
emp_010826,2023-12-31,recruiter
emp_010827,2017-08-31,company_site
emp_010828,2025-07-01,referral
emp_010829,2025-10-31,referral
emp_010830,2024-03-01,linkedin
emp_010831,2021-03-01,referral
emp_010832,2024-07-01,university
emp_010833,2021-10-31,referral
emp_010834,2022-08-01,linkedin
emp_010835,2023-12-31,linkedin
emp_010836,2025-01-30,linkedin
emp_010837,2025-11-30,referral
emp_010838,2023-05-02,referral
emp_010839,2025-05-01,referral
emp_010840,2025-12-31,company_site
emp_010841,2024-03-01,referral
emp_010842,2025-05-01,linkedin
emp_010843,2026-01-30,conference
emp_010844,2024-07-31,linkedin
emp_010845,2025-06-01,referral
emp_010846,2019-01-30,recruiter
emp_010847,2023-03-02,company_site
emp_010848,2024-01-31,recruiter
emp_010849,2013-07-31,recruiter
emp_010850,2022-12-01,company_site
emp_010851,2025-04-01,conference
emp_010852,2024-05-31,linkedin
emp_010853,2024-05-01,linkedin
emp_010854,2025-04-01,linkedin
emp_010855,2025-08-31,company_site
emp_010856,2022-10-31,linkedin
emp_010857,2021-07-01,linkedin
emp_010858,2025-08-31,recruiter
emp_010859,2024-05-31,referral
emp_010860,2021-04-01,company_site
emp_010861,2021-07-01,recruiter
emp_010862,2022-06-01,linkedin
emp_010863,2025-08-01,referral
emp_010864,2024-09-30,company_site
emp_010865,2020-12-30,recruiter
emp_010866,2021-05-01,conference
emp_010867,2022-01-30,company_site
emp_010868,2024-09-30,conference
emp_010869,2026-03-02,company_site
emp_010870,2022-07-01,referral
emp_010871,2022-08-01,linkedin
emp_010872,2025-07-01,conference
emp_010873,2024-08-31,linkedin
emp_010874,2022-07-01,referral
emp_010875,2022-12-01,recruiter
emp_010876,2024-05-01,linkedin
emp_010877,2021-08-31,referral
emp_010878,2022-06-01,referral
emp_010879,2024-09-30,university
emp_010880,2025-08-31,linkedin
emp_010881,2024-11-30,company_site
emp_010882,2025-11-30,recruiter
emp_010883,2021-01-30,recruiter
emp_010884,2023-05-02,linkedin
emp_010885,2024-08-31,recruiter
emp_010886,2023-07-02,recruiter
emp_010887,2026-07-01,linkedin
emp_010888,2023-01-30,linkedin
emp_010889,2024-08-31,recruiter
emp_010890,2024-09-30,linkedin
emp_010891,2024-05-01,referral
emp_010892,2023-03-02,company_site
emp_010893,2023-07-02,university
emp_010894,2021-08-31,referral
emp_010895,2023-10-01,referral
emp_010896,2022-12-31,university
emp_010897,2024-05-31,recruiter
emp_010898,2024-09-30,referral
emp_010899,2020-09-30,recruiter
emp_010900,2023-10-31,linkedin
emp_010901,2023-07-02,recruiter
emp_010902,2024-11-30,referral
emp_010903,2024-09-30,recruiter
emp_010904,2023-10-31,referral
emp_010905,2024-04-01,company_site
emp_010906,2025-03-01,referral
emp_010907,2024-05-01,linkedin
emp_010908,2025-07-01,recruiter
emp_010909,2022-08-01,linkedin
emp_010910,2021-07-01,referral
emp_010911,2024-08-31,university
emp_010912,2024-09-30,referral
emp_010913,2021-09-30,referral
emp_010914,2024-11-30,referral
emp_010915,2025-08-31,recruiter
emp_010916,2025-08-31,referral
emp_010917,2024-03-01,recruiter
emp_010918,2023-03-02,recruiter
emp_010919,2016-08-31,university
emp_010920,2021-08-31,linkedin
emp_010921,2021-10-31,company_site
emp_010922,2023-10-31,referral
emp_010923,2022-10-31,linkedin
emp_010924,2021-10-31,linkedin
emp_010925,2022-07-01,referral
emp_010926,2021-08-01,referral
emp_010927,2024-07-01,recruiter
emp_010928,2025-05-01,linkedin
emp_010929,2023-10-01,recruiter
emp_010930,2024-04-01,university
emp_010931,2022-08-01,referral
emp_010932,2022-10-31,referral
emp_010933,2020-05-01,company_site
emp_010934,2025-03-01,linkedin
emp_010935,2024-12-31,linkedin
emp_010936,2026-04-01,company_site
emp_010937,2021-12-31,recruiter
emp_010938,2023-12-01,linkedin
emp_010939,2021-04-01,university
emp_010940,2024-09-30,company_site
emp_010941,2020-05-31,referral
emp_010942,2024-12-31,company_site
emp_010943,2025-05-01,university
emp_010944,2021-08-31,linkedin
emp_010945,2024-09-30,linkedin
emp_010946,2022-07-01,recruiter
emp_010947,2025-11-30,company_site
emp_010948,2025-07-01,recruiter
emp_010949,2022-10-31,company_site
emp_010950,2025-03-01,recruiter
emp_010951,2025-06-01,recruiter
emp_010952,2024-04-01,linkedin
emp_010953,2021-11-30,linkedin
emp_010954,2021-06-01,university
emp_010955,2022-08-01,referral
emp_010956,2024-10-31,recruiter
emp_010957,2025-01-30,university
emp_010958,2022-07-01,linkedin
emp_010959,2023-06-01,company_site
emp_010960,2026-03-02,linkedin
emp_010961,2025-08-31,company_site
emp_010962,2024-12-31,linkedin
emp_010963,2025-05-01,referral
emp_010964,2024-03-01,recruiter
emp_010965,2025-10-31,company_site
emp_010966,2023-08-01,linkedin
emp_010967,2023-10-31,referral
emp_010968,2025-07-01,recruiter
emp_010969,2022-07-01,referral
emp_010970,2019-07-02,recruiter
emp_010971,2025-03-01,recruiter
emp_010972,2024-07-31,linkedin
emp_010973,2024-04-01,company_site
emp_010974,2025-01-30,referral
emp_010975,2023-03-02,referral
emp_010976,2021-01-30,linkedin
emp_010977,2026-05-02,conference
emp_010978,2025-05-01,referral
emp_010979,2024-07-01,recruiter
emp_010980,2025-04-01,linkedin
emp_010981,2021-12-31,linkedin
emp_010982,2023-07-02,recruiter
emp_010983,2023-04-01,recruiter
emp_010984,2022-04-01,referral
emp_010985,2017-12-31,referral
emp_010986,2022-03-02,university
emp_010987,2025-05-01,boomerang
emp_010988,2021-12-31,university
emp_010989,2022-04-01,recruiter
emp_010990,2023-06-01,recruiter
emp_010991,2025-10-01,linkedin
emp_010992,2023-05-02,referral
emp_010993,2021-06-01,company_site
emp_010994,2018-08-31,recruiter
emp_010995,2025-03-01,referral
emp_010996,2024-07-31,company_site
emp_010997,2024-07-31,referral
emp_010998,2020-12-30,company_site
emp_010999,2021-06-01,linkedin
emp_011000,2025-07-01,recruiter
emp_011001,2024-11-30,linkedin
emp_011002,2025-03-01,linkedin
emp_011003,2024-05-01,company_site
emp_011004,2022-12-01,linkedin
emp_011005,2025-07-01,company_site
emp_011006,2022-01-30,referral
emp_011007,2024-04-01,linkedin
emp_011008,2021-06-01,university
emp_011009,2024-11-30,conference
emp_011010,2024-07-31,linkedin
emp_011011,2024-08-31,referral
emp_011012,2021-12-31,company_site
emp_011013,2020-01-31,recruiter
emp_011014,2024-07-31,company_site
emp_011015,2023-12-31,recruiter
emp_011016,2022-01-30,university
emp_011017,2025-03-01,recruiter
emp_011018,2026-05-02,company_site
emp_011019,2024-01-31,linkedin
emp_011020,2023-04-01,referral
emp_011021,2017-03-01,university
emp_011022,2023-05-02,conference
emp_011023,2023-10-31,company_site
emp_011024,2023-12-01,referral
emp_011025,2024-05-31,company_site
emp_011026,2022-12-01,linkedin
emp_011027,2022-07-01,linkedin
emp_011028,2023-03-02,referral
emp_011029,2025-08-31,recruiter
emp_011030,2014-06-01,referral
emp_011031,2023-12-01,company_site
emp_011032,2025-06-01,linkedin
emp_011033,2021-05-01,recruiter
emp_011034,2021-05-01,recruiter
emp_011035,2024-07-01,company_site
emp_011036,2024-05-31,university
emp_011037,2024-07-31,recruiter
emp_011038,2025-03-01,recruiter
emp_011039,2025-10-01,boomerang
emp_011040,2023-10-31,linkedin
emp_011041,2024-04-01,referral
emp_011042,2025-08-01,referral
emp_011043,2025-08-01,company_site
emp_011044,2024-07-01,referral
emp_011045,2024-09-30,referral
emp_011046,2025-01-30,university
emp_011047,2026-05-02,conference
emp_011048,2022-12-01,referral
emp_011049,2025-07-01,university
emp_011050,2019-12-01,linkedin
emp_011051,2022-08-31,referral
emp_011052,2023-07-02,university
emp_011053,2023-03-02,recruiter
emp_011054,2025-06-01,referral
emp_011055,2022-12-31,company_site
emp_011056,2023-09-01,recruiter
emp_011057,2023-05-02,recruiter
emp_011058,2024-11-30,recruiter
emp_011059,2023-12-01,linkedin
emp_011060,2022-01-30,company_site
emp_011061,2025-01-30,recruiter
emp_011062,2023-04-01,recruiter
emp_011063,2022-03-02,company_site
emp_011064,2024-10-31,company_site
emp_011065,2021-08-31,university
emp_011066,2023-01-30,referral
emp_011067,2022-01-30,referral
emp_011068,2024-01-31,university
emp_011069,2022-12-31,linkedin
emp_011070,2024-07-01,recruiter
emp_011071,2026-04-01,recruiter
emp_011072,2023-12-31,linkedin
emp_011073,2016-11-30,linkedin
emp_011074,2023-06-01,referral
emp_011075,2024-10-31,referral
emp_011076,2020-05-01,university
emp_011077,2025-07-01,company_site
emp_011078,2024-05-31,company_site
emp_011079,2023-09-01,company_site
emp_011080,2025-08-01,linkedin
emp_011081,2025-01-30,linkedin
emp_011082,2024-05-31,linkedin
emp_011083,2024-08-31,company_site
emp_011084,2023-07-02,referral
emp_011085,2023-03-02,company_site
emp_011086,2025-05-01,linkedin
emp_011087,2026-05-02,recruiter
emp_011088,2023-04-01,linkedin
emp_011089,2023-12-31,conference
emp_011090,2025-08-31,recruiter
emp_011091,2025-03-01,linkedin
emp_011092,2023-01-30,referral
emp_011093,2018-08-31,recruiter
emp_011094,2021-09-30,referral
emp_011095,2019-10-31,referral
emp_011096,2022-10-31,recruiter
emp_011097,2024-05-31,referral
emp_011098,2024-12-31,university
emp_011099,2021-06-01,linkedin
emp_011100,2024-09-30,recruiter
emp_011101,2020-01-31,referral
emp_011102,2023-05-02,linkedin
emp_011103,2024-12-31,linkedin
emp_011104,2024-05-01,recruiter
emp_011105,2018-03-01,referral
emp_011106,2023-10-31,recruiter
emp_011107,2025-12-31,recruiter
emp_011108,2025-07-01,linkedin
emp_011109,2024-12-31,company_site
emp_011110,2026-01-30,company_site
emp_011111,2024-03-01,linkedin
emp_011112,2025-08-01,referral
emp_011113,2023-09-01,boomerang
emp_011114,2024-03-01,conference
emp_011115,2024-11-30,conference
emp_011116,2021-08-31,referral
emp_011117,2020-11-30,company_site
emp_011118,2023-01-30,recruiter
emp_011119,2024-11-30,linkedin
emp_011120,2024-09-30,referral
emp_011121,2023-12-31,company_site
emp_011122,2023-09-01,company_site
emp_011123,2022-12-31,university
emp_011124,2023-09-01,boomerang
emp_011125,2019-10-01,recruiter
emp_011126,2019-01-30,referral
emp_011127,2023-05-02,referral
emp_011128,2022-12-31,linkedin
emp_011129,2015-12-01,boomerang
emp_011130,2022-12-31,referral
emp_011131,2024-04-01,conference
emp_011132,2023-08-01,recruiter
emp_011133,2021-08-01,linkedin
emp_011134,2024-04-01,recruiter
emp_011135,2024-07-31,referral
emp_011136,2023-12-01,university
emp_011137,2022-12-01,linkedin
emp_011138,2024-09-30,referral
emp_011139,2018-10-01,linkedin
emp_011140,2023-01-30,recruiter
emp_011141,2024-05-01,referral
emp_011142,2023-03-02,company_site
emp_011143,2022-08-01,referral
emp_011144,2024-01-31,referral
emp_011145,2025-07-01,university
emp_011146,2017-11-30,referral
emp_011147,2021-06-01,referral
emp_011148,2025-03-01,company_site
emp_011149,2021-10-31,recruiter
emp_011150,2025-08-01,conference
emp_011151,2025-10-31,referral
emp_011152,2025-05-01,company_site
emp_011153,2024-12-31,recruiter
emp_011154,2026-06-01,recruiter
emp_011155,2017-12-31,referral
emp_011156,2024-11-30,referral
emp_011157,2017-05-01,linkedin
emp_011158,2022-03-02,referral
emp_011159,2025-01-30,company_site
emp_011160,2025-01-30,company_site
emp_011161,2026-07-01,linkedin
emp_011162,2023-07-02,linkedin
emp_011163,2025-05-01,referral
emp_011164,2023-09-01,linkedin
emp_011165,2015-12-31,linkedin
emp_011166,2025-08-01,recruiter
emp_011167,2024-01-31,referral
emp_011168,2020-11-30,university
emp_011169,2024-09-30,company_site
emp_011170,2021-08-01,recruiter
emp_011171,2026-04-01,linkedin
emp_011172,2023-01-30,company_site
emp_011173,2023-05-02,referral
emp_011174,2025-05-01,company_site
emp_011175,2021-12-31,referral
emp_011176,2025-10-31,boomerang
emp_011177,2021-08-31,referral
emp_011178,2023-04-01,boomerang
emp_011179,2022-10-01,referral
emp_011180,2023-05-02,university
emp_011181,2023-12-31,linkedin
emp_011182,2022-10-01,boomerang
emp_011183,2024-04-01,company_site
emp_011184,2022-12-31,referral
emp_011185,2023-08-01,company_site
emp_011186,2022-08-01,linkedin
emp_011187,2019-01-30,boomerang
emp_011188,2021-10-31,university
emp_011189,2018-05-01,recruiter
emp_011190,2024-05-01,recruiter
emp_011191,2023-12-01,linkedin
emp_011192,2021-09-30,linkedin
emp_011193,2018-12-31,linkedin
emp_011194,2025-10-01,referral
emp_011195,2024-12-31,linkedin
emp_011196,2024-05-01,conference
emp_011197,2025-06-01,linkedin
emp_011198,2025-08-31,referral
emp_011199,2024-12-31,company_site
emp_011200,2023-01-30,recruiter
emp_011201,2022-10-01,university
emp_011202,2025-10-31,linkedin
emp_011203,2025-06-01,company_site
emp_011204,2022-04-01,linkedin
emp_011205,2015-10-31,referral
emp_011206,2025-06-01,referral
emp_011207,2024-07-31,linkedin
emp_011208,2022-05-01,recruiter
emp_011209,2023-10-01,university
emp_011210,2024-11-30,boomerang
emp_011211,2021-11-30,university
emp_011212,2024-05-01,linkedin
emp_011213,2021-06-01,referral
emp_011214,2026-07-01,referral
emp_011215,2024-07-01,linkedin
emp_011216,2024-09-30,referral
emp_011217,2021-10-31,recruiter
emp_011218,2024-12-31,company_site
emp_011219,2023-10-31,referral
emp_011220,2021-10-31,company_site
emp_011221,2023-12-31,linkedin
emp_011222,2023-03-02,linkedin
emp_011223,2024-11-30,company_site
emp_011224,2024-07-31,linkedin
emp_011225,2023-10-01,linkedin
emp_011226,2022-07-01,company_site
emp_011227,2024-05-01,recruiter
emp_011228,2021-11-30,recruiter
emp_011229,2020-01-31,university
emp_011230,2021-07-01,company_site
emp_011231,2025-05-01,referral
emp_011232,2024-08-31,recruiter
emp_011233,2019-04-01,linkedin
emp_011234,2020-11-30,referral
emp_011235,2024-07-31,linkedin
emp_011236,2024-11-30,linkedin
emp_011237,2025-08-01,linkedin
emp_011238,2023-03-02,referral
emp_011239,2023-10-31,referral
emp_011240,2023-10-01,linkedin
emp_011241,2024-01-31,university
emp_011242,2024-07-31,linkedin
emp_011243,2023-12-01,linkedin
emp_011244,2025-08-01,referral
emp_011245,2024-07-01,referral
emp_011246,2024-11-30,recruiter
emp_011247,2025-08-01,recruiter
emp_011248,2022-10-01,conference
emp_011249,2020-05-31,university
emp_011250,2024-08-31,university
emp_011251,2025-08-31,linkedin
emp_011252,2025-10-31,referral
emp_011253,2024-05-01,referral
emp_011254,2024-01-31,recruiter
emp_011255,2024-12-31,linkedin
emp_011256,2026-03-02,company_site
emp_011257,2022-06-01,referral
emp_011258,2025-08-31,referral
emp_011259,2023-12-01,recruiter
emp_011260,2024-07-01,linkedin
emp_011261,2023-12-31,referral
emp_011262,2024-05-01,recruiter
emp_011263,2022-10-31,linkedin
emp_011264,2022-06-01,referral
emp_011265,2024-09-30,linkedin
emp_011266,2023-12-31,referral
emp_011267,2020-03-31,recruiter
emp_011268,2024-04-01,referral
emp_011269,2025-11-30,linkedin
emp_011270,2026-01-30,boomerang
emp_011271,2022-12-31,referral
emp_011272,2022-03-02,university
emp_011273,2024-11-30,boomerang
emp_011274,2019-04-01,company_site
emp_011275,2024-12-31,conference
emp_011276,2022-08-01,company_site
emp_011277,2025-06-01,linkedin
emp_011278,2023-12-31,conference
emp_011279,2025-10-31,recruiter
emp_011280,2024-10-31,recruiter
emp_011281,2022-10-31,linkedin
emp_011282,2024-05-31,recruiter
emp_011283,2015-08-01,referral
emp_011284,2025-11-30,referral
emp_011285,2024-07-01,conference
emp_011286,2023-06-01,company_site
emp_011287,2024-07-31,linkedin
emp_011288,2024-11-30,referral
emp_011289,2025-05-01,company_site
emp_011290,2023-03-02,recruiter
emp_011291,2024-10-31,linkedin
emp_011292,2025-01-30,boomerang
emp_011293,2023-09-01,boomerang
emp_011294,2025-05-01,linkedin
emp_011295,2025-11-30,recruiter
emp_011296,2024-03-01,linkedin
emp_011297,2023-01-30,university
emp_011298,2024-07-31,linkedin
emp_011299,2025-11-30,recruiter
emp_011300,2025-08-31,recruiter
emp_011301,2022-08-31,referral
emp_011302,2023-06-01,referral
emp_011303,2023-04-01,referral
emp_011304,2020-05-01,recruiter
emp_011305,2023-10-31,university
emp_011306,2023-12-31,company_site
emp_011307,2021-06-01,company_site
emp_011308,2020-11-30,company_site
emp_011309,2020-12-30,recruiter
emp_011310,2022-12-01,recruiter
emp_011311,2025-07-01,university
emp_011312,2023-09-01,referral
emp_011313,2023-07-02,referral
emp_011314,2025-08-31,referral
emp_011315,2020-09-30,linkedin
emp_011316,2021-07-01,university
emp_011317,2025-06-01,linkedin
emp_011318,2024-07-31,referral
emp_011319,2016-09-30,recruiter
emp_011320,2021-10-31,referral
emp_011321,2025-04-01,referral
emp_011322,2025-01-30,recruiter
emp_011323,2023-05-02,referral
emp_011324,2024-05-01,referral
emp_011325,2022-08-31,university
emp_011326,2025-11-30,university
emp_011327,2023-08-01,referral
emp_011328,2023-09-01,referral
emp_011329,2022-12-01,referral
emp_011330,2024-05-01,boomerang
emp_011331,2026-07-01,referral
emp_011332,2024-05-01,referral
emp_011333,2023-10-31,referral
emp_011334,2024-10-31,recruiter
emp_011335,2025-08-31,referral
emp_011336,2024-10-31,recruiter
emp_011337,2022-08-31,recruiter
emp_011338,2024-11-30,recruiter
emp_011339,2022-08-01,linkedin
emp_011340,2022-04-01,linkedin
emp_011341,2021-09-30,recruiter
emp_011342,2025-11-30,referral
emp_011343,2022-04-01,company_site
emp_011344,2025-07-01,conference
emp_011345,2026-03-02,linkedin
emp_011346,2021-04-01,recruiter
emp_011347,2024-04-01,recruiter
emp_011348,2025-05-01,company_site
emp_011349,2022-03-02,referral
emp_011350,2024-09-30,company_site
emp_011351,2024-01-31,linkedin
emp_011352,2021-12-31,linkedin
emp_011353,2023-04-01,referral
emp_011354,2024-08-31,linkedin
emp_011355,2023-10-31,company_site
emp_011356,2024-07-31,recruiter
emp_011357,2025-08-01,recruiter
emp_011358,2016-03-31,referral
emp_011359,2023-09-01,company_site
emp_011360,2024-05-31,conference
emp_011361,2023-09-01,recruiter
emp_011362,2022-05-01,university
emp_011363,2025-05-01,company_site
emp_011364,2024-04-01,recruiter
emp_011365,2024-08-31,boomerang
emp_011366,2025-04-01,referral
emp_011367,2025-01-30,referral
emp_011368,2022-06-01,company_site
emp_011369,2025-06-01,linkedin
emp_011370,2025-12-31,linkedin
emp_011371,2025-05-01,recruiter
emp_011372,2023-12-01,referral
emp_011373,2024-08-31,referral
emp_011374,2021-01-30,referral
emp_011375,2023-07-02,conference
emp_011376,2025-07-01,referral
emp_011377,2025-04-01,company_site
emp_011378,2023-12-31,boomerang
emp_011379,2024-01-31,referral
emp_011380,2024-08-31,linkedin
emp_011381,2024-05-01,conference
emp_011382,2021-04-01,linkedin
emp_011383,2024-09-30,referral
emp_011384,2025-01-30,referral
emp_011385,2024-05-01,company_site
emp_011386,2024-07-31,referral
emp_011387,2025-08-31,conference
emp_011388,2022-03-02,referral
emp_011389,2024-07-01,linkedin
emp_011390,2022-07-01,recruiter
emp_011391,2023-09-01,referral
emp_011392,2024-07-01,company_site
emp_011393,2021-01-30,referral
emp_011394,2025-10-01,linkedin
emp_011395,2025-03-01,linkedin
emp_011396,2022-07-01,company_site
emp_011397,2021-08-31,university
emp_011398,2025-04-01,linkedin
emp_011399,2025-04-01,referral
emp_011400,2019-05-02,university
emp_011401,2020-03-31,company_site
emp_011402,2023-06-01,company_site
emp_011403,2023-04-01,referral
emp_011404,2022-12-31,university
emp_011405,2023-12-31,recruiter
emp_011406,2023-01-30,linkedin
emp_011407,2023-01-30,recruiter
emp_011408,2022-05-01,referral
emp_011409,2026-05-02,recruiter
emp_011410,2024-10-31,boomerang
emp_011411,2026-07-01,recruiter
emp_011412,2020-03-31,recruiter
emp_011413,2024-05-01,linkedin
emp_011414,2023-10-01,recruiter
emp_011415,2023-12-01,university
emp_011416,2023-05-02,referral
emp_011417,2022-12-31,linkedin
emp_011418,2024-11-30,referral
emp_011419,2026-01-30,recruiter
emp_011420,2025-11-30,linkedin
emp_011421,2022-10-01,recruiter
emp_011422,2022-08-01,referral
emp_011423,2024-10-31,referral
emp_011424,2019-05-02,recruiter
emp_011425,2023-04-01,referral
emp_011426,2023-12-31,university
emp_011427,2024-04-01,referral
emp_011428,2024-05-01,recruiter
emp_011429,2018-12-31,linkedin
emp_011430,2024-03-01,linkedin
emp_011431,2025-03-01,recruiter
emp_011432,2025-10-01,recruiter
emp_011433,2021-08-01,referral
emp_011434,2023-10-01,linkedin
emp_011435,2024-11-30,company_site
emp_011436,2024-04-01,conference
emp_011437,2024-05-31,linkedin
emp_011438,2025-01-30,recruiter
emp_011439,2022-12-31,linkedin
emp_011440,2024-09-30,referral
emp_011441,2024-03-01,referral
emp_011442,2024-07-31,conference
emp_011443,2025-08-31,referral
emp_011444,2023-09-01,referral
emp_011445,2024-07-01,referral
emp_011446,2023-01-30,recruiter
emp_011447,2017-03-01,linkedin
emp_011448,2024-08-31,linkedin
emp_011449,2024-01-31,referral
emp_011450,2016-07-31,recruiter
emp_011451,2024-11-30,recruiter
emp_011452,2025-10-01,boomerang
emp_011453,2024-11-30,referral
emp_011454,2017-04-01,company_site
emp_011455,2025-07-01,recruiter
emp_011456,2023-06-01,company_site
emp_011457,2024-05-31,university
emp_011458,2020-05-31,referral
emp_011459,2024-09-30,linkedin
emp_011460,2023-04-01,company_site
emp_011461,2024-05-01,company_site
emp_011462,2025-03-01,linkedin
emp_011463,2023-10-01,recruiter
emp_011464,2017-09-30,company_site
emp_011465,2013-07-31,referral
emp_011466,2019-10-01,linkedin
emp_011467,2022-08-01,referral
emp_011468,2025-11-30,linkedin
emp_011469,2025-08-01,referral
emp_011470,2023-10-01,linkedin
emp_011471,2025-05-01,linkedin
emp_011472,2024-12-31,recruiter
emp_011473,2024-10-31,recruiter
emp_011474,2023-10-01,linkedin
emp_011475,2026-01-30,recruiter
emp_011476,2025-10-31,referral
emp_011477,2025-10-31,company_site
emp_011478,2025-08-31,recruiter
emp_011479,2022-10-31,linkedin
emp_011480,2020-05-31,company_site
emp_011481,2025-10-31,university
emp_011482,2019-10-31,recruiter
emp_011483,2024-07-31,company_site
emp_011484,2024-07-01,referral
emp_011485,2020-10-31,referral
emp_011486,2023-12-31,recruiter
emp_011487,2022-04-01,referral
emp_011488,2025-07-01,boomerang
emp_011489,2024-09-30,company_site
emp_011490,2025-04-01,linkedin
emp_011491,2024-04-01,university
emp_011492,2024-04-01,linkedin
emp_011493,2023-05-02,company_site
emp_011494,2024-11-30,linkedin
emp_011495,2024-03-01,referral
emp_011496,2024-09-30,conference
emp_011497,2024-05-01,company_site
emp_011498,2023-08-01,university
emp_011499,2023-12-31,linkedin
emp_011500,2024-09-30,recruiter
emp_011501,2023-04-01,linkedin
emp_011502,2025-12-31,linkedin
emp_011503,2017-04-01,recruiter
emp_011504,2022-12-31,referral
emp_011505,2025-07-01,linkedin
emp_011506,2024-10-31,linkedin
emp_011507,2024-12-31,company_site
emp_011508,2023-04-01,linkedin
emp_011509,2018-05-01,university
emp_011510,2025-06-01,conference
emp_011511,2021-10-31,recruiter
emp_011512,2025-10-01,referral
emp_011513,2024-03-01,company_site
emp_011514,2025-03-01,linkedin
emp_011515,2026-07-01,referral
emp_011516,2024-03-01,linkedin
emp_011517,2024-09-30,referral
emp_011518,2023-10-01,company_site
emp_011519,2011-10-31,referral
emp_011520,2023-10-01,referral
emp_011521,2021-03-01,linkedin
emp_011522,2022-10-31,recruiter
emp_011523,2025-06-01,linkedin
emp_011524,2024-11-30,recruiter
emp_011525,2025-06-01,linkedin
emp_011526,2025-04-01,linkedin
emp_011527,2022-10-01,recruiter
emp_011528,2020-01-31,university
emp_011529,2026-04-01,company_site
emp_011530,2024-08-31,linkedin
emp_011531,2023-12-31,recruiter
emp_011532,2023-03-02,linkedin
emp_011533,2021-11-30,referral
emp_011534,2022-10-31,referral
emp_011535,2022-06-01,linkedin
emp_011536,2023-12-01,referral
emp_011537,2021-06-01,referral
emp_011538,2024-07-01,referral
emp_011539,2025-01-30,university
emp_011540,2023-05-02,linkedin
emp_011541,2024-10-31,referral
emp_011542,2022-08-01,company_site
emp_011543,2021-08-31,recruiter
emp_011544,2022-10-31,recruiter
emp_011545,2021-01-30,referral
emp_011546,2023-09-01,referral
emp_011547,2024-09-30,linkedin
emp_011548,2025-03-01,university
emp_011549,2022-10-01,boomerang
emp_011550,2025-03-01,conference
emp_011551,2023-10-01,referral
emp_011552,2024-11-30,referral
emp_011553,2024-09-30,recruiter
emp_011554,2023-04-01,linkedin
emp_011555,2024-12-31,referral
emp_011556,2024-04-01,referral
emp_011557,2024-08-31,boomerang
emp_011558,2024-12-31,linkedin
emp_011559,2024-07-01,recruiter
emp_011560,2023-05-02,company_site
emp_011561,2022-08-31,linkedin
emp_011562,2022-10-01,recruiter
emp_011563,2021-07-01,linkedin
emp_011564,2025-10-01,linkedin
emp_011565,2023-09-01,conference
emp_011566,2019-10-01,recruiter
emp_011567,2022-10-31,university
emp_011568,2025-10-01,referral
emp_011569,2023-05-02,recruiter
emp_011570,2025-03-01,referral
emp_011571,2020-07-01,referral
emp_011572,2025-01-30,recruiter
emp_011573,2024-12-31,linkedin
emp_011574,2024-05-01,linkedin
emp_011575,2023-07-02,referral
emp_011576,2022-04-01,referral
emp_011577,2017-11-30,company_site
emp_011578,2026-07-01,referral
emp_011579,2024-04-01,referral
emp_011580,2021-09-30,linkedin
emp_011581,2021-07-01,company_site
emp_011582,2024-05-01,company_site
emp_011583,2024-09-30,company_site
emp_011584,2023-08-01,referral
emp_011585,2025-10-31,referral
emp_011586,2026-06-01,company_site
emp_011587,2023-07-02,company_site
emp_011588,2026-03-02,company_site
emp_011589,2025-10-01,company_site
emp_011590,2024-01-31,recruiter
emp_011591,2023-12-31,referral
emp_011592,2023-07-02,recruiter
emp_011593,2023-05-02,linkedin
emp_011594,2021-05-01,recruiter
emp_011595,2026-03-02,referral
emp_011596,2022-03-02,linkedin
emp_011597,2023-05-02,recruiter
emp_011598,2025-08-01,referral
emp_011599,2023-05-02,referral
emp_011600,2022-05-01,linkedin
emp_011601,2026-01-30,recruiter
emp_011602,2023-04-01,company_site
emp_011603,2021-11-30,company_site
emp_011604,2024-07-31,linkedin
emp_011605,2022-01-30,linkedin
emp_011606,2023-08-01,referral
emp_011607,2022-07-01,company_site
emp_011608,2022-07-01,linkedin
emp_011609,2025-12-31,referral
emp_011610,2023-12-31,linkedin
emp_011611,2024-08-31,boomerang
emp_011612,2024-07-31,company_site
emp_011613,2018-11-30,linkedin
emp_011614,2023-05-02,recruiter
emp_011615,2026-03-02,linkedin
emp_011616,2025-12-31,recruiter
emp_011617,2024-03-01,linkedin
emp_011618,2024-09-30,recruiter
emp_011619,2022-03-02,referral
emp_011620,2024-11-30,recruiter
emp_011621,2024-11-30,recruiter
emp_011622,2024-09-30,recruiter
emp_011623,2023-09-01,referral
emp_011624,2024-09-30,referral
emp_011625,2023-10-01,linkedin
emp_011626,2022-04-01,referral
emp_011627,2020-12-30,boomerang
emp_011628,2020-11-30,company_site
emp_011629,2022-01-30,conference
emp_011630,2023-12-01,recruiter
emp_011631,2024-03-01,company_site
emp_011632,2024-01-31,referral
emp_011633,2025-01-30,referral
emp_011634,2023-12-31,referral
emp_011635,2022-10-31,university
emp_011636,2024-03-01,recruiter
emp_011637,2024-05-01,company_site
emp_011638,2023-08-01,company_site
emp_011639,2023-10-31,referral
emp_011640,2024-07-01,recruiter
emp_011641,2023-10-31,company_site
emp_011642,2025-07-01,linkedin
emp_011643,2024-01-31,linkedin
emp_011644,2023-10-31,referral
emp_011645,2024-08-31,company_site
emp_011646,2023-10-31,referral
emp_011647,2021-05-01,university
emp_011648,2025-10-01,referral
emp_011649,2021-11-30,referral
emp_011650,2023-07-02,referral
emp_011651,2022-12-01,recruiter
emp_011652,2024-05-01,company_site
emp_011653,2024-12-31,recruiter
emp_011654,2023-04-01,recruiter
emp_011655,2025-08-01,company_site
emp_011656,2024-01-31,referral
emp_011657,2021-04-01,linkedin
emp_011658,2024-10-31,recruiter
emp_011659,2025-01-30,recruiter
emp_011660,2023-10-01,company_site
emp_011661,2024-10-31,linkedin
emp_011662,2024-05-31,referral
emp_011663,2023-03-02,conference
emp_011664,2022-08-01,company_site
emp_011665,2019-08-31,recruiter
emp_011666,2022-04-01,referral
emp_011667,2024-08-31,referral
emp_011668,2020-10-31,recruiter
emp_011669,2026-05-02,conference
emp_011670,2022-10-31,referral
emp_011671,2024-07-01,referral
emp_011672,2025-03-01,boomerang
emp_011673,2024-04-01,recruiter
emp_011674,2024-05-31,linkedin
emp_011675,2018-08-31,referral
emp_011676,2025-10-01,recruiter
emp_011677,2025-05-01,linkedin
emp_011678,2019-04-01,recruiter
emp_011679,2024-10-31,referral
emp_011680,2023-12-01,linkedin
emp_011681,2021-04-01,referral
emp_011682,2024-10-31,referral
emp_011683,2021-11-30,referral
emp_011684,2024-07-01,recruiter
emp_011685,2024-10-31,linkedin
emp_011686,2024-05-01,university
emp_011687,2024-09-30,boomerang
emp_011688,2024-10-31,referral
emp_011689,2024-12-31,linkedin
emp_011690,2021-11-30,company_site
emp_011691,2025-12-31,referral
emp_011692,2024-09-30,referral
emp_011693,2025-10-31,recruiter
emp_011694,2023-10-31,referral
emp_011695,2025-07-01,referral
emp_011696,2022-12-31,linkedin
emp_011697,2024-07-31,boomerang
emp_011698,2024-08-31,linkedin
emp_011699,2021-08-01,recruiter
emp_011700,2017-09-30,linkedin
emp_011701,2024-09-30,company_site
emp_011702,2022-08-01,recruiter
emp_011703,2025-06-01,linkedin
emp_011704,2025-11-30,recruiter
emp_011705,2023-08-01,referral
emp_011706,2025-12-31,recruiter
emp_011707,2024-05-01,conference
emp_011708,2024-07-01,referral
emp_011709,2024-04-01,referral
emp_011710,2025-07-01,referral
emp_011711,2024-04-01,company_site
emp_011712,2023-10-31,recruiter
emp_011713,2023-12-01,recruiter
emp_011714,2024-08-31,recruiter
emp_011715,2025-05-01,recruiter
emp_011716,2024-07-01,company_site
emp_011717,2023-08-01,referral
emp_011718,2022-10-01,referral
emp_011719,2024-10-31,linkedin
emp_011720,2026-05-02,linkedin
emp_011721,2023-10-01,boomerang
emp_011722,2021-11-30,university
emp_011723,2026-01-30,university
emp_011724,2024-03-01,recruiter
emp_011725,2026-01-30,company_site
emp_011726,2024-05-31,company_site
emp_011727,2025-10-31,company_site
emp_011728,2026-07-01,referral
emp_011729,2024-11-30,linkedin
emp_011730,2023-09-01,university
emp_011731,2022-01-30,linkedin
emp_011732,2020-10-31,university
emp_011733,2023-06-01,recruiter
emp_011734,2022-12-01,university
emp_011735,2023-07-02,university
emp_011736,2024-05-31,linkedin
emp_011737,2024-12-31,referral
emp_011738,2023-10-31,company_site
emp_011739,2022-12-01,referral
emp_011740,2020-11-30,referral
emp_011741,2019-10-31,company_site
emp_011742,2025-11-30,company_site
emp_011743,2023-12-31,linkedin
emp_011744,2024-05-01,linkedin
emp_011745,2024-07-31,recruiter
emp_011746,2023-12-01,boomerang
emp_011747,2024-12-31,university
emp_011748,2025-10-01,recruiter
emp_011749,2023-01-30,linkedin
emp_011750,2019-03-02,linkedin
emp_011751,2023-09-01,referral
emp_011752,2020-03-01,referral
emp_011753,2024-03-01,linkedin
emp_011754,2025-08-31,linkedin
emp_011755,2022-07-01,referral
emp_011756,2024-07-01,referral
emp_011757,2025-04-01,university
emp_011758,2024-05-31,boomerang
emp_011759,2023-09-01,linkedin
emp_011760,2024-12-31,linkedin
emp_011761,2020-12-30,referral
emp_011762,2025-06-01,referral
emp_011763,2025-04-01,referral
emp_011764,2023-10-01,referral
emp_011765,2026-01-30,company_site
emp_011766,2022-10-01,recruiter
emp_011767,2023-10-01,referral
emp_011768,2024-05-01,linkedin
emp_011769,2024-08-31,referral
emp_011770,2023-09-01,linkedin
emp_011771,2021-08-01,university
emp_011772,2022-10-31,company_site
emp_011773,2026-01-30,company_site
emp_011774,2023-01-30,linkedin
emp_011775,2013-10-31,linkedin
emp_011776,2025-04-01,recruiter
emp_011777,2022-04-01,linkedin
emp_011778,2021-08-31,linkedin
emp_011779,2022-01-30,boomerang
emp_011780,2023-10-01,company_site
emp_011781,2022-05-01,conference
emp_011782,2022-10-31,company_site
emp_011783,2023-09-01,linkedin
emp_011784,2024-05-01,referral
emp_011785,2026-04-01,recruiter
emp_011786,2025-11-30,referral
emp_011787,2023-07-02,referral
emp_011788,2025-07-01,company_site
emp_011789,2026-01-30,conference
emp_011790,2022-08-31,linkedin
emp_011791,2023-04-01,boomerang
emp_011792,2015-08-01,university
emp_011793,2022-12-01,referral
emp_011794,2023-08-01,linkedin
emp_011795,2024-07-31,referral
emp_011796,2023-10-31,referral
emp_011797,2024-10-31,recruiter
emp_011798,2023-03-02,linkedin
emp_011799,2025-10-01,company_site
emp_011800,2026-01-30,recruiter
emp_011801,2024-05-01,referral
emp_011802,2025-03-01,linkedin
emp_011803,2025-07-01,linkedin
emp_011804,2015-05-02,recruiter
emp_011805,2022-08-31,recruiter
emp_011806,2023-10-31,boomerang
emp_011807,2024-01-31,linkedin
emp_011808,2023-08-01,referral
emp_011809,2023-12-01,recruiter
emp_011810,2022-01-30,recruiter
emp_011811,2020-07-31,university
emp_011812,2022-03-02,linkedin
emp_011813,2025-11-30,linkedin
emp_011814,2011-12-31,company_site
emp_011815,2023-10-31,referral
emp_011816,2023-04-01,recruiter
emp_011817,2024-10-31,referral
emp_011818,2026-05-02,linkedin
emp_011819,2022-12-31,company_site
emp_011820,2019-03-02,linkedin
emp_011821,2023-09-01,university
emp_011822,2024-11-30,university
emp_011823,2023-07-02,referral
emp_011824,2024-07-01,boomerang
emp_011825,2022-12-31,linkedin
emp_011826,2024-09-30,conference
emp_011827,2023-08-01,conference
emp_011828,2025-07-01,company_site
emp_011829,2023-04-01,referral
emp_011830,2021-05-01,referral
emp_011831,2020-08-31,university
emp_011832,2024-01-31,referral
emp_011833,2025-10-01,boomerang
emp_011834,2021-03-01,linkedin
emp_011835,2024-11-30,conference
emp_011836,2022-08-31,referral
emp_011837,2023-10-31,linkedin
emp_011838,2023-10-01,recruiter
emp_011839,2025-03-01,linkedin
emp_011840,2022-06-01,recruiter
emp_011841,2024-05-31,company_site
emp_011842,2022-03-02,recruiter
emp_011843,2025-08-31,recruiter
emp_011844,2022-05-01,referral
emp_011845,2020-07-31,linkedin
emp_011846,2021-12-31,university
emp_011847,2024-07-01,company_site
emp_011848,2018-10-01,recruiter
emp_011849,2025-06-01,recruiter
emp_011850,2023-04-01,linkedin
emp_011851,2025-03-01,linkedin
emp_011852,2025-08-01,recruiter
emp_011853,2024-12-31,referral
emp_011854,2022-10-01,recruiter
emp_011855,2023-07-02,recruiter
emp_011856,2021-09-30,company_site
emp_011857,2024-05-31,recruiter
emp_011858,2021-08-31,company_site
emp_011859,2013-01-30,referral
emp_011860,2024-03-01,referral
emp_011861,2023-06-01,recruiter
emp_011862,2026-03-02,recruiter
emp_011863,2023-04-01,linkedin
emp_011864,2025-11-30,linkedin
emp_011865,2024-09-30,recruiter
emp_011866,2025-04-01,conference
emp_011867,2023-07-02,referral
emp_011868,2025-08-01,company_site
emp_011869,2024-08-31,recruiter
emp_011870,2021-05-01,linkedin
emp_011871,2025-03-01,referral
emp_011872,2023-10-01,linkedin
emp_011873,2025-03-01,linkedin
emp_011874,2024-09-30,linkedin
emp_011875,2025-10-31,conference
emp_011876,2022-08-01,company_site
emp_011877,2026-07-01,recruiter
emp_011878,2025-08-31,recruiter
emp_011879,2025-08-01,referral
emp_011880,2024-04-01,linkedin
emp_011881,2023-10-31,referral
emp_011882,2022-04-01,referral
emp_011883,2023-01-30,referral
emp_011884,2024-01-31,recruiter
emp_011885,2024-04-01,referral
emp_011886,2025-01-30,university
emp_011887,2023-12-31,referral
emp_011888,2025-04-01,referral
emp_011889,2023-12-31,boomerang
emp_011890,2024-10-31,recruiter
emp_011891,2019-07-02,linkedin
emp_011892,2024-07-01,recruiter
emp_011893,2023-01-30,referral
emp_011894,2019-08-01,university
emp_011895,2024-01-31,company_site
emp_011896,2024-04-01,company_site
emp_011897,2024-12-31,referral
emp_011898,2021-08-31,referral
emp_011899,2024-07-01,referral
emp_011900,2024-01-31,linkedin
emp_011901,2023-08-01,recruiter
emp_011902,2021-09-30,recruiter
emp_011903,2025-03-01,recruiter
emp_011904,2025-05-01,linkedin
emp_011905,2019-06-01,referral
emp_011906,2022-05-01,recruiter
emp_011907,2024-05-01,company_site
emp_011908,2020-11-30,university
emp_011909,2023-03-02,university
emp_011910,2025-01-30,referral
emp_011911,2024-12-31,referral
emp_011912,2024-03-01,linkedin
emp_011913,2025-07-01,referral
emp_011914,2024-05-01,company_site
emp_011915,2026-05-02,recruiter
emp_011916,2024-08-31,referral
emp_011917,2021-06-01,recruiter
emp_011918,2020-08-31,referral
emp_011919,2024-05-01,referral
emp_011920,2025-06-01,linkedin
emp_011921,2024-01-31,company_site
emp_011922,2025-05-01,referral
emp_011923,2024-05-31,linkedin
emp_011924,2025-01-30,recruiter
emp_011925,2024-11-30,linkedin
emp_011926,2023-05-02,university
emp_011927,2024-05-01,university
emp_011928,2023-09-01,recruiter
emp_011929,2023-10-01,referral
emp_011930,2021-12-31,company_site
emp_011931,2024-01-31,boomerang
emp_011932,2025-01-30,university
emp_011933,2017-12-31,company_site
emp_011934,2023-12-01,recruiter
emp_011935,2024-08-31,linkedin
emp_011936,2024-11-30,referral
emp_011937,2025-07-01,referral
emp_011938,2023-10-31,recruiter
emp_011939,2021-01-30,referral
emp_011940,2026-01-30,conference
emp_011941,2025-03-01,university
emp_011942,2024-07-01,referral
emp_011943,2023-09-01,linkedin
emp_011944,2025-10-01,linkedin
emp_011945,2020-07-01,company_site
emp_011946,2023-12-31,referral
emp_011947,2024-08-31,referral
emp_011948,2023-01-30,boomerang
emp_011949,2024-10-31,referral
emp_011950,2024-03-01,linkedin
emp_011951,2025-03-01,company_site
emp_011952,2024-08-31,recruiter
emp_011953,2023-03-02,boomerang
emp_011954,2024-05-01,referral
emp_011955,2025-05-01,recruiter
emp_011956,2016-03-01,referral
emp_011957,2024-07-31,recruiter
emp_011958,2023-10-01,recruiter
emp_011959,2021-12-31,referral
emp_011960,2021-12-31,recruiter
emp_011961,2025-12-31,linkedin
emp_011962,2023-07-02,recruiter
emp_011963,2023-10-31,referral
emp_011964,2024-05-31,referral
emp_011965,2024-12-31,boomerang
emp_011966,2025-06-01,company_site
emp_011967,2023-08-01,company_site
emp_011968,2026-07-01,referral
emp_011969,2023-10-01,referral
emp_011970,2024-05-01,referral
emp_011971,2025-10-31,recruiter
emp_011972,2024-08-31,recruiter
emp_011973,2026-07-01,referral
emp_011974,2022-08-31,recruiter
emp_011975,2024-05-31,referral
emp_011976,2023-03-02,linkedin
emp_011977,2023-12-31,recruiter
emp_011978,2025-01-30,referral
emp_011979,2024-05-01,university
emp_011980,2025-10-01,university
emp_011981,2025-08-01,recruiter
emp_011982,2015-12-01,recruiter
emp_011983,2025-08-01,boomerang
emp_011984,2023-07-02,company_site
emp_011985,2024-10-31,linkedin
emp_011986,2020-09-30,boomerang
emp_011987,2026-01-30,conference
emp_011988,2022-04-01,linkedin
emp_011989,2023-04-01,recruiter
emp_011990,2024-07-01,recruiter
emp_011991,2025-06-01,company_site
emp_011992,2024-12-31,referral
emp_011993,2023-04-01,linkedin
emp_011994,2025-07-01,referral
emp_011995,2025-08-01,referral
emp_011996,2022-12-31,referral
emp_011997,2022-01-30,university
emp_011998,2025-05-01,linkedin
emp_011999,2023-10-31,linkedin
emp_012000,2021-10-31,referral
emp_012001,2020-09-30,referral
emp_012002,2024-03-01,conference
emp_012003,2025-08-01,university
emp_012004,2021-10-31,conference
emp_012005,2026-01-30,linkedin
emp_012006,2021-11-30,linkedin
emp_012007,2024-04-01,linkedin
emp_012008,2023-04-01,recruiter
emp_012009,2023-12-01,referral
emp_012010,2022-01-30,recruiter
emp_012011,2023-12-01,recruiter
emp_012012,2025-12-31,recruiter
emp_012013,2024-03-01,referral
emp_012014,2022-12-01,recruiter
emp_012015,2025-08-01,referral
emp_012016,2023-09-01,linkedin
emp_012017,2024-07-31,company_site
emp_012018,2023-01-30,university
emp_012019,2025-03-01,company_site
emp_012020,2022-10-01,referral
emp_012021,2023-09-01,company_site
emp_012022,2023-03-02,university
emp_012023,2025-04-01,recruiter
emp_012024,2022-07-01,referral
emp_012025,2020-12-30,recruiter
emp_012026,2025-12-31,university
emp_012027,2023-12-31,company_site
emp_012028,2023-10-01,referral
emp_012029,2024-05-01,linkedin
emp_012030,2022-10-01,university
emp_012031,2024-03-01,recruiter
emp_012032,2025-10-01,referral
emp_012033,2024-08-31,recruiter
emp_012034,2022-10-01,recruiter
emp_012035,2024-11-30,recruiter
emp_012036,2014-03-01,linkedin
emp_012037,2019-06-01,referral
emp_012038,2022-08-31,recruiter
emp_012039,2015-01-30,recruiter
emp_012040,2022-08-31,conference
emp_012041,2017-08-31,linkedin
emp_012042,2024-01-31,linkedin
emp_012043,2025-08-01,referral
emp_012044,2021-08-31,linkedin
emp_012045,2022-10-01,linkedin
emp_012046,2022-01-30,linkedin
emp_012047,2024-08-31,university
emp_012048,2024-05-01,recruiter
emp_012049,2023-07-02,referral
emp_012050,2020-07-31,university
emp_012051,2022-06-01,university
emp_012052,2023-06-01,referral
emp_012053,2022-12-01,linkedin
emp_012054,2023-03-02,company_site
emp_012055,2024-12-31,linkedin
emp_012056,2026-07-01,university
emp_012057,2020-11-30,referral
emp_012058,2020-07-31,recruiter
emp_012059,2022-12-01,referral
emp_012060,2024-07-01,referral
emp_012061,2024-11-30,company_site
emp_012062,2025-05-01,linkedin
emp_012063,2023-08-01,company_site
emp_012064,2025-07-01,company_site
emp_012065,2022-10-01,referral
emp_012066,2021-11-30,referral
emp_012067,2022-04-01,conference
emp_012068,2021-12-31,boomerang
emp_012069,2024-04-01,referral
emp_012070,2026-03-02,linkedin
emp_012071,2024-11-30,recruiter
emp_012072,2023-12-01,linkedin
emp_012073,2024-04-01,referral
emp_012074,2024-04-01,referral
emp_012075,2024-10-31,referral
emp_012076,2024-07-31,referral
emp_012077,2024-12-31,linkedin
emp_012078,2024-08-31,boomerang
emp_012079,2021-08-01,company_site
emp_012080,2024-05-01,university
emp_012081,2023-07-02,linkedin
emp_012082,2024-04-01,linkedin
emp_012083,2023-07-02,linkedin
emp_012084,2022-08-01,company_site
emp_012085,2024-10-31,linkedin
emp_012086,2019-12-01,referral
emp_012087,2025-01-30,linkedin
emp_012088,2015-10-01,referral
emp_012089,2024-07-01,referral
emp_012090,2024-09-30,referral
emp_012091,2025-04-01,referral
emp_012092,2014-03-01,company_site
emp_012093,2022-03-02,company_site
emp_012094,2022-10-01,recruiter
emp_012095,2025-11-30,recruiter
emp_012096,2023-07-02,linkedin
emp_012097,2023-10-01,conference
emp_012098,2022-07-01,linkedin
emp_012099,2024-08-31,recruiter
emp_012100,2025-03-01,company_site
emp_012101,2025-08-31,referral
emp_012102,2026-06-01,recruiter
emp_012103,2021-06-01,linkedin
emp_012104,2022-04-01,university
emp_012105,2023-01-30,recruiter
emp_012106,2025-03-01,referral
emp_012107,2025-05-01,recruiter
emp_012108,2025-10-01,referral
emp_012109,2023-01-30,recruiter
emp_012110,2025-10-01,company_site
emp_012111,2023-12-31,university
emp_012112,2019-05-02,recruiter
emp_012113,2025-12-31,conference
emp_012114,2023-07-02,company_site
emp_012115,2023-06-01,referral
emp_012116,2024-07-01,recruiter
emp_012117,2014-08-31,referral
emp_012118,2019-12-31,recruiter
emp_012119,2019-08-31,company_site
emp_012120,2025-08-01,referral
emp_012121,2023-08-01,referral
emp_012122,2022-08-01,referral
emp_012123,2020-07-01,referral
emp_012124,2019-01-30,boomerang
emp_012125,2020-12-30,referral
emp_012126,2023-04-01,linkedin
emp_012127,2021-10-31,referral
emp_012128,2022-12-01,boomerang
emp_012129,2025-08-31,company_site
emp_012130,2024-09-30,linkedin
emp_012131,2022-12-31,university
emp_012132,2022-10-01,recruiter
emp_012133,2026-01-30,recruiter
emp_012134,2023-08-01,referral
emp_012135,2023-10-31,recruiter
emp_012136,2020-03-01,linkedin
emp_012137,2024-07-31,recruiter
emp_012138,2024-08-31,recruiter
emp_012139,2023-10-01,referral
emp_012140,2020-05-01,linkedin
emp_012141,2024-12-31,linkedin
emp_012142,2022-05-01,referral
emp_012143,2024-05-31,recruiter
emp_012144,2026-04-01,recruiter
emp_012145,2023-08-01,boomerang
emp_012146,2019-10-31,referral
emp_012147,2024-09-30,recruiter
emp_012148,2025-08-01,university
emp_012149,2023-09-01,referral
emp_012150,2024-10-31,linkedin
emp_012151,2023-07-02,linkedin
emp_012152,2025-01-30,recruiter
emp_012153,2024-05-01,referral
emp_012154,2023-08-01,linkedin
emp_012155,2024-11-30,referral
emp_012156,2024-05-31,referral
emp_012157,2023-01-30,university
emp_012158,2025-03-01,company_site
emp_012159,2022-10-01,recruiter
emp_012160,2025-10-01,referral
emp_012161,2024-03-01,recruiter
emp_012162,2024-07-31,university
emp_012163,2024-07-31,recruiter
emp_012164,2024-11-30,linkedin
emp_012165,2024-08-31,company_site
emp_012166,2022-10-01,recruiter
emp_012167,2024-07-31,recruiter
emp_012168,2024-05-31,referral
emp_012169,2023-12-31,recruiter
emp_012170,2025-08-01,referral
emp_012171,2023-10-31,linkedin
emp_012172,2023-05-02,company_site
emp_012173,2023-09-01,linkedin
emp_012174,2024-05-01,company_site
emp_012175,2023-12-31,company_site
emp_012176,2024-01-31,company_site
emp_012177,2017-04-01,company_site
emp_012178,2021-08-01,company_site
emp_012179,2020-09-30,recruiter
emp_012180,2024-12-31,company_site
emp_012181,2014-12-31,company_site
emp_012182,2025-01-30,referral
emp_012183,2024-04-01,referral
emp_012184,2024-09-30,company_site
emp_012185,2018-03-01,company_site
emp_012186,2022-01-30,recruiter
emp_012187,2023-04-01,company_site
emp_012188,2025-05-01,referral
emp_012189,2025-07-01,referral
emp_012190,2025-10-01,referral
emp_012191,2023-12-01,referral
emp_012192,2024-10-31,linkedin
emp_012193,2023-08-01,company_site
emp_012194,2023-12-01,boomerang
emp_012195,2021-12-31,referral
emp_012196,2021-07-01,university
emp_012197,2023-06-01,linkedin
emp_012198,2022-10-01,recruiter
emp_012199,2022-08-31,linkedin
emp_012200,2025-04-01,boomerang
emp_012201,2023-01-30,recruiter
emp_012202,2024-10-31,conference
emp_012203,2024-05-31,recruiter
emp_012204,2023-12-31,referral
emp_012205,2025-12-31,referral
emp_012206,2022-06-01,boomerang
emp_012207,2024-10-31,university
emp_012208,2018-10-31,company_site
emp_012209,2016-07-31,referral
emp_012210,2023-10-31,referral
emp_012211,2025-11-30,referral
emp_012212,2022-06-01,company_site
emp_012213,2024-04-01,recruiter
emp_012214,2022-06-01,linkedin
emp_012215,2025-12-31,university
emp_012216,2024-08-31,recruiter
emp_012217,2018-04-01,referral
emp_012218,2025-03-01,recruiter
emp_012219,2021-08-31,company_site
emp_012220,2023-10-01,recruiter
emp_012221,2024-12-31,referral
emp_012222,2023-05-02,company_site
emp_012223,2025-05-01,recruiter
emp_012224,2016-07-31,referral
emp_012225,2023-12-01,linkedin
emp_012226,2025-08-01,recruiter
emp_012227,2022-06-01,recruiter
emp_012228,2023-10-31,company_site
emp_012229,2023-12-01,recruiter
emp_012230,2023-05-02,company_site
emp_012231,2025-10-01,linkedin
emp_012232,2022-12-31,company_site
emp_012233,2022-08-01,university
emp_012234,2022-12-01,recruiter
emp_012235,2025-03-01,conference
emp_012236,2025-01-30,recruiter
emp_012237,2024-09-30,recruiter
emp_012238,2024-05-31,linkedin
emp_012239,2024-10-31,recruiter
emp_012240,2018-12-31,referral
emp_012241,2017-03-01,linkedin
emp_012242,2022-10-31,linkedin
emp_012243,2024-12-31,conference
emp_012244,2023-10-31,recruiter
emp_012245,2024-03-01,university
emp_012246,2019-05-02,linkedin
emp_012247,2021-09-30,referral
emp_012248,2021-10-31,recruiter
emp_012249,2025-10-01,company_site
emp_012250,2022-10-01,linkedin
emp_012251,2022-08-31,university
emp_012252,2025-05-01,conference
emp_012253,2023-10-31,recruiter
emp_012254,2024-10-31,referral
emp_012255,2024-03-01,linkedin
emp_012256,2025-11-30,recruiter
emp_012257,2026-01-30,recruiter
emp_012258,2020-10-31,linkedin
emp_012259,2024-07-01,company_site
emp_012260,2022-10-01,company_site
emp_012261,2025-07-01,referral
emp_012262,2024-09-30,linkedin
emp_012263,2025-03-01,recruiter
emp_012264,2023-01-30,referral
emp_012265,2022-08-01,recruiter
emp_012266,2022-12-01,boomerang
emp_012267,2025-06-01,referral
emp_012268,2022-08-31,company_site
emp_012269,2024-11-30,university
emp_012270,2026-07-01,university
emp_012271,2024-03-01,referral
emp_012272,2024-03-01,conference
emp_012273,2024-01-31,recruiter
emp_012274,2023-03-02,university
emp_012275,2026-06-01,company_site
emp_012276,2024-04-01,linkedin
emp_012277,2024-09-30,linkedin
emp_012278,2019-10-01,university
emp_012279,2023-12-01,recruiter
emp_012280,2025-05-01,company_site
emp_012281,2022-01-30,linkedin
emp_012282,2024-11-30,company_site
emp_012283,2025-01-30,boomerang
emp_012284,2025-08-01,linkedin
emp_012285,2020-09-30,recruiter
emp_012286,2024-12-31,linkedin
emp_012287,2020-08-31,linkedin
emp_012288,2025-11-30,linkedin
emp_012289,2024-09-30,linkedin
emp_012290,2022-01-30,linkedin
emp_012291,2024-10-31,university
emp_012292,2025-01-30,recruiter
emp_012293,2025-03-01,boomerang
emp_012294,2022-12-31,company_site
emp_012295,2025-08-31,company_site
emp_012296,2019-12-31,referral
emp_012297,2024-11-30,university
emp_012298,2024-05-01,referral
emp_012299,2022-08-31,boomerang
emp_012300,2022-05-01,company_site
emp_012301,2023-01-30,recruiter
emp_012302,2023-10-31,university
emp_012303,2025-06-01,recruiter
emp_012304,2022-07-01,referral
emp_012305,2020-12-30,boomerang
emp_012306,2024-03-01,linkedin
emp_012307,2019-03-02,university
emp_012308,2025-10-31,linkedin
emp_012309,2024-07-01,referral
emp_012310,2024-08-31,recruiter
emp_012311,2022-05-01,linkedin
emp_012312,2024-07-01,referral
emp_012313,2024-05-01,linkedin
emp_012314,2024-07-01,linkedin
emp_012315,2026-01-30,referral
emp_012316,2022-08-01,university
emp_012317,2024-10-31,referral
emp_012318,2022-10-01,recruiter
emp_012319,2025-06-01,recruiter
emp_012320,2022-12-01,recruiter
emp_012321,2024-10-31,referral
emp_012322,2022-04-01,linkedin
emp_012323,2020-09-30,referral
emp_012324,2020-07-01,referral
emp_012325,2019-12-31,linkedin
emp_012326,2024-05-31,company_site
emp_012327,2024-07-01,university
emp_012328,2026-03-02,linkedin
emp_012329,2020-10-31,linkedin
emp_012330,2022-12-01,linkedin
emp_012331,2026-05-02,conference
emp_012332,2024-03-01,company_site
emp_012333,2023-10-31,linkedin
emp_012334,2024-01-31,company_site
emp_012335,2023-10-01,referral
emp_012336,2025-03-01,linkedin
emp_012337,2021-05-01,conference
emp_012338,2024-07-01,referral
emp_012339,2025-10-31,company_site
emp_012340,2022-10-31,company_site
emp_012341,2025-01-30,university
emp_012342,2024-09-30,referral
emp_012343,2022-12-01,referral
emp_012344,2026-01-30,referral
emp_012345,2025-11-30,recruiter
emp_012346,2021-09-30,referral
emp_012347,2021-05-01,university
emp_012348,2020-03-01,company_site
emp_012349,2023-07-02,boomerang
emp_012350,2023-10-31,recruiter
emp_012351,2024-07-31,recruiter
emp_012352,2020-07-01,linkedin
emp_012353,2023-10-01,linkedin
emp_012354,2024-12-31,recruiter
emp_012355,2022-03-02,linkedin
emp_012356,2023-03-02,referral
emp_012357,2024-05-01,linkedin
emp_012358,2025-08-31,recruiter
emp_012359,2025-12-31,linkedin
emp_012360,2021-10-31,linkedin
emp_012361,2024-08-31,recruiter
emp_012362,2022-08-01,recruiter
emp_012363,2021-12-31,referral
emp_012364,2015-08-31,recruiter
emp_012365,2021-06-01,boomerang
emp_012366,2022-12-01,recruiter
emp_012367,2025-05-01,company_site
emp_012368,2023-10-31,linkedin
emp_012369,2025-12-31,university
emp_012370,2023-04-01,company_site
emp_012371,2023-06-01,recruiter
emp_012372,2024-04-01,linkedin
emp_012373,2024-12-31,recruiter
emp_012374,2025-01-30,referral
emp_012375,2024-08-31,linkedin
emp_012376,2023-12-31,recruiter
emp_012377,2024-08-31,linkedin
emp_012378,2025-01-30,referral
emp_012379,2025-04-01,company_site
emp_012380,2024-10-31,recruiter
emp_012381,2026-06-01,linkedin
emp_012382,2025-08-31,referral
emp_012383,2023-10-31,university
emp_012384,2021-05-01,recruiter
emp_012385,2024-01-31,linkedin
emp_012386,2023-03-02,linkedin
emp_012387,2024-07-31,university
emp_012388,2022-04-01,referral
emp_012389,2025-08-31,recruiter
emp_012390,2017-01-30,company_site
emp_012391,2025-03-01,linkedin
emp_012392,2022-08-01,company_site
emp_012393,2025-04-01,recruiter
emp_012394,2023-12-31,linkedin
emp_012395,2024-12-31,linkedin
emp_012396,2021-07-01,referral
emp_012397,2023-10-31,conference
emp_012398,2025-03-01,conference
emp_012399,2025-10-01,linkedin
emp_012400,2023-03-02,referral
emp_012401,2022-06-01,company_site
emp_012402,2020-09-30,referral
emp_012403,2022-06-01,company_site
emp_012404,2023-10-01,referral
emp_012405,2025-10-31,university
emp_012406,2025-01-30,referral
emp_012407,2024-05-01,referral
emp_012408,2024-05-31,referral
emp_012409,2022-12-01,boomerang
emp_012410,2025-08-01,referral
emp_012411,2025-03-01,recruiter
emp_012412,2024-03-01,recruiter
emp_012413,2025-01-30,company_site
emp_012414,2021-08-31,recruiter
emp_012415,2024-08-31,company_site
emp_012416,2023-09-01,linkedin
emp_012417,2025-03-01,university
emp_012418,2022-12-31,recruiter
emp_012419,2018-07-01,linkedin
emp_012420,2023-10-31,recruiter
emp_012421,2025-07-01,company_site
emp_012422,2023-10-31,company_site
emp_012423,2023-01-30,referral
emp_012424,2024-10-31,recruiter
emp_012425,2023-07-02,recruiter
emp_012426,2023-12-31,recruiter
emp_012427,2023-03-02,recruiter
emp_012428,2024-05-01,company_site
emp_012429,2023-09-01,boomerang
emp_012430,2024-10-31,recruiter
emp_012431,2025-01-30,company_site
emp_012432,2023-03-02,company_site
emp_012433,2021-04-01,recruiter
emp_012434,2024-09-30,referral
emp_012435,2022-08-31,recruiter
emp_012436,2025-06-01,company_site
emp_012437,2025-11-30,company_site
emp_012438,2020-07-01,recruiter
emp_012439,2024-07-01,linkedin
emp_012440,2026-04-01,referral
emp_012441,2023-12-01,recruiter
emp_012442,2025-11-30,conference
emp_012443,2024-11-30,referral
emp_012444,2025-05-01,company_site
emp_012445,2023-12-01,recruiter
emp_012446,2025-08-31,recruiter
emp_012447,2020-07-31,company_site
emp_012448,2025-10-01,linkedin
emp_012449,2023-10-31,linkedin
emp_012450,2023-05-02,company_site
emp_012451,2024-10-31,referral
emp_012452,2023-08-01,company_site
emp_012453,2021-08-31,linkedin
emp_012454,2023-12-31,university
emp_012455,2023-10-31,referral
emp_012456,2025-05-01,linkedin
emp_012457,2024-07-31,recruiter
emp_012458,2025-06-01,recruiter
emp_012459,2024-05-31,recruiter
emp_012460,2023-12-31,boomerang
emp_012461,2020-05-01,company_site
emp_012462,2023-03-02,boomerang
emp_012463,2024-10-31,recruiter
emp_012464,2024-05-01,referral
emp_012465,2024-03-01,referral
emp_012466,2025-03-01,recruiter
emp_012467,2024-11-30,referral
emp_012468,2023-07-02,company_site
emp_012469,2025-01-30,university
emp_012470,2024-08-31,boomerang
emp_012471,2024-12-31,company_site
emp_012472,2025-06-01,linkedin
emp_012473,2023-12-01,university
emp_012474,2023-04-01,company_site
emp_012475,2024-08-31,linkedin
emp_012476,2022-03-02,company_site
emp_012477,2024-07-31,recruiter
emp_012478,2024-11-30,boomerang
emp_012479,2024-07-01,referral
emp_012480,2025-08-01,referral
emp_012481,2018-03-01,company_site
emp_012482,2024-01-31,recruiter
emp_012483,2022-03-02,recruiter
emp_012484,2024-04-01,recruiter
emp_012485,2025-11-30,company_site
emp_012486,2023-06-01,company_site
emp_012487,2024-01-31,referral
emp_012488,2025-05-01,referral
emp_012489,2025-07-01,referral
emp_012490,2025-11-30,linkedin
emp_012491,2024-12-31,referral
emp_012492,2026-04-01,recruiter
emp_012493,2023-07-02,conference
emp_012494,2024-12-31,university
emp_012495,2024-11-30,linkedin
emp_012496,2020-10-31,recruiter
emp_012497,2022-12-01,conference
emp_012498,2019-07-02,referral
emp_012499,2025-08-31,referral
emp_012500,2018-06-01,recruiter
emp_012501,2024-12-31,university
emp_012502,2017-08-31,linkedin
emp_012503,2019-10-31,referral
emp_012504,2024-03-01,linkedin
emp_012505,2025-05-01,referral
emp_012506,2021-03-01,recruiter
emp_012507,2024-11-30,referral
emp_012508,2024-10-31,company_site
emp_012509,2025-11-30,company_site
emp_012510,2024-04-01,recruiter
emp_012511,2023-09-01,linkedin
emp_012512,2025-07-01,company_site
emp_012513,2025-05-01,linkedin
emp_012514,2023-10-01,linkedin
emp_012515,2025-10-31,linkedin
emp_012516,2022-08-31,referral
emp_012517,2025-04-01,company_site
emp_012518,2024-09-30,recruiter
emp_012519,2023-12-01,referral
emp_012520,2017-07-31,university
emp_012521,2024-03-01,linkedin
emp_012522,2020-08-31,linkedin
emp_012523,2026-05-02,referral
emp_012524,2024-09-30,company_site
emp_012525,2025-08-31,linkedin
emp_012526,2022-12-01,university
emp_012527,2024-05-31,university
emp_012528,2024-04-01,referral
emp_012529,2018-03-01,referral
emp_012530,2021-12-31,conference
emp_012531,2023-05-02,referral
emp_012532,2023-05-02,linkedin
emp_012533,2025-06-01,linkedin
emp_012534,2023-05-02,recruiter
emp_012535,2022-12-31,referral
emp_012536,2025-03-01,referral
emp_012537,2023-10-01,referral
emp_012538,2018-08-01,linkedin
emp_012539,2023-10-01,referral
emp_012540,2025-06-01,conference
emp_012541,2023-07-02,company_site
emp_012542,2025-04-01,linkedin
emp_012543,2019-08-01,referral
emp_012544,2024-01-31,linkedin
emp_012545,2019-03-02,recruiter
emp_012546,2024-11-30,linkedin
emp_012547,2021-08-31,recruiter
emp_012548,2025-10-31,referral
emp_012549,2024-07-01,company_site
emp_012550,2025-06-01,company_site
emp_012551,2026-07-01,referral
emp_012552,2013-01-30,referral
emp_012553,2024-08-31,referral
emp_012554,2022-08-01,university
emp_012555,2023-12-31,linkedin
emp_012556,2023-05-02,linkedin
emp_012557,2024-07-31,referral
emp_012558,2025-04-01,referral
emp_012559,2024-12-31,referral
emp_012560,2025-07-01,referral
emp_012561,2023-07-02,referral
emp_012562,2025-11-30,referral
emp_012563,2023-03-02,referral
emp_012564,2022-10-31,referral
emp_012565,2023-10-01,referral
emp_012566,2019-08-01,university
emp_012567,2023-08-01,linkedin
emp_012568,2023-09-01,linkedin
emp_012569,2024-10-31,linkedin
emp_012570,2024-05-31,company_site
emp_012571,2025-10-01,university
emp_012572,2024-03-01,referral
emp_012573,2023-05-02,linkedin
emp_012574,2025-05-01,linkedin
emp_012575,2024-07-01,company_site
emp_012576,2023-06-01,boomerang
emp_012577,2024-09-30,recruiter
emp_012578,2024-09-30,referral
emp_012579,2022-04-01,recruiter
emp_012580,2024-04-01,company_site
emp_012581,2022-01-30,referral
emp_012582,2024-07-31,referral
emp_012583,2018-03-01,university
emp_012584,2023-12-31,company_site
emp_012585,2024-11-30,linkedin
emp_012586,2024-03-01,linkedin
emp_012587,2020-08-31,linkedin
emp_012588,2024-05-01,linkedin
emp_012589,2022-06-01,recruiter
emp_012590,2025-08-31,linkedin
emp_012591,2024-10-31,company_site
emp_012592,2026-07-01,referral
emp_012593,2023-09-01,linkedin
emp_012594,2023-01-30,boomerang
emp_012595,2022-08-31,referral
emp_012596,2019-10-31,referral
emp_012597,2023-10-01,boomerang
emp_012598,2026-05-02,company_site
emp_012599,2020-10-31,linkedin
emp_012600,2017-08-31,linkedin
emp_012601,2023-07-02,recruiter
emp_012602,2025-04-01,recruiter
emp_012603,2024-05-31,recruiter
emp_012604,2024-07-01,recruiter
emp_012605,2024-01-31,boomerang
emp_012606,2021-09-30,linkedin
emp_012607,2024-01-31,linkedin
emp_012608,2023-04-01,linkedin
emp_012609,2023-12-31,linkedin
emp_012610,2022-08-31,referral
emp_012611,2023-08-01,linkedin
emp_012612,2024-08-31,referral
emp_012613,2024-04-01,linkedin
emp_012614,2024-07-31,recruiter
emp_012615,2022-04-01,recruiter
emp_012616,2023-12-31,company_site
emp_012617,2018-12-31,linkedin
emp_012618,2023-08-01,referral
emp_012619,2021-09-30,referral
emp_012620,2021-10-31,referral
emp_012621,2023-10-31,linkedin
emp_012622,2024-11-30,university
emp_012623,2023-12-01,company_site
emp_012624,2025-03-01,linkedin
emp_012625,2025-03-01,company_site
emp_012626,2022-10-01,referral
emp_012627,2024-05-31,recruiter
emp_012628,2024-12-31,boomerang
emp_012629,2026-05-02,referral
emp_012630,2025-10-01,linkedin
emp_012631,2020-10-31,referral
emp_012632,2023-05-02,linkedin
emp_012633,2023-05-02,referral
emp_012634,2023-05-02,referral
emp_012635,2022-06-01,recruiter
emp_012636,2026-05-02,company_site
emp_012637,2021-05-01,recruiter
emp_012638,2023-12-01,recruiter
emp_012639,2024-07-31,referral
emp_012640,2024-05-01,company_site
emp_012641,2024-03-01,linkedin
emp_012642,2018-08-31,linkedin
emp_012643,2023-12-31,referral
emp_012644,2021-11-30,company_site
emp_012645,2025-07-01,company_site
emp_012646,2024-05-31,university
emp_012647,2024-11-30,recruiter
emp_012648,2025-04-01,recruiter
emp_012649,2025-03-01,referral
emp_012650,2023-04-01,linkedin
emp_012651,2024-10-31,company_site
emp_012652,2020-11-30,referral
emp_012653,2025-01-30,referral
emp_012654,2023-01-30,referral
emp_012655,2025-05-01,referral
emp_012656,2023-01-30,linkedin
emp_012657,2024-07-31,referral
emp_012658,2025-10-31,referral
emp_012659,2020-05-01,linkedin
emp_012660,2025-03-01,referral
emp_012661,2021-04-01,company_site
emp_012662,2022-08-01,referral
emp_012663,2026-07-01,linkedin
emp_012664,2023-12-31,recruiter
emp_012665,2026-01-30,company_site
emp_012666,2022-01-30,linkedin
emp_012667,2025-03-01,referral
emp_012668,2024-03-01,boomerang
emp_012669,2024-01-31,referral
emp_012670,2025-12-31,referral
emp_012671,2025-05-01,referral
emp_012672,2024-08-31,linkedin
emp_012673,2023-12-31,boomerang
emp_012674,2025-08-31,referral
emp_012675,2021-03-01,recruiter
emp_012676,2022-08-01,linkedin
emp_012677,2020-07-01,linkedin
emp_012678,2022-08-01,recruiter
emp_012679,2023-10-01,linkedin
emp_012680,2025-10-01,university
emp_012681,2023-09-01,university
emp_012682,2023-03-02,recruiter
emp_012683,2018-03-01,conference
emp_012684,2026-06-01,referral
emp_012685,2022-10-01,recruiter
emp_012686,2020-11-30,university
emp_012687,2025-03-01,referral
emp_012688,2023-12-31,linkedin
emp_012689,2021-11-30,linkedin
emp_012690,2023-12-31,university
emp_012691,2023-10-01,linkedin
emp_012692,2024-04-01,recruiter
emp_012693,2019-08-31,boomerang
emp_012694,2024-05-31,university
emp_012695,2025-05-01,university
emp_012696,2025-01-30,referral
emp_012697,2023-12-31,linkedin
emp_012698,2024-10-31,referral
emp_012699,2020-05-01,referral
emp_012700,2019-12-01,recruiter
emp_012701,2022-10-31,referral
emp_012702,2023-09-01,referral
emp_012703,2025-05-01,linkedin
emp_012704,2024-11-30,linkedin
emp_012705,2022-03-02,referral
emp_012706,2024-07-31,company_site
emp_012707,2020-10-31,linkedin
emp_012708,2023-12-31,referral
emp_012709,2023-10-31,referral
emp_012710,2022-08-01,linkedin
emp_012711,2025-01-30,linkedin
emp_012712,2023-05-02,university
emp_012713,2022-07-01,recruiter
emp_012714,2021-03-01,referral
emp_012715,2026-03-02,university
emp_012716,2024-04-01,referral
emp_012717,2023-12-31,company_site
emp_012718,2023-07-02,linkedin
emp_012719,2023-04-01,recruiter
emp_012720,2024-09-30,university
emp_012721,2024-08-31,referral
emp_012722,2021-09-30,referral
emp_012723,2026-01-30,company_site
emp_012724,2024-05-01,referral
emp_012725,2024-08-31,referral
emp_012726,2020-07-31,university
emp_012727,2024-03-01,conference
emp_012728,2025-03-01,company_site
emp_012729,2024-05-31,linkedin
emp_012730,2022-06-01,referral
emp_012731,2024-12-31,university
emp_012732,2025-08-31,recruiter
emp_012733,2024-11-30,recruiter
emp_012734,2024-10-31,boomerang
emp_012735,2025-04-01,referral
emp_012736,2019-10-31,linkedin
emp_012737,2024-08-31,linkedin
emp_012738,2022-10-01,recruiter
emp_012739,2023-05-02,referral
emp_012740,2022-06-01,referral
emp_012741,2023-10-31,recruiter
emp_012742,2025-01-30,boomerang
emp_012743,2023-12-01,linkedin
emp_012744,2022-05-01,referral
emp_012745,2023-01-30,referral
emp_012746,2024-10-31,recruiter
emp_012747,2024-08-31,referral
emp_012748,2025-08-31,linkedin
emp_012749,2012-10-30,company_site
emp_012750,2020-05-31,linkedin
emp_012751,2024-07-31,referral
emp_012752,2025-10-31,referral
emp_012753,2025-04-01,linkedin
emp_012754,2025-10-31,linkedin
emp_012755,2022-01-30,university
emp_012756,2023-09-01,referral
emp_012757,2019-07-02,referral
emp_012758,2024-05-01,recruiter
emp_012759,2025-04-01,referral
emp_012760,2023-08-01,recruiter
emp_012761,2025-07-01,linkedin
emp_012762,2024-01-31,company_site
emp_012763,2024-03-01,linkedin
emp_012764,2023-03-02,linkedin
emp_012765,2025-10-01,company_site
emp_012766,2025-08-31,referral
emp_012767,2019-12-31,referral
emp_012768,2023-06-01,university
emp_012769,2021-09-30,linkedin
emp_012770,2023-06-01,recruiter
emp_012771,2024-10-31,recruiter
emp_012772,2020-10-31,referral
emp_012773,2020-11-30,company_site
emp_012774,2016-08-31,university
emp_012775,2026-04-01,company_site
emp_012776,2018-03-01,referral
emp_012777,2023-12-01,recruiter
emp_012778,2019-10-01,recruiter
emp_012779,2023-12-01,company_site
emp_012780,2024-05-31,linkedin
emp_012781,2023-09-01,linkedin
emp_012782,2025-10-01,referral
emp_012783,2025-04-01,university
emp_012784,2025-11-30,university
emp_012785,2025-04-01,linkedin
emp_012786,2026-03-02,conference
emp_012787,2020-07-31,referral
emp_012788,2023-09-01,linkedin
emp_012789,2024-11-30,university
emp_012790,2023-12-01,university
emp_012791,2025-10-31,university
emp_012792,2024-03-01,referral
emp_012793,2023-01-30,linkedin
emp_012794,2023-05-02,linkedin
emp_012795,2020-10-31,referral
emp_012796,2024-11-30,referral
emp_012797,2022-08-01,recruiter
emp_012798,2023-01-30,conference
emp_012799,2023-03-02,referral
emp_012800,2025-04-01,linkedin
emp_012801,2024-10-31,recruiter
emp_012802,2023-08-01,recruiter
emp_012803,2023-03-02,referral
emp_012804,2022-03-02,recruiter
emp_012805,2023-12-31,referral
emp_012806,2025-10-31,referral
emp_012807,2021-07-01,recruiter
emp_012808,2023-04-01,recruiter
emp_012809,2025-11-30,referral
emp_012810,2023-12-31,recruiter
emp_012811,2022-10-31,referral
emp_012812,2022-10-31,company_site
emp_012813,2025-03-01,company_site
emp_012814,2024-07-01,linkedin
emp_012815,2024-05-01,referral
emp_012816,2025-06-01,referral
emp_012817,2025-05-01,boomerang
emp_012818,2023-12-31,company_site
emp_012819,2025-05-01,recruiter
emp_012820,2023-06-01,university
emp_012821,2022-08-31,linkedin
emp_012822,2022-07-01,linkedin
emp_012823,2022-06-01,linkedin
emp_012824,2021-01-30,recruiter
emp_012825,2024-10-31,boomerang
emp_012826,2021-05-01,linkedin
emp_012827,2018-03-01,recruiter
emp_012828,2022-10-31,linkedin
emp_012829,2022-12-31,linkedin
emp_012830,2022-08-31,linkedin
emp_012831,2020-07-31,referral
emp_012832,2023-12-01,company_site
emp_012833,2024-08-31,linkedin
emp_012834,2024-03-01,referral
emp_012835,2023-08-01,recruiter
emp_012836,2024-04-01,referral
emp_012837,2022-05-01,company_site
emp_012838,2017-11-30,company_site
emp_012839,2020-09-30,linkedin
emp_012840,2024-03-01,boomerang
emp_012841,2024-12-31,recruiter
emp_012842,2025-08-01,university
emp_012843,2024-11-30,linkedin
emp_012844,2021-12-31,referral
emp_012845,2024-05-31,referral
emp_012846,2019-07-02,company_site
emp_012847,2024-07-01,linkedin
emp_012848,2024-12-31,referral
emp_012849,2025-01-30,university
emp_012850,2024-09-30,referral
emp_012851,2022-04-01,linkedin
emp_012852,2024-10-31,recruiter
emp_012853,2020-09-30,conference
emp_012854,2026-01-30,referral
emp_012855,2023-10-31,referral
emp_012856,2022-04-01,company_site
emp_012857,2021-08-31,referral
emp_012858,2018-01-30,referral
emp_012859,2022-10-31,company_site
emp_012860,2024-05-01,university
emp_012861,2023-04-01,referral
emp_012862,2022-03-02,company_site
emp_012863,2024-01-31,university
emp_012864,2023-08-01,linkedin
emp_012865,2024-10-31,linkedin
emp_012866,2023-10-01,referral
emp_012867,2019-01-30,linkedin
emp_012868,2019-08-31,referral
emp_012869,2024-10-31,conference
emp_012870,2024-10-31,recruiter
emp_012871,2022-08-01,company_site
emp_012872,2023-04-01,referral
emp_012873,2023-08-01,referral
emp_012874,2024-11-30,conference
emp_012875,2024-08-31,referral
emp_012876,2023-07-02,recruiter
emp_012877,2025-08-31,referral
emp_012878,2023-08-01,company_site
emp_012879,2024-11-30,referral
emp_012880,2025-08-31,linkedin
emp_012881,2017-09-30,referral
emp_012882,2022-10-01,company_site
emp_012883,2023-04-01,boomerang
emp_012884,2017-08-31,company_site
emp_012885,2023-09-01,referral
emp_012886,2023-10-31,company_site
emp_012887,2024-09-30,referral
emp_012888,2025-03-01,linkedin
emp_012889,2023-08-01,linkedin
emp_012890,2021-08-01,recruiter
emp_012891,2022-10-01,company_site
emp_012892,2024-07-01,university
emp_012893,2025-05-01,referral
emp_012894,2025-10-31,conference
emp_012895,2023-07-02,referral
emp_012896,2022-03-02,linkedin
emp_012897,2020-12-30,referral
emp_012898,2022-07-01,referral
emp_012899,2024-11-30,referral
emp_012900,2023-08-01,university
emp_012901,2025-10-31,referral
emp_012902,2024-01-31,company_site
emp_012903,2016-01-30,referral
emp_012904,2021-08-01,referral
emp_012905,2024-04-01,recruiter
emp_012906,2023-04-01,linkedin
emp_012907,2025-04-01,linkedin
emp_012908,2024-04-01,referral
emp_012909,2022-04-01,referral
emp_012910,2021-05-01,referral
emp_012911,2023-06-01,company_site
emp_012912,2024-01-31,linkedin
emp_012913,2024-07-01,referral
emp_012914,2025-01-30,referral
emp_012915,2026-06-01,recruiter
emp_012916,2022-12-01,linkedin
emp_012917,2022-08-01,recruiter
emp_012918,2024-10-31,recruiter
emp_012919,2023-05-02,recruiter
emp_012920,2024-09-30,recruiter
emp_012921,2021-12-31,linkedin
emp_012922,2024-01-31,company_site
emp_012923,2025-10-01,referral
emp_012924,2023-12-31,linkedin
emp_012925,2021-04-01,referral
emp_012926,2024-11-30,company_site
emp_012927,2021-12-31,university
emp_012928,2022-04-01,linkedin
emp_012929,2025-11-30,referral
emp_012930,2024-10-31,linkedin
emp_012931,2024-05-01,linkedin
emp_012932,2018-08-01,linkedin
emp_012933,2026-04-01,linkedin
emp_012934,2025-08-01,linkedin
emp_012935,2024-03-01,referral
emp_012936,2026-05-02,referral
emp_012937,2024-03-01,company_site
emp_012938,2024-05-01,linkedin
emp_012939,2025-03-01,referral
emp_012940,2025-06-01,linkedin
emp_012941,2025-01-30,recruiter
emp_012942,2024-05-01,referral
emp_012943,2023-04-01,recruiter
emp_012944,2023-09-01,company_site
emp_012945,2023-10-31,recruiter
emp_012946,2024-10-31,linkedin
emp_012947,2026-01-30,linkedin
emp_012948,2025-01-30,boomerang
emp_012949,2020-01-31,linkedin
emp_012950,2024-04-01,conference
emp_012951,2025-11-30,referral
emp_012952,2023-09-01,referral
emp_012953,2016-11-30,university
emp_012954,2024-03-01,conference
emp_012955,2023-01-30,referral
emp_012956,2024-07-31,referral
emp_012957,2025-05-01,referral
emp_012958,2022-03-02,recruiter
emp_012959,2022-12-01,referral
emp_012960,2024-01-31,conference
emp_012961,2025-08-31,referral
emp_012962,2025-04-01,referral
emp_012963,2021-08-31,recruiter
emp_012964,2025-01-30,company_site
emp_012965,2022-12-01,referral
emp_012966,2024-01-31,recruiter
emp_012967,2025-04-01,company_site
emp_012968,2023-10-31,recruiter
emp_012969,2023-04-01,recruiter
emp_012970,2024-09-30,linkedin
emp_012971,2023-10-31,referral
emp_012972,2022-10-31,linkedin
emp_012973,2023-01-30,university
emp_012974,2020-03-01,referral
emp_012975,2024-08-31,conference
emp_012976,2024-01-31,recruiter
emp_012977,2025-07-01,company_site
emp_012978,2024-05-01,linkedin
emp_012979,2023-03-02,linkedin
emp_012980,2024-01-31,company_site
emp_012981,2023-03-02,university
emp_012982,2021-11-30,university
emp_012983,2024-12-31,recruiter
emp_012984,2023-10-01,recruiter
emp_012985,2026-03-02,linkedin
emp_012986,2024-11-30,recruiter
emp_012987,2023-08-01,referral
emp_012988,2025-07-01,linkedin
emp_012989,2024-05-31,linkedin
emp_012990,2024-07-31,referral
emp_012991,2018-10-01,referral
emp_012992,2024-11-30,referral
emp_012993,2023-09-01,linkedin
emp_012994,2024-04-01,university
emp_012995,2023-06-01,recruiter
emp_012996,2024-11-30,recruiter
emp_012997,2025-10-01,linkedin
emp_012998,2023-05-02,conference
emp_012999,2025-08-01,company_site
emp_013000,2024-10-31,referral
emp_013001,2024-05-01,referral
emp_013002,2025-06-01,linkedin
emp_013003,2024-05-01,linkedin
emp_013004,2024-12-31,linkedin
emp_013005,2018-01-30,company_site
emp_013006,2019-12-31,referral
emp_013007,2022-05-01,linkedin
emp_013008,2022-10-01,linkedin
emp_013009,2023-10-01,linkedin
emp_013010,2023-04-01,referral
emp_013011,2026-03-02,linkedin
emp_013012,2025-01-30,recruiter
emp_013013,2020-11-30,referral
emp_013014,2023-05-02,company_site
emp_013015,2025-10-31,referral
emp_013016,2022-10-01,company_site
emp_013017,2025-04-01,linkedin
emp_013018,2023-12-01,university
emp_013019,2018-11-30,referral
emp_013020,2021-11-30,linkedin
emp_013021,2025-10-31,recruiter
emp_013022,2017-04-01,recruiter
emp_013023,2026-01-30,recruiter
emp_013024,2019-08-01,linkedin
emp_013025,2025-08-01,recruiter
emp_013026,2025-11-30,referral
emp_013027,2025-07-01,company_site
emp_013028,2025-03-01,referral
emp_013029,2024-01-31,referral
emp_013030,2023-10-01,linkedin
emp_013031,2025-03-01,company_site
emp_013032,2021-12-31,company_site
emp_013033,2023-10-01,referral
emp_013034,2026-07-01,boomerang
emp_013035,2026-01-30,linkedin
emp_013036,2024-11-30,boomerang
emp_013037,2012-07-01,recruiter
emp_013038,2025-12-31,recruiter
emp_013039,2022-12-31,company_site
emp_013040,2022-07-01,recruiter
emp_013041,2023-10-01,recruiter
emp_013042,2025-08-31,conference
emp_013043,2024-08-31,referral
emp_013044,2024-09-30,conference
emp_013045,2026-01-30,recruiter
emp_013046,2021-08-31,university
emp_013047,2024-11-30,referral
emp_013048,2022-08-31,company_site
emp_013049,2025-04-01,referral
emp_013050,2022-08-31,recruiter
emp_013051,2024-07-31,referral
emp_013052,2024-12-31,referral
emp_013053,2025-05-01,referral
emp_013054,2026-06-01,recruiter
emp_013055,2024-09-30,referral
emp_013056,2024-07-01,boomerang
emp_013057,2024-08-31,company_site
emp_013058,2025-03-01,conference
emp_013059,2025-07-01,linkedin
emp_013060,2023-07-02,linkedin
emp_013061,2017-12-31,recruiter
emp_013062,2022-10-01,company_site
emp_013063,2023-03-02,linkedin
emp_013064,2025-07-01,boomerang
emp_013065,2022-10-31,referral
emp_013066,2025-06-01,linkedin
emp_013067,2019-04-01,referral
emp_013068,2024-11-30,company_site
emp_013069,2025-10-31,linkedin
emp_013070,2025-11-30,referral
emp_013071,2025-01-30,referral
emp_013072,2021-06-01,recruiter
emp_013073,2023-01-30,recruiter
emp_013074,2024-07-01,company_site
emp_013075,2023-10-31,recruiter
emp_013076,2023-06-01,referral
emp_013077,2023-12-31,recruiter
emp_013078,2024-07-31,linkedin
emp_013079,2024-05-01,university
emp_013080,2025-01-30,linkedin
emp_013081,2024-08-31,recruiter
emp_013082,2025-06-01,linkedin
emp_013083,2023-01-30,referral
emp_013084,2024-05-31,university
emp_013085,2022-01-30,referral
emp_013086,2024-07-31,university
emp_013087,2024-12-31,referral
emp_013088,2024-11-30,referral
emp_013089,2023-08-01,referral
emp_013090,2023-05-02,recruiter
emp_013091,2025-08-31,recruiter
emp_013092,2023-07-02,company_site
emp_013093,2019-07-02,recruiter
emp_013094,2024-12-31,linkedin
emp_013095,2023-09-01,referral
emp_013096,2023-12-01,conference
emp_013097,2020-12-30,referral
emp_013098,2022-07-01,company_site
emp_013099,2023-12-01,company_site
emp_013100,2022-01-30,linkedin
emp_013101,2024-07-31,recruiter
emp_013102,2024-07-01,recruiter
emp_013103,2025-08-01,recruiter
emp_013104,2025-11-30,referral
emp_013105,2024-11-30,referral
emp_013106,2024-10-31,recruiter
emp_013107,2025-05-01,linkedin
emp_013108,2022-08-01,referral
emp_013109,2024-01-31,referral
emp_013110,2025-12-31,linkedin
emp_013111,2023-10-01,referral
emp_013112,2024-05-01,recruiter
emp_013113,2025-05-01,university
emp_013114,2025-08-31,recruiter
emp_013115,2020-07-31,recruiter
emp_013116,2022-01-30,referral
emp_013117,2018-10-01,company_site
emp_013118,2020-07-31,conference
emp_013119,2024-12-31,linkedin
emp_013120,2025-08-31,linkedin
emp_013121,2025-01-30,referral
emp_013122,2024-05-01,recruiter
emp_013123,2021-01-30,company_site
emp_013124,2023-07-02,university
emp_013125,2024-12-31,recruiter
emp_013126,2019-12-31,linkedin
emp_013127,2024-05-31,recruiter
emp_013128,2023-12-31,company_site
emp_013129,2016-08-31,conference
emp_013130,2021-06-01,linkedin
emp_013131,2024-10-31,boomerang
emp_013132,2023-01-30,linkedin
emp_013133,2023-12-31,conference
emp_013134,2023-05-02,referral
emp_013135,2024-05-01,conference
emp_013136,2024-07-31,company_site
emp_013137,2024-07-31,recruiter
emp_013138,2026-01-30,recruiter
emp_013139,2023-07-02,recruiter
emp_013140,2023-06-01,referral
emp_013141,2024-07-31,referral
emp_013142,2020-03-01,referral
emp_013143,2022-12-31,recruiter
emp_013144,2025-06-01,recruiter
emp_013145,2022-07-01,referral
emp_013146,2024-01-31,conference
emp_013147,2024-09-30,linkedin
emp_013148,2022-01-30,referral
emp_013149,2024-07-01,recruiter
emp_013150,2021-04-01,recruiter
emp_013151,2025-07-01,referral
emp_013152,2023-12-31,referral
emp_013153,2025-08-01,company_site
emp_013154,2022-05-01,referral
emp_013155,2023-04-01,referral
emp_013156,2024-05-01,referral
emp_013157,2020-09-30,recruiter
emp_013158,2020-03-01,company_site
emp_013159,2025-06-01,recruiter
emp_013160,2023-10-31,recruiter
emp_013161,2023-12-01,company_site
emp_013162,2024-12-31,linkedin
emp_013163,2024-12-31,referral
emp_013164,2025-11-30,company_site
emp_013165,2020-12-30,linkedin
emp_013166,2025-08-31,company_site
emp_013167,2025-12-31,company_site
emp_013168,2024-05-01,linkedin
emp_013169,2025-12-31,referral
emp_013170,2021-08-31,company_site
emp_013171,2024-10-31,linkedin
emp_013172,2023-08-01,referral
emp_013173,2024-09-30,referral
emp_013174,2025-08-01,recruiter
emp_013175,2024-10-31,referral
emp_013176,2022-08-31,recruiter
emp_013177,2023-10-01,referral
emp_013178,2023-10-31,recruiter
emp_013179,2023-04-01,recruiter
emp_013180,2023-12-01,linkedin
emp_013181,2022-12-31,referral
emp_013182,2024-10-31,recruiter
emp_013183,2025-05-01,recruiter
emp_013184,2026-05-02,university
emp_013185,2025-10-01,recruiter
emp_013186,2025-03-01,recruiter
emp_013187,2025-03-01,recruiter
emp_013188,2022-12-01,company_site
emp_013189,2020-12-30,recruiter
emp_013190,2018-07-01,referral
emp_013191,2022-12-31,university
emp_013192,2026-01-30,recruiter
emp_013193,2025-06-01,linkedin
emp_013194,2024-01-31,university
emp_013195,2024-04-01,referral
emp_013196,2024-05-31,linkedin
emp_013197,2025-11-30,referral
emp_013198,2025-01-30,university
emp_013199,2025-01-30,university
emp_013200,2022-05-01,linkedin
emp_013201,2025-08-01,referral
emp_013202,2021-01-30,linkedin
emp_013203,2020-08-31,linkedin
emp_013204,2024-09-30,referral
emp_013205,2025-03-01,linkedin
emp_013206,2021-03-01,recruiter
emp_013207,2024-07-01,referral
emp_013208,2021-01-30,university
emp_013209,2019-07-02,referral
emp_013210,2023-12-31,linkedin
emp_013211,2023-12-01,referral
emp_013212,2025-05-01,company_site
emp_013213,2020-12-30,recruiter
emp_013214,2025-04-01,recruiter
emp_013215,2020-10-31,linkedin
emp_013216,2024-11-30,recruiter
emp_013217,2023-10-01,university
emp_013218,2025-10-01,company_site
emp_013219,2024-12-31,recruiter
emp_013220,2025-10-31,linkedin
emp_013221,2024-01-31,referral
emp_013222,2026-07-01,linkedin
emp_013223,2025-07-01,referral
emp_013224,2023-09-01,referral
emp_013225,2023-01-30,referral
emp_013226,2023-12-01,recruiter
emp_013227,2023-05-02,referral
emp_013228,2025-03-01,referral
emp_013229,2026-07-01,linkedin
emp_013230,2024-07-01,company_site
emp_013231,2019-07-02,linkedin
emp_013232,2025-01-30,referral
emp_013233,2025-08-01,referral
emp_013234,2025-04-01,recruiter
emp_013235,2026-01-30,boomerang
emp_013236,2024-05-31,recruiter
emp_013237,2024-07-01,boomerang
emp_013238,2022-10-31,university
emp_013239,2022-04-01,recruiter
emp_013240,2023-05-02,referral
emp_013241,2026-05-02,linkedin
emp_013242,2020-03-31,company_site
emp_013243,2021-07-01,referral
emp_013244,2019-10-31,boomerang
emp_013245,2025-10-31,recruiter
emp_013246,2021-12-31,linkedin
emp_013247,2016-09-30,referral
emp_013248,2025-12-31,recruiter
emp_013249,2021-11-30,recruiter
emp_013250,2025-03-01,company_site
emp_013251,2021-01-30,company_site
emp_013252,2024-01-31,linkedin
emp_013253,2024-10-31,company_site
emp_013254,2023-12-31,linkedin
emp_013255,2024-10-31,recruiter
emp_013256,2023-10-31,linkedin
emp_013257,2022-12-01,conference
emp_013258,2019-07-02,linkedin
emp_013259,2024-12-31,company_site
emp_013260,2021-08-01,conference
emp_013261,2021-08-01,referral
emp_013262,2016-12-30,company_site
emp_013263,2023-06-01,conference
emp_013264,2024-08-31,referral
emp_013265,2025-10-31,linkedin
emp_013266,2021-08-01,referral
emp_013267,2023-12-01,referral
emp_013268,2024-12-31,university
emp_013269,2025-01-30,recruiter
emp_013270,2024-04-01,referral
emp_013271,2023-12-01,recruiter
emp_013272,2021-06-01,referral
emp_013273,2025-11-30,linkedin
emp_013274,2025-06-01,recruiter
emp_013275,2023-07-02,recruiter
emp_013276,2025-01-30,university
emp_013277,2024-04-01,referral
emp_013278,2023-06-01,referral
emp_013279,2023-03-02,referral
emp_013280,2025-05-01,university
emp_013281,2025-03-01,company_site
emp_013282,2018-06-01,referral
emp_013283,2017-07-01,recruiter
emp_013284,2022-12-01,linkedin
emp_013285,2025-06-01,referral
emp_013286,2024-05-01,recruiter
emp_013287,2025-01-30,linkedin
emp_013288,2024-03-01,recruiter
emp_013289,2022-07-01,company_site
emp_013290,2019-07-02,referral
emp_013291,2025-04-01,referral
emp_013292,2025-06-01,linkedin
emp_013293,2024-03-01,linkedin
emp_013294,2024-03-01,recruiter
emp_013295,2025-03-01,conference
emp_013296,2025-08-31,linkedin
emp_013297,2020-05-31,linkedin
emp_013298,2024-08-31,linkedin
emp_013299,2024-05-01,recruiter
emp_013300,2025-10-01,company_site
emp_013301,2023-05-02,linkedin
emp_013302,2024-07-01,referral
emp_013303,2023-06-01,recruiter
emp_013304,2022-01-30,company_site
emp_013305,2013-11-30,referral
emp_013306,2025-04-01,linkedin
emp_013307,2025-06-01,linkedin
emp_013308,2023-03-02,recruiter
emp_013309,2026-05-02,company_site
emp_013310,2026-07-01,linkedin
emp_013311,2023-07-02,referral
emp_013312,2023-04-01,linkedin
emp_013313,2025-10-31,referral
emp_013314,2024-05-01,company_site
emp_013315,2024-05-31,conference
emp_013316,2023-01-30,referral
emp_013317,2025-08-01,linkedin
emp_013318,2023-04-01,boomerang
emp_013319,2021-01-30,company_site
emp_013320,2023-01-30,recruiter
emp_013321,2024-07-31,recruiter
emp_013322,2025-08-31,company_site
emp_013323,2025-11-30,linkedin
emp_013324,2019-07-02,linkedin
emp_013325,2025-08-31,referral
emp_013326,2023-12-01,linkedin
emp_013327,2024-04-01,company_site
emp_013328,2024-07-01,recruiter
emp_013329,2024-07-31,recruiter
emp_013330,2025-11-30,referral
emp_013331,2020-10-31,linkedin
emp_013332,2025-01-30,referral
emp_013333,2024-07-31,university
emp_013334,2015-08-01,boomerang
emp_013335,2023-01-30,referral
emp_013336,2021-03-01,university
emp_013337,2023-10-31,conference
emp_013338,2022-06-01,linkedin
emp_013339,2017-07-01,university
emp_013340,2024-05-31,referral
emp_013341,2024-12-31,referral
emp_013342,2022-08-01,recruiter
emp_013343,2023-12-01,linkedin
emp_013344,2025-04-01,recruiter
emp_013345,2023-10-01,company_site
emp_013346,2022-08-01,linkedin
emp_013347,2025-10-01,linkedin
emp_013348,2023-10-31,linkedin
emp_013349,2022-12-01,recruiter
emp_013350,2023-12-31,referral
emp_013351,2024-05-31,linkedin
emp_013352,2023-12-01,recruiter
emp_013353,2022-07-01,referral
emp_013354,2023-08-01,recruiter
emp_013355,2023-10-31,referral
emp_013356,2023-10-01,recruiter
emp_013357,2024-07-31,linkedin
emp_013358,2026-03-02,company_site
emp_013359,2023-12-01,recruiter
emp_013360,2026-03-02,recruiter
emp_013361,2022-08-31,referral
emp_013362,2025-04-01,referral
emp_013363,2024-09-30,referral
emp_013364,2022-12-31,recruiter
emp_013365,2026-03-02,boomerang
emp_013366,2023-04-01,referral
emp_013367,2023-03-02,referral
emp_013368,2022-08-31,linkedin
emp_013369,2024-04-01,company_site
emp_013370,2025-10-31,company_site
emp_013371,2025-07-01,recruiter
emp_013372,2015-10-01,linkedin
emp_013373,2024-12-31,university
emp_013374,2024-10-31,company_site
emp_013375,2024-04-01,referral
emp_013376,2024-12-31,company_site
emp_013377,2024-05-31,university
emp_013378,2024-11-30,company_site
emp_013379,2022-06-01,linkedin
emp_013380,2024-07-01,referral
emp_013381,2021-08-01,company_site
emp_013382,2024-04-01,referral
emp_013383,2023-10-01,linkedin
emp_013384,2024-07-31,linkedin
emp_013385,2021-08-01,referral
emp_013386,2025-03-01,referral
emp_013387,2025-04-01,linkedin
emp_013388,2024-09-30,recruiter
emp_013389,2025-10-01,university
emp_013390,2023-08-01,referral
emp_013391,2024-05-01,recruiter
emp_013392,2020-01-31,linkedin
emp_013393,2023-06-01,linkedin
emp_013394,2025-05-01,referral
emp_013395,2023-07-02,boomerang
emp_013396,2021-06-01,university
emp_013397,2024-09-30,university
emp_013398,2020-10-31,referral
emp_013399,2024-03-01,referral
emp_013400,2025-07-01,referral
emp_013401,2024-05-01,referral
emp_013402,2021-08-01,linkedin
emp_013403,2023-08-01,linkedin
emp_013404,2020-03-01,referral
emp_013405,2023-01-30,linkedin
emp_013406,2024-05-31,recruiter
emp_013407,2024-10-31,linkedin
emp_013408,2022-01-30,linkedin
emp_013409,2025-08-31,linkedin
emp_013410,2022-08-31,linkedin
emp_013411,2023-10-01,referral
emp_013412,2024-01-31,company_site
emp_013413,2024-10-31,referral
emp_013414,2023-08-01,linkedin
emp_013415,2024-12-31,company_site
emp_013416,2025-12-31,referral
emp_013417,2024-10-31,linkedin
emp_013418,2023-10-31,recruiter
emp_013419,2024-05-31,company_site
emp_013420,2023-09-01,conference
emp_013421,2026-01-30,recruiter
emp_013422,2024-10-31,company_site
emp_013423,2025-10-31,recruiter
emp_013424,2024-03-01,recruiter
emp_013425,2021-09-30,recruiter
emp_013426,2024-10-31,university
emp_013427,2023-10-01,boomerang
emp_013428,2024-12-31,referral
emp_013429,2025-08-01,recruiter
emp_013430,2023-03-02,conference
emp_013431,2024-10-31,recruiter
emp_013432,2022-05-01,linkedin
emp_013433,2020-01-31,linkedin
emp_013434,2025-07-01,recruiter
emp_013435,2018-01-30,company_site
emp_013436,2023-08-01,company_site
emp_013437,2023-10-01,linkedin
emp_013438,2025-01-30,referral
emp_013439,2020-09-30,linkedin
emp_013440,2025-01-30,company_site
emp_013441,2025-05-01,linkedin
emp_013442,2023-10-31,recruiter
emp_013443,2022-04-01,linkedin
emp_013444,2024-07-01,linkedin
emp_013445,2026-01-30,referral
emp_013446,2024-07-31,referral
emp_013447,2024-08-31,company_site
emp_013448,2022-03-02,linkedin
emp_013449,2025-03-01,university
emp_013450,2021-08-31,recruiter
emp_013451,2024-07-01,linkedin
emp_013452,2024-08-31,recruiter
emp_013453,2021-09-30,linkedin
emp_013454,2020-09-30,university
emp_013455,2017-05-01,referral
emp_013456,2024-12-31,company_site
emp_013457,2023-10-01,company_site
emp_013458,2024-07-01,recruiter
emp_013459,2023-10-01,referral
emp_013460,2019-12-31,recruiter
emp_013461,2024-03-01,referral
emp_013462,2024-11-30,linkedin
emp_013463,2019-10-31,company_site
emp_013464,2024-10-31,linkedin
emp_013465,2023-04-01,recruiter
emp_013466,2024-10-31,referral
emp_013467,2025-04-01,university
emp_013468,2020-11-30,conference
emp_013469,2020-03-31,linkedin
emp_013470,2023-03-02,linkedin
emp_013471,2024-01-31,referral
emp_013472,2022-07-01,university
emp_013473,2023-04-01,referral
emp_013474,2025-08-31,company_site
emp_013475,2025-12-31,recruiter
emp_013476,2023-12-31,company_site
emp_013477,2025-08-31,recruiter
emp_013478,2022-03-02,recruiter
emp_013479,2022-06-01,company_site
emp_013480,2022-10-31,linkedin
emp_013481,2022-12-31,company_site
emp_013482,2024-05-31,company_site
emp_013483,2023-12-31,referral
emp_013484,2025-08-01,company_site
emp_013485,2024-07-01,linkedin
emp_013486,2023-05-02,recruiter
emp_013487,2023-05-02,linkedin
emp_013488,2025-01-30,company_site
emp_013489,2018-10-01,university
emp_013490,2024-03-01,linkedin
emp_013491,2022-12-01,referral
emp_013492,2025-12-31,linkedin
emp_013493,2025-05-01,recruiter
emp_013494,2022-07-01,company_site
emp_013495,2022-12-31,linkedin
emp_013496,2008-06-30,linkedin
emp_013497,2023-01-30,referral
emp_013498,2023-07-02,recruiter
emp_013499,2024-03-01,conference
emp_013500,2026-03-02,conference
emp_013501,2021-09-30,company_site
emp_013502,2023-07-02,referral
emp_013503,2025-05-01,boomerang
emp_013504,2022-08-31,recruiter
emp_013505,2023-01-30,conference
emp_013506,2018-08-31,conference
emp_013507,2023-10-31,conference
emp_013508,2023-12-01,conference
emp_013509,2020-11-30,company_site
emp_013510,2024-10-31,referral
emp_013511,2025-06-01,recruiter
emp_013512,2022-10-01,recruiter
emp_013513,2022-12-01,referral
emp_013514,2023-03-02,referral
emp_013515,2025-03-01,recruiter
emp_013516,2023-01-30,referral
emp_013517,2024-09-30,referral
emp_013518,2023-07-02,referral
emp_013519,2022-10-01,university
emp_013520,2022-08-31,linkedin
emp_013521,2023-08-01,linkedin
emp_013522,2025-03-01,company_site
emp_013523,2025-08-01,linkedin
emp_013524,2023-08-01,linkedin
emp_013525,2025-01-30,company_site
emp_013526,2024-12-31,linkedin
emp_013527,2022-03-02,linkedin
emp_013528,2024-10-31,linkedin
emp_013529,2023-08-01,referral
emp_013530,2020-01-31,referral
emp_013531,2023-06-01,linkedin
emp_013532,2026-05-02,recruiter
emp_013533,2026-03-02,linkedin
emp_013534,2023-01-30,referral
emp_013535,2017-07-01,boomerang
emp_013536,2023-09-01,linkedin
emp_013537,2024-12-31,referral
emp_013538,2024-05-01,recruiter
emp_013539,2022-07-01,referral
emp_013540,2025-03-01,recruiter
emp_013541,2025-08-01,referral
emp_013542,2023-04-01,company_site
emp_013543,2021-09-30,university
emp_013544,2024-09-30,company_site
emp_013545,2024-08-31,university
emp_013546,2023-08-01,university
emp_013547,2024-07-31,conference
emp_013548,2024-04-01,conference
emp_013549,2024-10-31,referral
emp_013550,2024-04-01,referral
emp_013551,2019-05-02,referral
emp_013552,2024-08-31,conference
emp_013553,2023-10-01,recruiter
emp_013554,2023-12-01,referral
emp_013555,2025-04-01,referral
emp_013556,2025-08-31,recruiter
emp_013557,2025-05-01,linkedin
emp_013558,2024-11-30,linkedin
emp_013559,2023-12-01,referral
emp_013560,2025-10-31,company_site
emp_013561,2024-09-30,recruiter
emp_013562,2024-01-31,university
emp_013563,2025-12-31,boomerang
emp_013564,2022-01-30,company_site
emp_013565,2024-08-31,company_site
emp_013566,2024-05-31,company_site
emp_013567,2025-03-01,linkedin
emp_013568,2025-08-01,linkedin
emp_013569,2019-05-02,referral
emp_013570,2023-04-01,referral
emp_013571,2025-10-31,recruiter
emp_013572,2022-12-01,linkedin
emp_013573,2022-06-01,linkedin
emp_013574,2021-12-31,university
emp_013575,2018-04-01,boomerang
emp_013576,2025-06-01,university
emp_013577,2026-01-30,recruiter
emp_013578,2024-11-30,referral
emp_013579,2022-04-01,linkedin
emp_013580,2023-10-31,recruiter
emp_013581,2024-08-31,company_site
emp_013582,2025-08-01,referral
emp_013583,2025-11-30,recruiter
emp_013584,2025-01-30,recruiter
emp_013585,2023-12-31,linkedin
emp_013586,2022-08-01,recruiter
emp_013587,2025-03-01,referral
emp_013588,2024-01-31,linkedin
emp_013589,2024-05-31,linkedin
emp_013590,2018-10-31,company_site
emp_013591,2021-03-01,referral
emp_013592,2025-04-01,linkedin
emp_013593,2023-10-01,referral
emp_013594,2023-10-31,linkedin
emp_013595,2024-03-01,referral
emp_013596,2025-01-30,referral
emp_013597,2023-12-31,company_site
emp_013598,2023-08-01,boomerang
emp_013599,2023-06-01,linkedin
emp_013600,2025-04-01,referral
emp_013601,2023-12-01,referral
emp_013602,2024-01-31,recruiter
emp_013603,2019-12-31,referral
emp_013604,2025-07-01,referral
emp_013605,2024-05-01,linkedin
emp_013606,2025-10-31,university
emp_013607,2023-10-01,company_site
emp_013608,2021-06-01,referral
emp_013609,2024-10-31,recruiter
emp_013610,2023-03-02,referral
emp_013611,2026-03-02,referral
emp_013612,2022-01-30,recruiter
emp_013613,2023-12-01,referral
emp_013614,2023-07-02,linkedin
emp_013615,2022-05-01,linkedin
emp_013616,2025-10-31,linkedin
emp_013617,2024-03-01,company_site
emp_013618,2025-08-01,referral
emp_013619,2023-12-31,university
emp_013620,2024-07-31,recruiter
emp_013621,2023-12-01,referral
emp_013622,2025-08-01,conference
emp_013623,2024-03-01,linkedin
emp_013624,2021-10-31,linkedin
emp_013625,2024-07-01,recruiter
emp_013626,2025-03-01,university
emp_013627,2025-08-31,referral
emp_013628,2023-09-01,referral
emp_013629,2024-03-01,conference
emp_013630,2021-03-01,university
emp_013631,2019-10-01,referral
emp_013632,2022-04-01,referral
emp_013633,2024-08-31,recruiter
emp_013634,2026-06-01,recruiter
emp_013635,2025-08-31,university
emp_013636,2026-01-30,linkedin
emp_013637,2023-09-01,referral
emp_013638,2022-04-01,referral
emp_013639,2025-12-31,referral
emp_013640,2023-10-01,recruiter
emp_013641,2020-01-31,company_site
emp_013642,2020-08-31,university
emp_013643,2023-12-31,recruiter
emp_013644,2022-12-01,referral
emp_013645,2025-11-30,referral
emp_013646,2025-12-31,linkedin
emp_013647,2024-05-31,recruiter
emp_013648,2022-03-02,referral
emp_013649,2021-03-01,linkedin
emp_013650,2023-05-02,company_site
emp_013651,2023-10-31,company_site
emp_013652,2021-12-31,university
emp_013653,2024-05-31,company_site
emp_013654,2023-08-01,referral
emp_013655,2020-07-31,linkedin
emp_013656,2021-06-01,recruiter
emp_013657,2023-10-31,conference
emp_013658,2024-07-31,referral
emp_013659,2023-09-01,recruiter
emp_013660,2024-08-31,linkedin
emp_013661,2026-01-30,referral
emp_013662,2025-12-31,linkedin
emp_013663,2017-09-30,linkedin
emp_013664,2023-09-01,recruiter
emp_013665,2025-10-31,recruiter
emp_013666,2022-01-30,linkedin
emp_013667,2020-01-31,company_site
emp_013668,2024-07-31,recruiter
emp_013669,2024-12-31,referral
emp_013670,2017-03-01,referral
emp_013671,2022-08-31,recruiter
emp_013672,2022-12-01,linkedin
emp_013673,2023-06-01,recruiter
emp_013674,2023-12-01,company_site
emp_013675,2021-11-30,university
emp_013676,2024-12-31,university
emp_013677,2023-09-01,linkedin
emp_013678,2022-03-02,linkedin
emp_013679,2025-04-01,referral
emp_013680,2024-08-31,university
emp_013681,2022-08-01,referral
emp_013682,2025-10-31,company_site
emp_013683,2024-12-31,linkedin
emp_013684,2024-07-01,linkedin
emp_013685,2022-04-01,linkedin
emp_013686,2025-06-01,referral
emp_013687,2023-12-31,university
emp_013688,2022-03-02,recruiter
emp_013689,2025-03-01,linkedin
emp_013690,2025-06-01,boomerang
emp_013691,2024-05-31,referral
emp_013692,2025-07-01,referral
emp_013693,2025-04-01,company_site
emp_013694,2023-06-01,referral
emp_013695,2025-06-01,referral
emp_013696,2024-05-01,linkedin
emp_013697,2018-10-01,conference
emp_013698,2025-11-30,linkedin
emp_013699,2019-12-01,boomerang
emp_013700,2020-05-01,linkedin
emp_013701,2020-05-01,linkedin
emp_013702,2025-11-30,boomerang
emp_013703,2020-12-30,referral
emp_013704,2021-06-01,referral
emp_013705,2024-05-01,linkedin
emp_013706,2025-07-01,referral
emp_013707,2020-05-31,company_site
emp_013708,2023-12-01,referral
emp_013709,2025-10-01,referral
emp_013710,2025-06-01,referral
emp_013711,2015-10-01,recruiter
emp_013712,2021-08-31,linkedin
emp_013713,2024-07-31,linkedin
emp_013714,2020-07-31,university
emp_013715,2019-10-01,conference
emp_013716,2026-06-01,university
emp_013717,2023-10-31,conference
emp_013718,2023-03-02,recruiter
emp_013719,2025-06-01,linkedin
emp_013720,2025-06-01,university
emp_013721,2020-09-30,company_site
emp_013722,2023-06-01,referral
emp_013723,2019-01-30,conference
emp_013724,2020-07-31,linkedin
emp_013725,2024-05-01,company_site
emp_013726,2025-04-01,recruiter
emp_013727,2023-12-31,referral
emp_013728,2022-07-01,recruiter
emp_013729,2023-08-01,boomerang
emp_013730,2022-10-31,referral
emp_013731,2024-09-30,recruiter
emp_013732,2019-03-02,linkedin
emp_013733,2024-07-01,linkedin
emp_013734,2023-12-31,referral
emp_013735,2025-05-01,referral
emp_013736,2023-12-01,referral
emp_013737,2025-12-31,referral
emp_013738,2024-01-31,linkedin
emp_013739,2024-11-30,referral
emp_013740,2021-03-01,linkedin
emp_013741,2024-01-31,company_site
emp_013742,2020-07-01,company_site
emp_013743,2022-03-02,referral
emp_013744,2026-03-02,company_site
emp_013745,2024-07-31,university
emp_013746,2026-07-01,referral
emp_013747,2021-07-01,referral
emp_013748,2024-11-30,referral
emp_013749,2024-10-31,referral
emp_013750,2025-07-01,referral
emp_013751,2021-12-31,recruiter
emp_013752,2016-11-30,linkedin
emp_013753,2024-09-30,company_site
emp_013754,2020-08-31,company_site
emp_013755,2024-10-31,linkedin
emp_013756,2026-01-30,recruiter
emp_013757,2025-10-01,referral
emp_013758,2026-03-02,linkedin
emp_013759,2021-09-30,linkedin
emp_013760,2025-11-30,university
emp_013761,2026-01-30,referral
emp_013762,2017-10-31,referral
emp_013763,2020-12-30,referral
emp_013764,2025-12-31,linkedin
emp_013765,2025-05-01,referral
emp_013766,2023-12-01,linkedin
emp_013767,2023-04-01,linkedin
emp_013768,2020-11-30,boomerang
emp_013769,2024-05-01,linkedin
emp_013770,2023-10-01,recruiter
emp_013771,2021-10-31,recruiter
emp_013772,2020-08-31,referral
emp_013773,2024-05-31,referral
emp_013774,2022-08-01,linkedin
emp_013775,2022-04-01,company_site
emp_013776,2024-12-31,company_site
emp_013777,2025-04-01,university
emp_013778,2025-01-30,company_site
emp_013779,2021-11-30,university
emp_013780,2024-04-01,referral
emp_013781,2024-07-31,company_site
emp_013782,2019-10-31,referral
emp_013783,2022-10-01,linkedin
emp_013784,2023-12-31,recruiter
emp_013785,2024-10-31,referral
emp_013786,2020-11-30,university
emp_013787,2024-08-31,linkedin
emp_013788,2025-06-01,referral
emp_013789,2025-04-01,referral
emp_013790,2024-03-01,referral
emp_013791,2025-10-31,referral
emp_013792,2024-05-01,linkedin
emp_013793,2023-03-02,company_site
emp_013794,2024-09-30,company_site
emp_013795,2024-09-30,recruiter
emp_013796,2023-04-01,referral
emp_013797,2023-04-01,linkedin
emp_013798,2024-09-30,referral
emp_013799,2023-10-31,referral
emp_013800,2025-12-31,company_site
emp_013801,2023-05-02,referral
emp_013802,2024-10-31,recruiter
emp_013803,2022-06-01,recruiter
emp_013804,2025-03-01,referral
emp_013805,2024-01-31,company_site
emp_013806,2024-10-31,referral
emp_013807,2023-07-02,university
emp_013808,2020-03-31,linkedin
emp_013809,2024-08-31,recruiter
emp_013810,2023-04-01,linkedin
emp_013811,2023-12-31,recruiter
emp_013812,2024-10-31,linkedin
emp_013813,2025-10-01,university
emp_013814,2015-08-31,company_site
emp_013815,2024-09-30,recruiter
emp_013816,2024-09-30,linkedin
emp_013817,2024-05-01,referral
emp_013818,2020-03-31,referral
emp_013819,2025-05-01,recruiter
emp_013820,2024-03-01,linkedin
emp_013821,2024-05-01,company_site
emp_013822,2020-07-31,linkedin
emp_013823,2025-08-01,recruiter
emp_013824,2024-05-01,boomerang
emp_013825,2021-08-31,company_site
emp_013826,2025-06-01,referral
emp_013827,2025-10-31,university
emp_013828,2025-03-01,company_site
emp_013829,2023-10-01,recruiter
emp_013830,2024-05-31,linkedin
emp_013831,2022-07-01,company_site
emp_013832,2025-01-30,linkedin
emp_013833,2025-05-01,linkedin
emp_013834,2025-06-01,linkedin
emp_013835,2022-05-01,boomerang
emp_013836,2024-10-31,recruiter
emp_013837,2024-08-31,linkedin
emp_013838,2024-12-31,recruiter
emp_013839,2024-10-31,linkedin
emp_013840,2024-12-31,referral
emp_013841,2022-08-31,linkedin
emp_013842,2023-03-02,company_site
emp_013843,2021-09-30,company_site
emp_013844,2025-05-01,referral
emp_013845,2023-06-01,recruiter
emp_013846,2024-05-31,recruiter
emp_013847,2023-06-01,recruiter
emp_013848,2021-11-30,referral
emp_013849,2024-07-31,linkedin
emp_013850,2025-06-01,referral
emp_013851,2025-04-01,recruiter
emp_013852,2023-10-01,boomerang
emp_013853,2018-11-30,company_site
emp_013854,2026-06-01,referral
emp_013855,2025-06-01,referral
emp_013856,2023-07-02,recruiter
emp_013857,2024-03-01,linkedin
emp_013858,2024-07-01,linkedin
emp_013859,2025-04-01,linkedin
emp_013860,2025-01-30,linkedin
emp_013861,2023-05-02,boomerang
emp_013862,2024-11-30,recruiter
emp_013863,2024-12-31,linkedin
emp_013864,2023-09-01,referral
emp_013865,2024-10-31,company_site
emp_013866,2026-03-02,referral
emp_013867,2022-10-31,referral
emp_013868,2024-12-31,company_site
emp_013869,2025-04-01,referral
emp_013870,2023-05-02,recruiter
emp_013871,2023-05-02,boomerang
emp_013872,2019-12-31,referral
emp_013873,2025-01-30,recruiter
emp_013874,2016-03-31,referral
emp_013875,2023-10-31,linkedin
emp_013876,2023-06-01,university
emp_013877,2023-01-30,linkedin
emp_013878,2025-10-31,referral
emp_013879,2021-06-01,referral
emp_013880,2024-04-01,linkedin
emp_013881,2021-07-01,referral
emp_013882,2020-12-30,linkedin
emp_013883,2024-11-30,company_site
emp_013884,2025-04-01,referral
emp_013885,2024-04-01,university
emp_013886,2025-04-01,linkedin
emp_013887,2024-09-30,referral
emp_013888,2019-12-31,referral
emp_013889,2026-05-02,referral
emp_013890,2025-10-31,company_site
emp_013891,2022-07-01,referral
emp_013892,2025-10-01,recruiter
emp_013893,2025-04-01,recruiter
emp_013894,2024-08-31,referral
emp_013895,2025-06-01,referral
emp_013896,2024-05-31,company_site
emp_013897,2025-11-30,company_site
emp_013898,2025-10-01,referral
emp_013899,2025-03-01,referral
emp_013900,2022-04-01,boomerang
emp_013901,2024-07-31,company_site
emp_013902,2025-10-01,linkedin
emp_013903,2020-07-31,linkedin
emp_013904,2025-10-31,company_site
emp_013905,2025-05-01,recruiter
emp_013906,2023-01-30,company_site
emp_013907,2021-10-31,company_site
emp_013908,2025-01-30,university
emp_013909,2023-12-31,recruiter
emp_013910,2024-09-30,referral
emp_013911,2023-01-30,recruiter
emp_013912,2025-08-01,linkedin
emp_013913,2025-10-01,linkedin
emp_013914,2017-08-31,referral
emp_013915,2024-04-01,recruiter
emp_013916,2025-07-01,company_site
emp_013917,2015-03-02,university
emp_013918,2023-09-01,linkedin
emp_013919,2020-05-01,university
emp_013920,2022-08-01,linkedin
emp_013921,2024-10-31,company_site
emp_013922,2023-12-31,company_site
emp_013923,2025-05-01,referral
emp_013924,2024-07-01,referral
emp_013925,2023-10-01,company_site
emp_013926,2024-12-31,referral
emp_013927,2025-10-31,referral
emp_013928,2023-12-31,recruiter
emp_013929,2025-08-01,linkedin
emp_013930,2020-11-30,referral
emp_013931,2025-08-31,referral
emp_013932,2023-07-02,boomerang
emp_013933,2026-01-30,referral
emp_013934,2022-08-01,conference
emp_013935,2018-12-31,linkedin
emp_013936,2025-04-01,referral
emp_013937,2025-07-01,linkedin
emp_013938,2023-05-02,referral
emp_013939,2020-07-01,referral
emp_013940,2024-07-31,referral
emp_013941,2018-10-31,university
emp_013942,2024-10-31,company_site
emp_013943,2024-04-01,referral
emp_013944,2025-08-01,referral
emp_013945,2024-03-01,referral
emp_013946,2024-09-30,referral
emp_013947,2025-01-30,referral
emp_013948,2021-09-30,referral
emp_013949,2024-04-01,referral
emp_013950,2023-03-02,company_site
emp_013951,2024-10-31,referral
emp_013952,2023-10-31,boomerang
emp_013953,2023-07-02,university
emp_013954,2022-07-01,company_site
emp_013955,2020-11-30,referral
emp_013956,2025-03-01,referral
emp_013957,2024-10-31,company_site
emp_013958,2023-12-31,referral
emp_013959,2024-05-01,referral
emp_013960,2022-08-31,referral
emp_013961,2024-12-31,conference
emp_013962,2018-11-30,referral
emp_013963,2024-07-31,recruiter
emp_013964,2020-07-01,referral
emp_013965,2017-08-31,referral
emp_013966,2023-10-31,linkedin
emp_013967,2021-06-01,referral
emp_013968,2023-05-02,university
emp_013969,2020-08-31,linkedin
emp_013970,2024-12-31,recruiter
emp_013971,2019-10-31,boomerang
emp_013972,2024-07-01,linkedin
emp_013973,2025-06-01,university
emp_013974,2025-04-01,recruiter
emp_013975,2025-12-31,recruiter
emp_013976,2023-06-01,linkedin
emp_013977,2022-01-30,referral
emp_013978,2025-08-31,boomerang
emp_013979,2025-01-30,referral
emp_013980,2025-06-01,referral
emp_013981,2024-07-31,boomerang
emp_013982,2023-08-01,referral
emp_013983,2023-04-01,recruiter
emp_013984,2024-08-31,recruiter
emp_013985,2014-11-30,company_site
emp_013986,2025-08-31,linkedin
emp_013987,2024-09-30,company_site
emp_013988,2025-03-01,referral
emp_013989,2025-10-31,recruiter
emp_013990,2024-11-30,recruiter
emp_013991,2025-07-01,recruiter
emp_013992,2023-01-30,company_site
emp_013993,2025-06-01,linkedin
emp_013994,2023-08-01,recruiter
emp_013995,2024-09-30,linkedin
emp_013996,2024-11-30,company_site
emp_013997,2023-04-01,linkedin
emp_013998,2023-08-01,recruiter
emp_013999,2022-05-01,recruiter
emp_014000,2024-11-30,referral
emp_014001,2024-07-01,university
emp_014002,2023-12-31,linkedin
emp_014003,2024-01-31,university
emp_014004,2025-10-31,referral
emp_014005,2024-10-31,referral
emp_014006,2024-11-30,conference
emp_014007,2021-04-01,linkedin
emp_014008,2024-05-31,linkedin
emp_014009,2023-07-02,conference
emp_014010,2025-10-31,recruiter
emp_014011,2021-10-31,referral
emp_014012,2023-08-01,recruiter
emp_014013,2021-08-01,university
emp_014014,2024-11-30,university
emp_014015,2022-05-01,recruiter
emp_014016,2024-07-31,recruiter
emp_014017,2025-01-30,university
emp_014018,2025-08-01,recruiter
emp_014019,2023-10-31,university
emp_014020,2025-01-30,referral
emp_014021,2024-04-01,referral
emp_014022,2023-01-30,referral
emp_014023,2024-08-31,recruiter
emp_014024,2024-05-31,conference
emp_014025,2024-10-31,recruiter
emp_014026,2025-08-01,linkedin
emp_014027,2021-07-01,linkedin
emp_014028,2025-08-01,linkedin
emp_014029,2020-07-01,recruiter
emp_014030,2024-12-31,linkedin
emp_014031,2023-05-02,linkedin
emp_014032,2024-07-31,referral
emp_014033,2024-10-31,recruiter
emp_014034,2025-10-01,recruiter
emp_014035,2025-07-01,recruiter
emp_014036,2024-10-31,linkedin
emp_014037,2026-04-01,referral
emp_014038,2025-08-01,linkedin
emp_014039,2019-06-01,referral
emp_014040,2023-06-01,company_site
emp_014041,2024-12-31,company_site
emp_014042,2024-09-30,recruiter
emp_014043,2025-01-30,linkedin
emp_014044,2025-10-01,linkedin
emp_014045,2022-08-31,referral
emp_014046,2025-10-01,referral
emp_014047,2024-05-31,conference
emp_014048,2024-12-31,referral
emp_014049,2024-01-31,recruiter
emp_014050,2025-08-01,linkedin
emp_014051,2024-03-01,university
emp_014052,2024-04-01,recruiter
emp_014053,2023-04-01,referral
emp_014054,2020-01-31,linkedin
emp_014055,2023-07-02,referral
emp_014056,2024-05-31,company_site
emp_014057,2024-05-31,linkedin
emp_014058,2024-05-31,recruiter
emp_014059,2023-12-31,referral
emp_014060,2024-07-01,referral
emp_014061,2022-08-01,referral
emp_014062,2023-12-01,referral
emp_014063,2024-10-31,linkedin
emp_014064,2020-10-31,conference
emp_014065,2024-11-30,recruiter
emp_014066,2024-10-31,boomerang
emp_014067,2023-09-01,referral
emp_014068,2024-05-31,recruiter
emp_014069,2024-12-31,company_site
emp_014070,2024-01-31,linkedin
emp_014071,2021-09-30,linkedin
emp_014072,2025-10-31,referral
emp_014073,2020-05-01,linkedin
emp_014074,2023-12-31,recruiter
emp_014075,2024-10-31,linkedin
emp_014076,2024-10-31,referral
emp_014077,2024-05-31,company_site
emp_014078,2025-08-31,boomerang
emp_014079,2024-04-01,linkedin
emp_014080,2023-12-01,recruiter
emp_014081,2012-05-01,referral
emp_014082,2024-11-30,university
emp_014083,2025-10-01,university
emp_014084,2025-06-01,recruiter
emp_014085,2022-08-01,linkedin
emp_014086,2023-10-31,conference
emp_014087,2025-05-01,conference
emp_014088,2025-10-31,recruiter
emp_014089,2022-01-30,referral
emp_014090,2024-03-01,linkedin
emp_014091,2025-07-01,recruiter
emp_014092,2024-11-30,referral
emp_014093,2023-12-31,linkedin
emp_014094,2020-07-31,referral
emp_014095,2022-07-01,referral
emp_014096,2025-10-01,linkedin
emp_014097,2025-11-30,recruiter
emp_014098,2023-12-31,boomerang
emp_014099,2024-09-30,boomerang
emp_014100,2024-05-01,linkedin
emp_014101,2022-08-31,linkedin
emp_014102,2020-09-30,recruiter
emp_014103,2025-05-01,referral
emp_014104,2022-10-31,company_site
emp_014105,2019-08-01,linkedin
emp_014106,2022-08-31,company_site
emp_014107,2024-07-31,recruiter
emp_014108,2024-05-31,company_site
emp_014109,2024-05-01,conference
emp_014110,2025-11-30,linkedin
emp_014111,2025-10-01,recruiter
emp_014112,2024-07-01,company_site
emp_014113,2019-01-30,recruiter
emp_014114,2024-12-31,referral
emp_014115,2022-10-01,linkedin
emp_014116,2021-12-31,referral
emp_014117,2024-12-31,company_site
emp_014118,2025-10-31,linkedin
emp_014119,2025-08-31,linkedin
emp_014120,2025-04-01,university
emp_014121,2024-12-31,referral
emp_014122,2023-06-01,linkedin
emp_014123,2024-04-01,referral
emp_014124,2020-12-30,referral
emp_014125,2023-10-01,referral
emp_014126,2025-03-01,university
emp_014127,2024-03-01,referral
emp_014128,2022-06-01,referral
emp_014129,2025-11-30,linkedin
emp_014130,2023-08-01,linkedin
emp_014131,2013-05-31,linkedin
emp_014132,2023-03-02,university
emp_014133,2023-05-02,recruiter
emp_014134,2022-03-02,referral
emp_014135,2025-03-01,linkedin
emp_014136,2020-12-30,university
emp_014137,2022-03-02,recruiter
emp_014138,2026-07-01,company_site
emp_014139,2023-04-01,referral
emp_014140,2024-03-01,referral
emp_014141,2018-10-01,boomerang
emp_014142,2022-04-01,referral
emp_014143,2024-09-30,recruiter
emp_014144,2025-10-01,referral
emp_014145,2025-11-30,company_site
emp_014146,2023-01-30,recruiter
emp_014147,2024-10-31,referral
emp_014148,2025-10-01,referral
emp_014149,2023-06-01,recruiter
emp_014150,2024-07-31,referral
emp_014151,2022-05-01,university
emp_014152,2025-10-31,recruiter
emp_014153,2025-08-31,linkedin
emp_014154,2024-09-30,recruiter
emp_014155,2025-12-31,linkedin
emp_014156,2025-01-30,company_site
emp_014157,2024-04-01,company_site
emp_014158,2020-09-30,referral
emp_014159,2023-08-01,company_site
emp_014160,2022-12-01,boomerang
emp_014161,2020-03-01,recruiter
emp_014162,2025-06-01,referral
emp_014163,2025-03-01,recruiter
emp_014164,2021-05-01,recruiter
emp_014165,2024-08-31,referral
emp_014166,2025-10-01,referral
emp_014167,2024-11-30,linkedin
emp_014168,2020-09-30,recruiter
emp_014169,2024-05-31,referral
emp_014170,2025-01-30,referral
emp_014171,2023-10-01,boomerang
emp_014172,2024-08-31,referral
emp_014173,2023-09-01,linkedin
emp_014174,2025-06-01,referral
emp_014175,2025-08-01,referral
emp_014176,2019-08-31,recruiter
emp_014177,2025-07-01,recruiter
emp_014178,2025-04-01,university
emp_014179,2024-09-30,company_site
emp_014180,2023-10-01,referral
emp_014181,2023-09-01,referral
emp_014182,2023-03-02,recruiter
emp_014183,2023-07-02,university
emp_014184,2021-05-01,company_site
emp_014185,2016-10-30,referral
emp_014186,2022-08-31,recruiter
emp_014187,2025-03-01,company_site
emp_014188,2024-01-31,recruiter
emp_014189,2025-06-01,university
emp_014190,2025-11-30,boomerang
emp_014191,2025-10-01,referral
emp_014192,2023-05-02,referral
emp_014193,2021-03-01,referral
emp_014194,2022-07-01,recruiter
emp_014195,2025-04-01,linkedin
emp_014196,2025-07-01,linkedin
emp_014197,2025-03-01,referral
emp_014198,2025-06-01,recruiter
emp_014199,2023-04-01,company_site
emp_014200,2014-08-31,recruiter
emp_014201,2024-05-01,referral
emp_014202,2020-03-31,recruiter
emp_014203,2023-06-01,recruiter
emp_014204,2022-01-30,recruiter
emp_014205,2021-08-31,company_site
emp_014206,2022-10-31,linkedin
emp_014207,2026-01-30,company_site
emp_014208,2023-01-30,company_site
emp_014209,2021-12-31,university
emp_014210,2025-11-30,referral
emp_014211,2022-08-01,linkedin
emp_014212,2024-10-31,recruiter
emp_014213,2026-06-01,recruiter
emp_014214,2023-12-31,recruiter
emp_014215,2026-04-01,recruiter
emp_014216,2024-08-31,referral
emp_014217,2023-08-01,recruiter
emp_014218,2023-12-01,referral
emp_014219,2023-10-01,linkedin
emp_014220,2023-06-01,company_site
emp_014221,2020-07-01,referral
emp_014222,2020-07-31,conference
emp_014223,2024-07-01,recruiter
emp_014224,2025-07-01,recruiter
emp_014225,2023-12-01,referral
emp_014226,2023-06-01,recruiter
emp_014227,2025-12-31,referral
emp_014228,2026-01-30,recruiter
emp_014229,2026-01-30,referral
emp_014230,2022-03-02,recruiter
emp_014231,2023-01-30,linkedin
emp_014232,2024-07-31,company_site
emp_014233,2024-08-31,referral
emp_014234,2023-01-30,company_site
emp_014235,2024-09-30,linkedin
emp_014236,2024-07-31,university
emp_014237,2020-12-30,referral
emp_014238,2025-06-01,recruiter
emp_014239,2025-05-01,linkedin
emp_014240,2025-10-01,referral
emp_014241,2025-07-01,recruiter
emp_014242,2024-09-30,referral
emp_014243,2023-12-31,recruiter
emp_014244,2024-12-31,recruiter
emp_014245,2023-06-01,recruiter
emp_014246,2023-10-01,recruiter
emp_014247,2024-08-31,company_site
emp_014248,2025-03-01,company_site
emp_014249,2022-05-01,boomerang
emp_014250,2024-07-31,company_site
emp_014251,2024-11-30,referral
emp_014252,2025-08-31,linkedin
emp_014253,2021-08-01,referral
emp_014254,2025-10-31,linkedin
emp_014255,2024-07-31,referral
emp_014256,2023-12-01,linkedin
emp_014257,2023-12-01,referral
emp_014258,2023-01-30,recruiter
emp_014259,2024-10-31,linkedin
emp_014260,2025-06-01,referral
emp_014261,2023-12-31,recruiter
emp_014262,2025-03-01,linkedin
emp_014263,2025-05-01,referral
emp_014264,2024-09-30,recruiter
emp_014265,2026-04-01,conference
emp_014266,2023-12-01,linkedin
emp_014267,2023-01-30,company_site
emp_014268,2021-12-31,referral
emp_014269,2024-12-31,linkedin
emp_014270,2024-05-31,referral
emp_014271,2025-12-31,linkedin
emp_014272,2024-10-31,university
emp_014273,2021-09-30,company_site
emp_014274,2025-03-01,recruiter
emp_014275,2024-10-31,linkedin
emp_014276,2024-12-31,company_site
emp_014277,2022-07-01,recruiter
emp_014278,2023-08-01,linkedin
emp_014279,2025-10-31,referral
emp_014280,2024-05-01,recruiter
emp_014281,2025-12-31,linkedin
emp_014282,2019-01-30,linkedin
emp_014283,2024-11-30,company_site
emp_014284,2020-09-30,linkedin
emp_014285,2023-07-02,recruiter
emp_014286,2022-03-02,recruiter
emp_014287,2023-12-01,company_site
emp_014288,2023-06-01,university
emp_014289,2024-10-31,university
emp_014290,2024-09-30,linkedin
emp_014291,2026-05-02,conference
emp_014292,2016-01-30,linkedin
emp_014293,2024-12-31,linkedin
emp_014294,2021-08-31,conference
emp_014295,2022-07-01,linkedin
emp_014296,2025-01-30,university
emp_014297,2023-10-31,referral
emp_014298,2019-10-01,linkedin
emp_014299,2026-04-01,referral
emp_014300,2024-12-31,company_site
emp_014301,2024-07-01,linkedin
emp_014302,2025-08-31,recruiter
emp_014303,2025-04-01,university
emp_014304,2020-07-31,linkedin
emp_014305,2024-03-01,referral
emp_014306,2025-08-01,linkedin
emp_014307,2025-05-01,university
emp_014308,2026-04-01,referral
emp_014309,2024-10-31,university
emp_014310,2023-12-31,referral
emp_014311,2018-10-31,company_site
emp_014312,2024-07-31,linkedin
emp_014313,2024-01-31,referral
emp_014314,2021-11-30,linkedin
emp_014315,2026-06-01,recruiter
emp_014316,2024-07-31,recruiter
emp_014317,2024-11-30,referral
emp_014318,2021-09-30,company_site
emp_014319,2024-09-30,linkedin
emp_014320,2023-12-31,referral
emp_014321,2020-01-31,recruiter
emp_014322,2025-08-31,company_site
emp_014323,2022-10-01,referral
emp_014324,2025-05-01,recruiter
emp_014325,2021-07-01,referral
emp_014326,2024-05-31,company_site
emp_014327,2022-10-01,linkedin
emp_014328,2025-10-31,linkedin
emp_014329,2023-10-31,referral
emp_014330,2024-03-01,company_site
emp_014331,2024-07-01,company_site
emp_014332,2023-05-02,linkedin
emp_014333,2021-11-30,linkedin
emp_014334,2022-08-31,linkedin
emp_014335,2025-03-01,referral
emp_014336,2020-12-30,conference
emp_014337,2020-12-30,recruiter
emp_014338,2023-03-02,linkedin
emp_014339,2025-10-01,conference
emp_014340,2025-04-01,referral
emp_014341,2023-12-31,recruiter
emp_014342,2023-09-01,referral
emp_014343,2023-12-31,referral
emp_014344,2022-10-31,referral
emp_014345,2024-01-31,linkedin
emp_014346,2023-06-01,company_site
emp_014347,2020-08-31,linkedin
emp_014348,2025-06-01,company_site
emp_014349,2022-12-01,linkedin
emp_014350,2024-04-01,company_site
emp_014351,2023-12-01,recruiter
emp_014352,2024-04-01,linkedin
emp_014353,2025-03-01,linkedin
emp_014354,2022-03-02,recruiter
emp_014355,2023-10-31,university
emp_014356,2024-05-01,referral
emp_014357,2025-06-01,linkedin
emp_014358,2021-08-31,referral
emp_014359,2026-07-01,referral
emp_014360,2024-01-31,referral
emp_014361,2025-08-31,linkedin
emp_014362,2024-12-31,referral
emp_014363,2021-09-30,university
emp_014364,2024-05-31,referral
emp_014365,2024-08-31,conference
emp_014366,2024-09-30,university
emp_014367,2025-07-01,boomerang
emp_014368,2021-04-01,referral
emp_014369,2021-04-01,referral
emp_014370,2024-11-30,recruiter
emp_014371,2018-10-01,referral
emp_014372,2026-03-02,referral
emp_014373,2024-08-31,referral
emp_014374,2023-10-31,recruiter
emp_014375,2024-08-31,linkedin
emp_014376,2022-04-01,referral
emp_014377,2023-01-30,company_site
emp_014378,2022-12-31,university
emp_014379,2021-01-30,university
emp_014380,2023-07-02,referral
emp_014381,2024-10-31,linkedin
emp_014382,2023-12-01,recruiter
emp_014383,2024-08-31,referral
emp_014384,2025-07-01,recruiter
emp_014385,2024-12-31,referral
emp_014386,2025-08-31,linkedin
emp_014387,2025-04-01,linkedin
emp_014388,2023-05-02,university
emp_014389,2023-07-02,company_site
emp_014390,2023-10-01,referral
emp_014391,2024-10-31,company_site
emp_014392,2024-05-31,company_site
emp_014393,2022-04-01,boomerang
emp_014394,2023-05-02,referral
emp_014395,2023-12-01,company_site
emp_014396,2025-06-01,referral
emp_014397,2023-12-01,recruiter
emp_014398,2023-08-01,referral
emp_014399,2025-05-01,recruiter
emp_014400,2023-06-01,university
emp_014401,2020-11-30,recruiter
emp_014402,2020-11-30,recruiter
emp_014403,2018-10-31,recruiter
emp_014404,2018-12-31,conference
emp_014405,2024-11-30,referral
emp_014406,2024-07-01,company_site
emp_014407,2024-03-01,referral
emp_014408,2024-01-31,company_site
emp_014409,2023-12-31,referral
emp_014410,2025-08-31,company_site
emp_014411,2025-11-30,recruiter
emp_014412,2026-01-30,referral
emp_014413,2023-12-01,linkedin
emp_014414,2025-10-31,referral
emp_014415,2022-01-30,recruiter
emp_014416,2020-03-31,company_site
emp_014417,2023-08-01,referral
emp_014418,2025-11-30,recruiter
emp_014419,2024-10-31,referral
emp_014420,2018-05-01,linkedin
emp_014421,2015-12-01,recruiter
emp_014422,2024-09-30,university
emp_014423,2022-10-31,linkedin
emp_014424,2023-12-01,university
emp_014425,2023-10-01,conference
emp_014426,2025-10-01,recruiter
emp_014427,2014-06-01,referral
emp_014428,2024-10-31,linkedin
emp_014429,2024-05-31,recruiter
emp_014430,2024-05-01,referral
emp_014431,2021-03-01,recruiter
emp_014432,2024-07-31,referral
emp_014433,2024-10-31,company_site
emp_014434,2023-07-02,recruiter
emp_014435,2026-01-30,recruiter
emp_014436,2024-10-31,linkedin
emp_014437,2024-04-01,referral
emp_014438,2025-08-01,referral
emp_014439,2026-01-30,company_site
emp_014440,2024-11-30,boomerang
emp_014441,2021-08-01,linkedin
emp_014442,2024-03-01,linkedin
emp_014443,2021-12-31,university
emp_014444,2025-03-01,recruiter
emp_014445,2025-06-01,recruiter
emp_014446,2024-12-31,referral
emp_014447,2024-10-31,university
emp_014448,2024-07-31,referral
emp_014449,2025-08-01,company_site
emp_014450,2022-12-31,boomerang
emp_014451,2024-10-31,company_site
emp_014452,2022-12-01,referral
emp_014453,2025-04-01,referral
emp_014454,2023-12-01,boomerang
emp_014455,2025-08-31,conference
emp_014456,2019-10-31,referral
emp_014457,2024-05-31,university
emp_014458,2025-07-01,linkedin
emp_014459,2019-04-01,referral
emp_014460,2025-03-01,linkedin
emp_014461,2024-12-31,boomerang
emp_014462,2026-06-01,linkedin
emp_014463,2022-03-02,university
emp_014464,2022-07-01,referral
emp_014465,2024-11-30,referral
emp_014466,2017-07-31,recruiter
emp_014467,2024-12-31,referral
emp_014468,2022-12-31,company_site
emp_014469,2021-11-30,linkedin
emp_014470,2019-05-02,recruiter
emp_014471,2022-08-31,recruiter
emp_014472,2022-08-01,company_site
emp_014473,2024-11-30,referral
emp_014474,2026-04-01,recruiter
emp_014475,2025-07-01,company_site
emp_014476,2025-05-01,referral
emp_014477,2023-12-01,company_site
emp_014478,2024-07-31,referral
emp_014479,2023-10-01,recruiter
emp_014480,2026-04-01,company_site
emp_014481,2022-01-30,referral
emp_014482,2022-05-01,recruiter
emp_014483,2020-08-31,company_site
emp_014484,2025-12-31,referral
emp_014485,2024-09-30,referral
emp_014486,2018-12-31,referral
emp_014487,2025-06-01,referral
emp_014488,2024-05-31,referral
emp_014489,2023-09-01,company_site
emp_014490,2025-08-01,company_site
emp_014491,2013-07-01,referral
emp_014492,2023-09-01,company_site
emp_014493,2020-11-30,referral
emp_014494,2024-09-30,university
emp_014495,2022-03-02,linkedin
emp_014496,2024-08-31,recruiter
emp_014497,2023-12-01,referral
emp_014498,2025-04-01,company_site
emp_014499,2023-12-01,conference
emp_014500,2024-05-31,linkedin
emp_014501,2022-10-01,university
emp_014502,2024-10-31,linkedin
emp_014503,2023-07-02,linkedin
emp_014504,2025-05-01,recruiter
emp_014505,2025-04-01,recruiter
emp_014506,2022-06-01,conference
emp_014507,2023-12-01,linkedin
emp_014508,2019-10-01,referral
emp_014509,2023-06-01,recruiter
emp_014510,2025-10-01,referral
emp_014511,2021-10-31,university
emp_014512,2024-07-01,boomerang
emp_014513,2016-12-30,recruiter
emp_014514,2025-03-01,linkedin
emp_014515,2023-10-31,company_site
emp_014516,2025-10-01,university
emp_014517,2025-08-31,conference
emp_014518,2025-01-30,referral
emp_014519,2024-12-31,company_site
emp_014520,2024-11-30,referral
emp_014521,2024-03-01,referral
emp_014522,2024-03-01,company_site
emp_014523,2024-05-01,linkedin
emp_014524,2023-05-02,university
emp_014525,2022-12-01,recruiter
emp_014526,2021-05-01,company_site
emp_014527,2022-12-01,referral
emp_014528,2022-05-01,linkedin
emp_014529,2024-05-01,recruiter
emp_014530,2023-12-31,university
emp_014531,2023-01-30,referral
emp_014532,2019-08-01,company_site
emp_014533,2025-12-31,referral
emp_014534,2024-05-01,company_site
emp_014535,2024-05-01,referral
emp_014536,2021-09-30,company_site
emp_014537,2024-04-01,linkedin
emp_014538,2025-08-01,linkedin
emp_014539,2015-06-01,conference
emp_014540,2025-04-01,company_site
emp_014541,2024-07-31,linkedin
emp_014542,2022-12-31,company_site
emp_014543,2019-10-31,company_site
emp_014544,2024-05-01,recruiter
emp_014545,2022-08-31,university
emp_014546,2024-03-01,conference
emp_014547,2025-12-31,company_site
emp_014548,2024-07-01,conference
emp_014549,2024-07-01,conference
emp_014550,2026-03-02,company_site
emp_014551,2024-09-30,referral
emp_014552,2024-03-01,referral
emp_014553,2025-08-31,recruiter
emp_014554,2026-03-02,referral
emp_014555,2022-08-01,company_site
emp_014556,2023-12-31,referral
emp_014557,2026-05-02,referral
emp_014558,2021-04-01,linkedin
emp_014559,2021-12-31,recruiter
emp_014560,2025-11-30,recruiter
emp_014561,2024-04-01,referral
emp_014562,2025-12-31,referral
emp_014563,2024-07-31,linkedin
emp_014564,2023-12-31,boomerang
emp_014565,2024-07-01,company_site
emp_014566,2024-03-01,recruiter
emp_014567,2025-10-01,university
emp_014568,2025-07-01,linkedin
emp_014569,2017-11-30,referral
emp_014570,2024-03-01,company_site
emp_014571,2026-03-02,university
emp_014572,2022-12-01,referral
emp_014573,2024-09-30,recruiter
emp_014574,2025-03-01,referral
emp_014575,2024-05-01,referral
emp_014576,2022-08-01,linkedin
emp_014577,2025-05-01,referral
emp_014578,2025-10-31,recruiter
emp_014579,2026-06-01,linkedin
emp_014580,2022-10-31,referral
emp_014581,2024-12-31,recruiter
emp_014582,2023-12-01,boomerang
emp_014583,2024-10-31,linkedin
emp_014584,2024-12-31,university
emp_014585,2022-12-31,referral
emp_014586,2023-06-01,recruiter
emp_014587,2024-05-31,referral
emp_014588,2023-12-31,recruiter
emp_014589,2022-08-01,referral
emp_014590,2025-01-30,university
emp_014591,2024-05-01,linkedin
emp_014592,2022-12-01,referral
emp_014593,2022-06-01,recruiter
emp_014594,2025-08-31,company_site
emp_014595,2025-08-01,recruiter
emp_014596,2021-10-31,referral
emp_014597,2025-03-01,linkedin
emp_014598,2025-10-31,company_site
emp_014599,2025-08-31,company_site
emp_014600,2025-08-31,conference
emp_014601,2025-08-31,referral
emp_014602,2024-12-31,referral
emp_014603,2022-10-31,referral
emp_014604,2021-09-30,company_site
emp_014605,2020-09-30,linkedin
emp_014606,2024-07-31,linkedin
emp_014607,2021-11-30,recruiter
emp_014608,2024-08-31,linkedin
emp_014609,2025-08-01,company_site
emp_014610,2024-09-30,linkedin
emp_014611,2022-01-30,referral
emp_014612,2022-05-01,referral
emp_014613,2025-04-01,referral
emp_014614,2026-06-01,recruiter
emp_014615,2025-10-31,referral
emp_014616,2024-10-31,university
emp_014617,2024-05-31,linkedin
emp_014618,2023-12-31,referral
emp_014619,2021-09-30,conference
emp_014620,2022-05-01,linkedin
emp_014621,2023-07-02,university
emp_014622,2021-04-01,company_site
emp_014623,2025-10-31,company_site
emp_014624,2020-03-01,company_site
emp_014625,2022-10-01,linkedin
emp_014626,2024-07-01,linkedin
emp_014627,2020-01-31,company_site
emp_014628,2025-01-30,company_site
emp_014629,2024-01-31,recruiter
emp_014630,2026-07-01,referral
emp_014631,2025-06-01,linkedin
emp_014632,2020-08-31,boomerang
emp_014633,2024-04-01,referral
emp_014634,2025-06-01,linkedin
emp_014635,2025-04-01,referral
emp_014636,2018-12-31,recruiter
emp_014637,2024-12-31,linkedin
emp_014638,2025-07-01,company_site
emp_014639,2024-03-01,referral
emp_014640,2024-03-01,conference
emp_014641,2023-12-31,university
emp_014642,2023-12-31,recruiter
emp_014643,2025-05-01,referral
emp_014644,2023-12-01,referral
emp_014645,2025-10-31,recruiter
emp_014646,2023-12-31,recruiter
emp_014647,2023-04-01,referral
emp_014648,2020-07-01,linkedin
emp_014649,2025-04-01,referral
emp_014650,2024-09-30,referral
emp_014651,2024-04-01,referral
emp_014652,2025-07-01,linkedin
emp_014653,2023-07-02,university
emp_014654,2017-10-31,recruiter
emp_014655,2023-04-01,referral
emp_014656,2025-01-30,linkedin
emp_014657,2022-07-01,linkedin
emp_014658,2023-06-01,recruiter
emp_014659,2023-12-01,linkedin
emp_014660,2021-04-01,referral
emp_014661,2025-07-01,conference
emp_014662,2025-03-01,referral
emp_014663,2024-12-31,referral
emp_014664,2011-10-31,referral
emp_014665,2022-05-01,referral
emp_014666,2021-09-30,company_site
emp_014667,2025-03-01,linkedin
emp_014668,2026-07-01,linkedin
emp_014669,2024-04-01,university
emp_014670,2021-10-31,referral
emp_014671,2021-03-01,recruiter
emp_014672,2025-10-31,conference
emp_014673,2023-09-01,company_site
emp_014674,2020-07-01,linkedin
emp_014675,2024-01-31,recruiter
emp_014676,2019-05-02,referral
emp_014677,2025-04-01,recruiter
emp_014678,2024-12-31,referral
emp_014679,2022-10-31,linkedin
emp_014680,2023-10-01,recruiter
emp_014681,2025-08-01,company_site
emp_014682,2025-10-01,linkedin
emp_014683,2024-07-31,company_site
emp_014684,2016-05-01,referral
emp_014685,2024-12-31,referral
emp_014686,2024-10-31,referral
emp_014687,2025-03-01,referral
emp_014688,2020-07-31,boomerang
emp_014689,2019-07-02,conference
emp_014690,2025-10-31,recruiter
emp_014691,2022-07-01,linkedin
emp_014692,2023-10-01,company_site
emp_014693,2023-12-01,linkedin
emp_014694,2021-12-31,company_site
emp_014695,2024-05-01,referral
emp_014696,2023-10-01,linkedin
emp_014697,2024-05-31,company_site
emp_014698,2024-08-31,referral
emp_014699,2022-10-31,referral
emp_014700,2023-01-30,linkedin
emp_014701,2025-10-01,recruiter
emp_014702,2024-07-31,university
emp_014703,2023-10-31,company_site
emp_014704,2022-04-01,recruiter
emp_014705,2022-12-01,recruiter
emp_014706,2021-05-01,conference
emp_014707,2024-04-01,company_site
emp_014708,2025-07-01,referral
emp_014709,2025-12-31,boomerang
emp_014710,2022-10-01,boomerang
emp_014711,2023-12-31,linkedin
emp_014712,2023-12-01,conference
emp_014713,2024-10-31,recruiter
emp_014714,2022-08-31,recruiter
emp_014715,2022-05-01,referral
emp_014716,2024-08-31,recruiter
emp_014717,2025-10-31,university
emp_014718,2022-01-30,linkedin
emp_014719,2018-10-01,linkedin
emp_014720,2024-07-31,boomerang
emp_014721,2021-08-31,conference
emp_014722,2021-05-01,company_site
emp_014723,2023-05-02,recruiter
emp_014724,2022-01-30,boomerang
emp_014725,2021-10-31,referral
emp_014726,2021-11-30,referral
emp_014727,2024-08-31,company_site
emp_014728,2026-01-30,referral
emp_014729,2022-05-01,company_site
emp_014730,2026-07-01,company_site
emp_014731,2026-01-30,boomerang
emp_014732,2020-03-31,referral
emp_014733,2024-09-30,university
emp_014734,2023-12-31,linkedin
emp_014735,2024-10-31,linkedin
emp_014736,2025-11-30,linkedin
emp_014737,2020-12-30,company_site
emp_014738,2021-06-01,boomerang
emp_014739,2023-12-01,recruiter
emp_014740,2025-01-30,company_site
emp_014741,2025-07-01,conference
emp_014742,2025-01-30,linkedin
emp_014743,2023-05-02,company_site
emp_014744,2023-12-01,referral
emp_014745,2024-12-31,recruiter
emp_014746,2022-12-31,referral
emp_014747,2025-07-01,conference
emp_014748,2024-07-31,referral
emp_014749,2025-03-01,recruiter
emp_014750,2026-06-01,recruiter
emp_014751,2024-01-31,referral
emp_014752,2023-04-01,linkedin
emp_014753,2023-12-01,linkedin
emp_014754,2012-05-31,referral
emp_014755,2024-08-31,recruiter
emp_014756,2024-09-30,recruiter
emp_014757,2023-08-01,linkedin
emp_014758,2023-12-01,recruiter
emp_014759,2025-10-01,linkedin
emp_014760,2020-11-30,referral
emp_014761,2018-04-01,recruiter
emp_014762,2024-08-31,referral
emp_014763,2024-04-01,linkedin
emp_014764,2024-08-31,boomerang
emp_014765,2018-04-01,recruiter
emp_014766,2025-08-31,referral
emp_014767,2023-10-31,referral
emp_014768,2023-07-02,referral
emp_014769,2021-03-01,boomerang
emp_014770,2025-08-01,company_site
emp_014771,2024-05-01,company_site
emp_014772,2023-10-31,university
emp_014773,2025-06-01,linkedin
emp_014774,2018-08-01,company_site
emp_014775,2021-12-31,boomerang
emp_014776,2025-11-30,recruiter
emp_014777,2016-11-30,conference
emp_014778,2018-12-31,university
emp_014779,2024-01-31,company_site
emp_014780,2024-07-01,university
emp_014781,2023-03-02,referral
emp_014782,2024-04-01,university
emp_014783,2022-12-01,boomerang
emp_014784,2025-08-31,linkedin
emp_014785,2026-04-01,linkedin
emp_014786,2025-05-01,referral
emp_014787,2024-04-01,university
emp_014788,2022-10-01,linkedin
emp_014789,2022-08-31,linkedin
emp_014790,2025-08-31,recruiter
emp_014791,2022-12-01,company_site
emp_014792,2022-12-01,referral
emp_014793,2025-08-31,linkedin
emp_014794,2023-10-01,referral
emp_014795,2021-10-31,referral
emp_014796,2023-01-30,linkedin
emp_014797,2024-12-31,recruiter
emp_014798,2024-05-31,linkedin
emp_014799,2024-04-01,conference
emp_014800,2024-05-01,linkedin
emp_014801,2022-05-01,recruiter
emp_014802,2024-05-31,referral
emp_014803,2021-12-31,company_site
emp_014804,2022-08-31,recruiter
emp_014805,2025-06-01,referral
emp_014806,2024-11-30,company_site
emp_014807,2024-07-01,linkedin
emp_014808,2018-12-31,referral
emp_014809,2024-05-01,company_site
emp_014810,2023-03-02,boomerang
emp_014811,2024-07-31,linkedin
emp_014812,2024-05-01,recruiter
emp_014813,2024-11-30,linkedin
emp_014814,2024-11-30,university
emp_014815,2020-08-31,referral
emp_014816,2025-05-01,linkedin
emp_014817,2025-05-01,boomerang
emp_014818,2024-08-31,boomerang
emp_014819,2025-01-30,linkedin
emp_014820,2024-03-01,linkedin
emp_014821,2023-10-01,linkedin
emp_014822,2026-06-01,company_site
emp_014823,2020-03-31,boomerang
emp_014824,2021-03-01,referral
emp_014825,2024-10-31,university
emp_014826,2022-03-02,linkedin
emp_014827,2022-08-31,conference
emp_014828,2025-05-01,linkedin
emp_014829,2025-03-01,linkedin
emp_014830,2022-12-01,recruiter
emp_014831,2024-12-31,referral
emp_014832,2024-10-31,referral
emp_014833,2025-08-01,referral
emp_014834,2021-06-01,company_site
emp_014835,2024-07-31,company_site
emp_014836,2024-04-01,linkedin
emp_014837,2025-07-01,recruiter
emp_014838,2021-12-31,linkedin
emp_014839,2022-07-01,referral
emp_014840,2026-03-02,linkedin
emp_014841,2020-07-31,linkedin
emp_014842,2024-08-31,linkedin
emp_014843,2024-05-31,conference
emp_014844,2021-07-01,recruiter
emp_014845,2025-04-01,recruiter
emp_014846,2025-12-31,company_site
emp_014847,2022-08-01,company_site
emp_014848,2024-05-01,referral
emp_014849,2025-04-01,conference
emp_014850,2024-01-31,recruiter
emp_014851,2025-08-31,university
emp_014852,2024-07-31,linkedin
emp_014853,2023-12-31,boomerang
emp_014854,2024-07-01,linkedin
emp_014855,2024-10-31,company_site
emp_014856,2023-06-01,recruiter
emp_014857,2024-01-31,recruiter
emp_014858,2023-12-01,university
emp_014859,2024-07-31,referral
emp_014860,2025-08-01,recruiter
emp_014861,2020-03-01,linkedin
emp_014862,2024-04-01,referral
emp_014863,2024-07-31,linkedin
emp_014864,2024-04-01,referral
emp_014865,2022-05-01,linkedin
emp_014866,2025-10-01,company_site
emp_014867,2025-03-01,linkedin
emp_014868,2023-12-01,referral
emp_014869,2022-10-31,referral
emp_014870,2023-05-02,referral
emp_014871,2026-05-02,referral
emp_014872,2025-01-30,linkedin
emp_014873,2025-08-01,referral
emp_014874,2024-05-31,referral
emp_014875,2025-01-30,referral
emp_014876,2024-11-30,recruiter
emp_014877,2024-11-30,company_site
emp_014878,2020-03-31,linkedin
emp_014879,2024-10-31,recruiter
emp_014880,2022-08-01,recruiter
emp_014881,2024-07-31,linkedin
emp_014882,2025-08-01,university
emp_014883,2024-10-31,recruiter
emp_014884,2025-07-01,linkedin
emp_014885,2021-11-30,conference
emp_014886,2026-01-30,referral
emp_014887,2019-08-31,referral
emp_014888,2025-03-01,recruiter
emp_014889,2016-10-30,boomerang
emp_014890,2024-03-01,company_site
emp_014891,2026-06-01,company_site
emp_014892,2022-07-01,company_site
emp_014893,2024-07-31,referral
emp_014894,2020-03-01,referral
emp_014895,2023-05-02,referral
emp_014896,2023-10-01,linkedin
emp_014897,2024-07-31,referral
emp_014898,2022-05-01,company_site
emp_014899,2020-10-31,referral
emp_014900,2022-06-01,referral
emp_014901,2025-06-01,linkedin
emp_014902,2024-05-01,conference
emp_014903,2025-01-30,recruiter
emp_014904,2024-10-31,linkedin
emp_014905,2024-05-01,linkedin
emp_014906,2019-07-02,company_site
emp_014907,2024-05-01,referral
emp_014908,2025-08-31,referral
emp_014909,2025-10-01,referral
emp_014910,2025-10-01,recruiter
emp_014911,2019-01-30,recruiter
emp_014912,2025-07-01,referral
emp_014913,2022-08-31,company_site
emp_014914,2023-07-02,company_site
emp_014915,2024-01-31,linkedin
emp_014916,2025-05-01,recruiter
emp_014917,2025-05-01,company_site
emp_014918,2013-05-01,referral
emp_014919,2021-03-01,company_site
emp_014920,2025-03-01,referral
emp_014921,2024-08-31,referral
emp_014922,2024-01-31,referral
emp_014923,2020-03-31,recruiter
emp_014924,2023-10-01,linkedin
emp_014925,2025-10-01,recruiter
emp_014926,2025-07-01,university
emp_014927,2022-10-31,university
emp_014928,2023-06-01,company_site
emp_014929,2023-07-02,referral
emp_014930,2025-05-01,referral
emp_014931,2025-10-01,company_site
emp_014932,2020-07-01,linkedin
emp_014933,2025-01-30,university
emp_014934,2017-08-31,recruiter
emp_014935,2025-08-31,university
emp_014936,2023-06-01,referral
emp_014937,2020-05-31,recruiter
emp_014938,2026-01-30,referral
emp_014939,2025-12-31,university
emp_014940,2024-09-30,university
emp_014941,2025-04-01,referral
emp_014942,2023-12-31,conference
emp_014943,2023-12-31,company_site
emp_014944,2022-12-01,conference
emp_014945,2025-12-31,linkedin
emp_014946,2023-01-30,university
emp_014947,2022-10-31,boomerang
emp_014948,2020-07-31,referral
emp_014949,2023-08-01,linkedin
emp_014950,2022-06-01,university
emp_014951,2023-12-01,recruiter
emp_014952,2025-12-31,linkedin
emp_014953,2022-12-01,linkedin
emp_014954,2023-12-31,referral
emp_014955,2025-07-01,recruiter
emp_014956,2023-07-02,recruiter
emp_014957,2024-10-31,linkedin
emp_014958,2024-05-01,referral
emp_014959,2022-01-30,recruiter
emp_014960,2023-10-31,recruiter
emp_014961,2025-06-01,recruiter
emp_014962,2020-09-30,recruiter
emp_014963,2024-03-01,linkedin
emp_014964,2025-08-01,company_site
emp_014965,2024-03-01,linkedin
emp_014966,2023-07-02,recruiter
emp_014967,2025-08-31,company_site
emp_014968,2020-08-31,conference
emp_014969,2024-01-31,recruiter
emp_014970,2021-08-31,recruiter
emp_014971,2025-10-31,linkedin
emp_014972,2024-01-31,linkedin
emp_014973,2021-07-01,recruiter
emp_014974,2021-05-01,linkedin
emp_014975,2025-01-30,referral
emp_014976,2023-04-01,referral
emp_014977,2022-10-01,referral
emp_014978,2023-07-02,boomerang
emp_014979,2025-10-01,linkedin
emp_014980,2024-04-01,recruiter
emp_014981,2024-05-31,referral
emp_014982,2019-08-01,company_site
emp_014983,2017-10-31,linkedin
emp_014984,2024-09-30,referral
emp_014985,2022-01-30,linkedin
emp_014986,2022-12-31,recruiter
emp_014987,2022-10-31,recruiter
emp_014988,2024-09-30,referral
emp_014989,2024-09-30,recruiter
emp_014990,2024-03-01,recruiter
emp_014991,2022-05-01,recruiter
emp_014992,2026-01-30,recruiter
emp_014993,2025-11-30,referral
emp_014994,2024-10-31,boomerang
emp_014995,2023-06-01,recruiter
emp_014996,2017-07-01,company_site
emp_014997,2025-12-31,company_site
emp_014998,2023-10-31,recruiter
emp_014999,2023-06-01,referral
emp_015000,2021-11-30,linkedin
emp_015001,2023-01-30,linkedin
emp_015002,2023-12-01,boomerang
emp_015003,2025-08-01,referral
emp_015004,2021-12-31,referral
emp_015005,2023-10-31,referral
emp_015006,2023-01-30,recruiter
emp_015007,2023-12-01,conference
emp_015008,2025-11-30,recruiter
emp_015009,2024-10-31,linkedin
emp_015010,2025-04-01,recruiter
emp_015011,2025-03-01,referral
emp_015012,2024-11-30,recruiter
emp_015013,2024-05-01,recruiter
emp_015014,2023-01-30,linkedin
emp_015015,2025-04-01,recruiter
emp_015016,2023-10-01,company_site
emp_015017,2024-01-31,linkedin
emp_015018,2025-01-30,recruiter
emp_015019,2024-05-31,linkedin
emp_015020,2024-12-31,referral
emp_015021,2023-10-01,linkedin
emp_015022,2024-10-31,linkedin
emp_015023,2024-05-01,referral
emp_015024,2023-06-01,referral
emp_015025,2020-05-31,company_site
emp_015026,2016-07-01,linkedin
emp_015027,2024-01-31,referral
emp_015028,2021-11-30,recruiter
emp_015029,2023-07-02,company_site
emp_015030,2024-11-30,linkedin
emp_015031,2023-04-01,linkedin
emp_015032,2024-05-31,recruiter
emp_015033,2024-09-30,linkedin
emp_015034,2015-03-02,linkedin
emp_015035,2024-09-30,linkedin
emp_015036,2022-12-01,company_site
emp_015037,2023-03-02,referral
emp_015038,2023-07-02,recruiter
emp_015039,2024-07-01,referral
emp_015040,2021-10-31,recruiter
emp_015041,2022-07-01,linkedin
emp_015042,2020-08-31,company_site
emp_015043,2025-06-01,recruiter
emp_015044,2026-01-30,company_site
emp_015045,2018-10-01,linkedin
emp_015046,2024-05-01,linkedin
emp_015047,2024-10-31,referral
emp_015048,2023-12-31,referral
emp_015049,2025-10-31,company_site
emp_015050,2023-12-31,recruiter
emp_015051,2024-05-01,referral
emp_015052,2021-08-01,recruiter
emp_015053,2019-10-31,referral
emp_015054,2025-05-01,referral
emp_015055,2021-08-01,referral
emp_015056,2024-04-01,linkedin
emp_015057,2023-10-01,university
emp_015058,2022-06-01,recruiter
emp_015059,2022-05-01,boomerang
emp_015060,2024-01-31,linkedin
emp_015061,2025-12-31,university
emp_015062,2023-01-30,company_site
emp_015063,2021-06-01,referral
emp_015064,2024-07-01,recruiter
emp_015065,2022-05-01,recruiter
emp_015066,2021-06-01,linkedin
emp_015067,2024-05-31,linkedin
emp_015068,2023-06-01,referral
emp_015069,2022-12-31,recruiter
emp_015070,2024-05-01,company_site
emp_015071,2020-01-31,recruiter
emp_015072,2022-03-02,university
emp_015073,2021-10-31,referral
emp_015074,2021-08-01,referral
emp_015075,2023-12-31,linkedin
emp_015076,2024-11-30,recruiter
emp_015077,2022-04-01,boomerang
emp_015078,2025-04-01,referral
emp_015079,2024-05-31,linkedin
emp_015080,2024-11-30,linkedin
emp_015081,2026-01-30,conference
emp_015082,2023-06-01,referral
emp_015083,2025-08-31,recruiter
emp_015084,2022-01-30,recruiter
emp_015085,2025-07-01,recruiter
emp_015086,2025-04-01,linkedin
emp_015087,2023-12-31,boomerang
emp_015088,2021-08-31,company_site
emp_015089,2022-10-31,referral
emp_015090,2024-08-31,recruiter
emp_015091,2023-05-02,referral
emp_015092,2025-12-31,linkedin
emp_015093,2025-11-30,linkedin
emp_015094,2023-08-01,linkedin
emp_015095,2021-06-01,conference
emp_015096,2023-01-30,referral
emp_015097,2026-01-30,referral
emp_015098,2025-05-01,linkedin
emp_015099,2025-10-31,recruiter
emp_015100,2025-01-30,referral
emp_015101,2025-03-01,referral
emp_015102,2021-08-31,referral
emp_015103,2026-03-02,company_site
emp_015104,2022-12-01,university
emp_015105,2022-12-31,company_site
emp_015106,2021-12-31,referral
emp_015107,2023-05-02,recruiter
emp_015108,2019-12-01,linkedin
emp_015109,2024-11-30,company_site
emp_015110,2023-12-01,conference
emp_015111,2018-08-01,referral
emp_015112,2022-10-31,referral
emp_015113,2023-12-01,company_site
emp_015114,2022-10-31,recruiter
emp_015115,2021-03-01,referral
emp_015116,2025-05-01,linkedin
emp_015117,2024-07-01,company_site
emp_015118,2022-08-31,referral
emp_015119,2026-07-01,referral
emp_015120,2026-06-01,recruiter
emp_015121,2023-03-02,company_site
emp_015122,2021-08-01,conference
emp_015123,2023-04-01,referral
emp_015124,2023-09-01,linkedin
emp_015125,2022-04-01,university
emp_015126,2023-01-30,referral
emp_015127,2018-08-01,boomerang
emp_015128,2024-07-01,linkedin
emp_015129,2023-09-01,referral
emp_015130,2024-07-31,referral
emp_015131,2024-01-31,referral
emp_015132,2013-12-30,recruiter
emp_015133,2024-03-01,university
emp_015134,2023-08-01,referral
emp_015135,2024-08-31,company_site
emp_015136,2019-12-01,recruiter
emp_015137,2025-12-31,recruiter
emp_015138,2026-07-01,linkedin
emp_015139,2024-10-31,referral
emp_015140,2025-10-01,linkedin
emp_015141,2024-07-01,referral
emp_015142,2021-08-01,linkedin
emp_015143,2024-12-31,recruiter
emp_015144,2018-04-01,recruiter
emp_015145,2024-11-30,linkedin
emp_015146,2018-10-31,recruiter
emp_015147,2024-11-30,referral
emp_015148,2021-05-01,recruiter
emp_015149,2024-10-31,recruiter
emp_015150,2024-12-31,referral
emp_015151,2022-07-01,recruiter
emp_015152,2024-04-01,linkedin
emp_015153,2024-05-01,referral
emp_015154,2024-08-31,referral
emp_015155,2020-03-01,boomerang
emp_015156,2025-03-01,referral
emp_015157,2024-11-30,university
emp_015158,2023-12-31,university
emp_015159,2025-10-31,referral
emp_015160,2021-12-31,linkedin
emp_015161,2023-08-01,company_site
emp_015162,2020-12-30,conference
emp_015163,2024-07-31,linkedin
emp_015164,2025-06-01,linkedin
emp_015165,2025-08-01,conference
emp_015166,2024-08-31,referral
emp_015167,2022-12-01,referral
emp_015168,2022-12-01,recruiter
emp_015169,2025-01-30,company_site
emp_015170,2023-08-01,linkedin
emp_015171,2024-01-31,recruiter
emp_015172,2022-10-31,referral
emp_015173,2024-12-31,referral
emp_015174,2023-12-31,conference
emp_015175,2025-11-30,referral
emp_015176,2025-06-01,referral
emp_015177,2024-08-31,recruiter
emp_015178,2024-03-01,university
emp_015179,2023-04-01,linkedin
emp_015180,2024-05-31,university
emp_015181,2025-06-01,company_site
emp_015182,2024-09-30,conference
emp_015183,2025-06-01,referral
emp_015184,2023-10-01,linkedin
emp_015185,2026-01-30,linkedin
emp_015186,2025-10-01,company_site
emp_015187,2023-12-01,referral
emp_015188,2025-11-30,company_site
emp_015189,2024-12-31,linkedin
emp_015190,2022-07-01,recruiter
emp_015191,2024-05-01,referral
emp_015192,2026-01-30,recruiter
emp_015193,2018-03-01,linkedin
emp_015194,2024-07-31,referral
emp_015195,2024-01-31,recruiter
emp_015196,2025-05-01,referral
emp_015197,2024-05-31,referral
emp_015198,2023-10-31,recruiter
emp_015199,2024-07-01,linkedin
emp_015200,2024-05-31,company_site
emp_015201,2025-08-31,referral
emp_015202,2024-04-01,referral
emp_015203,2023-07-02,company_site
emp_015204,2024-03-01,company_site
emp_015205,2024-01-31,referral
emp_015206,2024-04-01,company_site
emp_015207,2024-04-01,referral
emp_015208,2023-01-30,linkedin
emp_015209,2017-06-01,referral
emp_015210,2025-06-01,referral
emp_015211,2022-07-01,company_site
emp_015212,2024-10-31,company_site
emp_015213,2023-12-31,referral
emp_015214,2022-12-31,recruiter
emp_015215,2025-12-31,recruiter
emp_015216,2025-10-01,recruiter
emp_015217,2021-08-31,referral
emp_015218,2026-01-30,referral
emp_015219,2024-04-01,university
emp_015220,2025-04-01,referral
emp_015221,2025-11-30,recruiter
emp_015222,2019-12-01,linkedin
emp_015223,2023-12-31,company_site
emp_015224,2023-09-01,university
emp_015225,2025-10-01,university
emp_015226,2022-06-01,company_site
emp_015227,2021-10-31,referral
emp_015228,2024-07-31,boomerang
emp_015229,2024-08-31,referral
emp_015230,2025-10-31,linkedin
emp_015231,2020-05-31,company_site
emp_015232,2024-03-01,referral
emp_015233,2023-06-01,company_site
emp_015234,2024-05-31,linkedin
emp_015235,2023-03-02,university
emp_015236,2024-07-31,linkedin
emp_015237,2024-01-31,referral
emp_015238,2025-10-01,recruiter
emp_015239,2020-01-31,company_site
emp_015240,2023-08-01,recruiter
emp_015241,2024-12-31,referral
emp_015242,2025-05-01,linkedin
emp_015243,2022-05-01,referral
emp_015244,2024-04-01,conference
emp_015245,2025-01-30,company_site
emp_015246,2019-03-02,referral
emp_015247,2024-01-31,linkedin
emp_015248,2025-06-01,referral
emp_015249,2022-10-01,referral
emp_015250,2023-05-02,linkedin
emp_015251,2018-12-31,linkedin
emp_015252,2025-12-31,company_site
emp_015253,2024-01-31,boomerang
emp_015254,2023-12-31,linkedin
emp_015255,2023-09-01,referral
emp_015256,2022-07-01,recruiter
emp_015257,2024-04-01,linkedin
emp_015258,2024-07-01,recruiter
emp_015259,2022-01-30,referral
emp_015260,2024-09-30,referral
emp_015261,2025-10-01,referral
emp_015262,2025-08-01,company_site
emp_015263,2025-08-31,recruiter
emp_015264,2024-07-31,recruiter
emp_015265,2023-05-02,linkedin
emp_015266,2025-03-01,referral
emp_015267,2026-03-02,referral
emp_015268,2025-08-01,conference
emp_015269,2023-12-01,linkedin
emp_015270,2020-09-30,university
emp_015271,2020-01-31,linkedin
emp_015272,2025-10-01,linkedin
emp_015273,2023-10-31,company_site
emp_015274,2023-12-31,referral
emp_015275,2020-01-31,linkedin
emp_015276,2025-08-01,university
emp_015277,2025-05-01,linkedin
emp_015278,2024-07-01,referral
emp_015279,2023-03-02,university
emp_015280,2025-12-31,referral
emp_015281,2025-08-01,university
emp_015282,2023-08-01,linkedin
emp_015283,2022-10-01,linkedin
emp_015284,2024-09-30,linkedin
emp_015285,2024-01-31,linkedin
emp_015286,2026-03-02,linkedin
emp_015287,2018-03-01,referral
emp_015288,2022-08-31,boomerang
emp_015289,2026-04-01,linkedin
emp_015290,2024-07-01,recruiter
emp_015291,2018-11-30,company_site
emp_015292,2025-04-01,linkedin
emp_015293,2024-05-01,university
emp_015294,2024-12-31,recruiter
emp_015295,2023-07-02,referral
emp_015296,2022-08-01,recruiter
emp_015297,2023-12-01,linkedin
emp_015298,2024-04-01,company_site
emp_015299,2025-01-30,recruiter
emp_015300,2025-07-01,referral
emp_015301,2024-12-31,company_site
emp_015302,2024-04-01,linkedin
emp_015303,2025-03-01,referral
emp_015304,2024-11-30,company_site
emp_015305,2023-12-01,linkedin
emp_015306,2023-12-31,recruiter
emp_015307,2021-07-01,recruiter
emp_015308,2022-08-31,referral
emp_015309,2024-01-31,recruiter
emp_015310,2024-08-31,linkedin
emp_015311,2026-04-01,linkedin
emp_015312,2023-01-30,conference
emp_015313,2024-05-31,referral
emp_015314,2025-05-01,referral
emp_015315,2020-05-31,company_site
emp_015316,2025-01-30,referral
emp_015317,2025-05-01,referral
emp_015318,2023-12-31,referral
emp_015319,2022-06-01,linkedin
emp_015320,2021-08-01,referral
emp_015321,2022-12-01,recruiter
emp_015322,2024-07-31,company_site
emp_015323,2026-01-30,recruiter
emp_015324,2024-08-31,linkedin
emp_015325,2018-05-01,company_site
emp_015326,2022-07-01,linkedin
emp_015327,2023-12-31,referral
emp_015328,2018-12-31,company_site
emp_015329,2023-10-31,referral
emp_015330,2018-10-01,company_site
emp_015331,2025-04-01,recruiter
emp_015332,2023-05-02,linkedin
emp_015333,2024-07-01,conference
emp_015334,2023-05-02,referral
emp_015335,2022-01-30,referral
emp_015336,2023-04-01,linkedin
emp_015337,2018-01-30,company_site
emp_015338,2024-04-01,recruiter
emp_015339,2025-04-01,referral
emp_015340,2026-05-02,linkedin
emp_015341,2023-03-02,referral
emp_015342,2024-01-31,referral
emp_015343,2025-04-01,recruiter
emp_015344,2021-08-31,recruiter
emp_015345,2023-10-01,recruiter
emp_015346,2024-03-01,recruiter
emp_015347,2024-12-31,company_site
emp_015348,2017-10-31,company_site
emp_015349,2024-07-31,recruiter
emp_015350,2018-10-01,referral
emp_015351,2024-12-31,referral
emp_015352,2021-10-31,company_site
emp_015353,2025-06-01,recruiter
emp_015354,2018-04-01,recruiter
emp_015355,2023-09-01,recruiter
emp_015356,2024-07-31,referral
emp_015357,2025-05-01,linkedin
emp_015358,2024-05-01,referral
emp_015359,2022-10-01,linkedin
emp_015360,2024-07-01,company_site
emp_015361,2017-04-01,recruiter
emp_015362,2023-10-01,referral
emp_015363,2025-07-01,referral
emp_015364,2023-01-30,recruiter
emp_015365,2022-12-01,referral
emp_015366,2024-09-30,recruiter
emp_015367,2025-10-31,referral
emp_015368,2022-05-01,referral
emp_015369,2022-12-31,referral
emp_015370,2025-04-01,recruiter
emp_015371,2021-08-31,company_site
emp_015372,2024-05-01,linkedin
emp_015373,2024-08-31,conference
emp_015374,2024-05-01,linkedin
emp_015375,2023-07-02,university
emp_015376,2022-12-01,company_site
emp_015377,2020-03-01,recruiter
emp_015378,2022-10-01,company_site
emp_015379,2023-10-01,referral
emp_015380,2026-03-02,conference
emp_015381,2024-08-31,linkedin
emp_015382,2026-07-01,recruiter
emp_015383,2025-01-30,referral
emp_015384,2022-03-02,recruiter
emp_015385,2026-01-30,linkedin
emp_015386,2024-12-31,recruiter
emp_015387,2024-01-31,conference
emp_015388,2023-09-01,recruiter
emp_015389,2023-12-31,linkedin
emp_015390,2022-12-01,linkedin
emp_015391,2024-03-01,university
emp_015392,2022-04-01,referral
emp_015393,2024-10-31,linkedin
emp_015394,2023-09-01,linkedin
emp_015395,2020-08-31,linkedin
emp_015396,2025-08-01,recruiter
emp_015397,2025-07-01,referral
emp_015398,2024-03-01,university
emp_015399,2023-07-02,boomerang
emp_015400,2024-09-30,boomerang
emp_015401,2020-08-31,company_site
emp_015402,2024-05-01,conference
emp_015403,2022-08-31,company_site
emp_015404,2024-05-01,recruiter
emp_015405,2024-01-31,recruiter
emp_015406,2024-05-01,referral
emp_015407,2021-05-01,recruiter
emp_015408,2024-03-01,recruiter
emp_015409,2025-07-01,recruiter
emp_015410,2025-11-30,linkedin
emp_015411,2024-05-01,referral
emp_015412,2023-12-31,recruiter
emp_015413,2023-05-02,recruiter
emp_015414,2026-05-02,referral
emp_015415,2024-10-31,referral
emp_015416,2022-12-31,linkedin
emp_015417,2021-09-30,linkedin
emp_015418,2024-11-30,university
emp_015419,2020-05-01,university
emp_015420,2026-01-30,referral
emp_015421,2024-11-30,conference
emp_015422,2024-09-30,linkedin
emp_015423,2024-07-01,university
emp_015424,2024-05-31,linkedin
emp_015425,2025-11-30,linkedin
emp_015426,2025-01-30,recruiter
emp_015427,2022-06-01,company_site
emp_015428,2023-09-01,boomerang
emp_015429,2025-11-30,university
emp_015430,2023-07-02,conference
emp_015431,2021-10-31,company_site
emp_015432,2024-10-31,university
emp_015433,2022-10-01,referral
emp_015434,2025-03-01,referral
emp_015435,2024-07-31,university
emp_015436,2022-12-01,referral
emp_015437,2020-08-31,referral
emp_015438,2025-10-31,referral
emp_015439,2024-07-31,referral
emp_015440,2025-06-01,referral
emp_015441,2023-01-30,referral
emp_015442,2018-08-01,referral
emp_015443,2024-01-31,linkedin
emp_015444,2023-07-02,recruiter
emp_015445,2021-08-01,linkedin
emp_015446,2022-12-01,university
emp_015447,2021-04-01,linkedin
emp_015448,2023-12-31,university
emp_015449,2022-07-01,referral
emp_015450,2025-04-01,university
emp_015451,2024-09-30,company_site
emp_015452,2025-04-01,referral
emp_015453,2023-12-01,referral
emp_015454,2024-07-31,company_site
emp_015455,2026-05-02,company_site
emp_015456,2025-08-31,recruiter
emp_015457,2022-06-01,company_site
emp_015458,2024-12-31,recruiter
emp_015459,2024-05-31,referral
emp_015460,2023-07-02,linkedin
emp_015461,2025-03-01,linkedin
emp_015462,2024-08-31,linkedin
emp_015463,2025-10-31,company_site
emp_015464,2025-01-30,recruiter
emp_015465,2025-03-01,linkedin
emp_015466,2023-09-01,recruiter
emp_015467,2022-10-01,company_site
emp_015468,2024-05-31,referral
emp_015469,2021-07-01,conference
emp_015470,2022-03-02,conference
emp_015471,2024-08-31,referral
emp_015472,2024-11-30,recruiter
emp_015473,2022-04-01,recruiter
emp_015474,2025-05-01,recruiter
emp_015475,2023-04-01,boomerang
emp_015476,2025-05-01,company_site
emp_015477,2025-10-31,recruiter
emp_015478,2024-01-31,referral
emp_015479,2021-11-30,referral
emp_015480,2024-09-30,linkedin
emp_015481,2021-11-30,linkedin
emp_015482,2026-04-01,referral
emp_015483,2023-06-01,referral
emp_015484,2024-01-31,company_site
emp_015485,2023-01-30,university
emp_015486,2021-10-31,referral
emp_015487,2024-04-01,referral
emp_015488,2023-03-02,linkedin
emp_015489,2025-10-31,recruiter
emp_015490,2022-12-01,recruiter
emp_015491,2023-03-02,company_site
emp_015492,2024-05-31,referral
emp_015493,2024-05-01,linkedin
emp_015494,2023-08-01,linkedin
emp_015495,2025-08-31,company_site
emp_015496,2023-10-31,referral
emp_015497,2025-08-31,company_site
emp_015498,2025-10-01,referral
emp_015499,2023-04-01,referral
emp_015500,2022-10-31,company_site
emp_015501,2021-08-31,referral
emp_015502,2024-08-31,linkedin
emp_015503,2024-04-01,university
emp_015504,2023-10-31,boomerang
emp_015505,2024-08-31,conference
emp_015506,2025-08-01,company_site
emp_015507,2024-07-01,recruiter
emp_015508,2023-01-30,referral
emp_015509,2021-01-30,university
emp_015510,2025-08-01,linkedin
emp_015511,2023-12-01,referral
emp_015512,2026-01-30,company_site
emp_015513,2024-07-31,recruiter
emp_015514,2025-12-31,recruiter
emp_015515,2025-05-01,linkedin
emp_015516,2024-07-01,recruiter
emp_015517,2026-05-02,university
emp_015518,2026-04-01,company_site
emp_015519,2019-03-02,company_site
emp_015520,2025-01-30,referral
emp_015521,2024-10-31,linkedin
emp_015522,2025-05-01,linkedin
emp_015523,2025-04-01,linkedin
emp_015524,2023-03-02,company_site
emp_015525,2021-08-01,referral
emp_015526,2023-05-02,university
emp_015527,2024-07-01,company_site
emp_015528,2022-08-01,referral
emp_015529,2022-10-31,linkedin
emp_015530,2025-10-31,company_site
emp_015531,2022-07-01,recruiter
emp_015532,2022-08-01,linkedin
emp_015533,2025-01-30,company_site
emp_015534,2023-12-01,recruiter
emp_015535,2022-06-01,referral
emp_015536,2010-03-01,linkedin
emp_015537,2022-05-01,linkedin
emp_015538,2025-04-01,referral
emp_015539,2022-07-01,referral
emp_015540,2023-05-02,recruiter
emp_015541,2023-05-02,linkedin
emp_015542,2025-05-01,referral
emp_015543,2021-12-31,boomerang
emp_015544,2024-03-01,linkedin
emp_015545,2023-12-01,university
emp_015546,2025-08-31,linkedin
emp_015547,2023-03-02,recruiter
emp_015548,2023-10-31,linkedin
emp_015549,2015-06-01,boomerang
emp_015550,2024-10-31,referral
emp_015551,2025-11-30,referral
emp_015552,2022-08-31,company_site
emp_015553,2020-07-31,referral
emp_015554,2020-10-31,referral
emp_015555,2025-08-31,referral
emp_015556,2023-07-02,conference
emp_015557,2023-03-02,referral
emp_015558,2022-04-01,recruiter
emp_015559,2021-04-01,referral
emp_015560,2023-04-01,recruiter
emp_015561,2023-01-30,company_site
emp_015562,2023-10-31,referral
emp_015563,2024-01-31,referral
emp_015564,2024-03-01,boomerang
emp_015565,2022-01-30,linkedin
emp_015566,2022-03-02,referral
emp_015567,2025-04-01,referral
emp_015568,2023-12-31,linkedin
emp_015569,2021-06-01,referral
emp_015570,2019-10-01,recruiter
emp_015571,2025-08-01,recruiter
emp_015572,2023-12-01,linkedin
emp_015573,2025-10-01,recruiter
emp_015574,2022-08-31,referral
emp_015575,2024-07-01,recruiter
emp_015576,2024-05-31,boomerang
emp_015577,2025-03-01,university
emp_015578,2025-12-31,company_site
emp_015579,2023-12-31,referral
emp_015580,2025-05-01,recruiter
emp_015581,2024-10-31,referral
emp_015582,2024-05-31,recruiter
emp_015583,2024-07-31,company_site
emp_015584,2022-12-31,recruiter
emp_015585,2024-05-01,referral
emp_015586,2026-01-30,university
emp_015587,2019-10-31,recruiter
emp_015588,2022-04-01,referral
emp_015589,2026-05-02,linkedin
emp_015590,2023-03-02,company_site
emp_015591,2022-01-30,company_site
emp_015592,2025-05-01,recruiter
emp_015593,2024-07-01,boomerang
emp_015594,2021-07-01,referral
emp_015595,2024-01-31,linkedin
emp_015596,2025-01-30,referral
emp_015597,2022-12-31,recruiter
emp_015598,2023-12-01,university
emp_015599,2023-04-01,linkedin
emp_015600,2023-09-01,company_site
emp_015601,2023-12-01,linkedin
emp_015602,2025-06-01,linkedin
emp_015603,2023-10-31,recruiter
emp_015604,2023-12-01,university
emp_015605,2021-05-01,recruiter
emp_015606,2022-08-31,referral
emp_015607,2025-08-01,company_site
emp_015608,2025-08-31,recruiter
emp_015609,2023-06-01,recruiter
emp_015610,2020-11-30,referral
emp_015611,2022-12-01,recruiter
emp_015612,2024-04-01,company_site
emp_015613,2023-04-01,company_site
emp_015614,2024-11-30,recruiter
emp_015615,2023-08-01,referral
emp_015616,2025-08-31,company_site
emp_015617,2024-10-31,boomerang
emp_015618,2023-01-30,recruiter
emp_015619,2025-10-01,boomerang
emp_015620,2024-12-31,referral
emp_015621,2024-10-31,recruiter
emp_015622,2020-10-31,conference
emp_015623,2025-07-01,company_site
emp_015624,2023-03-02,referral
emp_015625,2024-10-31,university
emp_015626,2026-05-02,company_site
emp_015627,2024-07-31,referral
emp_015628,2022-07-01,company_site
emp_015629,2025-07-01,linkedin
emp_015630,2026-03-02,recruiter
emp_015631,2026-05-02,referral
emp_015632,2022-04-01,boomerang
emp_015633,2026-06-01,referral
emp_015634,2021-11-30,boomerang
emp_015635,2024-01-31,recruiter
emp_015636,2024-05-31,boomerang
emp_015637,2024-05-31,company_site
emp_015638,2023-12-31,referral
emp_015639,2025-08-01,linkedin
emp_015640,2023-10-31,recruiter
emp_015641,2019-01-30,recruiter
emp_015642,2021-08-31,referral
emp_015643,2024-08-31,linkedin
emp_015644,2025-07-01,company_site
emp_015645,2022-03-02,conference
emp_015646,2025-07-01,recruiter
emp_015647,2023-09-01,linkedin
emp_015648,2024-07-31,linkedin
emp_015649,2024-07-31,conference
emp_015650,2024-08-31,linkedin
emp_015651,2025-01-30,linkedin
emp_015652,2025-03-01,boomerang
emp_015653,2026-01-30,company_site
emp_015654,2022-12-01,linkedin
emp_015655,2025-08-31,linkedin
emp_015656,2025-08-01,referral
emp_015657,2023-10-01,referral
emp_015658,2020-01-31,company_site
emp_015659,2025-08-31,company_site
emp_015660,2025-11-30,referral
emp_015661,2025-03-01,university
emp_015662,2024-10-31,referral
emp_015663,2019-03-02,company_site
emp_015664,2024-04-01,recruiter
emp_015665,2024-05-01,linkedin
emp_015666,2023-08-01,recruiter
emp_015667,2024-08-31,linkedin
emp_015668,2022-12-01,referral
emp_015669,2022-12-01,referral
emp_015670,2024-03-01,company_site
emp_015671,2023-12-01,referral
emp_015672,2025-05-01,referral
emp_015673,2023-10-31,referral
emp_015674,2024-05-31,referral
emp_015675,2021-08-31,company_site
emp_015676,2024-03-01,university
emp_015677,2023-05-02,recruiter
emp_015678,2024-12-31,company_site
emp_015679,2025-10-31,recruiter
emp_015680,2024-05-31,company_site
emp_015681,2020-03-01,referral
emp_015682,2023-08-01,referral
emp_015683,2024-01-31,recruiter
emp_015684,2020-11-30,linkedin
emp_015685,2015-08-31,recruiter
emp_015686,2026-06-01,linkedin
emp_015687,2023-03-02,referral
emp_015688,2024-03-01,linkedin
emp_015689,2021-11-30,referral
emp_015690,2022-10-01,referral
emp_015691,2024-01-31,recruiter
emp_015692,2025-03-01,conference
emp_015693,2021-12-31,company_site
emp_015694,2025-10-01,conference
emp_015695,2026-06-01,linkedin
emp_015696,2019-07-02,conference
emp_015697,2019-03-02,recruiter
emp_015698,2019-10-31,university
emp_015699,2023-06-01,recruiter
emp_015700,2024-04-01,linkedin
emp_015701,2023-04-01,referral
emp_015702,2023-03-02,referral
emp_015703,2025-10-01,conference
emp_015704,2022-04-01,recruiter
emp_015705,2025-08-31,referral
emp_015706,2024-05-01,university
emp_015707,2025-10-01,linkedin
emp_015708,2025-10-01,recruiter
emp_015709,2025-06-01,recruiter
emp_015710,2024-05-01,linkedin
emp_015711,2026-07-01,company_site
emp_015712,2025-04-01,linkedin
emp_015713,2021-03-01,recruiter
emp_015714,2024-07-01,recruiter
emp_015715,2021-03-01,referral
emp_015716,2024-11-30,referral
emp_015717,2025-06-01,linkedin
emp_015718,2024-09-30,referral
emp_015719,2025-04-01,recruiter
emp_015720,2025-03-01,linkedin
emp_015721,2024-03-01,referral
emp_015722,2025-04-01,recruiter
emp_015723,2023-10-31,recruiter
emp_015724,2025-08-01,university
emp_015725,2024-10-31,referral
emp_015726,2024-04-01,referral
emp_015727,2017-01-30,linkedin
emp_015728,2024-11-30,company_site
emp_015729,2025-04-01,company_site
emp_015730,2022-10-01,referral
emp_015731,2023-09-01,conference
emp_015732,2024-04-01,linkedin
emp_015733,2024-09-30,linkedin
emp_015734,2024-12-31,company_site
emp_015735,2024-11-30,recruiter
emp_015736,2025-07-01,recruiter
emp_015737,2019-07-02,referral
emp_015738,2022-12-01,linkedin
emp_015739,2026-03-02,recruiter
emp_015740,2023-08-01,boomerang
emp_015741,2025-10-01,referral
emp_015742,2026-03-02,referral
emp_015743,2023-10-31,linkedin
emp_015744,2021-09-30,referral
emp_015745,2026-05-02,recruiter
emp_015746,2024-10-31,conference
emp_015747,2023-12-31,conference
emp_015748,2025-03-01,referral
emp_015749,2024-07-01,referral
emp_015750,2022-08-31,referral
emp_015751,2023-04-01,linkedin
emp_015752,2021-06-01,recruiter
emp_015753,2024-07-01,linkedin
emp_015754,2020-12-30,recruiter
emp_015755,2024-05-31,referral
emp_015756,2024-01-31,linkedin
emp_015757,2022-12-31,company_site
emp_015758,2023-10-01,linkedin
emp_015759,2024-04-01,conference
emp_015760,2025-04-01,referral
emp_015761,2024-07-31,company_site
emp_015762,2024-07-31,linkedin
emp_015763,2025-07-01,company_site
emp_015764,2025-03-01,company_site
emp_015765,2024-11-30,referral
emp_015766,2018-10-01,linkedin
emp_015767,2024-10-31,referral
emp_015768,2025-08-01,referral
emp_015769,2022-03-02,linkedin
emp_015770,2022-12-31,linkedin
emp_015771,2025-08-01,company_site
emp_015772,2024-07-01,linkedin
emp_015773,2023-06-01,referral
emp_015774,2021-04-01,referral
emp_015775,2025-06-01,university
emp_015776,2017-12-31,university
emp_015777,2022-07-01,conference
emp_015778,2024-05-01,referral
emp_015779,2025-08-01,linkedin
emp_015780,2023-06-01,university
emp_015781,2025-04-01,referral
emp_015782,2022-04-01,referral
emp_015783,2024-10-31,boomerang
emp_015784,2023-07-02,recruiter
emp_015785,2026-04-01,referral
emp_015786,2021-04-01,conference
emp_015787,2022-06-01,company_site
emp_015788,2024-09-30,linkedin
emp_015789,2025-08-01,linkedin
emp_015790,2024-09-30,boomerang
emp_015791,2022-06-01,company_site
emp_015792,2024-09-30,boomerang
emp_015793,2019-10-01,recruiter
emp_015794,2024-01-31,company_site
emp_015795,2025-03-01,company_site
emp_015796,2024-05-31,linkedin
emp_015797,2022-12-01,company_site
emp_015798,2016-11-30,company_site
emp_015799,2023-10-31,company_site
emp_015800,2023-05-02,referral
emp_015801,2023-07-02,referral
emp_015802,2023-04-01,referral
emp_015803,2023-12-01,university
emp_015804,2024-08-31,linkedin
emp_015805,2022-04-01,university
emp_015806,2024-10-31,linkedin
emp_015807,2020-03-31,company_site
emp_015808,2025-04-01,referral
emp_015809,2023-10-31,referral
emp_015810,2022-01-30,boomerang
emp_015811,2023-10-01,company_site
emp_015812,2023-12-01,conference
emp_015813,2023-07-02,referral
emp_015814,2025-11-30,linkedin
emp_015815,2018-06-01,recruiter
emp_015816,2023-01-30,university
emp_015817,2024-11-30,recruiter
emp_015818,2024-10-31,linkedin
emp_015819,2025-08-01,linkedin
emp_015820,2023-04-01,referral
emp_015821,2016-12-30,linkedin
emp_015822,2024-12-31,recruiter
emp_015823,2023-04-01,referral
emp_015824,2021-07-01,linkedin
emp_015825,2024-03-01,linkedin
emp_015826,2022-08-31,boomerang
emp_015827,2024-09-30,boomerang
emp_015828,2025-03-01,linkedin
emp_015829,2023-10-31,linkedin
emp_015830,2024-09-30,linkedin
emp_015831,2025-06-01,referral
emp_015832,2023-01-30,company_site
emp_015833,2024-04-01,recruiter
emp_015834,2025-10-01,referral
emp_015835,2024-12-31,recruiter
emp_015836,2021-12-31,recruiter
emp_015837,2025-07-01,linkedin
emp_015838,2025-07-01,referral
emp_015839,2023-08-01,referral
emp_015840,2024-07-01,university
emp_015841,2023-01-30,linkedin
emp_015842,2023-12-31,linkedin
emp_015843,2025-03-01,company_site
emp_015844,2022-06-01,company_site
emp_015845,2021-06-01,recruiter
emp_015846,2022-01-30,company_site
emp_015847,2023-03-02,recruiter
emp_015848,2023-07-02,company_site
emp_015849,2026-01-30,linkedin
emp_015850,2025-01-30,referral
emp_015851,2023-05-02,company_site
emp_015852,2025-01-30,linkedin
emp_015853,2022-10-01,recruiter
emp_015854,2021-08-01,referral
emp_015855,2025-12-31,company_site
emp_015856,2023-09-01,recruiter
emp_015857,2023-07-02,linkedin
emp_015858,2024-09-30,recruiter
emp_015859,2021-07-01,company_site
emp_015860,2024-10-31,linkedin
emp_015861,2025-10-31,referral
emp_015862,2026-07-01,university
emp_015863,2025-10-01,linkedin
emp_015864,2023-01-30,referral
emp_015865,2023-01-30,company_site
emp_015866,2024-10-31,referral
emp_015867,2025-01-30,referral
emp_015868,2020-05-01,recruiter
emp_015869,2022-03-02,linkedin
emp_015870,2023-04-01,linkedin
emp_015871,2022-06-01,company_site
emp_015872,2023-07-02,referral
emp_015873,2024-10-31,recruiter
emp_015874,2023-04-01,university
emp_015875,2023-05-02,recruiter
emp_015876,2025-10-31,recruiter
emp_015877,2024-01-31,recruiter
emp_015878,2024-01-31,recruiter
emp_015879,2024-04-01,recruiter
emp_015880,2023-07-02,university
emp_015881,2019-12-31,linkedin
emp_015882,2023-12-31,linkedin
emp_015883,2023-10-31,recruiter
emp_015884,2023-12-31,recruiter
emp_015885,2021-11-30,recruiter
emp_015886,2023-08-01,recruiter
emp_015887,2024-08-31,company_site
emp_015888,2025-04-01,referral
emp_015889,2024-10-31,company_site
emp_015890,2019-06-01,linkedin
emp_015891,2024-04-01,linkedin
emp_015892,2025-06-01,referral
emp_015893,2023-12-31,company_site
emp_015894,2025-08-01,referral
emp_015895,2020-05-01,university
emp_015896,2024-08-31,linkedin
emp_015897,2025-08-31,boomerang
emp_015898,2025-03-01,referral
emp_015899,2022-12-01,referral
emp_015900,2024-09-30,university
emp_015901,2025-07-01,referral
emp_015902,2023-09-01,linkedin
emp_015903,2025-10-01,referral
emp_015904,2019-01-30,recruiter
emp_015905,2022-05-01,linkedin
emp_015906,2021-04-01,referral
emp_015907,2024-08-31,company_site
emp_015908,2024-05-01,referral
emp_015909,2024-05-01,referral
emp_015910,2023-08-01,recruiter
emp_015911,2023-12-01,linkedin
emp_015912,2024-03-01,conference
emp_015913,2023-09-01,boomerang
emp_015914,2023-01-30,referral
emp_015915,2025-11-30,referral
emp_015916,2024-08-31,referral
emp_015917,2025-08-31,company_site
emp_015918,2025-08-01,linkedin
emp_015919,2022-12-31,boomerang
emp_015920,2025-10-31,linkedin
emp_015921,2025-07-01,recruiter
emp_015922,2023-12-31,conference
emp_015923,2024-07-01,referral
emp_015924,2020-11-30,company_site
emp_015925,2023-06-01,referral
emp_015926,2024-10-31,linkedin
emp_015927,2025-04-01,referral
emp_015928,2026-07-01,referral
emp_015929,2023-08-01,linkedin
emp_015930,2020-01-31,recruiter
emp_015931,2025-12-31,referral
emp_015932,2024-01-31,conference
emp_015933,2022-01-30,referral
emp_015934,2017-04-01,linkedin
emp_015935,2025-10-31,university
emp_015936,2022-10-01,company_site
emp_015937,2022-12-31,university
emp_015938,2019-07-02,university
emp_015939,2023-07-02,referral
emp_015940,2023-03-02,referral
emp_015941,2025-01-30,boomerang
emp_015942,2025-03-01,company_site
emp_015943,2024-12-31,linkedin
emp_015944,2026-06-01,referral
emp_015945,2024-07-01,linkedin
emp_015946,2019-03-02,recruiter
emp_015947,2024-05-31,recruiter
emp_015948,2022-07-01,university
emp_015949,2024-07-01,linkedin
emp_015950,2023-10-31,recruiter
emp_015951,2021-11-30,linkedin
emp_015952,2024-01-31,referral
emp_015953,2025-10-01,recruiter
emp_015954,2024-01-31,linkedin
emp_015955,2018-06-01,company_site
emp_015956,2026-05-02,linkedin
emp_015957,2021-01-30,company_site
emp_015958,2023-08-01,referral
emp_015959,2022-08-01,recruiter
emp_015960,2024-05-31,linkedin
emp_015961,2025-03-01,recruiter
emp_015962,2025-10-31,company_site
emp_015963,2025-03-01,company_site
emp_015964,2024-05-01,referral
emp_015965,2022-01-30,linkedin
emp_015966,2023-05-02,recruiter
emp_015967,2022-06-01,conference
emp_015968,2025-08-01,linkedin
emp_015969,2025-05-01,linkedin
emp_015970,2025-04-01,company_site
emp_015971,2023-01-30,linkedin
emp_015972,2024-07-01,referral
emp_015973,2024-07-01,recruiter
emp_015974,2023-12-01,linkedin
emp_015975,2022-07-01,recruiter
emp_015976,2024-05-01,linkedin
emp_015977,2025-05-01,recruiter
emp_015978,2023-01-30,referral
emp_015979,2023-10-31,recruiter
emp_015980,2024-09-30,linkedin
emp_015981,2023-10-31,university
emp_015982,2022-04-01,referral
emp_015983,2022-07-01,company_site
emp_015984,2025-10-31,company_site
emp_015985,2023-12-01,recruiter
emp_015986,2021-07-01,referral
emp_015987,2025-10-31,recruiter
emp_015988,2025-06-01,referral
emp_015989,2024-05-31,linkedin
emp_015990,2019-10-31,referral
emp_015991,2025-08-01,recruiter
emp_015992,2025-05-01,university
emp_015993,2021-01-30,referral
emp_015994,2025-06-01,referral
emp_015995,2025-08-01,boomerang
emp_015996,2026-05-02,linkedin
emp_015997,2022-03-02,company_site
emp_015998,2023-12-01,boomerang
emp_015999,2017-07-01,company_site
emp_016000,2026-01-30,university
emp_016001,2022-04-01,referral
emp_016002,2020-12-30,boomerang
emp_016003,2021-08-31,recruiter
emp_016004,2025-04-01,recruiter
emp_016005,2022-08-01,recruiter
emp_016006,2022-05-01,recruiter
emp_016007,2024-05-31,linkedin
emp_016008,2025-06-01,linkedin
emp_016009,2025-07-01,university
emp_016010,2021-08-01,linkedin
emp_016011,2025-11-30,referral
emp_016012,2024-11-30,linkedin
emp_016013,2024-11-30,linkedin
emp_016014,2022-10-01,recruiter
emp_016015,2024-04-01,company_site
emp_016016,2024-07-31,referral
emp_016017,2023-04-01,company_site
emp_016018,2017-12-31,company_site
emp_016019,2024-07-01,company_site
emp_016020,2025-05-01,referral
emp_016021,2023-12-31,referral
emp_016022,2024-05-31,recruiter
emp_016023,2025-08-01,university
emp_016024,2024-05-31,recruiter
emp_016025,2022-01-30,referral
emp_016026,2025-11-30,conference
emp_016027,2025-05-01,linkedin
emp_016028,2022-04-01,referral
emp_016029,2024-05-01,referral
emp_016030,2026-04-01,linkedin
emp_016031,2025-03-01,linkedin
emp_016032,2025-07-01,linkedin
emp_016033,2025-10-31,conference
emp_016034,2025-07-01,recruiter
emp_016035,2024-07-31,recruiter
emp_016036,2012-11-30,company_site
emp_016037,2021-04-01,linkedin
emp_016038,2024-01-31,company_site
emp_016039,2024-12-31,referral
emp_016040,2024-09-30,linkedin
emp_016041,2024-12-31,recruiter
emp_016042,2024-12-31,recruiter
emp_016043,2025-01-30,company_site
emp_016044,2024-11-30,company_site
emp_016045,2025-01-30,recruiter
emp_016046,2025-12-31,referral
emp_016047,2021-06-01,boomerang
emp_016048,2024-09-30,linkedin
emp_016049,2023-12-01,referral
emp_016050,2024-03-01,linkedin
emp_016051,2022-01-30,university
emp_016052,2024-07-01,recruiter
emp_016053,2023-06-01,university
emp_016054,2025-01-30,company_site
emp_016055,2024-10-31,referral
emp_016056,2022-08-31,referral
emp_016057,2024-12-31,referral
emp_016058,2022-10-01,company_site
emp_016059,2025-05-01,company_site
emp_016060,2023-10-01,company_site
emp_016061,2024-03-01,linkedin
emp_016062,2024-01-31,company_site
emp_016063,2025-08-01,recruiter
emp_016064,2024-04-01,referral
emp_016065,2024-10-31,company_site
emp_016066,2026-03-02,referral
emp_016067,2023-07-02,referral
emp_016068,2024-01-31,referral
emp_016069,2022-12-01,linkedin
emp_016070,2021-01-30,linkedin
emp_016071,2025-10-01,referral
emp_016072,2024-08-31,company_site
emp_016073,2023-05-02,referral
emp_016074,2022-08-01,recruiter
emp_016075,2026-07-01,recruiter
emp_016076,2017-06-01,company_site
emp_016077,2025-01-30,university
emp_016078,2025-07-01,referral
emp_016079,2024-09-30,referral
emp_016080,2024-07-01,referral
emp_016081,2024-01-31,linkedin
emp_016082,2023-09-01,linkedin
emp_016083,2025-08-01,referral
emp_016084,2023-04-01,referral
emp_016085,2025-07-01,linkedin
emp_016086,2020-08-31,recruiter
emp_016087,2026-06-01,referral
emp_016088,2020-12-30,referral
emp_016089,2022-07-01,company_site
emp_016090,2024-09-30,referral
emp_016091,2024-12-31,university
emp_016092,2023-08-01,referral
emp_016093,2025-07-01,company_site
emp_016094,2025-05-01,referral
emp_016095,2025-08-31,conference
emp_016096,2023-12-31,recruiter
emp_016097,2025-01-30,boomerang
emp_016098,2023-07-02,company_site
emp_016099,2024-12-31,company_site
emp_016100,2025-07-01,referral
emp_016101,2024-05-01,linkedin
emp_016102,2025-06-01,conference
emp_016103,2021-04-01,referral
emp_016104,2023-05-02,linkedin
emp_016105,2023-10-01,linkedin
emp_016106,2020-12-30,referral
emp_016107,2023-12-31,referral
emp_016108,2023-12-31,referral
emp_016109,2025-04-01,recruiter
emp_016110,2022-10-01,conference
emp_016111,2024-07-31,company_site
emp_016112,2025-05-01,company_site
emp_016113,2023-12-01,company_site
emp_016114,2021-08-31,referral
emp_016115,2019-06-01,recruiter
emp_016116,2025-04-01,company_site
emp_016117,2025-04-01,university
emp_016118,2025-03-01,linkedin
emp_016119,2025-08-31,referral
emp_016120,2022-12-01,referral
emp_016121,2024-10-31,recruiter
emp_016122,2025-08-01,recruiter
emp_016123,2025-08-01,boomerang
emp_016124,2022-10-01,conference
emp_016125,2024-08-31,university
emp_016126,2022-04-01,referral
emp_016127,2025-03-01,linkedin
emp_016128,2023-10-01,referral
emp_016129,2022-03-02,company_site
emp_016130,2024-09-30,linkedin
emp_016131,2024-08-31,recruiter
emp_016132,2023-10-31,linkedin
emp_016133,2024-12-31,linkedin
emp_016134,2024-11-30,linkedin
emp_016135,2023-10-01,recruiter
emp_016136,2020-11-30,recruiter
emp_016137,2024-10-31,referral
emp_016138,2025-12-31,linkedin
emp_016139,2022-01-30,company_site
emp_016140,2022-08-31,referral
emp_016141,2024-03-01,referral
emp_016142,2024-07-31,university
emp_016143,2026-01-30,linkedin
emp_016144,2022-12-31,linkedin
emp_016145,2024-12-31,conference
emp_016146,2024-05-01,linkedin
emp_016147,2023-12-31,university
emp_016148,2023-12-01,company_site
emp_016149,2020-05-01,linkedin
emp_016150,2025-04-01,referral
emp_016151,2018-12-31,referral
emp_016152,2024-07-31,linkedin
emp_016153,2024-04-01,university
emp_016154,2025-07-01,company_site
emp_016155,2025-08-31,recruiter
emp_016156,2024-04-01,referral
emp_016157,2021-11-30,company_site
emp_016158,2023-09-01,recruiter
emp_016159,2024-05-01,conference
emp_016160,2022-12-01,linkedin
emp_016161,2019-05-02,boomerang
emp_016162,2024-09-30,company_site
emp_016163,2021-08-31,recruiter
emp_016164,2025-04-01,referral
emp_016165,2024-07-01,linkedin
emp_016166,2024-10-31,referral
emp_016167,2023-05-02,referral
emp_016168,2025-08-01,referral
emp_016169,2026-04-01,recruiter
emp_016170,2023-10-31,referral
emp_016171,2017-09-30,company_site
emp_016172,2025-08-31,linkedin
emp_016173,2022-12-31,referral
emp_016174,2025-10-31,boomerang
emp_016175,2024-05-31,company_site
emp_016176,2023-07-02,referral
emp_016177,2025-10-01,referral
emp_016178,2021-03-01,company_site
emp_016179,2025-04-01,referral
emp_016180,2022-04-01,recruiter
emp_016181,2022-08-01,recruiter
emp_016182,2025-04-01,university
emp_016183,2015-12-01,university
emp_016184,2024-08-31,linkedin
emp_016185,2021-08-31,conference
emp_016186,2023-10-31,referral
emp_016187,2022-07-01,company_site
emp_016188,2026-07-01,referral
emp_016189,2025-11-30,referral
emp_016190,2025-11-30,company_site
emp_016191,2022-04-01,referral
emp_016192,2024-07-31,referral
emp_016193,2020-08-31,referral
emp_016194,2023-01-30,linkedin
emp_016195,2025-06-01,linkedin
emp_016196,2016-07-31,referral
emp_016197,2019-05-02,recruiter
emp_016198,2022-04-01,company_site
emp_016199,2024-01-31,linkedin
emp_016200,2025-08-31,referral
emp_016201,2023-10-31,referral
emp_016202,2022-05-01,linkedin
emp_016203,2024-05-01,company_site
emp_016204,2021-07-01,referral
emp_016205,2025-11-30,company_site
emp_016206,2021-05-01,referral
emp_016207,2020-10-31,linkedin
emp_016208,2018-08-31,linkedin
emp_016209,2023-01-30,company_site
emp_016210,2023-05-02,recruiter
emp_016211,2024-04-01,recruiter
emp_016212,2023-05-02,company_site
emp_016213,2025-05-01,university
emp_016214,2019-07-02,university
emp_016215,2025-07-01,referral
emp_016216,2023-12-31,recruiter
emp_016217,2025-05-01,recruiter
emp_016218,2024-07-01,university
emp_016219,2018-10-31,referral
emp_016220,2023-06-01,linkedin
emp_016221,2023-10-31,company_site
emp_016222,2024-12-31,linkedin
emp_016223,2022-08-01,referral
emp_016224,2026-01-30,conference
emp_016225,2024-01-31,recruiter
emp_016226,2021-07-01,linkedin
emp_016227,2024-01-31,referral
emp_016228,2024-05-31,linkedin
emp_016229,2023-01-30,recruiter
emp_016230,2023-12-31,recruiter
emp_016231,2022-03-02,company_site
emp_016232,2023-04-01,linkedin
emp_016233,2024-05-31,boomerang
emp_016234,2024-05-01,recruiter
emp_016235,2024-05-01,recruiter
emp_016236,2024-10-31,recruiter
emp_016237,2026-03-02,company_site
emp_016238,2021-08-31,referral
emp_016239,2025-10-01,linkedin
emp_016240,2020-01-31,referral
emp_016241,2025-03-01,linkedin
emp_016242,2022-05-01,company_site
emp_016243,2019-07-02,linkedin
emp_016244,2019-12-01,company_site
emp_016245,2024-11-30,recruiter
emp_016246,2025-08-01,linkedin
emp_016247,2022-04-01,referral
emp_016248,2026-07-01,company_site
emp_016249,2022-10-01,university
emp_016250,2022-08-01,linkedin
emp_016251,2024-01-31,recruiter
emp_016252,2024-11-30,linkedin
emp_016253,2025-05-01,recruiter
emp_016254,2023-10-31,linkedin
emp_016255,2024-05-31,linkedin
emp_016256,2025-10-01,recruiter
emp_016257,2025-06-01,company_site
emp_016258,2024-07-31,recruiter
emp_016259,2024-11-30,company_site
emp_016260,2024-12-31,university
emp_016261,2020-08-31,university
emp_016262,2024-08-31,recruiter
emp_016263,2023-01-30,recruiter
emp_016264,2021-01-30,company_site
emp_016265,2024-10-31,recruiter
emp_016266,2021-08-31,referral
emp_016267,2024-07-01,recruiter
emp_016268,2022-08-31,linkedin
emp_016269,2019-04-01,referral
emp_016270,2018-12-31,university
emp_016271,2023-10-01,referral
emp_016272,2021-07-01,referral
emp_016273,2021-07-01,recruiter
emp_016274,2023-04-01,company_site
emp_016275,2019-06-01,referral
emp_016276,2025-06-01,university
emp_016277,2023-03-02,university
emp_016278,2025-01-30,referral
emp_016279,2025-05-01,conference
emp_016280,2023-09-01,company_site
emp_016281,2023-05-02,referral
emp_016282,2022-10-01,recruiter
emp_016283,2025-03-01,linkedin
emp_016284,2022-10-31,referral
emp_016285,2025-11-30,conference
emp_016286,2024-05-01,recruiter
emp_016287,2018-01-30,linkedin
emp_016288,2018-08-01,referral
emp_016289,2020-09-30,referral
emp_016290,2019-05-02,linkedin
emp_016291,2023-05-02,referral
emp_016292,2024-04-01,referral
emp_016293,2025-01-30,referral
emp_016294,2025-03-01,referral
emp_016295,2023-10-31,university
emp_016296,2023-04-01,referral
emp_016297,2025-07-01,conference
emp_016298,2025-11-30,linkedin
emp_016299,2022-03-02,linkedin
emp_016300,2023-04-01,company_site
emp_016301,2024-09-30,referral
emp_016302,2023-09-01,linkedin
emp_016303,2024-05-01,linkedin
emp_016304,2024-04-01,company_site
emp_016305,2025-07-01,recruiter
emp_016306,2022-08-01,company_site
emp_016307,2025-04-01,recruiter
emp_016308,2025-10-01,linkedin
emp_016309,2023-05-02,company_site
emp_016310,2021-12-31,recruiter
emp_016311,2025-03-01,company_site
emp_016312,2024-04-01,recruiter
emp_016313,2024-07-31,linkedin
emp_016314,2023-09-01,recruiter
emp_016315,2025-11-30,linkedin
emp_016316,2016-09-30,company_site
emp_016317,2024-03-01,referral
emp_016318,2024-05-01,referral
emp_016319,2023-09-01,referral
emp_016320,2023-08-01,company_site
emp_016321,2025-11-30,referral
emp_016322,2023-05-02,recruiter
emp_016323,2023-01-30,recruiter
emp_016324,2025-07-01,university
emp_016325,2022-12-31,linkedin
emp_016326,2019-04-01,referral
emp_016327,2023-05-02,company_site
emp_016328,2025-01-30,company_site
emp_016329,2021-10-31,referral
emp_016330,2021-10-31,referral
emp_016331,2021-10-31,referral
emp_016332,2025-05-01,linkedin
emp_016333,2026-03-02,recruiter
emp_016334,2024-01-31,referral
emp_016335,2019-05-02,recruiter
emp_016336,2024-12-31,company_site
emp_016337,2025-03-01,linkedin
emp_016338,2026-03-02,referral
emp_016339,2019-06-01,referral
emp_016340,2023-07-02,referral
emp_016341,2024-07-01,referral
emp_016342,2020-01-31,recruiter
emp_016343,2024-08-31,referral
emp_016344,2023-10-01,referral
emp_016345,2023-07-02,university
emp_016346,2025-08-31,referral
emp_016347,2024-05-31,recruiter
emp_016348,2023-04-01,boomerang
emp_016349,2023-10-01,linkedin
emp_016350,2025-01-30,linkedin
emp_016351,2025-05-01,referral
emp_016352,2024-08-31,recruiter
emp_016353,2022-12-31,company_site
emp_016354,2022-10-31,referral
emp_016355,2020-11-30,boomerang
emp_016356,2024-01-31,university
emp_016357,2020-12-30,conference
emp_016358,2022-12-01,linkedin
emp_016359,2022-07-01,referral
emp_016360,2022-12-31,university
emp_016361,2025-05-01,recruiter
emp_016362,2022-08-31,recruiter
emp_016363,2025-01-30,referral
emp_016364,2026-01-30,recruiter
emp_016365,2022-03-02,university
emp_016366,2024-11-30,recruiter
emp_016367,2024-01-31,recruiter
emp_016368,2022-12-31,company_site
emp_016369,2025-05-01,recruiter
emp_016370,2023-04-01,referral
emp_016371,2022-08-31,linkedin
emp_016372,2023-01-30,referral
emp_016373,2025-10-31,company_site
emp_016374,2025-07-01,linkedin
emp_016375,2024-01-31,referral
emp_016376,2024-07-01,linkedin
emp_016377,2023-12-01,linkedin
emp_016378,2022-10-31,recruiter
emp_016379,2025-12-31,recruiter
emp_016380,2025-08-31,university
emp_016381,2018-03-01,company_site
emp_016382,2020-09-30,recruiter
emp_016383,2018-01-30,referral
emp_016384,2024-08-31,referral
emp_016385,2025-03-01,referral
emp_016386,2025-10-01,linkedin
emp_016387,2024-10-31,linkedin
emp_016388,2021-12-31,company_site
emp_016389,2025-10-01,company_site
emp_016390,2022-12-01,referral
emp_016391,2024-05-01,referral
emp_016392,2025-10-01,company_site
emp_016393,2024-05-01,linkedin
emp_016394,2025-06-01,university
emp_016395,2025-03-01,referral
emp_016396,2023-10-31,university
emp_016397,2022-07-01,linkedin
emp_016398,2020-07-31,referral
emp_016399,2025-10-01,recruiter
emp_016400,2025-06-01,recruiter
emp_016401,2025-04-01,referral
emp_016402,2022-05-01,referral
emp_016403,2024-05-31,referral
emp_016404,2022-06-01,recruiter
emp_016405,2020-03-01,recruiter
emp_016406,2021-03-01,referral
emp_016407,2021-08-31,recruiter
emp_016408,2025-10-01,recruiter
emp_016409,2023-03-02,company_site
emp_016410,2025-10-01,recruiter
emp_016411,2024-01-31,recruiter
emp_016412,2025-03-01,recruiter
emp_016413,2024-09-30,company_site
emp_016414,2022-08-01,company_site
emp_016415,2020-03-01,boomerang
emp_016416,2024-11-30,university
emp_016417,2022-10-01,recruiter
emp_016418,2015-07-01,recruiter
emp_016419,2024-05-31,recruiter
emp_016420,2025-08-01,recruiter
emp_016421,2024-07-31,university
emp_016422,2025-11-30,boomerang
emp_016423,2021-04-01,linkedin
emp_016424,2022-08-31,linkedin
emp_016425,2024-05-31,linkedin
emp_016426,2024-01-31,linkedin
emp_016427,2024-03-01,referral
emp_016428,2025-04-01,recruiter
emp_016429,2025-06-01,company_site
emp_016430,2019-12-01,recruiter
emp_016431,2021-08-31,linkedin
emp_016432,2020-10-31,referral
emp_016433,2019-04-01,boomerang
emp_016434,2022-12-01,referral
emp_016435,2024-09-30,referral
emp_016436,2023-12-01,referral
emp_016437,2024-05-01,company_site
emp_016438,2020-08-31,recruiter
emp_016439,2024-12-31,recruiter
emp_016440,2024-01-31,linkedin
emp_016441,2024-03-01,referral
emp_016442,2024-04-01,recruiter
emp_016443,2024-04-01,linkedin
emp_016444,2025-05-01,referral
emp_016445,2023-08-01,referral
emp_016446,2022-01-30,company_site
emp_016447,2025-10-01,company_site
emp_016448,2022-12-31,linkedin
emp_016449,2022-01-30,linkedin
emp_016450,2024-03-01,referral
emp_016451,2021-08-01,referral
emp_016452,2025-01-30,recruiter
emp_016453,2022-08-01,recruiter
emp_016454,2020-08-31,linkedin
emp_016455,2020-08-31,company_site
emp_016456,2020-03-31,linkedin
emp_016457,2024-04-01,university
emp_016458,2022-10-31,company_site
emp_016459,2022-08-01,referral
emp_016460,2016-08-31,referral
emp_016461,2023-06-01,linkedin
emp_016462,2018-08-01,referral
emp_016463,2026-07-01,linkedin
emp_016464,2025-10-31,recruiter
emp_016465,2023-01-30,linkedin
emp_016466,2025-11-30,conference
emp_016467,2025-08-01,referral
emp_016468,2021-03-01,university
emp_016469,2024-04-01,linkedin
emp_016470,2023-12-31,referral
emp_016471,2022-08-31,recruiter
emp_016472,2024-04-01,recruiter
emp_016473,2022-08-31,university
emp_016474,2025-04-01,referral
emp_016475,2019-05-02,referral
emp_016476,2025-03-01,university
emp_016477,2023-05-02,recruiter
emp_016478,2021-12-31,recruiter
emp_016479,2024-12-31,recruiter
emp_016480,2022-04-01,recruiter
emp_016481,2023-10-31,referral
emp_016482,2020-11-30,linkedin
emp_016483,2023-10-31,recruiter
emp_016484,2024-11-30,referral
emp_016485,2019-06-01,referral
emp_016486,2021-01-30,referral
emp_016487,2024-12-31,recruiter
emp_016488,2025-10-31,referral
emp_016489,2024-03-01,referral
emp_016490,2026-03-02,referral
emp_016491,2024-07-01,linkedin
emp_016492,2024-10-31,recruiter
emp_016493,2025-04-01,university
emp_016494,2021-12-31,university
emp_016495,2006-07-01,referral
emp_016496,2023-07-02,recruiter
emp_016497,2023-12-01,recruiter
emp_016498,2018-12-31,referral
emp_016499,2025-05-01,referral
emp_016500,2022-04-01,referral
emp_016501,2024-12-31,conference
emp_016502,2025-06-01,referral
emp_016503,2022-12-01,linkedin
emp_016504,2024-05-01,linkedin
emp_016505,2019-05-02,referral
emp_016506,2024-10-31,recruiter
emp_016507,2023-10-31,boomerang
emp_016508,2022-06-01,boomerang
emp_016509,2021-04-01,linkedin
emp_016510,2023-09-01,company_site
emp_016511,2025-08-01,recruiter
emp_016512,2019-12-01,referral
emp_016513,2025-05-01,company_site
emp_016514,2021-01-30,recruiter
emp_016515,2022-08-31,linkedin
emp_016516,2024-09-30,linkedin
emp_016517,2016-11-30,referral
emp_016518,2024-05-31,boomerang
emp_016519,2024-10-31,university
emp_016520,2024-10-31,university
emp_016521,2022-08-31,company_site
emp_016522,2025-05-01,recruiter
emp_016523,2024-05-31,recruiter
emp_016524,2024-09-30,linkedin
emp_016525,2020-08-31,recruiter
emp_016526,2024-01-31,university
emp_016527,2026-04-01,referral
emp_016528,2021-06-01,referral
emp_016529,2024-04-01,linkedin
emp_016530,2023-10-01,university
emp_016531,2024-07-31,referral
emp_016532,2020-12-30,company_site
emp_016533,2024-03-01,linkedin
emp_016534,2024-10-31,recruiter
emp_016535,2022-01-30,company_site
emp_016536,2024-08-31,recruiter
emp_016537,2025-05-01,linkedin
emp_016538,2023-08-01,company_site
emp_016539,2024-10-31,referral
emp_016540,2026-05-02,company_site
emp_016541,2024-07-31,company_site
emp_016542,2023-07-02,recruiter
emp_016543,2017-04-01,linkedin
emp_016544,2022-12-31,linkedin
emp_016545,2021-07-01,referral
emp_016546,2024-03-01,company_site
emp_016547,2023-09-01,company_site
emp_016548,2022-12-01,conference
emp_016549,2025-10-01,linkedin
emp_016550,2021-07-01,company_site
emp_016551,2025-05-01,referral
emp_016552,2025-01-30,recruiter
emp_016553,2022-08-01,recruiter
emp_016554,2022-08-31,linkedin
emp_016555,2024-10-31,linkedin
emp_016556,2024-03-01,referral
emp_016557,2023-10-31,university
emp_016558,2023-07-02,recruiter
emp_016559,2024-01-31,conference
emp_016560,2024-09-30,recruiter
emp_016561,2025-05-01,linkedin
emp_016562,2019-06-01,referral
emp_016563,2024-07-01,company_site
emp_016564,2025-10-01,university
emp_016565,2024-08-31,linkedin
emp_016566,2024-04-01,university
emp_016567,2020-11-30,linkedin
emp_016568,2024-09-30,company_site
emp_016569,2023-09-01,recruiter
emp_016570,2024-09-30,boomerang
emp_016571,2023-10-01,linkedin
emp_016572,2025-03-01,boomerang
emp_016573,2022-10-01,boomerang
emp_016574,2021-12-31,recruiter
emp_016575,2025-11-30,recruiter
emp_016576,2026-03-02,referral
emp_016577,2024-07-01,linkedin
emp_016578,2026-03-02,recruiter
emp_016579,2023-05-02,boomerang
emp_016580,2025-07-01,linkedin
emp_016581,2023-05-02,referral
emp_016582,2019-12-31,linkedin
emp_016583,2025-11-30,conference
emp_016584,2020-03-01,linkedin
emp_016585,2024-01-31,linkedin
emp_016586,2019-07-02,company_site
emp_016587,2023-09-01,conference
emp_016588,2025-07-01,conference
emp_016589,2019-04-01,company_site
emp_016590,2025-08-01,recruiter
emp_016591,2022-05-01,boomerang
emp_016592,2020-05-31,linkedin
emp_016593,2025-01-30,company_site
emp_016594,2025-10-31,boomerang
emp_016595,2019-12-31,referral
emp_016596,2022-10-31,referral
emp_016597,2025-10-01,company_site
emp_016598,2024-11-30,linkedin
emp_016599,2023-03-02,referral
emp_016600,2022-08-31,company_site
emp_016601,2024-07-01,referral
emp_016602,2021-10-31,recruiter
emp_016603,2025-07-01,referral
emp_016604,2021-05-01,linkedin
emp_016605,2026-05-02,linkedin
emp_016606,2024-03-01,conference
emp_016607,2023-03-02,referral
emp_016608,2022-07-01,recruiter
emp_016609,2023-07-02,company_site
emp_016610,2023-01-30,linkedin
emp_016611,2022-10-31,linkedin
emp_016612,2022-03-02,conference
emp_016613,2023-10-01,linkedin
emp_016614,2023-10-31,conference
emp_016615,2019-01-30,recruiter
emp_016616,2023-06-01,recruiter
emp_016617,2020-03-01,company_site
emp_016618,2023-12-31,referral
emp_016619,2024-11-30,company_site
emp_016620,2024-12-31,boomerang
emp_016621,2023-09-01,linkedin
emp_016622,2023-06-01,referral
emp_016623,2019-08-31,recruiter
emp_016624,2019-07-02,linkedin
emp_016625,2020-12-30,linkedin
emp_016626,2025-04-01,linkedin
emp_016627,2024-03-01,recruiter
emp_016628,2021-04-01,recruiter
emp_016629,2023-05-02,university
emp_016630,2024-07-01,boomerang
emp_016631,2024-05-01,university
emp_016632,2023-08-01,linkedin
emp_016633,2022-03-02,company_site
emp_016634,2024-12-31,recruiter
emp_016635,2021-07-01,linkedin
emp_016636,2025-08-31,company_site
emp_016637,2023-07-02,recruiter
emp_016638,2022-06-01,linkedin
emp_016639,2023-12-31,referral
emp_016640,2024-07-01,referral
emp_016641,2024-05-01,company_site
emp_016642,2023-05-02,referral
emp_016643,2023-04-01,company_site
emp_016644,2018-08-31,referral
emp_016645,2020-03-01,linkedin
emp_016646,2022-01-30,company_site
emp_016647,2020-07-31,recruiter
emp_016648,2025-11-30,referral
emp_016649,2025-04-01,conference
emp_016650,2025-04-01,recruiter
emp_016651,2020-10-31,conference
emp_016652,2024-12-31,company_site
emp_016653,2024-10-31,recruiter
emp_016654,2022-12-01,linkedin
emp_016655,2020-05-31,linkedin
emp_016656,2023-08-01,referral
emp_016657,2024-07-31,boomerang
emp_016658,2024-12-31,referral
emp_016659,2023-01-30,referral
emp_016660,2024-07-01,referral
emp_016661,2024-08-31,referral
emp_016662,2024-08-31,company_site
emp_016663,2024-09-30,linkedin
emp_016664,2022-05-01,company_site
emp_016665,2024-07-31,linkedin
emp_016666,2017-01-30,recruiter
emp_016667,2025-07-01,university
emp_016668,2023-08-01,recruiter
emp_016669,2025-10-31,referral
emp_016670,2023-12-31,linkedin
emp_016671,2025-12-31,referral
emp_016672,2024-01-31,linkedin
emp_016673,2022-06-01,linkedin
emp_016674,2023-10-01,company_site
emp_016675,2022-10-31,recruiter
emp_016676,2015-06-01,conference
emp_016677,2025-03-01,referral
emp_016678,2024-03-01,company_site
emp_016679,2020-11-30,linkedin
emp_016680,2024-09-30,linkedin
emp_016681,2024-07-01,referral
emp_016682,2019-10-01,university
emp_016683,2021-06-01,company_site
emp_016684,2020-05-01,referral
emp_016685,2022-12-01,linkedin
emp_016686,2024-04-01,recruiter
emp_016687,2023-10-01,company_site
emp_016688,2025-08-01,linkedin
emp_016689,2013-01-30,linkedin
emp_016690,2024-03-01,referral
emp_016691,2023-12-01,linkedin
emp_016692,2024-12-31,referral
emp_016693,2024-04-01,boomerang
emp_016694,2024-08-31,referral
emp_016695,2023-03-02,referral
emp_016696,2014-05-01,linkedin
emp_016697,2023-07-02,recruiter
emp_016698,2024-03-01,linkedin
emp_016699,2023-04-01,boomerang
emp_016700,2024-01-31,referral
emp_016701,2024-09-30,referral
emp_016702,2019-01-30,company_site
emp_016703,2022-01-30,referral
emp_016704,2019-04-01,referral
emp_016705,2022-06-01,referral
emp_016706,2022-10-01,referral
emp_016707,2023-08-01,company_site
emp_016708,2023-05-02,referral
emp_016709,2024-07-01,recruiter
emp_016710,2025-08-01,linkedin
emp_016711,2026-04-01,company_site
emp_016712,2025-04-01,referral
emp_016713,2024-07-01,recruiter
emp_016714,2023-04-01,company_site
emp_016715,2025-11-30,referral
emp_016716,2025-08-31,university
emp_016717,2025-04-01,referral
emp_016718,2023-12-31,university
emp_016719,2023-12-31,linkedin
emp_016720,2024-04-01,referral
emp_016721,2023-04-01,linkedin
emp_016722,2025-01-30,linkedin
emp_016723,2025-04-01,referral
emp_016724,2026-03-02,company_site
emp_016725,2022-08-31,linkedin
emp_016726,2024-05-01,conference
emp_016727,2024-08-31,referral
emp_016728,2025-05-01,referral
emp_016729,2024-08-31,university
emp_016730,2026-01-30,recruiter
emp_016731,2024-07-01,recruiter
emp_016732,2025-12-31,linkedin
emp_016733,2023-08-01,recruiter
emp_016734,2024-10-31,referral
emp_016735,2023-03-02,linkedin
emp_016736,2023-12-01,referral
emp_016737,2021-07-01,linkedin
emp_016738,2019-10-31,university
emp_016739,2021-05-01,referral
emp_016740,2024-05-31,referral
emp_016741,2025-03-01,boomerang
emp_016742,2023-10-31,linkedin
emp_016743,2016-11-30,recruiter
emp_016744,2017-03-01,referral
emp_016745,2021-12-31,referral
emp_016746,2023-03-02,linkedin
emp_016747,2022-10-31,recruiter
emp_016748,2024-10-31,referral
emp_016749,2022-05-01,referral
emp_016750,2023-10-01,referral
emp_016751,2026-04-01,recruiter
emp_016752,2025-10-01,referral
emp_016753,2025-05-01,recruiter
emp_016754,2022-03-02,referral
emp_016755,2024-08-31,referral
emp_016756,2026-03-02,recruiter
emp_016757,2024-07-01,recruiter
emp_016758,2025-05-01,referral
emp_016759,2025-07-01,recruiter
emp_016760,2024-05-01,company_site
emp_016761,2025-06-01,company_site
emp_016762,2025-11-30,recruiter
emp_016763,2024-07-01,recruiter
emp_016764,2024-07-31,recruiter
emp_016765,2025-07-01,recruiter
emp_016766,2023-04-01,university
emp_016767,2023-01-30,recruiter
emp_016768,2023-08-01,referral
emp_016769,2021-06-01,referral
emp_016770,2023-08-01,linkedin
emp_016771,2024-12-31,linkedin
emp_016772,2021-08-01,referral
emp_016773,2021-01-30,linkedin
emp_016774,2025-05-01,recruiter
emp_016775,2025-10-31,referral
emp_016776,2025-01-30,referral
emp_016777,2016-09-30,linkedin
emp_016778,2025-04-01,linkedin
emp_016779,2023-04-01,boomerang
emp_016780,2023-03-02,company_site
emp_016781,2024-07-01,referral
emp_016782,2023-06-01,referral
emp_016783,2025-11-30,conference
emp_016784,2022-08-31,linkedin
emp_016785,2025-03-01,university
emp_016786,2023-01-30,referral
emp_016787,2025-10-31,conference
emp_016788,2024-03-01,referral
emp_016789,2025-10-31,recruiter
emp_016790,2024-07-31,recruiter
emp_016791,2026-01-30,company_site
emp_016792,2017-11-30,recruiter
emp_016793,2022-10-31,referral
emp_016794,2021-10-31,company_site
emp_016795,2022-10-31,recruiter
emp_016796,2024-09-30,company_site
emp_016797,2024-05-01,linkedin
emp_016798,2025-08-01,recruiter
emp_016799,2025-06-01,recruiter
emp_016800,2025-08-01,recruiter
emp_016801,2024-10-31,linkedin
emp_016802,2023-10-01,referral
emp_016803,2021-03-01,linkedin
emp_016804,2021-10-31,linkedin
emp_016805,2025-08-31,referral
emp_016806,2025-01-30,recruiter
emp_016807,2025-08-01,company_site
emp_016808,2023-05-02,recruiter
emp_016809,2025-12-31,recruiter
emp_016810,2022-08-01,referral
emp_016811,2022-06-01,linkedin
emp_016812,2023-12-31,linkedin
emp_016813,2026-04-01,referral
emp_016814,2024-12-31,recruiter
emp_016815,2019-07-02,recruiter
emp_016816,2020-03-31,recruiter
emp_016817,2023-10-01,referral
emp_016818,2021-01-30,university
emp_016819,2021-07-01,conference
emp_016820,2023-06-01,referral
emp_016821,2020-11-30,recruiter
emp_016822,2023-12-31,conference
emp_016823,2024-07-01,university
emp_016824,2025-03-01,linkedin
emp_016825,2023-08-01,referral
emp_016826,2024-03-01,recruiter
emp_016827,2024-07-31,linkedin
emp_016828,2025-07-01,linkedin
emp_016829,2025-07-01,referral
emp_016830,2024-01-31,conference
emp_016831,2020-12-30,referral
emp_016832,2022-01-30,university
emp_016833,2023-10-01,recruiter
emp_016834,2025-11-30,boomerang
emp_016835,2026-01-30,recruiter
emp_016836,2023-01-30,referral
emp_016837,2023-07-02,university
emp_016838,2022-10-31,referral
emp_016839,2023-03-02,recruiter
emp_016840,2024-04-01,boomerang
emp_016841,2025-05-01,referral
emp_016842,2024-07-31,referral
emp_016843,2023-05-02,recruiter
emp_016844,2024-04-01,referral
emp_016845,2022-06-01,recruiter
emp_016846,2024-05-31,linkedin
emp_016847,2025-10-01,recruiter
emp_016848,2025-08-31,linkedin
emp_016849,2021-03-01,referral
emp_016850,2022-12-01,recruiter
emp_016851,2025-04-01,university
emp_016852,2025-04-01,referral
emp_016853,2024-05-31,company_site
emp_016854,2024-12-31,recruiter
emp_016855,2025-10-01,linkedin
emp_016856,2023-04-01,referral
emp_016857,2025-04-01,linkedin
emp_016858,2025-06-01,boomerang
emp_016859,2024-07-01,recruiter
emp_016860,2021-11-30,referral
emp_016861,2023-06-01,university
emp_016862,2024-09-30,referral
emp_016863,2022-08-01,recruiter
emp_016864,2019-10-31,linkedin
emp_016865,2025-11-30,linkedin
emp_016866,2024-10-31,recruiter
emp_016867,2019-03-02,recruiter
emp_016868,2014-05-01,conference
emp_016869,2022-03-02,recruiter
emp_016870,2025-04-01,company_site
emp_016871,2024-08-31,boomerang
emp_016872,2022-10-01,recruiter
emp_016873,2024-11-30,recruiter
emp_016874,2021-10-31,referral
emp_016875,2022-04-01,company_site
emp_016876,2025-11-30,recruiter
emp_016877,2022-12-31,referral
emp_016878,2020-07-31,linkedin
emp_016879,2026-01-30,referral
emp_016880,2022-10-01,referral
emp_016881,2025-04-01,linkedin
emp_016882,2024-10-31,linkedin
emp_016883,2025-10-31,recruiter
emp_016884,2024-03-01,linkedin
emp_016885,2022-08-01,referral
emp_016886,2023-12-01,conference
emp_016887,2025-10-31,recruiter
emp_016888,2026-04-01,referral
emp_016889,2024-01-31,university
emp_016890,2023-12-01,linkedin
emp_016891,2022-12-01,company_site
emp_016892,2025-11-30,recruiter
emp_016893,2025-12-31,recruiter
emp_016894,2024-11-30,university
emp_016895,2018-07-01,boomerang
emp_016896,2024-01-31,boomerang
emp_016897,2023-09-01,referral
emp_016898,2026-04-01,referral
emp_016899,2023-01-30,recruiter
emp_016900,2020-03-01,boomerang
emp_016901,2025-10-31,university
emp_016902,2019-07-02,referral
emp_016903,2023-06-01,conference
emp_016904,2023-06-01,company_site
emp_016905,2020-07-01,company_site
emp_016906,2025-08-31,recruiter
emp_016907,2025-08-31,linkedin
emp_016908,2023-03-02,company_site
emp_016909,2025-06-01,linkedin
emp_016910,2024-05-31,company_site
emp_016911,2024-01-31,boomerang
emp_016912,2021-09-30,referral
emp_016913,2022-07-01,company_site
emp_016914,2023-03-02,university
emp_016915,2025-07-01,referral
emp_016916,2018-08-01,company_site
emp_016917,2022-10-31,referral
emp_016918,2025-05-01,boomerang
emp_016919,2024-05-31,referral
emp_016920,2024-07-01,linkedin
emp_016921,2025-05-01,recruiter
emp_016922,2024-03-01,recruiter
emp_016923,2024-07-01,company_site
emp_016924,2021-06-01,linkedin
emp_016925,2026-04-01,linkedin
emp_016926,2024-11-30,company_site
emp_016927,2022-06-01,linkedin
emp_016928,2024-12-31,referral
emp_016929,2021-06-01,recruiter
emp_016930,2025-08-31,linkedin
emp_016931,2024-11-30,recruiter
emp_016932,2021-08-31,recruiter
emp_016933,2022-10-31,referral
emp_016934,2020-09-30,recruiter
emp_016935,2024-10-31,referral
emp_016936,2020-09-30,referral
emp_016937,2025-04-01,linkedin
emp_016938,2022-12-01,company_site
emp_016939,2021-05-01,referral
emp_016940,2022-08-01,university
emp_016941,2022-07-01,boomerang
emp_016942,2022-08-31,recruiter
emp_016943,2023-03-02,conference
emp_016944,2023-06-01,boomerang
emp_016945,2024-05-01,recruiter
emp_016946,2024-07-31,linkedin
emp_016947,2020-05-01,recruiter
emp_016948,2024-05-31,linkedin
emp_016949,2024-04-01,referral
emp_016950,2025-01-30,university
emp_016951,2023-01-30,referral
emp_016952,2024-07-01,linkedin
emp_016953,2023-12-31,referral
emp_016954,2022-08-01,linkedin
emp_016955,2024-04-01,recruiter
emp_016956,2023-07-02,company_site
emp_016957,2024-08-31,company_site
emp_016958,2023-10-31,company_site
emp_016959,2024-09-30,company_site
emp_016960,2025-08-31,recruiter
emp_016961,2023-10-31,linkedin
emp_016962,2021-08-31,conference
emp_016963,2024-10-31,linkedin
emp_016964,2024-11-30,referral
emp_016965,2024-08-31,referral
emp_016966,2020-03-01,linkedin
emp_016967,2025-06-01,referral
emp_016968,2024-09-30,linkedin
emp_016969,2021-08-01,linkedin
emp_016970,2024-01-31,recruiter
emp_016971,2025-10-01,referral
emp_016972,2023-05-02,referral
emp_016973,2024-07-01,referral
emp_016974,2026-01-30,recruiter
emp_016975,2024-01-31,linkedin
emp_016976,2024-04-01,company_site
emp_016977,2021-04-01,boomerang
emp_016978,2024-07-31,linkedin
emp_016979,2025-12-31,conference
emp_016980,2021-10-31,company_site
emp_016981,2021-11-30,company_site
emp_016982,2024-10-31,linkedin
emp_016983,2019-01-30,boomerang
emp_016984,2025-08-01,company_site
emp_016985,2024-11-30,referral
emp_016986,2022-10-31,referral
emp_016987,2023-12-31,referral
emp_016988,2023-09-01,boomerang
emp_016989,2021-09-30,company_site
emp_016990,2024-09-30,company_site
emp_016991,2023-12-01,referral
emp_016992,2023-07-02,company_site
emp_016993,2024-01-31,linkedin
emp_016994,2022-01-30,referral
emp_016995,2020-11-30,company_site
emp_016996,2024-05-01,linkedin
emp_016997,2022-10-31,company_site
emp_016998,2023-01-30,university
emp_016999,2024-01-31,linkedin
emp_017000,2024-04-01,university
emp_017001,2025-03-01,linkedin
emp_017002,2023-04-01,conference
emp_017003,2025-12-31,referral
emp_017004,2024-10-31,referral
emp_017005,2022-10-31,linkedin
emp_017006,2023-12-01,linkedin
emp_017007,2020-03-01,recruiter
emp_017008,2022-05-01,referral
emp_017009,2022-03-02,boomerang
emp_017010,2023-12-31,university
emp_017011,2021-09-30,linkedin
emp_017012,2021-10-31,linkedin
emp_017013,2024-09-30,recruiter
emp_017014,2023-10-01,recruiter
emp_017015,2020-03-01,referral
emp_017016,2022-06-01,referral
emp_017017,2024-11-30,linkedin
emp_017018,2024-01-31,university
emp_017019,2022-03-02,referral
emp_017020,2023-05-02,linkedin
emp_017021,2023-07-02,recruiter
emp_017022,2022-10-01,university
emp_017023,2025-06-01,company_site
emp_017024,2025-01-30,linkedin
emp_017025,2024-09-30,boomerang
emp_017026,2024-05-31,referral
emp_017027,2025-04-01,referral
emp_017028,2025-01-30,recruiter
emp_017029,2025-05-01,linkedin
emp_017030,2016-09-30,university
emp_017031,2025-07-01,referral
emp_017032,2024-12-31,recruiter
emp_017033,2024-11-30,recruiter
emp_017034,2025-03-01,recruiter
emp_017035,2016-11-30,referral
emp_017036,2021-04-01,recruiter
emp_017037,2025-06-01,linkedin
emp_017038,2017-10-31,referral
emp_017039,2025-08-01,linkedin
emp_017040,2018-10-01,linkedin
emp_017041,2023-05-02,referral
emp_017042,2020-01-31,referral
emp_017043,2022-10-01,referral
emp_017044,2021-10-31,linkedin
emp_017045,2024-12-31,linkedin
emp_017046,2025-07-01,referral
emp_017047,2024-07-01,linkedin
emp_017048,2024-07-31,recruiter
emp_017049,2025-12-31,referral
emp_017050,2024-08-31,recruiter
emp_017051,2025-07-01,linkedin
emp_017052,2023-06-01,linkedin
emp_017053,2024-04-01,recruiter
emp_017054,2024-07-31,company_site
emp_017055,2025-08-01,referral
emp_017056,2019-12-31,recruiter
emp_017057,2025-12-31,linkedin
emp_017058,2025-03-01,linkedin
emp_017059,2024-09-30,boomerang
emp_017060,2019-08-31,referral
emp_017061,2024-07-31,linkedin
emp_017062,2022-08-31,linkedin
emp_017063,2024-05-31,recruiter
emp_017064,2024-12-31,linkedin
emp_017065,2024-11-30,conference
emp_017066,2025-08-31,recruiter
emp_017067,2024-07-31,recruiter
emp_017068,2021-03-01,recruiter
emp_017069,2025-03-01,referral
emp_017070,2024-09-30,referral
emp_017071,2024-07-31,referral
emp_017072,2020-11-30,referral
emp_017073,2021-08-01,recruiter
emp_017074,2025-04-01,recruiter
emp_017075,2024-07-01,linkedin
emp_017076,2024-10-31,referral
emp_017077,2025-01-30,linkedin
emp_017078,2021-04-01,recruiter
emp_017079,2023-10-31,linkedin
emp_017080,2022-12-01,boomerang
emp_017081,2024-01-31,recruiter
emp_017082,2024-09-30,linkedin
emp_017083,2018-08-31,recruiter
emp_017084,2015-08-01,linkedin
emp_017085,2021-08-01,recruiter
emp_017086,2024-11-30,referral
emp_017087,2022-01-30,recruiter
emp_017088,2024-05-31,recruiter
emp_017089,2023-10-01,linkedin
emp_017090,2021-10-31,company_site
emp_017091,2025-01-30,referral
emp_017092,2024-05-01,linkedin
emp_017093,2020-05-31,company_site
emp_017094,2024-03-01,linkedin
emp_017095,2025-06-01,referral
emp_017096,2025-08-01,linkedin
emp_017097,2025-10-01,linkedin
emp_017098,2020-05-31,recruiter
emp_017099,2025-08-31,referral
emp_017100,2023-04-01,referral
emp_017101,2024-12-31,boomerang
emp_017102,2023-09-01,recruiter
emp_017103,2023-12-31,referral
emp_017104,2023-10-01,company_site
emp_017105,2026-07-01,recruiter
emp_017106,2025-08-31,referral
emp_017107,2019-12-31,referral
emp_017108,2023-07-02,referral
emp_017109,2017-07-01,recruiter
emp_017110,2017-07-01,linkedin
emp_017111,2024-04-01,referral
emp_017112,2025-10-01,referral
emp_017113,2021-04-01,company_site
emp_017114,2025-08-31,boomerang
emp_017115,2022-12-01,conference
emp_017116,2022-04-01,recruiter
emp_017117,2022-12-31,company_site
emp_017118,2024-05-31,company_site
emp_017119,2023-04-01,linkedin
emp_017120,2024-10-31,recruiter
emp_017121,2022-08-01,recruiter
emp_017122,2024-01-31,company_site
emp_017123,2025-04-01,company_site
emp_017124,2022-05-01,university
emp_017125,2025-03-01,referral
emp_017126,2022-12-31,company_site
emp_017127,2023-10-31,referral
emp_017128,2025-03-01,linkedin
emp_017129,2020-07-01,linkedin
emp_017130,2026-01-30,recruiter
emp_017131,2022-05-01,linkedin
emp_017132,2024-12-31,boomerang
emp_017133,2024-12-31,referral
emp_017134,2024-04-01,company_site
emp_017135,2023-06-01,linkedin
emp_017136,2018-05-01,referral
emp_017137,2021-10-31,company_site
emp_017138,2024-04-01,recruiter
emp_017139,2023-10-31,referral
emp_017140,2023-12-01,linkedin
emp_017141,2023-01-30,company_site
emp_017142,2022-10-31,referral
emp_017143,2021-09-30,referral
emp_017144,2023-10-01,linkedin
emp_017145,2023-04-01,company_site
emp_017146,2025-05-01,company_site
emp_017147,2022-04-01,referral
emp_017148,2025-05-01,conference
emp_017149,2023-07-02,recruiter
emp_017150,2022-08-01,referral
emp_017151,2025-11-30,recruiter
emp_017152,2021-11-30,boomerang
emp_017153,2023-09-01,recruiter
emp_017154,2024-05-01,boomerang
emp_017155,2023-09-01,company_site
emp_017156,2026-05-02,recruiter
emp_017157,2024-07-31,boomerang
emp_017158,2023-08-01,company_site
emp_017159,2026-03-02,company_site
emp_017160,2023-09-01,recruiter
emp_017161,2022-01-30,referral
emp_017162,2023-06-01,referral
emp_017163,2023-09-01,referral
emp_017164,2024-10-31,conference
emp_017165,2024-04-01,linkedin
emp_017166,2025-05-01,recruiter
emp_017167,2021-09-30,recruiter
emp_017168,2025-03-01,referral
emp_017169,2021-08-31,company_site
emp_017170,2025-08-01,linkedin
emp_017171,2020-09-30,conference
emp_017172,2018-04-01,referral
emp_017173,2025-01-30,boomerang
emp_017174,2023-04-01,recruiter
emp_017175,2023-08-01,recruiter
emp_017176,2025-03-01,conference
emp_017177,2021-12-31,university
emp_017178,2023-03-02,company_site
emp_017179,2021-07-01,linkedin
emp_017180,2021-04-01,company_site
emp_017181,2021-12-31,linkedin
emp_017182,2025-12-31,linkedin
emp_017183,2023-10-31,linkedin
emp_017184,2022-12-31,boomerang
emp_017185,2024-10-31,referral
emp_017186,2025-06-01,referral
emp_017187,2025-07-01,referral
emp_017188,2021-12-31,linkedin
emp_017189,2023-12-01,referral
emp_017190,2025-04-01,linkedin
emp_017191,2021-11-30,university
emp_017192,2023-08-01,university
emp_017193,2024-10-31,referral
emp_017194,2023-05-02,referral
emp_017195,2022-10-01,linkedin
emp_017196,2024-11-30,referral
emp_017197,2025-04-01,linkedin
emp_017198,2024-11-30,recruiter
emp_017199,2023-12-01,linkedin
emp_017200,2024-04-01,linkedin
emp_017201,2022-03-02,company_site
emp_017202,2023-09-01,recruiter
emp_017203,2024-05-31,boomerang
emp_017204,2013-10-31,referral
emp_017205,2023-04-01,company_site
emp_017206,2024-07-31,linkedin
emp_017207,2025-04-01,recruiter
emp_017208,2024-08-31,university
emp_017209,2022-06-01,referral
emp_017210,2024-08-31,recruiter
emp_017211,2019-03-02,referral
emp_017212,2024-05-31,linkedin
emp_017213,2023-06-01,referral
emp_017214,2017-09-30,recruiter
emp_017215,2021-12-31,conference
emp_017216,2025-05-01,referral
emp_017217,2026-01-30,referral
emp_017218,2022-05-01,referral
emp_017219,2022-12-01,university
emp_017220,2022-10-31,referral
emp_017221,2022-08-01,referral
emp_017222,2024-10-31,referral
emp_017223,2023-10-31,referral
emp_017224,2022-10-01,referral
emp_017225,2020-08-31,linkedin
emp_017226,2020-07-31,boomerang
emp_017227,2025-04-01,linkedin
emp_017228,2023-12-31,company_site
emp_017229,2024-07-01,university
emp_017230,2017-11-30,company_site
emp_017231,2024-05-01,recruiter
emp_017232,2023-10-31,conference
emp_017233,2022-10-31,referral
emp_017234,2024-07-31,recruiter
emp_017235,2021-04-01,boomerang
emp_017236,2024-05-01,referral
emp_017237,2024-10-31,linkedin
emp_017238,2023-10-01,referral
emp_017239,2023-05-02,referral
emp_017240,2020-01-31,referral
emp_017241,2020-07-01,referral
emp_017242,2022-03-02,company_site
emp_017243,2024-12-31,referral
emp_017244,2020-11-30,linkedin
emp_017245,2023-01-30,university
emp_017246,2025-04-01,recruiter
emp_017247,2024-05-31,linkedin
emp_017248,2024-03-01,recruiter
emp_017249,2022-10-01,linkedin
emp_017250,2026-04-01,linkedin
emp_017251,2022-12-01,university
emp_017252,2025-07-01,referral
emp_017253,2021-12-31,referral
emp_017254,2020-08-31,referral
emp_017255,2023-09-01,recruiter
emp_017256,2019-04-01,referral
emp_017257,2025-11-30,referral
emp_017258,2023-07-02,recruiter
emp_017259,2021-09-30,company_site
emp_017260,2026-01-30,referral
emp_017261,2020-08-31,referral
emp_017262,2024-08-31,company_site
emp_017263,2023-07-02,linkedin
emp_017264,2023-10-31,linkedin
emp_017265,2022-04-01,linkedin
emp_017266,2024-04-01,linkedin
emp_017267,2025-10-01,referral
emp_017268,2016-01-30,linkedin
emp_017269,2023-08-01,linkedin
emp_017270,2025-12-31,linkedin
emp_017271,2024-01-31,referral
emp_017272,2023-03-02,boomerang
emp_017273,2025-06-01,referral
emp_017274,2022-12-01,referral
emp_017275,2022-12-01,recruiter
emp_017276,2024-12-31,company_site
emp_017277,2023-07-02,referral
emp_017278,2022-04-01,university
emp_017279,2024-04-01,referral
emp_017280,2023-05-02,referral
emp_017281,2024-07-31,recruiter
emp_017282,2019-08-01,university
emp_017283,2024-04-01,linkedin
emp_017284,2021-10-31,university
emp_017285,2024-07-01,linkedin
emp_017286,2024-09-30,recruiter
emp_017287,2025-08-31,linkedin
emp_017288,2023-12-31,company_site
emp_017289,2025-11-30,recruiter
emp_017290,2022-12-01,referral
emp_017291,2026-01-30,company_site
emp_017292,2024-11-30,recruiter
emp_017293,2025-06-01,recruiter
emp_017294,2023-05-02,referral
emp_017295,2025-03-01,company_site
emp_017296,2025-05-01,linkedin
emp_017297,2026-01-30,company_site
emp_017298,2025-11-30,company_site
emp_017299,2025-05-01,recruiter
emp_017300,2023-09-01,university
emp_017301,2025-08-31,recruiter
emp_017302,2019-08-31,recruiter
emp_017303,2024-11-30,company_site
emp_017304,2021-09-30,recruiter
emp_017305,2023-12-31,referral
emp_017306,2019-08-31,recruiter
emp_017307,2024-08-31,recruiter
emp_017308,2024-10-31,recruiter
emp_017309,2021-12-31,linkedin
emp_017310,2025-06-01,referral
emp_017311,2026-01-30,conference
emp_017312,2023-01-30,company_site
emp_017313,2023-04-01,boomerang
emp_017314,2024-07-31,linkedin
emp_017315,2024-11-30,referral
emp_017316,2021-09-30,boomerang
emp_017317,2021-06-01,linkedin
emp_017318,2021-04-01,company_site
emp_017319,2025-05-01,linkedin
emp_017320,2024-09-30,university
emp_017321,2024-03-01,recruiter
emp_017322,2024-12-31,recruiter
emp_017323,2026-03-02,linkedin
emp_017324,2024-09-30,recruiter
emp_017325,2024-01-31,linkedin
emp_017326,2025-11-30,linkedin
emp_017327,2025-07-01,boomerang
emp_017328,2024-09-30,referral
emp_017329,2023-10-01,company_site
emp_017330,2025-05-01,linkedin
emp_017331,2025-10-01,company_site
emp_017332,2021-08-31,boomerang
emp_017333,2024-05-31,recruiter
emp_017334,2023-12-31,recruiter
emp_017335,2022-06-01,referral
emp_017336,2024-05-01,recruiter
emp_017337,2025-07-01,company_site
emp_017338,2024-10-31,recruiter
emp_017339,2025-07-01,linkedin
emp_017340,2025-08-01,boomerang
emp_017341,2024-05-31,linkedin
emp_017342,2021-05-01,recruiter
emp_017343,2021-03-01,linkedin
emp_017344,2024-08-31,referral
emp_017345,2026-01-30,linkedin
emp_017346,2023-08-01,company_site
emp_017347,2023-09-01,referral
emp_017348,2024-05-01,university
emp_017349,2025-05-01,linkedin
emp_017350,2025-06-01,linkedin
emp_017351,2025-08-01,recruiter
emp_017352,2024-12-31,linkedin
emp_017353,2022-05-01,recruiter
emp_017354,2023-07-02,referral
emp_017355,2023-08-01,university
emp_017356,2026-04-01,university
emp_017357,2024-04-01,university
emp_017358,2025-05-01,referral
emp_017359,2021-11-30,referral
emp_017360,2023-09-01,referral
emp_017361,2024-08-31,linkedin
emp_017362,2024-10-31,referral
emp_017363,2025-11-30,referral
emp_017364,2024-01-31,referral
emp_017365,2026-07-01,recruiter
emp_017366,2023-05-02,recruiter
emp_017367,2025-03-01,linkedin
emp_017368,2022-05-01,recruiter
emp_017369,2025-11-30,company_site
emp_017370,2025-07-01,linkedin
emp_017371,2024-08-31,company_site
emp_017372,2021-03-01,referral
emp_017373,2024-09-30,linkedin
emp_017374,2015-12-01,recruiter
emp_017375,2024-04-01,linkedin
emp_017376,2023-03-02,recruiter
emp_017377,2022-08-01,linkedin
emp_017378,2019-07-02,company_site
emp_017379,2025-08-01,university
emp_017380,2022-12-01,referral
emp_017381,2024-05-31,referral
emp_017382,2021-07-01,linkedin
emp_017383,2021-12-31,linkedin
emp_017384,2025-03-01,recruiter
emp_017385,2024-11-30,linkedin
emp_017386,2022-10-01,referral
emp_017387,2023-01-30,company_site
emp_017388,2022-12-31,referral
emp_017389,2024-11-30,linkedin
emp_017390,2024-05-31,company_site
emp_017391,2021-12-31,referral
emp_017392,2025-10-01,recruiter
emp_017393,2024-12-31,recruiter
emp_017394,2024-01-31,linkedin
emp_017395,2023-07-02,referral
emp_017396,2020-11-30,company_site
emp_017397,2024-07-01,boomerang
emp_017398,2018-08-31,university
emp_017399,2023-05-02,recruiter
emp_017400,2023-10-01,boomerang
emp_017401,2024-07-01,linkedin
emp_017402,2025-06-01,recruiter
emp_017403,2025-10-31,company_site
emp_017404,2026-01-30,linkedin
emp_017405,2020-03-31,linkedin
emp_017406,2025-07-01,recruiter
emp_017407,2023-03-02,referral
emp_017408,2025-01-30,referral
emp_017409,2022-10-01,linkedin
emp_017410,2025-07-01,recruiter
emp_017411,2021-01-30,recruiter
emp_017412,2022-12-01,linkedin
emp_017413,2024-03-01,conference
emp_017414,2020-11-30,university
emp_017415,2022-12-01,company_site
emp_017416,2024-04-01,linkedin
emp_017417,2024-10-31,referral
emp_017418,2020-12-30,referral
emp_017419,2019-10-31,university
emp_017420,2022-03-02,referral
emp_017421,2023-07-02,recruiter
emp_017422,2024-04-01,boomerang
emp_017423,2025-08-31,referral
emp_017424,2023-04-01,referral
emp_017425,2025-01-30,referral
emp_017426,2024-05-31,boomerang
emp_017427,2021-07-01,linkedin
emp_017428,2023-06-01,linkedin
emp_017429,2023-09-01,recruiter
emp_017430,2019-04-01,referral
emp_017431,2026-06-01,referral
emp_017432,2025-04-01,linkedin
emp_017433,2024-03-01,company_site
emp_017434,2025-11-30,linkedin
emp_017435,2026-05-02,company_site
emp_017436,2021-07-01,referral
emp_017437,2024-11-30,company_site
emp_017438,2024-05-31,recruiter
emp_017439,2025-06-01,recruiter
emp_017440,2025-05-01,referral
emp_017441,2025-06-01,company_site
emp_017442,2022-08-01,recruiter
emp_017443,2024-05-01,recruiter
emp_017444,2023-12-31,university
emp_017445,2023-07-02,referral
emp_017446,2024-11-30,company_site
emp_017447,2023-12-01,referral
emp_017448,2025-06-01,linkedin
emp_017449,2023-10-31,company_site
emp_017450,2022-07-01,university
emp_017451,2024-09-30,company_site
emp_017452,2025-07-01,referral
emp_017453,2021-07-01,university
emp_017454,2021-05-01,conference
emp_017455,2024-12-31,recruiter
emp_017456,2024-10-31,referral
emp_017457,2022-10-01,recruiter
emp_017458,2023-12-01,company_site
emp_017459,2024-10-31,company_site
emp_017460,2022-01-30,university
emp_017461,2025-03-01,company_site
emp_017462,2021-12-31,referral
emp_017463,2023-03-02,referral
emp_017464,2023-09-01,linkedin
emp_017465,2024-03-01,referral
emp_017466,2025-01-30,company_site
emp_017467,2020-03-01,referral
emp_017468,2023-12-01,university
emp_017469,2025-08-31,company_site
emp_017470,2023-10-31,recruiter
emp_017471,2023-12-31,university
emp_017472,2024-03-01,referral
emp_017473,2023-04-01,referral
emp_017474,2022-05-01,recruiter
emp_017475,2023-09-01,linkedin
emp_017476,2022-08-31,referral
emp_017477,2024-05-31,linkedin
emp_017478,2017-01-30,company_site
emp_017479,2021-09-30,referral
emp_017480,2025-08-01,referral
emp_017481,2021-07-01,university
emp_017482,2020-03-31,linkedin
emp_017483,2025-01-30,recruiter
emp_017484,2023-12-31,linkedin
emp_017485,2022-04-01,recruiter
emp_017486,2021-04-01,company_site
emp_017487,2025-06-01,company_site
emp_017488,2025-08-01,university
emp_017489,2025-05-01,referral
emp_017490,2024-11-30,referral
emp_017491,2025-05-01,company_site
emp_017492,2025-07-01,recruiter
emp_017493,2023-12-01,recruiter
emp_017494,2025-08-01,referral
emp_017495,2026-07-01,company_site
emp_017496,2023-12-31,conference
emp_017497,2024-05-01,boomerang
emp_017498,2025-08-31,linkedin
emp_017499,2022-07-01,company_site
emp_017500,2022-07-01,referral
emp_017501,2024-01-31,recruiter
emp_017502,2025-07-01,referral
emp_017503,2024-07-31,recruiter
emp_017504,2024-12-31,recruiter
emp_017505,2020-08-31,referral
emp_017506,2024-05-31,linkedin
emp_017507,2025-01-30,linkedin
emp_017508,2024-09-30,university
emp_017509,2022-06-01,boomerang
emp_017510,2018-08-01,linkedin
emp_017511,2025-05-01,university
emp_017512,2024-10-31,referral
emp_017513,2023-04-01,university
emp_017514,2020-12-30,recruiter
emp_017515,2023-08-01,conference
emp_017516,2023-10-31,linkedin
emp_017517,2023-09-01,referral
emp_017518,2025-05-01,referral
emp_017519,2023-04-01,referral
emp_017520,2022-08-01,university
emp_017521,2025-10-01,linkedin
emp_017522,2023-06-01,linkedin
emp_017523,2018-10-01,referral
emp_017524,2024-10-31,referral
emp_017525,2021-04-01,recruiter
emp_017526,2024-11-30,recruiter
emp_017527,2025-01-30,university
emp_017528,2025-08-01,conference
emp_017529,2025-05-01,linkedin
emp_017530,2025-06-01,referral
emp_017531,2025-12-31,university
emp_017532,2023-12-01,recruiter
emp_017533,2025-10-01,recruiter
emp_017534,2023-08-01,company_site
emp_017535,2023-06-01,recruiter
emp_017536,2017-07-01,referral
emp_017537,2019-08-01,referral
emp_017538,2023-08-01,recruiter
emp_017539,2025-01-30,linkedin
emp_017540,2025-03-01,referral
emp_017541,2021-08-01,recruiter
emp_017542,2024-10-31,linkedin
emp_017543,2025-03-01,company_site
emp_017544,2024-11-30,referral
emp_017545,2025-08-31,recruiter
emp_017546,2023-12-31,recruiter
emp_017547,2024-12-31,linkedin
emp_017548,2025-04-01,linkedin
emp_017549,2023-12-31,linkedin
emp_017550,2023-09-01,university
emp_017551,2025-07-01,linkedin
emp_017552,2024-05-01,recruiter
emp_017553,2026-01-30,recruiter
emp_017554,2020-11-30,company_site
emp_017555,2021-03-01,referral
emp_017556,2025-06-01,referral
emp_017557,2021-06-01,referral
emp_017558,2024-05-31,referral
emp_017559,2024-07-31,company_site
emp_017560,2023-01-30,linkedin
emp_017561,2024-07-31,company_site
emp_017562,2023-09-01,company_site
emp_017563,2023-01-30,university
emp_017564,2024-04-01,linkedin
emp_017565,2024-04-01,referral
emp_017566,2024-10-31,recruiter
emp_017567,2023-10-31,recruiter
emp_017568,2025-01-30,company_site
emp_017569,2024-11-30,linkedin
emp_017570,2025-04-01,linkedin
emp_017571,2014-07-01,conference
emp_017572,2026-03-02,company_site
emp_017573,2025-06-01,referral
emp_017574,2025-04-01,linkedin
emp_017575,2025-06-01,referral
emp_017576,2023-09-01,linkedin
emp_017577,2022-10-01,referral
emp_017578,2024-07-01,referral
emp_017579,2024-09-30,university
emp_017580,2024-08-31,recruiter
emp_017581,2025-11-30,company_site
emp_017582,2024-07-01,referral
emp_017583,2023-12-31,referral
emp_017584,2025-07-01,recruiter
emp_017585,2023-03-02,company_site
emp_017586,2025-10-31,company_site
emp_017587,2025-11-30,linkedin
emp_017588,2024-07-31,company_site
emp_017589,2025-11-30,university
emp_017590,2022-08-01,referral
emp_017591,2023-08-01,referral
emp_017592,2020-07-31,conference
emp_017593,2024-07-01,boomerang
emp_017594,2024-12-31,referral
emp_017595,2025-03-01,referral
emp_017596,2020-08-31,company_site
emp_017597,2022-12-01,referral
emp_017598,2018-11-30,university
emp_017599,2021-07-01,referral
emp_017600,2022-04-01,referral
emp_017601,2023-09-01,linkedin
emp_017602,2024-05-01,linkedin
emp_017603,2024-10-31,referral
emp_017604,2024-05-31,conference
emp_017605,2016-07-01,referral
emp_017606,2023-12-31,referral
emp_017607,2024-09-30,linkedin
emp_017608,2023-04-01,company_site
emp_017609,2025-01-30,recruiter
emp_017610,2024-05-01,referral
emp_017611,2022-04-01,recruiter
emp_017612,2024-04-01,referral
emp_017613,2023-10-01,linkedin
emp_017614,2024-08-31,referral
emp_017615,2019-12-01,recruiter
emp_017616,2022-04-01,referral
emp_017617,2023-01-30,linkedin
emp_017618,2021-09-30,referral
emp_017619,2023-08-01,university
emp_017620,2025-04-01,linkedin
emp_017621,2023-03-02,recruiter
emp_017622,2025-01-30,linkedin
emp_017623,2024-12-31,recruiter
emp_017624,2023-03-02,referral
emp_017625,2024-01-31,conference
emp_017626,2024-09-30,referral
emp_017627,2023-01-30,recruiter
emp_017628,2025-04-01,linkedin
emp_017629,2021-05-01,linkedin
emp_017630,2024-03-01,linkedin
emp_017631,2024-01-31,linkedin
emp_017632,2025-10-31,linkedin
emp_017633,2024-12-31,linkedin
emp_017634,2024-01-31,linkedin
emp_017635,2023-07-02,recruiter
emp_017636,2024-12-31,linkedin
emp_017637,2013-05-31,linkedin
emp_017638,2022-12-31,linkedin
emp_017639,2022-07-01,recruiter
emp_017640,2022-07-01,referral
emp_017641,2020-01-31,boomerang
emp_017642,2025-03-01,linkedin
emp_017643,2022-01-30,recruiter
emp_017644,2024-11-30,referral
emp_017645,2023-01-30,linkedin
emp_017646,2023-09-01,university
emp_017647,2025-08-01,linkedin
emp_017648,2025-01-30,recruiter
emp_017649,2024-09-30,referral
emp_017650,2022-10-01,referral
emp_017651,2023-01-30,referral
emp_017652,2024-10-31,referral
emp_017653,2025-01-30,referral
emp_017654,2020-12-30,linkedin
emp_017655,2022-08-01,referral
emp_017656,2023-04-01,linkedin
emp_017657,2024-09-30,referral
emp_017658,2024-05-31,boomerang
emp_017659,2026-05-02,boomerang
emp_017660,2023-12-01,recruiter
emp_017661,2023-05-02,linkedin
emp_017662,2024-12-31,referral
emp_017663,2021-08-01,referral
emp_017664,2025-04-01,company_site
emp_017665,2022-10-31,referral
emp_017666,2021-05-01,company_site
emp_017667,2023-12-31,referral
emp_017668,2024-12-31,referral
emp_017669,2024-03-01,conference
emp_017670,2026-04-01,referral
emp_017671,2023-04-01,recruiter
emp_017672,2024-07-01,recruiter
emp_017673,2022-07-01,referral
emp_017674,2021-04-01,university
emp_017675,2023-12-31,recruiter
emp_017676,2023-08-01,company_site
emp_017677,2023-12-01,linkedin
emp_017678,2021-12-31,referral
emp_017679,2024-12-31,boomerang
emp_017680,2023-12-01,referral
emp_017681,2018-05-01,referral
emp_017682,2023-12-01,referral
emp_017683,2025-04-01,linkedin
emp_017684,2023-12-01,company_site
emp_017685,2023-06-01,linkedin
emp_017686,2024-05-31,recruiter
emp_017687,2025-08-01,referral
emp_017688,2024-10-31,university
emp_017689,2025-11-30,recruiter
emp_017690,2024-08-31,linkedin
emp_017691,2024-07-31,linkedin
emp_017692,2022-12-31,company_site
emp_017693,2024-04-01,referral
emp_017694,2025-04-01,referral
emp_017695,2024-10-31,referral
emp_017696,2024-01-31,company_site
emp_017697,2020-05-31,recruiter
emp_017698,2024-07-01,referral
emp_017699,2023-08-01,company_site
emp_017700,2025-05-01,referral
emp_017701,2024-04-01,company_site
emp_017702,2025-06-01,referral
emp_017703,2026-07-01,linkedin
emp_017704,2022-05-01,referral
emp_017705,2019-04-01,recruiter
emp_017706,2024-07-31,company_site
emp_017707,2018-10-01,linkedin
emp_017708,2024-07-31,linkedin
emp_017709,2024-05-31,university
emp_017710,2025-06-01,linkedin
emp_017711,2023-09-01,university
emp_017712,2025-08-01,recruiter
emp_017713,2024-08-31,university
emp_017714,2024-11-30,referral
emp_017715,2024-08-31,recruiter
emp_017716,2024-12-31,conference
emp_017717,2023-06-01,recruiter
emp_017718,2024-05-31,referral
emp_017719,2022-05-01,linkedin
emp_017720,2024-04-01,linkedin
emp_017721,2025-01-30,university
emp_017722,2022-03-02,recruiter
emp_017723,2023-04-01,boomerang
emp_017724,2023-10-31,linkedin
emp_017725,2023-05-02,linkedin
emp_017726,2022-10-01,company_site
emp_017727,2024-09-30,recruiter
emp_017728,2020-08-31,referral
emp_017729,2018-06-01,linkedin
emp_017730,2026-06-01,company_site
emp_017731,2025-03-01,referral
emp_017732,2023-10-31,referral
emp_017733,2020-10-31,company_site
emp_017734,2024-04-01,linkedin
emp_017735,2026-03-02,company_site
emp_017736,2023-05-02,referral
emp_017737,2023-10-01,company_site
emp_017738,2021-08-31,linkedin
emp_017739,2019-04-01,referral
emp_017740,2023-12-31,linkedin
emp_017741,2022-10-01,boomerang
emp_017742,2026-01-30,company_site
emp_017743,2019-07-02,recruiter
emp_017744,2025-12-31,university
emp_017745,2023-12-01,recruiter
emp_017746,2022-07-01,linkedin
emp_017747,2021-08-31,company_site
emp_017748,2022-10-31,recruiter
emp_017749,2024-01-31,referral
emp_017750,2024-01-31,linkedin
emp_017751,2023-05-02,company_site
emp_017752,2024-03-01,referral
emp_017753,2020-05-01,linkedin
emp_017754,2025-04-01,referral
emp_017755,2022-06-01,recruiter
emp_017756,2024-10-31,referral
emp_017757,2023-12-31,university
emp_017758,2024-07-31,linkedin
emp_017759,2024-08-31,referral
emp_017760,2025-04-01,referral
emp_017761,2024-05-31,boomerang
emp_017762,2023-12-01,linkedin
emp_017763,2024-08-31,referral
emp_017764,2025-03-01,recruiter
emp_017765,2020-05-01,recruiter
emp_017766,2020-03-01,university
emp_017767,2019-07-02,linkedin
emp_017768,2018-08-31,linkedin
emp_017769,2025-08-31,university
emp_017770,2026-07-01,referral
emp_017771,2023-12-31,recruiter
emp_017772,2024-10-31,company_site
emp_017773,2021-05-01,university
emp_017774,2023-07-02,conference
emp_017775,2025-10-01,company_site
emp_017776,2010-11-30,company_site
emp_017777,2022-03-02,referral
emp_017778,2025-03-01,recruiter
emp_017779,2022-03-02,boomerang
emp_017780,2022-12-01,linkedin
emp_017781,2024-10-31,recruiter
emp_017782,2024-07-31,linkedin
emp_017783,2024-05-01,linkedin
emp_017784,2021-10-31,company_site
emp_017785,2023-05-02,university
emp_017786,2023-05-02,referral
emp_017787,2022-05-01,linkedin
emp_017788,2021-07-01,conference
emp_017789,2022-10-31,referral
emp_017790,2022-12-31,company_site
emp_017791,2023-06-01,conference
emp_017792,2024-05-31,university
emp_017793,2023-10-01,linkedin
emp_017794,2025-06-01,recruiter
emp_017795,2024-09-30,referral
emp_017796,2022-01-30,university
emp_017797,2024-05-31,linkedin
emp_017798,2024-11-30,linkedin
emp_017799,2024-07-31,recruiter
emp_017800,2024-12-31,referral
emp_017801,2022-08-31,company_site
emp_017802,2025-07-01,recruiter
emp_017803,2022-01-30,referral
emp_017804,2024-08-31,linkedin
emp_017805,2023-01-30,recruiter
emp_017806,2025-11-30,recruiter
emp_017807,2025-01-30,referral
emp_017808,2023-10-31,linkedin
emp_017809,2023-08-01,referral
emp_017810,2023-06-01,linkedin
emp_017811,2021-03-01,referral
emp_017812,2023-07-02,linkedin
emp_017813,2021-10-31,recruiter
emp_017814,2025-04-01,recruiter
emp_017815,2021-08-31,recruiter
emp_017816,2025-10-31,referral
emp_017817,2023-10-31,linkedin
emp_017818,2024-12-31,company_site
emp_017819,2021-08-01,company_site
emp_017820,2020-09-30,conference
emp_017821,2025-10-31,linkedin
emp_017822,2025-07-01,linkedin
emp_017823,2019-08-31,university
emp_017824,2023-10-01,university
emp_017825,2020-09-30,referral
emp_017826,2023-06-01,recruiter
emp_017827,2025-08-31,recruiter
emp_017828,2025-10-31,boomerang
emp_017829,2021-12-31,referral
emp_017830,2024-07-31,linkedin
emp_017831,2025-08-01,linkedin
emp_017832,2022-10-31,university
emp_017833,2022-08-01,recruiter
emp_017834,2024-03-01,linkedin
emp_017835,2023-05-02,recruiter
emp_017836,2024-09-30,university
emp_017837,2021-11-30,referral
emp_017838,2022-12-01,referral
emp_017839,2025-06-01,boomerang
emp_017840,2023-10-01,recruiter
emp_017841,2023-05-02,linkedin
emp_017842,2023-10-31,company_site
emp_017843,2024-12-31,conference
emp_017844,2025-12-31,conference
emp_017845,2023-12-31,referral
emp_017846,2024-07-31,referral
emp_017847,2019-12-31,referral
emp_017848,2021-09-30,university
emp_017849,2021-08-01,linkedin
emp_017850,2021-09-30,referral
emp_017851,2021-01-30,university
emp_017852,2026-03-02,company_site
emp_017853,2024-05-01,linkedin
emp_017854,2024-04-01,company_site
emp_017855,2023-09-01,university
emp_017856,2025-12-31,company_site
emp_017857,2021-09-30,linkedin
emp_017858,2021-08-31,referral
emp_017859,2023-12-31,linkedin
emp_017860,2025-05-01,recruiter
emp_017861,2026-03-02,company_site
emp_017862,2025-11-30,linkedin
emp_017863,2020-03-01,referral
emp_017864,2025-04-01,referral
emp_017865,2011-03-02,university
emp_017866,2023-10-31,university
emp_017867,2024-09-30,linkedin
emp_017868,2023-07-02,boomerang
emp_017869,2025-07-01,linkedin
emp_017870,2025-07-01,university
emp_017871,2024-12-31,university
emp_017872,2022-08-31,recruiter
emp_017873,2023-10-31,referral
emp_017874,2025-08-01,company_site
emp_017875,2022-05-01,referral
emp_017876,2025-01-30,company_site
emp_017877,2025-08-01,recruiter
emp_017878,2023-05-02,linkedin
emp_017879,2023-10-31,referral
emp_017880,2022-03-02,boomerang
emp_017881,2017-05-01,referral
emp_017882,2025-06-01,linkedin
emp_017883,2020-09-30,company_site
emp_017884,2024-05-31,boomerang
emp_017885,2025-01-30,referral
emp_017886,2020-07-31,university
emp_017887,2019-10-01,referral
emp_017888,2025-04-01,university
emp_017889,2023-04-01,linkedin
emp_017890,2025-10-31,referral
emp_017891,2026-03-02,company_site
emp_017892,2022-07-01,recruiter
emp_017893,2024-03-01,linkedin
emp_017894,2023-10-01,referral
emp_017895,2023-04-01,referral
emp_017896,2023-07-02,referral
emp_017897,2023-01-30,conference
emp_017898,2025-08-31,recruiter
emp_017899,2022-12-31,referral
emp_017900,2023-12-31,referral
emp_017901,2023-12-01,linkedin
emp_017902,2025-05-01,linkedin
emp_017903,2025-03-01,linkedin
emp_017904,2024-04-01,recruiter
emp_017905,2021-01-30,recruiter
emp_017906,2024-09-30,company_site
emp_017907,2023-10-01,recruiter
emp_017908,2025-08-01,linkedin
emp_017909,2024-04-01,recruiter
emp_017910,2021-12-31,university
emp_017911,2024-10-31,linkedin
emp_017912,2023-12-01,linkedin
emp_017913,2021-08-31,boomerang
emp_017914,2024-09-30,university
emp_017915,2022-08-01,linkedin
emp_017916,2020-12-30,referral
emp_017917,2017-05-01,linkedin
emp_017918,2024-10-31,referral
emp_017919,2025-08-31,referral
emp_017920,2021-05-01,linkedin
emp_017921,2024-08-31,referral
emp_017922,2023-05-02,referral
emp_017923,2024-01-31,referral
emp_017924,2025-10-31,linkedin
emp_017925,2024-11-30,referral
emp_017926,2022-03-02,recruiter
emp_017927,2021-12-31,linkedin
emp_017928,2023-01-30,linkedin
emp_017929,2019-03-02,referral
emp_017930,2024-07-01,recruiter
emp_017931,2024-09-30,linkedin
emp_017932,2020-09-30,university
emp_017933,2022-08-31,conference
emp_017934,2015-04-01,university
emp_017935,2024-05-01,boomerang
emp_017936,2023-10-01,conference
emp_017937,2025-08-01,company_site
emp_017938,2025-10-01,recruiter
emp_017939,2022-01-30,referral
emp_017940,2022-10-01,recruiter
emp_017941,2023-06-01,company_site
emp_017942,2024-11-30,linkedin
emp_017943,2021-03-01,conference
emp_017944,2025-04-01,recruiter
emp_017945,2025-04-01,recruiter
emp_017946,2024-04-01,boomerang
emp_017947,2023-12-01,university
emp_017948,2023-08-01,linkedin
emp_017949,2025-10-01,boomerang
emp_017950,2024-11-30,referral
emp_017951,2023-01-30,recruiter
emp_017952,2025-07-01,referral
emp_017953,2022-10-01,referral
emp_017954,2025-08-31,referral
emp_017955,2021-11-30,referral
emp_017956,2024-11-30,linkedin
emp_017957,2023-08-01,recruiter
emp_017958,2021-10-31,linkedin
emp_017959,2023-12-01,linkedin
emp_017960,2021-03-01,referral
emp_017961,2021-03-01,company_site
emp_017962,2024-11-30,referral
emp_017963,2022-12-31,linkedin
emp_017964,2026-01-30,linkedin
emp_017965,2025-08-31,referral
emp_017966,2023-07-02,conference
emp_017967,2021-12-31,university
emp_017968,2022-10-01,referral
emp_017969,2024-05-01,referral
emp_017970,2020-05-01,company_site
emp_017971,2023-12-01,company_site
emp_017972,2024-07-01,company_site
emp_017973,2024-09-30,referral
emp_017974,2017-06-01,linkedin
emp_017975,2024-10-31,company_site
emp_017976,2024-11-30,company_site
emp_017977,2024-11-30,referral
emp_017978,2020-08-31,referral
emp_017979,2024-11-30,linkedin
emp_017980,2024-03-01,recruiter
emp_017981,2024-11-30,linkedin
emp_017982,2022-12-31,conference
emp_017983,2020-03-31,recruiter
emp_017984,2024-07-31,referral
emp_017985,2025-06-01,company_site
emp_017986,2022-05-01,boomerang
emp_017987,2024-04-01,conference
emp_017988,2024-10-31,referral
emp_017989,2023-05-02,referral
emp_017990,2022-07-01,company_site
emp_017991,2021-08-01,linkedin
emp_017992,2023-10-31,referral
emp_017993,2023-12-31,referral
emp_017994,2024-01-31,referral
emp_017995,2025-07-01,linkedin
emp_017996,2023-09-01,referral
emp_017997,2024-07-01,referral
emp_017998,2023-06-01,linkedin
emp_017999,2023-12-01,recruiter
emp_018000,2025-01-30,linkedin
emp_018001,2021-05-01,linkedin
emp_018002,2021-04-01,recruiter
emp_018003,2023-04-01,referral
emp_018004,2025-03-01,recruiter
emp_018005,2025-08-01,linkedin
emp_018006,2021-08-01,referral
emp_018007,2022-12-01,referral
emp_018008,2025-08-31,recruiter
emp_018009,2024-07-31,recruiter
emp_018010,2024-11-30,referral
emp_018011,2023-03-02,referral
emp_018012,2022-01-30,boomerang
emp_018013,2024-05-31,linkedin
emp_018014,2022-04-01,boomerang
emp_018015,2022-08-31,company_site
emp_018016,2022-04-01,referral
emp_018017,2025-01-30,referral
emp_018018,2019-06-01,referral
emp_018019,2021-09-30,recruiter
emp_018020,2022-10-31,recruiter
emp_018021,2024-05-01,referral
emp_018022,2022-06-01,company_site
emp_018023,2025-10-01,referral
emp_018024,2025-05-01,linkedin
emp_018025,2025-01-30,linkedin
emp_018026,2025-06-01,conference
emp_018027,2026-01-30,company_site
emp_018028,2022-04-01,linkedin
emp_018029,2025-05-01,linkedin
emp_018030,2024-04-01,boomerang
emp_018031,2025-07-01,referral
emp_018032,2022-10-31,recruiter
emp_018033,2023-05-02,recruiter
emp_018034,2019-04-01,company_site
emp_018035,2025-08-01,linkedin
emp_018036,2024-11-30,company_site
emp_018037,2023-12-01,referral
emp_018038,2026-05-02,referral
emp_018039,2025-08-01,referral
emp_018040,2019-10-31,conference
emp_018041,2023-08-01,boomerang
emp_018042,2025-01-30,company_site
emp_018043,2023-07-02,recruiter
emp_018044,2021-03-01,linkedin
emp_018045,2022-12-31,university
emp_018046,2022-12-01,recruiter
emp_018047,2023-08-01,university
emp_018048,2021-06-01,referral
emp_018049,2025-08-31,university
emp_018050,2022-07-01,linkedin
emp_018051,2025-12-31,linkedin
emp_018052,2023-05-02,recruiter
emp_018053,2025-01-30,referral
emp_018054,2024-05-01,company_site
emp_018055,2023-12-01,linkedin
emp_018056,2025-01-30,linkedin
emp_018057,2023-05-02,referral
emp_018058,2025-01-30,linkedin
emp_018059,2025-05-01,linkedin
emp_018060,2024-09-30,referral
emp_018061,2025-04-01,referral
emp_018062,2020-07-01,referral
emp_018063,2021-12-31,referral
emp_018064,2023-09-01,university
emp_018065,2021-08-01,company_site
emp_018066,2022-01-30,referral
emp_018067,2023-03-02,company_site
emp_018068,2025-08-01,referral
emp_018069,2024-07-01,recruiter
emp_018070,2025-01-30,recruiter
emp_018071,2025-01-30,company_site
emp_018072,2022-12-31,recruiter
emp_018073,2024-09-30,referral
emp_018074,2020-10-31,linkedin
emp_018075,2024-07-31,recruiter
emp_018076,2022-10-31,university
emp_018077,2021-06-01,university
emp_018078,2025-10-31,company_site
emp_018079,2023-12-31,linkedin
emp_018080,2017-12-31,referral
emp_018081,2021-03-01,company_site
emp_018082,2019-03-02,recruiter
emp_018083,2021-08-01,university
emp_018084,2024-05-31,company_site
emp_018085,2024-11-30,boomerang
emp_018086,2024-10-31,linkedin
emp_018087,2024-10-31,referral
emp_018088,2022-04-01,linkedin
emp_018089,2021-12-31,university
emp_018090,2025-03-01,university
emp_018091,2025-10-01,referral
emp_018092,2022-07-01,university
emp_018093,2021-09-30,university
emp_018094,2024-10-31,conference
emp_018095,2024-11-30,university
emp_018096,2026-06-01,referral
emp_018097,2018-11-30,linkedin
emp_018098,2023-12-01,recruiter
emp_018099,2023-08-01,referral
emp_018100,2025-06-01,recruiter
emp_018101,2020-07-01,company_site
emp_018102,2022-12-01,referral
emp_018103,2023-05-02,referral
emp_018104,2024-03-01,linkedin
emp_018105,2023-03-02,boomerang
emp_018106,2023-06-01,recruiter
emp_018107,2023-12-31,company_site
emp_018108,2021-05-01,company_site
emp_018109,2022-08-01,recruiter
emp_018110,2023-05-02,referral
emp_018111,2020-07-01,referral
emp_018112,2023-10-31,referral
emp_018113,2025-01-30,referral
emp_018114,2021-10-31,referral
emp_018115,2024-11-30,linkedin
emp_018116,2021-08-01,recruiter
emp_018117,2025-05-01,referral
emp_018118,2022-12-31,referral
emp_018119,2021-09-30,company_site
emp_018120,2025-08-01,referral
emp_018121,2021-08-01,company_site
emp_018122,2019-12-31,recruiter
emp_018123,2025-06-01,university
emp_018124,2025-08-01,referral
emp_018125,2024-04-01,company_site
emp_018126,2023-07-02,university
emp_018127,2021-08-01,referral
emp_018128,2024-05-31,linkedin
emp_018129,2020-09-30,referral
emp_018130,2023-07-02,company_site
emp_018131,2023-12-01,referral
emp_018132,2025-07-01,boomerang
emp_018133,2026-03-02,company_site
emp_018134,2025-08-31,recruiter
emp_018135,2023-03-02,linkedin
emp_018136,2023-09-01,company_site
emp_018137,2025-05-01,referral
emp_018138,2022-03-02,recruiter
emp_018139,2024-11-30,university
emp_018140,2023-06-01,recruiter
emp_018141,2024-04-01,university
emp_018142,2013-05-01,linkedin
emp_018143,2019-03-02,company_site
emp_018144,2025-08-01,company_site
emp_018145,2018-10-01,conference
emp_018146,2019-12-01,recruiter
emp_018147,2025-08-01,company_site
emp_018148,2025-04-01,referral
emp_018149,2021-05-01,boomerang
emp_018150,2024-11-30,linkedin
emp_018151,2024-03-01,conference
emp_018152,2023-12-31,recruiter
emp_018153,2021-06-01,recruiter
emp_018154,2023-09-01,linkedin
emp_018155,2021-07-01,recruiter
emp_018156,2022-08-31,referral
emp_018157,2024-03-01,referral
emp_018158,2022-07-01,referral
emp_018159,2025-10-01,linkedin
emp_018160,2025-04-01,linkedin
emp_018161,2024-07-31,linkedin
emp_018162,2024-11-30,university
emp_018163,2015-07-01,referral
emp_018164,2023-04-01,referral
emp_018165,2024-05-01,company_site
emp_018166,2020-08-31,linkedin
emp_018167,2024-07-31,referral
emp_018168,2025-10-31,company_site
emp_018169,2022-12-31,referral
emp_018170,2020-01-31,recruiter
emp_018171,2024-11-30,recruiter
emp_018172,2025-10-31,recruiter
emp_018173,2025-03-01,company_site
emp_018174,2025-03-01,company_site
emp_018175,2020-12-30,boomerang
emp_018176,2024-04-01,recruiter
emp_018177,2023-07-02,linkedin
emp_018178,2025-03-01,referral
emp_018179,2025-07-01,linkedin
emp_018180,2024-12-31,boomerang
emp_018181,2025-06-01,company_site
emp_018182,2025-06-01,recruiter
emp_018183,2023-06-01,linkedin
emp_018184,2025-04-01,company_site
emp_018185,2021-10-31,linkedin
emp_018186,2023-12-31,referral
emp_018187,2023-07-02,conference
emp_018188,2024-12-31,referral
emp_018189,2024-08-31,university
emp_018190,2023-10-31,university
emp_018191,2025-07-01,referral
emp_018192,2023-07-02,recruiter
emp_018193,2022-10-31,company_site
emp_018194,2021-09-30,company_site
emp_018195,2018-11-30,company_site
emp_018196,2023-07-02,referral
emp_018197,2024-05-01,referral
emp_018198,2024-05-01,university
emp_018199,2025-04-01,linkedin
emp_018200,2018-11-30,company_site
emp_018201,2024-08-31,boomerang
emp_018202,2024-05-31,company_site
emp_018203,2024-11-30,referral
emp_018204,2023-10-01,recruiter
emp_018205,2024-08-31,referral
emp_018206,2025-01-30,recruiter
emp_018207,2024-04-01,linkedin
emp_018208,2025-10-01,boomerang
emp_018209,2014-12-31,linkedin
emp_018210,2022-12-31,linkedin
emp_018211,2022-06-01,company_site
emp_018212,2024-03-01,company_site
emp_018213,2022-03-02,company_site
emp_018214,2024-04-01,recruiter
emp_018215,2024-12-31,referral
emp_018216,2023-07-02,linkedin
emp_018217,2022-07-01,linkedin
emp_018218,2025-07-01,recruiter
emp_018219,2022-08-01,referral
emp_018220,2024-09-30,referral
emp_018221,2020-07-31,company_site
emp_018222,2022-08-01,referral
emp_018223,2025-10-31,referral
emp_018224,2025-05-01,company_site
emp_018225,2023-05-02,referral
emp_018226,2023-12-31,company_site
emp_018227,2023-12-31,recruiter
emp_018228,2024-07-31,linkedin
emp_018229,2023-12-01,recruiter
emp_018230,2025-05-01,referral
emp_018231,2022-07-01,referral
emp_018232,2025-05-01,university
emp_018233,2022-06-01,linkedin
emp_018234,2024-09-30,referral
emp_018235,2025-08-31,recruiter
emp_018236,2025-01-30,boomerang
emp_018237,2021-10-31,linkedin
emp_018238,2025-11-30,conference
emp_018239,2025-07-01,linkedin
emp_018240,2024-03-01,recruiter
emp_018241,2022-01-30,recruiter
emp_018242,2022-04-01,recruiter
emp_018243,2022-04-01,company_site
emp_018244,2021-09-30,linkedin
emp_018245,2025-08-01,recruiter
emp_018246,2022-07-01,university
emp_018247,2025-10-01,recruiter
emp_018248,2024-05-31,recruiter
emp_018249,2024-07-01,referral
emp_018250,2023-10-31,university
emp_018251,2025-12-31,university
emp_018252,2023-09-01,boomerang
emp_018253,2025-11-30,referral
emp_018254,2024-07-01,company_site
emp_018255,2025-11-30,university
emp_018256,2025-10-31,referral
emp_018257,2025-08-31,linkedin
emp_018258,2023-07-02,recruiter
emp_018259,2023-12-01,referral
emp_018260,2020-03-01,recruiter
emp_018261,2023-04-01,referral
emp_018262,2019-06-01,linkedin
emp_018263,2025-03-01,company_site
emp_018264,2023-04-01,referral
emp_018265,2024-07-31,referral
emp_018266,2021-05-01,recruiter
emp_018267,2024-07-01,linkedin
emp_018268,2020-03-01,recruiter
emp_018269,2023-05-02,recruiter
emp_018270,2025-07-01,referral
emp_018271,2025-04-01,recruiter
emp_018272,2025-06-01,referral
emp_018273,2025-04-01,recruiter
emp_018274,2018-05-01,linkedin
emp_018275,2024-03-01,linkedin
emp_018276,2024-04-01,company_site
emp_018277,2025-08-31,university
emp_018278,2023-10-31,linkedin
emp_018279,2023-06-01,company_site
emp_018280,2024-10-31,recruiter
emp_018281,2024-07-31,university
emp_018282,2024-10-31,company_site
emp_018283,2023-10-01,recruiter
emp_018284,2024-11-30,linkedin
emp_018285,2020-05-01,company_site
emp_018286,2023-04-01,recruiter
emp_018287,2023-12-01,linkedin
emp_018288,2025-07-01,recruiter
emp_018289,2026-07-01,linkedin
emp_018290,2025-11-30,linkedin
emp_018291,2023-06-01,company_site
emp_018292,2024-10-31,boomerang
emp_018293,2024-10-31,recruiter
emp_018294,2022-08-31,linkedin
emp_018295,2020-05-01,company_site
emp_018296,2023-03-02,recruiter
emp_018297,2024-09-30,recruiter
emp_018298,2022-03-02,linkedin
emp_018299,2023-12-01,linkedin
emp_018300,2022-12-01,recruiter
emp_018301,2023-01-30,referral
emp_018302,2024-12-31,company_site
emp_018303,2025-03-01,linkedin
emp_018304,2025-04-01,recruiter
emp_018305,2024-07-01,company_site
emp_018306,2025-05-01,conference
emp_018307,2024-01-31,referral
emp_018308,2020-09-30,recruiter
emp_018309,2024-05-01,company_site
emp_018310,2024-09-30,recruiter
emp_018311,2020-11-30,company_site
emp_018312,2022-10-01,referral
emp_018313,2026-07-01,company_site
emp_018314,2023-12-01,recruiter
emp_018315,2023-04-01,referral
emp_018316,2023-10-31,linkedin
emp_018317,2023-01-30,linkedin
emp_018318,2024-07-31,boomerang
emp_018319,2025-04-01,university
emp_018320,2025-10-31,linkedin
emp_018321,2019-08-31,recruiter
emp_018322,2024-11-30,referral
emp_018323,2020-01-31,conference
emp_018324,2023-03-02,recruiter
emp_018325,2024-03-01,university
emp_018326,2024-07-31,university
emp_018327,2022-12-01,recruiter
emp_018328,2025-04-01,university
emp_018329,2024-04-01,company_site
emp_018330,2021-05-01,university
emp_018331,2017-04-01,recruiter
emp_018332,2026-06-01,linkedin
emp_018333,2023-05-02,company_site
emp_018334,2025-07-01,company_site
emp_018335,2026-01-30,linkedin
emp_018336,2025-07-01,company_site
emp_018337,2022-12-01,referral
emp_018338,2025-08-31,recruiter
emp_018339,2023-10-31,boomerang
emp_018340,2024-05-31,boomerang
emp_018341,2022-08-31,referral
emp_018342,2025-04-01,company_site
emp_018343,2022-12-31,company_site
emp_018344,2023-03-02,linkedin
emp_018345,2022-08-31,company_site
emp_018346,2016-05-31,company_site
emp_018347,2021-12-31,conference
emp_018348,2023-12-31,university
emp_018349,2022-10-01,linkedin
emp_018350,2023-12-01,boomerang
emp_018351,2025-03-01,referral
emp_018352,2025-12-31,recruiter
emp_018353,2025-04-01,recruiter
emp_018354,2023-04-01,boomerang
emp_018355,2026-01-30,linkedin
emp_018356,2022-10-31,referral
emp_018357,2023-12-31,recruiter
emp_018358,2023-12-01,company_site
emp_018359,2024-12-31,referral
emp_018360,2024-05-01,linkedin
emp_018361,2023-10-01,referral
emp_018362,2025-11-30,recruiter
emp_018363,2023-10-31,referral
emp_018364,2023-07-02,company_site
emp_018365,2023-03-02,recruiter
emp_018366,2025-07-01,linkedin
emp_018367,2024-11-30,recruiter
emp_018368,2023-05-02,recruiter
emp_018369,2020-08-31,university
emp_018370,2024-04-01,recruiter
emp_018371,2024-08-31,referral
emp_018372,2021-10-31,linkedin
emp_018373,2022-12-01,linkedin
emp_018374,2023-12-01,recruiter
emp_018375,2021-11-30,recruiter
emp_018376,2024-03-01,recruiter
emp_018377,2023-10-01,referral
emp_018378,2023-08-01,linkedin
emp_018379,2023-12-31,referral
emp_018380,2024-05-01,referral
emp_018381,2024-11-30,recruiter
emp_018382,2022-01-30,company_site
emp_018383,2025-03-01,linkedin
emp_018384,2021-05-01,linkedin
emp_018385,2021-01-30,university
emp_018386,2024-01-31,linkedin
emp_018387,2022-10-01,referral
emp_018388,2021-08-01,referral
emp_018389,2024-10-31,conference
emp_018390,2023-07-02,company_site
emp_018391,2022-08-01,linkedin
emp_018392,2025-05-01,boomerang
emp_018393,2020-12-30,recruiter
emp_018394,2017-03-01,recruiter
emp_018395,2023-10-01,recruiter
emp_018396,2024-12-31,referral
emp_018397,2025-06-01,recruiter
emp_018398,2023-10-31,university
emp_018399,2026-01-30,referral
emp_018400,2025-05-01,boomerang
emp_018401,2024-01-31,company_site
emp_018402,2024-11-30,linkedin
emp_018403,2024-07-01,recruiter
emp_018404,2019-08-31,company_site
emp_018405,2024-08-31,company_site
emp_018406,2025-08-31,linkedin
emp_018407,2024-04-01,referral
emp_018408,2023-12-01,referral
emp_018409,2022-10-31,boomerang
emp_018410,2026-07-01,referral
emp_018411,2023-10-31,referral
emp_018412,2023-12-31,boomerang
emp_018413,2023-09-01,referral
emp_018414,2024-05-31,company_site
emp_018415,2025-06-01,company_site
emp_018416,2024-11-30,referral
emp_018417,2023-03-02,company_site
emp_018418,2023-12-31,linkedin
emp_018419,2024-11-30,company_site
emp_018420,2023-12-01,recruiter
emp_018421,2025-11-30,university
emp_018422,2025-12-31,referral
emp_018423,2023-12-31,linkedin
emp_018424,2025-10-31,recruiter
emp_018425,2020-10-31,referral
emp_018426,2020-05-31,linkedin
emp_018427,2024-01-31,referral
emp_018428,2025-07-01,referral
emp_018429,2023-04-01,referral
emp_018430,2023-10-31,referral
emp_018431,2021-08-01,recruiter
emp_018432,2022-12-01,recruiter
emp_018433,2024-11-30,recruiter
emp_018434,2025-08-01,linkedin
emp_018435,2024-05-31,university
emp_018436,2025-11-30,referral
emp_018437,2024-03-01,recruiter
emp_018438,2020-07-31,company_site
emp_018439,2026-01-30,company_site
emp_018440,2025-10-01,company_site
emp_018441,2021-03-01,recruiter
emp_018442,2024-07-01,company_site
emp_018443,2024-12-31,company_site
emp_018444,2024-08-31,university
emp_018445,2025-05-01,linkedin
emp_018446,2025-01-30,university
emp_018447,2025-10-01,company_site
emp_018448,2021-04-01,linkedin
emp_018449,2024-03-01,linkedin
emp_018450,2019-06-01,boomerang
emp_018451,2024-12-31,referral
emp_018452,2023-09-01,company_site
emp_018453,2026-04-01,university
emp_018454,2026-07-01,company_site
emp_018455,2023-09-01,conference
emp_018456,2024-12-31,referral
emp_018457,2023-12-01,referral
emp_018458,2024-10-31,company_site
emp_018459,2023-10-01,recruiter
emp_018460,2024-03-01,boomerang
emp_018461,2025-06-01,company_site
emp_018462,2022-07-01,linkedin
emp_018463,2023-08-01,referral
emp_018464,2023-12-31,linkedin
emp_018465,2024-01-31,referral
emp_018466,2024-03-01,linkedin
emp_018467,2020-12-30,linkedin
emp_018468,2023-01-30,linkedin
emp_018469,2021-10-31,company_site
emp_018470,2024-07-01,recruiter
emp_018471,2025-08-01,referral
emp_018472,2021-10-31,linkedin
emp_018473,2025-05-01,referral
emp_018474,2020-08-31,linkedin
emp_018475,2023-12-31,university
emp_018476,2023-05-02,linkedin
emp_018477,2023-04-01,recruiter
emp_018478,2025-06-01,referral
emp_018479,2024-07-01,linkedin
emp_018480,2025-03-01,company_site
emp_018481,2025-01-30,recruiter
emp_018482,2026-05-02,company_site
emp_018483,2021-05-01,linkedin
emp_018484,2024-07-31,recruiter
emp_018485,2023-03-02,referral
emp_018486,2024-05-31,referral
emp_018487,2021-07-01,conference
emp_018488,2024-05-31,company_site
emp_018489,2024-08-31,company_site
emp_018490,2021-08-31,linkedin
emp_018491,2025-10-01,recruiter
emp_018492,2021-04-01,referral
emp_018493,2023-08-01,recruiter
emp_018494,2024-03-01,recruiter
emp_018495,2024-07-31,company_site
emp_018496,2025-11-30,company_site
emp_018497,2025-05-01,referral
emp_018498,2024-04-01,boomerang
emp_018499,2021-01-30,recruiter
emp_018500,2021-04-01,linkedin
emp_018501,2024-07-31,referral
emp_018502,2023-05-02,linkedin
emp_018503,2019-05-02,recruiter
emp_018504,2022-10-31,linkedin
emp_018505,2023-03-02,referral
emp_018506,2021-05-01,referral
emp_018507,2025-01-30,referral
emp_018508,2024-07-31,recruiter
emp_018509,2025-08-31,company_site
emp_018510,2020-05-31,company_site
emp_018511,2022-10-01,university
emp_018512,2024-05-31,recruiter
emp_018513,2020-12-30,conference
emp_018514,2025-04-01,company_site
emp_018515,2025-11-30,company_site
emp_018516,2024-05-31,boomerang
emp_018517,2023-12-01,referral
emp_018518,2024-12-31,company_site
emp_018519,2024-05-01,referral
emp_018520,2020-03-31,company_site
emp_018521,2022-03-02,linkedin
emp_018522,2025-05-01,linkedin
emp_018523,2024-11-30,linkedin
emp_018524,2019-12-31,company_site
emp_018525,2024-07-01,referral
emp_018526,2025-10-01,company_site
emp_018527,2024-01-31,linkedin
emp_018528,2016-11-30,linkedin
emp_018529,2022-03-02,linkedin
emp_018530,2024-03-01,recruiter
emp_018531,2024-04-01,recruiter
emp_018532,2025-03-01,linkedin
emp_018533,2024-12-31,linkedin
emp_018534,2020-11-30,company_site
emp_018535,2021-05-01,recruiter
emp_018536,2022-12-01,company_site
emp_018537,2024-04-01,referral
emp_018538,2024-10-31,recruiter
emp_018539,2023-05-02,referral
emp_018540,2025-07-01,referral
emp_018541,2021-09-30,linkedin
emp_018542,2025-10-31,linkedin
emp_018543,2021-11-30,recruiter
emp_018544,2023-10-01,linkedin
emp_018545,2023-12-31,referral
emp_018546,2024-09-30,company_site
emp_018547,2024-04-01,referral
emp_018548,2024-05-31,company_site
emp_018549,2025-07-01,referral
emp_018550,2025-08-31,company_site
emp_018551,2024-09-30,referral
emp_018552,2025-06-01,linkedin
emp_018553,2021-05-01,linkedin
emp_018554,2020-01-31,linkedin
emp_018555,2025-03-01,referral
emp_018556,2024-12-31,referral
emp_018557,2024-10-31,company_site
emp_018558,2025-08-01,referral
emp_018559,2023-05-02,referral
emp_018560,2025-07-01,linkedin
emp_018561,2025-01-30,university
emp_018562,2024-12-31,company_site
emp_018563,2025-04-01,company_site
emp_018564,2025-01-30,linkedin
emp_018565,2021-06-01,referral
emp_018566,2024-05-01,university
emp_018567,2023-07-02,referral
emp_018568,2025-03-01,company_site
emp_018569,2020-12-30,linkedin
emp_018570,2025-06-01,recruiter
emp_018571,2024-05-31,company_site
emp_018572,2025-08-01,referral
emp_018573,2025-08-01,boomerang
emp_018574,2022-03-02,company_site
emp_018575,2023-01-30,referral
emp_018576,2025-07-01,referral
emp_018577,2025-05-01,recruiter
emp_018578,2023-12-31,linkedin
emp_018579,2023-07-02,linkedin
emp_018580,2024-05-31,recruiter
emp_018581,2019-03-02,recruiter
emp_018582,2017-04-01,recruiter
emp_018583,2024-03-01,linkedin
emp_018584,2019-04-01,boomerang
emp_018585,2025-06-01,linkedin
emp_018586,2024-09-30,recruiter
emp_018587,2023-03-02,recruiter
emp_018588,2022-01-30,university
emp_018589,2024-03-01,recruiter
emp_018590,2023-03-02,linkedin
emp_018591,2016-05-01,recruiter
emp_018592,2024-09-30,referral
emp_018593,2023-09-01,linkedin
emp_018594,2024-11-30,linkedin
emp_018595,2023-12-31,linkedin
emp_018596,2018-01-30,linkedin
emp_018597,2025-11-30,conference
emp_018598,2022-08-31,company_site
emp_018599,2024-09-30,referral
emp_018600,2023-10-01,boomerang
emp_018601,2024-03-01,recruiter
emp_018602,2018-03-01,linkedin
emp_018603,2025-07-01,company_site
emp_018604,2025-07-01,linkedin
emp_018605,2025-01-30,referral
emp_018606,2025-10-01,linkedin
emp_018607,2024-12-31,conference
emp_018608,2018-04-01,linkedin
emp_018609,2025-06-01,recruiter
emp_018610,2023-06-01,linkedin
emp_018611,2023-10-01,linkedin
emp_018612,2022-12-31,recruiter
emp_018613,2024-12-31,referral
emp_018614,2025-06-01,university
emp_018615,2025-01-30,boomerang
emp_018616,2025-03-01,linkedin
emp_018617,2024-03-01,referral
emp_018618,2021-07-01,recruiter
emp_018619,2024-04-01,referral
emp_018620,2023-09-01,recruiter
emp_018621,2024-01-31,referral
emp_018622,2024-11-30,referral
emp_018623,2024-08-31,conference
emp_018624,2025-03-01,linkedin
emp_018625,2024-09-30,linkedin
emp_018626,2024-04-01,referral
emp_018627,2019-12-31,conference
emp_018628,2020-08-31,recruiter
emp_018629,2023-05-02,referral
emp_018630,2017-07-31,university
emp_018631,2023-10-01,linkedin
emp_018632,2025-05-01,referral
emp_018633,2023-10-01,referral
emp_018634,2023-03-02,referral
emp_018635,2022-05-01,linkedin
emp_018636,2024-07-31,recruiter
emp_018637,2022-04-01,recruiter
emp_018638,2023-06-01,referral
emp_018639,2023-12-01,linkedin
emp_018640,2025-08-01,referral
emp_018641,2024-05-01,company_site
emp_018642,2023-06-01,company_site
emp_018643,2025-03-01,conference
emp_018644,2024-08-31,referral
emp_018645,2023-03-02,linkedin
emp_018646,2024-11-30,boomerang
emp_018647,2019-12-01,company_site
emp_018648,2024-08-31,referral
emp_018649,2024-12-31,recruiter
emp_018650,2019-05-02,recruiter
emp_018651,2024-05-01,recruiter
emp_018652,2025-06-01,company_site
emp_018653,2025-10-01,university
emp_018654,2023-08-01,referral
emp_018655,2024-11-30,referral
emp_018656,2020-07-01,recruiter
emp_018657,2023-10-31,recruiter
emp_018658,2024-08-31,company_site
emp_018659,2024-03-01,company_site
emp_018660,2022-12-01,university
emp_018661,2024-04-01,company_site
emp_018662,2024-05-01,recruiter
emp_018663,2025-10-31,university
emp_018664,2024-12-31,linkedin
emp_018665,2025-08-31,linkedin
emp_018666,2022-07-01,recruiter
emp_018667,2024-03-01,referral
emp_018668,2022-04-01,referral
emp_018669,2026-04-01,referral
emp_018670,2020-07-31,linkedin
emp_018671,2025-08-01,referral
emp_018672,2018-06-01,linkedin
emp_018673,2017-03-01,university
emp_018674,2025-01-30,company_site
emp_018675,2025-07-01,boomerang
emp_018676,2024-10-31,boomerang
emp_018677,2024-01-31,linkedin
emp_018678,2024-05-01,company_site
emp_018679,2022-08-01,company_site
emp_018680,2023-10-31,company_site
emp_018681,2025-07-01,company_site
emp_018682,2024-10-31,referral
emp_018683,2023-01-30,boomerang
emp_018684,2018-08-31,referral
emp_018685,2025-10-31,linkedin
emp_018686,2022-01-30,referral
emp_018687,2020-12-30,company_site
emp_018688,2024-07-01,linkedin
emp_018689,2024-08-31,recruiter
emp_018690,2023-10-31,company_site
emp_018691,2025-07-01,company_site
emp_018692,2025-06-01,company_site
emp_018693,2025-03-01,referral
emp_018694,2021-01-30,referral
emp_018695,2020-03-31,recruiter
emp_018696,2024-09-30,university
emp_018697,2024-08-31,linkedin
emp_018698,2025-12-31,recruiter
emp_018699,2024-04-01,conference
emp_018700,2023-12-31,company_site
emp_018701,2023-05-02,referral
emp_018702,2022-05-01,conference
emp_018703,2023-04-01,company_site
emp_018704,2022-06-01,referral
emp_018705,2023-07-02,university
emp_018706,2024-08-31,referral
emp_018707,2025-03-01,recruiter
emp_018708,2023-12-31,recruiter
emp_018709,2024-01-31,linkedin
emp_018710,2023-10-31,boomerang
emp_018711,2021-11-30,linkedin
emp_018712,2024-10-31,linkedin
emp_018713,2020-03-01,referral
emp_018714,2022-08-31,conference
emp_018715,2026-04-01,linkedin
emp_018716,2019-01-30,recruiter
emp_018717,2025-07-01,linkedin
emp_018718,2025-07-01,recruiter
emp_018719,2023-05-02,company_site
emp_018720,2024-04-01,linkedin
emp_018721,2020-10-31,referral
emp_018722,2023-07-02,linkedin
emp_018723,2025-01-30,recruiter
emp_018724,2021-09-30,referral
emp_018725,2019-10-31,recruiter
emp_018726,2024-11-30,referral
emp_018727,2024-07-01,linkedin
emp_018728,2024-10-31,company_site
emp_018729,2024-10-31,referral
emp_018730,2021-10-31,linkedin
emp_018731,2025-06-01,linkedin
emp_018732,2009-05-01,referral
emp_018733,2023-12-31,university
emp_018734,2024-09-30,university
emp_018735,2022-12-01,university
emp_018736,2025-07-01,recruiter
emp_018737,2023-12-01,referral
emp_018738,2024-07-31,referral
emp_018739,2025-03-01,company_site
emp_018740,2024-04-01,university
emp_018741,2023-12-01,university
emp_018742,2025-11-30,company_site
emp_018743,2025-03-01,linkedin
emp_018744,2022-03-02,university
emp_018745,2024-08-31,recruiter
emp_018746,2022-12-31,recruiter
emp_018747,2022-08-31,referral
emp_018748,2023-03-02,recruiter
emp_018749,2025-07-01,university
emp_018750,2024-04-01,referral
emp_018751,2016-03-31,boomerang
emp_018752,2025-11-30,referral
emp_018753,2025-10-31,recruiter
emp_018754,2025-08-01,linkedin
emp_018755,2023-10-31,referral
emp_018756,2025-08-01,recruiter
emp_018757,2021-01-30,recruiter
emp_018758,2022-08-31,linkedin
emp_018759,2022-08-31,referral
emp_018760,2014-10-31,linkedin
emp_018761,2024-01-31,company_site
emp_018762,2022-05-01,referral
emp_018763,2025-05-01,university
emp_018764,2025-05-01,referral
emp_018765,2016-12-30,conference
emp_018766,2024-07-01,referral
emp_018767,2025-12-31,company_site
emp_018768,2026-01-30,referral
emp_018769,2023-12-31,linkedin
emp_018770,2023-07-02,referral
emp_018771,2019-08-01,conference
emp_018772,2022-07-01,boomerang
emp_018773,2025-08-01,referral
emp_018774,2023-08-01,linkedin
emp_018775,2021-03-01,referral
emp_018776,2024-05-31,recruiter
emp_018777,2025-06-01,referral
emp_018778,2026-07-01,linkedin
emp_018779,2024-05-01,referral
emp_018780,2022-06-01,referral
emp_018781,2021-01-30,recruiter
emp_018782,2025-08-01,referral
emp_018783,2025-04-01,linkedin
emp_018784,2020-05-01,university
emp_018785,2024-09-30,referral
emp_018786,2021-11-30,referral
emp_018787,2019-10-01,linkedin
emp_018788,2023-12-01,referral
emp_018789,2022-08-31,referral
emp_018790,2023-10-01,referral
emp_018791,2022-08-31,university
emp_018792,2024-01-31,referral
emp_018793,2024-11-30,referral
emp_018794,2009-07-01,referral
emp_018795,2025-01-30,referral
emp_018796,2022-06-01,conference
emp_018797,2024-07-31,referral
emp_018798,2023-01-30,referral
emp_018799,2024-12-31,recruiter
emp_018800,2025-10-01,linkedin
emp_018801,2024-04-01,referral
emp_018802,2021-08-31,referral
emp_018803,2021-08-31,university
emp_018804,2019-08-31,referral
emp_018805,2024-09-30,university
emp_018806,2019-08-01,recruiter
emp_018807,2024-08-31,linkedin
emp_018808,2025-03-01,recruiter
emp_018809,2023-01-30,company_site
emp_018810,2023-09-01,company_site
emp_018811,2023-06-01,referral
emp_018812,2025-03-01,referral
emp_018813,2023-10-01,referral
emp_018814,2024-05-01,linkedin
emp_018815,2024-11-30,university
emp_018816,2023-10-31,referral
emp_018817,2025-05-01,referral
emp_018818,2025-04-01,linkedin
emp_018819,2024-05-01,company_site
emp_018820,2024-08-31,recruiter
emp_018821,2024-05-31,referral
emp_018822,2022-04-01,referral
emp_018823,2022-01-30,linkedin
emp_018824,2025-10-31,company_site
emp_018825,2025-05-01,company_site
emp_018826,2023-10-31,university
emp_018827,2023-12-01,recruiter
emp_018828,2024-04-01,recruiter
emp_018829,2024-05-01,referral
emp_018830,2025-06-01,referral
emp_018831,2023-07-02,university
emp_018832,2025-11-30,linkedin
emp_018833,2025-10-01,referral
emp_018834,2024-07-31,company_site
emp_018835,2023-03-02,university
emp_018836,2024-10-31,conference
emp_018837,2024-08-31,recruiter
emp_018838,2022-12-31,referral
emp_018839,2021-11-30,recruiter
emp_018840,2024-07-01,referral
emp_018841,2023-08-01,linkedin
emp_018842,2020-08-31,recruiter
emp_018843,2021-04-01,referral
emp_018844,2024-10-31,referral
emp_018845,2024-04-01,referral
emp_018846,2022-10-01,linkedin
emp_018847,2024-10-31,company_site
emp_018848,2023-08-01,conference
emp_018849,2024-09-30,referral
emp_018850,2024-05-01,linkedin
emp_018851,2024-08-31,university
emp_018852,2024-01-31,boomerang
emp_018853,2023-10-31,referral
emp_018854,2021-07-01,recruiter
emp_018855,2023-10-01,company_site
emp_018856,2023-03-02,recruiter
emp_018857,2023-10-31,referral
emp_018858,2018-04-01,linkedin
emp_018859,2023-12-01,linkedin
emp_018860,2023-12-01,linkedin
emp_018861,2023-01-30,referral
emp_018862,2020-03-31,university
emp_018863,2023-12-01,linkedin
emp_018864,2019-10-31,referral
emp_018865,2023-12-01,referral
emp_018866,2023-08-01,linkedin
emp_018867,2025-01-30,boomerang
emp_018868,2021-07-01,linkedin
emp_018869,2023-12-31,referral
emp_018870,2024-08-31,linkedin
emp_018871,2021-03-01,referral
emp_018872,2023-05-02,linkedin
emp_018873,2024-07-31,university
emp_018874,2021-10-31,university
emp_018875,2023-08-01,linkedin
emp_018876,2022-03-02,linkedin
emp_018877,2022-03-02,conference
emp_018878,2019-10-01,recruiter
emp_018879,2024-07-01,referral
emp_018880,2025-10-01,recruiter
emp_018881,2020-10-31,company_site
emp_018882,2025-12-31,conference
emp_018883,2022-05-01,company_site
emp_018884,2024-04-01,recruiter
emp_018885,2021-08-31,linkedin
emp_018886,2018-12-31,company_site
emp_018887,2020-05-01,university
emp_018888,2026-07-01,company_site
emp_018889,2024-05-31,referral
emp_018890,2023-01-30,referral
emp_018891,2024-12-31,linkedin
emp_018892,2024-08-31,referral
emp_018893,2025-08-01,recruiter
emp_018894,2022-12-01,referral
emp_018895,2020-11-30,referral
emp_018896,2023-12-01,company_site
emp_018897,2019-01-30,boomerang
emp_018898,2024-07-31,company_site
emp_018899,2023-10-31,referral
emp_018900,2026-01-30,recruiter
emp_018901,2022-08-31,linkedin
emp_018902,2023-12-31,recruiter
emp_018903,2025-04-01,recruiter
emp_018904,2021-12-31,referral
emp_018905,2021-08-01,referral
emp_018906,2022-12-31,recruiter
emp_018907,2023-07-02,referral
emp_018908,2024-07-01,referral
emp_018909,2024-05-31,recruiter
emp_018910,2022-12-31,recruiter
emp_018911,2023-05-02,recruiter
emp_018912,2024-07-31,recruiter
emp_018913,2024-07-31,linkedin
emp_018914,2023-07-02,linkedin
emp_018915,2021-01-30,recruiter
emp_018916,2024-04-01,company_site
emp_018917,2025-01-30,boomerang
emp_018918,2023-07-02,company_site
emp_018919,2024-11-30,company_site
emp_018920,2024-05-31,linkedin
emp_018921,2022-12-31,conference
emp_018922,2025-03-01,recruiter
emp_018923,2022-10-01,university
emp_018924,2025-03-01,referral
emp_018925,2024-07-31,linkedin
emp_018926,2025-05-01,linkedin
emp_018927,2024-01-31,referral
emp_018928,2025-06-01,linkedin
emp_018929,2022-10-31,referral
emp_018930,2025-01-30,linkedin
emp_018931,2019-10-01,linkedin
emp_018932,2025-06-01,recruiter
emp_018933,2022-08-01,referral
emp_018934,2025-12-31,linkedin
emp_018935,2021-12-31,conference
emp_018936,2023-10-01,company_site
emp_018937,2019-10-31,company_site
emp_018938,2024-01-31,boomerang
emp_018939,2019-10-31,referral
emp_018940,2024-05-31,recruiter
emp_018941,2024-09-30,referral
emp_018942,2025-10-01,referral
emp_018943,2024-03-01,conference
emp_018944,2022-01-30,referral
emp_018945,2024-01-31,university
emp_018946,2024-10-31,referral
emp_018947,2023-04-01,company_site
emp_018948,2025-05-01,linkedin
emp_018949,2025-07-01,linkedin
emp_018950,2023-08-01,linkedin
emp_018951,2024-07-31,referral
emp_018952,2024-09-30,company_site
emp_018953,2024-10-31,recruiter
emp_018954,2023-01-30,linkedin
emp_018955,2024-11-30,linkedin
emp_018956,2021-06-01,recruiter
emp_018957,2024-08-31,recruiter
emp_018958,2022-03-02,recruiter
emp_018959,2022-12-31,boomerang
emp_018960,2023-10-01,referral
emp_018961,2020-10-31,referral
emp_018962,2024-12-31,linkedin
emp_018963,2017-06-01,referral
emp_018964,2024-10-31,linkedin
emp_018965,2023-10-01,recruiter
emp_018966,2023-10-31,linkedin
emp_018967,2025-08-31,referral
emp_018968,2022-08-31,recruiter
emp_018969,2021-11-30,recruiter
emp_018970,2025-06-01,recruiter
emp_018971,2024-07-31,linkedin
emp_018972,2025-05-01,referral
emp_018973,2025-01-30,referral
emp_018974,2023-04-01,conference
emp_018975,2023-10-01,boomerang
emp_018976,2020-10-31,recruiter
emp_018977,2023-05-02,recruiter
emp_018978,2011-11-30,linkedin
emp_018979,2021-12-31,university
emp_018980,2023-12-31,company_site
emp_018981,2023-10-01,linkedin
emp_018982,2019-10-01,recruiter
emp_018983,2025-10-01,referral
emp_018984,2024-01-31,linkedin
emp_018985,2023-04-01,linkedin
emp_018986,2025-01-30,referral
emp_018987,2023-12-01,recruiter
emp_018988,2021-08-01,referral
emp_018989,2022-06-01,referral
emp_018990,2025-08-01,conference
emp_018991,2022-10-01,referral
emp_018992,2025-04-01,boomerang
emp_018993,2025-03-01,referral
emp_018994,2020-07-01,recruiter
emp_018995,2025-07-01,linkedin
emp_018996,2019-05-02,company_site
emp_018997,2024-10-31,linkedin
emp_018998,2025-01-30,linkedin
emp_018999,2020-03-01,company_site
emp_019000,2022-03-02,linkedin
emp_019001,2025-05-01,referral
emp_019002,2018-10-31,company_site
emp_019003,2022-08-01,linkedin
emp_019004,2022-08-01,referral
emp_019005,2022-10-01,company_site
emp_019006,2024-01-31,referral
emp_019007,2023-06-01,company_site
emp_019008,2019-05-02,linkedin
emp_019009,2025-01-30,referral
emp_019010,2015-08-01,referral
emp_019011,2024-03-01,company_site
emp_019012,2024-05-01,linkedin
emp_019013,2025-05-01,linkedin
emp_019014,2026-07-01,company_site
emp_019015,2024-11-30,referral
emp_019016,2024-04-01,referral
emp_019017,2024-08-31,referral
emp_019018,2022-10-01,university
emp_019019,2024-10-31,referral
emp_019020,2026-03-02,company_site
emp_019021,2021-12-31,referral
emp_019022,2022-08-31,company_site
emp_019023,2024-09-30,referral
emp_019024,2024-04-01,company_site
emp_019025,2025-08-31,university
emp_019026,2024-12-31,referral
emp_019027,2025-08-01,university
emp_019028,2024-03-01,linkedin
emp_019029,2022-03-02,linkedin
emp_019030,2024-12-31,recruiter
emp_019031,2024-10-31,referral
emp_019032,2023-08-01,linkedin
emp_019033,2022-12-31,linkedin
emp_019034,2024-12-31,linkedin
emp_019035,2025-08-01,referral
emp_019036,2024-05-01,linkedin
emp_019037,2024-07-31,conference
emp_019038,2026-04-01,company_site
emp_019039,2023-12-31,university
emp_019040,2020-10-31,company_site
emp_019041,2024-03-01,referral
emp_019042,2022-10-01,company_site
emp_019043,2021-07-01,recruiter
emp_019044,2024-12-31,linkedin
emp_019045,2024-04-01,linkedin
emp_019046,2016-08-31,linkedin
emp_019047,2025-08-01,recruiter
emp_019048,2024-05-31,recruiter
emp_019049,2023-04-01,linkedin
emp_019050,2019-10-01,company_site
emp_019051,2017-07-01,recruiter
emp_019052,2025-06-01,referral
emp_019053,2021-08-01,linkedin
emp_019054,2022-10-01,referral
emp_019055,2021-06-01,company_site
emp_019056,2020-10-31,boomerang
emp_019057,2020-10-31,referral
emp_019058,2021-10-31,referral
emp_019059,2023-12-01,recruiter
emp_019060,2024-10-31,boomerang
emp_019061,2024-07-01,university
emp_019062,2023-01-30,company_site
emp_019063,2024-07-01,linkedin
emp_019064,2024-04-01,linkedin
emp_019065,2024-09-30,company_site
emp_019066,2022-10-31,referral
emp_019067,2022-10-31,company_site
emp_019068,2025-10-31,referral
emp_019069,2023-03-02,referral
emp_019070,2023-05-02,linkedin
emp_019071,2022-07-01,referral
emp_019072,2026-03-02,company_site
emp_019073,2024-03-01,company_site
emp_019074,2019-10-31,referral
emp_019075,2025-08-31,boomerang
emp_019076,2024-01-31,company_site
emp_019077,2024-03-01,recruiter
emp_019078,2025-07-01,linkedin
emp_019079,2024-04-01,company_site
emp_019080,2024-12-31,recruiter
emp_019081,2024-12-31,university
emp_019082,2022-08-31,company_site
emp_019083,2022-05-01,university
emp_019084,2023-08-01,linkedin
emp_019085,2023-04-01,university
emp_019086,2024-10-31,referral
emp_019087,2025-05-01,boomerang
emp_019088,2021-06-01,recruiter
emp_019089,2024-09-30,referral
emp_019090,2022-05-01,linkedin
emp_019091,2025-06-01,company_site
emp_019092,2024-07-31,linkedin
emp_019093,2022-07-01,referral
emp_019094,2026-03-02,company_site
emp_019095,2021-06-01,recruiter
emp_019096,2024-05-31,recruiter
emp_019097,2022-01-30,referral
emp_019098,2025-10-31,university
emp_019099,2024-11-30,recruiter
emp_019100,2022-10-01,boomerang
emp_019101,2024-09-30,referral
emp_019102,2023-01-30,boomerang
emp_019103,2023-10-01,conference
emp_019104,2023-05-02,university
emp_019105,2017-10-31,conference
emp_019106,2022-08-01,linkedin
emp_019107,2017-04-01,university
emp_019108,2020-08-31,referral
emp_019109,2023-12-01,university
emp_019110,2025-12-31,boomerang
emp_019111,2025-06-01,referral
emp_019112,2022-10-31,recruiter
emp_019113,2022-12-31,recruiter
emp_019114,2023-04-01,linkedin
emp_019115,2023-10-31,linkedin
emp_019116,2020-07-01,recruiter
emp_019117,2023-05-02,recruiter
emp_019118,2020-08-31,company_site
emp_019119,2024-07-01,recruiter
emp_019120,2025-04-01,referral
emp_019121,2022-12-31,linkedin
emp_019122,2023-12-31,linkedin
emp_019123,2022-10-01,recruiter
emp_019124,2024-12-31,recruiter
emp_019125,2025-01-30,recruiter
emp_019126,2022-03-02,company_site
emp_019127,2024-11-30,referral
emp_019128,2025-05-01,boomerang
emp_019129,2023-12-31,linkedin
emp_019130,2023-08-01,conference
emp_019131,2024-10-31,company_site
emp_019132,2022-12-31,linkedin
emp_019133,2024-11-30,referral
emp_019134,2025-04-01,linkedin
emp_019135,2024-04-01,recruiter
emp_019136,2024-05-01,linkedin
emp_019137,2023-05-02,university
emp_019138,2025-10-01,boomerang
emp_019139,2024-10-31,referral
emp_019140,2022-08-31,company_site
emp_019141,2016-12-30,recruiter
emp_019142,2025-10-01,company_site
emp_019143,2025-07-01,recruiter
emp_019144,2024-10-31,referral
emp_019145,2025-08-31,company_site
emp_019146,2017-08-31,recruiter
emp_019147,2021-08-01,linkedin
emp_019148,2024-12-31,linkedin
emp_019149,2024-05-31,referral
emp_019150,2024-11-30,recruiter
emp_019151,2024-05-31,recruiter
emp_019152,2024-08-31,recruiter
emp_019153,2019-03-02,linkedin
emp_019154,2019-08-31,recruiter
emp_019155,2023-01-30,recruiter
emp_019156,2024-07-01,boomerang
emp_019157,2023-12-01,referral
emp_019158,2023-12-01,referral
emp_019159,2021-06-01,conference
emp_019160,2024-11-30,university
emp_019161,2025-06-01,referral
emp_019162,2022-10-31,referral
emp_019163,2020-07-01,company_site
emp_019164,2021-08-31,referral
emp_019165,2024-05-01,referral
emp_019166,2024-07-31,referral
emp_019167,2023-09-01,referral
emp_019168,2025-11-30,referral
emp_019169,2018-07-01,recruiter
emp_019170,2024-03-01,recruiter
emp_019171,2024-03-01,recruiter
emp_019172,2025-12-31,linkedin
emp_019173,2024-12-31,company_site
emp_019174,2021-12-31,company_site
emp_019175,2023-09-01,company_site
emp_019176,2024-01-31,recruiter
emp_019177,2019-08-01,recruiter
emp_019178,2025-10-01,boomerang
emp_019179,2023-12-01,linkedin
emp_019180,2025-04-01,recruiter
emp_019181,2020-12-30,recruiter
emp_019182,2025-01-30,recruiter
emp_019183,2021-12-31,conference
emp_019184,2021-10-31,referral
emp_019185,2025-03-01,recruiter
emp_019186,2024-12-31,referral
emp_019187,2018-12-31,university
emp_019188,2024-07-31,linkedin
emp_019189,2024-09-30,conference
emp_019190,2024-08-31,recruiter
emp_019191,2020-03-01,university
emp_019192,2021-08-31,recruiter
emp_019193,2021-12-31,recruiter
emp_019194,2024-07-01,company_site
emp_019195,2024-09-30,linkedin
emp_019196,2019-01-30,referral
emp_019197,2025-07-01,recruiter
emp_019198,2024-04-01,referral
emp_019199,2025-10-01,recruiter
emp_019200,2025-08-01,referral
emp_019201,2022-04-01,referral
emp_019202,2024-01-31,company_site
emp_019203,2025-12-31,company_site
emp_019204,2024-08-31,linkedin
emp_019205,2023-10-01,referral
emp_019206,2025-01-30,recruiter
emp_019207,2025-10-31,linkedin
emp_019208,2025-11-30,university
emp_019209,2023-03-02,referral
emp_019210,2023-03-02,referral
emp_019211,2022-12-01,recruiter
emp_019212,2022-06-01,linkedin
emp_019213,2024-07-31,referral
emp_019214,2023-08-01,company_site
emp_019215,2025-04-01,recruiter
emp_019216,2024-07-31,university
emp_019217,2024-04-01,referral
emp_019218,2024-09-30,referral
emp_019219,2026-07-01,university
emp_019220,2021-11-30,linkedin
emp_019221,2023-10-31,company_site
emp_019222,2025-08-31,university
emp_019223,2022-10-31,recruiter
emp_019224,2021-05-01,referral
emp_019225,2025-04-01,linkedin
emp_019226,2024-11-30,referral
emp_019227,2025-11-30,linkedin
emp_019228,2024-05-01,recruiter
emp_019229,2023-12-31,recruiter
emp_019230,2023-10-31,referral
emp_019231,2025-01-30,linkedin
emp_019232,2022-07-01,recruiter
emp_019233,2024-04-01,referral
emp_019234,2024-07-01,recruiter
emp_019235,2021-11-30,linkedin
emp_019236,2025-03-01,linkedin
emp_019237,2026-04-01,linkedin
emp_019238,2024-10-31,company_site
emp_019239,2024-05-31,conference
emp_019240,2024-11-30,recruiter
emp_019241,2024-03-01,company_site
emp_019242,2021-04-01,referral
emp_019243,2021-11-30,referral
emp_019244,2021-04-01,linkedin
emp_019245,2024-10-31,referral
emp_019246,2022-01-30,referral
emp_019247,2025-06-01,linkedin
emp_019248,2023-01-30,linkedin
emp_019249,2023-06-01,company_site
emp_019250,2025-08-01,recruiter
emp_019251,2025-01-30,referral
emp_019252,2025-08-31,referral
emp_019253,2026-07-01,conference
emp_019254,2023-05-02,recruiter
emp_019255,2023-09-01,university
emp_019256,2024-09-30,linkedin
emp_019257,2023-04-01,recruiter
emp_019258,2024-07-01,referral
emp_019259,2023-10-01,linkedin
emp_019260,2024-05-01,referral
emp_019261,2023-06-01,linkedin
emp_019262,2014-07-01,linkedin
emp_019263,2024-08-31,recruiter
emp_019264,2026-01-30,conference
emp_019265,2024-07-31,linkedin
emp_019266,2025-06-01,linkedin
emp_019267,2023-04-01,recruiter
emp_019268,2023-09-01,recruiter
emp_019269,2024-05-01,company_site
emp_019270,2023-07-02,linkedin
emp_019271,2019-01-30,recruiter
emp_019272,2023-08-01,referral
emp_019273,2024-05-01,company_site
emp_019274,2024-10-31,referral
emp_019275,2023-10-01,company_site
emp_019276,2024-04-01,company_site
emp_019277,2023-10-01,boomerang
emp_019278,2025-08-31,boomerang
emp_019279,2024-10-31,referral
emp_019280,2024-09-30,referral
emp_019281,2025-10-01,recruiter
emp_019282,2021-11-30,referral
emp_019283,2024-01-31,referral
emp_019284,2009-07-01,referral
emp_019285,2023-07-02,recruiter
emp_019286,2021-11-30,company_site
emp_019287,2024-12-31,linkedin
emp_019288,2025-01-30,referral
emp_019289,2026-05-02,company_site
emp_019290,2024-05-31,conference
emp_019291,2025-10-01,linkedin
emp_019292,2023-03-02,referral
emp_019293,2024-05-31,referral
emp_019294,2022-10-01,linkedin
emp_019295,2024-10-31,linkedin
emp_019296,2025-11-30,referral
emp_019297,2025-05-01,recruiter
emp_019298,2023-10-01,recruiter
emp_019299,2025-10-01,referral
emp_019300,2025-03-01,linkedin
emp_019301,2024-04-01,referral
emp_019302,2023-12-01,linkedin
emp_019303,2025-05-01,conference
emp_019304,2023-01-30,linkedin
emp_019305,2024-10-31,referral
emp_019306,2025-01-30,referral
emp_019307,2024-07-01,company_site
emp_019308,2021-04-01,referral
emp_019309,2023-12-01,university
emp_019310,2018-11-30,linkedin
emp_019311,2025-07-01,recruiter
emp_019312,2025-05-01,recruiter
emp_019313,2021-03-01,recruiter
emp_019314,2023-10-01,linkedin
emp_019315,2022-06-01,referral
emp_019316,2023-01-30,company_site
emp_019317,2024-01-31,recruiter
emp_019318,2022-06-01,company_site
emp_019319,2024-03-01,recruiter
emp_019320,2025-08-01,recruiter
emp_019321,2025-05-01,recruiter
emp_019322,2023-12-01,referral
emp_019323,2021-01-30,company_site
emp_019324,2025-05-01,referral
emp_019325,2021-10-31,company_site
emp_019326,2023-10-31,referral
emp_019327,2024-12-31,recruiter
emp_019328,2022-12-01,referral
emp_019329,2023-07-02,linkedin
emp_019330,2024-05-01,university
emp_019331,2023-12-31,referral
emp_019332,2024-04-01,referral
emp_019333,2024-09-30,boomerang
emp_019334,2024-01-31,recruiter
emp_019335,2023-05-02,referral
emp_019336,2021-08-01,referral
emp_019337,2024-11-30,conference
emp_019338,2023-08-01,linkedin
emp_019339,2021-05-01,recruiter
emp_019340,2023-05-02,referral
emp_019341,2023-05-02,conference
emp_019342,2020-09-30,recruiter
emp_019343,2021-04-01,company_site
emp_019344,2026-01-30,linkedin
emp_019345,2022-10-31,recruiter
emp_019346,2016-03-31,conference
emp_019347,2026-04-01,linkedin
emp_019348,2025-12-31,linkedin
emp_019349,2022-07-01,referral
emp_019350,2024-09-30,recruiter
emp_019351,2024-07-01,referral
emp_019352,2023-05-02,recruiter
emp_019353,2025-05-01,company_site
emp_019354,2024-05-31,conference
emp_019355,2024-08-31,referral
emp_019356,2024-10-31,referral
emp_019357,2019-12-31,linkedin
emp_019358,2025-03-01,linkedin
emp_019359,2026-07-01,boomerang
emp_019360,2022-10-01,company_site
emp_019361,2023-04-01,referral
emp_019362,2024-05-01,recruiter
emp_019363,2019-08-31,recruiter
emp_019364,2025-05-01,conference
emp_019365,2022-03-02,university
emp_019366,2023-04-01,recruiter
emp_019367,2023-10-31,referral
emp_019368,2017-03-01,referral
emp_019369,2023-08-01,recruiter
emp_019370,2020-11-30,referral
emp_019371,2019-06-01,recruiter
emp_019372,2021-09-30,recruiter
emp_019373,2025-05-01,recruiter
emp_019374,2022-12-31,linkedin
emp_019375,2022-08-01,recruiter
emp_019376,2018-01-30,company_site
emp_019377,2024-10-31,referral
emp_019378,2023-09-01,referral
emp_019379,2025-01-30,referral
emp_019380,2023-10-01,recruiter
emp_019381,2024-08-31,recruiter
emp_019382,2025-03-01,referral
emp_019383,2024-03-01,linkedin
emp_019384,2024-03-01,recruiter
emp_019385,2025-04-01,referral
emp_019386,2023-09-01,company_site
emp_019387,2022-08-31,referral
emp_019388,2025-03-01,linkedin
emp_019389,2023-08-01,linkedin
emp_019390,2022-12-31,linkedin
emp_019391,2025-03-01,recruiter
emp_019392,2018-08-31,referral
emp_019393,2022-08-01,referral
emp_019394,2023-12-31,company_site
emp_019395,2023-12-31,referral
emp_019396,2025-05-01,company_site
emp_019397,2021-08-31,linkedin
emp_019398,2023-09-01,linkedin
emp_019399,2024-07-01,referral
emp_019400,2025-05-01,linkedin
emp_019401,2022-12-01,linkedin
emp_019402,2024-07-31,recruiter
emp_019403,2022-08-01,linkedin
emp_019404,2022-10-31,referral
emp_019405,2025-07-01,university
emp_019406,2022-03-02,recruiter
emp_019407,2024-01-31,company_site
emp_019408,2024-07-01,company_site
emp_019409,2024-05-01,conference
emp_019410,2022-03-02,conference
emp_019411,2022-06-01,referral
emp_019412,2024-08-31,company_site
emp_019413,2023-12-31,referral
emp_019414,2023-10-31,linkedin
emp_019415,2024-03-01,university
emp_019416,2024-12-31,recruiter
emp_019417,2013-09-30,recruiter
emp_019418,2020-12-30,recruiter
emp_019419,2025-06-01,referral
emp_019420,2025-06-01,recruiter
emp_019421,2021-06-01,boomerang
emp_019422,2023-12-31,linkedin
emp_019423,2025-10-01,recruiter
emp_019424,2021-08-31,linkedin
emp_019425,2021-08-31,linkedin
emp_019426,2023-01-30,boomerang
emp_019427,2025-08-01,conference
emp_019428,2024-03-01,company_site
emp_019429,2023-10-31,company_site
emp_019430,2019-12-31,recruiter
emp_019431,2023-01-30,linkedin
emp_019432,2022-03-02,conference
emp_019433,2022-03-02,linkedin
emp_019434,2022-06-01,linkedin
emp_019435,2020-09-30,recruiter
emp_019436,2024-05-01,linkedin
emp_019437,2021-10-31,company_site
emp_019438,2024-03-01,recruiter
emp_019439,2022-08-01,university
emp_019440,2025-12-31,university
emp_019441,2023-04-01,referral
emp_019442,2022-10-01,recruiter
emp_019443,2024-05-01,recruiter
emp_019444,2023-10-01,referral
emp_019445,2023-03-02,recruiter
emp_019446,2023-08-01,university
emp_019447,2023-07-02,university
emp_019448,2025-08-31,linkedin
emp_019449,2024-04-01,boomerang
emp_019450,2024-12-31,recruiter
emp_019451,2025-04-01,university
emp_019452,2023-10-31,university
emp_019453,2023-08-01,linkedin
emp_019454,2023-01-30,conference
emp_019455,2024-07-31,recruiter
emp_019456,2026-05-02,linkedin
emp_019457,2025-03-01,referral
emp_019458,2025-06-01,linkedin
emp_019459,2023-09-01,referral
emp_019460,2024-12-31,recruiter
emp_019461,2025-03-01,linkedin
emp_019462,2021-06-01,recruiter
emp_019463,2024-05-01,company_site
emp_019464,2024-04-01,recruiter
emp_019465,2024-07-31,university
emp_019466,2023-05-02,referral
emp_019467,2024-10-31,linkedin
emp_019468,2023-06-01,linkedin
emp_019469,2024-05-31,recruiter
emp_019470,2024-11-30,referral
emp_019471,2021-11-30,linkedin
emp_019472,2022-04-01,company_site
emp_019473,2025-05-01,recruiter
emp_019474,2024-03-01,linkedin
emp_019475,2025-11-30,conference
emp_019476,2026-04-01,boomerang
emp_019477,2025-08-31,linkedin
emp_019478,2021-09-30,linkedin
emp_019479,2023-07-02,referral
emp_019480,2024-07-01,linkedin
emp_019481,2023-05-02,referral
emp_019482,2024-01-31,company_site
emp_019483,2025-01-30,referral
emp_019484,2025-03-01,referral
emp_019485,2022-10-31,recruiter
emp_019486,2025-12-31,recruiter
emp_019487,2024-12-31,linkedin
emp_019488,2023-08-01,referral
emp_019489,2020-10-31,company_site
emp_019490,2024-03-01,referral
emp_019491,2022-06-01,company_site
emp_019492,2023-10-31,recruiter
emp_019493,2019-10-31,linkedin
emp_019494,2022-10-31,company_site
emp_019495,2024-05-31,boomerang
emp_019496,2023-01-30,boomerang
emp_019497,2024-04-01,linkedin
emp_019498,2022-10-01,linkedin
emp_019499,2023-01-30,company_site
emp_019500,2025-10-01,university
emp_019501,2024-05-01,recruiter
emp_019502,2021-09-30,recruiter
emp_019503,2025-10-31,company_site
emp_019504,2024-05-31,recruiter
emp_019505,2024-11-30,referral
emp_019506,2022-08-01,conference
emp_019507,2024-05-31,company_site
emp_019508,2024-11-30,referral
emp_019509,2022-12-31,boomerang
emp_019510,2018-07-01,referral
emp_019511,2025-07-01,university
emp_019512,2022-10-31,referral
emp_019513,2020-01-31,referral
emp_019514,2020-10-31,boomerang
emp_019515,2025-08-01,recruiter
emp_019516,2025-07-01,referral
emp_019517,2023-10-01,linkedin
emp_019518,2025-08-31,linkedin
emp_019519,2021-08-31,linkedin
emp_019520,2023-05-02,referral
emp_019521,2023-10-01,company_site
emp_019522,2019-04-01,linkedin
emp_019523,2024-07-01,referral
emp_019524,2020-05-31,referral
emp_019525,2024-12-31,linkedin
emp_019526,2024-10-31,referral
emp_019527,2022-06-01,linkedin
emp_019528,2025-10-01,company_site
emp_019529,2022-12-01,referral
emp_019530,2017-11-30,conference
emp_019531,2025-07-01,boomerang
emp_019532,2025-03-01,company_site
emp_019533,2025-04-01,boomerang
emp_019534,2026-07-01,linkedin
emp_019535,2025-05-01,linkedin
emp_019536,2024-07-01,university
emp_019537,2024-03-01,referral
emp_019538,2018-10-01,company_site
emp_019539,2016-10-30,recruiter
emp_019540,2025-06-01,company_site
emp_019541,2021-11-30,linkedin
emp_019542,2024-05-01,referral
emp_019543,2023-05-02,university
emp_019544,2024-05-31,company_site
emp_019545,2020-07-31,recruiter
emp_019546,2024-05-31,referral
emp_019547,2021-12-31,linkedin
emp_019548,2024-11-30,referral
emp_019549,2024-07-31,conference
emp_019550,2024-11-30,recruiter
emp_019551,2019-10-01,linkedin
emp_019552,2023-09-01,referral
emp_019553,2024-03-01,linkedin
emp_019554,2024-10-31,recruiter
emp_019555,2024-03-01,referral
emp_019556,2025-01-30,company_site
emp_019557,2018-07-01,university
emp_019558,2020-03-31,recruiter
emp_019559,2024-04-01,referral
emp_019560,2024-12-31,referral
emp_019561,2025-10-01,company_site
emp_019562,2022-04-01,referral
emp_019563,2025-01-30,boomerang
emp_019564,2022-10-31,linkedin
emp_019565,2024-07-31,referral
emp_019566,2020-05-01,referral
emp_019567,2025-08-01,conference
emp_019568,2023-10-31,company_site
emp_019569,2025-04-01,referral
emp_019570,2018-12-31,referral
emp_019571,2024-07-01,recruiter
emp_019572,2024-04-01,company_site
emp_019573,2023-08-01,linkedin
emp_019574,2024-05-01,company_site
emp_019575,2024-05-01,referral
emp_019576,2018-04-01,university
emp_019577,2024-05-31,linkedin
emp_019578,2016-03-01,referral
emp_019579,2025-07-01,company_site
emp_019580,2023-03-02,linkedin
emp_019581,2023-09-01,referral
emp_019582,2023-05-02,linkedin
emp_019583,2024-12-31,referral
emp_019584,2025-08-01,linkedin
emp_019585,2026-07-01,referral
emp_019586,2024-12-31,company_site
emp_019587,2022-01-30,referral
emp_019588,2024-12-31,recruiter
emp_019589,2024-11-30,company_site
emp_019590,2024-07-31,referral
emp_019591,2019-07-02,university
emp_019592,2025-01-30,company_site
emp_019593,2021-04-01,university
emp_019594,2019-04-01,boomerang
emp_019595,2024-05-01,university
emp_019596,2023-12-01,company_site
emp_019597,2023-12-31,referral
emp_019598,2024-04-01,recruiter
emp_019599,2025-06-01,recruiter
emp_019600,2023-08-01,referral
emp_019601,2025-04-01,company_site
emp_019602,2023-10-31,recruiter
emp_019603,2020-03-01,recruiter
emp_019604,2023-01-30,boomerang
emp_019605,2024-08-31,linkedin
emp_019606,2022-12-31,company_site
emp_019607,2021-10-31,university
emp_019608,2023-01-30,university
emp_019609,2025-04-01,university
emp_019610,2023-12-31,referral
emp_019611,2024-05-31,boomerang
emp_019612,2023-12-31,university
emp_019613,2023-01-30,linkedin
emp_019614,2025-03-01,conference
emp_019615,2025-08-31,referral
emp_019616,2023-07-02,referral
emp_019617,2023-05-02,company_site
emp_019618,2025-08-01,linkedin
emp_019619,2025-06-01,company_site
emp_019620,2024-07-01,linkedin
emp_019621,2025-03-01,referral
emp_019622,2024-08-31,linkedin
emp_019623,2024-03-01,recruiter
emp_019624,2024-08-31,boomerang
emp_019625,2024-11-30,linkedin
emp_019626,2024-01-31,company_site
emp_019627,2024-10-31,university
emp_019628,2024-07-31,university
emp_019629,2022-06-01,linkedin
emp_019630,2025-05-01,referral
emp_019631,2022-10-31,referral
emp_019632,2023-07-02,recruiter
emp_019633,2025-07-01,company_site
emp_019634,2023-10-01,linkedin
emp_019635,2024-01-31,linkedin
emp_019636,2026-03-02,referral
emp_019637,2025-06-01,linkedin
emp_019638,2023-09-01,linkedin
emp_019639,2022-01-30,recruiter
emp_019640,2019-01-30,linkedin
emp_019641,2017-01-30,linkedin
emp_019642,2022-03-02,linkedin
emp_019643,2023-06-01,linkedin
emp_019644,2024-07-01,conference
emp_019645,2025-12-31,boomerang
emp_019646,2023-08-01,linkedin
emp_019647,2024-07-31,boomerang
emp_019648,2021-12-31,university
emp_019649,2023-08-01,linkedin
emp_019650,2017-11-30,company_site
emp_019651,2023-06-01,recruiter
emp_019652,2024-05-31,linkedin
emp_019653,2025-12-31,company_site
emp_019654,2023-12-31,linkedin
emp_019655,2025-04-01,linkedin
emp_019656,2025-07-01,linkedin
emp_019657,2025-04-01,recruiter
emp_019658,2025-03-01,linkedin
emp_019659,2017-10-31,linkedin
emp_019660,2022-10-01,recruiter
emp_019661,2021-05-01,boomerang
emp_019662,2025-06-01,university
emp_019663,2024-05-01,boomerang
emp_019664,2024-04-01,university
emp_019665,2025-07-01,linkedin
emp_019666,2019-01-30,company_site
emp_019667,2019-05-02,linkedin
emp_019668,2025-10-31,linkedin
emp_019669,2023-05-02,conference
emp_019670,2019-10-31,company_site
emp_019671,2025-03-01,linkedin
emp_019672,2025-03-01,recruiter
emp_019673,2022-05-01,linkedin
emp_019674,2024-12-31,conference
emp_019675,2022-10-31,referral
emp_019676,2025-10-01,linkedin
emp_019677,2024-08-31,company_site
emp_019678,2021-10-31,recruiter
emp_019679,2024-09-30,referral
emp_019680,2024-12-31,linkedin
emp_019681,2022-04-01,company_site
emp_019682,2023-05-02,recruiter
emp_019683,2024-07-01,referral
emp_019684,2024-07-01,linkedin
emp_019685,2022-12-01,linkedin
emp_019686,2021-07-01,recruiter
emp_019687,2021-06-01,referral
emp_019688,2025-11-30,university
emp_019689,2017-10-31,linkedin
emp_019690,2024-05-01,university
emp_019691,2023-09-01,boomerang
emp_019692,2024-05-31,recruiter
emp_019693,2025-04-01,referral
emp_019694,2025-04-01,referral
emp_019695,2024-08-31,linkedin
emp_019696,2024-03-01,referral
emp_019697,2023-08-01,conference
emp_019698,2024-07-01,university
emp_019699,2022-07-01,linkedin
emp_019700,2022-10-01,conference
emp_019701,2025-10-31,company_site
emp_019702,2024-05-31,referral
emp_019703,2023-10-01,referral
emp_019704,2025-10-01,recruiter
emp_019705,2025-01-30,linkedin
emp_019706,2019-10-01,recruiter
emp_019707,2024-07-31,linkedin
emp_019708,2025-10-31,referral
emp_019709,2025-08-01,referral
emp_019710,2023-09-01,company_site
emp_019711,2024-07-31,linkedin
emp_019712,2017-08-31,referral
emp_019713,2019-12-31,linkedin
emp_019714,2025-10-01,recruiter
emp_019715,2023-09-01,recruiter
emp_019716,2023-10-31,linkedin
emp_019717,2021-08-01,recruiter
emp_019718,2022-12-31,boomerang
emp_019719,2024-10-31,referral
emp_019720,2024-08-31,referral
emp_019721,2024-05-31,referral
emp_019722,2025-03-01,referral
emp_019723,2025-10-01,conference
emp_019724,2023-09-01,recruiter
emp_019725,2025-01-30,referral
emp_019726,2020-01-31,recruiter
emp_019727,2021-11-30,referral
emp_019728,2026-07-01,referral
emp_019729,2023-07-02,linkedin
emp_019730,2024-11-30,boomerang
emp_019731,2024-07-31,linkedin
emp_019732,2024-03-01,company_site
emp_019733,2023-05-02,referral
emp_019734,2026-07-01,recruiter
emp_019735,2024-01-31,referral
emp_019736,2026-04-01,recruiter
emp_019737,2023-12-01,recruiter
emp_019738,2025-05-01,linkedin
emp_019739,2020-07-31,university
emp_019740,2024-08-31,linkedin
emp_019741,2024-07-01,linkedin
emp_019742,2024-01-31,linkedin
emp_019743,2025-10-01,conference
emp_019744,2019-12-31,company_site
emp_019745,2023-10-01,recruiter
emp_019746,2023-08-01,linkedin
emp_019747,2024-10-31,university
emp_019748,2022-10-01,recruiter
emp_019749,2024-09-30,linkedin
emp_019750,2023-05-02,referral
emp_019751,2021-08-31,linkedin
emp_019752,2025-08-01,linkedin
emp_019753,2014-04-01,linkedin
emp_019754,2023-10-01,referral
emp_019755,2022-06-01,boomerang
emp_019756,2023-12-31,university
emp_019757,2023-12-31,referral
emp_019758,2021-06-01,company_site
emp_019759,2025-03-01,referral
emp_019760,2025-06-01,referral
emp_019761,2022-01-30,referral
emp_019762,2024-03-01,recruiter
emp_019763,2024-01-31,referral
emp_019764,2024-07-31,recruiter
emp_019765,2019-04-01,referral
emp_019766,2025-11-30,company_site
emp_019767,2019-10-31,referral
emp_019768,2025-08-31,recruiter
emp_019769,2023-09-01,linkedin
emp_019770,2024-08-31,referral
emp_019771,2026-06-01,referral
emp_019772,2024-03-01,recruiter
emp_019773,2025-03-01,linkedin
emp_019774,2023-06-01,university
emp_019775,2025-03-01,referral
emp_019776,2025-01-30,referral
emp_019777,2023-10-31,referral
emp_019778,2022-08-31,recruiter
emp_019779,2025-05-01,boomerang
emp_019780,2023-08-01,referral
emp_019781,2021-11-30,recruiter
emp_019782,2021-08-31,referral
emp_019783,2026-03-02,company_site
emp_019784,2024-03-01,referral
emp_019785,2023-12-31,recruiter
emp_019786,2025-01-30,recruiter
emp_019787,2024-12-31,linkedin
emp_019788,2025-10-01,company_site
emp_019789,2023-12-01,university
emp_019790,2023-03-02,recruiter
emp_019791,2025-04-01,recruiter
emp_019792,2024-09-30,recruiter
emp_019793,2024-03-01,linkedin
emp_019794,2024-08-31,referral
emp_019795,2024-08-31,company_site
emp_019796,2026-01-30,conference
emp_019797,2020-11-30,linkedin
emp_019798,2024-09-30,linkedin
emp_019799,2021-10-31,referral
emp_019800,2020-10-31,referral
emp_019801,2024-01-31,linkedin
emp_019802,2024-09-30,university
emp_019803,2021-06-01,referral
emp_019804,2025-05-01,company_site
emp_019805,2022-06-01,linkedin
emp_019806,2024-10-31,company_site
emp_019807,2018-07-01,recruiter
emp_019808,2024-04-01,linkedin
emp_019809,2024-09-30,referral
emp_019810,2024-01-31,referral
emp_019811,2025-05-01,referral
emp_019812,2024-05-01,linkedin
emp_019813,2024-07-31,recruiter
emp_019814,2025-05-01,university
emp_019815,2024-11-30,recruiter
emp_019816,2023-05-02,recruiter
emp_019817,2023-07-02,company_site
emp_019818,2021-08-31,linkedin
emp_019819,2022-06-01,recruiter
emp_019820,2021-09-30,linkedin
emp_019821,2023-08-01,linkedin
emp_019822,2025-04-01,linkedin
emp_019823,2021-08-01,linkedin
emp_019824,2025-01-30,recruiter
emp_019825,2024-04-01,recruiter
emp_019826,2025-08-31,linkedin
emp_019827,2024-01-31,company_site
emp_019828,2024-12-31,referral
emp_019829,2024-11-30,recruiter
emp_019830,2024-05-31,linkedin
emp_019831,2025-08-01,boomerang
emp_019832,2024-09-30,conference
emp_019833,2018-03-01,referral
emp_019834,2022-12-31,conference
emp_019835,2023-06-01,linkedin
emp_019836,2025-03-01,recruiter
emp_019837,2023-05-02,company_site
emp_019838,2023-12-31,linkedin
emp_019839,2020-12-30,recruiter
emp_019840,2025-05-01,referral
emp_019841,2024-10-31,linkedin
emp_019842,2024-12-31,conference
emp_019843,2012-12-30,referral
emp_019844,2019-10-31,company_site
emp_019845,2023-10-31,university
emp_019846,2025-06-01,recruiter
emp_019847,2025-08-01,recruiter
emp_019848,2020-11-30,referral
emp_019849,2022-10-31,referral
emp_019850,2024-07-31,recruiter
emp_019851,2024-09-30,recruiter
emp_019852,2025-05-01,company_site
emp_019853,2025-10-31,recruiter
emp_019854,2025-08-01,recruiter
emp_019855,2023-12-01,referral
emp_019856,2025-07-01,linkedin
emp_019857,2025-05-01,conference
emp_019858,2023-04-01,linkedin
emp_019859,2024-09-30,referral
emp_019860,2025-08-01,referral
emp_019861,2021-05-01,company_site
emp_019862,2024-07-01,referral
emp_019863,2024-05-31,company_site
emp_019864,2024-10-31,linkedin
emp_019865,2023-12-31,recruiter
emp_019866,2025-11-30,linkedin
emp_019867,2024-09-30,boomerang
emp_019868,2021-11-30,recruiter
emp_019869,2021-08-31,recruiter
emp_019870,2025-05-01,linkedin
emp_019871,2019-08-01,referral
emp_019872,2025-05-01,referral
emp_019873,2025-08-01,referral
emp_019874,2024-03-01,company_site
emp_019875,2023-10-31,recruiter
emp_019876,2023-05-02,referral
emp_019877,2022-07-01,recruiter
emp_019878,2025-08-31,referral
emp_019879,2023-05-02,recruiter
emp_019880,2024-01-31,referral
emp_019881,2021-08-01,company_site
emp_019882,2025-05-01,linkedin
emp_019883,2024-05-01,referral
emp_019884,2025-03-01,referral
emp_019885,2021-04-01,company_site
emp_019886,2025-10-01,recruiter
emp_019887,2024-03-01,linkedin
emp_019888,2024-11-30,recruiter
emp_019889,2026-07-01,referral
emp_019890,2025-08-01,referral
emp_019891,2022-04-01,linkedin
emp_019892,2021-01-30,recruiter
emp_019893,2024-08-31,recruiter
emp_019894,2024-08-31,recruiter
emp_019895,2022-10-31,company_site
emp_019896,2023-03-02,referral
emp_019897,2020-07-31,recruiter
emp_019898,2025-06-01,referral
emp_019899,2023-10-31,linkedin
emp_019900,2020-08-31,linkedin
emp_019901,2022-08-01,recruiter
emp_019902,2023-04-01,linkedin
emp_019903,2021-08-31,linkedin
emp_019904,2022-01-30,company_site
emp_019905,2022-08-01,company_site
emp_019906,2024-01-31,referral
emp_019907,2025-03-01,linkedin
emp_019908,2023-09-01,linkedin
emp_019909,2025-10-31,linkedin
emp_019910,2025-03-01,recruiter
emp_019911,2025-10-31,referral
emp_019912,2025-03-01,referral
emp_019913,2025-07-01,recruiter
emp_019914,2019-07-02,referral
emp_019915,2023-03-02,recruiter
emp_019916,2026-04-01,recruiter
emp_019917,2025-03-01,referral
emp_019918,2023-01-30,linkedin
emp_019919,2024-07-31,recruiter
emp_019920,2023-12-01,linkedin
emp_019921,2024-10-31,university
emp_019922,2024-12-31,company_site
emp_019923,2023-10-01,referral
emp_019924,2025-01-30,company_site
emp_019925,2020-11-30,conference
emp_019926,2024-03-01,referral
emp_019927,2025-03-01,conference
emp_019928,2023-10-01,recruiter
emp_019929,2025-08-01,referral
emp_019930,2018-01-30,referral
emp_019931,2025-12-31,referral
emp_019932,2025-06-01,referral
emp_019933,2023-01-30,conference
emp_019934,2025-05-01,linkedin
emp_019935,2023-12-01,recruiter
emp_019936,2024-12-31,recruiter
emp_019937,2025-07-01,university
emp_019938,2026-05-02,university
emp_019939,2022-12-31,referral
emp_019940,2023-12-31,conference
emp_019941,2022-10-01,referral
emp_019942,2023-09-01,company_site
emp_019943,2023-09-01,linkedin
emp_019944,2025-01-30,referral
emp_019945,2024-07-01,recruiter
emp_019946,2025-12-31,recruiter
emp_019947,2024-10-31,company_site
emp_019948,2022-10-31,boomerang
emp_019949,2021-10-31,recruiter
emp_019950,2022-08-31,linkedin
emp_019951,2024-10-31,recruiter
emp_019952,2025-12-31,conference
emp_019953,2024-03-01,recruiter
emp_019954,2024-01-31,linkedin
emp_019955,2023-10-01,company_site
emp_019956,2025-05-01,company_site
emp_019957,2026-03-02,linkedin
emp_019958,2025-08-01,company_site
emp_019959,2022-10-31,recruiter
emp_019960,2022-12-31,referral
emp_019961,2024-07-01,linkedin
emp_019962,2024-05-31,boomerang
emp_019963,2023-10-01,university
emp_019964,2024-11-30,linkedin
emp_019965,2023-12-31,referral
emp_019966,2025-04-01,conference
emp_019967,2021-12-31,company_site
emp_019968,2024-05-31,company_site
emp_019969,2025-07-01,recruiter
emp_019970,2024-04-01,linkedin
emp_019971,2022-12-31,company_site
emp_019972,2022-07-01,referral
emp_019973,2021-03-01,referral
emp_019974,2025-10-31,university
emp_019975,2022-08-01,linkedin
emp_019976,2025-06-01,university
emp_019977,2022-10-31,referral
emp_019978,2024-08-31,linkedin
emp_019979,2022-03-02,university
emp_019980,2025-04-01,referral
emp_019981,2023-12-01,linkedin
emp_019982,2022-03-02,recruiter
emp_019983,2023-05-02,recruiter
emp_019984,2023-10-31,company_site
emp_019985,2025-05-01,company_site
emp_019986,2013-05-01,referral
emp_019987,2018-01-30,company_site
emp_019988,2025-11-30,university
emp_019989,2024-07-01,linkedin
emp_019990,2024-12-31,linkedin
emp_019991,2025-01-30,university
emp_019992,2025-06-01,linkedin
emp_019993,2023-10-01,linkedin
emp_019994,2021-11-30,company_site
emp_019995,2023-10-31,conference
emp_019996,2025-03-01,university
emp_019997,2021-08-31,company_site
emp_019998,2024-12-31,conference
emp_019999,2025-04-01,recruiter
emp_020000,2024-12-31,boomerang
emp_020001,2012-05-01,recruiter
emp_020002,2025-04-01,conference
emp_020003,2023-10-31,linkedin
emp_020004,2022-08-01,recruiter
emp_020005,2025-05-01,referral
emp_020006,2024-05-01,university
emp_020007,2017-06-01,referral
emp_020008,2022-10-31,linkedin
emp_020009,2024-08-31,referral
emp_020010,2025-07-01,company_site
emp_020011,2024-11-30,referral
emp_020012,2025-10-01,referral
emp_020013,2025-10-31,recruiter
emp_020014,2025-04-01,recruiter
emp_020015,2016-07-31,recruiter
emp_020016,2019-12-31,company_site
emp_020017,2024-04-01,referral
emp_020018,2025-05-01,referral
emp_020019,2021-11-30,company_site
emp_020020,2024-08-31,boomerang
emp_020021,2025-04-01,linkedin
emp_020022,2025-12-31,referral
emp_020023,2025-06-01,recruiter
emp_020024,2025-01-30,referral
emp_020025,2025-07-01,referral
emp_020026,2024-05-01,linkedin
emp_020027,2024-12-31,linkedin
emp_020028,2025-08-01,university
emp_020029,2021-09-30,boomerang
emp_020030,2024-10-31,recruiter
emp_020031,2020-10-31,referral
emp_020032,2024-11-30,boomerang
emp_020033,2023-12-31,boomerang
emp_020034,2024-08-31,referral
emp_020035,2021-08-01,conference
emp_020036,2021-11-30,linkedin
emp_020037,2024-07-31,company_site
emp_020038,2023-05-02,referral
emp_020039,2022-06-01,referral
emp_020040,2021-12-31,company_site
emp_020041,2024-01-31,university
emp_020042,2023-09-01,linkedin
emp_020043,2025-04-01,company_site
emp_020044,2023-06-01,company_site
emp_020045,2019-08-31,recruiter
emp_020046,2025-07-01,boomerang
emp_020047,2021-09-30,company_site
emp_020048,2024-12-31,linkedin
emp_020049,2019-08-01,referral
emp_020050,2024-01-31,boomerang
emp_020051,2024-04-01,company_site
emp_020052,2024-07-01,recruiter
emp_020053,2019-08-01,referral
emp_020054,2024-04-01,company_site
emp_020055,2025-01-30,linkedin
emp_020056,2025-12-31,recruiter
emp_020057,2023-06-01,company_site
emp_020058,2025-12-31,recruiter
emp_020059,2024-07-31,linkedin
emp_020060,2025-08-31,company_site
emp_020061,2025-07-01,linkedin
emp_020062,2023-08-01,recruiter
emp_020063,2024-05-01,referral
emp_020064,2023-12-01,referral
emp_020065,2019-03-02,referral
emp_020066,2021-11-30,recruiter
emp_020067,2024-08-31,company_site
emp_020068,2018-05-01,referral
emp_020069,2021-09-30,linkedin
emp_020070,2025-01-30,linkedin
emp_020071,2020-08-31,conference
emp_020072,2022-04-01,linkedin
emp_020073,2022-05-01,university
emp_020074,2023-04-01,university
emp_020075,2023-06-01,company_site
emp_020076,2016-07-31,referral
emp_020077,2024-07-01,recruiter
emp_020078,2020-07-01,referral
emp_020079,2024-07-01,company_site
emp_020080,2025-10-31,referral
emp_020081,2024-03-01,university
emp_020082,2017-06-01,recruiter
emp_020083,2023-12-31,referral
emp_020084,2024-10-31,linkedin
emp_020085,2024-01-31,university
emp_020086,2020-12-30,linkedin
emp_020087,2025-11-30,recruiter
emp_020088,2026-03-02,recruiter
emp_020089,2025-05-01,referral
emp_020090,2025-07-01,referral
emp_020091,2024-04-01,company_site
emp_020092,2024-09-30,company_site
emp_020093,2023-10-31,referral
emp_020094,2025-08-31,recruiter
emp_020095,2025-04-01,university
emp_020096,2023-08-01,boomerang
emp_020097,2019-05-02,recruiter
emp_020098,2025-07-01,linkedin
emp_020099,2023-12-01,boomerang
emp_020100,2022-08-31,boomerang
emp_020101,2024-07-31,referral
emp_020102,2019-07-02,recruiter
emp_020103,2025-08-31,referral
emp_020104,2023-10-01,linkedin
emp_020105,2021-11-30,university
emp_020106,2021-09-30,boomerang
emp_020107,2025-03-01,linkedin
emp_020108,2020-10-31,referral
emp_020109,2019-10-01,recruiter
emp_020110,2024-04-01,linkedin
emp_020111,2025-07-01,linkedin
emp_020112,2023-05-02,conference
emp_020113,2024-03-01,referral
emp_020114,2020-12-30,company_site
emp_020115,2024-05-01,recruiter
emp_020116,2021-10-31,linkedin
emp_020117,2022-12-31,referral
emp_020118,2024-07-01,referral
emp_020119,2023-10-31,company_site
emp_020120,2020-03-31,company_site
emp_020121,2025-03-01,recruiter
emp_020122,2023-12-01,recruiter
emp_020123,2023-10-31,linkedin
emp_020124,2024-09-30,referral
emp_020125,2024-05-01,recruiter
emp_020126,2024-12-31,referral
emp_020127,2025-01-30,company_site
emp_020128,2025-10-31,referral
emp_020129,2024-07-01,boomerang
emp_020130,2024-09-30,linkedin
emp_020131,2021-07-01,linkedin
emp_020132,2019-05-02,recruiter
emp_020133,2023-05-02,recruiter
emp_020134,2024-03-01,linkedin
emp_020135,2025-07-01,referral
emp_020136,2024-07-31,company_site
emp_020137,2024-03-01,recruiter
emp_020138,2022-01-30,referral
emp_020139,2023-12-31,referral
emp_020140,2018-10-31,referral
emp_020141,2025-05-01,recruiter
emp_020142,2023-12-31,conference
emp_020143,2025-04-01,referral
emp_020144,2025-01-30,recruiter
emp_020145,2022-12-01,university
emp_020146,2020-12-30,referral
emp_020147,2022-07-01,recruiter
emp_020148,2023-10-01,linkedin
emp_020149,2024-12-31,company_site
emp_020150,2026-05-02,linkedin
emp_020151,2023-01-30,company_site
emp_020152,2022-05-01,company_site
emp_020153,2020-03-31,linkedin
emp_020154,2025-08-31,boomerang
emp_020155,2024-01-31,recruiter
emp_020156,2024-12-31,linkedin
emp_020157,2025-03-01,referral
emp_020158,2025-04-01,linkedin
emp_020159,2022-08-31,linkedin
emp_020160,2025-08-01,recruiter
emp_020161,2021-09-30,linkedin
emp_020162,2022-03-02,university
emp_020163,2023-05-02,company_site
emp_020164,2021-11-30,recruiter
emp_020165,2026-04-01,referral
emp_020166,2021-05-01,company_site
emp_020167,2019-08-31,linkedin
emp_020168,2024-04-01,referral
emp_020169,2025-06-01,linkedin
emp_020170,2025-04-01,recruiter
emp_020171,2019-07-02,referral
emp_020172,2025-04-01,recruiter
emp_020173,2025-08-31,company_site
emp_020174,2024-10-31,company_site
emp_020175,2023-03-02,company_site
emp_020176,2024-08-31,recruiter
emp_020177,2024-08-31,linkedin
emp_020178,2024-03-01,linkedin
emp_020179,2021-10-31,boomerang
emp_020180,2022-10-31,conference
emp_020181,2020-08-31,linkedin
emp_020182,2023-09-01,referral
emp_020183,2022-06-01,referral
emp_020184,2025-08-01,referral
emp_020185,2023-12-01,referral
emp_020186,2024-05-01,recruiter
emp_020187,2023-08-01,university
emp_020188,2023-04-01,recruiter
emp_020189,2023-10-01,university
emp_020190,2025-07-01,recruiter
emp_020191,2024-11-30,company_site
emp_020192,2026-07-01,recruiter
emp_020193,2017-07-01,recruiter
emp_020194,2023-08-01,linkedin
emp_020195,2025-11-30,company_site
emp_020196,2025-08-01,recruiter
emp_020197,2025-01-30,recruiter
emp_020198,2023-03-02,recruiter
emp_020199,2018-11-30,linkedin
emp_020200,2024-10-31,referral
emp_020201,2022-06-01,linkedin
emp_020202,2020-11-30,referral
emp_020203,2021-09-30,linkedin
emp_020204,2025-08-01,recruiter
emp_020205,2020-05-31,referral
emp_020206,2021-01-30,linkedin
emp_020207,2024-08-31,university
emp_020208,2024-05-31,referral
emp_020209,2024-12-31,referral
emp_020210,2022-12-31,company_site
emp_020211,2021-07-01,linkedin
emp_020212,2022-12-31,recruiter
emp_020213,2021-05-01,recruiter
emp_020214,2024-07-31,company_site
emp_020215,2024-04-01,referral
emp_020216,2014-01-30,linkedin
emp_020217,2024-07-01,referral
emp_020218,2018-10-01,referral
emp_020219,2020-09-30,referral
emp_020220,2024-09-30,recruiter
emp_020221,2025-08-31,linkedin
emp_020222,2022-12-01,recruiter
emp_020223,2024-10-31,referral
emp_020224,2022-10-31,referral
emp_020225,2024-03-01,linkedin
emp_020226,2023-10-01,referral
emp_020227,2023-07-02,recruiter
emp_020228,2025-10-31,linkedin
emp_020229,2022-08-01,conference
emp_020230,2021-01-30,linkedin
emp_020231,2024-10-31,recruiter
emp_020232,2024-07-01,company_site
emp_020233,2023-06-01,recruiter
emp_020234,2025-08-01,recruiter
emp_020235,2020-03-01,linkedin
emp_020236,2024-10-31,recruiter
emp_020237,2024-01-31,company_site
emp_020238,2022-08-01,referral
emp_020239,2025-03-01,recruiter
emp_020240,2025-07-01,recruiter
emp_020241,2010-09-30,referral
emp_020242,2024-04-01,referral
emp_020243,2019-05-02,linkedin
emp_020244,2020-07-31,recruiter
emp_020245,2020-03-31,conference
emp_020246,2025-08-31,linkedin
emp_020247,2024-08-31,university
emp_020248,2025-01-30,referral
emp_020249,2020-07-01,recruiter
emp_020250,2024-08-31,referral
emp_020251,2025-11-30,university
emp_020252,2024-01-31,referral
emp_020253,2023-09-01,referral
emp_020254,2024-07-31,boomerang
emp_020255,2024-05-31,referral
emp_020256,2026-06-01,conference
emp_020257,2024-04-01,recruiter
emp_020258,2025-06-01,linkedin
emp_020259,2025-11-30,referral
emp_020260,2024-11-30,linkedin
emp_020261,2022-12-31,linkedin
emp_020262,2024-12-31,university
emp_020263,2021-04-01,referral
emp_020264,2025-07-01,university
emp_020265,2025-03-01,linkedin
emp_020266,2025-05-01,recruiter
emp_020267,2024-05-31,referral
emp_020268,2020-09-30,linkedin
emp_020269,2023-05-02,university
emp_020270,2022-04-01,referral
emp_020271,2025-11-30,university
emp_020272,2023-08-01,referral
emp_020273,2025-01-30,company_site
emp_020274,2021-05-01,linkedin
emp_020275,2026-01-30,recruiter
emp_020276,2022-10-31,linkedin
emp_020277,2023-12-01,recruiter
emp_020278,2024-05-01,company_site
emp_020279,2022-08-31,recruiter
emp_020280,2017-06-01,linkedin
emp_020281,2024-07-01,referral
emp_020282,2025-03-01,university
emp_020283,2023-10-01,recruiter
emp_020284,2016-12-30,company_site
emp_020285,2025-05-01,recruiter
emp_020286,2023-04-01,linkedin
emp_020287,2022-01-30,company_site
emp_020288,2025-01-30,referral
emp_020289,2022-10-01,linkedin
emp_020290,2023-10-01,referral
emp_020291,2024-07-01,linkedin
emp_020292,2025-04-01,university
emp_020293,2022-10-31,boomerang
emp_020294,2023-12-01,referral
emp_020295,2024-08-31,referral
emp_020296,2025-10-01,referral
emp_020297,2025-06-01,boomerang
emp_020298,2022-06-01,referral
emp_020299,2021-12-31,university
emp_020300,2024-03-01,referral
emp_020301,2022-05-01,company_site
emp_020302,2024-04-01,referral
emp_020303,2021-01-30,referral
emp_020304,2026-04-01,linkedin
emp_020305,2025-10-31,linkedin
emp_020306,2022-10-01,linkedin
emp_020307,2023-08-01,linkedin
emp_020308,2024-01-31,recruiter
emp_020309,2016-10-30,recruiter
emp_020310,2021-01-30,company_site
emp_020311,2024-12-31,linkedin
emp_020312,2023-01-30,referral
emp_020313,2025-03-01,university
emp_020314,2026-04-01,boomerang
emp_020315,2025-05-01,company_site
emp_020316,2025-12-31,referral
emp_020317,2024-10-31,company_site
emp_020318,2022-04-01,referral
emp_020319,2022-10-31,linkedin
emp_020320,2025-10-31,referral
emp_020321,2024-12-31,linkedin
emp_020322,2024-05-31,company_site
emp_020323,2024-08-31,recruiter
emp_020324,2021-11-30,linkedin
emp_020325,2024-05-31,recruiter
emp_020326,2024-09-30,university
emp_020327,2023-10-31,linkedin
emp_020328,2021-10-31,referral
emp_020329,2021-09-30,referral
emp_020330,2022-05-01,company_site
emp_020331,2024-04-01,linkedin
emp_020332,2023-09-01,company_site
emp_020333,2025-10-31,company_site
emp_020334,2025-04-01,company_site
emp_020335,2024-07-31,referral
emp_020336,2019-03-02,linkedin
emp_020337,2024-11-30,linkedin
emp_020338,2023-12-31,linkedin
emp_020339,2022-10-31,conference
emp_020340,2024-03-01,linkedin
emp_020341,2024-09-30,university
emp_020342,2023-04-01,company_site
emp_020343,2023-05-02,recruiter
emp_020344,2020-11-30,recruiter
emp_020345,2024-07-31,recruiter
emp_020346,2023-12-01,recruiter
emp_020347,2025-03-01,recruiter
emp_020348,2020-05-31,linkedin
emp_020349,2021-11-30,referral
emp_020350,2024-05-01,referral
emp_020351,2024-05-31,referral
emp_020352,2024-09-30,recruiter
emp_020353,2024-08-31,referral
emp_020354,2022-01-30,recruiter
emp_020355,2023-03-02,recruiter
emp_020356,2024-12-31,company_site
emp_020357,2026-04-01,recruiter
emp_020358,2024-09-30,company_site
emp_020359,2020-03-01,referral
emp_020360,2024-12-31,referral
emp_020361,2023-09-01,linkedin
emp_020362,2021-12-31,linkedin
emp_020363,2024-05-01,linkedin
emp_020364,2022-10-31,recruiter
emp_020365,2024-04-01,recruiter
emp_020366,2022-08-31,company_site
emp_020367,2016-05-01,company_site
emp_020368,2025-01-30,company_site
emp_020369,2021-08-31,linkedin
emp_020370,2021-05-01,conference
emp_020371,2022-08-01,company_site
emp_020372,2023-01-30,linkedin
emp_020373,2021-06-01,conference
emp_020374,2024-08-31,recruiter
emp_020375,2020-07-31,referral
emp_020376,2025-01-30,company_site
emp_020377,2024-07-01,company_site
emp_020378,2025-05-01,linkedin
emp_020379,2025-08-01,recruiter
emp_020380,2022-08-31,linkedin
emp_020381,2025-10-01,boomerang
emp_020382,2024-10-31,referral
emp_020383,2024-05-01,company_site
emp_020384,2023-12-31,company_site
emp_020385,2023-12-01,referral
emp_020386,2021-08-31,referral
emp_020387,2025-01-30,university
emp_020388,2024-07-31,company_site
emp_020389,2023-12-31,recruiter
emp_020390,2020-10-31,linkedin
emp_020391,2024-05-31,recruiter
emp_020392,2023-12-01,recruiter
emp_020393,2023-05-02,recruiter
emp_020394,2024-12-31,university
emp_020395,2021-12-31,referral
emp_020396,2024-08-31,referral
emp_020397,2020-12-30,linkedin
emp_020398,2025-11-30,referral
emp_020399,2026-05-02,company_site
emp_020400,2024-07-31,referral
emp_020401,2024-01-31,linkedin
emp_020402,2022-03-02,linkedin
emp_020403,2023-12-01,boomerang
emp_020404,2024-05-31,boomerang
emp_020405,2020-12-30,referral
emp_020406,2022-07-01,boomerang
emp_020407,2024-10-31,company_site
emp_020408,2024-03-01,referral
emp_020409,2016-01-30,linkedin
emp_020410,2022-08-01,linkedin
emp_020411,2023-08-01,referral
emp_020412,2025-11-30,university
emp_020413,2019-01-30,company_site
emp_020414,2025-05-01,linkedin
emp_020415,2025-11-30,referral
emp_020416,2024-08-31,boomerang
emp_020417,2023-08-01,boomerang
emp_020418,2024-10-31,university
emp_020419,2023-10-31,referral
emp_020420,2023-03-02,referral
emp_020421,2023-12-31,referral
emp_020422,2023-10-31,recruiter
emp_020423,2025-07-01,company_site
emp_020424,2025-03-01,referral
emp_020425,2024-05-31,university
emp_020426,2022-12-01,referral
emp_020427,2024-05-01,linkedin
emp_020428,2020-10-31,recruiter
emp_020429,2025-07-01,recruiter
emp_020430,2023-04-01,recruiter
emp_020431,2024-11-30,recruiter
emp_020432,2025-05-01,linkedin
emp_020433,2024-10-31,boomerang
emp_020434,2023-09-01,company_site
emp_020435,2024-09-30,recruiter
emp_020436,2025-12-31,recruiter
emp_020437,2022-10-01,university
emp_020438,2023-01-30,boomerang
emp_020439,2024-05-31,referral
emp_020440,2020-05-31,recruiter
emp_020441,2022-03-02,referral
emp_020442,2020-10-31,company_site
emp_020443,2023-05-02,recruiter
emp_020444,2020-08-31,linkedin
emp_020445,2026-04-01,referral
emp_020446,2019-08-31,linkedin
emp_020447,2022-12-01,linkedin
emp_020448,2025-10-31,company_site
emp_020449,2023-12-01,recruiter
emp_020450,2024-08-31,company_site
emp_020451,2020-10-31,referral
emp_020452,2024-07-31,referral
emp_020453,2024-08-31,referral
emp_020454,2021-09-30,linkedin
emp_020455,2024-09-30,linkedin
emp_020456,2021-05-01,referral
emp_020457,2023-12-31,linkedin
emp_020458,2024-12-31,referral
emp_020459,2021-03-01,university
emp_020460,2023-12-01,linkedin
emp_020461,2022-08-01,referral
emp_020462,2021-09-30,linkedin
emp_020463,2025-05-01,recruiter
emp_020464,2017-12-31,recruiter
emp_020465,2026-01-30,linkedin
emp_020466,2024-01-31,linkedin
emp_020467,2025-10-31,company_site
emp_020468,2025-04-01,referral
emp_020469,2024-07-01,referral
emp_020470,2023-12-01,company_site
emp_020471,2024-03-01,linkedin
emp_020472,2025-08-31,linkedin
emp_020473,2026-01-30,recruiter
emp_020474,2025-05-01,university
emp_020475,2020-01-31,recruiter
emp_020476,2018-11-30,referral
emp_020477,2023-12-01,recruiter
emp_020478,2021-01-30,recruiter
emp_020479,2023-01-30,linkedin
emp_020480,2025-08-31,referral
emp_020481,2025-04-01,recruiter
emp_020482,2024-01-31,linkedin
emp_020483,2025-04-01,referral
emp_020484,2024-10-31,university
emp_020485,2021-11-30,referral
emp_020486,2024-04-01,linkedin
emp_020487,2022-01-30,boomerang
emp_020488,2022-08-31,referral
emp_020489,2024-07-31,referral
emp_020490,2024-11-30,university
emp_020491,2024-04-01,recruiter
emp_020492,2023-07-02,recruiter
emp_020493,2021-10-31,university
emp_020494,2025-08-31,recruiter
emp_020495,2022-12-31,university
emp_020496,2018-11-30,linkedin
emp_020497,2023-07-02,referral
emp_020498,2026-05-02,referral
emp_020499,2024-03-01,recruiter
emp_020500,2023-08-01,conference
emp_020501,2024-05-31,conference
emp_020502,2025-05-01,referral
emp_020503,2020-03-31,company_site
emp_020504,2023-09-01,recruiter
emp_020505,2025-10-31,university
emp_020506,2020-07-31,boomerang
emp_020507,2025-10-31,university
emp_020508,2022-10-31,linkedin
emp_020509,2023-10-31,linkedin
emp_020510,2023-07-02,recruiter
emp_020511,2024-08-31,linkedin
emp_020512,2025-07-01,linkedin
emp_020513,2019-10-31,referral
emp_020514,2024-05-01,linkedin
emp_020515,2023-05-02,recruiter
emp_020516,2021-05-01,referral
emp_020517,2023-05-02,recruiter
emp_020518,2024-05-31,referral
emp_020519,2025-11-30,linkedin
emp_020520,2022-03-02,referral
emp_020521,2025-06-01,linkedin
emp_020522,2021-04-01,recruiter
emp_020523,2023-10-01,referral
emp_020524,2024-05-01,company_site
emp_020525,2025-03-01,recruiter
emp_020526,2024-03-01,referral
emp_020527,2023-08-01,referral
emp_020528,2024-01-31,recruiter
emp_020529,2024-12-31,recruiter
emp_020530,2024-04-01,recruiter
emp_020531,2019-08-01,company_site
emp_020532,2024-09-30,referral
emp_020533,2016-08-31,linkedin
emp_020534,2023-01-30,referral
emp_020535,2025-08-31,recruiter
emp_020536,2025-08-01,recruiter
emp_020537,2025-11-30,referral
emp_020538,2021-09-30,linkedin
emp_020539,2024-11-30,linkedin
emp_020540,2025-01-30,referral
emp_020541,2025-08-31,referral
emp_020542,2024-07-01,linkedin
emp_020543,2023-04-01,linkedin
emp_020544,2025-05-01,referral
emp_020545,2021-08-31,referral
emp_020546,2021-07-01,recruiter
emp_020547,2023-10-01,university
emp_020548,2025-04-01,referral
emp_020549,2025-03-01,company_site
emp_020550,2023-03-02,recruiter
emp_020551,2025-07-01,recruiter
emp_020552,2024-04-01,referral
emp_020553,2023-10-31,recruiter
emp_020554,2023-01-30,linkedin
emp_020555,2021-11-30,university
emp_020556,2025-10-01,referral
emp_020557,2024-09-30,recruiter
emp_020558,2025-10-01,linkedin
emp_020559,2025-07-01,referral
emp_020560,2024-12-31,company_site
emp_020561,2025-12-31,referral
emp_020562,2025-03-01,referral
emp_020563,2025-05-01,referral
emp_020564,2023-07-02,linkedin
emp_020565,2024-10-31,university
emp_020566,2024-01-31,linkedin
emp_020567,2023-09-01,recruiter
emp_020568,2024-10-31,recruiter
emp_020569,2022-01-30,recruiter
emp_020570,2018-03-01,referral
emp_020571,2021-10-31,recruiter
emp_020572,2024-07-31,company_site
emp_020573,2014-05-01,recruiter
emp_020574,2025-08-31,recruiter
emp_020575,2026-04-01,company_site
emp_020576,2022-10-31,referral
emp_020577,2024-12-31,linkedin
emp_020578,2023-10-01,referral
emp_020579,2023-07-02,university
emp_020580,2026-04-01,recruiter
emp_020581,2023-09-01,referral
emp_020582,2017-05-01,university
emp_020583,2022-07-01,conference
emp_020584,2023-09-01,referral
emp_020585,2024-09-30,linkedin
emp_020586,2024-05-01,conference
emp_020587,2026-03-02,referral
emp_020588,2024-08-31,boomerang
emp_020589,2022-04-01,referral
emp_020590,2022-12-01,referral
emp_020591,2026-07-01,referral
emp_020592,2023-10-01,recruiter
emp_020593,2025-03-01,referral
emp_020594,2025-12-31,company_site
emp_020595,2025-10-31,university
emp_020596,2014-01-30,company_site
emp_020597,2024-05-01,referral
emp_020598,2023-10-31,recruiter
emp_020599,2024-05-31,recruiter
emp_020600,2024-10-31,linkedin
emp_020601,2023-10-31,company_site
emp_020602,2023-10-31,referral
emp_020603,2020-03-31,recruiter
emp_020604,2025-05-01,company_site
emp_020605,2023-08-01,referral
emp_020606,2024-01-31,referral
emp_020607,2024-09-30,referral
emp_020608,2025-04-01,linkedin
emp_020609,2023-06-01,recruiter
emp_020610,2021-11-30,recruiter
emp_020611,2022-12-31,recruiter
emp_020612,2025-01-30,linkedin
emp_020613,2024-12-31,linkedin
emp_020614,2023-10-01,recruiter
emp_020615,2025-06-01,referral
emp_020616,2025-07-01,linkedin
emp_020617,2026-01-30,recruiter
emp_020618,2023-10-31,linkedin
emp_020619,2023-12-31,university
emp_020620,2021-06-01,university
emp_020621,2024-11-30,company_site
emp_020622,2024-03-01,referral
emp_020623,2024-03-01,recruiter
emp_020624,2025-04-01,referral
emp_020625,2024-12-31,company_site
emp_020626,2023-12-01,company_site
emp_020627,2024-07-01,university
emp_020628,2024-05-31,linkedin
emp_020629,2025-07-01,referral
emp_020630,2024-07-31,referral
emp_020631,2020-07-01,company_site
emp_020632,2025-01-30,recruiter
emp_020633,2024-05-31,company_site
emp_020634,2024-07-01,university
emp_020635,2024-10-31,university
emp_020636,2025-10-01,university
emp_020637,2022-06-01,university
emp_020638,2021-08-31,company_site
emp_020639,2024-09-30,recruiter
emp_020640,2025-12-31,company_site
emp_020641,2020-12-30,referral
emp_020642,2024-03-01,recruiter
emp_020643,2022-10-01,company_site
emp_020644,2024-09-30,recruiter
emp_020645,2023-08-01,recruiter
emp_020646,2018-07-01,linkedin
emp_020647,2020-11-30,referral
emp_020648,2025-06-01,conference
emp_020649,2019-12-01,recruiter
emp_020650,2024-01-31,referral
emp_020651,2021-11-30,linkedin
emp_020652,2024-11-30,recruiter
emp_020653,2024-12-31,conference
emp_020654,2021-12-31,linkedin
emp_020655,2023-10-01,recruiter
emp_020656,2025-04-01,referral
emp_020657,2024-12-31,recruiter
emp_020658,2023-10-01,boomerang
emp_020659,2025-10-01,university
emp_020660,2024-12-31,recruiter
emp_020661,2023-08-01,referral
emp_020662,2024-05-01,company_site
emp_020663,2025-01-30,conference
emp_020664,2022-10-31,referral
emp_020665,2025-11-30,company_site
emp_020666,2024-07-01,referral
emp_020667,2025-07-01,referral
emp_020668,2024-10-31,referral
emp_020669,2024-10-31,company_site
emp_020670,2022-10-01,university
emp_020671,2023-12-01,referral
emp_020672,2020-10-31,conference
emp_020673,2023-12-31,university
emp_020674,2024-09-30,university
emp_020675,2021-01-30,company_site
emp_020676,2023-06-01,linkedin
emp_020677,2020-08-31,linkedin
emp_020678,2025-05-01,university
emp_020679,2025-03-01,referral
emp_020680,2021-10-31,referral
emp_020681,2020-12-30,boomerang
emp_020682,2017-04-01,recruiter
emp_020683,2025-10-31,referral
emp_020684,2023-10-01,recruiter
emp_020685,2024-05-01,company_site
emp_020686,2023-08-01,linkedin
emp_020687,2020-11-30,referral
emp_020688,2025-06-01,recruiter
emp_020689,2022-10-01,referral
emp_020690,2024-07-01,company_site
emp_020691,2026-03-02,linkedin
emp_020692,2025-07-01,university
emp_020693,2023-07-02,company_site
emp_020694,2023-04-01,referral
emp_020695,2024-05-31,boomerang
emp_020696,2023-06-01,recruiter
emp_020697,2020-11-30,university
emp_020698,2024-08-31,conference
emp_020699,2023-10-01,referral
emp_020700,2025-11-30,university
emp_020701,2022-12-01,referral
emp_020702,2022-01-30,recruiter
emp_020703,2022-12-01,linkedin
emp_020704,2025-08-31,referral
emp_020705,2024-08-31,referral
emp_020706,2012-05-31,company_site
emp_020707,2023-04-01,referral
emp_020708,2018-03-01,recruiter
emp_020709,2024-10-31,linkedin
emp_020710,2024-11-30,recruiter
emp_020711,2024-05-01,referral
emp_020712,2023-08-01,recruiter
emp_020713,2021-11-30,referral
emp_020714,2021-08-01,recruiter
emp_020715,2024-10-31,university
emp_020716,2024-12-31,referral
emp_020717,2021-10-31,company_site
emp_020718,2023-12-31,linkedin
emp_020719,2025-11-30,company_site
emp_020720,2025-04-01,referral
emp_020721,2023-10-31,referral
emp_020722,2023-12-01,referral
emp_020723,2024-11-30,referral
emp_020724,2024-07-31,recruiter
emp_020725,2025-04-01,referral
emp_020726,2025-10-01,company_site
emp_020727,2024-07-01,company_site
emp_020728,2025-10-01,company_site
emp_020729,2024-05-01,referral
emp_020730,2025-06-01,referral
emp_020731,2021-09-30,university
emp_020732,2023-03-02,recruiter
emp_020733,2020-05-31,referral
emp_020734,2020-01-31,referral
emp_020735,2025-04-01,linkedin
emp_020736,2024-08-31,referral
emp_020737,2025-08-01,company_site
emp_020738,2025-07-01,company_site
emp_020739,2024-12-31,company_site
emp_020740,2023-06-01,recruiter
emp_020741,2023-09-01,company_site
emp_020742,2023-12-01,recruiter
emp_020743,2022-10-31,referral
emp_020744,2025-07-01,recruiter
emp_020745,2024-05-31,referral
emp_020746,2018-03-01,linkedin
emp_020747,2024-07-01,boomerang
emp_020748,2025-03-01,conference
emp_020749,2025-08-01,linkedin
emp_020750,2026-06-01,linkedin
emp_020751,2025-05-01,referral
emp_020752,2023-08-01,company_site
emp_020753,2021-07-01,linkedin
emp_020754,2025-01-30,referral
emp_020755,2024-05-01,recruiter
emp_020756,2022-04-01,referral
emp_020757,2024-05-31,referral
emp_020758,2024-08-31,linkedin
emp_020759,2021-08-31,recruiter
emp_020760,2022-08-01,company_site
emp_020761,2025-03-01,linkedin
emp_020762,2021-01-30,conference
emp_020763,2022-05-01,linkedin
emp_020764,2023-07-02,conference
emp_020765,2023-10-01,recruiter
emp_020766,2022-12-31,company_site
emp_020767,2024-10-31,recruiter
emp_020768,2024-04-01,linkedin
emp_020769,2023-12-01,recruiter
emp_020770,2019-08-31,company_site
emp_020771,2023-10-01,company_site
emp_020772,2025-05-01,referral
emp_020773,2023-12-31,company_site
emp_020774,2025-03-01,referral
emp_020775,2019-05-02,recruiter
emp_020776,2021-12-31,recruiter
emp_020777,2023-03-02,recruiter
emp_020778,2018-07-01,recruiter
emp_020779,2024-01-31,linkedin
emp_020780,2024-04-01,linkedin
emp_020781,2024-03-01,recruiter
emp_020782,2017-11-30,company_site
emp_020783,2022-03-02,recruiter
emp_020784,2026-05-02,linkedin
emp_020785,2026-03-02,company_site
emp_020786,2025-06-01,linkedin
emp_020787,2020-11-30,linkedin
emp_020788,2023-08-01,recruiter
emp_020789,2023-12-31,referral
emp_020790,2025-04-01,referral
emp_020791,2022-03-02,referral
emp_020792,2022-10-01,referral
emp_020793,2026-05-02,referral
emp_020794,2025-01-30,linkedin
emp_020795,2024-12-31,referral
emp_020796,2021-05-01,recruiter
emp_020797,2024-10-31,linkedin
emp_020798,2026-07-01,recruiter
emp_020799,2025-01-30,boomerang
emp_020800,2025-10-31,linkedin
emp_020801,2022-05-01,recruiter
emp_020802,2022-08-31,linkedin
emp_020803,2025-10-31,university
emp_020804,2024-05-01,recruiter
emp_020805,2025-08-31,company_site
emp_020806,2018-05-01,boomerang
emp_020807,2025-01-30,referral
emp_020808,2020-07-31,referral
emp_020809,2023-09-01,linkedin
emp_020810,2024-05-01,referral
emp_020811,2024-05-31,recruiter
emp_020812,2025-10-31,linkedin
emp_020813,2024-11-30,linkedin
emp_020814,2023-12-01,recruiter
emp_020815,2024-05-01,referral
emp_020816,2024-05-01,referral
emp_020817,2020-03-31,recruiter
emp_020818,2025-08-31,referral
emp_020819,2022-07-01,recruiter
emp_020820,2025-08-01,referral
emp_020821,2024-12-31,recruiter
emp_020822,2024-04-01,conference
emp_020823,2017-11-30,referral
emp_020824,2021-03-01,company_site
emp_020825,2025-10-01,linkedin
emp_020826,2024-09-30,recruiter
emp_020827,2023-08-01,recruiter
emp_020828,2025-08-01,referral
emp_020829,2024-04-01,recruiter
emp_020830,2024-12-31,recruiter
emp_020831,2024-07-31,linkedin
emp_020832,2024-07-31,recruiter
emp_020833,2025-08-31,boomerang
emp_020834,2022-04-01,company_site
emp_020835,2023-03-02,company_site
emp_020836,2025-01-30,referral
emp_020837,2025-03-01,referral
emp_020838,2018-12-31,recruiter
emp_020839,2025-05-01,university
emp_020840,2024-07-31,boomerang
emp_020841,2024-09-30,company_site
emp_020842,2023-07-02,referral
emp_020843,2025-08-01,referral
emp_020844,2022-01-30,university
emp_020845,2018-08-31,referral
emp_020846,2023-12-01,referral
emp_020847,2022-12-31,company_site
emp_020848,2022-07-01,referral
emp_020849,2019-12-31,referral
emp_020850,2025-10-31,referral
emp_020851,2024-08-31,referral
emp_020852,2025-05-01,referral
emp_020853,2023-04-01,recruiter
emp_020854,2025-12-31,university
emp_020855,2025-12-31,boomerang
emp_020856,2021-04-01,recruiter
emp_020857,2023-08-01,recruiter
emp_020858,2024-11-30,boomerang
emp_020859,2026-05-02,linkedin
emp_020860,2022-07-01,recruiter
emp_020861,2018-04-01,referral
emp_020862,2023-12-31,company_site
emp_020863,2025-06-01,company_site
emp_020864,2025-08-01,company_site
emp_020865,2023-06-01,recruiter
emp_020866,2026-04-01,linkedin
emp_020867,2023-03-02,linkedin
emp_020868,2023-09-01,linkedin
emp_020869,2018-06-01,company_site
emp_020870,2024-07-01,recruiter
emp_020871,2024-09-30,linkedin
emp_020872,2022-07-01,linkedin
emp_020873,2019-12-01,company_site
emp_020874,2022-10-01,linkedin
emp_020875,2023-05-02,recruiter
emp_020876,2025-10-01,linkedin
emp_020877,2020-12-30,referral
emp_020878,2025-12-31,recruiter
emp_020879,2025-06-01,linkedin
emp_020880,2025-07-01,boomerang
emp_020881,2021-06-01,company_site
emp_020882,2019-12-31,recruiter
emp_020883,2024-04-01,recruiter
emp_020884,2024-05-31,linkedin
emp_020885,2024-01-31,referral
emp_020886,2023-06-01,linkedin
emp_020887,2023-04-01,referral
emp_020888,2024-05-01,boomerang
emp_020889,2020-03-31,referral
emp_020890,2021-04-01,recruiter
emp_020891,2025-03-01,recruiter
emp_020892,2025-12-31,recruiter
emp_020893,2023-12-01,referral
emp_020894,2018-12-31,referral
emp_020895,2024-03-01,referral
emp_020896,2025-11-30,linkedin
emp_020897,2024-07-31,linkedin
emp_020898,2021-03-01,linkedin
emp_020899,2025-06-01,referral
emp_020900,2023-12-31,linkedin
emp_020901,2023-10-31,university
emp_020902,2024-12-31,recruiter
emp_020903,2025-11-30,linkedin
emp_020904,2025-08-01,company_site
emp_020905,2022-12-31,boomerang
emp_020906,2022-12-31,referral
emp_020907,2024-03-01,boomerang
emp_020908,2021-08-31,linkedin
emp_020909,2022-12-31,referral
emp_020910,2022-06-01,linkedin
emp_020911,2023-10-01,referral
emp_020912,2023-04-01,company_site
emp_020913,2025-08-01,company_site
emp_020914,2022-05-01,recruiter
emp_020915,2023-10-01,company_site
emp_020916,2025-03-01,recruiter
emp_020917,2024-09-30,linkedin
emp_020918,2020-09-30,conference
emp_020919,2022-08-31,company_site
emp_020920,2025-10-01,recruiter
emp_020921,2024-09-30,recruiter
emp_020922,2022-05-01,linkedin
emp_020923,2023-09-01,recruiter
emp_020924,2022-12-01,linkedin
emp_020925,2022-06-01,linkedin
emp_020926,2022-12-31,referral
emp_020927,2021-01-30,recruiter
emp_020928,2016-12-30,linkedin
emp_020929,2025-10-01,company_site
emp_020930,2023-06-01,referral
emp_020931,2024-10-31,boomerang
emp_020932,2021-07-01,referral
emp_020933,2024-05-01,company_site
emp_020934,2025-11-30,conference
emp_020935,2025-03-01,company_site
emp_020936,2022-10-01,university
emp_020937,2021-06-01,linkedin
emp_020938,2021-12-31,conference
emp_020939,2025-01-30,recruiter
emp_020940,2018-06-01,university
emp_020941,2022-04-01,company_site
emp_020942,2023-08-01,referral
emp_020943,2024-10-31,linkedin
emp_020944,2023-10-31,conference
emp_020945,2022-03-02,company_site
emp_020946,2023-07-02,university
emp_020947,2025-12-31,company_site
emp_020948,2022-07-01,referral
emp_020949,2023-12-01,conference
emp_020950,2024-11-30,conference
emp_020951,2023-12-01,company_site
emp_020952,2024-11-30,linkedin
emp_020953,2025-10-31,recruiter
emp_020954,2026-01-30,referral
emp_020955,2025-08-01,recruiter
emp_020956,2024-10-31,linkedin
emp_020957,2020-08-31,company_site
emp_020958,2020-10-31,linkedin
emp_020959,2024-09-30,recruiter
emp_020960,2024-03-01,company_site
emp_020961,2022-07-01,linkedin
emp_020962,2024-08-31,company_site
emp_020963,2022-12-31,linkedin
emp_020964,2025-08-31,referral
emp_020965,2020-05-01,referral
emp_020966,2021-09-30,recruiter
emp_020967,2021-10-31,recruiter
emp_020968,2023-10-01,referral
emp_020969,2024-12-31,referral
emp_020970,2025-12-31,linkedin
emp_020971,2025-01-30,company_site
emp_020972,2024-11-30,company_site
emp_020973,2024-08-31,conference
emp_020974,2021-09-30,university
emp_020975,2023-12-01,university
emp_020976,2024-09-30,recruiter
emp_020977,2021-10-31,company_site
emp_020978,2022-06-01,referral
emp_020979,2023-12-31,referral
emp_020980,2023-09-01,linkedin
emp_020981,2019-05-02,referral
emp_020982,2024-01-31,referral
emp_020983,2024-01-31,recruiter
emp_020984,2024-08-31,boomerang
emp_020985,2023-04-01,referral
emp_020986,2022-01-30,company_site
emp_020987,2025-08-01,linkedin
emp_020988,2021-11-30,referral
emp_020989,2025-04-01,referral
emp_020990,2023-04-01,linkedin
emp_020991,2023-12-31,recruiter
emp_020992,2024-10-31,company_site
emp_020993,2026-01-30,recruiter
emp_020994,2023-10-31,boomerang
emp_020995,2020-03-31,university
emp_020996,2023-12-31,linkedin
emp_020997,2026-07-01,company_site
emp_020998,2025-06-01,linkedin
emp_020999,2016-07-01,recruiter
emp_021000,2021-10-31,company_site
emp_021001,2025-10-01,university
emp_021002,2024-05-01,company_site
emp_021003,2024-03-01,referral
emp_021004,2023-07-02,company_site
emp_021005,2023-12-31,referral
emp_021006,2024-11-30,referral
emp_021007,2022-04-01,referral
emp_021008,2025-05-01,linkedin
emp_021009,2021-08-01,conference
emp_021010,2024-05-31,company_site
emp_021011,2019-07-02,company_site
emp_021012,2025-03-01,referral
emp_021013,2021-08-01,university
emp_021014,2023-09-01,linkedin
emp_021015,2025-08-01,referral
emp_021016,2024-01-31,referral
emp_021017,2024-04-01,recruiter
emp_021018,2025-08-01,linkedin
emp_021019,2024-05-01,referral
emp_021020,2016-03-01,university
emp_021021,2024-07-31,linkedin
emp_021022,2023-08-01,company_site
emp_021023,2024-09-30,referral
emp_021024,2024-08-31,referral
emp_021025,2023-10-31,referral
emp_021026,2024-04-01,recruiter
emp_021027,2023-10-31,linkedin
emp_021028,2026-07-01,boomerang
emp_021029,2024-09-30,linkedin
emp_021030,2022-03-02,referral
emp_021031,2025-10-01,referral
emp_021032,2018-10-01,recruiter
emp_021033,2023-01-30,referral
emp_021034,2020-07-31,linkedin
emp_021035,2023-12-31,referral
emp_021036,2021-05-01,linkedin
emp_021037,2021-04-01,company_site
emp_021038,2024-10-31,linkedin
emp_021039,2019-06-01,referral
emp_021040,2022-12-01,linkedin
emp_021041,2025-10-01,recruiter
emp_021042,2022-03-02,linkedin
emp_021043,2025-01-30,referral
emp_021044,2022-03-02,referral
emp_021045,2022-08-31,linkedin
emp_021046,2023-03-02,referral
emp_021047,2021-08-01,university
emp_021048,2025-08-31,referral
emp_021049,2022-08-31,linkedin
emp_021050,2022-12-01,recruiter
emp_021051,2023-07-02,linkedin
emp_021052,2023-04-01,university
emp_021053,2025-10-31,linkedin
emp_021054,2022-08-01,university
emp_021055,2024-07-01,company_site
emp_021056,2020-12-30,recruiter
emp_021057,2023-10-31,linkedin
emp_021058,2023-05-02,linkedin
emp_021059,2023-12-31,company_site
emp_021060,2026-01-30,linkedin
emp_021061,2022-05-01,recruiter
emp_021062,2024-05-01,linkedin
emp_021063,2025-08-01,company_site
emp_021064,2023-09-01,recruiter
emp_021065,2023-03-02,referral
emp_021066,2024-03-01,company_site
emp_021067,2024-01-31,referral
emp_021068,2024-05-31,recruiter
emp_021069,2023-03-02,recruiter
emp_021070,2025-08-01,linkedin
emp_021071,2019-12-01,linkedin
emp_021072,2022-12-31,linkedin
emp_021073,2017-12-31,conference
emp_021074,2023-10-31,company_site
emp_021075,2024-01-31,company_site
emp_021076,2025-06-01,linkedin
emp_021077,2022-08-01,university
emp_021078,2023-07-02,university
emp_021079,2025-07-01,referral
emp_021080,2025-08-01,referral
emp_021081,2025-06-01,linkedin
emp_021082,2026-03-02,linkedin
emp_021083,2025-10-01,referral
emp_021084,2024-07-31,linkedin
emp_021085,2024-07-31,university
emp_021086,2024-10-31,linkedin
emp_021087,2023-08-01,referral
emp_021088,2022-03-02,recruiter
emp_021089,2025-10-31,linkedin
emp_021090,2025-05-01,university
emp_021091,2022-03-02,recruiter
emp_021092,2023-12-01,referral
emp_021093,2024-09-30,company_site
emp_021094,2025-03-01,company_site
emp_021095,2022-12-31,recruiter
emp_021096,2025-08-31,recruiter
emp_021097,2022-12-01,linkedin
emp_021098,2022-12-31,conference
emp_021099,2025-01-30,university
emp_021100,2024-10-31,company_site
emp_021101,2022-12-01,linkedin
emp_021102,2025-10-31,linkedin
emp_021103,2024-08-31,university
emp_021104,2024-05-01,university
emp_021105,2025-04-01,recruiter
emp_021106,2021-03-01,recruiter
emp_021107,2020-08-31,company_site
emp_021108,2022-05-01,university
emp_021109,2019-12-31,recruiter
emp_021110,2025-08-31,referral
emp_021111,2018-10-01,recruiter
emp_021112,2023-03-02,recruiter
emp_021113,2023-09-01,linkedin
emp_021114,2025-07-01,referral
emp_021115,2022-03-02,linkedin
emp_021116,2023-08-01,recruiter
emp_021117,2024-05-01,recruiter
emp_021118,2023-05-02,company_site
emp_021119,2024-07-31,linkedin
emp_021120,2021-10-31,company_site
emp_021121,2023-10-01,conference
emp_021122,2023-12-01,referral
emp_021123,2024-05-01,recruiter
emp_021124,2024-03-01,company_site
emp_021125,2023-08-01,university
emp_021126,2024-09-30,university
emp_021127,2021-11-30,recruiter
emp_021128,2024-05-31,company_site
emp_021129,2024-03-01,company_site
emp_021130,2021-11-30,referral
emp_021131,2023-09-01,referral
emp_021132,2023-12-01,recruiter
emp_021133,2025-06-01,recruiter
emp_021134,2017-08-31,university
emp_021135,2025-08-01,company_site
emp_021136,2022-05-01,referral
emp_021137,2020-09-30,recruiter
emp_021138,2023-03-02,referral
emp_021139,2023-05-02,company_site
emp_021140,2024-04-01,company_site
emp_021141,2017-03-01,conference
emp_021142,2022-08-31,referral
emp_021143,2024-10-31,linkedin
emp_021144,2025-03-01,referral
emp_021145,2024-05-31,linkedin
emp_021146,2022-10-31,company_site
emp_021147,2025-04-01,linkedin
emp_021148,2024-07-01,linkedin
emp_021149,2022-12-31,recruiter
emp_021150,2025-07-01,recruiter
emp_021151,2023-12-31,referral
emp_021152,2019-10-01,referral
emp_021153,2025-10-01,linkedin
emp_021154,2024-01-31,referral
emp_021155,2024-05-31,referral
emp_021156,2021-12-31,boomerang
emp_021157,2024-03-01,recruiter
emp_021158,2021-10-31,referral
emp_021159,2022-03-02,referral
emp_021160,2020-01-31,company_site
emp_021161,2024-05-01,linkedin
emp_021162,2025-01-30,referral
emp_021163,2022-12-31,referral
emp_021164,2026-07-01,referral
emp_021165,2024-07-31,linkedin
emp_021166,2025-03-01,linkedin
emp_021167,2025-08-01,recruiter
emp_021168,2024-09-30,referral
emp_021169,2024-01-31,linkedin
emp_021170,2021-11-30,university
emp_021171,2023-09-01,referral
emp_021172,2023-06-01,linkedin
emp_021173,2023-10-31,university
emp_021174,2023-10-31,company_site
emp_021175,2023-12-01,company_site
emp_021176,2023-06-01,recruiter
emp_021177,2025-04-01,recruiter
emp_021178,2026-01-30,linkedin
emp_021179,2025-08-01,linkedin
emp_021180,2023-04-01,referral
emp_021181,2025-07-01,company_site
emp_021182,2024-07-31,referral
emp_021183,2024-11-30,referral
emp_021184,2022-08-31,referral
emp_021185,2018-10-01,linkedin
emp_021186,2025-10-01,recruiter
emp_021187,2024-08-31,linkedin
emp_021188,2025-05-01,company_site
emp_021189,2023-03-02,recruiter
emp_021190,2022-04-01,company_site
emp_021191,2024-10-31,linkedin
emp_021192,2020-11-30,recruiter
emp_021193,2026-07-01,referral
emp_021194,2025-10-31,recruiter
emp_021195,2025-07-01,linkedin
emp_021196,2020-01-31,linkedin
emp_021197,2023-04-01,referral
emp_021198,2024-03-01,recruiter
emp_021199,2023-12-01,referral
emp_021200,2025-08-01,referral
emp_021201,2019-12-01,recruiter
emp_021202,2024-01-31,recruiter
emp_021203,2024-07-01,linkedin
emp_021204,2023-03-02,boomerang
emp_021205,2024-07-31,company_site
emp_021206,2019-08-31,recruiter
emp_021207,2025-03-01,referral
emp_021208,2024-04-01,referral
emp_021209,2024-08-31,recruiter
emp_021210,2024-07-31,company_site
emp_021211,2026-01-30,linkedin
emp_021212,2026-04-01,referral
emp_021213,2024-11-30,linkedin
emp_021214,2023-08-01,linkedin
emp_021215,2021-11-30,company_site
emp_021216,2025-01-30,conference
emp_021217,2025-10-01,company_site
emp_021218,2024-05-31,referral
emp_021219,2024-03-01,linkedin
emp_021220,2025-08-01,referral
emp_021221,2025-08-01,university
emp_021222,2025-01-30,company_site
emp_021223,2024-09-30,company_site
emp_021224,2022-08-01,referral
emp_021225,2026-05-02,linkedin
emp_021226,2023-07-02,boomerang
emp_021227,2024-03-01,referral
emp_021228,2023-09-01,conference
emp_021229,2024-10-31,company_site
emp_021230,2024-04-01,company_site
emp_021231,2020-01-31,referral
emp_021232,2025-05-01,referral
emp_021233,2023-12-01,recruiter
emp_021234,2023-09-01,company_site
emp_021235,2024-05-01,linkedin
emp_021236,2019-08-31,recruiter
emp_021237,2019-10-01,company_site
emp_021238,2025-03-01,recruiter
emp_021239,2021-09-30,referral
emp_021240,2025-01-30,company_site
emp_021241,2024-07-31,recruiter
emp_021242,2022-06-01,linkedin
emp_021243,2024-07-01,recruiter
emp_021244,2024-01-31,referral
emp_021245,2022-12-31,recruiter
emp_021246,2025-01-30,referral
emp_021247,2020-08-31,referral
emp_021248,2023-09-01,referral
emp_021249,2025-03-01,referral
emp_021250,2024-10-31,company_site
emp_021251,2024-05-31,recruiter
emp_021252,2025-11-30,university
emp_021253,2023-08-01,recruiter
emp_021254,2023-10-01,linkedin
emp_021255,2025-10-31,referral
emp_021256,2025-08-01,boomerang
emp_021257,2015-10-01,recruiter
emp_021258,2024-01-31,company_site
emp_021259,2023-03-02,company_site
emp_021260,2025-07-01,recruiter
emp_021261,2016-07-01,referral
emp_021262,2025-05-01,recruiter
emp_021263,2020-03-01,conference
emp_021264,2024-09-30,referral
emp_021265,2024-04-01,boomerang
emp_021266,2025-12-31,referral
emp_021267,2024-04-01,referral
emp_021268,2023-10-01,university
emp_021269,2025-03-01,recruiter
emp_021270,2024-11-30,referral
emp_021271,2023-09-01,linkedin
emp_021272,2024-05-01,linkedin
emp_021273,2023-12-01,linkedin
emp_021274,2024-01-31,referral
emp_021275,2024-08-31,referral
emp_021276,2023-05-02,referral
emp_021277,2022-08-01,recruiter
emp_021278,2013-11-30,referral
emp_021279,2025-10-01,conference
emp_021280,2020-05-31,conference
emp_021281,2025-01-30,company_site
emp_021282,2023-07-02,company_site
emp_021283,2024-01-31,company_site
emp_021284,2019-08-01,recruiter
emp_021285,2024-08-31,university
emp_021286,2025-07-01,linkedin
emp_021287,2022-12-01,recruiter
emp_021288,2025-06-01,company_site
emp_021289,2025-08-31,linkedin
emp_021290,2021-06-01,linkedin
emp_021291,2024-04-01,referral
emp_021292,2020-05-01,linkedin
emp_021293,2017-09-30,boomerang
emp_021294,2024-05-01,referral
emp_021295,2024-05-01,recruiter
emp_021296,2024-03-01,referral
emp_021297,2022-07-01,company_site
emp_021298,2024-04-01,linkedin
emp_021299,2025-06-01,boomerang
emp_021300,2024-07-31,linkedin
emp_021301,2025-10-01,company_site
emp_021302,2024-11-30,linkedin
emp_021303,2024-09-30,conference
emp_021304,2025-08-01,recruiter
emp_021305,2023-06-01,boomerang
emp_021306,2021-12-31,company_site
emp_021307,2026-07-01,linkedin
emp_021308,2024-12-31,recruiter
emp_021309,2025-01-30,linkedin
emp_021310,2022-03-02,conference
emp_021311,2023-03-02,referral
emp_021312,2025-12-31,company_site
emp_021313,2019-10-31,company_site
emp_021314,2023-01-30,university
emp_021315,2024-01-31,linkedin
emp_021316,2025-12-31,company_site
emp_021317,2022-01-30,university
emp_021318,2022-08-01,recruiter
emp_021319,2025-03-01,linkedin
emp_021320,2019-08-31,referral
emp_021321,2024-09-30,company_site
emp_021322,2024-09-30,university
emp_021323,2024-10-31,linkedin
emp_021324,2024-05-31,linkedin
emp_021325,2025-07-01,linkedin
emp_021326,2025-03-01,referral
emp_021327,2023-08-01,university
emp_021328,2022-10-31,referral
emp_021329,2025-07-01,company_site
emp_021330,2024-04-01,linkedin
emp_021331,2021-09-30,linkedin
emp_021332,2025-06-01,referral
emp_021333,2023-12-01,university
emp_021334,2023-10-01,recruiter
emp_021335,2025-07-01,company_site
emp_021336,2024-04-01,referral
emp_021337,2025-01-30,company_site
emp_021338,2022-12-01,boomerang
emp_021339,2022-05-01,referral
emp_021340,2025-08-01,referral
emp_021341,2023-01-30,referral
emp_021342,2024-09-30,recruiter
emp_021343,2021-07-01,referral
emp_021344,2025-01-30,recruiter
emp_021345,2024-10-31,conference
emp_021346,2022-07-01,linkedin
emp_021347,2025-03-01,referral
emp_021348,2021-07-01,referral
emp_021349,2019-12-31,company_site
emp_021350,2024-07-31,recruiter
emp_021351,2024-04-01,referral
emp_021352,2019-12-31,referral
emp_021353,2023-09-01,university
emp_021354,2024-07-01,company_site
emp_021355,2023-05-02,company_site
emp_021356,2024-07-31,company_site
emp_021357,2025-08-31,referral
emp_021358,2024-08-31,recruiter
emp_021359,2024-04-01,company_site
emp_021360,2026-03-02,referral
emp_021361,2023-10-01,university
emp_021362,2025-10-01,university
emp_021363,2023-09-01,recruiter
emp_021364,2022-05-01,linkedin
emp_021365,2023-10-01,recruiter
emp_021366,2023-05-02,recruiter
emp_021367,2024-12-31,linkedin
emp_021368,2018-01-30,recruiter
emp_021369,2024-07-01,recruiter
emp_021370,2025-04-01,referral
emp_021371,2022-08-01,referral
emp_021372,2026-05-02,recruiter
emp_021373,2023-07-02,referral
emp_021374,2022-07-01,linkedin
emp_021375,2024-03-01,linkedin
emp_021376,2025-10-31,recruiter
emp_021377,2024-05-31,boomerang
emp_021378,2021-06-01,recruiter
emp_021379,2023-06-01,referral
emp_021380,2025-06-01,referral
emp_021381,2023-04-01,referral
emp_021382,2023-01-30,recruiter
emp_021383,2024-08-31,referral
emp_021384,2023-01-30,recruiter
emp_021385,2022-10-01,boomerang
emp_021386,2023-07-02,university
emp_021387,2021-03-01,recruiter
emp_021388,2023-01-30,recruiter
emp_021389,2022-05-01,recruiter
emp_021390,2024-10-31,company_site
emp_021391,2024-12-31,linkedin
emp_021392,2023-09-01,company_site
emp_021393,2021-06-01,recruiter
emp_021394,2024-10-31,referral
emp_021395,2025-08-01,company_site
emp_021396,2024-09-30,referral
emp_021397,2025-11-30,recruiter
emp_021398,2023-10-31,recruiter
emp_021399,2023-09-01,referral
emp_021400,2025-07-01,linkedin
emp_021401,2025-08-31,linkedin
emp_021402,2020-11-30,recruiter
emp_021403,2023-12-31,referral
emp_021404,2024-04-01,boomerang
emp_021405,2024-05-31,company_site
emp_021406,2025-03-01,referral
emp_021407,2022-05-01,linkedin
emp_021408,2023-09-01,referral
emp_021409,2023-06-01,referral
emp_021410,2025-01-30,company_site
emp_021411,2023-01-30,recruiter
emp_021412,2024-12-31,referral
emp_021413,2022-04-01,company_site
emp_021414,2024-04-01,referral
emp_021415,2018-11-30,conference
emp_021416,2022-10-01,referral
emp_021417,2023-10-31,conference
emp_021418,2020-12-30,referral
emp_021419,2024-05-01,referral
emp_021420,2022-06-01,university
emp_021421,2024-11-30,university
emp_021422,2024-01-31,linkedin
emp_021423,2024-04-01,recruiter
emp_021424,2023-06-01,recruiter
emp_021425,2024-10-31,referral
emp_021426,2025-04-01,linkedin
emp_021427,2025-11-30,linkedin
emp_021428,2025-03-01,recruiter
emp_021429,2025-08-01,linkedin
emp_021430,2021-06-01,referral
emp_021431,2024-09-30,linkedin
emp_021432,2023-07-02,linkedin
emp_021433,2025-07-01,company_site
emp_021434,2025-06-01,recruiter
emp_021435,2024-10-31,referral
emp_021436,2023-08-01,university
emp_021437,2024-11-30,company_site
emp_021438,2022-08-31,referral
emp_021439,2023-12-01,company_site
emp_021440,2024-11-30,university
emp_021441,2024-11-30,recruiter
emp_021442,2024-11-30,referral
emp_021443,2022-07-01,company_site
emp_021444,2023-10-31,company_site
emp_021445,2020-05-01,linkedin
emp_021446,2023-12-01,linkedin
emp_021447,2025-05-01,company_site
emp_021448,2026-03-02,referral
emp_021449,2021-05-01,recruiter
emp_021450,2024-05-31,referral
emp_021451,2020-07-01,referral
emp_021452,2022-10-01,company_site
emp_021453,2023-06-01,referral
emp_021454,2011-01-30,conference
emp_021455,2022-08-01,recruiter
emp_021456,2025-11-30,linkedin
emp_021457,2025-08-01,linkedin
emp_021458,2023-12-31,linkedin
emp_021459,2025-01-30,company_site
emp_021460,2023-10-31,recruiter
emp_021461,2022-04-01,referral
emp_021462,2025-06-01,company_site
emp_021463,2025-10-01,linkedin
emp_021464,2022-03-02,referral
emp_021465,2020-10-31,linkedin
emp_021466,2024-04-01,referral
emp_021467,2020-05-31,recruiter
emp_021468,2023-12-31,recruiter
emp_021469,2024-05-31,recruiter
emp_021470,2024-05-31,recruiter
emp_021471,2024-10-31,university
emp_021472,2025-10-01,referral
emp_021473,2023-08-01,referral
emp_021474,2022-12-31,recruiter
emp_021475,2023-06-01,referral
emp_021476,2024-03-01,university
emp_021477,2025-05-01,company_site
emp_021478,2020-01-31,referral
emp_021479,2025-05-01,recruiter
emp_021480,2025-10-31,linkedin
emp_021481,2023-06-01,university
emp_021482,2024-01-31,recruiter
emp_021483,2022-08-01,company_site
emp_021484,2024-05-31,linkedin
emp_021485,2015-08-01,referral
emp_021486,2024-03-01,referral
emp_021487,2023-01-30,recruiter
emp_021488,2025-01-30,referral
emp_021489,2022-10-01,referral
emp_021490,2022-06-01,recruiter
emp_021491,2021-05-01,recruiter
emp_021492,2020-09-30,university
emp_021493,2024-07-01,linkedin
emp_021494,2023-01-30,recruiter
emp_021495,2020-09-30,recruiter
emp_021496,2024-05-01,linkedin
emp_021497,2021-08-01,company_site
emp_021498,2021-07-01,recruiter
emp_021499,2025-06-01,recruiter
emp_021500,2024-07-31,linkedin
emp_021501,2025-08-01,recruiter
emp_021502,2024-09-30,boomerang
emp_021503,2023-10-31,linkedin
emp_021504,2022-03-02,linkedin
emp_021505,2022-06-01,referral
emp_021506,2026-01-30,boomerang
emp_021507,2022-12-01,company_site
emp_021508,2024-03-01,referral
emp_021509,2024-08-31,referral
emp_021510,2025-03-01,linkedin
emp_021511,2024-09-30,linkedin
emp_021512,2024-05-31,university
emp_021513,2025-04-01,recruiter
emp_021514,2022-06-01,recruiter
emp_021515,2025-12-31,referral
emp_021516,2024-07-31,university
emp_021517,2026-03-02,company_site
emp_021518,2022-10-31,recruiter
emp_021519,2023-12-31,linkedin
emp_021520,2023-04-01,conference
emp_021521,2024-07-01,referral
emp_021522,2024-05-31,linkedin
emp_021523,2023-12-31,recruiter
emp_021524,2025-01-30,recruiter
emp_021525,2024-09-30,conference
emp_021526,2023-10-31,linkedin
emp_021527,2018-08-31,conference
emp_021528,2025-01-30,company_site
emp_021529,2025-05-01,referral
emp_021530,2023-04-01,referral
emp_021531,2016-08-31,linkedin
emp_021532,2017-12-31,referral
emp_021533,2023-06-01,recruiter
emp_021534,2024-07-31,referral
emp_021535,2024-07-01,boomerang
emp_021536,2025-06-01,referral
emp_021537,2024-10-31,recruiter
emp_021538,2021-08-01,linkedin
emp_021539,2022-04-01,linkedin
emp_021540,2021-08-31,recruiter
emp_021541,2024-07-01,university
emp_021542,2026-01-30,referral
emp_021543,2019-08-01,referral
emp_021544,2022-10-31,referral
emp_021545,2025-08-01,linkedin
emp_021546,2023-08-01,recruiter
emp_021547,2018-10-01,referral
emp_021548,2023-05-02,linkedin
emp_021549,2025-10-01,linkedin
emp_021550,2023-03-02,linkedin
emp_021551,2024-01-31,referral
emp_021552,2023-12-31,university
emp_021553,2023-01-30,recruiter
emp_021554,2022-08-31,referral
emp_021555,2025-05-01,recruiter
emp_021556,2018-08-31,university
emp_021557,2025-10-01,referral
emp_021558,2024-03-01,company_site
emp_021559,2025-03-01,linkedin
emp_021560,2019-08-01,linkedin
emp_021561,2023-06-01,recruiter
emp_021562,2026-04-01,conference
emp_021563,2023-10-01,referral
emp_021564,2024-10-31,company_site
emp_021565,2025-03-01,university
emp_021566,2020-11-30,recruiter
emp_021567,2022-01-30,linkedin
emp_021568,2025-07-01,recruiter
emp_021569,2022-03-02,company_site
emp_021570,2024-09-30,linkedin
emp_021571,2025-10-01,linkedin
emp_021572,2024-10-31,referral
emp_021573,2024-11-30,referral
emp_021574,2024-03-01,linkedin
emp_021575,2021-04-01,recruiter
emp_021576,2022-01-30,recruiter
emp_021577,2023-07-02,recruiter
emp_021578,2025-08-01,linkedin
emp_021579,2023-01-30,university
emp_021580,2016-11-30,company_site
emp_021581,2024-10-31,linkedin
emp_021582,2021-04-01,linkedin
emp_021583,2025-08-31,company_site
emp_021584,2025-01-30,referral
emp_021585,2021-07-01,company_site
emp_021586,2025-04-01,recruiter
emp_021587,2021-07-01,recruiter
emp_021588,2025-08-31,referral
emp_021589,2023-07-02,referral
emp_021590,2024-11-30,linkedin
emp_021591,2025-08-31,recruiter
emp_021592,2024-09-30,referral
emp_021593,2025-04-01,referral
emp_021594,2024-03-01,company_site
emp_021595,2025-07-01,university
emp_021596,2022-08-31,referral
emp_021597,2020-01-31,conference
emp_021598,2025-10-01,linkedin
emp_021599,2026-03-02,referral
emp_021600,2025-12-31,recruiter
emp_021601,2023-10-31,company_site
emp_021602,2024-04-01,company_site
emp_021603,2023-06-01,linkedin
emp_021604,2025-05-01,referral
emp_021605,2025-03-01,referral
emp_021606,2024-10-31,linkedin
emp_021607,2024-09-30,recruiter
emp_021608,2024-12-31,university
emp_021609,2025-05-01,referral
emp_021610,2025-05-01,company_site
emp_021611,2022-08-01,university
emp_021612,2017-08-31,company_site
emp_021613,2022-05-01,company_site
emp_021614,2019-10-01,company_site
emp_021615,2023-09-01,referral
emp_021616,2024-05-01,referral
emp_021617,2023-12-31,university
emp_021618,2019-10-01,referral
emp_021619,2022-10-01,linkedin
emp_021620,2021-04-01,company_site
emp_021621,2025-08-01,conference
emp_021622,2024-09-30,company_site
emp_021623,2025-07-01,recruiter
emp_021624,2021-08-01,linkedin
emp_021625,2022-08-31,linkedin
emp_021626,2022-03-02,recruiter
emp_021627,2025-04-01,recruiter
emp_021628,2023-06-01,linkedin
emp_021629,2022-04-01,referral
emp_021630,2022-12-01,company_site
emp_021631,2026-06-01,linkedin
emp_021632,2024-12-31,boomerang
emp_021633,2025-05-01,recruiter
emp_021634,2024-07-31,recruiter
emp_021635,2021-03-01,company_site
emp_021636,2024-05-31,university
emp_021637,2024-10-31,company_site
emp_021638,2024-10-31,linkedin
emp_021639,2016-11-30,referral
emp_021640,2022-03-02,linkedin
emp_021641,2022-06-01,company_site
emp_021642,2024-10-31,referral
emp_021643,2026-03-02,referral
emp_021644,2022-01-30,referral
emp_021645,2023-09-01,referral
emp_021646,2023-04-01,university
emp_021647,2022-05-01,referral
emp_021648,2023-12-31,referral
emp_021649,2025-06-01,linkedin
emp_021650,2020-11-30,company_site
emp_021651,2025-04-01,recruiter
emp_021652,2022-01-30,referral
emp_021653,2024-12-31,referral
emp_021654,2025-06-01,linkedin
emp_021655,2025-07-01,university
emp_021656,2023-05-02,linkedin
emp_021657,2022-12-01,company_site
emp_021658,2024-04-01,referral
emp_021659,2023-04-01,recruiter
emp_021660,2025-01-30,linkedin
emp_021661,2024-07-01,referral
emp_021662,2025-01-30,recruiter
emp_021663,2024-07-31,company_site
emp_021664,2024-07-01,referral
emp_021665,2023-12-01,conference
emp_021666,2019-08-31,recruiter
emp_021667,2024-03-01,referral
emp_021668,2023-01-30,university
emp_021669,2023-12-31,linkedin
emp_021670,2022-10-01,referral
emp_021671,2025-10-31,recruiter
emp_021672,2024-01-31,referral
emp_021673,2024-05-31,recruiter
emp_021674,2025-06-01,company_site
emp_021675,2025-06-01,company_site
emp_021676,2018-12-31,recruiter
emp_021677,2021-05-01,recruiter
emp_021678,2024-11-30,referral
emp_021679,2023-04-01,company_site
emp_021680,2024-04-01,boomerang
emp_021681,2021-04-01,linkedin
emp_021682,2025-08-31,conference
emp_021683,2025-01-30,company_site
emp_021684,2024-03-01,conference
emp_021685,2020-03-31,referral
emp_021686,2021-08-31,boomerang
emp_021687,2023-07-02,company_site
emp_021688,2023-07-02,referral
emp_021689,2023-08-01,linkedin
emp_021690,2024-04-01,linkedin
emp_021691,2024-09-30,university
emp_021692,2024-12-31,company_site
emp_021693,2023-07-02,referral
emp_021694,2022-04-01,referral
emp_021695,2025-03-01,linkedin
emp_021696,2025-10-31,linkedin
emp_021697,2023-06-01,linkedin
emp_021698,2022-08-01,linkedin
emp_021699,2025-11-30,conference
emp_021700,2023-01-30,company_site
emp_021701,2020-03-01,linkedin
emp_021702,2021-08-01,linkedin
emp_021703,2023-12-01,linkedin
emp_021704,2021-05-01,boomerang
emp_021705,2025-01-30,recruiter
emp_021706,2024-09-30,company_site
emp_021707,2020-05-01,university
emp_021708,2023-05-02,boomerang
emp_021709,2018-11-30,linkedin
emp_021710,2024-08-31,linkedin
emp_021711,2023-12-31,company_site
emp_021712,2025-10-01,university
emp_021713,2023-05-02,recruiter
emp_021714,2025-03-01,linkedin
emp_021715,2024-10-31,referral
emp_021716,2021-10-31,company_site
emp_021717,2024-09-30,university
emp_021718,2023-12-31,linkedin
emp_021719,2026-01-30,boomerang
emp_021720,2021-11-30,linkedin
emp_021721,2022-12-31,university
emp_021722,2022-07-01,recruiter
emp_021723,2025-08-31,recruiter
emp_021724,2024-01-31,linkedin
emp_021725,2024-05-01,linkedin
emp_021726,2023-12-31,referral
emp_021727,2024-08-31,referral
emp_021728,2023-03-02,referral
emp_021729,2022-10-31,referral
emp_021730,2025-01-30,linkedin
emp_021731,2024-05-31,referral
emp_021732,2026-07-01,conference
emp_021733,2020-12-30,boomerang
emp_021734,2021-05-01,referral
emp_021735,2024-05-31,recruiter
emp_021736,2024-08-31,recruiter
emp_021737,2025-06-01,linkedin
emp_021738,2025-10-31,referral
emp_021739,2024-07-01,recruiter
emp_021740,2024-10-31,referral
emp_021741,2023-05-02,linkedin
emp_021742,2020-12-30,recruiter
emp_021743,2020-03-01,conference
emp_021744,2023-12-31,boomerang
emp_021745,2025-12-31,recruiter
emp_021746,2026-03-02,linkedin
emp_021747,2024-01-31,linkedin
emp_021748,2024-05-31,conference
emp_021749,2024-01-31,referral
emp_021750,2023-04-01,linkedin
emp_021751,2023-04-01,recruiter
emp_021752,2025-07-01,linkedin
emp_021753,2025-03-01,recruiter
emp_021754,2022-05-01,company_site
emp_021755,2017-01-30,company_site
emp_021756,2020-12-30,recruiter
emp_021757,2024-05-01,referral
emp_021758,2023-03-02,recruiter
emp_021759,2022-12-31,recruiter
emp_021760,2022-04-01,conference
emp_021761,2021-01-30,referral
emp_021762,2023-05-02,conference
emp_021763,2023-10-01,university
emp_021764,2023-04-01,referral
emp_021765,2025-08-31,university
emp_021766,2021-10-31,referral
emp_021767,2023-12-31,linkedin
emp_021768,2025-10-31,company_site
emp_021769,2026-01-30,linkedin
emp_021770,2025-08-31,linkedin
emp_021771,2019-10-01,linkedin
emp_021772,2022-04-01,linkedin
emp_021773,2025-08-01,recruiter
emp_021774,2025-08-31,linkedin
emp_021775,2023-04-01,referral
emp_021776,2020-05-01,referral
emp_021777,2024-12-31,conference
emp_021778,2025-12-31,boomerang
emp_021779,2024-08-31,referral
emp_021780,2022-12-01,university
emp_021781,2025-10-31,company_site
emp_021782,2024-08-31,referral
emp_021783,2025-03-01,referral
emp_021784,2024-04-01,linkedin
emp_021785,2025-01-30,conference
emp_021786,2024-01-31,linkedin
emp_021787,2015-05-02,recruiter
emp_021788,2023-10-31,company_site
emp_021789,2024-07-31,recruiter
emp_021790,2025-01-30,recruiter
emp_021791,2023-10-31,referral
emp_021792,2024-07-01,linkedin
emp_021793,2024-04-01,recruiter
emp_021794,2018-07-01,recruiter
emp_021795,2021-12-31,referral
emp_021796,2023-08-01,referral
emp_021797,2026-03-02,recruiter
emp_021798,2020-01-31,recruiter
emp_021799,2023-03-02,linkedin
emp_021800,2025-03-01,company_site
emp_021801,2024-03-01,linkedin
emp_021802,2023-06-01,linkedin
emp_021803,2024-08-31,boomerang
emp_021804,2025-01-30,referral
emp_021805,2025-08-01,company_site
emp_021806,2024-12-31,university
emp_021807,2024-03-01,university
emp_021808,2024-05-31,company_site
emp_021809,2024-04-01,recruiter
emp_021810,2025-12-31,recruiter
emp_021811,2025-07-01,linkedin
emp_021812,2024-08-31,linkedin
emp_021813,2024-04-01,referral
emp_021814,2025-06-01,recruiter
emp_021815,2024-04-01,linkedin
emp_021816,2022-10-31,linkedin
emp_021817,2022-12-31,boomerang
emp_021818,2024-11-30,recruiter
emp_021819,2021-05-01,conference
emp_021820,2021-11-30,linkedin
emp_021821,2024-07-31,linkedin
emp_021822,2023-03-02,linkedin
emp_021823,2022-10-01,company_site
emp_021824,2024-05-01,linkedin
emp_021825,2024-10-31,company_site
emp_021826,2024-01-31,university
emp_021827,2024-09-30,conference
emp_021828,2021-11-30,company_site
emp_021829,2025-05-01,university
emp_021830,2025-08-01,conference
emp_021831,2024-10-31,referral
emp_021832,2026-03-02,recruiter
emp_021833,2021-12-31,referral
emp_021834,2023-10-01,university
emp_021835,2021-06-01,linkedin
emp_021836,2024-08-31,referral
emp_021837,2024-07-31,linkedin
emp_021838,2022-10-31,referral
emp_021839,2024-12-31,referral
emp_021840,2024-11-30,linkedin
emp_021841,2022-07-01,linkedin
emp_021842,2024-04-01,linkedin
emp_021843,2020-03-01,linkedin
emp_021844,2025-04-01,referral
emp_021845,2024-09-30,conference
emp_021846,2022-08-01,university
emp_021847,2024-03-01,university
emp_021848,2024-07-31,boomerang
emp_021849,2025-10-31,conference
emp_021850,2020-07-31,referral
emp_021851,2021-08-31,company_site
emp_021852,2024-12-31,recruiter
emp_021853,2022-12-01,company_site
emp_021854,2024-05-01,recruiter
emp_021855,2023-12-31,recruiter
emp_021856,2022-01-30,referral
emp_021857,2023-12-01,linkedin
emp_021858,2022-07-01,company_site
emp_021859,2021-04-01,recruiter
emp_021860,2022-10-01,linkedin
emp_021861,2023-04-01,recruiter
emp_021862,2024-07-31,recruiter
emp_021863,2024-12-31,recruiter
emp_021864,2025-08-01,recruiter
emp_021865,2023-12-31,boomerang
emp_021866,2024-05-31,referral
emp_021867,2024-05-01,referral
emp_021868,2026-07-01,university
emp_021869,2024-07-01,recruiter
emp_021870,2023-05-02,university
emp_021871,2016-07-01,recruiter
emp_021872,2023-04-01,linkedin
emp_021873,2025-08-31,referral
emp_021874,2024-04-01,university
emp_021875,2024-08-31,university
emp_021876,2025-08-01,referral
emp_021877,2025-06-01,referral
emp_021878,2024-08-31,referral
emp_021879,2024-09-30,referral
emp_021880,2023-10-01,linkedin
emp_021881,2026-03-02,recruiter
emp_021882,2020-10-31,referral
emp_021883,2025-04-01,referral
emp_021884,2024-12-31,referral
emp_021885,2023-05-02,referral
emp_021886,2022-05-01,recruiter
emp_021887,2023-12-31,referral
emp_021888,2023-12-31,referral
emp_021889,2025-11-30,linkedin
emp_021890,2023-03-02,conference
emp_021891,2022-10-01,recruiter
emp_021892,2025-04-01,conference
emp_021893,2025-11-30,boomerang
emp_021894,2025-03-01,company_site
emp_021895,2024-05-01,referral
emp_021896,2022-04-01,university
emp_021897,2025-04-01,linkedin
emp_021898,2025-08-01,referral
emp_021899,2019-12-31,recruiter
emp_021900,2022-03-02,referral
emp_021901,2024-03-01,recruiter
emp_021902,2016-05-31,linkedin
emp_021903,2025-03-01,recruiter
emp_021904,2018-10-31,referral
emp_021905,2024-05-31,linkedin
emp_021906,2018-10-01,boomerang
emp_021907,2024-12-31,company_site
emp_021908,2024-05-31,company_site
emp_021909,2024-08-31,company_site
emp_021910,2025-03-01,linkedin
emp_021911,2025-05-01,university
emp_021912,2023-07-02,linkedin
emp_021913,2023-10-01,referral
emp_021914,2022-04-01,recruiter
emp_021915,2023-09-01,recruiter
emp_021916,2024-07-31,referral
emp_021917,2024-12-31,conference
emp_021918,2024-08-31,referral
emp_021919,2024-07-31,referral
emp_021920,2023-12-31,company_site
emp_021921,2025-01-30,company_site
emp_021922,2021-08-31,recruiter
emp_021923,2025-05-01,referral
emp_021924,2022-10-01,referral
emp_021925,2025-08-31,referral
emp_021926,2024-05-31,recruiter
emp_021927,2022-10-31,university
emp_021928,2021-08-31,university
emp_021929,2024-07-01,referral
emp_021930,2025-11-30,referral
emp_021931,2022-05-01,referral
emp_021932,2026-05-02,referral
emp_021933,2019-12-01,referral
emp_021934,2011-12-31,recruiter
emp_021935,2019-05-02,company_site
emp_021936,2025-01-30,referral
emp_021937,2025-04-01,linkedin
emp_021938,2024-05-01,referral
emp_021939,2026-05-02,linkedin
emp_021940,2025-11-30,linkedin
emp_021941,2024-05-01,linkedin
emp_021942,2025-10-01,referral
emp_021943,2022-07-01,recruiter
emp_021944,2024-12-31,referral
emp_021945,2021-12-31,recruiter
emp_021946,2020-07-31,referral
emp_021947,2024-08-31,referral
emp_021948,2023-12-31,referral
emp_021949,2023-09-01,referral
emp_021950,2020-03-01,linkedin
emp_021951,2026-01-30,recruiter
emp_021952,2021-10-31,referral
emp_021953,2025-04-01,referral
emp_021954,2023-12-31,recruiter
emp_021955,2023-03-02,referral
emp_021956,2023-12-01,recruiter
emp_021957,2025-06-01,referral
emp_021958,2025-12-31,conference
emp_021959,2017-03-01,linkedin
emp_021960,2022-08-01,recruiter
emp_021961,2024-07-31,company_site
emp_021962,2023-10-31,linkedin
emp_021963,2024-08-31,referral
emp_021964,2020-01-31,recruiter
emp_021965,2025-04-01,linkedin
emp_021966,2023-03-02,recruiter
emp_021967,2024-05-01,referral
emp_021968,2016-05-01,recruiter
emp_021969,2026-01-30,linkedin
emp_021970,2020-05-01,recruiter
emp_021971,2023-09-01,company_site
emp_021972,2025-10-31,linkedin
emp_021973,2020-05-01,linkedin
emp_021974,2023-01-30,referral
emp_021975,2020-11-30,linkedin
emp_021976,2023-09-01,recruiter
emp_021977,2025-07-01,company_site
emp_021978,2024-05-01,referral
emp_021979,2014-07-01,recruiter
emp_021980,2024-04-01,referral
emp_021981,2018-08-01,linkedin
emp_021982,2019-12-31,boomerang
emp_021983,2025-03-01,linkedin
emp_021984,2025-07-01,referral
emp_021985,2021-09-30,referral
emp_021986,2025-10-31,referral
emp_021987,2024-03-01,referral
emp_021988,2024-03-01,referral
emp_021989,2024-10-31,conference
emp_021990,2025-08-31,referral
emp_021991,2023-10-31,conference
emp_021992,2026-07-01,recruiter
emp_021993,2021-11-30,referral
emp_021994,2023-04-01,recruiter
emp_021995,2024-05-31,linkedin
emp_021996,2025-07-01,linkedin
emp_021997,2025-07-01,university
emp_021998,2025-06-01,referral
emp_021999,2023-05-02,recruiter
emp_022000,2023-08-01,boomerang
emp_022001,2021-05-01,recruiter
emp_022002,2023-03-02,referral
emp_022003,2018-08-31,referral
emp_022004,2025-03-01,referral
emp_022005,2022-08-31,recruiter
emp_022006,2025-12-31,company_site
emp_022007,2024-09-30,company_site
emp_022008,2023-08-01,referral
emp_022009,2025-03-01,linkedin
emp_022010,2023-09-01,linkedin
emp_022011,2025-03-01,recruiter
emp_022012,2020-03-01,linkedin
emp_022013,2023-10-31,linkedin
emp_022014,2021-10-31,referral
emp_022015,2019-12-01,recruiter
emp_022016,2025-12-31,company_site
emp_022017,2023-10-01,linkedin
emp_022018,2024-05-01,company_site
emp_022019,2024-10-31,boomerang
emp_022020,2023-09-01,linkedin
emp_022021,2025-04-01,company_site
emp_022022,2025-12-31,referral
emp_022023,2025-12-31,linkedin
emp_022024,2022-08-31,referral
emp_022025,2023-05-02,university
emp_022026,2025-10-31,recruiter
emp_022027,2023-09-01,referral
emp_022028,2022-10-31,boomerang
emp_022029,2024-04-01,company_site
emp_022030,2026-07-01,company_site
emp_022031,2025-01-30,referral
emp_022032,2025-08-01,referral
emp_022033,2015-10-31,linkedin
emp_022034,2022-10-01,university
emp_022035,2024-12-31,company_site
emp_022036,2024-07-01,recruiter
emp_022037,2017-07-01,referral
emp_022038,2023-04-01,recruiter
emp_022039,2024-01-31,recruiter
emp_022040,2024-05-01,recruiter
emp_022041,2024-04-01,linkedin
emp_022042,2024-05-01,boomerang
emp_022043,2023-06-01,referral
emp_022044,2022-07-01,company_site
emp_022045,2026-03-02,recruiter
emp_022046,2023-06-01,boomerang
emp_022047,2025-01-30,referral
emp_022048,2025-12-31,referral
emp_022049,2025-06-01,recruiter
emp_022050,2026-06-01,university
emp_022051,2024-01-31,referral
emp_022052,2024-09-30,company_site
emp_022053,2025-04-01,linkedin
emp_022054,2025-08-31,referral
emp_022055,2025-03-01,recruiter
emp_022056,2021-10-31,company_site
emp_022057,2024-05-31,recruiter
emp_022058,2025-11-30,linkedin
emp_022059,2024-01-31,referral
emp_022060,2025-10-31,linkedin
emp_022061,2024-07-01,referral
emp_022062,2022-05-01,university
emp_022063,2025-06-01,recruiter
emp_022064,2023-10-01,referral
emp_022065,2024-04-01,recruiter
emp_022066,2024-11-30,referral
emp_022067,2022-12-31,conference
emp_022068,2024-12-31,linkedin
emp_022069,2021-12-31,company_site
emp_022070,2025-11-30,linkedin
emp_022071,2024-11-30,recruiter
emp_022072,2025-03-01,boomerang
emp_022073,2023-09-01,recruiter
emp_022074,2025-01-30,referral
emp_022075,2021-01-30,recruiter
emp_022076,2024-04-01,referral
emp_022077,2022-03-02,company_site
emp_022078,2022-05-01,referral
emp_022079,2022-10-31,linkedin
emp_022080,2025-12-31,linkedin
emp_022081,2023-01-30,linkedin
emp_022082,2020-10-31,linkedin
emp_022083,2024-10-31,boomerang
emp_022084,2023-12-01,company_site
emp_022085,2025-06-01,referral
emp_022086,2024-01-31,recruiter
emp_022087,2025-08-01,university
emp_022088,2023-01-30,company_site
emp_022089,2026-04-01,boomerang
emp_022090,2023-07-02,recruiter
emp_022091,2020-05-31,referral
emp_022092,2025-03-01,referral
emp_022093,2024-11-30,recruiter
emp_022094,2023-07-02,linkedin
emp_022095,2023-03-02,conference
emp_022096,2022-04-01,referral
emp_022097,2025-05-01,university
emp_022098,2022-07-01,referral
emp_022099,2024-10-31,referral
emp_022100,2023-12-01,recruiter
emp_022101,2024-05-01,university
emp_022102,2023-01-30,recruiter
emp_022103,2020-05-31,referral
emp_022104,2024-03-01,recruiter
emp_022105,2022-06-01,referral
emp_022106,2025-05-01,referral
emp_022107,2024-05-01,recruiter
emp_022108,2023-10-31,referral
emp_022109,2023-06-01,recruiter
emp_022110,2025-10-31,company_site
emp_022111,2023-12-31,referral
emp_022112,2024-01-31,university
emp_022113,2025-10-01,company_site
emp_022114,2025-07-01,referral
emp_022115,2024-09-30,boomerang
emp_022116,2026-01-30,recruiter
emp_022117,2024-01-31,referral
emp_022118,2024-09-30,company_site
emp_022119,2022-08-31,linkedin
emp_022120,2024-08-31,linkedin
emp_022121,2024-03-01,linkedin
emp_022122,2024-07-01,referral
emp_022123,2024-07-31,university
emp_022124,2025-04-01,linkedin
emp_022125,2019-08-01,referral
emp_022126,2025-01-30,recruiter
emp_022127,2021-12-31,recruiter
emp_022128,2024-10-31,referral
emp_022129,2025-04-01,university
emp_022130,2024-10-31,recruiter
emp_022131,2026-01-30,company_site
emp_022132,2024-07-01,university
emp_022133,2022-01-30,recruiter
emp_022134,2020-03-01,linkedin
emp_022135,2018-08-31,referral
emp_022136,2026-03-02,referral
emp_022137,2025-03-01,referral
emp_022138,2025-04-01,linkedin
emp_022139,2025-04-01,conference
emp_022140,2017-11-30,conference
emp_022141,2026-07-01,referral
emp_022142,2015-03-02,linkedin
emp_022143,2023-08-01,referral
emp_022144,2025-06-01,referral
emp_022145,2021-05-01,linkedin
emp_022146,2020-09-30,company_site
emp_022147,2023-10-01,recruiter
emp_022148,2025-11-30,recruiter
emp_022149,2026-03-02,referral
emp_022150,2025-01-30,recruiter
emp_022151,2023-10-01,referral
emp_022152,2022-07-01,company_site
emp_022153,2024-08-31,recruiter
emp_022154,2023-05-02,recruiter
emp_022155,2024-07-01,conference
emp_022156,2025-08-01,company_site
emp_022157,2024-01-31,university
emp_022158,2024-07-31,recruiter
emp_022159,2024-05-01,referral
emp_022160,2023-12-31,company_site
emp_022161,2021-01-30,referral
emp_022162,2025-06-01,boomerang
emp_022163,2026-05-02,conference
emp_022164,2025-03-01,recruiter
emp_022165,2025-06-01,recruiter
emp_022166,2025-04-01,referral
emp_022167,2024-01-31,recruiter
emp_022168,2025-10-01,recruiter
emp_022169,2025-03-01,recruiter
emp_022170,2018-12-31,university
emp_022171,2023-10-31,referral
emp_022172,2022-12-31,referral
emp_022173,2025-11-30,university
emp_022174,2022-08-31,linkedin
emp_022175,2023-10-01,company_site
emp_022176,2024-05-01,linkedin
emp_022177,2021-03-01,conference
emp_022178,2024-12-31,university
emp_022179,2023-12-01,linkedin
emp_022180,2025-10-31,linkedin
emp_022181,2024-12-31,university
emp_022182,2022-08-01,referral
emp_022183,2024-05-01,referral
emp_022184,2023-03-02,linkedin
emp_022185,2022-12-01,linkedin
emp_022186,2024-11-30,referral
emp_022187,2023-03-02,university
emp_022188,2024-07-01,linkedin
emp_022189,2024-07-01,recruiter
emp_022190,2024-11-30,referral
emp_022191,2023-08-01,linkedin
emp_022192,2026-06-01,company_site
emp_022193,2025-08-31,referral
emp_022194,2024-05-31,referral
emp_022195,2023-12-01,boomerang
emp_022196,2017-07-01,company_site
emp_022197,2024-03-01,recruiter
emp_022198,2024-07-01,recruiter
emp_022199,2023-10-31,university
emp_022200,2024-11-30,recruiter
emp_022201,2015-12-31,company_site
emp_022202,2024-07-31,conference
emp_022203,2024-07-01,recruiter
emp_022204,2025-03-01,boomerang
emp_022205,2020-08-31,university
emp_022206,2025-03-01,referral
emp_022207,2025-12-31,recruiter
emp_022208,2023-08-01,linkedin
emp_022209,2025-06-01,university
emp_022210,2023-10-01,boomerang
emp_022211,2025-08-01,referral
emp_022212,2024-10-31,company_site
emp_022213,2024-05-31,linkedin
emp_022214,2023-08-01,linkedin
emp_022215,2023-10-01,linkedin
emp_022216,2024-04-01,university
emp_022217,2024-12-31,linkedin
emp_022218,2014-06-01,university
emp_022219,2025-08-01,referral
emp_022220,2024-07-31,linkedin
emp_022221,2024-05-01,referral
emp_022222,2025-04-01,recruiter
emp_022223,2024-07-01,referral
emp_022224,2021-04-01,linkedin
emp_022225,2025-12-31,recruiter
emp_022226,2024-07-01,university
emp_022227,2025-01-30,linkedin
emp_022228,2024-11-30,company_site
emp_022229,2021-10-31,company_site
emp_022230,2019-04-01,linkedin
emp_022231,2023-06-01,conference
emp_022232,2021-11-30,linkedin
emp_022233,2022-08-01,linkedin
emp_022234,2023-06-01,linkedin
emp_022235,2025-08-01,recruiter
emp_022236,2022-12-31,recruiter
emp_022237,2022-08-31,referral
emp_022238,2025-06-01,referral
emp_022239,2024-09-30,recruiter
emp_022240,2023-09-01,referral
emp_022241,2024-05-01,referral
emp_022242,2022-07-01,recruiter
emp_022243,2021-03-01,company_site
emp_022244,2022-03-02,recruiter
emp_022245,2024-12-31,referral
emp_022246,2024-07-31,referral
emp_022247,2023-09-01,referral
emp_022248,2025-06-01,referral
emp_022249,2024-07-01,referral
emp_022250,2024-04-01,linkedin
emp_022251,2023-04-01,referral
emp_022252,2025-08-01,referral
emp_022253,2020-12-30,company_site
emp_022254,2019-04-01,company_site
emp_022255,2024-11-30,referral
emp_022256,2020-10-31,university
emp_022257,2025-07-01,linkedin
emp_022258,2023-12-01,referral
emp_022259,2020-07-01,university
emp_022260,2025-10-01,linkedin
emp_022261,2024-04-01,referral
emp_022262,2022-10-31,linkedin
emp_022263,2025-06-01,linkedin
emp_022264,2022-08-31,company_site
emp_022265,2020-10-31,referral
emp_022266,2020-01-31,recruiter
emp_022267,2016-12-30,linkedin
emp_022268,2025-06-01,company_site
emp_022269,2024-08-31,conference
emp_022270,2023-10-01,company_site
emp_022271,2021-08-01,linkedin
emp_022272,2024-05-01,linkedin
emp_022273,2024-07-01,linkedin
emp_022274,2024-09-30,linkedin
emp_022275,2023-12-01,company_site
emp_022276,2024-07-31,linkedin
emp_022277,2024-07-31,referral
emp_022278,2025-01-30,linkedin
emp_022279,2022-07-01,company_site
emp_022280,2022-10-31,referral
emp_022281,2024-12-31,linkedin
emp_022282,2025-07-01,recruiter
emp_022283,2022-01-30,referral
emp_022284,2025-04-01,referral
emp_022285,2023-12-31,recruiter
emp_022286,2024-04-01,company_site
emp_022287,2024-12-31,company_site
emp_022288,2025-10-31,recruiter
emp_022289,2024-04-01,recruiter
emp_022290,2023-10-31,company_site
emp_022291,2024-12-31,recruiter
emp_022292,2024-12-31,referral
emp_022293,2022-10-01,linkedin
emp_022294,2023-04-01,company_site
emp_022295,2021-08-01,recruiter
emp_022296,2024-01-31,linkedin
emp_022297,2023-04-01,referral
emp_022298,2023-05-02,linkedin
emp_022299,2025-11-30,linkedin
emp_022300,2025-05-01,linkedin
emp_022301,2020-05-31,boomerang
emp_022302,2024-11-30,company_site
emp_022303,2024-11-30,referral
emp_022304,2024-01-31,referral
emp_022305,2023-12-31,referral
emp_022306,2026-03-02,company_site
emp_022307,2017-03-01,conference
emp_022308,2021-04-01,recruiter
emp_022309,2020-08-31,recruiter
emp_022310,2024-05-01,company_site
emp_022311,2022-08-31,recruiter
emp_022312,2021-01-30,recruiter
emp_022313,2025-10-01,linkedin
emp_022314,2023-10-31,linkedin
emp_022315,2025-08-01,referral
emp_022316,2021-10-31,linkedin
emp_022317,2023-07-02,linkedin
emp_022318,2026-01-30,company_site
emp_022319,2025-05-01,linkedin
emp_022320,2023-10-01,linkedin
emp_022321,2023-01-30,linkedin
emp_022322,2023-08-01,referral
emp_022323,2023-10-31,university
emp_022324,2020-01-31,recruiter
emp_022325,2024-08-31,referral
emp_022326,2023-06-01,linkedin
emp_022327,2024-03-01,company_site
emp_022328,2024-04-01,referral
emp_022329,2025-06-01,university
emp_022330,2024-12-31,linkedin
emp_022331,2023-04-01,referral
emp_022332,2021-12-31,referral
emp_022333,2023-12-31,linkedin
emp_022334,2024-05-31,referral
emp_022335,2024-04-01,referral
emp_022336,2026-05-02,linkedin
emp_022337,2021-06-01,recruiter
emp_022338,2024-09-30,referral
emp_022339,2022-03-02,recruiter
emp_022340,2022-10-31,boomerang
emp_022341,2022-04-01,company_site
emp_022342,2015-06-01,conference
emp_022343,2026-07-01,referral
emp_022344,2021-12-31,boomerang
emp_022345,2019-08-01,referral
emp_022346,2021-08-31,recruiter
emp_022347,2025-04-01,linkedin
emp_022348,2024-01-31,recruiter
emp_022349,2023-05-02,university
emp_022350,2024-05-01,linkedin
emp_022351,2021-09-30,referral
emp_022352,2020-11-30,linkedin
emp_022353,2025-03-01,recruiter
emp_022354,2021-04-01,company_site
emp_022355,2024-05-01,company_site
emp_022356,2021-11-30,linkedin
emp_022357,2023-07-02,referral
emp_022358,2019-10-31,referral
emp_022359,2023-07-02,referral
emp_022360,2021-08-31,university
emp_022361,2022-05-01,referral
emp_022362,2025-05-01,linkedin
emp_022363,2025-03-01,university
emp_022364,2021-07-01,linkedin
emp_022365,2025-08-01,referral
emp_022366,2021-01-30,university
emp_022367,2024-05-31,referral
emp_022368,2025-04-01,linkedin
emp_022369,2023-09-01,linkedin
emp_022370,2025-06-01,company_site
emp_022371,2024-12-31,university
emp_022372,2016-09-30,recruiter
emp_022373,2025-03-01,conference
emp_022374,2023-12-31,referral
emp_022375,2025-08-01,linkedin
emp_022376,2026-05-02,university
emp_022377,2025-03-01,linkedin
emp_022378,2023-10-31,referral
emp_022379,2025-08-31,recruiter
emp_022380,2025-10-01,referral
emp_022381,2023-09-01,recruiter
emp_022382,2023-06-01,recruiter
emp_022383,2023-05-02,linkedin
emp_022384,2021-09-30,referral
emp_022385,2024-04-01,linkedin
emp_022386,2023-10-31,referral
emp_022387,2024-05-31,recruiter
emp_022388,2024-07-31,referral
emp_022389,2023-05-02,company_site
emp_022390,2019-08-31,referral
emp_022391,2023-06-01,recruiter
emp_022392,2025-10-31,linkedin
emp_022393,2023-10-31,recruiter
emp_022394,2017-04-01,company_site
emp_022395,2024-11-30,linkedin
emp_022396,2018-01-30,referral
emp_022397,2023-12-31,boomerang
emp_022398,2023-05-02,referral
emp_022399,2025-10-31,linkedin
emp_022400,2023-03-02,linkedin
emp_022401,2025-01-30,recruiter
emp_022402,2025-04-01,recruiter
emp_022403,2026-04-01,recruiter
emp_022404,2024-04-01,referral
emp_022405,2024-04-01,boomerang
emp_022406,2024-08-31,recruiter
emp_022407,2023-08-01,recruiter
emp_022408,2021-05-01,company_site
emp_022409,2023-12-31,company_site
emp_022410,2022-10-01,company_site
emp_022411,2024-09-30,university
emp_022412,2019-01-30,linkedin
emp_022413,2024-01-31,referral
emp_022414,2022-06-01,conference
emp_022415,2024-09-30,linkedin
emp_022416,2021-08-01,university
emp_022417,2024-05-31,conference
emp_022418,2025-08-01,referral
emp_022419,2022-12-31,recruiter
emp_022420,2019-06-01,linkedin
emp_022421,2024-10-31,referral
emp_022422,2023-04-01,university
emp_022423,2024-04-01,conference
emp_022424,2024-10-31,university
emp_022425,2025-04-01,recruiter
emp_022426,2022-06-01,referral
emp_022427,2024-09-30,recruiter
emp_022428,2022-12-31,referral
emp_022429,2024-05-01,linkedin
emp_022430,2019-08-31,company_site
emp_022431,2022-12-01,company_site
emp_022432,2019-10-31,linkedin
emp_022433,2020-03-31,university
emp_022434,2024-08-31,university
emp_022435,2026-01-30,linkedin
emp_022436,2024-11-30,referral
emp_022437,2024-05-01,recruiter
emp_022438,2025-01-30,company_site
emp_022439,2024-05-01,linkedin
emp_022440,2022-10-31,recruiter
emp_022441,2022-12-31,referral
emp_022442,2025-03-01,linkedin
emp_022443,2023-04-01,company_site
emp_022444,2025-04-01,company_site
emp_022445,2023-03-02,recruiter
emp_022446,2024-05-31,linkedin
emp_022447,2023-06-01,company_site
emp_022448,2022-07-01,university
emp_022449,2024-09-30,company_site
emp_022450,2022-08-31,university
emp_022451,2023-08-01,referral
emp_022452,2020-10-31,referral
emp_022453,2022-06-01,company_site
emp_022454,2022-10-31,linkedin
emp_022455,2021-11-30,referral
emp_022456,2024-04-01,recruiter
emp_022457,2023-10-01,boomerang
emp_022458,2022-10-31,company_site
emp_022459,2024-09-30,linkedin
emp_022460,2024-08-31,referral
emp_022461,2022-08-31,recruiter
emp_022462,2024-04-01,linkedin
emp_022463,2024-01-31,recruiter
emp_022464,2023-10-31,referral
emp_022465,2023-12-31,referral
emp_022466,2025-08-31,company_site
emp_022467,2020-03-31,linkedin
emp_022468,2025-07-01,linkedin
emp_022469,2024-09-30,company_site
emp_022470,2024-09-30,recruiter
emp_022471,2023-12-31,company_site
emp_022472,2025-01-30,linkedin
emp_022473,2023-08-01,linkedin
emp_022474,2022-08-01,linkedin
emp_022475,2023-09-01,recruiter
emp_022476,2025-11-30,referral
emp_022477,2018-08-01,linkedin
emp_022478,2024-01-31,company_site
emp_022479,2023-05-02,recruiter
emp_022480,2024-07-01,linkedin
emp_022481,2025-06-01,linkedin
emp_022482,2024-05-31,company_site
emp_022483,2025-06-01,linkedin
emp_022484,2022-07-01,referral
emp_022485,2025-05-01,university
emp_022486,2025-10-31,referral
emp_022487,2025-04-01,recruiter
emp_022488,2024-09-30,boomerang
emp_022489,2024-03-01,company_site
emp_022490,2022-12-01,conference
emp_022491,2024-11-30,university
emp_022492,2023-05-02,referral
emp_022493,2023-09-01,recruiter
emp_022494,2023-05-02,conference
emp_022495,2025-04-01,recruiter
emp_022496,2022-05-01,referral
emp_022497,2023-10-31,linkedin
emp_022498,2024-05-01,university
emp_022499,2020-05-31,linkedin
emp_022500,2021-10-31,university
emp_022501,2025-11-30,recruiter
emp_022502,2022-10-01,referral
emp_022503,2024-03-01,referral
emp_022504,2025-03-01,referral
emp_022505,2023-12-31,recruiter
emp_022506,2019-10-31,boomerang
emp_022507,2021-11-30,recruiter
emp_022508,2019-12-31,university
emp_022509,2021-03-01,linkedin
emp_022510,2025-04-01,linkedin
emp_022511,2023-10-01,referral
emp_022512,2024-03-01,linkedin
emp_022513,2026-07-01,company_site
emp_022514,2023-05-02,recruiter
emp_022515,2024-07-31,referral
emp_022516,2018-07-01,boomerang
emp_022517,2024-09-30,referral
emp_022518,2017-06-01,university
emp_022519,2018-10-31,referral
emp_022520,2025-03-01,linkedin
emp_022521,2024-01-31,recruiter
emp_022522,2023-10-01,linkedin
emp_022523,2020-07-01,linkedin
emp_022524,2018-10-01,linkedin
emp_022525,2021-10-31,recruiter
emp_022526,2023-04-01,recruiter
emp_022527,2025-12-31,linkedin
emp_022528,2024-07-01,linkedin
emp_022529,2023-12-31,linkedin
emp_022530,2023-03-02,referral
emp_022531,2022-07-01,referral
emp_022532,2022-12-01,company_site
emp_022533,2024-03-01,recruiter
emp_022534,2024-03-01,company_site
emp_022535,2025-04-01,referral
emp_022536,2023-10-31,company_site
emp_022537,2024-10-31,recruiter
emp_022538,2024-04-01,recruiter
emp_022539,2020-08-31,university
emp_022540,2025-07-01,recruiter
emp_022541,2022-10-31,referral
emp_022542,2023-03-02,company_site
emp_022543,2021-07-01,linkedin
emp_022544,2023-05-02,linkedin
emp_022545,2024-08-31,recruiter
emp_022546,2024-01-31,recruiter
emp_022547,2022-05-01,referral
emp_022548,2023-10-01,university
emp_022549,2024-09-30,linkedin
emp_022550,2024-01-31,referral
emp_022551,2024-08-31,recruiter
emp_022552,2023-05-02,boomerang
emp_022553,2025-03-01,company_site
emp_022554,2021-04-01,referral
emp_022555,2025-03-01,referral
emp_022556,2023-05-02,referral
emp_022557,2024-08-31,recruiter
emp_022558,2022-08-31,recruiter
emp_022559,2023-08-01,company_site
emp_022560,2024-07-01,referral
emp_022561,2024-07-31,company_site
emp_022562,2022-10-31,recruiter
emp_022563,2023-08-01,linkedin
emp_022564,2021-04-01,referral
emp_022565,2022-08-31,recruiter
emp_022566,2025-04-01,boomerang
emp_022567,2021-12-31,conference
emp_022568,2022-01-30,referral
emp_022569,2025-11-30,linkedin
emp_022570,2024-04-01,referral
emp_022571,2022-10-01,referral
emp_022572,2024-04-01,referral
emp_022573,2023-12-01,linkedin
emp_022574,2022-07-01,referral
emp_022575,2024-05-01,university
emp_022576,2024-03-01,referral
emp_022577,2025-04-01,conference
emp_022578,2024-03-01,recruiter
emp_022579,2022-04-01,referral
emp_022580,2024-05-01,boomerang
emp_022581,2023-10-01,recruiter
emp_022582,2026-04-01,referral
emp_022583,2018-06-01,linkedin
emp_022584,2023-10-01,referral
emp_022585,2023-12-31,conference
emp_022586,2025-08-01,referral
emp_022587,2023-12-01,company_site
emp_022588,2024-04-01,linkedin
emp_022589,2025-04-01,company_site
emp_022590,2020-08-31,company_site
emp_022591,2020-05-01,recruiter
emp_022592,2023-12-01,linkedin
emp_022593,2024-01-31,referral
emp_022594,2023-01-30,recruiter
emp_022595,2024-01-31,university
emp_022596,2017-10-31,referral
emp_022597,2022-05-01,referral
emp_022598,2024-07-01,referral
emp_022599,2024-07-31,linkedin
emp_022600,2018-08-01,referral
emp_022601,2020-03-31,referral
emp_022602,2025-04-01,university
emp_022603,2024-01-31,recruiter
emp_022604,2022-07-01,linkedin
emp_022605,2023-03-02,linkedin
emp_022606,2024-03-01,recruiter
emp_022607,2019-08-01,referral
emp_022608,2024-07-01,referral
emp_022609,2024-11-30,referral
emp_022610,2024-07-01,referral
emp_022611,2024-03-01,referral
emp_022612,2025-03-01,referral
emp_022613,2021-08-01,recruiter
emp_022614,2024-03-01,referral
emp_022615,2025-04-01,referral
emp_022616,2021-07-01,referral
emp_022617,2025-10-01,referral
emp_022618,2024-08-31,company_site
emp_022619,2024-10-31,university
emp_022620,2024-08-31,company_site
emp_022621,2024-07-31,recruiter
emp_022622,2025-08-31,referral
emp_022623,2025-08-01,referral
emp_022624,2020-11-30,referral
emp_022625,2022-10-31,linkedin
emp_022626,2025-04-01,referral
emp_022627,2020-03-31,company_site
emp_022628,2020-05-01,referral
emp_022629,2021-11-30,university
emp_022630,2023-07-02,boomerang
emp_022631,2023-08-01,recruiter
emp_022632,2024-07-01,referral
emp_022633,2024-07-31,linkedin
emp_022634,2023-10-31,recruiter
emp_022635,2025-10-31,linkedin
emp_022636,2021-12-31,linkedin
emp_022637,2025-01-30,recruiter
emp_022638,2023-08-01,referral
emp_022639,2021-03-01,company_site
emp_022640,2019-12-01,referral
emp_022641,2025-03-01,conference
emp_022642,2024-04-01,linkedin
emp_022643,2022-01-30,referral
emp_022644,2025-08-01,referral
emp_022645,2024-04-01,linkedin
emp_022646,2025-07-01,recruiter
emp_022647,2023-08-01,company_site
emp_022648,2023-04-01,referral
emp_022649,2023-01-30,recruiter
emp_022650,2017-05-01,referral
emp_022651,2025-05-01,university
emp_022652,2020-11-30,company_site
emp_022653,2020-07-01,referral
emp_022654,2025-05-01,recruiter
emp_022655,2024-12-31,referral
emp_022656,2019-03-02,recruiter
emp_022657,2023-10-01,company_site
emp_022658,2024-10-31,linkedin
emp_022659,2025-12-31,recruiter
emp_022660,2024-07-01,referral
emp_022661,2020-08-31,linkedin
emp_022662,2016-07-31,referral
emp_022663,2022-01-30,company_site
emp_022664,2023-12-31,referral
emp_022665,2020-08-31,linkedin
emp_022666,2022-05-01,linkedin
emp_022667,2024-11-30,company_site
emp_022668,2024-11-30,referral
emp_022669,2024-07-01,referral
emp_022670,2022-10-31,recruiter
emp_022671,2023-10-01,recruiter
emp_022672,2020-01-31,recruiter
emp_022673,2021-08-31,boomerang
emp_022674,2024-08-31,university
emp_022675,2023-12-01,linkedin
emp_022676,2021-03-01,conference
emp_022677,2026-01-30,recruiter
emp_022678,2023-01-30,company_site
emp_022679,2024-01-31,recruiter
emp_022680,2012-05-31,university
emp_022681,2025-01-30,university
emp_022682,2025-05-01,company_site
emp_022683,2023-08-01,boomerang
emp_022684,2022-08-31,referral
emp_022685,2023-10-01,company_site
emp_022686,2024-01-31,referral
emp_022687,2018-11-30,referral
emp_022688,2020-09-30,referral
emp_022689,2025-04-01,referral
emp_022690,2024-04-01,linkedin
emp_022691,2022-08-01,referral
emp_022692,2022-10-01,boomerang
emp_022693,2023-10-01,linkedin
emp_022694,2016-07-01,referral
emp_022695,2021-09-30,recruiter
emp_022696,2017-07-01,linkedin
emp_022697,2024-07-01,linkedin
emp_022698,2023-10-31,linkedin
emp_022699,2024-01-31,referral
emp_022700,2024-04-01,linkedin
emp_022701,2025-10-31,linkedin
emp_022702,2022-12-01,referral
emp_022703,2022-05-01,referral
emp_022704,2023-06-01,recruiter
emp_022705,2025-01-30,referral
emp_022706,2026-05-02,university
emp_022707,2025-07-01,referral
emp_022708,2024-07-01,referral
emp_022709,2022-07-01,linkedin
emp_022710,2026-07-01,referral
emp_022711,2023-10-31,company_site
emp_022712,2024-05-01,recruiter
emp_022713,2022-10-31,referral
emp_022714,2023-08-01,linkedin
emp_022715,2025-08-01,linkedin
emp_022716,2021-09-30,company_site
emp_022717,2025-07-01,recruiter
emp_022718,2023-06-01,boomerang
emp_022719,2024-05-31,referral
emp_022720,2023-03-02,recruiter
emp_022721,2024-11-30,referral
emp_022722,2025-03-01,boomerang
emp_022723,2023-08-01,linkedin
emp_022724,2021-05-01,referral
emp_022725,2025-01-30,company_site
emp_022726,2021-12-31,referral
emp_022727,2022-10-01,boomerang
emp_022728,2021-01-30,boomerang
emp_022729,2023-04-01,company_site
emp_022730,2015-03-02,linkedin
emp_022731,2022-12-31,university
emp_022732,2025-08-31,recruiter
emp_022733,2024-10-31,company_site
emp_022734,2023-01-30,company_site
emp_022735,2023-10-01,referral
emp_022736,2023-10-31,company_site
emp_022737,2024-12-31,university
emp_022738,2022-06-01,university
emp_022739,2021-06-01,referral
emp_022740,2026-06-01,university
emp_022741,2020-12-30,referral
emp_022742,2025-05-01,linkedin
emp_022743,2023-07-02,company_site
emp_022744,2024-09-30,recruiter
emp_022745,2025-03-01,referral
emp_022746,2024-03-01,recruiter
emp_022747,2022-12-01,company_site
emp_022748,2023-06-01,company_site
emp_022749,2013-07-31,linkedin
emp_022750,2022-05-01,company_site
emp_022751,2024-01-31,linkedin
emp_022752,2024-12-31,linkedin
emp_022753,2024-03-01,recruiter
emp_022754,2023-09-01,linkedin
emp_022755,2024-10-31,referral
emp_022756,2023-12-01,linkedin
emp_022757,2025-08-31,referral
emp_022758,2023-08-01,referral
emp_022759,2016-11-30,linkedin
emp_022760,2022-03-02,university
emp_022761,2019-05-02,boomerang
emp_022762,2022-12-31,linkedin
emp_022763,2023-10-31,referral
emp_022764,2025-06-01,recruiter
emp_022765,2024-07-31,recruiter
emp_022766,2022-07-01,university
emp_022767,2024-07-31,referral
emp_022768,2017-03-01,conference
emp_022769,2017-08-31,university
emp_022770,2023-07-02,linkedin
emp_022771,2025-05-01,recruiter
emp_022772,2024-03-01,company_site
emp_022773,2021-09-30,linkedin
emp_022774,2022-08-01,linkedin
emp_022775,2024-01-31,referral
emp_022776,2021-11-30,recruiter
emp_022777,2023-01-30,company_site
emp_022778,2024-11-30,university
emp_022779,2025-01-30,university
emp_022780,2024-05-31,linkedin
emp_022781,2023-05-02,linkedin
emp_022782,2024-04-01,recruiter
emp_022783,2022-08-01,company_site
emp_022784,2021-09-30,university
emp_022785,2024-07-31,university
emp_022786,2023-10-01,linkedin
emp_022787,2023-09-01,recruiter
emp_022788,2025-03-01,referral
emp_022789,2025-08-01,university
emp_022790,2024-08-31,conference
emp_022791,2010-07-31,referral
emp_022792,2023-06-01,referral
emp_022793,2023-12-01,linkedin
emp_022794,2019-10-31,conference
emp_022795,2024-10-31,university
emp_022796,2012-01-30,recruiter
emp_022797,2022-05-01,recruiter
emp_022798,2024-05-01,recruiter
emp_022799,2019-10-31,conference
emp_022800,2023-08-01,recruiter
emp_022801,2022-12-31,linkedin
emp_022802,2021-11-30,university
emp_022803,2022-07-01,company_site
emp_022804,2024-12-31,company_site
emp_022805,2024-05-01,referral
emp_022806,2023-12-01,recruiter
emp_022807,2022-12-31,linkedin
emp_022808,2025-12-31,recruiter
emp_022809,2025-04-01,company_site
emp_022810,2024-04-01,recruiter
emp_022811,2024-04-01,referral
emp_022812,2024-11-30,university
emp_022813,2024-05-01,referral
emp_022814,2024-07-31,boomerang
emp_022815,2025-08-31,company_site
emp_022816,2025-03-01,recruiter
emp_022817,2022-12-31,recruiter
emp_022818,2022-05-01,linkedin
emp_022819,2023-06-01,conference
emp_022820,2025-12-31,linkedin
emp_022821,2023-10-31,conference
emp_022822,2025-03-01,recruiter
emp_022823,2025-10-31,company_site
emp_022824,2019-10-01,linkedin
emp_022825,2024-11-30,recruiter
emp_022826,2014-10-31,referral
emp_022827,2022-06-01,conference
emp_022828,2025-06-01,referral
emp_022829,2021-03-01,university
emp_022830,2021-10-31,university
emp_022831,2022-08-01,referral
emp_022832,2022-12-31,linkedin
emp_022833,2024-07-01,referral
emp_022834,2025-08-01,referral
emp_022835,2025-01-30,recruiter
emp_022836,2021-10-31,recruiter
emp_022837,2023-12-31,linkedin
emp_022838,2025-06-01,university
emp_022839,2025-04-01,recruiter
emp_022840,2024-07-01,recruiter
emp_022841,2021-08-01,recruiter
emp_022842,2022-03-02,recruiter
emp_022843,2023-10-01,recruiter
emp_022844,2021-04-01,referral
emp_022845,2023-06-01,linkedin
emp_022846,2026-03-02,university
emp_022847,2024-07-31,recruiter
emp_022848,2023-06-01,referral
emp_022849,2020-05-31,referral
emp_022850,2023-12-01,recruiter
emp_022851,2025-03-01,referral
emp_022852,2022-08-01,recruiter
emp_022853,2021-05-01,recruiter
emp_022854,2024-04-01,referral
emp_022855,2024-03-01,linkedin
emp_022856,2024-05-01,referral
emp_022857,2023-10-31,company_site
emp_022858,2025-08-31,recruiter
emp_022859,2022-12-31,referral
emp_022860,2024-10-31,recruiter
emp_022861,2024-07-31,company_site
emp_022862,2019-10-31,linkedin
emp_022863,2025-11-30,referral
emp_022864,2024-03-01,linkedin
emp_022865,2025-04-01,linkedin
emp_022866,2020-09-30,recruiter
emp_022867,2023-07-02,referral
emp_022868,2021-10-31,recruiter
emp_022869,2024-08-31,referral
emp_022870,2025-03-01,referral
emp_022871,2025-10-01,university
emp_022872,2024-08-31,linkedin
emp_022873,2024-07-01,referral
emp_022874,2024-07-31,recruiter
emp_022875,2020-05-31,referral
emp_022876,2014-12-31,boomerang
emp_022877,2024-08-31,linkedin
emp_022878,2021-09-30,referral
emp_022879,2024-01-31,referral
emp_022880,2024-03-01,recruiter
emp_022881,2024-09-30,linkedin
emp_022882,2019-10-01,referral
emp_022883,2025-08-01,referral
emp_022884,2023-12-01,referral
emp_022885,2025-03-01,company_site
emp_022886,2020-03-31,recruiter
emp_022887,2025-01-30,conference
emp_022888,2024-09-30,recruiter
emp_022889,2024-12-31,referral
emp_022890,2018-07-01,company_site
emp_022891,2024-03-01,boomerang
emp_022892,2020-11-30,referral
emp_022893,2022-10-31,recruiter
emp_022894,2025-04-01,recruiter
emp_022895,2025-10-01,referral
emp_022896,2024-03-01,referral
emp_022897,2023-04-01,referral
emp_022898,2024-04-01,university
emp_022899,2023-12-31,boomerang
emp_022900,2024-08-31,recruiter
emp_022901,2025-06-01,university
emp_022902,2025-08-31,referral
emp_022903,2023-01-30,university
emp_022904,2019-08-31,boomerang
emp_022905,2024-10-31,recruiter
emp_022906,2023-12-01,referral
emp_022907,2025-07-01,university
emp_022908,2025-05-01,linkedin
emp_022909,2020-01-31,referral
emp_022910,2025-05-01,university
emp_022911,2025-07-01,linkedin
emp_022912,2022-12-31,referral
emp_022913,2022-05-01,recruiter
emp_022914,2025-07-01,recruiter
emp_022915,2025-05-01,conference
emp_022916,2020-12-30,recruiter
emp_022917,2025-06-01,university
emp_022918,2022-12-01,recruiter
emp_022919,2025-08-31,recruiter
emp_022920,2024-05-01,boomerang
emp_022921,2018-07-01,referral
emp_022922,2025-03-01,recruiter
emp_022923,2024-10-31,recruiter
emp_022924,2025-10-01,linkedin
emp_022925,2020-12-30,referral
emp_022926,2022-05-01,referral
emp_022927,2023-12-31,conference
emp_022928,2016-05-31,referral
emp_022929,2021-04-01,referral
emp_022930,2024-03-01,recruiter
emp_022931,2023-05-02,linkedin
emp_022932,2023-10-31,company_site
emp_022933,2024-08-31,company_site
emp_022934,2025-08-31,recruiter
emp_022935,2024-10-31,linkedin
emp_022936,2025-04-01,recruiter
emp_022937,2025-01-30,referral
emp_022938,2024-05-01,referral
emp_022939,2026-03-02,referral
emp_022940,2022-03-02,linkedin
emp_022941,2019-07-02,boomerang
emp_022942,2021-04-01,university
emp_022943,2025-03-01,boomerang
emp_022944,2025-01-30,recruiter
emp_022945,2019-12-31,boomerang
emp_022946,2025-10-01,conference
emp_022947,2023-12-31,company_site
emp_022948,2020-09-30,referral
emp_022949,2023-10-31,linkedin
emp_022950,2024-01-31,linkedin
emp_022951,2019-03-02,university
emp_022952,2024-03-01,recruiter
emp_022953,2025-04-01,university
emp_022954,2023-07-02,company_site
emp_022955,2024-09-30,referral
emp_022956,2025-01-30,recruiter
emp_022957,2025-01-30,company_site
emp_022958,2022-05-01,referral
emp_022959,2025-06-01,linkedin
emp_022960,2019-10-31,recruiter
emp_022961,2019-08-01,company_site
emp_022962,2019-12-01,referral
emp_022963,2023-12-01,referral
emp_022964,2025-12-31,referral
emp_022965,2022-12-31,boomerang
emp_022966,2025-03-01,referral
emp_022967,2023-07-02,referral
emp_022968,2022-06-01,linkedin
emp_022969,2025-03-01,referral
emp_022970,2025-11-30,company_site
emp_022971,2023-04-01,recruiter
emp_022972,2026-01-30,company_site
emp_022973,2023-12-01,university
emp_022974,2022-12-01,referral
emp_022975,2024-08-31,linkedin
emp_022976,2025-10-31,referral
emp_022977,2018-10-31,recruiter
emp_022978,2020-09-30,referral
emp_022979,2020-01-31,referral
emp_022980,2024-05-31,linkedin
emp_022981,2025-05-01,referral
emp_022982,2023-07-02,university
emp_022983,2026-01-30,conference
emp_022984,2025-04-01,linkedin
emp_022985,2022-07-01,company_site
emp_022986,2022-10-31,boomerang
emp_022987,2023-03-02,university
emp_022988,2024-08-31,referral
emp_022989,2022-10-31,referral
emp_022990,2022-06-01,university
emp_022991,2024-11-30,recruiter
emp_022992,2021-10-31,referral
emp_022993,2024-08-31,referral
emp_022994,2025-10-31,referral
emp_022995,2024-10-31,referral
emp_022996,2024-08-31,conference
emp_022997,2024-03-01,boomerang
emp_022998,2024-01-31,referral
emp_022999,2024-11-30,referral
emp_023000,2024-07-01,university
emp_023001,2026-05-02,recruiter
emp_023002,2022-10-01,linkedin
emp_023003,2024-07-01,boomerang
emp_023004,2024-05-31,recruiter
emp_023005,2021-09-30,recruiter
emp_023006,2023-12-31,referral
emp_023007,2023-09-01,recruiter
emp_023008,2025-08-01,linkedin
emp_023009,2025-10-31,referral
emp_023010,2024-12-31,linkedin
emp_023011,2023-12-31,linkedin
emp_023012,2022-08-31,linkedin
emp_023013,2022-06-01,linkedin
emp_023014,2024-01-31,linkedin
emp_023015,2023-09-01,university
emp_023016,2023-05-02,university
emp_023017,2023-01-30,boomerang
emp_023018,2024-12-31,linkedin
emp_023019,2026-03-02,linkedin
emp_023020,2022-12-01,recruiter
emp_023021,2025-03-01,recruiter
emp_023022,2020-08-31,linkedin
emp_023023,2021-09-30,referral
emp_023024,2023-12-01,referral
emp_023025,2024-05-31,conference
emp_023026,2023-10-01,linkedin
emp_023027,2024-01-31,linkedin
emp_023028,2022-10-01,referral
emp_023029,2023-05-02,recruiter
emp_023030,2025-10-01,boomerang
emp_023031,2022-06-01,recruiter
emp_023032,2026-07-01,recruiter
emp_023033,2023-04-01,referral
emp_023034,2024-09-30,company_site
emp_023035,2025-05-01,company_site
emp_023036,2019-10-31,referral
emp_023037,2025-08-31,recruiter
emp_023038,2025-01-30,conference
emp_023039,2025-06-01,conference
emp_023040,2023-06-01,recruiter
emp_023041,2024-05-01,recruiter
emp_023042,2025-03-01,referral
emp_023043,2024-07-01,referral
emp_023044,2023-03-02,boomerang
emp_023045,2021-11-30,company_site
emp_023046,2024-10-31,university
emp_023047,2026-04-01,linkedin
emp_023048,2025-10-31,recruiter
emp_023049,2023-12-31,referral
emp_023050,2024-05-31,boomerang
emp_023051,2023-04-01,recruiter
emp_023052,2023-04-01,linkedin
emp_023053,2024-12-31,linkedin
emp_023054,2025-11-30,referral
emp_023055,2024-08-31,linkedin
emp_023056,2023-10-31,linkedin
emp_023057,2025-06-01,referral
emp_023058,2023-10-01,referral
emp_023059,2021-08-01,boomerang
emp_023060,2024-07-31,recruiter
emp_023061,2023-06-01,university
emp_023062,2024-07-31,recruiter
emp_023063,2026-01-30,conference
emp_023064,2024-03-01,referral
emp_023065,2024-11-30,conference
emp_023066,2024-09-30,referral
emp_023067,2020-01-31,linkedin
emp_023068,2024-12-31,recruiter
emp_023069,2023-12-01,linkedin
emp_023070,2024-12-31,company_site
emp_023071,2022-06-01,recruiter
emp_023072,2021-11-30,linkedin
emp_023073,2012-03-31,company_site
emp_023074,2024-11-30,referral
emp_023075,2024-11-30,company_site
emp_023076,2024-08-31,linkedin
emp_023077,2022-10-01,company_site
emp_023078,2022-12-01,recruiter
emp_023079,2020-05-01,company_site
emp_023080,2023-10-31,referral
emp_023081,2024-11-30,company_site
emp_023082,2024-07-31,linkedin
emp_023083,2025-04-01,recruiter
emp_023084,2023-08-01,recruiter
emp_023085,2022-07-01,company_site
emp_023086,2024-05-31,university
emp_023087,2020-11-30,company_site
emp_023088,2024-04-01,referral
emp_023089,2022-04-01,university
emp_023090,2025-07-01,linkedin
emp_023091,2023-08-01,university
emp_023092,2024-05-01,company_site
emp_023093,2021-12-31,recruiter
emp_023094,2022-12-31,company_site
emp_023095,2023-10-31,company_site
emp_023096,2024-08-31,recruiter
emp_023097,2023-09-01,linkedin
emp_023098,2023-01-30,recruiter
emp_023099,2023-10-31,company_site
emp_023100,2024-05-31,linkedin
emp_023101,2025-04-01,referral
emp_023102,2019-01-30,company_site
emp_023103,2024-08-31,university
emp_023104,2024-09-30,linkedin
emp_023105,2023-03-02,recruiter
emp_023106,2024-05-31,company_site
emp_023107,2025-04-01,referral
emp_023108,2020-08-31,company_site
emp_023109,2024-04-01,referral
emp_023110,2023-05-02,linkedin
emp_023111,2024-05-01,company_site
emp_023112,2023-06-01,linkedin
emp_023113,2024-07-01,referral
emp_023114,2025-03-01,boomerang
emp_023115,2025-07-01,company_site
emp_023116,2020-03-31,referral
emp_023117,2023-10-01,referral
emp_023118,2025-11-30,referral
emp_023119,2022-12-31,university
emp_023120,2023-06-01,linkedin
emp_023121,2023-06-01,referral
emp_023122,2025-10-31,referral
emp_023123,2025-08-31,recruiter
emp_023124,2024-08-31,referral
emp_023125,2023-06-01,recruiter
emp_023126,2025-11-30,recruiter
emp_023127,2024-01-31,linkedin
emp_023128,2024-07-01,referral
emp_023129,2017-06-01,company_site
emp_023130,2021-08-01,referral
emp_023131,2022-05-01,referral
emp_023132,2015-06-01,linkedin
emp_023133,2020-05-01,linkedin
emp_023134,2023-03-02,recruiter
emp_023135,2019-08-31,referral
emp_023136,2024-10-31,referral
emp_023137,2024-05-31,linkedin
emp_023138,2019-07-02,recruiter
emp_023139,2022-03-02,referral
emp_023140,2024-10-31,recruiter
emp_023141,2025-08-01,referral
emp_023142,2022-10-31,linkedin
emp_023143,2025-10-01,recruiter
emp_023144,2023-08-01,referral
emp_023145,2021-08-31,referral
emp_023146,2022-12-31,referral
emp_023147,2023-12-31,company_site
emp_023148,2025-01-30,referral
emp_023149,2021-12-31,recruiter
emp_023150,2024-05-01,recruiter
emp_023151,2025-03-01,linkedin
emp_023152,2021-08-31,linkedin
emp_023153,2024-05-01,linkedin
emp_023154,2024-07-31,referral
emp_023155,2025-08-31,linkedin
emp_023156,2025-03-01,referral
emp_023157,2023-08-01,referral
emp_023158,2024-07-01,linkedin
emp_023159,2024-03-01,recruiter
emp_023160,2025-04-01,referral
emp_023161,2024-07-01,linkedin
emp_023162,2023-12-01,linkedin
emp_023163,2025-10-01,recruiter
emp_023164,2023-06-01,recruiter
emp_023165,2024-12-31,referral
emp_023166,2025-04-01,recruiter
emp_023167,2026-03-02,referral
emp_023168,2023-10-31,recruiter
emp_023169,2024-04-01,recruiter
emp_023170,2022-07-01,referral
emp_023171,2024-09-30,referral
emp_023172,2024-05-01,referral
emp_023173,2025-08-31,linkedin
emp_023174,2024-03-01,recruiter
emp_023175,2023-08-01,university
emp_023176,2024-07-31,linkedin
emp_023177,2020-09-30,linkedin
emp_023178,2022-05-01,boomerang
emp_023179,2020-10-31,company_site
emp_023180,2026-01-30,linkedin
emp_023181,2024-03-01,recruiter
emp_023182,2024-08-31,recruiter
emp_023183,2023-01-30,company_site
emp_023184,2020-07-31,university
emp_023185,2022-01-30,referral
emp_023186,2023-12-01,recruiter
emp_023187,2025-05-01,company_site
emp_023188,2026-03-02,linkedin
emp_023189,2024-05-01,company_site
emp_023190,2023-07-02,recruiter
emp_023191,2026-01-30,company_site
emp_023192,2021-11-30,recruiter
emp_023193,2025-01-30,recruiter
emp_023194,2025-08-31,referral
emp_023195,2021-01-30,linkedin
emp_023196,2022-10-31,boomerang
emp_023197,2024-04-01,recruiter
emp_023198,2024-08-31,university
emp_023199,2025-07-01,referral
emp_023200,2020-05-31,conference
emp_023201,2022-10-31,linkedin
emp_023202,2023-03-02,referral
emp_023203,2025-11-30,linkedin
emp_023204,2023-01-30,referral
emp_023205,2025-08-31,recruiter
emp_023206,2023-10-01,recruiter
emp_023207,2026-07-01,recruiter
emp_023208,2026-04-01,linkedin
emp_023209,2023-10-01,recruiter
emp_023210,2024-12-31,linkedin
emp_023211,2023-12-31,referral
emp_023212,2023-04-01,linkedin
emp_023213,2022-10-01,referral
emp_023214,2023-10-01,recruiter
emp_023215,2024-04-01,university
emp_023216,2023-01-30,linkedin
emp_023217,2024-10-31,company_site
emp_023218,2025-08-31,referral
emp_023219,2025-04-01,linkedin
emp_023220,2022-03-02,company_site
emp_023221,2025-10-01,referral
emp_023222,2025-05-01,referral
emp_023223,2019-12-01,recruiter
emp_023224,2024-12-31,conference
emp_023225,2025-03-01,referral
emp_023226,2023-10-01,referral
emp_023227,2023-05-02,recruiter
emp_023228,2022-08-31,recruiter
emp_023229,2024-01-31,linkedin
emp_023230,2019-08-31,linkedin
emp_023231,2017-07-01,boomerang
emp_023232,2020-07-01,recruiter
emp_023233,2014-05-01,company_site
emp_023234,2022-12-31,linkedin
emp_023235,2025-08-01,recruiter
emp_023236,2014-12-31,linkedin
emp_023237,2022-12-31,referral
emp_023238,2024-11-30,linkedin
emp_023239,2025-04-01,referral
emp_023240,2021-05-01,recruiter
emp_023241,2022-04-01,referral
emp_023242,2019-05-02,referral
emp_023243,2024-05-31,university
emp_023244,2025-08-01,linkedin
emp_023245,2025-03-01,linkedin
emp_023246,2025-07-01,conference
emp_023247,2022-07-01,recruiter
emp_023248,2021-03-01,conference
emp_023249,2019-01-30,university
emp_023250,2024-08-31,referral
emp_023251,2024-10-31,company_site
emp_023252,2025-06-01,referral
emp_023253,2024-10-31,university
emp_023254,2019-05-02,company_site
emp_023255,2025-07-01,university
emp_023256,2025-10-01,recruiter
emp_023257,2024-05-01,recruiter
emp_023258,2025-01-30,referral
emp_023259,2020-05-01,referral
emp_023260,2024-01-31,referral
emp_023261,2024-09-30,conference
emp_023262,2025-05-01,linkedin
emp_023263,2021-10-31,company_site
emp_023264,2025-01-30,university
emp_023265,2020-12-30,recruiter
emp_023266,2016-05-01,linkedin
emp_023267,2024-05-31,recruiter
emp_023268,2025-08-01,university
emp_023269,2023-10-31,referral
emp_023270,2023-09-01,referral
emp_023271,2024-10-31,university
emp_023272,2024-03-01,recruiter
emp_023273,2021-09-30,referral
emp_023274,2022-10-01,company_site
emp_023275,2025-10-01,linkedin
emp_023276,2024-05-01,linkedin
emp_023277,2023-09-01,conference
emp_023278,2024-09-30,recruiter
emp_023279,2026-03-02,linkedin
emp_023280,2024-12-31,recruiter
emp_023281,2022-05-01,linkedin
emp_023282,2024-04-01,linkedin
emp_023283,2022-06-01,linkedin
emp_023284,2023-01-30,referral
emp_023285,2019-08-01,referral
emp_023286,2024-09-30,referral
emp_023287,2022-10-31,university
emp_023288,2020-12-30,recruiter
emp_023289,2024-05-01,referral
emp_023290,2024-07-31,linkedin
emp_023291,2024-07-01,linkedin
emp_023292,2022-08-01,linkedin
emp_023293,2014-08-01,conference
emp_023294,2023-10-01,conference
emp_023295,2023-07-02,linkedin
emp_023296,2023-05-02,company_site
emp_023297,2022-01-30,university
emp_023298,2023-08-01,recruiter
emp_023299,2024-09-30,recruiter
emp_023300,2024-12-31,referral
emp_023301,2018-03-01,referral
emp_023302,2023-04-01,linkedin
emp_023303,2026-03-02,referral
emp_023304,2023-07-02,company_site
emp_023305,2025-07-01,linkedin
emp_023306,2022-04-01,recruiter
emp_023307,2025-05-01,referral
emp_023308,2024-11-30,recruiter
emp_023309,2019-10-01,linkedin
emp_023310,2025-08-01,recruiter
emp_023311,2026-05-02,linkedin
emp_023312,2022-08-01,recruiter
emp_023313,2025-04-01,university
emp_023314,2025-05-01,university
emp_023315,2019-08-31,recruiter
emp_023316,2024-05-01,referral
emp_023317,2019-12-01,linkedin
emp_023318,2024-05-31,boomerang
emp_023319,2025-07-01,recruiter
emp_023320,2025-04-01,conference
emp_023321,2023-01-30,referral
emp_023322,2021-07-01,company_site
emp_023323,2023-08-01,university
emp_023324,2023-07-02,conference
emp_023325,2024-05-31,linkedin
emp_023326,2019-10-01,recruiter
emp_023327,2025-04-01,linkedin
emp_023328,2023-03-02,recruiter
emp_023329,2025-06-01,company_site
emp_023330,2018-08-01,conference
emp_023331,2025-04-01,referral
emp_023332,2022-10-31,university
emp_023333,2022-08-01,referral
emp_023334,2025-11-30,linkedin
emp_023335,2025-12-31,linkedin
emp_023336,2025-08-01,company_site
emp_023337,2024-04-01,university
emp_023338,2021-10-31,recruiter
emp_023339,2023-10-01,recruiter
emp_023340,2025-06-01,recruiter
emp_023341,2025-08-01,recruiter
emp_023342,2024-03-01,referral
emp_023343,2022-08-01,recruiter
emp_023344,2021-12-31,conference
emp_023345,2026-03-02,referral
emp_023346,2022-07-01,boomerang
emp_023347,2025-04-01,linkedin
emp_023348,2024-10-31,recruiter
emp_023349,2021-04-01,referral
emp_023350,2025-04-01,referral
emp_023351,2022-07-01,referral
emp_023352,2023-03-02,recruiter
emp_023353,2024-09-30,company_site
emp_023354,2026-01-30,recruiter
emp_023355,2024-04-01,referral
emp_023356,2023-12-31,company_site
emp_023357,2020-03-01,company_site
emp_023358,2019-12-01,referral
emp_023359,2025-07-01,linkedin
emp_023360,2021-09-30,referral
emp_023361,2024-10-31,linkedin
emp_023362,2025-10-01,recruiter
emp_023363,2025-03-01,linkedin
emp_023364,2025-08-31,recruiter
emp_023365,2024-09-30,referral
emp_023366,2024-01-31,referral
emp_023367,2022-04-01,linkedin
emp_023368,2025-06-01,recruiter
emp_023369,2024-11-30,referral
emp_023370,2021-12-31,referral
emp_023371,2025-10-01,linkedin
emp_023372,2023-03-02,recruiter
emp_023373,2025-12-31,referral
emp_023374,2025-01-30,recruiter
emp_023375,2025-05-01,linkedin
emp_023376,2024-12-31,company_site
emp_023377,2025-08-31,linkedin
emp_023378,2024-05-31,recruiter
emp_023379,2025-10-01,referral
emp_023380,2023-01-30,referral
emp_023381,2025-07-01,linkedin
emp_023382,2019-12-31,company_site
emp_023383,2025-10-01,university
emp_023384,2019-03-02,boomerang
emp_023385,2024-07-31,linkedin
emp_023386,2025-01-30,boomerang
emp_023387,2023-09-01,recruiter
emp_023388,2024-07-01,referral
emp_023389,2023-09-01,linkedin
emp_023390,2018-11-30,company_site
emp_023391,2021-12-31,recruiter
emp_023392,2025-03-01,referral
emp_023393,2024-12-31,boomerang
emp_023394,2023-12-01,referral
emp_023395,2025-08-01,recruiter
emp_023396,2015-12-01,recruiter
emp_023397,2022-08-31,linkedin
emp_023398,2025-12-31,recruiter
emp_023399,2023-01-30,referral
emp_023400,2025-04-01,linkedin
emp_023401,2025-12-31,recruiter
emp_023402,2017-09-30,recruiter
emp_023403,2023-12-01,company_site
emp_023404,2025-05-01,conference
emp_023405,2022-06-01,recruiter
emp_023406,2017-01-30,recruiter
emp_023407,2014-06-01,company_site
emp_023408,2024-05-01,company_site
emp_023409,2025-08-31,referral
emp_023410,2025-01-30,recruiter
emp_023411,2024-04-01,referral
emp_023412,2025-11-30,referral
emp_023413,2023-10-31,company_site
emp_023414,2024-07-01,university
emp_023415,2024-07-01,company_site
emp_023416,2023-12-31,university
emp_023417,2024-05-01,linkedin
emp_023418,2022-10-01,referral
emp_023419,2025-07-01,referral
emp_023420,2024-05-01,referral
emp_023421,2024-11-30,company_site
emp_023422,2025-07-01,linkedin
emp_023423,2018-10-01,linkedin
emp_023424,2025-06-01,referral
emp_023425,2024-05-31,referral
emp_023426,2023-09-01,university
emp_023427,2024-09-30,linkedin
emp_023428,2024-04-01,referral
emp_023429,2024-05-31,company_site
emp_023430,2025-07-01,university
emp_023431,2025-12-31,referral
emp_023432,2020-10-31,linkedin
emp_023433,2021-05-01,linkedin
emp_023434,2023-12-01,linkedin
emp_023435,2023-10-01,referral
emp_023436,2024-03-01,university
emp_023437,2024-07-31,company_site
emp_023438,2023-12-31,recruiter
emp_023439,2023-04-01,company_site
emp_023440,2021-12-31,referral
emp_023441,2023-01-30,referral
emp_023442,2025-07-01,linkedin
emp_023443,2023-10-01,recruiter
emp_023444,2023-01-30,linkedin
emp_023445,2020-01-31,linkedin
emp_023446,2025-10-01,referral
emp_023447,2022-10-31,linkedin
emp_023448,2025-05-01,company_site
emp_023449,2024-08-31,university
emp_023450,2024-08-31,boomerang
emp_023451,2023-07-02,conference
emp_023452,2025-04-01,recruiter
emp_023453,2024-07-01,company_site
emp_023454,2022-07-01,referral
emp_023455,2025-04-01,linkedin
emp_023456,2022-08-31,recruiter
emp_023457,2022-03-02,company_site
emp_023458,2024-11-30,university
emp_023459,2026-01-30,referral
emp_023460,2024-11-30,company_site
emp_023461,2022-06-01,recruiter
emp_023462,2023-04-01,referral
emp_023463,2023-03-02,referral
emp_023464,2022-05-01,company_site
emp_023465,2025-08-01,referral
emp_023466,2024-11-30,referral
emp_023467,2025-08-01,recruiter
emp_023468,2025-06-01,recruiter
emp_023469,2023-01-30,linkedin
emp_023470,2023-12-31,referral
emp_023471,2024-12-31,company_site
emp_023472,2025-07-01,linkedin
emp_023473,2021-12-31,company_site
emp_023474,2022-04-01,referral
emp_023475,2024-08-31,recruiter
emp_023476,2022-05-01,boomerang
emp_023477,2020-07-31,company_site
emp_023478,2024-08-31,referral
emp_023479,2024-05-31,recruiter
emp_023480,2020-07-31,company_site
emp_023481,2024-07-31,university
emp_023482,2025-01-30,referral
emp_023483,2024-04-01,company_site
emp_023484,2024-11-30,referral
emp_023485,2019-08-01,referral
emp_023486,2019-04-01,company_site
emp_023487,2025-04-01,linkedin
emp_023488,2025-07-01,linkedin
emp_023489,2024-07-31,referral
emp_023490,2023-10-31,boomerang
emp_023491,2025-05-01,company_site
emp_023492,2025-01-30,linkedin
emp_023493,2024-01-31,referral
emp_023494,2024-03-01,conference
emp_023495,2023-03-02,company_site
emp_023496,2021-08-01,university
emp_023497,2023-12-01,referral
emp_023498,2025-07-01,university
emp_023499,2026-03-02,company_site
emp_023500,2024-04-01,referral
emp_023501,2020-11-30,referral
emp_023502,2023-10-31,referral
emp_023503,2023-12-31,university
emp_023504,2025-07-01,referral
emp_023505,2025-10-31,referral
emp_023506,2024-03-01,recruiter
emp_023507,2022-12-31,linkedin
emp_023508,2025-10-31,recruiter
emp_023509,2024-09-30,conference
emp_023510,2023-08-01,company_site
emp_023511,2025-11-30,university
emp_023512,2022-12-31,referral
emp_023513,2022-12-31,linkedin
emp_023514,2024-09-30,recruiter
emp_023515,2025-04-01,recruiter
emp_023516,2024-08-31,company_site
emp_023517,2024-10-31,recruiter
emp_023518,2025-05-01,university
emp_023519,2022-10-31,referral
emp_023520,2026-01-30,linkedin
emp_023521,2025-05-01,linkedin
emp_023522,2026-06-01,recruiter
emp_023523,2024-09-30,recruiter
emp_023524,2025-07-01,referral
emp_023525,2023-10-01,recruiter
emp_023526,2021-05-01,referral
emp_023527,2021-12-31,university
emp_023528,2018-06-01,referral
emp_023529,2024-05-01,company_site
emp_023530,2024-03-01,recruiter
emp_023531,2024-03-01,company_site
emp_023532,2024-12-31,referral
emp_023533,2023-12-31,linkedin
emp_023534,2024-07-31,referral
emp_023535,2024-04-01,referral
emp_023536,2023-05-02,linkedin
emp_023537,2023-09-01,linkedin
emp_023538,2025-05-01,university
emp_023539,2023-10-01,conference
emp_023540,2024-08-31,referral
emp_023541,2024-08-31,referral
emp_023542,2025-08-31,recruiter
emp_023543,2025-05-01,company_site
emp_023544,2020-08-31,linkedin
emp_023545,2024-05-31,company_site
emp_023546,2023-08-01,linkedin
emp_023547,2020-01-31,boomerang
emp_023548,2022-07-01,boomerang
emp_023549,2023-12-31,conference
emp_023550,2024-10-31,recruiter
emp_023551,2025-05-01,linkedin
emp_023552,2023-05-02,linkedin
emp_023553,2020-09-30,referral
emp_023554,2025-10-31,referral
emp_023555,2025-11-30,referral
emp_023556,2023-06-01,linkedin
emp_023557,2024-08-31,referral
emp_023558,2024-03-01,university
emp_023559,2020-09-30,referral
emp_023560,2021-12-31,university
emp_023561,2024-07-31,referral
emp_023562,2025-01-30,recruiter
emp_023563,2021-09-30,university
emp_023564,2020-11-30,referral
emp_023565,2012-05-01,recruiter
emp_023566,2024-11-30,linkedin
emp_023567,2023-09-01,company_site
emp_023568,2025-05-01,company_site
emp_023569,2019-08-31,boomerang
emp_023570,2023-12-01,referral
emp_023571,2023-12-01,recruiter
emp_023572,2016-03-01,recruiter
emp_023573,2022-06-01,company_site
emp_023574,2024-10-31,linkedin
emp_023575,2023-01-30,referral
emp_023576,2025-08-01,referral
emp_023577,2025-04-01,company_site
emp_023578,2017-08-31,linkedin
emp_023579,2020-03-31,company_site
emp_023580,2025-05-01,recruiter
emp_023581,2026-07-01,recruiter
emp_023582,2022-10-01,referral
emp_023583,2022-07-01,linkedin
emp_023584,2022-03-02,recruiter
emp_023585,2025-08-31,linkedin
emp_023586,2022-10-31,recruiter
emp_023587,2021-04-01,referral
emp_023588,2023-10-31,linkedin
emp_023589,2024-12-31,recruiter
emp_023590,2022-12-31,recruiter
emp_023591,2022-01-30,linkedin
emp_023592,2022-03-02,referral
emp_023593,2020-11-30,recruiter
emp_023594,2024-03-01,linkedin
emp_023595,2024-07-31,linkedin
emp_023596,2022-12-31,recruiter
emp_023597,2019-08-01,linkedin
emp_023598,2023-10-01,university
emp_023599,2023-05-02,referral
emp_023600,2019-08-01,conference
emp_023601,2026-05-02,referral
emp_023602,2020-07-01,recruiter
emp_023603,2026-04-01,linkedin
emp_023604,2021-11-30,company_site
emp_023605,2020-11-30,recruiter
emp_023606,2024-11-30,linkedin
emp_023607,2023-01-30,referral
emp_023608,2021-08-31,company_site
emp_023609,2025-04-01,company_site
emp_023610,2019-01-30,company_site
emp_023611,2025-04-01,boomerang
emp_023612,2025-10-31,recruiter
emp_023613,2021-12-31,university
emp_023614,2024-03-01,company_site
emp_023615,2023-12-31,recruiter
emp_023616,2016-10-30,referral
emp_023617,2020-07-01,boomerang
emp_023618,2026-03-02,recruiter
emp_023619,2023-10-01,university
emp_023620,2023-08-01,conference
emp_023621,2026-01-30,company_site
emp_023622,2024-10-31,company_site
emp_023623,2022-10-31,recruiter
emp_023624,2021-09-30,recruiter
emp_023625,2023-09-01,linkedin
emp_023626,2023-10-01,boomerang
emp_023627,2025-03-01,university
emp_023628,2022-08-31,university
emp_023629,2024-07-31,linkedin
emp_023630,2024-01-31,linkedin
emp_023631,2024-08-31,referral
emp_023632,2024-11-30,linkedin
emp_023633,2023-01-30,company_site
emp_023634,2024-12-31,university
emp_023635,2024-07-31,company_site
emp_023636,2022-04-01,referral
emp_023637,2023-06-01,referral
emp_023638,2025-03-01,referral
emp_023639,2023-04-01,referral
emp_023640,2023-12-31,referral
emp_023641,2025-10-31,recruiter
emp_023642,2024-01-31,referral
emp_023643,2024-12-31,referral
emp_023644,2023-12-01,linkedin
emp_023645,2022-04-01,referral
emp_023646,2024-03-01,company_site
emp_023647,2026-01-30,referral
emp_023648,2015-06-01,referral
emp_023649,2024-08-31,linkedin
emp_023650,2023-06-01,linkedin
emp_023651,2021-11-30,recruiter
emp_023652,2023-07-02,linkedin
emp_023653,2014-11-30,company_site
emp_023654,2022-12-31,linkedin
emp_023655,2025-07-01,linkedin
emp_023656,2022-10-31,recruiter
emp_023657,2022-12-31,company_site
emp_023658,2024-08-31,referral
emp_023659,2023-04-01,linkedin
emp_023660,2025-08-01,linkedin
emp_023661,2019-01-30,linkedin
emp_023662,2025-01-30,linkedin
emp_023663,2021-08-01,company_site
emp_023664,2019-01-30,company_site
emp_023665,2023-01-30,referral
emp_023666,2023-03-02,referral
emp_023667,2024-11-30,linkedin
emp_023668,2023-06-01,referral
emp_023669,2023-06-01,recruiter
emp_023670,2024-12-31,referral
emp_023671,2021-12-31,company_site
emp_023672,2024-07-31,recruiter
emp_023673,2024-03-01,referral
emp_023674,2014-09-30,company_site
emp_023675,2019-10-31,company_site
emp_023676,2025-10-31,boomerang
emp_023677,2022-01-30,referral
emp_023678,2024-10-31,conference
emp_023679,2019-07-02,linkedin
emp_023680,2024-07-01,conference
emp_023681,2024-05-01,referral
emp_023682,2019-05-02,university
emp_023683,2025-07-01,linkedin
emp_023684,2024-09-30,recruiter
emp_023685,2023-01-30,referral
emp_023686,2026-03-02,recruiter
emp_023687,2023-03-02,recruiter
emp_023688,2024-01-31,linkedin
emp_023689,2024-07-01,recruiter
emp_023690,2024-01-31,recruiter
emp_023691,2025-05-01,linkedin
emp_023692,2024-07-31,recruiter
emp_023693,2024-03-01,university
emp_023694,2024-09-30,conference
emp_023695,2020-03-31,university
emp_023696,2022-01-30,referral
emp_023697,2025-06-01,linkedin
emp_023698,2023-10-31,university
emp_023699,2026-01-30,referral
emp_023700,2024-10-31,company_site
emp_023701,2021-11-30,recruiter
emp_023702,2025-11-30,referral
emp_023703,2025-08-01,recruiter
emp_023704,2025-01-30,conference
emp_023705,2023-05-02,recruiter
emp_023706,2024-10-31,linkedin
emp_023707,2023-10-01,linkedin
emp_023708,2022-03-02,recruiter
emp_023709,2026-01-30,recruiter
emp_023710,2022-01-30,referral
emp_023711,2020-09-30,linkedin
emp_023712,2020-07-01,company_site
emp_023713,2024-01-31,linkedin
emp_023714,2024-05-31,referral
emp_023715,2024-08-31,referral
emp_023716,2024-12-31,referral
emp_023717,2024-07-31,recruiter
emp_023718,2023-08-01,linkedin
emp_023719,2025-03-01,referral
emp_023720,2025-10-01,referral
emp_023721,2023-10-01,recruiter
emp_023722,2022-10-01,referral
emp_023723,2024-09-30,recruiter
emp_023724,2024-10-31,recruiter
emp_023725,2023-08-01,recruiter
emp_023726,2024-07-31,linkedin
emp_023727,2024-12-31,university
emp_023728,2025-01-30,referral
emp_023729,2022-05-01,referral
emp_023730,2025-10-31,company_site
emp_023731,2024-12-31,referral
emp_023732,2025-01-30,university
emp_023733,2025-05-01,referral
emp_023734,2023-03-02,linkedin
emp_023735,2026-03-02,linkedin
emp_023736,2025-10-01,referral
emp_023737,2025-01-30,recruiter
emp_023738,2025-10-01,recruiter
emp_023739,2024-08-31,recruiter
emp_023740,2025-05-01,recruiter
emp_023741,2025-08-01,recruiter
emp_023742,2024-07-01,referral
emp_023743,2022-06-01,linkedin
emp_023744,2017-01-30,recruiter
emp_023745,2024-07-01,linkedin
emp_023746,2024-12-31,linkedin
emp_023747,2023-04-01,referral
emp_023748,2025-04-01,recruiter
emp_023749,2024-11-30,referral
emp_023750,2024-09-30,linkedin
emp_023751,2015-03-02,recruiter
emp_023752,2025-05-01,linkedin
emp_023753,2025-08-31,conference
emp_023754,2024-03-01,recruiter
emp_023755,2026-05-02,recruiter
emp_023756,2024-03-01,referral
emp_023757,2025-08-31,referral
emp_023758,2024-11-30,referral
emp_023759,2024-10-31,company_site
emp_023760,2014-11-30,university
emp_023761,2025-03-01,company_site
emp_023762,2024-07-01,university
emp_023763,2022-10-31,recruiter
emp_023764,2025-01-30,company_site
emp_023765,2024-01-31,referral
emp_023766,2025-06-01,linkedin
emp_023767,2021-08-31,referral
emp_023768,2025-04-01,referral
emp_023769,2025-12-31,company_site
emp_023770,2021-12-31,recruiter
emp_023771,2020-05-31,linkedin
emp_023772,2025-10-31,referral
emp_023773,2024-05-01,company_site
emp_023774,2023-09-01,linkedin
emp_023775,2024-07-01,referral
emp_023776,2018-10-31,university
emp_023777,2015-03-02,linkedin
emp_023778,2025-04-01,conference
emp_023779,2025-08-31,recruiter
emp_023780,2024-08-31,linkedin
emp_023781,2023-08-01,referral
emp_023782,2025-01-30,linkedin
emp_023783,2024-05-31,linkedin
emp_023784,2025-01-30,referral
emp_023785,2024-05-01,referral
emp_023786,2021-10-31,linkedin
emp_023787,2023-05-02,university
emp_023788,2022-08-31,linkedin
emp_023789,2025-08-31,university
emp_023790,2023-01-30,referral
emp_023791,2024-03-01,linkedin
emp_023792,2024-11-30,referral
emp_023793,2026-01-30,linkedin
emp_023794,2023-12-31,referral
emp_023795,2025-10-01,recruiter
emp_023796,2022-06-01,referral
emp_023797,2025-05-01,recruiter
emp_023798,2022-03-02,linkedin
emp_023799,2023-07-02,linkedin
emp_023800,2024-12-31,university
emp_023801,2022-08-31,linkedin
emp_023802,2021-11-30,referral
emp_023803,2023-12-31,linkedin
emp_023804,2023-08-01,recruiter
emp_023805,2025-03-01,recruiter
emp_023806,2022-05-01,boomerang
emp_023807,2020-09-30,recruiter
emp_023808,2022-04-01,referral
emp_023809,2025-11-30,referral
emp_023810,2024-09-30,linkedin
emp_023811,2024-07-01,company_site
emp_023812,2025-01-30,linkedin
emp_023813,2024-07-31,linkedin
emp_023814,2024-05-31,linkedin
emp_023815,2017-04-01,recruiter
emp_023816,2022-07-01,referral
emp_023817,2025-04-01,linkedin
emp_023818,2023-12-01,linkedin
emp_023819,2023-12-01,university
emp_023820,2022-01-30,referral
emp_023821,2022-07-01,linkedin
emp_023822,2020-09-30,company_site
emp_023823,2021-07-01,university
emp_023824,2025-01-30,referral
emp_023825,2022-12-01,university
emp_023826,2023-07-02,referral
emp_023827,2024-01-31,referral
emp_023828,2025-10-01,boomerang
emp_023829,2023-10-01,boomerang
emp_023830,2024-05-31,referral
emp_023831,2023-06-01,referral
emp_023832,2025-04-01,linkedin
emp_023833,2025-01-30,university
emp_023834,2022-06-01,company_site
emp_023835,2019-03-02,recruiter
emp_023836,2026-06-01,company_site
emp_023837,2021-03-01,linkedin
emp_023838,2025-10-01,referral
emp_023839,2020-05-01,recruiter
emp_023840,2025-08-01,referral
emp_023841,2024-07-31,linkedin
emp_023842,2024-08-31,company_site
emp_023843,2023-10-31,referral
emp_023844,2025-01-30,boomerang
emp_023845,2024-07-31,referral
emp_023846,2025-08-31,linkedin
emp_023847,2025-05-01,recruiter
emp_023848,2021-08-31,recruiter
emp_023849,2020-07-01,referral
emp_023850,2025-03-01,referral
emp_023851,2025-07-01,company_site
emp_023852,2023-03-02,linkedin
emp_023853,2025-06-01,linkedin
emp_023854,2023-05-02,university
emp_023855,2023-03-02,referral
emp_023856,2022-03-02,referral
emp_023857,2025-06-01,company_site
emp_023858,2023-06-01,company_site
emp_023859,2025-01-30,linkedin
emp_023860,2024-09-30,linkedin
emp_023861,2022-06-01,linkedin
emp_023862,2024-07-31,company_site
emp_023863,2024-07-31,recruiter
emp_023864,2024-09-30,referral
emp_023865,2026-07-01,referral
emp_023866,2025-05-01,linkedin
emp_023867,2015-10-01,university
emp_023868,2019-10-01,company_site
emp_023869,2016-03-01,referral
emp_023870,2022-07-01,referral
emp_023871,2024-08-31,linkedin
emp_023872,2024-10-31,conference
emp_023873,2025-10-01,referral
emp_023874,2023-05-02,company_site
emp_023875,2025-01-30,linkedin
emp_023876,2024-09-30,referral
emp_023877,2021-03-01,referral
emp_023878,2026-01-30,referral
emp_023879,2023-12-01,recruiter
emp_023880,2020-07-01,university
emp_023881,2025-04-01,linkedin
emp_023882,2024-03-01,boomerang
emp_023883,2021-09-30,referral
emp_023884,2022-08-01,referral
emp_023885,2023-10-31,referral
emp_023886,2024-10-31,linkedin
emp_023887,2024-07-31,linkedin
emp_023888,2023-09-01,recruiter
emp_023889,2025-11-30,linkedin
emp_023890,2024-07-01,university
emp_023891,2024-05-01,conference
emp_023892,2025-08-31,linkedin
emp_023893,2021-12-31,referral
emp_023894,2025-07-01,linkedin
emp_023895,2025-10-31,referral
emp_023896,2020-08-31,referral
emp_023897,2024-08-31,recruiter
emp_023898,2024-07-01,company_site
emp_023899,2024-12-31,university
emp_023900,2026-05-02,recruiter
emp_023901,2022-06-01,university
emp_023902,2026-03-02,company_site
emp_023903,2026-03-02,linkedin
emp_023904,2024-08-31,recruiter
emp_023905,2023-05-02,company_site
emp_023906,2023-12-01,referral
emp_023907,2011-04-01,referral
emp_023908,2025-12-31,referral
emp_023909,2023-08-01,recruiter
emp_023910,2022-04-01,recruiter
emp_023911,2024-05-31,referral
emp_023912,2021-08-31,university
emp_023913,2025-10-31,linkedin
emp_023914,2020-07-31,referral
emp_023915,2024-10-31,linkedin
emp_023916,2023-12-31,recruiter
emp_023917,2026-05-02,referral
emp_023918,2025-07-01,recruiter
emp_023919,2025-04-01,linkedin
emp_023920,2023-01-30,company_site
emp_023921,2025-03-01,referral
emp_023922,2025-03-01,linkedin
emp_023923,2021-09-30,linkedin
emp_023924,2025-07-01,recruiter
emp_023925,2023-08-01,referral
emp_023926,2023-08-01,university
emp_023927,2025-10-01,conference
emp_023928,2025-08-31,linkedin
emp_023929,2025-05-01,boomerang
emp_023930,2020-08-31,linkedin
emp_023931,2024-05-31,linkedin
emp_023932,2025-01-30,referral
emp_023933,2024-01-31,university
emp_023934,2023-04-01,linkedin
emp_023935,2024-09-30,linkedin
emp_023936,2023-07-02,conference
emp_023937,2023-05-02,referral
emp_023938,2025-07-01,referral
emp_023939,2023-01-30,recruiter
emp_023940,2023-06-01,company_site
emp_023941,2023-08-01,referral
emp_023942,2024-12-31,recruiter
emp_023943,2024-07-01,university
emp_023944,2024-05-31,linkedin
emp_023945,2025-08-31,recruiter
emp_023946,2024-08-31,referral
emp_023947,2019-07-02,referral
emp_023948,2018-10-31,conference
emp_023949,2022-04-01,recruiter
emp_023950,2018-07-01,referral
emp_023951,2020-12-30,company_site
emp_023952,2021-08-01,referral
emp_023953,2022-10-31,referral
emp_023954,2023-05-02,referral
emp_023955,2025-04-01,recruiter
emp_023956,2024-03-01,recruiter
emp_023957,2019-12-01,conference
emp_023958,2024-09-30,recruiter
emp_023959,2025-01-30,recruiter
emp_023960,2024-05-01,referral
emp_023961,2025-01-30,linkedin
emp_023962,2021-10-31,linkedin
emp_023963,2025-05-01,company_site
emp_023964,2025-07-01,recruiter
emp_023965,2022-10-01,referral
emp_023966,2021-10-31,conference
emp_023967,2025-07-01,recruiter
emp_023968,2023-07-02,referral
emp_023969,2024-08-31,linkedin
emp_023970,2012-12-30,referral
emp_023971,2022-10-31,boomerang
emp_023972,2024-11-30,recruiter
emp_023973,2025-07-01,linkedin
emp_023974,2023-04-01,linkedin
emp_023975,2024-10-31,referral
emp_023976,2022-10-01,conference
emp_023977,2024-07-01,referral
emp_023978,2021-05-01,linkedin
emp_023979,2022-10-01,linkedin
emp_023980,2025-03-01,linkedin
emp_023981,2025-03-01,company_site
emp_023982,2024-08-31,linkedin
emp_023983,2022-06-01,company_site
emp_023984,2022-04-01,recruiter
emp_023985,2024-09-30,linkedin
emp_023986,2025-08-31,recruiter
emp_023987,2023-10-01,recruiter
emp_023988,2025-01-30,referral
emp_023989,2023-03-02,referral
emp_023990,2024-09-30,recruiter
emp_023991,2022-01-30,boomerang
emp_023992,2026-01-30,referral
emp_023993,2024-07-31,referral
emp_023994,2019-12-31,recruiter
emp_023995,2019-10-01,linkedin
emp_023996,2025-08-31,boomerang
emp_023997,2023-05-02,company_site
emp_023998,2025-06-01,referral
emp_023999,2021-03-01,boomerang
emp_024000,2023-01-30,university
emp_024001,2024-08-31,recruiter
emp_024002,2024-04-01,company_site
emp_024003,2024-04-01,referral
emp_024004,2023-09-01,referral
emp_024005,2024-12-31,recruiter
emp_024006,2024-09-30,linkedin
emp_024007,2021-10-31,company_site
emp_024008,2025-05-01,recruiter
emp_024009,2024-03-01,university
emp_024010,2025-10-01,referral
emp_024011,2017-10-31,university
emp_024012,2023-10-31,linkedin
emp_024013,2024-01-31,university
emp_024014,2025-05-01,linkedin
emp_024015,2021-05-01,recruiter
emp_024016,2024-01-31,linkedin
emp_024017,2023-04-01,company_site
emp_024018,2025-07-01,company_site
emp_024019,2016-03-01,boomerang
emp_024020,2021-01-30,recruiter
emp_024021,2023-10-01,linkedin
emp_024022,2022-06-01,recruiter
emp_024023,2022-08-31,linkedin
emp_024024,2024-12-31,boomerang
emp_024025,2026-04-01,referral
emp_024026,2025-06-01,university
emp_024027,2019-12-01,recruiter
emp_024028,2025-06-01,university
emp_024029,2023-10-01,linkedin
emp_024030,2025-03-01,recruiter
emp_024031,2024-10-31,linkedin
emp_024032,2023-10-01,university
emp_024033,2024-05-01,referral
emp_024034,2023-12-01,referral
emp_024035,2022-07-01,referral
emp_024036,2025-05-01,linkedin
emp_024037,2025-01-30,conference
emp_024038,2020-07-01,referral
emp_024039,2023-10-01,recruiter
emp_024040,2022-06-01,referral
emp_024041,2024-12-31,recruiter
emp_024042,2022-04-01,university
emp_024043,2023-10-31,referral
emp_024044,2025-08-31,referral
emp_024045,2020-07-01,referral
emp_024046,2025-05-01,recruiter
emp_024047,2024-07-01,linkedin
emp_024048,2025-01-30,recruiter
emp_024049,2018-05-01,company_site
emp_024050,2021-08-31,recruiter
emp_024051,2024-05-31,university
emp_024052,2025-06-01,linkedin
emp_024053,2022-10-31,conference
emp_024054,2018-04-01,university
emp_024055,2022-08-31,linkedin
emp_024056,2024-07-01,linkedin
emp_024057,2021-11-30,linkedin
emp_024058,2022-06-01,recruiter
emp_024059,2024-03-01,linkedin
emp_024060,2019-10-01,linkedin
emp_024061,2018-08-31,boomerang
emp_024062,2025-10-01,linkedin
emp_024063,2022-12-31,recruiter
emp_024064,2024-05-31,recruiter
emp_024065,2024-01-31,referral
emp_024066,2025-07-01,referral
emp_024067,2021-04-01,company_site
emp_024068,2025-01-30,referral
emp_024069,2023-07-02,recruiter
emp_024070,2022-05-01,referral
emp_024071,2024-07-31,company_site
emp_024072,2023-10-01,conference
emp_024073,2025-12-31,boomerang
emp_024074,2024-08-31,referral
emp_024075,2022-05-01,company_site
emp_024076,2023-08-01,referral
emp_024077,2024-11-30,referral
emp_024078,2025-10-31,linkedin
emp_024079,2021-06-01,linkedin
emp_024080,2023-07-02,referral
emp_024081,2022-01-30,linkedin
emp_024082,2024-10-31,company_site
emp_024083,2023-05-02,linkedin
emp_024084,2019-10-31,referral
emp_024085,2024-11-30,recruiter
emp_024086,2026-04-01,referral
emp_024087,2022-12-31,referral
emp_024088,2022-10-01,linkedin
emp_024089,2025-12-31,linkedin
emp_024090,2018-07-01,university
emp_024091,2023-10-01,boomerang
emp_024092,2025-10-31,referral
emp_024093,2024-04-01,boomerang
emp_024094,2023-10-01,recruiter
emp_024095,2025-10-01,linkedin
emp_024096,2024-04-01,referral
emp_024097,2014-11-30,linkedin
emp_024098,2024-08-31,referral
emp_024099,2024-03-01,recruiter
emp_024100,2013-07-31,company_site
emp_024101,2024-07-01,referral
emp_024102,2021-07-01,referral
emp_024103,2025-10-31,referral
emp_024104,2024-10-31,company_site
emp_024105,2025-11-30,linkedin
emp_024106,2020-12-30,recruiter
emp_024107,2025-10-01,referral
emp_024108,2021-03-01,company_site
emp_024109,2023-05-02,linkedin
emp_024110,2014-06-01,recruiter
emp_024111,2024-11-30,conference
emp_024112,2024-12-31,referral
emp_024113,2022-08-01,linkedin
emp_024114,2024-11-30,boomerang
emp_024115,2024-10-31,referral
emp_024116,2025-05-01,company_site
emp_024117,2025-06-01,referral
emp_024118,2025-10-01,linkedin
emp_024119,2022-08-01,university
emp_024120,2023-09-01,linkedin
emp_024121,2021-11-30,boomerang
emp_024122,2018-04-01,conference
emp_024123,2023-09-01,linkedin
emp_024124,2024-12-31,linkedin
emp_024125,2016-08-31,university
emp_024126,2024-01-31,linkedin
emp_024127,2025-10-01,linkedin
emp_024128,2025-08-01,company_site
emp_024129,2021-05-01,company_site
emp_024130,2025-08-31,referral
emp_024131,2025-01-30,recruiter
emp_024132,2023-09-01,company_site
emp_024133,2022-10-31,recruiter
emp_024134,2022-08-01,boomerang
emp_024135,2022-08-31,company_site
emp_024136,2024-12-31,referral
emp_024137,2025-03-01,referral
emp_024138,2024-11-30,boomerang
emp_024139,2025-03-01,recruiter
emp_024140,2024-01-31,university
emp_024141,2024-07-01,conference
emp_024142,2022-03-02,recruiter
emp_024143,2024-04-01,referral
emp_024144,2022-05-01,university
emp_024145,2024-05-31,referral
emp_024146,2020-10-31,recruiter
emp_024147,2019-10-01,recruiter
emp_024148,2025-06-01,conference
emp_024149,2022-10-01,university
emp_024150,2024-11-30,company_site
emp_024151,2021-10-31,linkedin
emp_024152,2020-10-31,referral
emp_024153,2023-06-01,referral
emp_024154,2024-01-31,referral
emp_024155,2026-03-02,university
emp_024156,2025-04-01,referral
emp_024157,2024-01-31,company_site
emp_024158,2024-05-31,boomerang
emp_024159,2024-11-30,referral
emp_024160,2024-10-31,boomerang
emp_024161,2025-06-01,linkedin
emp_024162,2024-11-30,university
emp_024163,2022-10-31,referral
emp_024164,2024-04-01,referral
emp_024165,2024-07-31,company_site
emp_024166,2023-07-02,conference
emp_024167,2025-04-01,company_site
emp_024168,2023-04-01,recruiter
emp_024169,2023-10-31,referral
emp_024170,2024-12-31,referral
emp_024171,2019-08-01,conference
emp_024172,2019-08-31,recruiter
emp_024173,2024-03-01,recruiter
emp_024174,2023-08-01,referral
emp_024175,2022-10-01,linkedin
emp_024176,2025-10-01,recruiter
emp_024177,2021-09-30,boomerang
emp_024178,2025-04-01,boomerang
emp_024179,2019-08-01,university
emp_024180,2010-09-30,referral
emp_024181,2023-07-02,referral
emp_024182,2025-08-01,conference
emp_024183,2024-08-31,linkedin
emp_024184,2015-05-02,linkedin
emp_024185,2022-06-01,company_site
emp_024186,2024-07-31,referral
emp_024187,2025-08-01,referral
emp_024188,2025-01-30,recruiter
emp_024189,2023-07-02,linkedin
emp_024190,2022-03-02,company_site
emp_024191,2024-11-30,company_site
emp_024192,2023-12-31,linkedin
emp_024193,2024-08-31,referral
emp_024194,2024-01-31,recruiter
emp_024195,2024-04-01,linkedin
emp_024196,2022-03-02,referral
emp_024197,2024-09-30,recruiter
emp_024198,2023-08-01,company_site
emp_024199,2024-08-31,university
emp_024200,2025-04-01,company_site
emp_024201,2025-08-31,linkedin
emp_024202,2025-04-01,company_site
emp_024203,2024-10-31,referral
emp_024204,2025-07-01,recruiter
emp_024205,2020-07-01,linkedin
emp_024206,2024-03-01,linkedin
emp_024207,2016-01-30,university
emp_024208,2019-03-02,recruiter
emp_024209,2025-07-01,linkedin
emp_024210,2023-01-30,linkedin
emp_024211,2022-10-01,company_site
emp_024212,2024-12-31,referral
emp_024213,2021-01-30,company_site
emp_024214,2020-07-01,company_site
emp_024215,2020-10-31,recruiter
emp_024216,2024-07-01,university
emp_024217,2024-01-31,conference
emp_024218,2024-07-31,referral
emp_024219,2023-09-01,referral
emp_024220,2026-04-01,company_site
emp_024221,2025-10-01,company_site
emp_024222,2025-10-01,recruiter
emp_024223,2025-05-01,linkedin
emp_024224,2021-11-30,referral
emp_024225,2023-08-01,linkedin
emp_024226,2024-11-30,referral
emp_024227,2024-04-01,recruiter
emp_024228,2024-09-30,referral
emp_024229,2019-04-01,referral
emp_024230,2023-10-31,linkedin
emp_024231,2024-10-31,company_site
emp_024232,2022-10-31,recruiter
emp_024233,2025-04-01,recruiter
emp_024234,2023-09-01,recruiter
emp_024235,2025-10-01,recruiter
emp_024236,2023-09-01,recruiter
emp_024237,2023-07-02,university
emp_024238,2025-07-01,linkedin
emp_024239,2023-05-02,recruiter
emp_024240,2023-05-02,referral
emp_024241,2024-08-31,recruiter
emp_024242,2019-03-02,referral
emp_024243,2025-04-01,linkedin
emp_024244,2025-01-30,company_site
emp_024245,2025-08-01,university
emp_024246,2025-11-30,recruiter
emp_024247,2019-10-31,recruiter
emp_024248,2025-12-31,linkedin
emp_024249,2023-05-02,recruiter
emp_024250,2023-04-01,company_site
emp_024251,2023-12-31,recruiter
emp_024252,2019-08-01,referral
emp_024253,2021-05-01,linkedin
emp_024254,2024-10-31,recruiter
emp_024255,2023-12-31,referral
emp_024256,2021-11-30,referral
emp_024257,2024-10-31,referral
emp_024258,2024-07-01,referral
emp_024259,2024-09-30,linkedin
emp_024260,2023-09-01,referral
emp_024261,2023-12-31,boomerang
emp_024262,2024-10-31,referral
emp_024263,2024-05-31,referral
emp_024264,2025-03-01,linkedin
emp_024265,2024-01-31,linkedin
emp_024266,2023-03-02,recruiter
emp_024267,2025-04-01,university
emp_024268,2025-10-31,recruiter
emp_024269,2025-08-01,linkedin
emp_024270,2025-10-01,company_site
emp_024271,2025-04-01,referral
emp_024272,2025-04-01,linkedin
emp_024273,2023-10-31,company_site
emp_024274,2024-09-30,linkedin
emp_024275,2025-10-31,referral
emp_024276,2023-04-01,linkedin
emp_024277,2021-11-30,company_site
emp_024278,2025-03-01,company_site
emp_024279,2023-12-31,company_site
emp_024280,2024-10-31,conference
emp_024281,2025-08-31,referral
emp_024282,2023-12-01,referral
emp_024283,2024-05-31,linkedin
emp_024284,2021-09-30,linkedin
emp_024285,2019-10-31,referral
emp_024286,2024-07-31,linkedin
emp_024287,2024-05-31,linkedin
emp_024288,2023-12-01,linkedin
emp_024289,2024-07-31,referral
emp_024290,2018-12-31,company_site
emp_024291,2024-05-31,company_site
emp_024292,2023-04-01,recruiter
emp_024293,2022-12-31,linkedin
emp_024294,2020-03-31,linkedin
emp_024295,2022-10-01,referral
emp_024296,2024-07-31,company_site
emp_024297,2025-11-30,referral
emp_024298,2026-03-02,referral
emp_024299,2019-10-01,linkedin
emp_024300,2025-05-01,linkedin
emp_024301,2025-01-30,university
emp_024302,2025-08-01,company_site
emp_024303,2014-06-01,referral
emp_024304,2023-12-01,company_site
emp_024305,2019-08-31,referral
emp_024306,2024-11-30,recruiter
emp_024307,2024-10-31,referral
emp_024308,2025-08-31,referral
emp_024309,2025-07-01,referral
emp_024310,2024-07-31,recruiter
emp_024311,2024-08-31,company_site
emp_024312,2022-05-01,recruiter
emp_024313,2024-04-01,referral
emp_024314,2024-05-31,university
emp_024315,2022-10-01,recruiter
emp_024316,2022-10-01,recruiter
emp_024317,2024-08-31,referral
emp_024318,2024-08-31,recruiter
emp_024319,2021-10-31,referral
emp_024320,2024-11-30,company_site
emp_024321,2026-03-02,linkedin
emp_024322,2025-05-01,linkedin
emp_024323,2023-04-01,referral
emp_024324,2025-11-30,referral
emp_024325,2025-10-01,company_site
emp_024326,2025-10-01,boomerang
emp_024327,2023-04-01,boomerang
emp_024328,2025-11-30,recruiter
emp_024329,2023-12-01,linkedin
emp_024330,2023-06-01,referral
emp_024331,2020-08-31,linkedin
emp_024332,2023-01-30,boomerang
emp_024333,2020-08-31,linkedin
emp_024334,2022-10-01,recruiter
emp_024335,2024-08-31,university
emp_024336,2024-01-31,conference
emp_024337,2026-06-01,linkedin
emp_024338,2023-12-31,recruiter
emp_024339,2023-10-31,referral
emp_024340,2021-08-01,referral
emp_024341,2024-10-31,company_site
emp_024342,2023-10-31,linkedin
emp_024343,2023-04-01,company_site
emp_024344,2023-10-01,linkedin
emp_024345,2024-05-01,recruiter
emp_024346,2025-05-01,recruiter
emp_024347,2025-08-31,referral
emp_024348,2024-07-31,referral
emp_024349,2023-03-02,recruiter
emp_024350,2023-07-02,referral
emp_024351,2021-10-31,boomerang
emp_024352,2018-01-30,referral
emp_024353,2022-03-02,university
emp_024354,2025-01-30,boomerang
emp_024355,2023-05-02,referral
emp_024356,2022-01-30,university
emp_024357,2022-12-31,company_site
emp_024358,2025-10-01,linkedin
emp_024359,2024-07-01,referral
emp_024360,2022-12-01,referral
emp_024361,2025-11-30,linkedin
emp_024362,2022-06-01,linkedin
emp_024363,2025-01-30,conference
emp_024364,2023-12-01,company_site
emp_024365,2023-06-01,recruiter
emp_024366,2023-03-02,recruiter
emp_024367,2023-07-02,linkedin
emp_024368,2021-10-31,recruiter
emp_024369,2023-10-01,referral
emp_024370,2021-08-01,conference
emp_024371,2023-08-01,recruiter
emp_024372,2025-05-01,recruiter
emp_024373,2024-03-01,recruiter
emp_024374,2023-10-31,referral
emp_024375,2021-04-01,linkedin
emp_024376,2023-06-01,company_site
emp_024377,2024-09-30,referral
emp_024378,2022-04-01,referral
emp_024379,2024-07-31,company_site
emp_024380,2025-06-01,linkedin
emp_024381,2025-07-01,recruiter
emp_024382,2024-05-31,company_site
emp_024383,2025-03-01,referral
emp_024384,2022-10-01,linkedin
emp_024385,2024-05-01,referral
emp_024386,2014-03-01,linkedin
emp_024387,2019-08-01,recruiter
emp_024388,2023-07-02,referral
emp_024389,2022-12-31,referral
emp_024390,2023-12-01,linkedin
emp_024391,2024-12-31,linkedin
emp_024392,2024-12-31,conference
emp_024393,2020-05-01,referral
emp_024394,2022-08-01,referral
emp_024395,2019-05-02,referral
emp_024396,2024-03-01,referral
emp_024397,2020-12-30,company_site
emp_024398,2018-05-01,university
emp_024399,2022-12-31,recruiter
emp_024400,2025-10-01,linkedin
emp_024401,2023-12-31,company_site
emp_024402,2026-07-01,conference
emp_024403,2025-10-01,linkedin
emp_024404,2024-03-01,recruiter
emp_024405,2022-12-31,referral
emp_024406,2023-09-01,linkedin
emp_024407,2009-03-31,company_site
emp_024408,2024-09-30,recruiter
emp_024409,2024-07-31,recruiter
emp_024410,2025-04-01,linkedin
emp_024411,2025-04-01,linkedin
emp_024412,2026-05-02,referral
emp_024413,2024-11-30,company_site
emp_024414,2024-08-31,linkedin
emp_024415,2022-10-31,linkedin
emp_024416,2025-05-01,linkedin
emp_024417,2025-10-01,linkedin
emp_024418,2024-10-31,referral
emp_024419,2025-01-30,referral
emp_024420,2025-04-01,boomerang
emp_024421,2023-07-02,referral
emp_024422,2022-03-02,recruiter
emp_024423,2025-04-01,company_site
emp_024424,2021-07-01,referral
emp_024425,2023-10-31,university
emp_024426,2025-12-31,recruiter
emp_024427,2019-08-31,linkedin
emp_024428,2023-05-02,referral
emp_024429,2025-11-30,recruiter
emp_024430,2021-08-01,linkedin
emp_024431,2025-01-30,linkedin
emp_024432,2025-04-01,linkedin
emp_024433,2023-09-01,linkedin
emp_024434,2025-04-01,recruiter
emp_024435,2026-01-30,referral
emp_024436,2022-08-31,referral
emp_024437,2025-07-01,referral
emp_024438,2021-09-30,university
emp_024439,2024-05-01,company_site
emp_024440,2023-09-01,linkedin
emp_024441,2024-03-01,referral
emp_024442,2025-07-01,linkedin
emp_024443,2023-08-01,referral
emp_024444,2018-12-31,referral
emp_024445,2024-05-31,recruiter
emp_024446,2023-04-01,company_site
emp_024447,2026-05-02,recruiter
emp_024448,2024-01-31,linkedin
emp_024449,2020-01-31,referral
emp_024450,2024-07-01,referral
emp_024451,2024-07-01,referral
emp_024452,2024-12-31,recruiter
emp_024453,2024-05-31,company_site
emp_024454,2023-12-31,referral
emp_024455,2020-12-30,recruiter
emp_024456,2023-10-31,company_site
emp_024457,2015-08-31,company_site
emp_024458,2024-01-31,recruiter
emp_024459,2025-06-01,recruiter
emp_024460,2024-08-31,linkedin
emp_024461,2024-01-31,company_site
emp_024462,2023-01-30,linkedin
emp_024463,2022-08-01,recruiter
emp_024464,2024-10-31,referral
emp_024465,2025-04-01,university
emp_024466,2025-05-01,recruiter
emp_024467,2024-01-31,recruiter
emp_024468,2018-12-31,conference
emp_024469,2025-07-01,company_site
emp_024470,2024-05-31,conference
emp_024471,2024-11-30,recruiter
emp_024472,2023-10-31,conference
emp_024473,2022-08-01,linkedin
emp_024474,2025-05-01,referral
emp_024475,2024-08-31,referral
emp_024476,2025-10-01,linkedin
emp_024477,2020-05-01,company_site
emp_024478,2025-01-30,referral
emp_024479,2014-03-01,referral
emp_024480,2020-11-30,boomerang
emp_024481,2020-05-01,recruiter
emp_024482,2024-08-31,recruiter
emp_024483,2024-10-31,linkedin
emp_024484,2021-04-01,referral
emp_024485,2023-03-02,linkedin
emp_024486,2021-05-01,university
emp_024487,2023-09-01,company_site
emp_024488,2025-12-31,referral
emp_024489,2026-01-30,company_site
emp_024490,2025-08-31,referral
emp_024491,2023-05-02,company_site
emp_024492,2017-08-31,referral
emp_024493,2025-12-31,referral
emp_024494,2025-01-30,conference
emp_024495,2024-11-30,linkedin
emp_024496,2024-07-31,linkedin
emp_024497,2022-08-01,company_site
emp_024498,2024-12-31,linkedin
emp_024499,2025-05-01,linkedin
emp_024500,2023-05-02,referral
emp_024501,2023-01-30,linkedin
emp_024502,2023-09-01,referral
emp_024503,2023-03-02,linkedin
emp_024504,2018-10-01,company_site
emp_024505,2024-08-31,company_site
emp_024506,2025-03-01,recruiter
emp_024507,2024-09-30,recruiter
emp_024508,2022-07-01,referral
emp_024509,2022-04-01,university
emp_024510,2021-10-31,company_site
emp_024511,2024-11-30,referral
emp_024512,2022-07-01,recruiter
emp_024513,2023-09-01,conference
emp_024514,2022-12-31,company_site
emp_024515,2022-10-31,referral
emp_024516,2024-05-01,recruiter
emp_024517,2021-04-01,university
emp_024518,2023-08-01,referral
emp_024519,2023-07-02,company_site
emp_024520,2025-07-01,referral
emp_024521,2024-08-31,referral
emp_024522,2022-08-01,linkedin
emp_024523,2024-10-31,referral
emp_024524,2024-10-31,referral
emp_024525,2024-12-31,linkedin
emp_024526,2025-01-30,linkedin
emp_024527,2024-10-31,linkedin
emp_024528,2024-01-31,recruiter
emp_024529,2024-12-31,company_site
emp_024530,2024-05-01,university
emp_024531,2024-07-01,recruiter
emp_024532,2022-07-01,boomerang
emp_024533,2025-06-01,recruiter
emp_024534,2023-08-01,recruiter
emp_024535,2024-01-31,company_site
emp_024536,2023-08-01,linkedin
emp_024537,2023-06-01,recruiter
emp_024538,2022-06-01,referral
emp_024539,2025-07-01,referral
emp_024540,2019-07-02,referral
emp_024541,2024-01-31,recruiter
emp_024542,2023-10-01,referral
emp_024543,2020-09-30,referral
emp_024544,2022-12-31,linkedin
emp_024545,2023-07-02,boomerang
emp_024546,2023-07-02,referral
emp_024547,2022-10-01,linkedin
emp_024548,2024-10-31,referral
emp_024549,2022-06-01,company_site
emp_024550,2022-07-01,company_site
emp_024551,2021-06-01,referral
emp_024552,2025-08-31,company_site
emp_024553,2026-03-02,company_site
emp_024554,2022-10-01,company_site
emp_024555,2021-08-01,linkedin
emp_024556,2024-03-01,referral
emp_024557,2023-10-01,recruiter
emp_024558,2016-09-30,linkedin
emp_024559,2023-09-01,recruiter
emp_024560,2025-05-01,recruiter
emp_024561,2025-04-01,linkedin
emp_024562,2020-07-01,recruiter
emp_024563,2024-07-01,referral
emp_024564,2023-03-02,linkedin
emp_024565,2021-06-01,referral
emp_024566,2023-09-01,linkedin
emp_024567,2024-12-31,linkedin
emp_024568,2026-07-01,company_site
emp_024569,2024-12-31,company_site
emp_024570,2024-01-31,linkedin
emp_024571,2020-10-31,referral
emp_024572,2024-05-01,linkedin
emp_024573,2022-08-01,referral
emp_024574,2023-01-30,referral
emp_024575,2024-10-31,university
emp_024576,2018-08-01,linkedin
emp_024577,2024-01-31,referral
emp_024578,2023-05-02,boomerang
emp_024579,2020-08-31,referral
emp_024580,2025-07-01,linkedin
emp_024581,2023-03-02,university
emp_024582,2023-10-31,linkedin
emp_024583,2024-07-01,referral
emp_024584,2024-11-30,university
emp_024585,2024-05-31,company_site
emp_024586,2022-10-31,recruiter
emp_024587,2023-03-02,linkedin
emp_024588,2025-05-01,linkedin
emp_024589,2026-07-01,referral
emp_024590,2024-09-30,recruiter
emp_024591,2022-10-31,university
emp_024592,2023-12-31,linkedin
emp_024593,2024-07-01,referral
emp_024594,2023-10-31,referral
emp_024595,2024-05-01,referral
emp_024596,2018-07-01,boomerang
emp_024597,2025-01-30,recruiter
emp_024598,2025-08-01,linkedin
emp_024599,2020-05-31,university
emp_024600,2023-10-01,referral
emp_024601,2024-07-31,referral
emp_024602,2024-01-31,referral
emp_024603,2024-04-01,linkedin
emp_024604,2023-05-02,linkedin
emp_024605,2025-08-31,university
emp_024606,2016-05-01,referral
emp_024607,2022-04-01,recruiter
emp_024608,2025-04-01,referral
emp_024609,2025-03-01,referral
emp_024610,2023-12-01,recruiter
emp_024611,2025-07-01,company_site
emp_024612,2025-08-01,linkedin
emp_024613,2020-03-31,recruiter
emp_024614,2021-08-01,linkedin
emp_024615,2025-08-31,referral
emp_024616,2019-04-01,referral
emp_024617,2023-04-01,university
emp_024618,2025-10-01,company_site
emp_024619,2024-05-31,company_site
emp_024620,2021-06-01,company_site
emp_024621,2021-09-30,university
emp_024622,2023-12-31,boomerang
emp_024623,2025-01-30,referral
emp_024624,2025-08-01,linkedin
emp_024625,2023-10-01,linkedin
emp_024626,2024-04-01,recruiter
emp_024627,2022-12-31,recruiter
emp_024628,2023-07-02,referral
emp_024629,2023-12-01,linkedin
emp_024630,2024-05-01,referral
emp_024631,2024-07-01,company_site
emp_024632,2024-12-31,linkedin
emp_024633,2022-08-01,recruiter
emp_024634,2023-08-01,linkedin
emp_024635,2022-10-01,university
emp_024636,2020-08-31,recruiter
emp_024637,2022-10-01,referral
emp_024638,2026-01-30,university
emp_024639,2025-06-01,linkedin
emp_024640,2023-10-01,recruiter
emp_024641,2021-04-01,company_site
emp_024642,2025-05-01,recruiter
emp_024643,2017-07-31,linkedin
emp_024644,2026-01-30,company_site
emp_024645,2024-10-31,recruiter
emp_024646,2021-12-31,referral
emp_024647,2021-01-30,recruiter
emp_024648,2016-09-30,company_site
emp_024649,2021-08-01,linkedin
emp_024650,2015-01-30,company_site
emp_024651,2023-10-01,linkedin
emp_024652,2025-05-01,boomerang
emp_024653,2025-06-01,referral
emp_024654,2024-05-01,boomerang
emp_024655,2024-07-31,referral
emp_024656,2023-06-01,company_site
emp_024657,2024-08-31,linkedin
emp_024658,2023-05-02,referral
emp_024659,2023-12-31,recruiter
emp_024660,2023-12-31,recruiter
emp_024661,2023-08-01,boomerang
emp_024662,2020-07-01,referral
emp_024663,2024-07-01,referral
emp_024664,2024-03-01,referral
emp_024665,2023-01-30,referral
emp_024666,2014-08-01,referral
emp_024667,2023-03-02,company_site
emp_024668,2025-10-31,referral
emp_024669,2024-01-31,recruiter
emp_024670,2020-11-30,referral
emp_024671,2023-12-31,linkedin
emp_024672,2022-04-01,referral
emp_024673,2023-07-02,company_site
emp_024674,2023-05-02,linkedin
emp_024675,2024-09-30,referral
emp_024676,2024-07-31,linkedin
emp_024677,2021-05-01,university
emp_024678,2024-11-30,linkedin
emp_024679,2022-08-01,referral
emp_024680,2017-09-30,linkedin
emp_024681,2026-01-30,linkedin
emp_024682,2021-10-31,referral
emp_024683,2024-08-31,referral
emp_024684,2022-06-01,linkedin
emp_024685,2024-12-31,recruiter
emp_024686,2025-10-01,linkedin
emp_024687,2024-10-31,recruiter
emp_024688,2025-01-30,recruiter
emp_024689,2025-05-01,university
emp_024690,2024-05-31,company_site
emp_024691,2022-07-01,recruiter
emp_024692,2025-06-01,company_site
emp_024693,2025-05-01,recruiter
emp_024694,2024-12-31,recruiter
emp_024695,2019-04-01,company_site
emp_024696,2025-08-01,recruiter
emp_024697,2024-03-01,recruiter
emp_024698,2025-05-01,referral
emp_024699,2024-07-31,referral
emp_024700,2024-05-01,referral
emp_024701,2024-01-31,conference
emp_024702,2016-11-30,linkedin
emp_024703,2025-08-01,referral
emp_024704,2025-10-01,referral
emp_024705,2023-04-01,recruiter
emp_024706,2023-01-30,boomerang
emp_024707,2025-01-30,recruiter
emp_024708,2025-01-30,university
emp_024709,2023-01-30,company_site
emp_024710,2025-11-30,conference
emp_024711,2025-06-01,recruiter
emp_024712,2020-08-31,linkedin
emp_024713,2023-10-01,linkedin
emp_024714,2024-05-01,company_site
emp_024715,2025-12-31,referral
emp_024716,2022-08-31,conference
emp_024717,2023-09-01,conference
emp_024718,2024-10-31,referral
emp_024719,2022-12-31,recruiter
emp_024720,2023-09-01,boomerang
emp_024721,2025-08-01,linkedin
emp_024722,2023-05-02,referral
emp_024723,2022-04-01,linkedin
emp_024724,2025-10-01,referral
emp_024725,2024-07-01,recruiter
emp_024726,2021-11-30,recruiter
emp_024727,2023-06-01,referral
emp_024728,2023-12-31,company_site
emp_024729,2025-01-30,referral
emp_024730,2025-03-01,recruiter
emp_024731,2023-05-02,recruiter
emp_024732,2022-01-30,recruiter
emp_024733,2022-04-01,company_site
emp_024734,2024-04-01,referral
emp_024735,2025-04-01,linkedin
emp_024736,2019-07-02,boomerang
emp_024737,2021-06-01,company_site
emp_024738,2023-08-01,linkedin
emp_024739,2024-04-01,university
emp_024740,2024-01-31,linkedin
emp_024741,2023-09-01,company_site
emp_024742,2024-08-31,linkedin
emp_024743,2022-08-31,recruiter
emp_024744,2025-07-01,linkedin
emp_024745,2025-03-01,university
emp_024746,2025-01-30,referral
emp_024747,2024-04-01,company_site
emp_024748,2024-04-01,recruiter
emp_024749,2025-06-01,referral
emp_024750,2023-08-01,referral
emp_024751,2022-04-01,university
emp_024752,2018-06-01,referral
emp_024753,2024-12-31,referral
emp_024754,2021-04-01,university
emp_024755,2024-07-31,recruiter
emp_024756,2025-08-01,referral
emp_024757,2023-10-31,recruiter
emp_024758,2024-07-31,referral
emp_024759,2025-07-01,company_site
emp_024760,2022-08-01,referral
emp_024761,2024-07-31,company_site
emp_024762,2024-03-01,company_site
emp_024763,2025-06-01,referral
emp_024764,2023-08-01,linkedin
emp_024765,2025-05-01,university
emp_024766,2022-04-01,company_site
emp_024767,2021-10-31,recruiter
emp_024768,2024-04-01,boomerang
emp_024769,2025-06-01,recruiter
emp_024770,2024-04-01,recruiter
emp_024771,2023-12-31,recruiter
emp_024772,2024-07-01,company_site
emp_024773,2024-12-31,linkedin
emp_024774,2024-07-01,referral
emp_024775,2021-01-30,university
emp_024776,2024-09-30,linkedin
emp_024777,2021-10-31,recruiter
emp_024778,2020-11-30,referral
emp_024779,2023-05-02,boomerang
emp_024780,2021-10-31,university
emp_024781,2023-10-31,linkedin
emp_024782,2023-06-01,conference
emp_024783,2023-07-02,referral
emp_024784,2025-11-30,linkedin
emp_024785,2025-08-31,recruiter
emp_024786,2023-10-01,referral
emp_024787,2022-12-31,recruiter
emp_024788,2025-06-01,referral
emp_024789,2024-07-31,recruiter
emp_024790,2023-06-01,company_site
emp_024791,2023-12-01,recruiter
emp_024792,2025-08-01,recruiter
emp_024793,2023-09-01,company_site
emp_024794,2021-12-31,university
emp_024795,2025-07-01,referral
emp_024796,2022-12-01,referral
emp_024797,2024-04-01,recruiter
emp_024798,2022-05-01,referral
emp_024799,2025-03-01,recruiter
emp_024800,2021-06-01,recruiter
emp_024801,2024-04-01,linkedin
emp_024802,2023-01-30,referral
emp_024803,2018-08-01,referral
emp_024804,2025-10-31,referral
emp_024805,2024-07-01,company_site
emp_024806,2025-01-30,linkedin
emp_024807,2018-07-01,boomerang
emp_024808,2023-03-02,recruiter
emp_024809,2022-06-01,recruiter
emp_024810,2024-07-31,linkedin
emp_024811,2025-06-01,linkedin
emp_024812,2024-05-01,boomerang
emp_024813,2024-12-31,linkedin
emp_024814,2025-04-01,referral
emp_024815,2021-01-30,conference
emp_024816,2021-11-30,referral
emp_024817,2023-12-01,conference
emp_024818,2025-06-01,referral
emp_024819,2024-03-01,boomerang
emp_024820,2024-11-30,company_site
emp_024821,2024-10-31,boomerang
emp_024822,2020-05-31,recruiter
emp_024823,2023-10-01,linkedin
emp_024824,2022-01-30,referral
emp_024825,2019-08-31,referral
emp_024826,2025-12-31,linkedin
emp_024827,2022-01-30,recruiter
emp_024828,2025-06-01,recruiter
emp_024829,2024-03-01,boomerang
emp_024830,2026-05-02,boomerang
emp_024831,2022-10-31,recruiter
emp_024832,2025-10-01,linkedin
emp_024833,2025-10-01,recruiter
emp_024834,2023-06-01,referral
emp_024835,2024-05-01,recruiter
emp_024836,2023-12-01,linkedin
emp_024837,2023-10-31,referral
emp_024838,2026-01-30,recruiter
emp_024839,2023-07-02,linkedin
emp_024840,2015-05-02,linkedin
emp_024841,2024-03-01,linkedin
emp_024842,2024-07-31,recruiter
emp_024843,2019-10-01,referral
emp_024844,2020-10-31,linkedin
emp_024845,2025-04-01,referral
emp_024846,2023-05-02,university
emp_024847,2021-03-01,linkedin
emp_024848,2019-08-01,referral
emp_024849,2023-04-01,referral
emp_024850,2025-05-01,recruiter
emp_024851,2023-01-30,recruiter
emp_024852,2019-01-30,university
emp_024853,2025-05-01,referral
emp_024854,2023-12-31,company_site
emp_024855,2026-07-01,boomerang
emp_024856,2026-03-02,referral
emp_024857,2025-05-01,linkedin
emp_024858,2022-03-02,referral
emp_024859,2025-08-01,university
emp_024860,2022-10-01,referral
emp_024861,2023-12-31,recruiter
emp_024862,2024-05-31,company_site
emp_024863,2024-05-31,company_site
emp_024864,2021-08-01,referral
emp_024865,2021-07-01,university
emp_024866,2025-06-01,recruiter
emp_024867,2024-07-01,company_site
emp_024868,2026-03-02,referral
emp_024869,2023-12-31,recruiter
emp_024870,2020-01-31,company_site
emp_024871,2024-10-31,company_site
emp_024872,2022-06-01,conference
emp_024873,2022-08-31,recruiter
emp_024874,2023-10-01,referral
emp_024875,2024-10-31,university
emp_024876,2023-10-01,recruiter
emp_024877,2024-01-31,linkedin
emp_024878,2024-05-01,conference
emp_024879,2025-10-31,university
emp_024880,2023-10-01,linkedin
emp_024881,2024-05-31,referral
emp_024882,2024-12-31,university
emp_024883,2024-11-30,linkedin
emp_024884,2025-01-30,university
emp_024885,2024-05-31,referral
emp_024886,2026-07-01,linkedin
emp_024887,2025-03-01,referral
emp_024888,2024-09-30,university
emp_024889,2024-04-01,linkedin
emp_024890,2024-01-31,recruiter
emp_024891,2024-12-31,referral
emp_024892,2024-10-31,linkedin
emp_024893,2020-01-31,referral
emp_024894,2021-10-31,company_site
emp_024895,2021-08-01,conference
emp_024896,2024-07-01,company_site
emp_024897,2025-10-01,referral
emp_024898,2024-05-01,linkedin
emp_024899,2024-05-31,company_site
emp_024900,2019-12-31,company_site
emp_024901,2024-11-30,referral
emp_024902,2023-08-01,university
emp_024903,2025-10-01,linkedin
emp_024904,2020-10-31,recruiter
emp_024905,2025-03-01,recruiter
emp_024906,2023-09-01,linkedin
emp_024907,2020-05-01,referral
emp_024908,2025-03-01,recruiter
emp_024909,2020-07-31,referral
emp_024910,2024-07-01,recruiter
emp_024911,2024-09-30,referral
emp_024912,2026-04-01,referral
emp_024913,2020-09-30,company_site
emp_024914,2014-09-30,linkedin
emp_024915,2024-09-30,recruiter
emp_024916,2022-08-01,recruiter
emp_024917,2019-08-31,university
emp_024918,2023-09-01,referral
emp_024919,2019-01-30,university
emp_024920,2021-12-31,linkedin
emp_024921,2025-12-31,referral
emp_024922,2025-10-01,linkedin
emp_024923,2019-12-01,recruiter
emp_024924,2024-12-31,university
emp_024925,2024-04-01,linkedin
emp_024926,2021-07-01,referral
emp_024927,2025-03-01,recruiter
emp_024928,2025-08-01,referral
emp_024929,2023-10-01,company_site
emp_024930,2024-10-31,recruiter
emp_024931,2024-08-31,referral
emp_024932,2025-01-30,recruiter
emp_024933,2026-05-02,linkedin
emp_024934,2022-06-01,boomerang
emp_024935,2024-08-31,company_site
emp_024936,2025-08-31,recruiter
emp_024937,2020-08-31,university
emp_024938,2026-07-01,university
emp_024939,2024-07-31,recruiter
emp_024940,2024-08-31,linkedin
emp_024941,2023-09-01,referral
emp_024942,2023-04-01,linkedin
emp_024943,2023-12-01,referral
emp_024944,2025-03-01,recruiter
emp_024945,2023-08-01,referral
emp_024946,2023-10-31,linkedin
emp_024947,2025-05-01,boomerang
emp_024948,2025-12-31,referral
emp_024949,2022-10-31,linkedin
emp_024950,2024-07-01,company_site
emp_024951,2025-05-01,referral
emp_024952,2021-11-30,company_site
emp_024953,2023-03-02,linkedin
emp_024954,2025-04-01,linkedin
emp_024955,2022-10-01,linkedin
emp_024956,2022-12-01,linkedin
emp_024957,2025-03-01,company_site
emp_024958,2023-03-02,recruiter
emp_024959,2022-08-01,university
emp_024960,2025-10-01,company_site
emp_024961,2026-06-01,referral
emp_024962,2025-03-01,referral
emp_024963,2023-05-02,referral
emp_024964,2022-05-01,linkedin
emp_024965,2023-06-01,linkedin
emp_024966,2024-07-31,company_site
emp_024967,2024-05-31,company_site
emp_024968,2024-07-01,linkedin
emp_024969,2025-03-01,referral
emp_024970,2024-03-01,company_site
emp_024971,2018-06-01,referral
emp_024972,2022-01-30,company_site
emp_024973,2023-10-31,linkedin
emp_024974,2025-01-30,university
emp_024975,2023-12-01,referral
emp_024976,2024-08-31,referral
emp_024977,2023-05-02,company_site
emp_024978,2019-12-31,company_site
emp_024979,2022-01-30,linkedin
emp_024980,2022-10-31,linkedin
emp_024981,2017-05-01,referral
emp_024982,2025-08-31,company_site
emp_024983,2025-03-01,recruiter
emp_024984,2026-03-02,recruiter
emp_024985,2023-09-01,linkedin
emp_024986,2024-05-31,linkedin
emp_024987,2025-11-30,company_site
emp_024988,2025-05-01,referral
emp_024989,2024-12-31,referral
emp_024990,2022-06-01,linkedin
emp_024991,2023-10-01,referral
emp_024992,2026-04-01,recruiter
emp_024993,2024-07-01,recruiter
emp_024994,2023-08-01,linkedin
emp_024995,2023-08-01,referral
emp_024996,2023-09-01,recruiter
emp_024997,2025-01-30,referral
emp_024998,2025-08-01,conference
emp_024999,2019-07-02,recruiter
