report_employee_id,manager_employee_id
emp_000000,emp_000002
emp_000001,emp_000002
emp_000002,emp_005053
emp_000003,emp_000002
emp_000004,emp_000002
emp_000005,emp_000002
emp_000006,emp_000002
emp_000007,emp_000002
emp_000008,emp_005053
emp_000009,emp_000008
emp_000010,emp_000008
emp_000011,emp_000008
emp_000012,emp_000008
emp_000013,emp_000018
emp_000014,emp_000018
emp_000015,emp_000018
emp_000016,emp_000018
emp_000017,emp_000018
emp_000018,emp_005053
emp_000019,emp_000021
emp_000020,emp_000021
emp_000021,emp_005053
emp_000022,emp_000021
emp_000023,emp_000021
emp_000024,emp_000021
emp_000025,emp_000021
emp_000026,emp_000021
emp_000027,emp_005053
emp_000028,emp_000027
emp_000029,emp_000027
emp_000030,emp_000033
emp_000031,emp_000033
emp_000032,emp_000033
emp_000033,emp_005053
emp_000034,emp_000033
emp_000035,emp_000033
emp_000036,emp_000033
emp_000037,emp_000033
emp_000038,emp_000042
emp_000039,emp_000042
emp_000040,emp_000042
emp_000041,emp_000042
emp_000042,emp_005053
emp_000043,emp_000045
emp_000044,emp_000045
emp_000045,emp_005053
emp_000046,emp_000045
emp_000047,emp_000045
emp_000048,emp_000045
emp_000049,emp_000051
emp_000050,emp_000051
emp_000051,emp_005053
emp_000052,emp_000051
emp_000053,emp_000051
emp_000054,emp_000051
emp_000055,emp_000051
emp_000056,emp_000051
emp_000057,emp_000051
emp_000058,emp_000062
emp_000059,emp_000062
emp_000060,emp_000062
emp_000061,emp_000062
emp_000062,emp_005053
emp_000063,emp_000062
emp_000064,emp_000067
emp_000065,emp_000067
emp_000066,emp_000067
emp_000067,emp_005053
emp_000068,emp_000067
emp_000069,emp_000067
emp_000070,emp_000072
emp_000071,emp_000072
emp_000072,emp_005053
emp_000073,emp_000072
emp_000074,emp_000072
emp_000075,emp_000072
emp_000076,emp_000072
emp_000077,emp_000081
emp_000078,emp_000081
emp_000079,emp_000081
emp_000080,emp_000081
emp_000081,emp_005053
emp_000082,emp_000081
emp_000083,emp_000085
emp_000084,emp_000085
emp_000085,emp_005053
emp_000086,emp_000085
emp_000087,emp_000085
emp_000088,emp_000094
emp_000089,emp_000094
emp_000090,emp_000094
emp_000091,emp_000094
emp_000092,emp_000094
emp_000093,emp_000094
emp_000094,emp_005053
emp_000095,emp_000097
emp_000096,emp_000097
emp_000097,emp_005053
emp_000098,emp_000097
emp_000099,emp_000097
emp_000100,emp_000097
emp_000101,emp_000097
emp_000102,emp_000097
emp_000103,emp_000097
emp_000104,emp_000097
emp_000105,emp_000097
emp_000106,emp_000112
emp_000107,emp_000112
emp_000108,emp_000112
emp_000109,emp_000112
emp_000110,emp_000112
emp_000111,emp_000112
emp_000112,emp_005053
emp_000113,emp_000112
emp_000114,emp_000119
emp_000115,emp_000119
emp_000116,emp_000119
emp_000117,emp_000119
emp_000118,emp_000119
emp_000119,emp_005053
emp_000120,emp_000119
emp_000121,emp_000125
emp_000122,emp_000125
emp_000123,emp_000125
emp_000124,emp_000125
emp_000125,emp_005053
emp_000126,emp_000125
emp_000127,emp_000125
emp_000128,emp_000134
emp_000129,emp_000134
emp_000130,emp_000134
emp_000131,emp_000134
emp_000132,emp_000134
emp_000133,emp_000134
emp_000134,emp_005053
emp_000135,emp_000134
emp_000136,emp_000142
emp_000137,emp_000142
emp_000138,emp_000142
emp_000139,emp_000142
emp_000140,emp_000142
emp_000141,emp_000142
emp_000142,emp_005053
emp_000143,emp_000142
emp_000144,emp_000147
emp_000145,emp_000147
emp_000146,emp_000147
emp_000147,emp_005053
emp_000148,emp_000147
emp_000149,emp_000150
emp_000150,emp_005053
emp_000151,emp_000150
emp_000152,emp_000150
emp_000153,emp_000150
emp_000154,emp_000150
emp_000155,emp_000150
emp_000156,emp_000150
emp_000157,emp_000163
emp_000158,emp_000163
emp_000159,emp_000163
emp_000160,emp_000163
emp_000161,emp_000163
emp_000162,emp_000163
emp_000163,emp_005053
emp_000164,emp_000166
emp_000165,emp_000166
emp_000166,emp_005053
emp_000167,emp_000166
emp_000168,emp_000166
emp_000169,emp_000166
emp_000170,emp_000166
emp_000171,emp_000166
emp_000172,emp_000166
emp_000173,emp_000166
emp_000174,emp_005053
emp_000175,emp_000174
emp_000176,emp_000174
emp_000177,emp_000174
emp_000178,emp_000174
emp_000179,emp_000174
emp_000180,emp_000186
emp_000181,emp_000186
emp_000182,emp_000186
emp_000183,emp_000186
emp_000184,emp_000186
emp_000185,emp_000186
emp_000186,emp_005053
emp_000187,emp_000186
emp_000188,emp_000186
emp_000189,emp_005053
emp_000190,emp_000189
emp_000191,emp_000189
emp_000192,emp_000189
emp_000193,emp_000194
emp_000194,emp_005053
emp_000195,emp_000194
emp_000196,emp_000194
emp_000197,emp_000194
emp_000198,emp_000194
emp_000199,emp_000194
emp_000200,emp_000202
emp_000201,emp_000202
emp_000202,emp_005053
emp_000203,emp_000202
emp_000204,emp_000202
emp_000205,emp_000206
emp_000206,emp_005053
emp_000207,emp_000206
emp_000208,emp_000206
emp_000209,emp_000206
emp_000210,emp_000215
emp_000211,emp_000215
emp_000212,emp_000215
emp_000213,emp_000215
emp_000214,emp_000215
emp_000215,emp_005053
emp_000216,emp_000215
emp_000217,emp_000215
emp_000218,emp_000219
emp_000219,emp_005053
emp_000220,emp_000219
emp_000221,emp_000219
emp_000222,emp_000219
emp_000223,emp_000227
emp_000224,emp_000227
emp_000225,emp_000227
emp_000226,emp_000227
emp_000227,emp_005053
emp_000228,emp_000227
emp_000229,emp_005053
emp_000230,emp_000229
emp_000231,emp_000229
emp_000232,emp_000229
emp_000233,emp_000229
emp_000234,emp_000240
emp_000235,emp_000240
emp_000236,emp_000240
emp_000237,emp_000240
emp_000238,emp_000240
emp_000239,emp_000240
emp_000240,emp_005053
emp_000241,emp_000244
emp_000242,emp_000244
emp_000243,emp_000244
emp_000244,emp_005053
emp_000245,emp_000244
emp_000246,emp_000244
emp_000247,emp_000244
emp_000248,emp_005053
emp_000249,emp_000248
emp_000250,emp_005053
emp_000251,emp_000250
emp_000252,emp_000250
emp_000253,emp_000250
emp_000254,emp_000250
emp_000255,emp_000250
emp_000256,emp_000250
emp_000257,emp_000250
emp_000258,emp_000261
emp_000259,emp_000261
emp_000260,emp_000261
emp_000261,emp_005053
emp_000262,emp_000261
emp_000263,emp_005053
emp_000264,emp_000263
emp_000265,emp_000263
emp_000266,emp_000263
emp_000267,emp_000263
emp_000268,emp_000263
emp_000269,emp_000263
emp_000270,emp_000263
emp_000271,emp_000263
emp_000272,emp_000263
emp_000273,emp_000263
emp_000274,emp_005053
emp_000275,emp_000274
emp_000276,emp_000274
emp_000277,emp_000274
emp_000278,emp_000274
emp_000279,emp_000274
emp_000280,emp_000274
emp_000281,emp_000274
emp_000282,emp_000289
emp_000283,emp_000289
emp_000284,emp_000289
emp_000285,emp_000289
emp_000286,emp_000289
emp_000287,emp_000289
emp_000288,emp_000289
emp_000289,emp_005053
emp_000290,emp_005053
emp_000291,emp_000290
emp_000292,emp_005053
emp_000293,emp_000292
emp_000294,emp_000292
emp_000295,emp_000292
emp_000296,emp_000292
emp_000297,emp_000292
emp_000298,emp_000292
emp_000299,emp_000292
emp_000300,emp_000292
emp_000301,emp_000292
emp_000302,emp_000308
emp_000303,emp_000308
emp_000304,emp_000308
emp_000305,emp_000308
emp_000306,emp_000308
emp_000307,emp_000308
emp_000308,emp_005053
emp_000309,emp_000310
emp_000310,emp_005053
emp_000311,emp_000310
emp_000312,emp_000310
emp_000313,emp_005053
emp_000314,emp_000313
emp_000315,emp_000313
emp_000316,emp_000313
emp_000317,emp_000313
emp_000318,emp_000313
emp_000319,emp_000313
emp_000320,emp_000328
emp_000321,emp_000328
emp_000322,emp_000328
emp_000323,emp_000328
emp_000324,emp_000328
emp_000325,emp_000328
emp_000326,emp_000328
emp_000327,emp_000328
emp_000328,emp_005053
emp_000329,emp_000330
emp_000330,emp_005053
emp_000331,emp_000330
emp_000332,emp_000338
emp_000333,emp_000338
emp_000334,emp_000338
emp_000335,emp_000338
emp_000336,emp_000338
emp_000337,emp_000338
emp_000338,emp_005053
emp_000339,emp_000338
emp_000340,emp_000338
emp_000341,emp_000346
emp_000342,emp_000346
emp_000343,emp_000346
emp_000344,emp_000346
emp_000345,emp_000346
emp_000346,emp_005053
emp_000347,emp_005053
emp_000348,emp_000347
emp_000349,emp_000347
emp_000350,emp_000347
emp_000351,emp_000347
emp_000352,emp_000357
emp_000353,emp_000357
emp_000354,emp_000357
emp_000355,emp_000357
emp_000356,emp_000357
emp_000357,emp_005053
emp_000358,emp_000361
emp_000359,emp_000361
emp_000360,emp_000361
emp_000361,emp_005053
emp_000362,emp_000361
emp_000363,emp_000369
emp_000364,emp_000369
emp_000365,emp_000369
emp_000366,emp_000369
emp_000367,emp_000369
emp_000368,emp_000369
emp_000369,emp_005053
emp_000370,emp_000375
emp_000371,emp_000375
emp_000372,emp_000375
emp_000373,emp_000375
emp_000374,emp_000375
emp_000375,emp_005053
emp_000376,emp_000375
emp_000377,emp_005053
emp_000378,emp_000377
emp_000379,emp_000377
emp_000380,emp_000377
emp_000381,emp_000377
emp_000382,emp_000377
emp_000383,emp_000377
emp_000384,emp_000377
emp_000385,emp_000377
emp_000386,emp_005053
emp_000387,emp_000386
emp_000388,emp_000386
emp_000389,emp_000386
emp_000390,emp_000386
emp_000391,emp_000386
emp_000392,emp_000386
emp_000393,emp_000386
emp_000394,emp_000386
emp_000395,emp_000398
emp_000396,emp_000398
emp_000397,emp_000398
emp_000398,emp_005053
emp_000399,emp_000398
emp_000400,emp_000398
emp_000401,emp_000402
emp_000402,emp_005053
emp_000403,emp_000402
emp_000404,emp_000402
emp_000405,emp_000402
emp_000406,emp_000402
emp_000407,emp_000402
emp_000408,emp_000402
emp_000409,emp_000402
emp_000410,emp_000411
emp_000411,emp_005053
emp_000412,emp_000411
emp_000413,emp_000411
emp_000414,emp_000419
emp_000415,emp_000419
emp_000416,emp_000419
emp_000417,emp_000419
emp_000418,emp_000419
emp_000419,emp_005053
emp_000420,emp_000419
emp_000421,emp_000419
emp_000422,emp_000425
emp_000423,emp_000425
emp_000424,emp_000425
emp_000425,emp_005053
emp_000426,emp_000428
emp_000427,emp_000428
emp_000428,emp_005053
emp_000429,emp_000428
emp_000430,emp_000428
emp_000431,emp_005053
emp_000432,emp_000431
emp_000433,emp_000431
emp_000434,emp_000431
emp_000435,emp_000431
emp_000436,emp_000431
emp_000437,emp_000431
emp_000438,emp_000431
emp_000439,emp_000440
emp_000440,emp_005053
emp_000441,emp_000440
emp_000442,emp_000440
emp_000443,emp_000440
emp_000444,emp_005053
emp_000445,emp_000444
emp_000446,emp_000444
emp_000447,emp_000444
emp_000448,emp_000444
emp_000449,emp_000444
emp_000450,emp_000444
emp_000451,emp_000453
emp_000452,emp_000453
emp_000453,emp_005053
emp_000454,emp_000453
emp_000455,emp_000456
emp_000456,emp_005053
emp_000457,emp_000456
emp_000458,emp_000456
emp_000459,emp_000456
emp_000460,emp_000462
emp_000461,emp_000462
emp_000462,emp_005053
emp_000463,emp_000462
emp_000464,emp_000462
emp_000465,emp_000462
emp_000466,emp_000462
emp_000467,emp_000462
emp_000468,emp_000470
emp_000469,emp_000470
emp_000470,emp_005053
emp_000471,emp_000470
emp_000472,emp_000470
emp_000473,emp_000470
emp_000474,emp_000470
emp_000475,emp_000470
emp_000476,emp_000470
emp_000477,emp_000479
emp_000478,emp_000479
emp_000479,emp_005053
emp_000480,emp_000479
emp_000481,emp_005053
emp_000482,emp_000481
emp_000483,emp_000481
emp_000484,emp_000481
emp_000485,emp_000481
emp_000486,emp_000481
emp_000487,emp_000481
emp_000488,emp_000481
emp_000489,emp_000481
emp_000490,emp_000481
emp_000491,emp_005053
emp_000492,emp_000491
emp_000493,emp_000491
emp_000494,emp_000491
emp_000495,emp_000491
emp_000496,emp_000491
emp_000497,emp_000491
emp_000498,emp_000504
emp_000499,emp_000504
emp_000500,emp_000504
emp_000501,emp_000504
emp_000502,emp_000504
emp_000503,emp_000504
emp_000504,emp_005053
emp_000505,emp_000504
emp_000506,emp_000504
emp_000507,emp_000504
emp_000508,emp_000504
emp_000509,emp_000511
emp_000510,emp_000511
emp_000511,emp_005053
emp_000512,emp_000511
emp_000513,emp_000511
emp_000514,emp_000511
emp_000515,emp_000517
emp_000516,emp_000517
emp_000517,emp_005053
emp_000518,emp_000517
emp_000519,emp_000517
emp_000520,emp_000517
emp_000521,emp_000527
emp_000522,emp_000527
emp_000523,emp_000527
emp_000524,emp_000527
emp_000525,emp_000527
emp_000526,emp_000527
emp_000527,emp_005053
emp_000528,emp_000531
emp_000529,emp_000531
emp_000530,emp_000531
emp_000531,emp_005053
emp_000532,emp_000534
emp_000533,emp_000534
emp_000534,emp_005053
emp_000535,emp_000534
emp_000536,emp_000534
emp_000537,emp_000534
emp_000538,emp_000534
emp_000539,emp_000540
emp_000540,emp_005053
emp_000541,emp_000540
emp_000542,emp_000540
emp_000543,emp_000540
emp_000544,emp_000540
emp_000545,emp_005053
emp_000546,emp_000545
emp_000547,emp_000545
emp_000548,emp_000545
emp_000549,emp_000545
emp_000550,emp_000545
emp_000551,emp_000545
emp_000552,emp_000545
emp_000553,emp_000545
emp_000554,emp_005053
emp_000555,emp_000554
emp_000556,emp_000554
emp_000557,emp_000554
emp_000558,emp_000554
emp_000559,emp_000554
emp_000560,emp_000554
emp_000561,emp_000563
emp_000562,emp_000563
emp_000563,emp_005053
emp_000564,emp_000563
emp_000565,emp_000567
emp_000566,emp_000567
emp_000567,emp_005053
emp_000568,emp_000567
emp_000569,emp_000571
emp_000570,emp_000571
emp_000571,emp_005053
emp_000572,emp_000571
emp_000573,emp_000571
emp_000574,emp_000576
emp_000575,emp_000576
emp_000576,emp_005053
emp_000577,emp_005053
emp_000578,emp_000577
emp_000579,emp_005053
emp_000580,emp_000579
emp_000581,emp_000579
emp_000582,emp_000579
emp_000583,emp_000579
emp_000584,emp_000579
emp_000585,emp_000579
emp_000586,emp_000579
emp_000587,emp_000579
emp_000588,emp_000579
emp_000589,emp_000579
emp_000590,emp_005053
emp_000591,emp_000590
emp_000592,emp_000590
emp_000593,emp_000590
emp_000594,emp_000590
emp_000595,emp_000598
emp_000596,emp_000598
emp_000597,emp_000598
emp_000598,emp_005053
emp_000599,emp_000598
emp_000600,emp_000598
emp_000601,emp_000598
emp_000602,emp_000598
emp_000603,emp_000598
emp_000604,emp_000607
emp_000605,emp_000607
emp_000606,emp_000607
emp_000607,emp_005053
emp_000608,emp_000607
emp_000609,emp_000614
emp_000610,emp_000614
emp_000611,emp_000614
emp_000612,emp_000614
emp_000613,emp_000614
emp_000614,emp_005053
emp_000615,emp_000617
emp_000616,emp_000617
emp_000617,emp_005053
emp_000618,emp_000620
emp_000619,emp_000620
emp_000620,emp_005053
emp_000621,emp_000620
emp_000622,emp_000620
emp_000623,emp_000620
emp_000624,emp_000620
emp_000625,emp_000620
emp_000626,emp_000620
emp_000627,emp_000628
emp_000628,emp_005053
emp_000629,emp_000628
emp_000630,emp_000628
emp_000631,emp_000628
emp_000632,emp_000628
emp_000633,emp_000638
emp_000634,emp_000638
emp_000635,emp_000638
emp_000636,emp_000638
emp_000637,emp_000638
emp_000638,emp_005053
emp_000639,emp_000638
emp_000640,emp_000638
emp_000641,emp_000638
emp_000642,emp_000638
emp_000643,emp_000644
emp_000644,emp_005053
emp_000645,emp_000644
emp_000646,emp_000644
emp_000647,emp_000644
emp_000648,emp_000650
emp_000649,emp_000650
emp_000650,emp_005053
emp_000651,emp_000650
emp_000652,emp_000650
emp_000653,emp_000650
emp_000654,emp_000650
emp_000655,emp_000650
emp_000656,emp_000650
emp_000657,emp_005053
emp_000658,emp_000657
emp_000659,emp_000657
emp_000660,emp_000657
emp_000661,emp_000657
emp_000662,emp_000657
emp_000663,emp_000657
emp_000664,emp_000657
emp_000665,emp_000657
emp_000666,emp_005053
emp_000667,emp_000666
emp_000668,emp_000666
emp_000669,emp_000666
emp_000670,emp_005053
emp_000671,emp_000670
emp_000672,emp_000670
emp_000673,emp_000670
emp_000674,emp_000670
emp_000675,emp_000670
emp_000676,emp_000670
emp_000677,emp_000678
emp_000678,emp_005053
emp_000679,emp_000678
emp_000680,emp_000678
emp_000681,emp_000682
emp_000682,emp_005053
emp_000683,emp_000682
emp_000684,emp_000682
emp_000685,emp_000688
emp_000686,emp_000688
emp_000687,emp_000688
emp_000688,emp_005053
emp_000689,emp_000688
emp_000690,emp_000688
emp_000691,emp_000688
emp_000692,emp_000697
emp_000693,emp_000697
emp_000694,emp_000697
emp_000695,emp_000697
emp_000696,emp_000697
emp_000697,emp_005053
emp_000698,emp_000697
emp_000699,emp_000697
emp_000700,emp_000703
emp_000701,emp_000703
emp_000702,emp_000703
emp_000703,emp_005053
emp_000704,emp_000703
emp_000705,emp_000703
emp_000706,emp_000703
emp_000707,emp_000703
emp_000708,emp_000703
emp_000709,emp_005053
emp_000710,emp_000709
emp_000711,emp_000709
emp_000712,emp_000709
emp_000713,emp_000709
emp_000714,emp_000709
emp_000715,emp_000720
emp_000716,emp_000720
emp_000717,emp_000720
emp_000718,emp_000720
emp_000719,emp_000720
emp_000720,emp_005053
emp_000721,emp_000720
emp_000722,emp_000720
emp_000723,emp_000725
emp_000724,emp_000725
emp_000725,emp_005053
emp_000726,emp_000725
emp_000727,emp_000725
emp_000728,emp_000725
emp_000729,emp_000725
emp_000730,emp_000725
emp_000731,emp_000736
emp_000732,emp_000736
emp_000733,emp_000736
emp_000734,emp_000736
emp_000735,emp_000736
emp_000736,emp_005053
emp_000737,emp_005053
emp_000738,emp_000737
emp_000739,emp_000737
emp_000740,emp_000737
emp_000741,emp_000737
emp_000742,emp_000745
emp_000743,emp_000745
emp_000744,emp_000745
emp_000745,emp_005053
emp_000746,emp_000745
emp_000747,emp_000745
emp_000748,emp_000745
emp_000749,emp_000759
emp_000750,emp_000759
emp_000751,emp_000759
emp_000752,emp_000759
emp_000753,emp_000759
emp_000754,emp_000759
emp_000755,emp_000759
emp_000756,emp_000759
emp_000757,emp_000759
emp_000758,emp_000759
emp_000759,emp_005053
emp_000760,emp_000759
emp_000761,emp_000759
emp_000762,emp_000763
emp_000763,emp_005053
emp_000764,emp_000763
emp_000765,emp_000763
emp_000766,emp_000763
emp_000767,emp_000769
emp_000768,emp_000769
emp_000769,emp_005053
emp_000770,emp_000769
emp_000771,emp_000769
emp_000772,emp_000769
emp_000773,emp_000776
emp_000774,emp_000776
emp_000775,emp_000776
emp_000776,emp_005053
emp_000777,emp_000776
emp_000778,emp_000779
emp_000779,emp_005053
emp_000780,emp_000779
emp_000781,emp_000779
emp_000782,emp_000779
emp_000783,emp_000779
emp_000784,emp_000779
emp_000785,emp_000779
emp_000786,emp_000779
emp_000787,emp_005053
emp_000788,emp_000787
emp_000789,emp_000787
emp_000790,emp_000787
emp_000791,emp_000787
emp_000792,emp_000787
emp_000793,emp_000787
emp_000794,emp_000787
emp_000795,emp_000787
emp_000796,emp_000787
emp_000797,emp_000804
emp_000798,emp_000804
emp_000799,emp_000804
emp_000800,emp_000804
emp_000801,emp_000804
emp_000802,emp_000804
emp_000803,emp_000804
emp_000804,emp_005053
emp_000805,emp_000804
emp_000806,emp_000811
emp_000807,emp_000811
emp_000808,emp_000811
emp_000809,emp_000811
emp_000810,emp_000811
emp_000811,emp_005053
emp_000812,emp_000811
emp_000813,emp_000811
emp_000814,emp_000811
emp_000815,emp_000811
emp_000816,emp_005053
emp_000817,emp_000816
emp_000818,emp_000816
emp_000819,emp_000816
emp_000820,emp_000816
emp_000821,emp_000816
emp_000822,emp_000830
emp_000823,emp_000830
emp_000824,emp_000830
emp_000825,emp_000830
emp_000826,emp_000830
emp_000827,emp_000830
emp_000828,emp_000830
emp_000829,emp_000830
emp_000830,emp_005053
emp_000831,emp_000830
emp_000832,emp_000834
emp_000833,emp_000834
emp_000834,emp_005053
emp_000835,emp_000834
emp_000836,emp_000834
emp_000837,emp_000838
emp_000838,emp_005053
emp_000839,emp_000838
emp_000840,emp_000838
emp_000841,emp_000838
emp_000842,emp_000838
emp_000843,emp_000838
emp_000844,emp_000838
emp_000845,emp_000838
emp_000846,emp_000838
emp_000847,emp_000852
emp_000848,emp_000852
emp_000849,emp_000852
emp_000850,emp_000852
emp_000851,emp_000852
emp_000852,emp_005053
emp_000853,emp_000852
emp_000854,emp_000852
emp_000855,emp_000852
emp_000856,emp_000859
emp_000857,emp_000859
emp_000858,emp_000859
emp_000859,emp_005053
emp_000860,emp_000859
emp_000861,emp_000863
emp_000862,emp_000863
emp_000863,emp_005053
emp_000864,emp_000863
emp_000865,emp_000863
emp_000866,emp_000863
emp_000867,emp_000863
emp_000868,emp_000863
emp_000869,emp_000870
emp_000870,emp_005053
emp_000871,emp_000870
emp_000872,emp_000870
emp_000873,emp_000874
emp_000874,emp_005053
emp_000875,emp_000874
emp_000876,emp_000874
emp_000877,emp_000878
emp_000878,emp_005053
emp_000879,emp_000878
emp_000880,emp_000878
emp_000881,emp_000884
emp_000882,emp_000884
emp_000883,emp_000884
emp_000884,emp_005053
emp_000885,emp_000886
emp_000886,emp_005053
emp_000887,emp_000886
emp_000888,emp_000886
emp_000889,emp_000892
emp_000890,emp_000892
emp_000891,emp_000892
emp_000892,emp_005053
emp_000893,emp_000892
emp_000894,emp_000892
emp_000895,emp_000903
emp_000896,emp_000903
emp_000897,emp_000903
emp_000898,emp_000903
emp_000899,emp_000903
emp_000900,emp_000903
emp_000901,emp_000903
emp_000902,emp_000903
emp_000903,emp_005053
emp_000904,emp_000903
emp_000905,emp_000908
emp_000906,emp_000908
emp_000907,emp_000908
emp_000908,emp_005053
emp_000909,emp_000908
emp_000910,emp_000908
emp_000911,emp_000913
emp_000912,emp_000913
emp_000913,emp_005053
emp_000914,emp_000913
emp_000915,emp_000913
emp_000916,emp_005053
emp_000917,emp_000916
emp_000918,emp_000916
emp_000919,emp_000916
emp_000920,emp_000916
emp_000921,emp_000916
emp_000922,emp_000916
emp_000923,emp_000916
emp_000924,emp_000925
emp_000925,emp_005053
emp_000926,emp_000925
emp_000927,emp_000925
emp_000928,emp_000925
emp_000929,emp_000925
emp_000930,emp_000931
emp_000931,emp_005053
emp_000932,emp_000931
emp_000933,emp_000931
emp_000934,emp_000931
emp_000935,emp_000931
emp_000936,emp_000931
emp_000937,emp_000942
emp_000938,emp_000942
emp_000939,emp_000942
emp_000940,emp_000942
emp_000941,emp_000942
emp_000942,emp_005053
emp_000943,emp_000942
emp_000944,emp_000946
emp_000945,emp_000946
emp_000946,emp_005053
emp_000947,emp_000946
emp_000948,emp_000946
emp_000949,emp_000946
emp_000950,emp_000946
emp_000951,emp_005053
emp_000952,emp_000951
emp_000953,emp_000951
emp_000954,emp_000951
emp_000955,emp_000951
emp_000956,emp_000960
emp_000957,emp_000960
emp_000958,emp_000960
emp_000959,emp_000960
emp_000960,emp_005053
emp_000961,emp_000960
emp_000962,emp_000963
emp_000963,emp_005053
emp_000964,emp_000963
emp_000965,emp_000963
emp_000966,emp_000963
emp_000967,emp_000963
emp_000968,emp_000963
emp_000969,emp_000963
emp_000970,emp_000972
emp_000971,emp_000972
emp_000972,emp_005053
emp_000973,emp_000972
emp_000974,emp_000972
emp_000975,emp_000972
emp_000976,emp_005053
emp_000977,emp_000976
emp_000978,emp_000976
emp_000979,emp_000976
emp_000980,emp_000976
emp_000981,emp_000976
emp_000982,emp_000986
emp_000983,emp_000986
emp_000984,emp_000986
emp_000985,emp_000986
emp_000986,emp_005053
emp_000987,emp_000986
emp_000988,emp_000986
emp_000989,emp_000993
emp_000990,emp_000993
emp_000991,emp_000993
emp_000992,emp_000993
emp_000993,emp_005053
emp_000994,emp_000993
emp_000995,emp_000993
emp_000996,emp_000997
emp_000997,emp_005053
emp_000998,emp_000997
emp_000999,emp_000997
emp_001000,emp_000997
emp_001001,emp_000997
emp_001002,emp_001003
emp_001003,emp_005053
emp_001004,emp_001003
emp_001005,emp_001003
emp_001006,emp_001003
emp_001007,emp_001003
emp_001008,emp_001003
emp_001009,emp_001003
emp_001010,emp_001011
emp_001011,emp_005053
emp_001012,emp_001011
emp_001013,emp_001011
emp_001014,emp_001011
emp_001015,emp_001011
emp_001016,emp_001017
emp_001017,emp_005053
emp_001018,emp_001017
emp_001019,emp_001017
emp_001020,emp_001022
emp_001021,emp_001022
emp_001022,emp_005053
emp_001023,emp_001022
emp_001024,emp_001022
emp_001025,emp_001022
emp_001026,emp_001022
emp_001027,emp_001022
emp_001028,emp_005053
emp_001029,emp_001028
emp_001030,emp_001028
emp_001031,emp_001028
emp_001032,emp_001028
emp_001033,emp_001036
emp_001034,emp_001036
emp_001035,emp_001036
emp_001036,emp_005053
emp_001037,emp_001036
emp_001038,emp_001036
emp_001039,emp_001036
emp_001040,emp_001036
emp_001041,emp_001036
emp_001042,emp_001036
emp_001043,emp_001036
emp_001044,emp_001036
emp_001045,emp_001036
emp_001046,emp_001049
emp_001047,emp_001049
emp_001048,emp_001049
emp_001049,emp_005053
emp_001050,emp_001049
emp_001051,emp_001049
emp_001052,emp_001049
emp_001053,emp_001054
emp_001054,emp_005053
emp_001055,emp_001054
emp_001056,emp_001054
emp_001057,emp_001054
emp_001058,emp_001054
emp_001059,emp_001066
emp_001060,emp_001066
emp_001061,emp_001066
emp_001062,emp_001066
emp_001063,emp_001066
emp_001064,emp_001066
emp_001065,emp_001066
emp_001066,emp_005053
emp_001067,emp_001068
emp_001068,emp_005053
emp_001069,emp_001068
emp_001070,emp_001068
emp_001071,emp_001068
emp_001072,emp_001068
emp_001073,emp_001068
emp_001074,emp_001068
emp_001075,emp_001068
emp_001076,emp_001079
emp_001077,emp_001079
emp_001078,emp_001079
emp_001079,emp_005053
emp_001080,emp_001079
emp_001081,emp_001079
emp_001082,emp_001079
emp_001083,emp_001079
emp_001084,emp_001079
emp_001085,emp_001088
emp_001086,emp_001088
emp_001087,emp_001088
emp_001088,emp_005053
emp_001089,emp_001088
emp_001090,emp_001088
emp_001091,emp_001088
emp_001092,emp_005053
emp_001093,emp_001092
emp_001094,emp_001092
emp_001095,emp_001092
emp_001096,emp_001092
emp_001097,emp_001092
emp_001098,emp_001092
emp_001099,emp_001092
emp_001100,emp_001092
emp_001101,emp_001104
emp_001102,emp_001104
emp_001103,emp_001104
emp_001104,emp_005053
emp_001105,emp_001104
emp_001106,emp_001104
emp_001107,emp_001104
emp_001108,emp_001104
emp_001109,emp_001114
emp_001110,emp_001114
emp_001111,emp_001114
emp_001112,emp_001114
emp_001113,emp_001114
emp_001114,emp_005053
emp_001115,emp_001114
emp_001116,emp_001118
emp_001117,emp_001118
emp_001118,emp_005053
emp_001119,emp_001124
emp_001120,emp_001124
emp_001121,emp_001124
emp_001122,emp_001124
emp_001123,emp_001124
emp_001124,emp_005053
emp_001125,emp_001124
emp_001126,emp_005053
emp_001127,emp_001126
emp_001128,emp_001130
emp_001129,emp_001130
emp_001130,emp_005053
emp_001131,emp_001130
emp_001132,emp_001130
emp_001133,emp_001134
emp_001134,emp_005053
emp_001135,emp_001134
emp_001136,emp_001134
emp_001137,emp_001134
emp_001138,emp_001134
emp_001139,emp_001134
emp_001140,emp_001134
emp_001141,emp_001134
emp_001142,emp_001146
emp_001143,emp_001146
emp_001144,emp_001146
emp_001145,emp_001146
emp_001146,emp_005053
emp_001147,emp_001146
emp_001148,emp_001146
emp_001149,emp_001153
emp_001150,emp_001153
emp_001151,emp_001153
emp_001152,emp_001153
emp_001153,emp_005053
emp_001154,emp_001153
emp_001155,emp_001159
emp_001156,emp_001159
emp_001157,emp_001159
emp_001158,emp_001159
emp_001159,emp_005053
emp_001160,emp_001161
emp_001161,emp_005053
emp_001162,emp_001161
emp_001163,emp_001161
emp_001164,emp_001161
emp_001165,emp_001167
emp_001166,emp_001167
emp_001167,emp_005053
emp_001168,emp_001167
emp_001169,emp_001167
emp_001170,emp_001173
emp_001171,emp_001173
emp_001172,emp_001173
emp_001173,emp_005053
emp_001174,emp_005053
emp_001175,emp_001174
emp_001176,emp_001183
emp_001177,emp_001183
emp_001178,emp_001183
emp_001179,emp_001183
emp_001180,emp_001183
emp_001181,emp_001183
emp_001182,emp_001183
emp_001183,emp_005053
emp_001184,emp_001183
emp_001185,emp_001193
emp_001186,emp_001193
emp_001187,emp_001193
emp_001188,emp_001193
emp_001189,emp_001193
emp_001190,emp_001193
emp_001191,emp_001193
emp_001192,emp_001193
emp_001193,emp_005053
emp_001194,emp_001193
emp_001195,emp_001199
emp_001196,emp_001199
emp_001197,emp_001199
emp_001198,emp_001199
emp_001199,emp_005053
emp_001200,emp_005053
emp_001201,emp_001200
emp_001202,emp_001200
emp_001203,emp_001200
emp_001204,emp_001200
emp_001205,emp_001200
emp_001206,emp_001200
emp_001207,emp_001200
emp_001208,emp_005053
emp_001209,emp_001208
emp_001210,emp_001208
emp_001211,emp_001208
emp_001212,emp_001214
emp_001213,emp_001214
emp_001214,emp_005053
emp_001215,emp_001214
emp_001216,emp_001214
emp_001217,emp_001214
emp_001218,emp_001214
emp_001219,emp_001221
emp_001220,emp_001221
emp_001221,emp_005053
emp_001222,emp_001221
emp_001223,emp_001225
emp_001224,emp_001225
emp_001225,emp_005053
emp_001226,emp_001225
emp_001227,emp_001225
emp_001228,emp_001225
emp_001229,emp_001225
emp_001230,emp_001225
emp_001231,emp_005053
emp_001232,emp_001231
emp_001233,emp_001231
emp_001234,emp_001231
emp_001235,emp_001231
emp_001236,emp_001231
emp_001237,emp_001231
emp_001238,emp_001239
emp_001239,emp_005053
emp_001240,emp_001239
emp_001241,emp_001239
emp_001242,emp_001244
emp_001243,emp_001244
emp_001244,emp_005053
emp_001245,emp_001244
emp_001246,emp_001244
emp_001247,emp_001244
emp_001248,emp_001244
emp_001249,emp_001244
emp_001250,emp_001256
emp_001251,emp_001256
emp_001252,emp_001256
emp_001253,emp_001256
emp_001254,emp_001256
emp_001255,emp_001256
emp_001256,emp_005053
emp_001257,emp_001256
emp_001258,emp_001256
emp_001259,emp_001256
emp_001260,emp_005053
emp_001261,emp_001260
emp_001262,emp_001260
emp_001263,emp_001260
emp_001264,emp_001260
emp_001265,emp_001260
emp_001266,emp_005053
emp_001267,emp_001266
emp_001268,emp_001266
emp_001269,emp_001266
emp_001270,emp_001266
emp_001271,emp_001266
emp_001272,emp_005053
emp_001273,emp_001272
emp_001274,emp_001272
emp_001275,emp_001272
emp_001276,emp_001272
emp_001277,emp_001272
emp_001278,emp_005053
emp_001279,emp_001278
emp_001280,emp_001278
emp_001281,emp_001278
emp_001282,emp_001278
emp_001283,emp_001278
emp_001284,emp_001278
emp_001285,emp_001293
emp_001286,emp_001293
emp_001287,emp_001293
emp_001288,emp_001293
emp_001289,emp_001293
emp_001290,emp_001293
emp_001291,emp_001293
emp_001292,emp_001293
emp_001293,emp_005053
emp_001294,emp_001299
emp_001295,emp_001299
emp_001296,emp_001299
emp_001297,emp_001299
emp_001298,emp_001299
emp_001299,emp_005053
emp_001300,emp_001299
emp_001301,emp_001299
emp_001302,emp_001299
emp_001303,emp_005053
emp_001304,emp_001303
emp_001305,emp_005053
emp_001306,emp_001305
emp_001307,emp_001305
emp_001308,emp_001305
emp_001309,emp_001305
emp_001310,emp_001305
emp_001311,emp_001305
emp_001312,emp_001305
emp_001313,emp_001305
emp_001314,emp_001316
emp_001315,emp_001316
emp_001316,emp_005053
emp_001317,emp_001316
emp_001318,emp_001316
emp_001319,emp_001316
emp_001320,emp_001322
emp_001321,emp_001322
emp_001322,emp_005053
emp_001323,emp_001322
emp_001324,emp_001322
emp_001325,emp_001322
emp_001326,emp_001322
emp_001327,emp_001322
emp_001328,emp_001322
emp_001329,emp_001322
emp_001330,emp_001336
emp_001331,emp_001336
emp_001332,emp_001336
emp_001333,emp_001336
emp_001334,emp_001336
emp_001335,emp_001336
emp_001336,emp_005053
emp_001337,emp_001342
emp_001338,emp_001342
emp_001339,emp_001342
emp_001340,emp_001342
emp_001341,emp_001342
emp_001342,emp_005053
emp_001343,emp_001342
emp_001344,emp_001342
emp_001345,emp_001346
emp_001346,emp_005053
emp_001347,emp_001346
emp_001348,emp_001346
emp_001349,emp_001346
emp_001350,emp_001353
emp_001351,emp_001353
emp_001352,emp_001353
emp_001353,emp_005053
emp_001354,emp_001357
emp_001355,emp_001357
emp_001356,emp_001357
emp_001357,emp_005053
emp_001358,emp_001357
emp_001359,emp_001357
emp_001360,emp_001357
emp_001361,emp_001366
emp_001362,emp_001366
emp_001363,emp_001366
emp_001364,emp_001366
emp_001365,emp_001366
emp_001366,emp_005053
emp_001367,emp_001366
emp_001368,emp_001366
emp_001369,emp_001373
emp_001370,emp_001373
emp_001371,emp_001373
emp_001372,emp_001373
emp_001373,emp_005053
emp_001374,emp_001373
emp_001375,emp_001373
emp_001376,emp_001373
emp_001377,emp_001383
emp_001378,emp_001383
emp_001379,emp_001383
emp_001380,emp_001383
emp_001381,emp_001383
emp_001382,emp_001383
emp_001383,emp_005053
emp_001384,emp_001383
emp_001385,emp_001386
emp_001386,emp_005053
emp_001387,emp_001386
emp_001388,emp_001386
emp_001389,emp_001386
emp_001390,emp_001386
emp_001391,emp_001386
emp_001392,emp_001395
emp_001393,emp_001395
emp_001394,emp_001395
emp_001395,emp_005053
emp_001396,emp_001395
emp_001397,emp_001395
emp_001398,emp_001395
emp_001399,emp_001395
emp_001400,emp_001403
emp_001401,emp_001403
emp_001402,emp_001403
emp_001403,emp_005053
emp_001404,emp_001403
emp_001405,emp_001407
emp_001406,emp_001407
emp_001407,emp_005053
emp_001408,emp_001407
emp_001409,emp_001407
emp_001410,emp_001407
emp_001411,emp_001413
emp_001412,emp_001413
emp_001413,emp_005053
emp_001414,emp_001416
emp_001415,emp_001416
emp_001416,emp_005053
emp_001417,emp_001416
emp_001418,emp_001416
emp_001419,emp_001416
emp_001420,emp_001422
emp_001421,emp_001422
emp_001422,emp_005053
emp_001423,emp_001422
emp_001424,emp_001422
emp_001425,emp_001422
emp_001426,emp_001427
emp_001427,emp_005053
emp_001428,emp_001427
emp_001429,emp_001427
emp_001430,emp_001427
emp_001431,emp_001427
emp_001432,emp_001427
emp_001433,emp_001437
emp_001434,emp_001437
emp_001435,emp_001437
emp_001436,emp_001437
emp_001437,emp_005053
emp_001438,emp_001437
emp_001439,emp_001437
emp_001440,emp_001437
emp_001441,emp_001437
emp_001442,emp_001445
emp_001443,emp_001445
emp_001444,emp_001445
emp_001445,emp_005053
emp_001446,emp_001445
emp_001447,emp_001445
emp_001448,emp_001445
emp_001449,emp_005053
emp_001450,emp_001449
emp_001451,emp_001459
emp_001452,emp_001459
emp_001453,emp_001459
emp_001454,emp_001459
emp_001455,emp_001459
emp_001456,emp_001459
emp_001457,emp_001459
emp_001458,emp_001459
emp_001459,emp_005053
emp_001460,emp_001463
emp_001461,emp_001463
emp_001462,emp_001463
emp_001463,emp_005053
emp_001464,emp_001463
emp_001465,emp_001463
emp_001466,emp_001463
emp_001467,emp_001469
emp_001468,emp_001469
emp_001469,emp_005053
emp_001470,emp_001469
emp_001471,emp_001469
emp_001472,emp_001469
emp_001473,emp_001469
emp_001474,emp_001469
emp_001475,emp_001476
emp_001476,emp_005053
emp_001477,emp_001476
emp_001478,emp_001476
emp_001479,emp_001476
emp_001480,emp_001481
emp_001481,emp_005053
emp_001482,emp_001481
emp_001483,emp_001481
emp_001484,emp_001481
emp_001485,emp_001481
emp_001486,emp_001481
emp_001487,emp_001481
emp_001488,emp_001492
emp_001489,emp_001492
emp_001490,emp_001492
emp_001491,emp_001492
emp_001492,emp_005053
emp_001493,emp_001492
emp_001494,emp_001492
emp_001495,emp_001492
emp_001496,emp_001492
emp_001497,emp_001492
emp_001498,emp_001499
emp_001499,emp_005053
emp_001500,emp_001499
emp_001501,emp_001503
emp_001502,emp_001503
emp_001503,emp_005053
emp_001504,emp_001503
emp_001505,emp_001503
emp_001506,emp_001503
emp_001507,emp_001503
emp_001508,emp_001503
emp_001509,emp_001503
emp_001510,emp_005053
emp_001511,emp_001510
emp_001512,emp_001510
emp_001513,emp_001510
emp_001514,emp_001510
emp_001515,emp_001519
emp_001516,emp_001519
emp_001517,emp_001519
emp_001518,emp_001519
emp_001519,emp_005053
emp_001520,emp_001523
emp_001521,emp_001523
emp_001522,emp_001523
emp_001523,emp_005053
emp_001524,emp_001523
emp_001525,emp_001523
emp_001526,emp_001529
emp_001527,emp_001529
emp_001528,emp_001529
emp_001529,emp_005053
emp_001530,emp_001529
emp_001531,emp_001529
emp_001532,emp_001529
emp_001533,emp_001529
emp_001534,emp_001529
emp_001535,emp_001529
emp_001536,emp_001529
emp_001537,emp_001539
emp_001538,emp_001539
emp_001539,emp_005053
emp_001540,emp_001544
emp_001541,emp_001544
emp_001542,emp_001544
emp_001543,emp_001544
emp_001544,emp_005053
emp_001545,emp_001551
emp_001546,emp_001551
emp_001547,emp_001551
emp_001548,emp_001551
emp_001549,emp_001551
emp_001550,emp_001551
emp_001551,emp_005053
emp_001552,emp_001558
emp_001553,emp_001558
emp_001554,emp_001558
emp_001555,emp_001558
emp_001556,emp_001558
emp_001557,emp_001558
emp_001558,emp_005053
emp_001559,emp_001558
emp_001560,emp_001562
emp_001561,emp_001562
emp_001562,emp_005053
emp_001563,emp_001562
emp_001564,emp_001562
emp_001565,emp_001562
emp_001566,emp_001567
emp_001567,emp_005053
emp_001568,emp_001567
emp_001569,emp_001567
emp_001570,emp_001567
emp_001571,emp_001567
emp_001572,emp_001567
emp_001573,emp_001574
emp_001574,emp_005053
emp_001575,emp_001574
emp_001576,emp_001574
emp_001577,emp_001581
emp_001578,emp_001581
emp_001579,emp_001581
emp_001580,emp_001581
emp_001581,emp_005053
emp_001582,emp_001581
emp_001583,emp_001581
emp_001584,emp_001581
emp_001585,emp_001586
emp_001586,emp_005053
emp_001587,emp_001586
emp_001588,emp_001586
emp_001589,emp_001586
emp_001590,emp_001586
emp_001591,emp_001586
emp_001592,emp_001586
emp_001593,emp_001586
emp_001594,emp_005053
emp_001595,emp_001594
emp_001596,emp_001594
emp_001597,emp_001594
emp_001598,emp_001600
emp_001599,emp_001600
emp_001600,emp_005053
emp_001601,emp_001600
emp_001602,emp_001600
emp_001603,emp_005053
emp_001604,emp_001603
emp_001605,emp_001603
emp_001606,emp_001603
emp_001607,emp_001603
emp_001608,emp_001603
emp_001609,emp_001603
emp_001610,emp_005053
emp_001611,emp_001610
emp_001612,emp_001610
emp_001613,emp_001610
emp_001614,emp_001610
emp_001615,emp_001610
emp_001616,emp_001610
emp_001617,emp_001618
emp_001618,emp_005053
emp_001619,emp_001618
emp_001620,emp_001618
emp_001621,emp_001618
emp_001622,emp_001618
emp_001623,emp_001618
emp_001624,emp_001618
emp_001625,emp_001626
emp_001626,emp_005053
emp_001627,emp_001626
emp_001628,emp_001626
emp_001629,emp_001631
emp_001630,emp_001631
emp_001631,emp_005053
emp_001632,emp_001631
emp_001633,emp_001631
emp_001634,emp_001631
emp_001635,emp_001637
emp_001636,emp_001637
emp_001637,emp_005053
emp_001638,emp_001637
emp_001639,emp_001637
emp_001640,emp_001643
emp_001641,emp_001643
emp_001642,emp_001643
emp_001643,emp_005053
emp_001644,emp_001643
emp_001645,emp_001643
emp_001646,emp_001643
emp_001647,emp_001643
emp_001648,emp_001643
emp_001649,emp_001654
emp_001650,emp_001654
emp_001651,emp_001654
emp_001652,emp_001654
emp_001653,emp_001654
emp_001654,emp_005053
emp_001655,emp_001656
emp_001656,emp_005053
emp_001657,emp_001656
emp_001658,emp_001656
emp_001659,emp_001656
emp_001660,emp_001663
emp_001661,emp_001663
emp_001662,emp_001663
emp_001663,emp_005053
emp_001664,emp_001663
emp_001665,emp_001669
emp_001666,emp_001669
emp_001667,emp_001669
emp_001668,emp_001669
emp_001669,emp_005053
emp_001670,emp_001669
emp_001671,emp_001674
emp_001672,emp_001674
emp_001673,emp_001674
emp_001674,emp_005053
emp_001675,emp_001674
emp_001676,emp_001674
emp_001677,emp_001674
emp_001678,emp_001674
emp_001679,emp_001674
emp_001680,emp_001682
emp_001681,emp_001682
emp_001682,emp_005053
emp_001683,emp_001685
emp_001684,emp_001685
emp_001685,emp_005053
emp_001686,emp_001685
emp_001687,emp_001685
emp_001688,emp_001685
emp_001689,emp_001685
emp_001690,emp_001695
emp_001691,emp_001695
emp_001692,emp_001695
emp_001693,emp_001695
emp_001694,emp_001695
emp_001695,emp_005053
emp_001696,emp_001695
emp_001697,emp_001698
emp_001698,emp_005053
emp_001699,emp_001698
emp_001700,emp_001698
emp_001701,emp_001698
emp_001702,emp_001698
emp_001703,emp_001698
emp_001704,emp_001698
emp_001705,emp_001698
emp_001706,emp_001698
emp_001707,emp_001710
emp_001708,emp_001710
emp_001709,emp_001710
emp_001710,emp_005053
emp_001711,emp_001710
emp_001712,emp_001710
emp_001713,emp_001710
emp_001714,emp_001710
emp_001715,emp_001716
emp_001716,emp_005053
emp_001717,emp_001716
emp_001718,emp_001716
emp_001719,emp_001716
emp_001720,emp_001716
emp_001721,emp_001716
emp_001722,emp_001716
emp_001723,emp_001716
emp_001724,emp_001725
emp_001725,emp_005053
emp_001726,emp_001725
emp_001727,emp_001725
emp_001728,emp_001725
emp_001729,emp_001725
emp_001730,emp_001725
emp_001731,emp_001733
emp_001732,emp_001733
emp_001733,emp_005053
emp_001734,emp_001733
emp_001735,emp_005053
emp_001736,emp_001735
emp_001737,emp_001735
emp_001738,emp_001735
emp_001739,emp_001741
emp_001740,emp_001741
emp_001741,emp_005053
emp_001742,emp_001741
emp_001743,emp_001741
emp_001744,emp_001746
emp_001745,emp_001746
emp_001746,emp_005053
emp_001747,emp_001746
emp_001748,emp_001746
emp_001749,emp_001746
emp_001750,emp_001746
emp_001751,emp_001754
emp_001752,emp_001754
emp_001753,emp_001754
emp_001754,emp_005053
emp_001755,emp_001754
emp_001756,emp_001754
emp_001757,emp_005053
emp_001758,emp_001757
emp_001759,emp_001757
emp_001760,emp_001757
emp_001761,emp_001757
emp_001762,emp_001757
emp_001763,emp_005053
emp_001764,emp_001763
emp_001765,emp_001763
emp_001766,emp_001763
emp_001767,emp_001763
emp_001768,emp_001763
emp_001769,emp_001763
emp_001770,emp_001763
emp_001771,emp_001763
emp_001772,emp_001763
emp_001773,emp_005053
emp_001774,emp_001773
emp_001775,emp_005053
emp_001776,emp_001775
emp_001777,emp_001775
emp_001778,emp_001775
emp_001779,emp_001784
emp_001780,emp_001784
emp_001781,emp_001784
emp_001782,emp_001784
emp_001783,emp_001784
emp_001784,emp_005053
emp_001785,emp_001784
emp_001786,emp_001784
emp_001787,emp_001784
emp_001788,emp_001784
emp_001789,emp_001784
emp_001790,emp_001791
emp_001791,emp_005053
emp_001792,emp_001791
emp_001793,emp_001791
emp_001794,emp_001791
emp_001795,emp_001791
emp_001796,emp_001791
emp_001797,emp_005053
emp_001798,emp_001797
emp_001799,emp_001797
emp_001800,emp_001797
emp_001801,emp_001797
emp_001802,emp_005053
emp_001803,emp_001802
emp_001804,emp_001802
emp_001805,emp_001802
emp_001806,emp_001810
emp_001807,emp_001810
emp_001808,emp_001810
emp_001809,emp_001810
emp_001810,emp_005053
emp_001811,emp_001810
emp_001812,emp_001810
emp_001813,emp_001810
emp_001814,emp_001818
emp_001815,emp_001818
emp_001816,emp_001818
emp_001817,emp_001818
emp_001818,emp_005053
emp_001819,emp_001818
emp_001820,emp_001818
emp_001821,emp_001818
emp_001822,emp_001828
emp_001823,emp_001828
emp_001824,emp_001828
emp_001825,emp_001828
emp_001826,emp_001828
emp_001827,emp_001828
emp_001828,emp_005053
emp_001829,emp_001828
emp_001830,emp_005053
emp_001831,emp_001830
emp_001832,emp_001830
emp_001833,emp_001830
emp_001834,emp_001835
emp_001835,emp_005053
emp_001836,emp_001835
emp_001837,emp_001835
emp_001838,emp_001835
emp_001839,emp_001835
emp_001840,emp_001835
emp_001841,emp_001843
emp_001842,emp_001843
emp_001843,emp_005053
emp_001844,emp_001843
emp_001845,emp_001843
emp_001846,emp_001843
emp_001847,emp_001850
emp_001848,emp_001850
emp_001849,emp_001850
emp_001850,emp_005053
emp_001851,emp_001850
emp_001852,emp_001850
emp_001853,emp_001850
emp_001854,emp_005053
emp_001855,emp_001854
emp_001856,emp_001854
emp_001857,emp_001862
emp_001858,emp_001862
emp_001859,emp_001862
emp_001860,emp_001862
emp_001861,emp_001862
emp_001862,emp_005053
emp_001863,emp_001862
emp_001864,emp_001862
emp_001865,emp_005053
emp_001866,emp_001865
emp_001867,emp_001865
emp_001868,emp_001865
emp_001869,emp_001865
emp_001870,emp_001865
emp_001871,emp_001865
emp_001872,emp_001865
emp_001873,emp_001865
emp_001874,emp_001865
emp_001875,emp_005053
emp_001876,emp_001875
emp_001877,emp_001875
emp_001878,emp_001875
emp_001879,emp_001881
emp_001880,emp_001881
emp_001881,emp_005053
emp_001882,emp_001881
emp_001883,emp_001881
emp_001884,emp_001881
emp_001885,emp_001881
emp_001886,emp_001881
emp_001887,emp_001894
emp_001888,emp_001894
emp_001889,emp_001894
emp_001890,emp_001894
emp_001891,emp_001894
emp_001892,emp_001894
emp_001893,emp_001894
emp_001894,emp_005053
emp_001895,emp_001894
emp_001896,emp_001894
emp_001897,emp_001902
emp_001898,emp_001902
emp_001899,emp_001902
emp_001900,emp_001902
emp_001901,emp_001902
emp_001902,emp_005053
emp_001903,emp_001902
emp_001904,emp_001902
emp_001905,emp_001908
emp_001906,emp_001908
emp_001907,emp_001908
emp_001908,emp_005053
emp_001909,emp_001908
emp_001910,emp_001908
emp_001911,emp_001913
emp_001912,emp_001913
emp_001913,emp_005053
emp_001914,emp_001913
emp_001915,emp_001913
emp_001916,emp_001913
emp_001917,emp_001913
emp_001918,emp_001921
emp_001919,emp_001921
emp_001920,emp_001921
emp_001921,emp_005053
emp_001922,emp_001921
emp_001923,emp_005053
emp_001924,emp_001923
emp_001925,emp_001923
emp_001926,emp_001923
emp_001927,emp_001923
emp_001928,emp_001923
emp_001929,emp_001923
emp_001930,emp_005053
emp_001931,emp_001930
emp_001932,emp_001930
emp_001933,emp_001930
emp_001934,emp_001935
emp_001935,emp_005053
emp_001936,emp_001935
emp_001937,emp_001935
emp_001938,emp_001935
emp_001939,emp_001935
emp_001940,emp_001935
emp_001941,emp_001944
emp_001942,emp_001944
emp_001943,emp_001944
emp_001944,emp_005053
emp_001945,emp_001944
emp_001946,emp_005053
emp_001947,emp_001946
emp_001948,emp_001946
emp_001949,emp_001946
emp_001950,emp_001955
emp_001951,emp_001955
emp_001952,emp_001955
emp_001953,emp_001955
emp_001954,emp_001955
emp_001955,emp_005053
emp_001956,emp_001955
emp_001957,emp_001955
emp_001958,emp_001955
emp_001959,emp_001955
emp_001960,emp_001961
emp_001961,emp_005053
emp_001962,emp_001961
emp_001963,emp_001968
emp_001964,emp_001968
emp_001965,emp_001968
emp_001966,emp_001968
emp_001967,emp_001968
emp_001968,emp_005053
emp_001969,emp_001968
emp_001970,emp_001968
emp_001971,emp_001968
emp_001972,emp_001968
emp_001973,emp_001974
emp_001974,emp_005053
emp_001975,emp_005053
emp_001976,emp_001975
emp_001977,emp_001975
emp_001978,emp_001975
emp_001979,emp_001975
emp_001980,emp_001975
emp_001981,emp_001975
emp_001982,emp_001975
emp_001983,emp_001987
emp_001984,emp_001987
emp_001985,emp_001987
emp_001986,emp_001987
emp_001987,emp_005053
emp_001988,emp_001987
emp_001989,emp_001987
emp_001990,emp_001992
emp_001991,emp_001992
emp_001992,emp_005053
emp_001993,emp_001997
emp_001994,emp_001997
emp_001995,emp_001997
emp_001996,emp_001997
emp_001997,emp_005053
emp_001998,emp_005053
emp_001999,emp_001998
emp_002000,emp_001998
emp_002001,emp_001998
emp_002002,emp_002004
emp_002003,emp_002004
emp_002004,emp_005053
emp_002005,emp_002004
emp_002006,emp_002004
emp_002007,emp_002011
emp_002008,emp_002011
emp_002009,emp_002011
emp_002010,emp_002011
emp_002011,emp_005053
emp_002012,emp_002011
emp_002013,emp_002011
emp_002014,emp_002011
emp_002015,emp_002016
emp_002016,emp_005053
emp_002017,emp_002016
emp_002018,emp_002016
emp_002019,emp_002020
emp_002020,emp_005053
emp_002021,emp_002020
emp_002022,emp_002029
emp_002023,emp_002029
emp_002024,emp_002029
emp_002025,emp_002029
emp_002026,emp_002029
emp_002027,emp_002029
emp_002028,emp_002029
emp_002029,emp_005053
emp_002030,emp_002029
emp_002031,emp_002034
emp_002032,emp_002034
emp_002033,emp_002034
emp_002034,emp_005053
emp_002035,emp_002034
emp_002036,emp_002034
emp_002037,emp_002034
emp_002038,emp_002039
emp_002039,emp_005053
emp_002040,emp_002039
emp_002041,emp_002039
emp_002042,emp_002039
emp_002043,emp_002039
emp_002044,emp_002049
emp_002045,emp_002049
emp_002046,emp_002049
emp_002047,emp_002049
emp_002048,emp_002049
emp_002049,emp_005053
emp_002050,emp_002054
emp_002051,emp_002054
emp_002052,emp_002054
emp_002053,emp_002054
emp_002054,emp_005053
emp_002055,emp_002054
emp_002056,emp_002054
emp_002057,emp_002054
emp_002058,emp_005053
emp_002059,emp_002058
emp_002060,emp_002058
emp_002061,emp_002058
emp_002062,emp_002058
emp_002063,emp_002058
emp_002064,emp_002058
emp_002065,emp_002070
emp_002066,emp_002070
emp_002067,emp_002070
emp_002068,emp_002070
emp_002069,emp_002070
emp_002070,emp_005053
emp_002071,emp_002072
emp_002072,emp_005053
emp_002073,emp_002072
emp_002074,emp_002072
emp_002075,emp_002072
emp_002076,emp_002082
emp_002077,emp_002082
emp_002078,emp_002082
emp_002079,emp_002082
emp_002080,emp_002082
emp_002081,emp_002082
emp_002082,emp_005053
emp_002083,emp_002082
emp_002084,emp_002082
emp_002085,emp_002087
emp_002086,emp_002087
emp_002087,emp_005053
emp_002088,emp_002087
emp_002089,emp_002087
emp_002090,emp_002087
emp_002091,emp_002087
emp_002092,emp_002087
emp_002093,emp_002087
emp_002094,emp_002095
emp_002095,emp_005053
emp_002096,emp_002095
emp_002097,emp_002095
emp_002098,emp_002095
emp_002099,emp_002095
emp_002100,emp_002095
emp_002101,emp_002103
emp_002102,emp_002103
emp_002103,emp_005053
emp_002104,emp_002103
emp_002105,emp_002103
emp_002106,emp_002103
emp_002107,emp_002103
emp_002108,emp_002103
emp_002109,emp_002103
emp_002110,emp_002103
emp_002111,emp_002103
emp_002112,emp_002103
emp_002113,emp_002103
emp_002114,emp_002118
emp_002115,emp_002118
emp_002116,emp_002118
emp_002117,emp_002118
emp_002118,emp_005053
emp_002119,emp_002118
emp_002120,emp_002118
emp_002121,emp_005053
emp_002122,emp_002121
emp_002123,emp_002121
emp_002124,emp_002121
emp_002125,emp_002121
emp_002126,emp_002121
emp_002127,emp_002121
emp_002128,emp_002135
emp_002129,emp_002135
emp_002130,emp_002135
emp_002131,emp_002135
emp_002132,emp_002135
emp_002133,emp_002135
emp_002134,emp_002135
emp_002135,emp_005053
emp_002136,emp_002135
emp_002137,emp_002135
emp_002138,emp_002142
emp_002139,emp_002142
emp_002140,emp_002142
emp_002141,emp_002142
emp_002142,emp_005053
emp_002143,emp_002142
emp_002144,emp_002142
emp_002145,emp_002151
emp_002146,emp_002151
emp_002147,emp_002151
emp_002148,emp_002151
emp_002149,emp_002151
emp_002150,emp_002151
emp_002151,emp_005053
emp_002152,emp_002155
emp_002153,emp_002155
emp_002154,emp_002155
emp_002155,emp_005053
emp_002156,emp_002155
emp_002157,emp_002155
emp_002158,emp_005053
emp_002159,emp_002158
emp_002160,emp_002158
emp_002161,emp_002158
emp_002162,emp_002158
emp_002163,emp_002158
emp_002164,emp_002158
emp_002165,emp_005053
emp_002166,emp_002165
emp_002167,emp_002165
emp_002168,emp_005053
emp_002169,emp_002168
emp_002170,emp_002168
emp_002171,emp_002168
emp_002172,emp_002168
emp_002173,emp_005053
emp_002174,emp_002173
emp_002175,emp_002173
emp_002176,emp_002173
emp_002177,emp_002178
emp_002178,emp_005053
emp_002179,emp_002184
emp_002180,emp_002184
emp_002181,emp_002184
emp_002182,emp_002184
emp_002183,emp_002184
emp_002184,emp_005053
emp_002185,emp_002184
emp_002186,emp_002184
emp_002187,emp_002184
emp_002188,emp_002190
emp_002189,emp_002190
emp_002190,emp_005053
emp_002191,emp_002190
emp_002192,emp_002190
emp_002193,emp_002190
emp_002194,emp_002196
emp_002195,emp_002196
emp_002196,emp_005053
emp_002197,emp_002196
emp_002198,emp_002196
emp_002199,emp_002203
emp_002200,emp_002203
emp_002201,emp_002203
emp_002202,emp_002203
emp_002203,emp_005053
emp_002204,emp_002203
emp_002205,emp_002203
emp_002206,emp_005053
emp_002207,emp_002206
emp_002208,emp_002206
emp_002209,emp_002206
emp_002210,emp_002216
emp_002211,emp_002216
emp_002212,emp_002216
emp_002213,emp_002216
emp_002214,emp_002216
emp_002215,emp_002216
emp_002216,emp_005053
emp_002217,emp_002216
emp_002218,emp_002226
emp_002219,emp_002226
emp_002220,emp_002226
emp_002221,emp_002226
emp_002222,emp_002226
emp_002223,emp_002226
emp_002224,emp_002226
emp_002225,emp_002226
emp_002226,emp_005053
emp_002227,emp_002228
emp_002228,emp_005053
emp_002229,emp_002228
emp_002230,emp_002228
emp_002231,emp_005053
emp_002232,emp_002231
emp_002233,emp_002231
emp_002234,emp_002231
emp_002235,emp_002231
emp_002236,emp_002231
emp_002237,emp_002231
emp_002238,emp_002231
emp_002239,emp_002231
emp_002240,emp_002244
emp_002241,emp_002244
emp_002242,emp_002244
emp_002243,emp_002244
emp_002244,emp_005053
emp_002245,emp_002244
emp_002246,emp_002244
emp_002247,emp_002252
emp_002248,emp_002252
emp_002249,emp_002252
emp_002250,emp_002252
emp_002251,emp_002252
emp_002252,emp_005053
emp_002253,emp_002252
emp_002254,emp_002252
emp_002255,emp_002252
emp_002256,emp_002259
emp_002257,emp_002259
emp_002258,emp_002259
emp_002259,emp_005053
emp_002260,emp_002259
emp_002261,emp_002259
emp_002262,emp_002259
emp_002263,emp_002266
emp_002264,emp_002266
emp_002265,emp_002266
emp_002266,emp_005053
emp_002267,emp_002266
emp_002268,emp_002270
emp_002269,emp_002270
emp_002270,emp_005053
emp_002271,emp_005053
emp_002272,emp_002271
emp_002273,emp_002271
emp_002274,emp_002271
emp_002275,emp_002277
emp_002276,emp_002277
emp_002277,emp_005053
emp_002278,emp_002277
emp_002279,emp_002277
emp_002280,emp_002282
emp_002281,emp_002282
emp_002282,emp_005053
emp_002283,emp_002282
emp_002284,emp_002282
emp_002285,emp_002282
emp_002286,emp_002282
emp_002287,emp_002282
emp_002288,emp_002282
emp_002289,emp_005053
emp_002290,emp_002289
emp_002291,emp_002289
emp_002292,emp_002289
emp_002293,emp_002289
emp_002294,emp_002289
emp_002295,emp_002289
emp_002296,emp_002289
emp_002297,emp_005053
emp_002298,emp_002297
emp_002299,emp_002297
emp_002300,emp_002297
emp_002301,emp_002297
emp_002302,emp_002297
emp_002303,emp_002297
emp_002304,emp_002312
emp_002305,emp_002312
emp_002306,emp_002312
emp_002307,emp_002312
emp_002308,emp_002312
emp_002309,emp_002312
emp_002310,emp_002312
emp_002311,emp_002312
emp_002312,emp_005053
emp_002313,emp_002314
emp_002314,emp_005053
emp_002315,emp_002314
emp_002316,emp_002318
emp_002317,emp_002318
emp_002318,emp_005053
emp_002319,emp_002318
emp_002320,emp_002323
emp_002321,emp_002323
emp_002322,emp_002323
emp_002323,emp_005053
emp_002324,emp_002325
emp_002325,emp_005053
emp_002326,emp_002325
emp_002327,emp_002325
emp_002328,emp_002325
emp_002329,emp_002325
emp_002330,emp_002325
emp_002331,emp_005053
emp_002332,emp_002331
emp_002333,emp_002331
emp_002334,emp_002336
emp_002335,emp_002336
emp_002336,emp_005053
emp_002337,emp_002336
emp_002338,emp_002336
emp_002339,emp_005053
emp_002340,emp_002339
emp_002341,emp_002339
emp_002342,emp_002339
emp_002343,emp_002339
emp_002344,emp_002339
emp_002345,emp_002339
emp_002346,emp_002339
emp_002347,emp_002339
emp_002348,emp_002354
emp_002349,emp_002354
emp_002350,emp_002354
emp_002351,emp_002354
emp_002352,emp_002354
emp_002353,emp_002354
emp_002354,emp_005053
emp_002355,emp_002354
emp_002356,emp_002354
emp_002357,emp_005053
emp_002358,emp_002357
emp_002359,emp_002357
emp_002360,emp_002357
emp_002361,emp_002357
emp_002362,emp_002357
emp_002363,emp_002357
emp_002364,emp_002357
emp_002365,emp_002357
emp_002366,emp_002357
emp_002367,emp_002371
emp_002368,emp_002371
emp_002369,emp_002371
emp_002370,emp_002371
emp_002371,emp_005053
emp_002372,emp_005053
emp_002373,emp_002372
emp_002374,emp_002372
emp_002375,emp_002372
emp_002376,emp_002380
emp_002377,emp_002380
emp_002378,emp_002380
emp_002379,emp_002380
emp_002380,emp_005053
emp_002381,emp_002380
emp_002382,emp_002380
emp_002383,emp_002387
emp_002384,emp_002387
emp_002385,emp_002387
emp_002386,emp_002387
emp_002387,emp_005053
emp_002388,emp_005053
emp_002389,emp_002388
emp_002390,emp_002388
emp_002391,emp_002388
emp_002392,emp_002388
emp_002393,emp_002388
emp_002394,emp_005053
emp_002395,emp_002394
emp_002396,emp_002394
emp_002397,emp_002394
emp_002398,emp_002394
emp_002399,emp_002394
emp_002400,emp_002401
emp_002401,emp_005053
emp_002402,emp_002401
emp_002403,emp_002401
emp_002404,emp_002401
emp_002405,emp_002401
emp_002406,emp_002401
emp_002407,emp_002401
emp_002408,emp_002411
emp_002409,emp_002411
emp_002410,emp_002411
emp_002411,emp_005053
emp_002412,emp_002411
emp_002413,emp_002411
emp_002414,emp_002411
emp_002415,emp_002411
emp_002416,emp_002411
emp_002417,emp_002423
emp_002418,emp_002423
emp_002419,emp_002423
emp_002420,emp_002423
emp_002421,emp_002423
emp_002422,emp_002423
emp_002423,emp_005053
emp_002424,emp_002423
emp_002425,emp_002423
emp_002426,emp_002427
emp_002427,emp_005053
emp_002428,emp_002427
emp_002429,emp_002427
emp_002430,emp_002427
emp_002431,emp_002427
emp_002432,emp_002427
emp_002433,emp_002427
emp_002434,emp_002436
emp_002435,emp_002436
emp_002436,emp_005053
emp_002437,emp_002436
emp_002438,emp_002436
emp_002439,emp_002436
emp_002440,emp_002441
emp_002441,emp_005053
emp_002442,emp_002441
emp_002443,emp_002441
emp_002444,emp_002441
emp_002445,emp_002441
emp_002446,emp_002441
emp_002447,emp_002441
emp_002448,emp_002450
emp_002449,emp_002450
emp_002450,emp_005053
emp_002451,emp_002450
emp_002452,emp_002450
emp_002453,emp_002450
emp_002454,emp_002457
emp_002455,emp_002457
emp_002456,emp_002457
emp_002457,emp_005053
emp_002458,emp_002457
emp_002459,emp_002461
emp_002460,emp_002461
emp_002461,emp_005053
emp_002462,emp_002465
emp_002463,emp_002465
emp_002464,emp_002465
emp_002465,emp_005053
emp_002466,emp_002465
emp_002467,emp_002473
emp_002468,emp_002473
emp_002469,emp_002473
emp_002470,emp_002473
emp_002471,emp_002473
emp_002472,emp_002473
emp_002473,emp_005053
emp_002474,emp_002473
emp_002475,emp_002482
emp_002476,emp_002482
emp_002477,emp_002482
emp_002478,emp_002482
emp_002479,emp_002482
emp_002480,emp_002482
emp_002481,emp_002482
emp_002482,emp_005053
emp_002483,emp_002488
emp_002484,emp_002488
emp_002485,emp_002488
emp_002486,emp_002488
emp_002487,emp_002488
emp_002488,emp_005053
emp_002489,emp_002488
emp_002490,emp_002491
emp_002491,emp_005053
emp_002492,emp_002491
emp_002493,emp_002491
emp_002494,emp_002491
emp_002495,emp_002491
emp_002496,emp_002491
emp_002497,emp_002491
emp_002498,emp_002499
emp_002499,emp_005053
emp_002500,emp_002499
emp_002501,emp_002499
emp_002502,emp_002499
emp_002503,emp_005053
emp_002504,emp_002503
emp_002505,emp_002503
emp_002506,emp_002503
emp_002507,emp_002503
emp_002508,emp_002503
emp_002509,emp_002503
emp_002510,emp_002503
emp_002511,emp_002503
emp_002512,emp_002503
emp_002513,emp_002514
emp_002514,emp_005053
emp_002515,emp_002514
emp_002516,emp_002514
emp_002517,emp_002514
emp_002518,emp_002514
emp_002519,emp_002514
emp_002520,emp_002525
emp_002521,emp_002525
emp_002522,emp_002525
emp_002523,emp_002525
emp_002524,emp_002525
emp_002525,emp_005053
emp_002526,emp_002530
emp_002527,emp_002530
emp_002528,emp_002530
emp_002529,emp_002530
emp_002530,emp_005053
emp_002531,emp_002530
emp_002532,emp_002530
emp_002533,emp_002530
emp_002534,emp_002539
emp_002535,emp_002539
emp_002536,emp_002539
emp_002537,emp_002539
emp_002538,emp_002539
emp_002539,emp_005053
emp_002540,emp_005053
emp_002541,emp_002540
emp_002542,emp_002540
emp_002543,emp_002540
emp_002544,emp_002540
emp_002545,emp_002540
emp_002546,emp_002540
emp_002547,emp_005053
emp_002548,emp_002547
emp_002549,emp_002547
emp_002550,emp_002547
emp_002551,emp_002547
emp_002552,emp_002547
emp_002553,emp_002547
emp_002554,emp_002547
emp_002555,emp_002547
emp_002556,emp_002547
emp_002557,emp_005053
emp_002558,emp_002557
emp_002559,emp_002557
emp_002560,emp_002557
emp_002561,emp_002557
emp_002562,emp_002567
emp_002563,emp_002567
emp_002564,emp_002567
emp_002565,emp_002567
emp_002566,emp_002567
emp_002567,emp_005053
emp_002568,emp_005053
emp_002569,emp_002568
emp_002570,emp_002568
emp_002571,emp_002568
emp_002572,emp_002568
emp_002573,emp_002568
emp_002574,emp_002578
emp_002575,emp_002578
emp_002576,emp_002578
emp_002577,emp_002578
emp_002578,emp_005053
emp_002579,emp_002578
emp_002580,emp_002578
emp_002581,emp_002587
emp_002582,emp_002587
emp_002583,emp_002587
emp_002584,emp_002587
emp_002585,emp_002587
emp_002586,emp_002587
emp_002587,emp_005053
emp_002588,emp_002587
emp_002589,emp_002587
emp_002590,emp_002587
emp_002591,emp_002598
emp_002592,emp_002598
emp_002593,emp_002598
emp_002594,emp_002598
emp_002595,emp_002598
emp_002596,emp_002598
emp_002597,emp_002598
emp_002598,emp_005053
emp_002599,emp_002600
emp_002600,emp_005053
emp_002601,emp_002600
emp_002602,emp_002600
emp_002603,emp_002600
emp_002604,emp_002600
emp_002605,emp_002600
emp_002606,emp_002600
emp_002607,emp_002600
emp_002608,emp_005053
emp_002609,emp_002608
emp_002610,emp_002614
emp_002611,emp_002614
emp_002612,emp_002614
emp_002613,emp_002614
emp_002614,emp_005053
emp_002615,emp_002614
emp_002616,emp_002614
emp_002617,emp_002614
emp_002618,emp_005053
emp_002619,emp_002618
emp_002620,emp_002618
emp_002621,emp_002618
emp_002622,emp_002618
emp_002623,emp_002618
emp_002624,emp_002618
emp_002625,emp_002629
emp_002626,emp_002629
emp_002627,emp_002629
emp_002628,emp_002629
emp_002629,emp_005053
emp_002630,emp_002629
emp_002631,emp_002629
emp_002632,emp_002629
emp_002633,emp_002634
emp_002634,emp_005053
emp_002635,emp_002634
emp_002636,emp_002634
emp_002637,emp_002634
emp_002638,emp_002634
emp_002639,emp_002634
emp_002640,emp_002641
emp_002641,emp_005053
emp_002642,emp_002641
emp_002643,emp_002641
emp_002644,emp_002641
emp_002645,emp_002646
emp_002646,emp_005053
emp_002647,emp_002646
emp_002648,emp_002646
emp_002649,emp_002646
emp_002650,emp_002646
emp_002651,emp_002646
emp_002652,emp_002646
emp_002653,emp_002658
emp_002654,emp_002658
emp_002655,emp_002658
emp_002656,emp_002658
emp_002657,emp_002658
emp_002658,emp_005053
emp_002659,emp_002661
emp_002660,emp_002661
emp_002661,emp_005053
emp_002662,emp_002661
emp_002663,emp_002661
emp_002664,emp_002661
emp_002665,emp_002661
emp_002666,emp_002667
emp_002667,emp_005053
emp_002668,emp_002667
emp_002669,emp_002667
emp_002670,emp_002667
emp_002671,emp_002676
emp_002672,emp_002676
emp_002673,emp_002676
emp_002674,emp_002676
emp_002675,emp_002676
emp_002676,emp_005053
emp_002677,emp_002680
emp_002678,emp_002680
emp_002679,emp_002680
emp_002680,emp_005053
emp_002681,emp_002680
emp_002682,emp_002680
emp_002683,emp_002680
emp_002684,emp_002680
emp_002685,emp_002686
emp_002686,emp_005053
emp_002687,emp_002686
emp_002688,emp_002686
emp_002689,emp_002686
emp_002690,emp_002686
emp_002691,emp_002686
emp_002692,emp_002686
emp_002693,emp_002698
emp_002694,emp_002698
emp_002695,emp_002698
emp_002696,emp_002698
emp_002697,emp_002698
emp_002698,emp_005053
emp_002699,emp_002698
emp_002700,emp_002702
emp_002701,emp_002702
emp_002702,emp_005053
emp_002703,emp_002702
emp_002704,emp_002702
emp_002705,emp_002702
emp_002706,emp_002702
emp_002707,emp_002711
emp_002708,emp_002711
emp_002709,emp_002711
emp_002710,emp_002711
emp_002711,emp_005053
emp_002712,emp_002711
emp_002713,emp_002715
emp_002714,emp_002715
emp_002715,emp_005053
emp_002716,emp_002715
emp_002717,emp_002715
emp_002718,emp_002715
emp_002719,emp_002715
emp_002720,emp_002715
emp_002721,emp_002724
emp_002722,emp_002724
emp_002723,emp_002724
emp_002724,emp_005053
emp_002725,emp_002724
emp_002726,emp_002724
emp_002727,emp_002730
emp_002728,emp_002730
emp_002729,emp_002730
emp_002730,emp_005053
emp_002731,emp_002730
emp_002732,emp_002730
emp_002733,emp_002734
emp_002734,emp_005053
emp_002735,emp_002734
emp_002736,emp_002734
emp_002737,emp_002734
emp_002738,emp_002734
emp_002739,emp_002734
emp_002740,emp_002742
emp_002741,emp_002742
emp_002742,emp_005053
emp_002743,emp_002742
emp_002744,emp_002742
emp_002745,emp_002742
emp_002746,emp_002748
emp_002747,emp_002748
emp_002748,emp_005053
emp_002749,emp_002748
emp_002750,emp_002748
emp_002751,emp_002748
emp_002752,emp_002748
emp_002753,emp_002755
emp_002754,emp_002755
emp_002755,emp_005053
emp_002756,emp_002755
emp_002757,emp_002755
emp_002758,emp_002755
emp_002759,emp_002755
emp_002760,emp_002755
emp_002761,emp_002755
emp_002762,emp_002755
emp_002763,emp_005053
emp_002764,emp_002763
emp_002765,emp_002763
emp_002766,emp_002763
emp_002767,emp_002763
emp_002768,emp_002763
emp_002769,emp_002763
emp_002770,emp_002779
emp_002771,emp_002779
emp_002772,emp_002779
emp_002773,emp_002779
emp_002774,emp_002779
emp_002775,emp_002779
emp_002776,emp_002779
emp_002777,emp_002779
emp_002778,emp_002779
emp_002779,emp_005053
emp_002780,emp_002783
emp_002781,emp_002783
emp_002782,emp_002783
emp_002783,emp_005053
emp_002784,emp_002783
emp_002785,emp_002783
emp_002786,emp_002783
emp_002787,emp_002783
emp_002788,emp_002783
emp_002789,emp_002790
emp_002790,emp_005053
emp_002791,emp_002790
emp_002792,emp_002790
emp_002793,emp_002790
emp_002794,emp_002790
emp_002795,emp_002790
emp_002796,emp_002799
emp_002797,emp_002799
emp_002798,emp_002799
emp_002799,emp_005053
emp_002800,emp_002799
emp_002801,emp_002799
emp_002802,emp_002799
emp_002803,emp_002799
emp_002804,emp_002807
emp_002805,emp_002807
emp_002806,emp_002807
emp_002807,emp_005053
emp_002808,emp_002807
emp_002809,emp_002807
emp_002810,emp_002807
emp_002811,emp_002807
emp_002812,emp_002807
emp_002813,emp_002807
emp_002814,emp_005053
emp_002815,emp_002814
emp_002816,emp_002814
emp_002817,emp_002814
emp_002818,emp_002814
emp_002819,emp_002823
emp_002820,emp_002823
emp_002821,emp_002823
emp_002822,emp_002823
emp_002823,emp_005053
emp_002824,emp_002823
emp_002825,emp_002823
emp_002826,emp_002823
emp_002827,emp_002830
emp_002828,emp_002830
emp_002829,emp_002830
emp_002830,emp_005053
emp_002831,emp_002830
emp_002832,emp_002830
emp_002833,emp_002830
emp_002834,emp_002830
emp_002835,emp_002830
emp_002836,emp_002840
emp_002837,emp_002840
emp_002838,emp_002840
emp_002839,emp_002840
emp_002840,emp_005053
emp_002841,emp_002849
emp_002842,emp_002849
emp_002843,emp_002849
emp_002844,emp_002849
emp_002845,emp_002849
emp_002846,emp_002849
emp_002847,emp_002849
emp_002848,emp_002849
emp_002849,emp_005053
emp_002850,emp_002853
emp_002851,emp_002853
emp_002852,emp_002853
emp_002853,emp_005053
emp_002854,emp_002853
emp_002855,emp_002853
emp_002856,emp_002853
emp_002857,emp_002853
emp_002858,emp_005053
emp_002859,emp_002858
emp_002860,emp_002858
emp_002861,emp_002858
emp_002862,emp_002858
emp_002863,emp_005053
emp_002864,emp_002863
emp_002865,emp_002863
emp_002866,emp_002863
emp_002867,emp_002863
emp_002868,emp_002863
emp_002869,emp_002863
emp_002870,emp_002863
emp_002871,emp_005053
emp_002872,emp_002871
emp_002873,emp_002871
emp_002874,emp_002871
emp_002875,emp_005053
emp_002876,emp_002875
emp_002877,emp_002875
emp_002878,emp_002875
emp_002879,emp_002882
emp_002880,emp_002882
emp_002881,emp_002882
emp_002882,emp_005053
emp_002883,emp_002884
emp_002884,emp_005053
emp_002885,emp_002884
emp_002886,emp_002884
emp_002887,emp_002884
emp_002888,emp_002884
emp_002889,emp_002884
emp_002890,emp_002894
emp_002891,emp_002894
emp_002892,emp_002894
emp_002893,emp_002894
emp_002894,emp_005053
emp_002895,emp_002894
emp_002896,emp_005053
emp_002897,emp_002896
emp_002898,emp_002896
emp_002899,emp_002896
emp_002900,emp_002896
emp_002901,emp_002902
emp_002902,emp_005053
emp_002903,emp_002902
emp_002904,emp_002902
emp_002905,emp_002902
emp_002906,emp_002902
emp_002907,emp_005053
emp_002908,emp_002907
emp_002909,emp_002907
emp_002910,emp_002907
emp_002911,emp_002907
emp_002912,emp_002907
emp_002913,emp_002914
emp_002914,emp_005053
emp_002915,emp_002914
emp_002916,emp_002914
emp_002917,emp_002914
emp_002918,emp_002914
emp_002919,emp_005053
emp_002920,emp_002919
emp_002921,emp_002919
emp_002922,emp_002919
emp_002923,emp_002919
emp_002924,emp_002919
emp_002925,emp_002931
emp_002926,emp_002931
emp_002927,emp_002931
emp_002928,emp_002931
emp_002929,emp_002931
emp_002930,emp_002931
emp_002931,emp_005053
emp_002932,emp_002934
emp_002933,emp_002934
emp_002934,emp_005053
emp_002935,emp_002934
emp_002936,emp_002934
emp_002937,emp_002940
emp_002938,emp_002940
emp_002939,emp_002940
emp_002940,emp_005053
emp_002941,emp_002940
emp_002942,emp_005053
emp_002943,emp_002942
emp_002944,emp_002942
emp_002945,emp_002942
emp_002946,emp_002942
emp_002947,emp_002942
emp_002948,emp_002942
emp_002949,emp_002942
emp_002950,emp_002942
emp_002951,emp_002953
emp_002952,emp_002953
emp_002953,emp_005053
emp_002954,emp_002953
emp_002955,emp_002953
emp_002956,emp_002953
emp_002957,emp_002953
emp_002958,emp_002960
emp_002959,emp_002960
emp_002960,emp_005053
emp_002961,emp_002970
emp_002962,emp_002970
emp_002963,emp_002970
emp_002964,emp_002970
emp_002965,emp_002970
emp_002966,emp_002970
emp_002967,emp_002970
emp_002968,emp_002970
emp_002969,emp_002970
emp_002970,emp_005053
emp_002971,emp_005053
emp_002972,emp_002971
emp_002973,emp_002971
emp_002974,emp_002971
emp_002975,emp_002971
emp_002976,emp_002977
emp_002977,emp_005053
emp_002978,emp_002977
emp_002979,emp_002977
emp_002980,emp_002977
emp_002981,emp_002977
emp_002982,emp_002977
emp_002983,emp_002977
emp_002984,emp_002977
emp_002985,emp_002977
emp_002986,emp_005053
emp_002987,emp_002986
emp_002988,emp_002986
emp_002989,emp_002986
emp_002990,emp_002986
emp_002991,emp_002986
emp_002992,emp_002986
emp_002993,emp_005053
emp_002994,emp_002993
emp_002995,emp_002993
emp_002996,emp_002993
emp_002997,emp_002993
emp_002998,emp_002993
emp_002999,emp_002993
emp_003000,emp_002993
emp_003001,emp_002993
emp_003002,emp_005053
emp_003003,emp_003002
emp_003004,emp_003002
emp_003005,emp_003007
emp_003006,emp_003007
emp_003007,emp_005053
emp_003008,emp_003007
emp_003009,emp_003007
emp_003010,emp_003012
emp_003011,emp_003012
emp_003012,emp_005053
emp_003013,emp_003012
emp_003014,emp_003012
emp_003015,emp_003016
emp_003016,emp_005053
emp_003017,emp_003016
emp_003018,emp_003016
emp_003019,emp_003016
emp_003020,emp_003023
emp_003021,emp_003023
emp_003022,emp_003023
emp_003023,emp_005053
emp_003024,emp_003023
emp_003025,emp_003027
emp_003026,emp_003027
emp_003027,emp_005053
emp_003028,emp_003027
emp_003029,emp_003027
emp_003030,emp_003034
emp_003031,emp_003034
emp_003032,emp_003034
emp_003033,emp_003034
emp_003034,emp_005053
emp_003035,emp_003034
emp_003036,emp_003038
emp_003037,emp_003038
emp_003038,emp_005053
emp_003039,emp_003038
emp_003040,emp_003038
emp_003041,emp_003046
emp_003042,emp_003046
emp_003043,emp_003046
emp_003044,emp_003046
emp_003045,emp_003046
emp_003046,emp_005053
emp_003047,emp_003049
emp_003048,emp_003049
emp_003049,emp_005053
emp_003050,emp_003049
emp_003051,emp_003049
emp_003052,emp_003049
emp_003053,emp_003049
emp_003054,emp_005053
emp_003055,emp_003054
emp_003056,emp_003054
emp_003057,emp_003062
emp_003058,emp_003062
emp_003059,emp_003062
emp_003060,emp_003062
emp_003061,emp_003062
emp_003062,emp_005053
emp_003063,emp_005053
emp_003064,emp_003063
emp_003065,emp_003063
emp_003066,emp_003063
emp_003067,emp_003063
emp_003068,emp_003069
emp_003069,emp_005053
emp_003070,emp_003069
emp_003071,emp_003069
emp_003072,emp_003069
emp_003073,emp_003069
emp_003074,emp_003075
emp_003075,emp_005053
emp_003076,emp_003075
emp_003077,emp_003075
emp_003078,emp_003075
emp_003079,emp_003075
emp_003080,emp_003075
emp_003081,emp_003075
emp_003082,emp_005053
emp_003083,emp_003082
emp_003084,emp_003082
emp_003085,emp_003082
emp_003086,emp_003090
emp_003087,emp_003090
emp_003088,emp_003090
emp_003089,emp_003090
emp_003090,emp_005053
emp_003091,emp_003090
emp_003092,emp_003093
emp_003093,emp_005053
emp_003094,emp_003093
emp_003095,emp_003093
emp_003096,emp_003093
emp_003097,emp_003093
emp_003098,emp_003093
emp_003099,emp_003093
emp_003100,emp_003101
emp_003101,emp_005053
emp_003102,emp_003101
emp_003103,emp_003101
emp_003104,emp_003101
emp_003105,emp_003101
emp_003106,emp_003101
emp_003107,emp_003101
emp_003108,emp_003101
emp_003109,emp_003113
emp_003110,emp_003113
emp_003111,emp_003113
emp_003112,emp_003113
emp_003113,emp_005053
emp_003114,emp_003116
emp_003115,emp_003116
emp_003116,emp_005053
emp_003117,emp_003116
emp_003118,emp_003116
emp_003119,emp_003116
emp_003120,emp_003116
emp_003121,emp_003116
emp_003122,emp_005053
emp_003123,emp_003122
emp_003124,emp_003122
emp_003125,emp_003122
emp_003126,emp_003122
emp_003127,emp_003122
emp_003128,emp_003122
emp_003129,emp_003134
emp_003130,emp_003134
emp_003131,emp_003134
emp_003132,emp_003134
emp_003133,emp_003134
emp_003134,emp_005053
emp_003135,emp_003134
emp_003136,emp_003139
emp_003137,emp_003139
emp_003138,emp_003139
emp_003139,emp_005053
emp_003140,emp_003139
emp_003141,emp_003139
emp_003142,emp_003148
emp_003143,emp_003148
emp_003144,emp_003148
emp_003145,emp_003148
emp_003146,emp_003148
emp_003147,emp_003148
emp_003148,emp_005053
emp_003149,emp_003153
emp_003150,emp_003153
emp_003151,emp_003153
emp_003152,emp_003153
emp_003153,emp_005053
emp_003154,emp_003153
emp_003155,emp_003153
emp_003156,emp_003153
emp_003157,emp_005053
emp_003158,emp_003157
emp_003159,emp_003157
emp_003160,emp_003157
emp_003161,emp_003157
emp_003162,emp_003164
emp_003163,emp_003164
emp_003164,emp_005053
emp_003165,emp_003164
emp_003166,emp_003164
emp_003167,emp_003164
emp_003168,emp_003164
emp_003169,emp_003170
emp_003170,emp_005053
emp_003171,emp_003170
emp_003172,emp_003170
emp_003173,emp_005053
emp_003174,emp_003173
emp_003175,emp_003173
emp_003176,emp_003173
emp_003177,emp_003178
emp_003178,emp_005053
emp_003179,emp_003178
emp_003180,emp_003178
emp_003181,emp_003178
emp_003182,emp_003178
emp_003183,emp_003178
emp_003184,emp_003178
emp_003185,emp_005053
emp_003186,emp_003185
emp_003187,emp_003185
emp_003188,emp_003185
emp_003189,emp_003185
emp_003190,emp_003185
emp_003191,emp_003193
emp_003192,emp_003193
emp_003193,emp_005053
emp_003194,emp_003193
emp_003195,emp_003193
emp_003196,emp_003201
emp_003197,emp_003201
emp_003198,emp_003201
emp_003199,emp_003201
emp_003200,emp_003201
emp_003201,emp_005053
emp_003202,emp_003201
emp_003203,emp_005053
emp_003204,emp_003203
emp_003205,emp_003203
emp_003206,emp_003203
emp_003207,emp_003203
emp_003208,emp_003203
emp_003209,emp_003203
emp_003210,emp_003203
emp_003211,emp_005053
emp_003212,emp_003211
emp_003213,emp_003211
emp_003214,emp_003211
emp_003215,emp_003211
emp_003216,emp_003211
emp_003217,emp_003211
emp_003218,emp_003222
emp_003219,emp_003222
emp_003220,emp_003222
emp_003221,emp_003222
emp_003222,emp_005053
emp_003223,emp_003222
emp_003224,emp_003222
emp_003225,emp_003222
emp_003226,emp_003222
emp_003227,emp_003230
emp_003228,emp_003230
emp_003229,emp_003230
emp_003230,emp_005053
emp_003231,emp_003230
emp_003232,emp_003234
emp_003233,emp_003234
emp_003234,emp_005053
emp_003235,emp_003234
emp_003236,emp_003234
emp_003237,emp_003241
emp_003238,emp_003241
emp_003239,emp_003241
emp_003240,emp_003241
emp_003241,emp_005053
emp_003242,emp_003241
emp_003243,emp_003241
emp_003244,emp_003241
emp_003245,emp_003249
emp_003246,emp_003249
emp_003247,emp_003249
emp_003248,emp_003249
emp_003249,emp_005053
emp_003250,emp_005053
emp_003251,emp_003250
emp_003252,emp_003250
emp_003253,emp_003250
emp_003254,emp_003250
emp_003255,emp_003250
emp_003256,emp_003250
emp_003257,emp_003250
emp_003258,emp_005053
emp_003259,emp_003258
emp_003260,emp_003258
emp_003261,emp_003262
emp_003262,emp_005053
emp_003263,emp_003262
emp_003264,emp_003262
emp_003265,emp_003262
emp_003266,emp_005053
emp_003267,emp_003266
emp_003268,emp_003266
emp_003269,emp_003266
emp_003270,emp_003266
emp_003271,emp_003266
emp_003272,emp_003274
emp_003273,emp_003274
emp_003274,emp_005053
emp_003275,emp_003274
emp_003276,emp_003274
emp_003277,emp_003274
emp_003278,emp_003281
emp_003279,emp_003281
emp_003280,emp_003281
emp_003281,emp_005053
emp_003282,emp_003281
emp_003283,emp_003281
emp_003284,emp_003281
emp_003285,emp_003281
emp_003286,emp_003281
emp_003287,emp_003281
emp_003288,emp_003292
emp_003289,emp_003292
emp_003290,emp_003292
emp_003291,emp_003292
emp_003292,emp_005053
emp_003293,emp_003295
emp_003294,emp_003295
emp_003295,emp_005053
emp_003296,emp_003295
emp_003297,emp_003295
emp_003298,emp_003295
emp_003299,emp_003300
emp_003300,emp_005053
emp_003301,emp_003300
emp_003302,emp_003300
emp_003303,emp_003300
emp_003304,emp_003300
emp_003305,emp_003300
emp_003306,emp_005053
emp_003307,emp_003306
emp_003308,emp_003306
emp_003309,emp_003306
emp_003310,emp_003306
emp_003311,emp_003306
emp_003312,emp_003314
emp_003313,emp_003314
emp_003314,emp_005053
emp_003315,emp_003314
emp_003316,emp_003314
emp_003317,emp_003314
emp_003318,emp_003314
emp_003319,emp_003314
emp_003320,emp_003314
emp_003321,emp_003322
emp_003322,emp_005053
emp_003323,emp_003322
emp_003324,emp_003322
emp_003325,emp_003322
emp_003326,emp_003330
emp_003327,emp_003330
emp_003328,emp_003330
emp_003329,emp_003330
emp_003330,emp_005053
emp_003331,emp_003334
emp_003332,emp_003334
emp_003333,emp_003334
emp_003334,emp_005053
emp_003335,emp_003334
emp_003336,emp_003343
emp_003337,emp_003343
emp_003338,emp_003343
emp_003339,emp_003343
emp_003340,emp_003343
emp_003341,emp_003343
emp_003342,emp_003343
emp_003343,emp_005053
emp_003344,emp_003350
emp_003345,emp_003350
emp_003346,emp_003350
emp_003347,emp_003350
emp_003348,emp_003350
emp_003349,emp_003350
emp_003350,emp_005053
emp_003351,emp_003354
emp_003352,emp_003354
emp_003353,emp_003354
emp_003354,emp_005053
emp_003355,emp_003354
emp_003356,emp_003354
emp_003357,emp_003354
emp_003358,emp_003360
emp_003359,emp_003360
emp_003360,emp_005053
emp_003361,emp_003360
emp_003362,emp_003360
emp_003363,emp_003360
emp_003364,emp_003360
emp_003365,emp_003367
emp_003366,emp_003367
emp_003367,emp_005053
emp_003368,emp_003367
emp_003369,emp_003375
emp_003370,emp_003375
emp_003371,emp_003375
emp_003372,emp_003375
emp_003373,emp_003375
emp_003374,emp_003375
emp_003375,emp_005053
emp_003376,emp_003377
emp_003377,emp_005053
emp_003378,emp_003377
emp_003379,emp_003377
emp_003380,emp_003377
emp_003381,emp_003377
emp_003382,emp_003377
emp_003383,emp_003388
emp_003384,emp_003388
emp_003385,emp_003388
emp_003386,emp_003388
emp_003387,emp_003388
emp_003388,emp_005053
emp_003389,emp_003388
emp_003390,emp_003388
emp_003391,emp_003388
emp_003392,emp_003393
emp_003393,emp_005053
emp_003394,emp_003393
emp_003395,emp_003393
emp_003396,emp_003393
emp_003397,emp_003393
emp_003398,emp_003393
emp_003399,emp_003403
emp_003400,emp_003403
emp_003401,emp_003403
emp_003402,emp_003403
emp_003403,emp_005053
emp_003404,emp_003409
emp_003405,emp_003409
emp_003406,emp_003409
emp_003407,emp_003409
emp_003408,emp_003409
emp_003409,emp_005053
emp_003410,emp_003417
emp_003411,emp_003417
emp_003412,emp_003417
emp_003413,emp_003417
emp_003414,emp_003417
emp_003415,emp_003417
emp_003416,emp_003417
emp_003417,emp_005053
emp_003418,emp_003417
emp_003419,emp_003417
emp_003420,emp_003421
emp_003421,emp_005053
emp_003422,emp_003421
emp_003423,emp_003421
emp_003424,emp_005053
emp_003425,emp_003424
emp_003426,emp_003424
emp_003427,emp_003424
emp_003428,emp_003431
emp_003429,emp_003431
emp_003430,emp_003431
emp_003431,emp_005053
emp_003432,emp_003431
emp_003433,emp_003431
emp_003434,emp_003431
emp_003435,emp_003441
emp_003436,emp_003441
emp_003437,emp_003441
emp_003438,emp_003441
emp_003439,emp_003441
emp_003440,emp_003441
emp_003441,emp_005053
emp_003442,emp_003441
emp_003443,emp_003441
emp_003444,emp_003449
emp_003445,emp_003449
emp_003446,emp_003449
emp_003447,emp_003449
emp_003448,emp_003449
emp_003449,emp_005053
emp_003450,emp_003449
emp_003451,emp_003454
emp_003452,emp_003454
emp_003453,emp_003454
emp_003454,emp_005053
emp_003455,emp_003459
emp_003456,emp_003459
emp_003457,emp_003459
emp_003458,emp_003459
emp_003459,emp_005053
emp_003460,emp_003459
emp_003461,emp_003459
emp_003462,emp_003459
emp_003463,emp_003459
emp_003464,emp_003459
emp_003465,emp_003459
emp_003466,emp_003469
emp_003467,emp_003469
emp_003468,emp_003469
emp_003469,emp_005053
emp_003470,emp_003469
emp_003471,emp_003473
emp_003472,emp_003473
emp_003473,emp_005053
emp_003474,emp_003473
emp_003475,emp_003473
emp_003476,emp_003473
emp_003477,emp_003473
emp_003478,emp_003473
emp_003479,emp_003482
emp_003480,emp_003482
emp_003481,emp_003482
emp_003482,emp_005053
emp_003483,emp_003482
emp_003484,emp_003482
emp_003485,emp_003482
emp_003486,emp_003482
emp_003487,emp_003482
emp_003488,emp_003490
emp_003489,emp_003490
emp_003490,emp_005053
emp_003491,emp_003490
emp_003492,emp_003490
emp_003493,emp_003490
emp_003494,emp_003490
emp_003495,emp_003501
emp_003496,emp_003501
emp_003497,emp_003501
emp_003498,emp_003501
emp_003499,emp_003501
emp_003500,emp_003501
emp_003501,emp_005053
emp_003502,emp_003501
emp_003503,emp_003505
emp_003504,emp_003505
emp_003505,emp_005053
emp_003506,emp_003505
emp_003507,emp_003505
emp_003508,emp_003505
emp_003509,emp_003505
emp_003510,emp_003505
emp_003511,emp_003505
emp_003512,emp_003515
emp_003513,emp_003515
emp_003514,emp_003515
emp_003515,emp_005053
emp_003516,emp_005053
emp_003517,emp_003516
emp_003518,emp_003516
emp_003519,emp_003516
emp_003520,emp_003516
emp_003521,emp_003516
emp_003522,emp_003516
emp_003523,emp_003516
emp_003524,emp_005053
emp_003525,emp_003524
emp_003526,emp_003524
emp_003527,emp_003524
emp_003528,emp_003524
emp_003529,emp_003524
emp_003530,emp_003524
emp_003531,emp_003524
emp_003532,emp_003524
emp_003533,emp_003534
emp_003534,emp_005053
emp_003535,emp_003534
emp_003536,emp_003534
emp_003537,emp_003534
emp_003538,emp_003534
emp_003539,emp_003534
emp_003540,emp_003534
emp_003541,emp_003534
emp_003542,emp_005053
emp_003543,emp_003542
emp_003544,emp_003542
emp_003545,emp_003542
emp_003546,emp_003542
emp_003547,emp_003542
emp_003548,emp_003553
emp_003549,emp_003553
emp_003550,emp_003553
emp_003551,emp_003553
emp_003552,emp_003553
emp_003553,emp_005053
emp_003554,emp_003553
emp_003555,emp_003558
emp_003556,emp_003558
emp_003557,emp_003558
emp_003558,emp_005053
emp_003559,emp_003558
emp_003560,emp_005053
emp_003561,emp_003560
emp_003562,emp_003560
emp_003563,emp_003560
emp_003564,emp_003560
emp_003565,emp_003568
emp_003566,emp_003568
emp_003567,emp_003568
emp_003568,emp_005053
emp_003569,emp_003568
emp_003570,emp_003573
emp_003571,emp_003573
emp_003572,emp_003573
emp_003573,emp_005053
emp_003574,emp_003573
emp_003575,emp_003573
emp_003576,emp_003573
emp_003577,emp_003573
emp_003578,emp_003580
emp_003579,emp_003580
emp_003580,emp_005053
emp_003581,emp_003580
emp_003582,emp_003580
emp_003583,emp_003580
emp_003584,emp_003580
emp_003585,emp_003586
emp_003586,emp_005053
emp_003587,emp_003586
emp_003588,emp_003586
emp_003589,emp_003586
emp_003590,emp_003586
emp_003591,emp_003586
emp_003592,emp_003586
emp_003593,emp_003586
emp_003594,emp_005053
emp_003595,emp_003594
emp_003596,emp_003597
emp_003597,emp_005053
emp_003598,emp_003597
emp_003599,emp_003597
emp_003600,emp_003597
emp_003601,emp_003605
emp_003602,emp_003605
emp_003603,emp_003605
emp_003604,emp_003605
emp_003605,emp_005053
emp_003606,emp_003605
emp_003607,emp_003605
emp_003608,emp_003615
emp_003609,emp_003615
emp_003610,emp_003615
emp_003611,emp_003615
emp_003612,emp_003615
emp_003613,emp_003615
emp_003614,emp_003615
emp_003615,emp_005053
emp_003616,emp_003615
emp_003617,emp_003615
emp_003618,emp_005053
emp_003619,emp_003618
emp_003620,emp_003618
emp_003621,emp_003618
emp_003622,emp_003618
emp_003623,emp_005053
emp_003624,emp_003623
emp_003625,emp_003623
emp_003626,emp_003628
emp_003627,emp_003628
emp_003628,emp_005053
emp_003629,emp_003628
emp_003630,emp_003628
emp_003631,emp_003635
emp_003632,emp_003635
emp_003633,emp_003635
emp_003634,emp_003635
emp_003635,emp_005053
emp_003636,emp_003635
emp_003637,emp_003641
emp_003638,emp_003641
emp_003639,emp_003641
emp_003640,emp_003641
emp_003641,emp_005053
emp_003642,emp_003641
emp_003643,emp_003641
emp_003644,emp_003641
emp_003645,emp_003648
emp_003646,emp_003648
emp_003647,emp_003648
emp_003648,emp_005053
emp_003649,emp_003648
emp_003650,emp_003648
emp_003651,emp_003648
emp_003652,emp_003648
emp_003653,emp_003648
emp_003654,emp_003656
emp_003655,emp_003656
emp_003656,emp_005053
emp_003657,emp_003656
emp_003658,emp_003656
emp_003659,emp_003656
emp_003660,emp_003656
emp_003661,emp_003656
emp_003662,emp_003666
emp_003663,emp_003666
emp_003664,emp_003666
emp_003665,emp_003666
emp_003666,emp_005053
emp_003667,emp_003666
emp_003668,emp_003676
emp_003669,emp_003676
emp_003670,emp_003676
emp_003671,emp_003676
emp_003672,emp_003676
emp_003673,emp_003676
emp_003674,emp_003676
emp_003675,emp_003676
emp_003676,emp_005053
emp_003677,emp_003676
emp_003678,emp_003676
emp_003679,emp_005053
emp_003680,emp_003679
emp_003681,emp_003679
emp_003682,emp_003679
emp_003683,emp_003679
emp_003684,emp_005053
emp_003685,emp_003684
emp_003686,emp_003684
emp_003687,emp_003684
emp_003688,emp_003684
emp_003689,emp_003684
emp_003690,emp_003684
emp_003691,emp_003692
emp_003692,emp_005053
emp_003693,emp_003692
emp_003694,emp_003692
emp_003695,emp_003692
emp_003696,emp_003692
emp_003697,emp_003692
emp_003698,emp_003692
emp_003699,emp_005053
emp_003700,emp_003699
emp_003701,emp_003699
emp_003702,emp_003699
emp_003703,emp_003699
emp_003704,emp_003699
emp_003705,emp_005053
emp_003706,emp_003705
emp_003707,emp_003705
emp_003708,emp_003705
emp_003709,emp_003705
emp_003710,emp_003705
emp_003711,emp_003718
emp_003712,emp_003718
emp_003713,emp_003718
emp_003714,emp_003718
emp_003715,emp_003718
emp_003716,emp_003718
emp_003717,emp_003718
emp_003718,emp_005053
emp_003719,emp_003723
emp_003720,emp_003723
emp_003721,emp_003723
emp_003722,emp_003723
emp_003723,emp_005053
emp_003724,emp_003727
emp_003725,emp_003727
emp_003726,emp_003727
emp_003727,emp_005053
emp_003728,emp_003727
emp_003729,emp_003727
emp_003730,emp_003734
emp_003731,emp_003734
emp_003732,emp_003734
emp_003733,emp_003734
emp_003734,emp_005053
emp_003735,emp_003734
emp_003736,emp_003742
emp_003737,emp_003742
emp_003738,emp_003742
emp_003739,emp_003742
emp_003740,emp_003742
emp_003741,emp_003742
emp_003742,emp_005053
emp_003743,emp_003742
emp_003744,emp_003742
emp_003745,emp_003742
emp_003746,emp_003742
emp_003747,emp_003750
emp_003748,emp_003750
emp_003749,emp_003750
emp_003750,emp_005053
emp_003751,emp_003750
emp_003752,emp_003750
emp_003753,emp_003750
emp_003754,emp_003750
emp_003755,emp_003756
emp_003756,emp_005053
emp_003757,emp_003756
emp_003758,emp_003756
emp_003759,emp_003756
emp_003760,emp_003763
emp_003761,emp_003763
emp_003762,emp_003763
emp_003763,emp_005053
emp_003764,emp_003763
emp_003765,emp_003763
emp_003766,emp_003763
emp_003767,emp_003763
emp_003768,emp_003769
emp_003769,emp_005053
emp_003770,emp_003769
emp_003771,emp_003769
emp_003772,emp_003769
emp_003773,emp_003776
emp_003774,emp_003776
emp_003775,emp_003776
emp_003776,emp_005053
emp_003777,emp_003776
emp_003778,emp_003776
emp_003779,emp_003776
emp_003780,emp_005053
emp_003781,emp_003780
emp_003782,emp_003780
emp_003783,emp_003785
emp_003784,emp_003785
emp_003785,emp_005053
emp_003786,emp_003785
emp_003787,emp_003785
emp_003788,emp_003785
emp_003789,emp_003785
emp_003790,emp_003785
emp_003791,emp_003792
emp_003792,emp_005053
emp_003793,emp_003792
emp_003794,emp_003792
emp_003795,emp_003792
emp_003796,emp_003792
emp_003797,emp_003798
emp_003798,emp_005053
emp_003799,emp_003798
emp_003800,emp_003798
emp_003801,emp_003805
emp_003802,emp_003805
emp_003803,emp_003805
emp_003804,emp_003805
emp_003805,emp_005053
emp_003806,emp_003805
emp_003807,emp_003805
emp_003808,emp_003814
emp_003809,emp_003814
emp_003810,emp_003814
emp_003811,emp_003814
emp_003812,emp_003814
emp_003813,emp_003814
emp_003814,emp_005053
emp_003815,emp_003814
emp_003816,emp_003819
emp_003817,emp_003819
emp_003818,emp_003819
emp_003819,emp_005053
emp_003820,emp_003819
emp_003821,emp_003819
emp_003822,emp_003819
emp_003823,emp_005053
emp_003824,emp_003823
emp_003825,emp_003823
emp_003826,emp_003823
emp_003827,emp_003823
emp_003828,emp_003823
emp_003829,emp_003823
emp_003830,emp_005053
emp_003831,emp_003830
emp_003832,emp_003830
emp_003833,emp_003830
emp_003834,emp_005053
emp_003835,emp_003834
emp_003836,emp_003834
emp_003837,emp_003834
emp_003838,emp_003834
emp_003839,emp_003834
emp_003840,emp_003834
emp_003841,emp_003834
emp_003842,emp_005053
emp_003843,emp_003842
emp_003844,emp_003845
emp_003845,emp_005053
emp_003846,emp_003845
emp_003847,emp_003845
emp_003848,emp_003845
emp_003849,emp_003845
emp_003850,emp_003852
emp_003851,emp_003852
emp_003852,emp_005053
emp_003853,emp_003852
emp_003854,emp_003852
emp_003855,emp_003852
emp_003856,emp_003852
emp_003857,emp_003852
emp_003858,emp_003852
emp_003859,emp_003852
emp_003860,emp_003852
emp_003861,emp_003862
emp_003862,emp_005053
emp_003863,emp_003862
emp_003864,emp_003862
emp_003865,emp_003867
emp_003866,emp_003867
emp_003867,emp_005053
emp_003868,emp_003871
emp_003869,emp_003871
emp_003870,emp_003871
emp_003871,emp_005053
emp_003872,emp_003871
emp_003873,emp_003875
emp_003874,emp_003875
emp_003875,emp_005053
emp_003876,emp_003875
emp_003877,emp_003875
emp_003878,emp_003875
emp_003879,emp_003875
emp_003880,emp_003884
emp_003881,emp_003884
emp_003882,emp_003884
emp_003883,emp_003884
emp_003884,emp_005053
emp_003885,emp_003884
emp_003886,emp_003888
emp_003887,emp_003888
emp_003888,emp_005053
emp_003889,emp_003888
emp_003890,emp_003888
emp_003891,emp_003888
emp_003892,emp_003888
emp_003893,emp_003888
emp_003894,emp_003888
emp_003895,emp_003898
emp_003896,emp_003898
emp_003897,emp_003898
emp_003898,emp_005053
emp_003899,emp_003898
emp_003900,emp_003898
emp_003901,emp_003898
emp_003902,emp_003903
emp_003903,emp_005053
emp_003904,emp_003903
emp_003905,emp_003903
emp_003906,emp_003903
emp_003907,emp_003908
emp_003908,emp_005053
emp_003909,emp_003908
emp_003910,emp_003908
emp_003911,emp_003908
emp_003912,emp_003908
emp_003913,emp_003908
emp_003914,emp_003908
emp_003915,emp_003919
emp_003916,emp_003919
emp_003917,emp_003919
emp_003918,emp_003919
emp_003919,emp_005053
emp_003920,emp_003919
emp_003921,emp_005053
emp_003922,emp_003921
emp_003923,emp_003921
emp_003924,emp_003921
emp_003925,emp_003921
emp_003926,emp_003921
emp_003927,emp_003921
emp_003928,emp_003921
emp_003929,emp_003935
emp_003930,emp_003935
emp_003931,emp_003935
emp_003932,emp_003935
emp_003933,emp_003935
emp_003934,emp_003935
emp_003935,emp_005053
emp_003936,emp_003935
emp_003937,emp_003935
emp_003938,emp_003942
emp_003939,emp_003942
emp_003940,emp_003942
emp_003941,emp_003942
emp_003942,emp_005053
emp_003943,emp_003942
emp_003944,emp_003942
emp_003945,emp_003942
emp_003946,emp_003953
emp_003947,emp_003953
emp_003948,emp_003953
emp_003949,emp_003953
emp_003950,emp_003953
emp_003951,emp_003953
emp_003952,emp_003953
emp_003953,emp_005053
emp_003954,emp_003953
emp_003955,emp_005053
emp_003956,emp_003955
emp_003957,emp_003955
emp_003958,emp_003955
emp_003959,emp_003962
emp_003960,emp_003962
emp_003961,emp_003962
emp_003962,emp_005053
emp_003963,emp_003962
emp_003964,emp_003962
emp_003965,emp_003969
emp_003966,emp_003969
emp_003967,emp_003969
emp_003968,emp_003969
emp_003969,emp_005053
emp_003970,emp_003969
emp_003971,emp_003969
emp_003972,emp_003975
emp_003973,emp_003975
emp_003974,emp_003975
emp_003975,emp_005053
emp_003976,emp_003977
emp_003977,emp_005053
emp_003978,emp_003977
emp_003979,emp_003977
emp_003980,emp_003977
emp_003981,emp_003977
emp_003982,emp_003977
emp_003983,emp_003977
emp_003984,emp_003977
emp_003985,emp_003986
emp_003986,emp_005053
emp_003987,emp_003986
emp_003988,emp_003986
emp_003989,emp_003986
emp_003990,emp_003986
emp_003991,emp_003986
emp_003992,emp_003986
emp_003993,emp_003986
emp_003994,emp_005053
emp_003995,emp_003994
emp_003996,emp_003994
emp_003997,emp_003994
emp_003998,emp_003994
emp_003999,emp_003994
emp_004000,emp_003994
emp_004001,emp_003994
emp_004002,emp_004004
emp_004003,emp_004004
emp_004004,emp_005053
emp_004005,emp_004004
emp_004006,emp_004004
emp_004007,emp_004004
emp_004008,emp_004004
emp_004009,emp_004004
emp_004010,emp_005053
emp_004011,emp_004010
emp_004012,emp_004010
emp_004013,emp_004010
emp_004014,emp_004010
emp_004015,emp_004010
emp_004016,emp_004020
emp_004017,emp_004020
emp_004018,emp_004020
emp_004019,emp_004020
emp_004020,emp_005053
emp_004021,emp_004025
emp_004022,emp_004025
emp_004023,emp_004025
emp_004024,emp_004025
emp_004025,emp_005053
emp_004026,emp_004030
emp_004027,emp_004030
emp_004028,emp_004030
emp_004029,emp_004030
emp_004030,emp_005053
emp_004031,emp_004030
emp_004032,emp_004033
emp_004033,emp_005053
emp_004034,emp_004033
emp_004035,emp_004033
emp_004036,emp_004033
emp_004037,emp_004033
emp_004038,emp_004033
emp_004039,emp_005053
emp_004040,emp_004039
emp_004041,emp_004039
emp_004042,emp_004039
emp_004043,emp_004039
emp_004044,emp_004039
emp_004045,emp_004049
emp_004046,emp_004049
emp_004047,emp_004049
emp_004048,emp_004049
emp_004049,emp_005053
emp_004050,emp_004049
emp_004051,emp_004049
emp_004052,emp_004053
emp_004053,emp_005053
emp_004054,emp_004053
emp_004055,emp_004053
emp_004056,emp_004058
emp_004057,emp_004058
emp_004058,emp_005053
emp_004059,emp_004058
emp_004060,emp_004058
emp_004061,emp_004064
emp_004062,emp_004064
emp_004063,emp_004064
emp_004064,emp_005053
emp_004065,emp_004064
emp_004066,emp_004064
emp_004067,emp_004064
emp_004068,emp_004074
emp_004069,emp_004074
emp_004070,emp_004074
emp_004071,emp_004074
emp_004072,emp_004074
emp_004073,emp_004074
emp_004074,emp_005053
emp_004075,emp_004074
emp_004076,emp_004074
emp_004077,emp_005053
emp_004078,emp_004077
emp_004079,emp_004077
emp_004080,emp_004077
emp_004081,emp_004082
emp_004082,emp_005053
emp_004083,emp_004082
emp_004084,emp_004082
emp_004085,emp_004082
emp_004086,emp_004082
emp_004087,emp_004082
emp_004088,emp_004092
emp_004089,emp_004092
emp_004090,emp_004092
emp_004091,emp_004092
emp_004092,emp_005053
emp_004093,emp_004092
emp_004094,emp_004092
emp_004095,emp_004092
emp_004096,emp_004100
emp_004097,emp_004100
emp_004098,emp_004100
emp_004099,emp_004100
emp_004100,emp_005053
emp_004101,emp_004100
emp_004102,emp_004100
emp_004103,emp_004108
emp_004104,emp_004108
emp_004105,emp_004108
emp_004106,emp_004108
emp_004107,emp_004108
emp_004108,emp_005053
emp_004109,emp_004108
emp_004110,emp_004113
emp_004111,emp_004113
emp_004112,emp_004113
emp_004113,emp_005053
emp_004114,emp_004113
emp_004115,emp_004113
emp_004116,emp_004119
emp_004117,emp_004119
emp_004118,emp_004119
emp_004119,emp_005053
emp_004120,emp_004119
emp_004121,emp_004119
emp_004122,emp_004119
emp_004123,emp_004127
emp_004124,emp_004127
emp_004125,emp_004127
emp_004126,emp_004127
emp_004127,emp_005053
emp_004128,emp_004127
emp_004129,emp_004132
emp_004130,emp_004132
emp_004131,emp_004132
emp_004132,emp_005053
emp_004133,emp_004138
emp_004134,emp_004138
emp_004135,emp_004138
emp_004136,emp_004138
emp_004137,emp_004138
emp_004138,emp_005053
emp_004139,emp_004138
emp_004140,emp_004138
emp_004141,emp_004138
emp_004142,emp_004146
emp_004143,emp_004146
emp_004144,emp_004146
emp_004145,emp_004146
emp_004146,emp_005053
emp_004147,emp_004146
emp_004148,emp_004146
emp_004149,emp_004153
emp_004150,emp_004153
emp_004151,emp_004153
emp_004152,emp_004153
emp_004153,emp_005053
emp_004154,emp_004153
emp_004155,emp_004156
emp_004156,emp_005053
emp_004157,emp_004156
emp_004158,emp_004156
emp_004159,emp_004156
emp_004160,emp_004156
emp_004161,emp_004156
emp_004162,emp_004156
emp_004163,emp_004156
emp_004164,emp_004168
emp_004165,emp_004168
emp_004166,emp_004168
emp_004167,emp_004168
emp_004168,emp_005053
emp_004169,emp_004168
emp_004170,emp_005053
emp_004171,emp_004170
emp_004172,emp_004170
emp_004173,emp_004170
emp_004174,emp_004170
emp_004175,emp_004170
emp_004176,emp_004170
emp_004177,emp_004170
emp_004178,emp_004179
emp_004179,emp_005053
emp_004180,emp_004179
emp_004181,emp_004185
emp_004182,emp_004185
emp_004183,emp_004185
emp_004184,emp_004185
emp_004185,emp_005053
emp_004186,emp_004185
emp_004187,emp_004189
emp_004188,emp_004189
emp_004189,emp_005053
emp_004190,emp_004189
emp_004191,emp_004189
emp_004192,emp_004189
emp_004193,emp_004189
emp_004194,emp_004189
emp_004195,emp_004189
emp_004196,emp_004198
emp_004197,emp_004198
emp_004198,emp_005053
emp_004199,emp_004198
emp_004200,emp_004198
emp_004201,emp_004198
emp_004202,emp_004198
emp_004203,emp_004198
emp_004204,emp_004198
emp_004205,emp_004198
emp_004206,emp_004210
emp_004207,emp_004210
emp_004208,emp_004210
emp_004209,emp_004210
emp_004210,emp_005053
emp_004211,emp_004210
emp_004212,emp_004210
emp_004213,emp_004210
emp_004214,emp_004210
emp_004215,emp_004210
emp_004216,emp_004220
emp_004217,emp_004220
emp_004218,emp_004220
emp_004219,emp_004220
emp_004220,emp_005053
emp_004221,emp_004220
emp_004222,emp_004220
emp_004223,emp_004220
emp_004224,emp_004220
emp_004225,emp_004220
emp_004226,emp_004232
emp_004227,emp_004232
emp_004228,emp_004232
emp_004229,emp_004232
emp_004230,emp_004232
emp_004231,emp_004232
emp_004232,emp_005053
emp_004233,emp_004232
emp_004234,emp_004232
emp_004235,emp_004232
emp_004236,emp_005053
emp_004237,emp_004236
emp_004238,emp_004236
emp_004239,emp_004236
emp_004240,emp_004236
emp_004241,emp_004243
emp_004242,emp_004243
emp_004243,emp_005053
emp_004244,emp_004243
emp_004245,emp_004246
emp_004246,emp_005053
emp_004247,emp_004250
emp_004248,emp_004250
emp_004249,emp_004250
emp_004250,emp_005053
emp_004251,emp_004250
emp_004252,emp_004250
emp_004253,emp_004250
emp_004254,emp_004256
emp_004255,emp_004256
emp_004256,emp_005053
emp_004257,emp_004256
emp_004258,emp_004256
emp_004259,emp_004256
emp_004260,emp_004264
emp_004261,emp_004264
emp_004262,emp_004264
emp_004263,emp_004264
emp_004264,emp_005053
emp_004265,emp_004264
emp_004266,emp_004264
emp_004267,emp_004264
emp_004268,emp_004264
emp_004269,emp_004264
emp_004270,emp_004272
emp_004271,emp_004272
emp_004272,emp_005053
emp_004273,emp_004272
emp_004274,emp_004272
emp_004275,emp_004272
emp_004276,emp_004277
emp_004277,emp_005053
emp_004278,emp_004277
emp_004279,emp_004277
emp_004280,emp_004277
emp_004281,emp_004277
emp_004282,emp_004277
emp_004283,emp_004277
emp_004284,emp_004277
emp_004285,emp_004277
emp_004286,emp_005053
emp_004287,emp_004286
emp_004288,emp_004286
emp_004289,emp_004286
emp_004290,emp_004293
emp_004291,emp_004293
emp_004292,emp_004293
emp_004293,emp_005053
emp_004294,emp_004293
emp_004295,emp_004293
emp_004296,emp_004293
emp_004297,emp_004293
emp_004298,emp_004293
emp_004299,emp_004293
emp_004300,emp_004305
emp_004301,emp_004305
emp_004302,emp_004305
emp_004303,emp_004305
emp_004304,emp_004305
emp_004305,emp_005053
emp_004306,emp_004305
emp_004307,emp_004308
emp_004308,emp_005053
emp_004309,emp_004308
emp_004310,emp_004308
emp_004311,emp_004308
emp_004312,emp_004308
emp_004313,emp_004308
emp_004314,emp_004308
emp_004315,emp_004308
emp_004316,emp_005053
emp_004317,emp_004316
emp_004318,emp_004316
emp_004319,emp_004316
emp_004320,emp_004316
emp_004321,emp_004316
emp_004322,emp_004316
emp_004323,emp_004316
emp_004324,emp_004316
emp_004325,emp_004328
emp_004326,emp_004328
emp_004327,emp_004328
emp_004328,emp_005053
emp_004329,emp_004328
emp_004330,emp_004336
emp_004331,emp_004336
emp_004332,emp_004336
emp_004333,emp_004336
emp_004334,emp_004336
emp_004335,emp_004336
emp_004336,emp_005053
emp_004337,emp_004336
emp_004338,emp_004336
emp_004339,emp_004340
emp_004340,emp_005053
emp_004341,emp_004340
emp_004342,emp_004340
emp_004343,emp_004340
emp_004344,emp_004340
emp_004345,emp_004348
emp_004346,emp_004348
emp_004347,emp_004348
emp_004348,emp_005053
emp_004349,emp_004348
emp_004350,emp_004348
emp_004351,emp_004348
emp_004352,emp_004348
emp_004353,emp_004348
emp_004354,emp_004358
emp_004355,emp_004358
emp_004356,emp_004358
emp_004357,emp_004358
emp_004358,emp_005053
emp_004359,emp_004358
emp_004360,emp_004358
emp_004361,emp_004358
emp_004362,emp_004368
emp_004363,emp_004368
emp_004364,emp_004368
emp_004365,emp_004368
emp_004366,emp_004368
emp_004367,emp_004368
emp_004368,emp_005053
emp_004369,emp_004368
emp_004370,emp_004372
emp_004371,emp_004372
emp_004372,emp_005053
emp_004373,emp_004372
emp_004374,emp_004372
emp_004375,emp_004372
emp_004376,emp_004378
emp_004377,emp_004378
emp_004378,emp_005053
emp_004379,emp_004378
emp_004380,emp_004378
emp_004381,emp_004378
emp_004382,emp_004388
emp_004383,emp_004388
emp_004384,emp_004388
emp_004385,emp_004388
emp_004386,emp_004388
emp_004387,emp_004388
emp_004388,emp_005053
emp_004389,emp_005053
emp_004390,emp_004389
emp_004391,emp_004393
emp_004392,emp_004393
emp_004393,emp_005053
emp_004394,emp_004393
emp_004395,emp_004393
emp_004396,emp_004393
emp_004397,emp_004393
emp_004398,emp_004393
emp_004399,emp_004393
emp_004400,emp_004402
emp_004401,emp_004402
emp_004402,emp_005053
emp_004403,emp_004402
emp_004404,emp_004402
emp_004405,emp_004402
emp_004406,emp_004402
emp_004407,emp_004408
emp_004408,emp_005053
emp_004409,emp_004408
emp_004410,emp_004408
emp_004411,emp_004408
emp_004412,emp_004408
emp_004413,emp_004408
emp_004414,emp_004415
emp_004415,emp_005053
emp_004416,emp_004415
emp_004417,emp_004415
emp_004418,emp_004415
emp_004419,emp_004422
emp_004420,emp_004422
emp_004421,emp_004422
emp_004422,emp_005053
emp_004423,emp_004422
emp_004424,emp_004422
emp_004425,emp_004422
emp_004426,emp_004427
emp_004427,emp_005053
emp_004428,emp_004427
emp_004429,emp_004427
emp_004430,emp_004427
emp_004431,emp_004427
emp_004432,emp_004433
emp_004433,emp_005053
emp_004434,emp_004433
emp_004435,emp_004433
emp_004436,emp_004433
emp_004437,emp_004433
emp_004438,emp_004433
emp_004439,emp_004433
emp_004440,emp_004433
emp_004441,emp_004433
emp_004442,emp_005053
emp_004443,emp_004442
emp_004444,emp_004442
emp_004445,emp_004442
emp_004446,emp_004447
emp_004447,emp_005053
emp_004448,emp_004447
emp_004449,emp_004447
emp_004450,emp_004447
emp_004451,emp_004447
emp_004452,emp_004447
emp_004453,emp_004447
emp_004454,emp_004447
emp_004455,emp_004456
emp_004456,emp_005053
emp_004457,emp_004456
emp_004458,emp_004456
emp_004459,emp_004456
emp_004460,emp_004462
emp_004461,emp_004462
emp_004462,emp_005053
emp_004463,emp_004462
emp_004464,emp_004462
emp_004465,emp_004462
emp_004466,emp_004462
emp_004467,emp_005053
emp_004468,emp_004467
emp_004469,emp_004467
emp_004470,emp_004467
emp_004471,emp_004467
emp_004472,emp_004467
emp_004473,emp_004474
emp_004474,emp_005053
emp_004475,emp_004474
emp_004476,emp_004474
emp_004477,emp_004474
emp_004478,emp_005053
emp_004479,emp_004478
emp_004480,emp_004478
emp_004481,emp_005053
emp_004482,emp_004481
emp_004483,emp_004481
emp_004484,emp_004481
emp_004485,emp_004481
emp_004486,emp_004481
emp_004487,emp_004481
emp_004488,emp_004481
emp_004489,emp_004491
emp_004490,emp_004491
emp_004491,emp_005053
emp_004492,emp_004495
emp_004493,emp_004495
emp_004494,emp_004495
emp_004495,emp_005053
emp_004496,emp_004495
emp_004497,emp_004495
emp_004498,emp_004502
emp_004499,emp_004502
emp_004500,emp_004502
emp_004501,emp_004502
emp_004502,emp_005053
emp_004503,emp_004502
emp_004504,emp_004502
emp_004505,emp_004502
emp_004506,emp_004502
emp_004507,emp_004515
emp_004508,emp_004515
emp_004509,emp_004515
emp_004510,emp_004515
emp_004511,emp_004515
emp_004512,emp_004515
emp_004513,emp_004515
emp_004514,emp_004515
emp_004515,emp_005053
emp_004516,emp_004520
emp_004517,emp_004520
emp_004518,emp_004520
emp_004519,emp_004520
emp_004520,emp_005053
emp_004521,emp_004520
emp_004522,emp_004520
emp_004523,emp_004525
emp_004524,emp_004525
emp_004525,emp_005053
emp_004526,emp_004525
emp_004527,emp_005053
emp_004528,emp_004527
emp_004529,emp_004527
emp_004530,emp_004527
emp_004531,emp_004527
emp_004532,emp_004527
emp_004533,emp_004534
emp_004534,emp_005053
emp_004535,emp_004534
emp_004536,emp_004534
emp_004537,emp_004534
emp_004538,emp_004534
emp_004539,emp_004534
emp_004540,emp_005053
emp_004541,emp_004540
emp_004542,emp_004540
emp_004543,emp_004540
emp_004544,emp_004540
emp_004545,emp_004549
emp_004546,emp_004549
emp_004547,emp_004549
emp_004548,emp_004549
emp_004549,emp_005053
emp_004550,emp_004549
emp_004551,emp_004549
emp_004552,emp_004549
emp_004553,emp_004549
emp_004554,emp_004557
emp_004555,emp_004557
emp_004556,emp_004557
emp_004557,emp_005053
emp_004558,emp_004557
emp_004559,emp_004557
emp_004560,emp_004557
emp_004561,emp_004566
emp_004562,emp_004566
emp_004563,emp_004566
emp_004564,emp_004566
emp_004565,emp_004566
emp_004566,emp_005053
emp_004567,emp_004566
emp_004568,emp_004573
emp_004569,emp_004573
emp_004570,emp_004573
emp_004571,emp_004573
emp_004572,emp_004573
emp_004573,emp_005053
emp_004574,emp_004573
emp_004575,emp_005053
emp_004576,emp_004575
emp_004577,emp_004575
emp_004578,emp_004575
emp_004579,emp_004581
emp_004580,emp_004581
emp_004581,emp_005053
emp_004582,emp_004581
emp_004583,emp_004581
emp_004584,emp_004586
emp_004585,emp_004586
emp_004586,emp_005053
emp_004587,emp_004586
emp_004588,emp_004586
emp_004589,emp_004596
emp_004590,emp_004596
emp_004591,emp_004596
emp_004592,emp_004596
emp_004593,emp_004596
emp_004594,emp_004596
emp_004595,emp_004596
emp_004596,emp_005053
emp_004597,emp_004596
emp_004598,emp_004599
emp_004599,emp_005053
emp_004600,emp_004599
emp_004601,emp_004599
emp_004602,emp_004599
emp_004603,emp_004599
emp_004604,emp_004599
emp_004605,emp_004607
emp_004606,emp_004607
emp_004607,emp_005053
emp_004608,emp_004607
emp_004609,emp_004607
emp_004610,emp_004607
emp_004611,emp_004607
emp_004612,emp_004607
emp_004613,emp_004615
emp_004614,emp_004615
emp_004615,emp_005053
emp_004616,emp_004615
emp_004617,emp_004615
emp_004618,emp_004615
emp_004619,emp_004615
emp_004620,emp_004615
emp_004621,emp_004624
emp_004622,emp_004624
emp_004623,emp_004624
emp_004624,emp_005053
emp_004625,emp_004624
emp_004626,emp_004624
emp_004627,emp_004624
emp_004628,emp_004624
emp_004629,emp_004631
emp_004630,emp_004631
emp_004631,emp_005053
emp_004632,emp_004631
emp_004633,emp_004631
emp_004634,emp_004631
emp_004635,emp_004631
emp_004636,emp_004631
emp_004637,emp_004631
emp_004638,emp_004631
emp_004639,emp_004642
emp_004640,emp_004642
emp_004641,emp_004642
emp_004642,emp_005053
emp_004643,emp_004642
emp_004644,emp_004642
emp_004645,emp_004642
emp_004646,emp_004642
emp_004647,emp_004648
emp_004648,emp_005053
emp_004649,emp_004648
emp_004650,emp_004648
emp_004651,emp_004648
emp_004652,emp_004648
emp_004653,emp_004648
emp_004654,emp_004658
emp_004655,emp_004658
emp_004656,emp_004658
emp_004657,emp_004658
emp_004658,emp_005053
emp_004659,emp_004658
emp_004660,emp_004658
emp_004661,emp_004667
emp_004662,emp_004667
emp_004663,emp_004667
emp_004664,emp_004667
emp_004665,emp_004667
emp_004666,emp_004667
emp_004667,emp_005053
emp_004668,emp_004667
emp_004669,emp_004667
emp_004670,emp_004667
emp_004671,emp_005053
emp_004672,emp_004671
emp_004673,emp_004671
emp_004674,emp_004677
emp_004675,emp_004677
emp_004676,emp_004677
emp_004677,emp_005053
emp_004678,emp_004677
emp_004679,emp_004677
emp_004680,emp_004677
emp_004681,emp_004677
emp_004682,emp_004677
emp_004683,emp_004686
emp_004684,emp_004686
emp_004685,emp_004686
emp_004686,emp_005053
emp_004687,emp_004686
emp_004688,emp_004686
emp_004689,emp_005053
emp_004690,emp_004689
emp_004691,emp_004689
emp_004692,emp_004689
emp_004693,emp_004689
emp_004694,emp_004689
emp_004695,emp_004689
emp_004696,emp_004689
emp_004697,emp_005053
emp_004698,emp_004697
emp_004699,emp_004697
emp_004700,emp_004697
emp_004701,emp_004697
emp_004702,emp_004697
emp_004703,emp_004705
emp_004704,emp_004705
emp_004705,emp_005053
emp_004706,emp_004705
emp_004707,emp_004705
emp_004708,emp_004705
emp_004709,emp_004705
emp_004710,emp_004715
emp_004711,emp_004715
emp_004712,emp_004715
emp_004713,emp_004715
emp_004714,emp_004715
emp_004715,emp_005053
emp_004716,emp_005053
emp_004717,emp_004716
emp_004718,emp_005053
emp_004719,emp_004718
emp_004720,emp_004718
emp_004721,emp_004718
emp_004722,emp_004726
emp_004723,emp_004726
emp_004724,emp_004726
emp_004725,emp_004726
emp_004726,emp_005053
emp_004727,emp_005053
emp_004728,emp_004727
emp_004729,emp_004727
emp_004730,emp_004727
emp_004731,emp_004732
emp_004732,emp_005053
emp_004733,emp_004732
emp_004734,emp_005053
emp_004735,emp_004734
emp_004736,emp_004734
emp_004737,emp_004734
emp_004738,emp_004734
emp_004739,emp_004734
emp_004740,emp_004734
emp_004741,emp_004734
emp_004742,emp_004745
emp_004743,emp_004745
emp_004744,emp_004745
emp_004745,emp_005053
emp_004746,emp_004745
emp_004747,emp_004749
emp_004748,emp_004749
emp_004749,emp_005053
emp_004750,emp_004749
emp_004751,emp_004749
emp_004752,emp_004749
emp_004753,emp_004749
emp_004754,emp_004756
emp_004755,emp_004756
emp_004756,emp_005053
emp_004757,emp_004756
emp_004758,emp_004756
emp_004759,emp_004756
emp_004760,emp_004756
emp_004761,emp_004756
emp_004762,emp_004756
emp_004763,emp_004766
emp_004764,emp_004766
emp_004765,emp_004766
emp_004766,emp_005053
emp_004767,emp_004770
emp_004768,emp_004770
emp_004769,emp_004770
emp_004770,emp_005053
emp_004771,emp_004770
emp_004772,emp_004770
emp_004773,emp_004780
emp_004774,emp_004780
emp_004775,emp_004780
emp_004776,emp_004780
emp_004777,emp_004780
emp_004778,emp_004780
emp_004779,emp_004780
emp_004780,emp_005053
emp_004781,emp_004780
emp_004782,emp_005053
emp_004783,emp_004782
emp_004784,emp_004782
emp_004785,emp_004782
emp_004786,emp_004782
emp_004787,emp_004782
emp_004788,emp_005053
emp_004789,emp_004788
emp_004790,emp_004788
emp_004791,emp_004788
emp_004792,emp_004788
emp_004793,emp_004788
emp_004794,emp_005053
emp_004795,emp_004794
emp_004796,emp_004803
emp_004797,emp_004803
emp_004798,emp_004803
emp_004799,emp_004803
emp_004800,emp_004803
emp_004801,emp_004803
emp_004802,emp_004803
emp_004803,emp_005053
emp_004804,emp_004803
emp_004805,emp_004807
emp_004806,emp_004807
emp_004807,emp_005053
emp_004808,emp_004807
emp_004809,emp_004807
emp_004810,emp_004807
emp_004811,emp_004812
emp_004812,emp_005053
emp_004813,emp_004812
emp_004814,emp_004812
emp_004815,emp_004819
emp_004816,emp_004819
emp_004817,emp_004819
emp_004818,emp_004819
emp_004819,emp_005053
emp_004820,emp_004819
emp_004821,emp_004819
emp_004822,emp_004819
emp_004823,emp_004828
emp_004824,emp_004828
emp_004825,emp_004828
emp_004826,emp_004828
emp_004827,emp_004828
emp_004828,emp_005053
emp_004829,emp_004830
emp_004830,emp_005053
emp_004831,emp_004830
emp_004832,emp_004830
emp_004833,emp_004830
emp_004834,emp_004830
emp_004835,emp_004838
emp_004836,emp_004838
emp_004837,emp_004838
emp_004838,emp_005053
emp_004839,emp_004838
emp_004840,emp_004847
emp_004841,emp_004847
emp_004842,emp_004847
emp_004843,emp_004847
emp_004844,emp_004847
emp_004845,emp_004847
emp_004846,emp_004847
emp_004847,emp_005053
emp_004848,emp_004855
emp_004849,emp_004855
emp_004850,emp_004855
emp_004851,emp_004855
emp_004852,emp_004855
emp_004853,emp_004855
emp_004854,emp_004855
emp_004855,emp_005053
emp_004856,emp_004861
emp_004857,emp_004861
emp_004858,emp_004861
emp_004859,emp_004861
emp_004860,emp_004861
emp_004861,emp_005053
emp_004862,emp_004866
emp_004863,emp_004866
emp_004864,emp_004866
emp_004865,emp_004866
emp_004866,emp_005053
emp_004867,emp_004866
emp_004868,emp_004866
emp_004869,emp_004875
emp_004870,emp_004875
emp_004871,emp_004875
emp_004872,emp_004875
emp_004873,emp_004875
emp_004874,emp_004875
emp_004875,emp_005053
emp_004876,emp_004875
emp_004877,emp_004875
emp_004878,emp_004875
emp_004879,emp_004882
emp_004880,emp_004882
emp_004881,emp_004882
emp_004882,emp_005053
emp_004883,emp_004882
emp_004884,emp_004882
emp_004885,emp_004882
emp_004886,emp_004889
emp_004887,emp_004889
emp_004888,emp_004889
emp_004889,emp_005053
emp_004890,emp_004889
emp_004891,emp_004889
emp_004892,emp_004897
emp_004893,emp_004897
emp_004894,emp_004897
emp_004895,emp_004897
emp_004896,emp_004897
emp_004897,emp_005053
emp_004898,emp_004897
emp_004899,emp_004897
emp_004900,emp_004897
emp_004901,emp_004903
emp_004902,emp_004903
emp_004903,emp_005053
emp_004904,emp_004903
emp_004905,emp_004903
emp_004906,emp_005053
emp_004907,emp_004906
emp_004908,emp_004906
emp_004909,emp_004906
emp_004910,emp_004906
emp_004911,emp_004906
emp_004912,emp_004906
emp_004913,emp_004914
emp_004914,emp_005053
emp_004915,emp_004914
emp_004916,emp_004914
emp_004917,emp_005053
emp_004918,emp_004917
emp_004919,emp_004917
emp_004920,emp_004917
emp_004921,emp_004917
emp_004922,emp_004926
emp_004923,emp_004926
emp_004924,emp_004926
emp_004925,emp_004926
emp_004926,emp_005053
emp_004927,emp_004933
emp_004928,emp_004933
emp_004929,emp_004933
emp_004930,emp_004933
emp_004931,emp_004933
emp_004932,emp_004933
emp_004933,emp_005053
emp_004934,emp_004933
emp_004935,emp_004938
emp_004936,emp_004938
emp_004937,emp_004938
emp_004938,emp_005053
emp_004939,emp_004938
emp_004940,emp_004938
emp_004941,emp_004938
emp_004942,emp_004938
emp_004943,emp_004938
emp_004944,emp_004949
emp_004945,emp_004949
emp_004946,emp_004949
emp_004947,emp_004949
emp_004948,emp_004949
emp_004949,emp_005053
emp_004950,emp_004955
emp_004951,emp_004955
emp_004952,emp_004955
emp_004953,emp_004955
emp_004954,emp_004955
emp_004955,emp_005053
emp_004956,emp_004955
emp_004957,emp_004955
emp_004958,emp_004963
emp_004959,emp_004963
emp_004960,emp_004963
emp_004961,emp_004963
emp_004962,emp_004963
emp_004963,emp_005053
emp_004964,emp_004968
emp_004965,emp_004968
emp_004966,emp_004968
emp_004967,emp_004968
emp_004968,emp_005053
emp_004969,emp_004968
emp_004970,emp_004968
emp_004971,emp_004968
emp_004972,emp_004974
emp_004973,emp_004974
emp_004974,emp_005053
emp_004975,emp_004974
emp_004976,emp_004974
emp_004977,emp_004981
emp_004978,emp_004981
emp_004979,emp_004981
emp_004980,emp_004981
emp_004981,emp_005053
emp_004982,emp_004981
emp_004983,emp_004981
emp_004984,emp_004989
emp_004985,emp_004989
emp_004986,emp_004989
emp_004987,emp_004989
emp_004988,emp_004989
emp_004989,emp_005053
emp_004990,emp_004991
emp_004991,emp_005053
emp_004992,emp_004991
emp_004993,emp_004991
emp_004994,emp_004991
emp_004995,emp_004991
emp_004996,emp_004991
emp_004997,emp_004998
emp_004998,emp_005053
emp_004999,emp_004998
emp_005000,emp_004998
emp_005001,emp_004998
emp_005002,emp_004998
emp_005003,emp_004998
emp_005004,emp_004998
emp_005005,emp_004998
emp_005006,emp_004998
emp_005007,emp_004998
emp_005008,emp_004998
emp_005009,emp_005012
emp_005010,emp_005012
emp_005011,emp_005012
emp_005012,emp_005053
emp_005013,emp_005012
emp_005014,emp_005012
emp_005015,emp_005012
emp_005016,emp_005017
emp_005017,emp_005053
emp_005018,emp_005017
emp_005019,emp_005017
emp_005020,emp_005017
emp_005021,emp_005017
emp_005022,emp_005017
emp_005023,emp_005017
emp_005024,emp_005017
emp_005025,emp_005027
emp_005026,emp_005027
emp_005027,emp_005053
emp_005028,emp_005027
emp_005029,emp_005027
emp_005030,emp_005027
emp_005031,emp_005027
emp_005032,emp_005027
emp_005033,emp_005027
emp_005034,emp_005053
emp_005035,emp_005034
emp_005036,emp_005034
emp_005037,emp_005038
emp_005038,emp_005053
emp_005039,emp_005038
emp_005040,emp_005038
emp_005041,emp_005038
emp_005042,emp_005038
emp_005043,emp_005038
emp_005044,emp_005046
emp_005045,emp_005046
emp_005046,emp_005053
emp_005047,emp_005046
emp_005048,emp_005046
emp_005049,emp_005046
emp_005050,emp_005046
emp_005051,emp_005046
emp_005052,emp_005046
emp_005053,emp_023036
emp_005054,emp_005053
emp_005055,emp_005053
emp_005056,emp_005059
emp_005057,emp_005059
emp_005058,emp_005059
emp_005059,emp_005053
emp_005060,emp_005059
emp_005061,emp_005068
emp_005062,emp_005068
emp_005063,emp_005068
emp_005064,emp_005068
emp_005065,emp_005068
emp_005066,emp_005068
emp_005067,emp_005068
emp_005068,emp_005053
emp_005069,emp_005068
emp_005070,emp_005068
emp_005071,emp_005068
emp_005072,emp_005068
emp_005073,emp_005068
emp_005074,emp_005078
emp_005075,emp_005078
emp_005076,emp_005078
emp_005077,emp_005078
emp_005078,emp_005053
emp_005079,emp_005078
emp_005080,emp_005078
emp_005081,emp_005053
emp_005082,emp_005081
emp_005083,emp_005081
emp_005084,emp_005081
emp_005085,emp_005081
emp_005086,emp_005081
emp_005087,emp_005053
emp_005088,emp_005087
emp_005089,emp_005087
emp_005090,emp_005087
emp_005091,emp_005087
emp_005092,emp_005087
emp_005093,emp_005087
emp_005094,emp_005098
emp_005095,emp_005098
emp_005096,emp_005098
emp_005097,emp_005098
emp_005098,emp_005053
emp_005099,emp_005101
emp_005100,emp_005101
emp_005101,emp_005053
emp_005102,emp_005101
emp_005103,emp_005101
emp_005104,emp_005101
emp_005105,emp_005101
emp_005106,emp_005110
emp_005107,emp_005110
emp_005108,emp_005110
emp_005109,emp_005110
emp_005110,emp_005053
emp_005111,emp_005110
emp_005112,emp_005110
emp_005113,emp_005116
emp_005114,emp_005116
emp_005115,emp_005116
emp_005116,emp_005053
emp_005117,emp_005116
emp_005118,emp_005116
emp_005119,emp_005123
emp_005120,emp_005123
emp_005121,emp_005123
emp_005122,emp_005123
emp_005123,emp_005053
emp_005124,emp_005123
emp_005125,emp_005123
emp_005126,emp_005123
emp_005127,emp_005123
emp_005128,emp_005134
emp_005129,emp_005134
emp_005130,emp_005134
emp_005131,emp_005134
emp_005132,emp_005134
emp_005133,emp_005134
emp_005134,emp_005053
emp_005135,emp_005134
emp_005136,emp_005134
emp_005137,emp_005134
emp_005138,emp_005053
emp_005139,emp_005138
emp_005140,emp_005138
emp_005141,emp_005138
emp_005142,emp_005138
emp_005143,emp_005138
emp_005144,emp_005138
emp_005145,emp_005138
emp_005146,emp_005138
emp_005147,emp_005053
emp_005148,emp_005147
emp_005149,emp_005147
emp_005150,emp_005147
emp_005151,emp_005147
emp_005152,emp_005153
emp_005153,emp_005053
emp_005154,emp_005153
emp_005155,emp_005153
emp_005156,emp_005153
emp_005157,emp_005153
emp_005158,emp_005159
emp_005159,emp_005053
emp_005160,emp_005159
emp_005161,emp_005159
emp_005162,emp_005053
emp_005163,emp_005162
emp_005164,emp_005162
emp_005165,emp_005162
emp_005166,emp_005162
emp_005167,emp_005162
emp_005168,emp_005162
emp_005169,emp_005053
emp_005170,emp_005169
emp_005171,emp_005169
emp_005172,emp_005169
emp_005173,emp_005169
emp_005174,emp_005169
emp_005175,emp_005053
emp_005176,emp_005175
emp_005177,emp_005175
emp_005178,emp_005175
emp_005179,emp_005175
emp_005180,emp_005053
emp_005181,emp_005180
emp_005182,emp_005180
emp_005183,emp_005180
emp_005184,emp_005180
emp_005185,emp_005186
emp_005186,emp_005053
emp_005187,emp_005186
emp_005188,emp_005186
emp_005189,emp_005186
emp_005190,emp_005186
emp_005191,emp_005186
emp_005192,emp_005197
emp_005193,emp_005197
emp_005194,emp_005197
emp_005195,emp_005197
emp_005196,emp_005197
emp_005197,emp_005053
emp_005198,emp_005197
emp_005199,emp_005202
emp_005200,emp_005202
emp_005201,emp_005202
emp_005202,emp_005053
emp_005203,emp_005206
emp_005204,emp_005206
emp_005205,emp_005206
emp_005206,emp_005053
emp_005207,emp_005206
emp_005208,emp_005206
emp_005209,emp_005206
emp_005210,emp_005206
emp_005211,emp_005206
emp_005212,emp_005206
emp_005213,emp_005053
emp_005214,emp_005213
emp_005215,emp_005213
emp_005216,emp_005213
emp_005217,emp_005213
emp_005218,emp_005213
emp_005219,emp_005213
emp_005220,emp_005053
emp_005221,emp_005220
emp_005222,emp_005220
emp_005223,emp_005220
emp_005224,emp_005226
emp_005225,emp_005226
emp_005226,emp_005053
emp_005227,emp_005226
emp_005228,emp_005226
emp_005229,emp_005226
emp_005230,emp_005226
emp_005231,emp_005226
emp_005232,emp_005234
emp_005233,emp_005234
emp_005234,emp_005053
emp_005235,emp_005234
emp_005236,emp_005234
emp_005237,emp_005242
emp_005238,emp_005242
emp_005239,emp_005242
emp_005240,emp_005242
emp_005241,emp_005242
emp_005242,emp_005053
emp_005243,emp_005242
emp_005244,emp_005242
emp_005245,emp_005242
emp_005246,emp_005242
emp_005247,emp_005250
emp_005248,emp_005250
emp_005249,emp_005250
emp_005250,emp_005053
emp_005251,emp_005250
emp_005252,emp_005250
emp_005253,emp_005250
emp_005254,emp_005250
emp_005255,emp_005250
emp_005256,emp_005257
emp_005257,emp_005053
emp_005258,emp_005257
emp_005259,emp_005257
emp_005260,emp_005257
emp_005261,emp_005257
emp_005262,emp_005257
emp_005263,emp_005257
emp_005264,emp_005267
emp_005265,emp_005267
emp_005266,emp_005267
emp_005267,emp_005053
emp_005268,emp_005267
emp_005269,emp_005267
emp_005270,emp_005267
emp_005271,emp_005267
emp_005272,emp_005267
emp_005273,emp_005267
emp_005274,emp_005267
emp_005275,emp_005279
emp_005276,emp_005279
emp_005277,emp_005279
emp_005278,emp_005279
emp_005279,emp_005053
emp_005280,emp_005281
emp_005281,emp_005053
emp_005282,emp_005281
emp_005283,emp_005281
emp_005284,emp_005281
emp_005285,emp_005281
emp_005286,emp_005281
emp_005287,emp_005290
emp_005288,emp_005290
emp_005289,emp_005290
emp_005290,emp_005053
emp_005291,emp_005290
emp_005292,emp_005290
emp_005293,emp_005297
emp_005294,emp_005297
emp_005295,emp_005297
emp_005296,emp_005297
emp_005297,emp_005053
emp_005298,emp_005300
emp_005299,emp_005300
emp_005300,emp_005053
emp_005301,emp_005300
emp_005302,emp_005309
emp_005303,emp_005309
emp_005304,emp_005309
emp_005305,emp_005309
emp_005306,emp_005309
emp_005307,emp_005309
emp_005308,emp_005309
emp_005309,emp_005053
emp_005310,emp_005309
emp_005311,emp_005053
emp_005312,emp_005311
emp_005313,emp_005311
emp_005314,emp_005311
emp_005315,emp_005311
emp_005316,emp_005311
emp_005317,emp_005321
emp_005318,emp_005321
emp_005319,emp_005321
emp_005320,emp_005321
emp_005321,emp_005053
emp_005322,emp_005324
emp_005323,emp_005324
emp_005324,emp_005053
emp_005325,emp_005324
emp_005326,emp_005324
emp_005327,emp_005324
emp_005328,emp_005335
emp_005329,emp_005335
emp_005330,emp_005335
emp_005331,emp_005335
emp_005332,emp_005335
emp_005333,emp_005335
emp_005334,emp_005335
emp_005335,emp_005053
emp_005336,emp_005335
emp_005337,emp_005335
emp_005338,emp_005335
emp_005339,emp_005335
emp_005340,emp_005335
emp_005341,emp_005344
emp_005342,emp_005344
emp_005343,emp_005344
emp_005344,emp_005053
emp_005345,emp_005344
emp_005346,emp_005344
emp_005347,emp_005344
emp_005348,emp_005351
emp_005349,emp_005351
emp_005350,emp_005351
emp_005351,emp_005053
emp_005352,emp_005351
emp_005353,emp_005053
emp_005354,emp_005353
emp_005355,emp_005353
emp_005356,emp_005353
emp_005357,emp_005353
emp_005358,emp_005353
emp_005359,emp_005366
emp_005360,emp_005366
emp_005361,emp_005366
emp_005362,emp_005366
emp_005363,emp_005366
emp_005364,emp_005366
emp_005365,emp_005366
emp_005366,emp_005053
emp_005367,emp_005366
emp_005368,emp_005372
emp_005369,emp_005372
emp_005370,emp_005372
emp_005371,emp_005372
emp_005372,emp_005053
emp_005373,emp_005372
emp_005374,emp_005053
emp_005375,emp_005374
emp_005376,emp_005374
emp_005377,emp_005374
emp_005378,emp_005374
emp_005379,emp_005374
emp_005380,emp_005383
emp_005381,emp_005383
emp_005382,emp_005383
emp_005383,emp_005053
emp_005384,emp_005383
emp_005385,emp_005383
emp_005386,emp_005391
emp_005387,emp_005391
emp_005388,emp_005391
emp_005389,emp_005391
emp_005390,emp_005391
emp_005391,emp_005053
emp_005392,emp_005395
emp_005393,emp_005395
emp_005394,emp_005395
emp_005395,emp_005053
emp_005396,emp_005395
emp_005397,emp_005395
emp_005398,emp_005406
emp_005399,emp_005406
emp_005400,emp_005406
emp_005401,emp_005406
emp_005402,emp_005406
emp_005403,emp_005406
emp_005404,emp_005406
emp_005405,emp_005406
emp_005406,emp_005053
emp_005407,emp_005408
emp_005408,emp_005053
emp_005409,emp_005408
emp_005410,emp_005408
emp_005411,emp_005408
emp_005412,emp_005408
emp_005413,emp_005415
emp_005414,emp_005415
emp_005415,emp_005053
emp_005416,emp_005415
emp_005417,emp_005415
emp_005418,emp_005415
emp_005419,emp_005053
emp_005420,emp_005419
emp_005421,emp_005423
emp_005422,emp_005423
emp_005423,emp_005053
emp_005424,emp_005423
emp_005425,emp_005423
emp_005426,emp_005423
emp_005427,emp_005423
emp_005428,emp_005423
emp_005429,emp_005432
emp_005430,emp_005432
emp_005431,emp_005432
emp_005432,emp_005053
emp_005433,emp_005432
emp_005434,emp_005432
emp_005435,emp_005432
emp_005436,emp_005432
emp_005437,emp_005432
emp_005438,emp_005442
emp_005439,emp_005442
emp_005440,emp_005442
emp_005441,emp_005442
emp_005442,emp_005053
emp_005443,emp_005447
emp_005444,emp_005447
emp_005445,emp_005447
emp_005446,emp_005447
emp_005447,emp_005053
emp_005448,emp_005447
emp_005449,emp_005447
emp_005450,emp_005451
emp_005451,emp_005053
emp_005452,emp_005451
emp_005453,emp_005451
emp_005454,emp_005455
emp_005455,emp_005053
emp_005456,emp_005455
emp_005457,emp_005455
emp_005458,emp_005455
emp_005459,emp_005455
emp_005460,emp_005455
emp_005461,emp_005053
emp_005462,emp_005461
emp_005463,emp_005461
emp_005464,emp_005461
emp_005465,emp_005461
emp_005466,emp_005461
emp_005467,emp_005461
emp_005468,emp_005053
emp_005469,emp_005468
emp_005470,emp_005471
emp_005471,emp_005053
emp_005472,emp_005471
emp_005473,emp_005471
emp_005474,emp_005471
emp_005475,emp_005471
emp_005476,emp_005471
emp_005477,emp_005471
emp_005478,emp_005471
emp_005479,emp_005484
emp_005480,emp_005484
emp_005481,emp_005484
emp_005482,emp_005484
emp_005483,emp_005484
emp_005484,emp_005053
emp_005485,emp_005484
emp_005486,emp_005484
emp_005487,emp_005484
emp_005488,emp_005053
emp_005489,emp_005488
emp_005490,emp_005488
emp_005491,emp_005488
emp_005492,emp_005488
emp_005493,emp_005488
emp_005494,emp_005497
emp_005495,emp_005497
emp_005496,emp_005497
emp_005497,emp_005053
emp_005498,emp_005500
emp_005499,emp_005500
emp_005500,emp_005053
emp_005501,emp_005500
emp_005502,emp_005500
emp_005503,emp_005500
emp_005504,emp_005500
emp_005505,emp_005509
emp_005506,emp_005509
emp_005507,emp_005509
emp_005508,emp_005509
emp_005509,emp_005053
emp_005510,emp_005509
emp_005511,emp_005514
emp_005512,emp_005514
emp_005513,emp_005514
emp_005514,emp_005053
emp_005515,emp_005514
emp_005516,emp_005514
emp_005517,emp_005514
emp_005518,emp_005514
emp_005519,emp_005521
emp_005520,emp_005521
emp_005521,emp_005053
emp_005522,emp_005521
emp_005523,emp_005521
emp_005524,emp_005521
emp_005525,emp_005528
emp_005526,emp_005528
emp_005527,emp_005528
emp_005528,emp_005053
emp_005529,emp_005528
emp_005530,emp_005528
emp_005531,emp_005532
emp_005532,emp_005053
emp_005533,emp_005532
emp_005534,emp_005532
emp_005535,emp_005532
emp_005536,emp_005532
emp_005537,emp_005532
emp_005538,emp_005532
emp_005539,emp_005532
emp_005540,emp_005546
emp_005541,emp_005546
emp_005542,emp_005546
emp_005543,emp_005546
emp_005544,emp_005546
emp_005545,emp_005546
emp_005546,emp_005053
emp_005547,emp_005546
emp_005548,emp_005551
emp_005549,emp_005551
emp_005550,emp_005551
emp_005551,emp_005053
emp_005552,emp_005551
emp_005553,emp_005551
emp_005554,emp_005551
emp_005555,emp_005556
emp_005556,emp_005053
emp_005557,emp_005556
emp_005558,emp_005556
emp_005559,emp_005556
emp_005560,emp_005564
emp_005561,emp_005564
emp_005562,emp_005564
emp_005563,emp_005564
emp_005564,emp_005053
emp_005565,emp_005567
emp_005566,emp_005567
emp_005567,emp_005053
emp_005568,emp_005567
emp_005569,emp_005567
emp_005570,emp_005571
emp_005571,emp_005053
emp_005572,emp_005571
emp_005573,emp_005571
emp_005574,emp_005571
emp_005575,emp_005576
emp_005576,emp_005053
emp_005577,emp_005576
emp_005578,emp_005576
emp_005579,emp_005576
emp_005580,emp_005576
emp_005581,emp_005053
emp_005582,emp_005581
emp_005583,emp_005581
emp_005584,emp_005581
emp_005585,emp_005581
emp_005586,emp_005581
emp_005587,emp_005581
emp_005588,emp_005581
emp_005589,emp_005581
emp_005590,emp_005592
emp_005591,emp_005592
emp_005592,emp_005053
emp_005593,emp_005592
emp_005594,emp_005592
emp_005595,emp_005592
emp_005596,emp_005598
emp_005597,emp_005598
emp_005598,emp_005053
emp_005599,emp_005598
emp_005600,emp_005598
emp_005601,emp_005598
emp_005602,emp_005053
emp_005603,emp_005602
emp_005604,emp_005609
emp_005605,emp_005609
emp_005606,emp_005609
emp_005607,emp_005609
emp_005608,emp_005609
emp_005609,emp_005053
emp_005610,emp_005609
emp_005611,emp_005609
emp_005612,emp_005609
emp_005613,emp_005618
emp_005614,emp_005618
emp_005615,emp_005618
emp_005616,emp_005618
emp_005617,emp_005618
emp_005618,emp_005053
emp_005619,emp_005624
emp_005620,emp_005624
emp_005621,emp_005624
emp_005622,emp_005624
emp_005623,emp_005624
emp_005624,emp_005053
emp_005625,emp_005624
emp_005626,emp_005624
emp_005627,emp_005632
emp_005628,emp_005632
emp_005629,emp_005632
emp_005630,emp_005632
emp_005631,emp_005632
emp_005632,emp_005053
emp_005633,emp_005632
emp_005634,emp_005632
emp_005635,emp_005638
emp_005636,emp_005638
emp_005637,emp_005638
emp_005638,emp_005053
emp_005639,emp_005638
emp_005640,emp_005641
emp_005641,emp_005053
emp_005642,emp_005641
emp_005643,emp_005641
emp_005644,emp_005641
emp_005645,emp_005641
emp_005646,emp_005641
emp_005647,emp_005641
emp_005648,emp_005053
emp_005649,emp_005648
emp_005650,emp_005648
emp_005651,emp_005648
emp_005652,emp_005656
emp_005653,emp_005656
emp_005654,emp_005656
emp_005655,emp_005656
emp_005656,emp_005053
emp_005657,emp_005658
emp_005658,emp_005053
emp_005659,emp_005658
emp_005660,emp_005658
emp_005661,emp_005658
emp_005662,emp_005658
emp_005663,emp_005658
emp_005664,emp_005658
emp_005665,emp_005658
emp_005666,emp_005658
emp_005667,emp_005669
emp_005668,emp_005669
emp_005669,emp_005053
emp_005670,emp_005669
emp_005671,emp_005669
emp_005672,emp_005673
emp_005673,emp_005053
emp_005674,emp_005673
emp_005675,emp_005673
emp_005676,emp_005673
emp_005677,emp_005673
emp_005678,emp_005673
emp_005679,emp_005684
emp_005680,emp_005684
emp_005681,emp_005684
emp_005682,emp_005684
emp_005683,emp_005684
emp_005684,emp_005053
emp_005685,emp_005684
emp_005686,emp_005687
emp_005687,emp_005053
emp_005688,emp_005687
emp_005689,emp_005687
emp_005690,emp_005687
emp_005691,emp_005700
emp_005692,emp_005700
emp_005693,emp_005700
emp_005694,emp_005700
emp_005695,emp_005700
emp_005696,emp_005700
emp_005697,emp_005700
emp_005698,emp_005700
emp_005699,emp_005700
emp_005700,emp_005053
emp_005701,emp_005702
emp_005702,emp_005053
emp_005703,emp_005702
emp_005704,emp_005702
emp_005705,emp_005702
emp_005706,emp_005702
emp_005707,emp_005714
emp_005708,emp_005714
emp_005709,emp_005714
emp_005710,emp_005714
emp_005711,emp_005714
emp_005712,emp_005714
emp_005713,emp_005714
emp_005714,emp_005053
emp_005715,emp_005718
emp_005716,emp_005718
emp_005717,emp_005718
emp_005718,emp_005053
emp_005719,emp_005718
emp_005720,emp_005718
emp_005721,emp_005718
emp_005722,emp_005718
emp_005723,emp_005718
emp_005724,emp_005718
emp_005725,emp_005718
emp_005726,emp_005053
emp_005727,emp_005726
emp_005728,emp_005726
emp_005729,emp_005726
emp_005730,emp_005734
emp_005731,emp_005734
emp_005732,emp_005734
emp_005733,emp_005734
emp_005734,emp_005053
emp_005735,emp_005734
emp_005736,emp_005743
emp_005737,emp_005743
emp_005738,emp_005743
emp_005739,emp_005743
emp_005740,emp_005743
emp_005741,emp_005743
emp_005742,emp_005743
emp_005743,emp_005053
emp_005744,emp_005053
emp_005745,emp_005744
emp_005746,emp_005744
emp_005747,emp_005744
emp_005748,emp_005744
emp_005749,emp_005744
emp_005750,emp_005053
emp_005751,emp_005750
emp_005752,emp_005750
emp_005753,emp_005750
emp_005754,emp_005750
emp_005755,emp_005750
emp_005756,emp_005750
emp_005757,emp_005750
emp_005758,emp_005750
emp_005759,emp_005764
emp_005760,emp_005764
emp_005761,emp_005764
emp_005762,emp_005764
emp_005763,emp_005764
emp_005764,emp_005053
emp_005765,emp_005764
emp_005766,emp_005764
emp_005767,emp_005053
emp_005768,emp_005767
emp_005769,emp_005767
emp_005770,emp_005767
emp_005771,emp_005767
emp_005772,emp_005767
emp_005773,emp_005767
emp_005774,emp_005775
emp_005775,emp_005053
emp_005776,emp_005775
emp_005777,emp_005775
emp_005778,emp_005775
emp_005779,emp_005775
emp_005780,emp_005775
emp_005781,emp_005775
emp_005782,emp_005783
emp_005783,emp_005053
emp_005784,emp_005783
emp_005785,emp_005783
emp_005786,emp_005783
emp_005787,emp_005053
emp_005788,emp_005787
emp_005789,emp_005787
emp_005790,emp_005053
emp_005791,emp_005790
emp_005792,emp_005790
emp_005793,emp_005797
emp_005794,emp_005797
emp_005795,emp_005797
emp_005796,emp_005797
emp_005797,emp_005053
emp_005798,emp_005797
emp_005799,emp_005797
emp_005800,emp_005802
emp_005801,emp_005802
emp_005802,emp_005053
emp_005803,emp_005802
emp_005804,emp_005802
emp_005805,emp_005806
emp_005806,emp_005053
emp_005807,emp_005806
emp_005808,emp_005806
emp_005809,emp_005806
emp_005810,emp_005806
emp_005811,emp_005806
emp_005812,emp_005806
emp_005813,emp_005806
emp_005814,emp_005815
emp_005815,emp_005053
emp_005816,emp_005815
emp_005817,emp_005815
emp_005818,emp_005053
emp_005819,emp_005818
emp_005820,emp_005818
emp_005821,emp_005053
emp_005822,emp_005821
emp_005823,emp_005826
emp_005824,emp_005826
emp_005825,emp_005826
emp_005826,emp_005053
emp_005827,emp_005826
emp_005828,emp_005826
emp_005829,emp_005826
emp_005830,emp_005826
emp_005831,emp_005826
emp_005832,emp_005834
emp_005833,emp_005834
emp_005834,emp_005053
emp_005835,emp_005834
emp_005836,emp_005834
emp_005837,emp_005834
emp_005838,emp_005834
emp_005839,emp_005841
emp_005840,emp_005841
emp_005841,emp_005053
emp_005842,emp_005841
emp_005843,emp_005841
emp_005844,emp_005841
emp_005845,emp_005841
emp_005846,emp_005841
emp_005847,emp_005053
emp_005848,emp_005847
emp_005849,emp_005847
emp_005850,emp_005847
emp_005851,emp_005854
emp_005852,emp_005854
emp_005853,emp_005854
emp_005854,emp_005053
emp_005855,emp_005854
emp_005856,emp_005854
emp_005857,emp_005854
emp_005858,emp_005854
emp_005859,emp_005854
emp_005860,emp_005854
emp_005861,emp_005862
emp_005862,emp_005053
emp_005863,emp_005862
emp_005864,emp_005868
emp_005865,emp_005868
emp_005866,emp_005868
emp_005867,emp_005868
emp_005868,emp_005053
emp_005869,emp_005868
emp_005870,emp_005874
emp_005871,emp_005874
emp_005872,emp_005874
emp_005873,emp_005874
emp_005874,emp_005053
emp_005875,emp_005874
emp_005876,emp_005882
emp_005877,emp_005882
emp_005878,emp_005882
emp_005879,emp_005882
emp_005880,emp_005882
emp_005881,emp_005882
emp_005882,emp_005053
emp_005883,emp_005882
emp_005884,emp_005882
emp_005885,emp_005886
emp_005886,emp_005053
emp_005887,emp_005886
emp_005888,emp_005886
emp_005889,emp_005053
emp_005890,emp_005889
emp_005891,emp_005889
emp_005892,emp_005889
emp_005893,emp_005889
emp_005894,emp_005889
emp_005895,emp_005896
emp_005896,emp_005053
emp_005897,emp_005896
emp_005898,emp_005896
emp_005899,emp_005896
emp_005900,emp_005896
emp_005901,emp_005902
emp_005902,emp_005053
emp_005903,emp_005902
emp_005904,emp_005902
emp_005905,emp_005902
emp_005906,emp_005902
emp_005907,emp_005909
emp_005908,emp_005909
emp_005909,emp_005053
emp_005910,emp_005909
emp_005911,emp_005909
emp_005912,emp_005909
emp_005913,emp_005909
emp_005914,emp_005916
emp_005915,emp_005916
emp_005916,emp_005053
emp_005917,emp_005916
emp_005918,emp_005916
emp_005919,emp_005916
emp_005920,emp_005916
emp_005921,emp_005916
emp_005922,emp_005923
emp_005923,emp_005053
emp_005924,emp_005923
emp_005925,emp_005923
emp_005926,emp_005923
emp_005927,emp_005923
emp_005928,emp_005923
emp_005929,emp_005923
emp_005930,emp_005935
emp_005931,emp_005935
emp_005932,emp_005935
emp_005933,emp_005935
emp_005934,emp_005935
emp_005935,emp_005053
emp_005936,emp_005939
emp_005937,emp_005939
emp_005938,emp_005939
emp_005939,emp_005053
emp_005940,emp_005939
emp_005941,emp_005939
emp_005942,emp_005945
emp_005943,emp_005945
emp_005944,emp_005945
emp_005945,emp_005053
emp_005946,emp_005945
emp_005947,emp_005945
emp_005948,emp_005945
emp_005949,emp_005955
emp_005950,emp_005955
emp_005951,emp_005955
emp_005952,emp_005955
emp_005953,emp_005955
emp_005954,emp_005955
emp_005955,emp_005053
emp_005956,emp_005053
emp_005957,emp_005956
emp_005958,emp_005956
emp_005959,emp_005956
emp_005960,emp_005956
emp_005961,emp_005956
emp_005962,emp_005053
emp_005963,emp_005962
emp_005964,emp_005962
emp_005965,emp_005962
emp_005966,emp_005962
emp_005967,emp_005962
emp_005968,emp_005962
emp_005969,emp_005962
emp_005970,emp_005971
emp_005971,emp_005053
emp_005972,emp_005971
emp_005973,emp_005971
emp_005974,emp_005971
emp_005975,emp_005971
emp_005976,emp_005971
emp_005977,emp_005980
emp_005978,emp_005980
emp_005979,emp_005980
emp_005980,emp_005053
emp_005981,emp_005980
emp_005982,emp_005980
emp_005983,emp_005980
emp_005984,emp_005980
emp_005985,emp_005989
emp_005986,emp_005989
emp_005987,emp_005989
emp_005988,emp_005989
emp_005989,emp_005053
emp_005990,emp_005996
emp_005991,emp_005996
emp_005992,emp_005996
emp_005993,emp_005996
emp_005994,emp_005996
emp_005995,emp_005996
emp_005996,emp_005053
emp_005997,emp_006001
emp_005998,emp_006001
emp_005999,emp_006001
emp_006000,emp_006001
emp_006001,emp_005053
emp_006002,emp_006003
emp_006003,emp_005053
emp_006004,emp_006003
emp_006005,emp_006006
emp_006006,emp_005053
emp_006007,emp_006006
emp_006008,emp_006006
emp_006009,emp_006006
emp_006010,emp_006013
emp_006011,emp_006013
emp_006012,emp_006013
emp_006013,emp_005053
emp_006014,emp_006013
emp_006015,emp_006013
emp_006016,emp_006013
emp_006017,emp_006020
emp_006018,emp_006020
emp_006019,emp_006020
emp_006020,emp_005053
emp_006021,emp_006020
emp_006022,emp_006020
emp_006023,emp_006024
emp_006024,emp_005053
emp_006025,emp_006024
emp_006026,emp_006024
emp_006027,emp_006024
emp_006028,emp_006032
emp_006029,emp_006032
emp_006030,emp_006032
emp_006031,emp_006032
emp_006032,emp_005053
emp_006033,emp_006032
emp_006034,emp_006032
emp_006035,emp_006032
emp_006036,emp_006037
emp_006037,emp_005053
emp_006038,emp_006037
emp_006039,emp_006037
emp_006040,emp_006037
emp_006041,emp_006037
emp_006042,emp_006037
emp_006043,emp_006037
emp_006044,emp_006037
emp_006045,emp_006047
emp_006046,emp_006047
emp_006047,emp_005053
emp_006048,emp_006047
emp_006049,emp_006047
emp_006050,emp_006047
emp_006051,emp_006047
emp_006052,emp_006047
emp_006053,emp_006055
emp_006054,emp_006055
emp_006055,emp_005053
emp_006056,emp_006055
emp_006057,emp_006055
emp_006058,emp_006055
emp_006059,emp_006055
emp_006060,emp_006055
emp_006061,emp_006063
emp_006062,emp_006063
emp_006063,emp_005053
emp_006064,emp_006063
emp_006065,emp_006066
emp_006066,emp_005053
emp_006067,emp_006066
emp_006068,emp_006066
emp_006069,emp_006066
emp_006070,emp_006066
emp_006071,emp_006066
emp_006072,emp_006066
emp_006073,emp_006079
emp_006074,emp_006079
emp_006075,emp_006079
emp_006076,emp_006079
emp_006077,emp_006079
emp_006078,emp_006079
emp_006079,emp_005053
emp_006080,emp_006079
emp_006081,emp_006079
emp_006082,emp_006079
emp_006083,emp_006084
emp_006084,emp_005053
emp_006085,emp_006084
emp_006086,emp_006084
emp_006087,emp_006084
emp_006088,emp_006084
emp_006089,emp_006084
emp_006090,emp_006084
emp_006091,emp_006084
emp_006092,emp_005053
emp_006093,emp_006092
emp_006094,emp_006092
emp_006095,emp_006092
emp_006096,emp_006092
emp_006097,emp_006092
emp_006098,emp_006092
emp_006099,emp_006106
emp_006100,emp_006106
emp_006101,emp_006106
emp_006102,emp_006106
emp_006103,emp_006106
emp_006104,emp_006106
emp_006105,emp_006106
emp_006106,emp_005053
emp_006107,emp_006106
emp_006108,emp_006113
emp_006109,emp_006113
emp_006110,emp_006113
emp_006111,emp_006113
emp_006112,emp_006113
emp_006113,emp_005053
emp_006114,emp_006117
emp_006115,emp_006117
emp_006116,emp_006117
emp_006117,emp_005053
emp_006118,emp_006117
emp_006119,emp_006117
emp_006120,emp_006125
emp_006121,emp_006125
emp_006122,emp_006125
emp_006123,emp_006125
emp_006124,emp_006125
emp_006125,emp_005053
emp_006126,emp_006125
emp_006127,emp_006125
emp_006128,emp_006133
emp_006129,emp_006133
emp_006130,emp_006133
emp_006131,emp_006133
emp_006132,emp_006133
emp_006133,emp_005053
emp_006134,emp_006133
emp_006135,emp_006138
emp_006136,emp_006138
emp_006137,emp_006138
emp_006138,emp_005053
emp_006139,emp_006138
emp_006140,emp_006144
emp_006141,emp_006144
emp_006142,emp_006144
emp_006143,emp_006144
emp_006144,emp_005053
emp_006145,emp_006144
emp_006146,emp_006148
emp_006147,emp_006148
emp_006148,emp_005053
emp_006149,emp_006148
emp_006150,emp_006148
emp_006151,emp_006148
emp_006152,emp_006148
emp_006153,emp_006148
emp_006154,emp_006148
emp_006155,emp_006158
emp_006156,emp_006158
emp_006157,emp_006158
emp_006158,emp_005053
emp_006159,emp_006158
emp_006160,emp_006158
emp_006161,emp_006166
emp_006162,emp_006166
emp_006163,emp_006166
emp_006164,emp_006166
emp_006165,emp_006166
emp_006166,emp_005053
emp_006167,emp_006166
emp_006168,emp_006173
emp_006169,emp_006173
emp_006170,emp_006173
emp_006171,emp_006173
emp_006172,emp_006173
emp_006173,emp_005053
emp_006174,emp_006173
emp_006175,emp_006176
emp_006176,emp_005053
emp_006177,emp_006176
emp_006178,emp_006176
emp_006179,emp_006176
emp_006180,emp_006176
emp_006181,emp_006176
emp_006182,emp_006176
emp_006183,emp_006176
emp_006184,emp_005053
emp_006185,emp_006184
emp_006186,emp_006184
emp_006187,emp_006184
emp_006188,emp_006184
emp_006189,emp_006184
emp_006190,emp_006193
emp_006191,emp_006193
emp_006192,emp_006193
emp_006193,emp_005053
emp_006194,emp_006193
emp_006195,emp_006193
emp_006196,emp_006193
emp_006197,emp_005053
emp_006198,emp_006197
emp_006199,emp_006197
emp_006200,emp_006197
emp_006201,emp_006197
emp_006202,emp_006197
emp_006203,emp_006197
emp_006204,emp_006197
emp_006205,emp_006197
emp_006206,emp_006207
emp_006207,emp_005053
emp_006208,emp_006207
emp_006209,emp_006207
emp_006210,emp_006207
emp_006211,emp_006207
emp_006212,emp_006214
emp_006213,emp_006214
emp_006214,emp_005053
emp_006215,emp_006214
emp_006216,emp_006214
emp_006217,emp_006220
emp_006218,emp_006220
emp_006219,emp_006220
emp_006220,emp_005053
emp_006221,emp_006227
emp_006222,emp_006227
emp_006223,emp_006227
emp_006224,emp_006227
emp_006225,emp_006227
emp_006226,emp_006227
emp_006227,emp_005053
emp_006228,emp_006227
emp_006229,emp_006232
emp_006230,emp_006232
emp_006231,emp_006232
emp_006232,emp_005053
emp_006233,emp_006232
emp_006234,emp_006232
emp_006235,emp_005053
emp_006236,emp_006235
emp_006237,emp_006235
emp_006238,emp_006235
emp_006239,emp_006235
emp_006240,emp_006241
emp_006241,emp_005053
emp_006242,emp_006241
emp_006243,emp_006245
emp_006244,emp_006245
emp_006245,emp_005053
emp_006246,emp_006245
emp_006247,emp_006245
emp_006248,emp_006245
emp_006249,emp_005053
emp_006250,emp_006249
emp_006251,emp_006249
emp_006252,emp_006249
emp_006253,emp_006249
emp_006254,emp_006256
emp_006255,emp_006256
emp_006256,emp_005053
emp_006257,emp_006256
emp_006258,emp_006256
emp_006259,emp_006256
emp_006260,emp_006261
emp_006261,emp_005053
emp_006262,emp_006261
emp_006263,emp_006261
emp_006264,emp_006261
emp_006265,emp_006261
emp_006266,emp_006271
emp_006267,emp_006271
emp_006268,emp_006271
emp_006269,emp_006271
emp_006270,emp_006271
emp_006271,emp_005053
emp_006272,emp_006271
emp_006273,emp_006274
emp_006274,emp_005053
emp_006275,emp_006274
emp_006276,emp_006274
emp_006277,emp_006274
emp_006278,emp_006274
emp_006279,emp_006274
emp_006280,emp_006274
emp_006281,emp_006274
emp_006282,emp_006274
emp_006283,emp_005053
emp_006284,emp_006283
emp_006285,emp_006283
emp_006286,emp_006283
emp_006287,emp_006292
emp_006288,emp_006292
emp_006289,emp_006292
emp_006290,emp_006292
emp_006291,emp_006292
emp_006292,emp_005053
emp_006293,emp_006297
emp_006294,emp_006297
emp_006295,emp_006297
emp_006296,emp_006297
emp_006297,emp_005053
emp_006298,emp_006303
emp_006299,emp_006303
emp_006300,emp_006303
emp_006301,emp_006303
emp_006302,emp_006303
emp_006303,emp_005053
emp_006304,emp_006310
emp_006305,emp_006310
emp_006306,emp_006310
emp_006307,emp_006310
emp_006308,emp_006310
emp_006309,emp_006310
emp_006310,emp_005053
emp_006311,emp_006314
emp_006312,emp_006314
emp_006313,emp_006314
emp_006314,emp_005053
emp_006315,emp_006314
emp_006316,emp_006314
emp_006317,emp_006314
emp_006318,emp_006314
emp_006319,emp_005053
emp_006320,emp_006319
emp_006321,emp_006319
emp_006322,emp_006319
emp_006323,emp_006319
emp_006324,emp_006319
emp_006325,emp_006319
emp_006326,emp_006329
emp_006327,emp_006329
emp_006328,emp_006329
emp_006329,emp_005053
emp_006330,emp_006329
emp_006331,emp_006329
emp_006332,emp_006329
emp_006333,emp_006339
emp_006334,emp_006339
emp_006335,emp_006339
emp_006336,emp_006339
emp_006337,emp_006339
emp_006338,emp_006339
emp_006339,emp_005053
emp_006340,emp_006339
emp_006341,emp_006347
emp_006342,emp_006347
emp_006343,emp_006347
emp_006344,emp_006347
emp_006345,emp_006347
emp_006346,emp_006347
emp_006347,emp_005053
emp_006348,emp_005053
emp_006349,emp_006348
emp_006350,emp_006348
emp_006351,emp_006348
emp_006352,emp_006348
emp_006353,emp_006348
emp_006354,emp_005053
emp_006355,emp_006354
emp_006356,emp_006354
emp_006357,emp_006354
emp_006358,emp_006354
emp_006359,emp_006354
emp_006360,emp_006354
emp_006361,emp_005053
emp_006362,emp_006361
emp_006363,emp_006361
emp_006364,emp_006361
emp_006365,emp_006361
emp_006366,emp_006361
emp_006367,emp_006361
emp_006368,emp_005053
emp_006369,emp_006368
emp_006370,emp_006368
emp_006371,emp_006368
emp_006372,emp_006373
emp_006373,emp_005053
emp_006374,emp_006373
emp_006375,emp_006373
emp_006376,emp_006373
emp_006377,emp_006373
emp_006378,emp_006373
emp_006379,emp_006373
emp_006380,emp_006384
emp_006381,emp_006384
emp_006382,emp_006384
emp_006383,emp_006384
emp_006384,emp_005053
emp_006385,emp_006384
emp_006386,emp_006384
emp_006387,emp_005053
emp_006388,emp_006387
emp_006389,emp_006387
emp_006390,emp_006387
emp_006391,emp_006387
emp_006392,emp_006387
emp_006393,emp_006387
emp_006394,emp_006387
emp_006395,emp_006398
emp_006396,emp_006398
emp_006397,emp_006398
emp_006398,emp_005053
emp_006399,emp_006398
emp_006400,emp_006398
emp_006401,emp_006398
emp_006402,emp_005053
emp_006403,emp_006402
emp_006404,emp_006402
emp_006405,emp_006402
emp_006406,emp_006407
emp_006407,emp_005053
emp_006408,emp_006407
emp_006409,emp_006407
emp_006410,emp_006407
emp_006411,emp_005053
emp_006412,emp_006411
emp_006413,emp_006411
emp_006414,emp_006411
emp_006415,emp_006411
emp_006416,emp_006411
emp_006417,emp_006411
emp_006418,emp_006419
emp_006419,emp_005053
emp_006420,emp_006419
emp_006421,emp_006419
emp_006422,emp_005053
emp_006423,emp_006422
emp_006424,emp_006422
emp_006425,emp_006422
emp_006426,emp_006422
emp_006427,emp_006422
emp_006428,emp_006422
emp_006429,emp_006422
emp_006430,emp_006422
emp_006431,emp_006433
emp_006432,emp_006433
emp_006433,emp_005053
emp_006434,emp_006433
emp_006435,emp_006444
emp_006436,emp_006444
emp_006437,emp_006444
emp_006438,emp_006444
emp_006439,emp_006444
emp_006440,emp_006444
emp_006441,emp_006444
emp_006442,emp_006444
emp_006443,emp_006444
emp_006444,emp_005053
emp_006445,emp_006451
emp_006446,emp_006451
emp_006447,emp_006451
emp_006448,emp_006451
emp_006449,emp_006451
emp_006450,emp_006451
emp_006451,emp_005053
emp_006452,emp_005053
emp_006453,emp_006452
emp_006454,emp_006452
emp_006455,emp_006452
emp_006456,emp_006452
emp_006457,emp_006452
emp_006458,emp_006452
emp_006459,emp_006452
emp_006460,emp_006461
emp_006461,emp_005053
emp_006462,emp_006461
emp_006463,emp_006461
emp_006464,emp_006466
emp_006465,emp_006466
emp_006466,emp_005053
emp_006467,emp_006466
emp_006468,emp_006466
emp_006469,emp_006466
emp_006470,emp_006474
emp_006471,emp_006474
emp_006472,emp_006474
emp_006473,emp_006474
emp_006474,emp_005053
emp_006475,emp_006474
emp_006476,emp_006480
emp_006477,emp_006480
emp_006478,emp_006480
emp_006479,emp_006480
emp_006480,emp_005053
emp_006481,emp_006480
emp_006482,emp_006480
emp_006483,emp_006480
emp_006484,emp_006480
emp_006485,emp_006487
emp_006486,emp_006487
emp_006487,emp_005053
emp_006488,emp_006487
emp_006489,emp_006487
emp_006490,emp_006487
emp_006491,emp_006487
emp_006492,emp_006487
emp_006493,emp_006487
emp_006494,emp_006487
emp_006495,emp_006487
emp_006496,emp_006500
emp_006497,emp_006500
emp_006498,emp_006500
emp_006499,emp_006500
emp_006500,emp_005053
emp_006501,emp_006500
emp_006502,emp_006500
emp_006503,emp_006500
emp_006504,emp_006500
emp_006505,emp_006500
emp_006506,emp_005053
emp_006507,emp_006506
emp_006508,emp_006510
emp_006509,emp_006510
emp_006510,emp_005053
emp_006511,emp_006510
emp_006512,emp_006510
emp_006513,emp_006510
emp_006514,emp_006510
emp_006515,emp_006516
emp_006516,emp_005053
emp_006517,emp_006516
emp_006518,emp_006516
emp_006519,emp_006523
emp_006520,emp_006523
emp_006521,emp_006523
emp_006522,emp_006523
emp_006523,emp_005053
emp_006524,emp_006523
emp_006525,emp_006523
emp_006526,emp_006530
emp_006527,emp_006530
emp_006528,emp_006530
emp_006529,emp_006530
emp_006530,emp_005053
emp_006531,emp_006530
emp_006532,emp_006533
emp_006533,emp_005053
emp_006534,emp_006533
emp_006535,emp_006533
emp_006536,emp_006539
emp_006537,emp_006539
emp_006538,emp_006539
emp_006539,emp_005053
emp_006540,emp_006539
emp_006541,emp_005053
emp_006542,emp_006541
emp_006543,emp_006541
emp_006544,emp_006541
emp_006545,emp_006541
emp_006546,emp_006541
emp_006547,emp_006541
emp_006548,emp_006541
emp_006549,emp_006553
emp_006550,emp_006553
emp_006551,emp_006553
emp_006552,emp_006553
emp_006553,emp_005053
emp_006554,emp_006553
emp_006555,emp_006553
emp_006556,emp_006557
emp_006557,emp_005053
emp_006558,emp_006557
emp_006559,emp_006557
emp_006560,emp_006557
emp_006561,emp_006557
emp_006562,emp_005053
emp_006563,emp_006562
emp_006564,emp_006562
emp_006565,emp_006562
emp_006566,emp_006562
emp_006567,emp_006562
emp_006568,emp_006562
emp_006569,emp_006571
emp_006570,emp_006571
emp_006571,emp_005053
emp_006572,emp_006571
emp_006573,emp_006571
emp_006574,emp_006577
emp_006575,emp_006577
emp_006576,emp_006577
emp_006577,emp_005053
emp_006578,emp_006577
emp_006579,emp_006577
emp_006580,emp_006577
emp_006581,emp_006577
emp_006582,emp_005053
emp_006583,emp_006582
emp_006584,emp_006582
emp_006585,emp_006582
emp_006586,emp_006582
emp_006587,emp_006582
emp_006588,emp_006595
emp_006589,emp_006595
emp_006590,emp_006595
emp_006591,emp_006595
emp_006592,emp_006595
emp_006593,emp_006595
emp_006594,emp_006595
emp_006595,emp_005053
emp_006596,emp_006595
emp_006597,emp_006598
emp_006598,emp_005053
emp_006599,emp_006598
emp_006600,emp_005053
emp_006601,emp_006600
emp_006602,emp_006600
emp_006603,emp_006600
emp_006604,emp_006600
emp_006605,emp_006600
emp_006606,emp_006600
emp_006607,emp_006609
emp_006608,emp_006609
emp_006609,emp_005053
emp_006610,emp_006609
emp_006611,emp_006609
emp_006612,emp_006609
emp_006613,emp_006616
emp_006614,emp_006616
emp_006615,emp_006616
emp_006616,emp_005053
emp_006617,emp_005053
emp_006618,emp_006617
emp_006619,emp_006617
emp_006620,emp_006617
emp_006621,emp_006617
emp_006622,emp_006625
emp_006623,emp_006625
emp_006624,emp_006625
emp_006625,emp_005053
emp_006626,emp_006625
emp_006627,emp_006625
emp_006628,emp_006625
emp_006629,emp_005053
emp_006630,emp_006629
emp_006631,emp_006629
emp_006632,emp_006629
emp_006633,emp_006629
emp_006634,emp_006629
emp_006635,emp_006629
emp_006636,emp_006629
emp_006637,emp_006642
emp_006638,emp_006642
emp_006639,emp_006642
emp_006640,emp_006642
emp_006641,emp_006642
emp_006642,emp_005053
emp_006643,emp_006647
emp_006644,emp_006647
emp_006645,emp_006647
emp_006646,emp_006647
emp_006647,emp_005053
emp_006648,emp_006647
emp_006649,emp_005053
emp_006650,emp_006649
emp_006651,emp_006649
emp_006652,emp_006649
emp_006653,emp_006649
emp_006654,emp_006649
emp_006655,emp_006656
emp_006656,emp_005053
emp_006657,emp_006656
emp_006658,emp_006656
emp_006659,emp_006656
emp_006660,emp_006656
emp_006661,emp_006667
emp_006662,emp_006667
emp_006663,emp_006667
emp_006664,emp_006667
emp_006665,emp_006667
emp_006666,emp_006667
emp_006667,emp_005053
emp_006668,emp_006667
emp_006669,emp_006667
emp_006670,emp_006667
emp_006671,emp_006667
emp_006672,emp_006674
emp_006673,emp_006674
emp_006674,emp_005053
emp_006675,emp_006674
emp_006676,emp_006674
emp_006677,emp_006674
emp_006678,emp_006674
emp_006679,emp_006674
emp_006680,emp_006682
emp_006681,emp_006682
emp_006682,emp_005053
emp_006683,emp_006682
emp_006684,emp_006682
emp_006685,emp_006682
emp_006686,emp_006682
emp_006687,emp_006682
emp_006688,emp_006682
emp_006689,emp_006682
emp_006690,emp_006693
emp_006691,emp_006693
emp_006692,emp_006693
emp_006693,emp_005053
emp_006694,emp_006693
emp_006695,emp_006693
emp_006696,emp_006699
emp_006697,emp_006699
emp_006698,emp_006699
emp_006699,emp_005053
emp_006700,emp_006699
emp_006701,emp_006699
emp_006702,emp_006699
emp_006703,emp_006699
emp_006704,emp_006709
emp_006705,emp_006709
emp_006706,emp_006709
emp_006707,emp_006709
emp_006708,emp_006709
emp_006709,emp_005053
emp_006710,emp_006709
emp_006711,emp_006717
emp_006712,emp_006717
emp_006713,emp_006717
emp_006714,emp_006717
emp_006715,emp_006717
emp_006716,emp_006717
emp_006717,emp_005053
emp_006718,emp_006717
emp_006719,emp_006717
emp_006720,emp_006724
emp_006721,emp_006724
emp_006722,emp_006724
emp_006723,emp_006724
emp_006724,emp_005053
emp_006725,emp_006724
emp_006726,emp_006724
emp_006727,emp_006731
emp_006728,emp_006731
emp_006729,emp_006731
emp_006730,emp_006731
emp_006731,emp_005053
emp_006732,emp_006731
emp_006733,emp_006731
emp_006734,emp_006731
emp_006735,emp_006731
emp_006736,emp_006731
emp_006737,emp_005053
emp_006738,emp_006737
emp_006739,emp_006737
emp_006740,emp_006737
emp_006741,emp_006737
emp_006742,emp_006737
emp_006743,emp_006737
emp_006744,emp_006747
emp_006745,emp_006747
emp_006746,emp_006747
emp_006747,emp_005053
emp_006748,emp_006747
emp_006749,emp_006747
emp_006750,emp_006752
emp_006751,emp_006752
emp_006752,emp_005053
emp_006753,emp_006752
emp_006754,emp_006752
emp_006755,emp_006758
emp_006756,emp_006758
emp_006757,emp_006758
emp_006758,emp_005053
emp_006759,emp_006758
emp_006760,emp_006758
emp_006761,emp_006768
emp_006762,emp_006768
emp_006763,emp_006768
emp_006764,emp_006768
emp_006765,emp_006768
emp_006766,emp_006768
emp_006767,emp_006768
emp_006768,emp_005053
emp_006769,emp_006771
emp_006770,emp_006771
emp_006771,emp_005053
emp_006772,emp_006771
emp_006773,emp_006771
emp_006774,emp_006771
emp_006775,emp_006780
emp_006776,emp_006780
emp_006777,emp_006780
emp_006778,emp_006780
emp_006779,emp_006780
emp_006780,emp_005053
emp_006781,emp_006780
emp_006782,emp_006787
emp_006783,emp_006787
emp_006784,emp_006787
emp_006785,emp_006787
emp_006786,emp_006787
emp_006787,emp_005053
emp_006788,emp_006787
emp_006789,emp_006787
emp_006790,emp_006791
emp_006791,emp_005053
emp_006792,emp_006791
emp_006793,emp_006791
emp_006794,emp_006791
emp_006795,emp_006791
emp_006796,emp_006791
emp_006797,emp_006791
emp_006798,emp_006791
emp_006799,emp_006800
emp_006800,emp_005053
emp_006801,emp_006800
emp_006802,emp_006800
emp_006803,emp_006800
emp_006804,emp_005053
emp_006805,emp_006804
emp_006806,emp_006804
emp_006807,emp_006804
emp_006808,emp_006804
emp_006809,emp_006804
emp_006810,emp_006813
emp_006811,emp_006813
emp_006812,emp_006813
emp_006813,emp_005053
emp_006814,emp_005053
emp_006815,emp_006814
emp_006816,emp_006814
emp_006817,emp_006814
emp_006818,emp_006814
emp_006819,emp_006814
emp_006820,emp_006814
emp_006821,emp_005053
emp_006822,emp_006821
emp_006823,emp_006821
emp_006824,emp_006821
emp_006825,emp_006821
emp_006826,emp_006821
emp_006827,emp_006821
emp_006828,emp_006830
emp_006829,emp_006830
emp_006830,emp_005053
emp_006831,emp_006830
emp_006832,emp_006830
emp_006833,emp_006830
emp_006834,emp_006830
emp_006835,emp_006836
emp_006836,emp_005053
emp_006837,emp_006836
emp_006838,emp_006836
emp_006839,emp_006843
emp_006840,emp_006843
emp_006841,emp_006843
emp_006842,emp_006843
emp_006843,emp_005053
emp_006844,emp_006843
emp_006845,emp_005053
emp_006846,emp_006845
emp_006847,emp_006845
emp_006848,emp_005053
emp_006849,emp_006848
emp_006850,emp_006848
emp_006851,emp_006848
emp_006852,emp_006848
emp_006853,emp_006848
emp_006854,emp_006848
emp_006855,emp_006848
emp_006856,emp_006859
emp_006857,emp_006859
emp_006858,emp_006859
emp_006859,emp_005053
emp_006860,emp_006859
emp_006861,emp_006859
emp_006862,emp_005053
emp_006863,emp_006862
emp_006864,emp_006862
emp_006865,emp_006862
emp_006866,emp_006862
emp_006867,emp_006869
emp_006868,emp_006869
emp_006869,emp_005053
emp_006870,emp_006869
emp_006871,emp_006869
emp_006872,emp_006869
emp_006873,emp_006869
emp_006874,emp_006878
emp_006875,emp_006878
emp_006876,emp_006878
emp_006877,emp_006878
emp_006878,emp_005053
emp_006879,emp_006878
emp_006880,emp_006878
emp_006881,emp_006878
emp_006882,emp_006884
emp_006883,emp_006884
emp_006884,emp_005053
emp_006885,emp_006884
emp_006886,emp_006884
emp_006887,emp_006884
emp_006888,emp_005053
emp_006889,emp_006888
emp_006890,emp_006888
emp_006891,emp_006888
emp_006892,emp_006888
emp_006893,emp_006888
emp_006894,emp_006888
emp_006895,emp_006900
emp_006896,emp_006900
emp_006897,emp_006900
emp_006898,emp_006900
emp_006899,emp_006900
emp_006900,emp_005053
emp_006901,emp_006900
emp_006902,emp_006907
emp_006903,emp_006907
emp_006904,emp_006907
emp_006905,emp_006907
emp_006906,emp_006907
emp_006907,emp_005053
emp_006908,emp_005053
emp_006909,emp_006908
emp_006910,emp_006908
emp_006911,emp_006908
emp_006912,emp_006908
emp_006913,emp_006916
emp_006914,emp_006916
emp_006915,emp_006916
emp_006916,emp_005053
emp_006917,emp_006916
emp_006918,emp_006919
emp_006919,emp_005053
emp_006920,emp_006919
emp_006921,emp_006919
emp_006922,emp_006919
emp_006923,emp_006919
emp_006924,emp_006919
emp_006925,emp_006919
emp_006926,emp_005053
emp_006927,emp_006926
emp_006928,emp_006926
emp_006929,emp_006926
emp_006930,emp_006926
emp_006931,emp_006926
emp_006932,emp_006926
emp_006933,emp_006936
emp_006934,emp_006936
emp_006935,emp_006936
emp_006936,emp_005053
emp_006937,emp_005053
emp_006938,emp_006937
emp_006939,emp_006937
emp_006940,emp_006937
emp_006941,emp_006937
emp_006942,emp_006937
emp_006943,emp_006947
emp_006944,emp_006947
emp_006945,emp_006947
emp_006946,emp_006947
emp_006947,emp_005053
emp_006948,emp_006947
emp_006949,emp_006947
emp_006950,emp_006947
emp_006951,emp_006954
emp_006952,emp_006954
emp_006953,emp_006954
emp_006954,emp_005053
emp_006955,emp_006954
emp_006956,emp_006954
emp_006957,emp_006954
emp_006958,emp_006959
emp_006959,emp_005053
emp_006960,emp_006959
emp_006961,emp_006959
emp_006962,emp_006959
emp_006963,emp_005053
emp_006964,emp_006963
emp_006965,emp_006963
emp_006966,emp_006963
emp_006967,emp_006971
emp_006968,emp_006971
emp_006969,emp_006971
emp_006970,emp_006971
emp_006971,emp_005053
emp_006972,emp_006971
emp_006973,emp_006971
emp_006974,emp_006975
emp_006975,emp_005053
emp_006976,emp_006975
emp_006977,emp_006975
emp_006978,emp_006975
emp_006979,emp_006975
emp_006980,emp_006975
emp_006981,emp_006975
emp_006982,emp_006975
emp_006983,emp_006975
emp_006984,emp_006985
emp_006985,emp_005053
emp_006986,emp_006985
emp_006987,emp_006985
emp_006988,emp_006985
emp_006989,emp_006985
emp_006990,emp_005053
emp_006991,emp_006990
emp_006992,emp_006990
emp_006993,emp_006990
emp_006994,emp_006990
emp_006995,emp_005053
emp_006996,emp_006995
emp_006997,emp_006995
emp_006998,emp_006995
emp_006999,emp_006995
emp_007000,emp_007001
emp_007001,emp_005053
emp_007002,emp_007001
emp_007003,emp_007001
emp_007004,emp_007001
emp_007005,emp_007001
emp_007006,emp_007001
emp_007007,emp_007001
emp_007008,emp_007010
emp_007009,emp_007010
emp_007010,emp_005053
emp_007011,emp_005053
emp_007012,emp_007011
emp_007013,emp_007011
emp_007014,emp_007011
emp_007015,emp_007011
emp_007016,emp_007019
emp_007017,emp_007019
emp_007018,emp_007019
emp_007019,emp_005053
emp_007020,emp_007019
emp_007021,emp_007019
emp_007022,emp_007023
emp_007023,emp_005053
emp_007024,emp_007023
emp_007025,emp_007023
emp_007026,emp_007023
emp_007027,emp_007029
emp_007028,emp_007029
emp_007029,emp_005053
emp_007030,emp_007029
emp_007031,emp_007029
emp_007032,emp_007029
emp_007033,emp_007029
emp_007034,emp_007029
emp_007035,emp_007029
emp_007036,emp_007029
emp_007037,emp_007038
emp_007038,emp_005053
emp_007039,emp_007038
emp_007040,emp_007038
emp_007041,emp_007038
emp_007042,emp_007038
emp_007043,emp_007038
emp_007044,emp_005053
emp_007045,emp_007044
emp_007046,emp_007044
emp_007047,emp_007044
emp_007048,emp_007044
emp_007049,emp_007044
emp_007050,emp_007044
emp_007051,emp_007053
emp_007052,emp_007053
emp_007053,emp_005053
emp_007054,emp_007053
emp_007055,emp_007053
emp_007056,emp_007053
emp_007057,emp_007053
emp_007058,emp_007053
emp_007059,emp_007063
emp_007060,emp_007063
emp_007061,emp_007063
emp_007062,emp_007063
emp_007063,emp_005053
emp_007064,emp_007063
emp_007065,emp_007066
emp_007066,emp_005053
emp_007067,emp_007066
emp_007068,emp_007073
emp_007069,emp_007073
emp_007070,emp_007073
emp_007071,emp_007073
emp_007072,emp_007073
emp_007073,emp_005053
emp_007074,emp_007073
emp_007075,emp_007079
emp_007076,emp_007079
emp_007077,emp_007079
emp_007078,emp_007079
emp_007079,emp_005053
emp_007080,emp_007081
emp_007081,emp_005053
emp_007082,emp_007081
emp_007083,emp_007081
emp_007084,emp_007081
emp_007085,emp_007087
emp_007086,emp_007087
emp_007087,emp_005053
emp_007088,emp_007087
emp_007089,emp_007087
emp_007090,emp_007087
emp_007091,emp_007087
emp_007092,emp_007087
emp_007093,emp_007087
emp_007094,emp_007096
emp_007095,emp_007096
emp_007096,emp_005053
emp_007097,emp_007096
emp_007098,emp_007096
emp_007099,emp_005053
emp_007100,emp_007099
emp_007101,emp_007099
emp_007102,emp_007099
emp_007103,emp_007099
emp_007104,emp_007099
emp_007105,emp_007109
emp_007106,emp_007109
emp_007107,emp_007109
emp_007108,emp_007109
emp_007109,emp_005053
emp_007110,emp_007109
emp_007111,emp_005053
emp_007112,emp_007111
emp_007113,emp_007111
emp_007114,emp_007111
emp_007115,emp_007111
emp_007116,emp_007111
emp_007117,emp_007111
emp_007118,emp_007122
emp_007119,emp_007122
emp_007120,emp_007122
emp_007121,emp_007122
emp_007122,emp_005053
emp_007123,emp_007122
emp_007124,emp_007122
emp_007125,emp_007122
emp_007126,emp_007122
emp_007127,emp_007122
emp_007128,emp_005053
emp_007129,emp_007128
emp_007130,emp_007128
emp_007131,emp_007128
emp_007132,emp_007128
emp_007133,emp_007136
emp_007134,emp_007136
emp_007135,emp_007136
emp_007136,emp_005053
emp_007137,emp_007136
emp_007138,emp_007136
emp_007139,emp_007140
emp_007140,emp_005053
emp_007141,emp_007140
emp_007142,emp_007140
emp_007143,emp_007140
emp_007144,emp_007140
emp_007145,emp_007140
emp_007146,emp_007140
emp_007147,emp_007140
emp_007148,emp_007153
emp_007149,emp_007153
emp_007150,emp_007153
emp_007151,emp_007153
emp_007152,emp_007153
emp_007153,emp_005053
emp_007154,emp_007153
emp_007155,emp_007158
emp_007156,emp_007158
emp_007157,emp_007158
emp_007158,emp_005053
emp_007159,emp_007158
emp_007160,emp_007165
emp_007161,emp_007165
emp_007162,emp_007165
emp_007163,emp_007165
emp_007164,emp_007165
emp_007165,emp_005053
emp_007166,emp_005053
emp_007167,emp_007166
emp_007168,emp_007166
emp_007169,emp_007166
emp_007170,emp_007166
emp_007171,emp_007166
emp_007172,emp_007166
emp_007173,emp_007166
emp_007174,emp_007166
emp_007175,emp_007176
emp_007176,emp_005053
emp_007177,emp_007176
emp_007178,emp_007176
emp_007179,emp_005053
emp_007180,emp_007179
emp_007181,emp_007179
emp_007182,emp_007179
emp_007183,emp_007179
emp_007184,emp_007179
emp_007185,emp_007179
emp_007186,emp_007179
emp_007187,emp_007179
emp_007188,emp_007179
emp_007189,emp_007193
emp_007190,emp_007193
emp_007191,emp_007193
emp_007192,emp_007193
emp_007193,emp_005053
emp_007194,emp_007193
emp_007195,emp_007193
emp_007196,emp_007193
emp_007197,emp_007193
emp_007198,emp_007193
emp_007199,emp_007204
emp_007200,emp_007204
emp_007201,emp_007204
emp_007202,emp_007204
emp_007203,emp_007204
emp_007204,emp_005053
emp_007205,emp_007204
emp_007206,emp_007211
emp_007207,emp_007211
emp_007208,emp_007211
emp_007209,emp_007211
emp_007210,emp_007211
emp_007211,emp_005053
emp_007212,emp_007211
emp_007213,emp_007215
emp_007214,emp_007215
emp_007215,emp_005053
emp_007216,emp_007215
emp_007217,emp_007215
emp_007218,emp_007215
emp_007219,emp_007215
emp_007220,emp_007225
emp_007221,emp_007225
emp_007222,emp_007225
emp_007223,emp_007225
emp_007224,emp_007225
emp_007225,emp_005053
emp_007226,emp_007228
emp_007227,emp_007228
emp_007228,emp_005053
emp_007229,emp_007228
emp_007230,emp_007228
emp_007231,emp_007228
emp_007232,emp_007228
emp_007233,emp_005053
emp_007234,emp_007233
emp_007235,emp_007236
emp_007236,emp_005053
emp_007237,emp_007236
emp_007238,emp_007240
emp_007239,emp_007240
emp_007240,emp_005053
emp_007241,emp_007240
emp_007242,emp_007240
emp_007243,emp_007244
emp_007244,emp_005053
emp_007245,emp_007244
emp_007246,emp_007244
emp_007247,emp_007244
emp_007248,emp_007250
emp_007249,emp_007250
emp_007250,emp_005053
emp_007251,emp_007250
emp_007252,emp_007250
emp_007253,emp_007250
emp_007254,emp_007250
emp_007255,emp_007257
emp_007256,emp_007257
emp_007257,emp_005053
emp_007258,emp_007257
emp_007259,emp_007257
emp_007260,emp_007257
emp_007261,emp_007257
emp_007262,emp_007267
emp_007263,emp_007267
emp_007264,emp_007267
emp_007265,emp_007267
emp_007266,emp_007267
emp_007267,emp_005053
emp_007268,emp_007267
emp_007269,emp_007267
emp_007270,emp_007272
emp_007271,emp_007272
emp_007272,emp_005053
emp_007273,emp_007272
emp_007274,emp_007272
emp_007275,emp_007272
emp_007276,emp_007281
emp_007277,emp_007281
emp_007278,emp_007281
emp_007279,emp_007281
emp_007280,emp_007281
emp_007281,emp_009504
emp_007282,emp_007283
emp_007283,emp_009504
emp_007284,emp_007283
emp_007285,emp_007283
emp_007286,emp_007283
emp_007287,emp_007283
emp_007288,emp_007283
emp_007289,emp_009504
emp_007290,emp_007289
emp_007291,emp_007289
emp_007292,emp_007289
emp_007293,emp_007289
emp_007294,emp_009504
emp_007295,emp_007294
emp_007296,emp_007294
emp_007297,emp_007294
emp_007298,emp_007294
emp_007299,emp_007302
emp_007300,emp_007302
emp_007301,emp_007302
emp_007302,emp_009504
emp_007303,emp_007302
emp_007304,emp_007306
emp_007305,emp_007306
emp_007306,emp_009504
emp_007307,emp_007306
emp_007308,emp_009504
emp_007309,emp_007308
emp_007310,emp_007308
emp_007311,emp_007308
emp_007312,emp_007308
emp_007313,emp_007315
emp_007314,emp_007315
emp_007315,emp_009504
emp_007316,emp_007315
emp_007317,emp_007315
emp_007318,emp_007315
emp_007319,emp_007321
emp_007320,emp_007321
emp_007321,emp_009504
emp_007322,emp_007321
emp_007323,emp_007326
emp_007324,emp_007326
emp_007325,emp_007326
emp_007326,emp_009504
emp_007327,emp_007326
emp_007328,emp_007331
emp_007329,emp_007331
emp_007330,emp_007331
emp_007331,emp_009504
emp_007332,emp_007331
emp_007333,emp_007340
emp_007334,emp_007340
emp_007335,emp_007340
emp_007336,emp_007340
emp_007337,emp_007340
emp_007338,emp_007340
emp_007339,emp_007340
emp_007340,emp_009504
emp_007341,emp_007340
emp_007342,emp_007346
emp_007343,emp_007346
emp_007344,emp_007346
emp_007345,emp_007346
emp_007346,emp_009504
emp_007347,emp_007346
emp_007348,emp_007346
emp_007349,emp_007346
emp_007350,emp_007346
emp_007351,emp_007355
emp_007352,emp_007355
emp_007353,emp_007355
emp_007354,emp_007355
emp_007355,emp_009504
emp_007356,emp_009504
emp_007357,emp_007356
emp_007358,emp_007356
emp_007359,emp_007356
emp_007360,emp_007356
emp_007361,emp_007356
emp_007362,emp_007356
emp_007363,emp_007356
emp_007364,emp_007369
emp_007365,emp_007369
emp_007366,emp_007369
emp_007367,emp_007369
emp_007368,emp_007369
emp_007369,emp_009504
emp_007370,emp_009504
emp_007371,emp_007370
emp_007372,emp_007370
emp_007373,emp_007370
emp_007374,emp_009504
emp_007375,emp_007374
emp_007376,emp_007374
emp_007377,emp_007374
emp_007378,emp_007374
emp_007379,emp_007374
emp_007380,emp_007383
emp_007381,emp_007383
emp_007382,emp_007383
emp_007383,emp_009504
emp_007384,emp_007383
emp_007385,emp_007386
emp_007386,emp_009504
emp_007387,emp_007386
emp_007388,emp_007386
emp_007389,emp_007386
emp_007390,emp_007391
emp_007391,emp_009504
emp_007392,emp_007391
emp_007393,emp_007391
emp_007394,emp_007399
emp_007395,emp_007399
emp_007396,emp_007399
emp_007397,emp_007399
emp_007398,emp_007399
emp_007399,emp_009504
emp_007400,emp_007399
emp_007401,emp_007403
emp_007402,emp_007403
emp_007403,emp_009504
emp_007404,emp_007405
emp_007405,emp_009504
emp_007406,emp_007405
emp_007407,emp_007405
emp_007408,emp_007405
emp_007409,emp_007413
emp_007410,emp_007413
emp_007411,emp_007413
emp_007412,emp_007413
emp_007413,emp_009504
emp_007414,emp_007413
emp_007415,emp_007413
emp_007416,emp_007423
emp_007417,emp_007423
emp_007418,emp_007423
emp_007419,emp_007423
emp_007420,emp_007423
emp_007421,emp_007423
emp_007422,emp_007423
emp_007423,emp_009504
emp_007424,emp_007423
emp_007425,emp_007423
emp_007426,emp_007427
emp_007427,emp_009504
emp_007428,emp_007427
emp_007429,emp_007427
emp_007430,emp_007427
emp_007431,emp_007427
emp_007432,emp_009504
emp_007433,emp_007432
emp_007434,emp_007432
emp_007435,emp_007432
emp_007436,emp_007432
emp_007437,emp_007432
emp_007438,emp_007445
emp_007439,emp_007445
emp_007440,emp_007445
emp_007441,emp_007445
emp_007442,emp_007445
emp_007443,emp_007445
emp_007444,emp_007445
emp_007445,emp_009504
emp_007446,emp_007448
emp_007447,emp_007448
emp_007448,emp_009504
emp_007449,emp_007448
emp_007450,emp_007448
emp_007451,emp_007448
emp_007452,emp_007458
emp_007453,emp_007458
emp_007454,emp_007458
emp_007455,emp_007458
emp_007456,emp_007458
emp_007457,emp_007458
emp_007458,emp_009504
emp_007459,emp_007458
emp_007460,emp_007458
emp_007461,emp_009504
emp_007462,emp_007461
emp_007463,emp_007466
emp_007464,emp_007466
emp_007465,emp_007466
emp_007466,emp_009504
emp_007467,emp_007466
emp_007468,emp_007466
emp_007469,emp_007466
emp_007470,emp_007474
emp_007471,emp_007474
emp_007472,emp_007474
emp_007473,emp_007474
emp_007474,emp_009504
emp_007475,emp_007478
emp_007476,emp_007478
emp_007477,emp_007478
emp_007478,emp_009504
emp_007479,emp_007478
emp_007480,emp_007478
emp_007481,emp_007486
emp_007482,emp_007486
emp_007483,emp_007486
emp_007484,emp_007486
emp_007485,emp_007486
emp_007486,emp_009504
emp_007487,emp_007486
emp_007488,emp_007486
emp_007489,emp_007486
emp_007490,emp_007492
emp_007491,emp_007492
emp_007492,emp_009504
emp_007493,emp_007492
emp_007494,emp_007492
emp_007495,emp_007492
emp_007496,emp_007497
emp_007497,emp_009504
emp_007498,emp_007497
emp_007499,emp_007497
emp_007500,emp_007497
emp_007501,emp_007506
emp_007502,emp_007506
emp_007503,emp_007506
emp_007504,emp_007506
emp_007505,emp_007506
emp_007506,emp_009504
emp_007507,emp_007511
emp_007508,emp_007511
emp_007509,emp_007511
emp_007510,emp_007511
emp_007511,emp_009504
emp_007512,emp_007515
emp_007513,emp_007515
emp_007514,emp_007515
emp_007515,emp_009504
emp_007516,emp_007515
emp_007517,emp_007515
emp_007518,emp_007520
emp_007519,emp_007520
emp_007520,emp_009504
emp_007521,emp_007520
emp_007522,emp_007520
emp_007523,emp_009504
emp_007524,emp_007523
emp_007525,emp_007523
emp_007526,emp_007523
emp_007527,emp_007523
emp_007528,emp_007530
emp_007529,emp_007530
emp_007530,emp_009504
emp_007531,emp_007530
emp_007532,emp_009504
emp_007533,emp_007532
emp_007534,emp_007532
emp_007535,emp_007532
emp_007536,emp_007532
emp_007537,emp_007532
emp_007538,emp_007532
emp_007539,emp_007540
emp_007540,emp_009504
emp_007541,emp_007540
emp_007542,emp_007540
emp_007543,emp_007540
emp_007544,emp_007540
emp_007545,emp_007546
emp_007546,emp_009504
emp_007547,emp_007546
emp_007548,emp_007546
emp_007549,emp_007550
emp_007550,emp_009504
emp_007551,emp_007550
emp_007552,emp_007550
emp_007553,emp_007555
emp_007554,emp_007555
emp_007555,emp_009504
emp_007556,emp_007555
emp_007557,emp_007555
emp_007558,emp_007555
emp_007559,emp_009504
emp_007560,emp_007559
emp_007561,emp_007559
emp_007562,emp_007559
emp_007563,emp_009504
emp_007564,emp_007563
emp_007565,emp_007563
emp_007566,emp_007563
emp_007567,emp_007563
emp_007568,emp_007563
emp_007569,emp_007576
emp_007570,emp_007576
emp_007571,emp_007576
emp_007572,emp_007576
emp_007573,emp_007576
emp_007574,emp_007576
emp_007575,emp_007576
emp_007576,emp_009504
emp_007577,emp_009504
emp_007578,emp_007577
emp_007579,emp_007577
emp_007580,emp_007577
emp_007581,emp_007577
emp_007582,emp_007577
emp_007583,emp_007577
emp_007584,emp_007577
emp_007585,emp_007577
emp_007586,emp_007577
emp_007587,emp_007577
emp_007588,emp_007577
emp_007589,emp_007591
emp_007590,emp_007591
emp_007591,emp_009504
emp_007592,emp_007591
emp_007593,emp_007591
emp_007594,emp_007591
emp_007595,emp_007591
emp_007596,emp_007603
emp_007597,emp_007603
emp_007598,emp_007603
emp_007599,emp_007603
emp_007600,emp_007603
emp_007601,emp_007603
emp_007602,emp_007603
emp_007603,emp_009504
emp_007604,emp_007603
emp_007605,emp_007607
emp_007606,emp_007607
emp_007607,emp_009504
emp_007608,emp_007611
emp_007609,emp_007611
emp_007610,emp_007611
emp_007611,emp_009504
emp_007612,emp_007611
emp_007613,emp_007614
emp_007614,emp_009504
emp_007615,emp_007614
emp_007616,emp_007614
emp_007617,emp_007614
emp_007618,emp_007614
emp_007619,emp_009504
emp_007620,emp_007619
emp_007621,emp_007619
emp_007622,emp_007619
emp_007623,emp_007619
emp_007624,emp_007619
emp_007625,emp_007619
emp_007626,emp_007627
emp_007627,emp_009504
emp_007628,emp_007627
emp_007629,emp_007631
emp_007630,emp_007631
emp_007631,emp_009504
emp_007632,emp_007631
emp_007633,emp_007631
emp_007634,emp_007631
emp_007635,emp_007631
emp_007636,emp_007631
emp_007637,emp_007639
emp_007638,emp_007639
emp_007639,emp_009504
emp_007640,emp_007639
emp_007641,emp_007639
emp_007642,emp_007639
emp_007643,emp_007639
emp_007644,emp_007647
emp_007645,emp_007647
emp_007646,emp_007647
emp_007647,emp_009504
emp_007648,emp_007647
emp_007649,emp_007647
emp_007650,emp_007647
emp_007651,emp_007656
emp_007652,emp_007656
emp_007653,emp_007656
emp_007654,emp_007656
emp_007655,emp_007656
emp_007656,emp_009504
emp_007657,emp_007656
emp_007658,emp_007659
emp_007659,emp_009504
emp_007660,emp_007659
emp_007661,emp_007659
emp_007662,emp_007659
emp_007663,emp_007665
emp_007664,emp_007665
emp_007665,emp_009504
emp_007666,emp_007665
emp_007667,emp_007665
emp_007668,emp_007665
emp_007669,emp_007665
emp_007670,emp_007665
emp_007671,emp_007672
emp_007672,emp_009504
emp_007673,emp_007672
emp_007674,emp_007672
emp_007675,emp_007672
emp_007676,emp_007672
emp_007677,emp_007679
emp_007678,emp_007679
emp_007679,emp_009504
emp_007680,emp_007679
emp_007681,emp_007679
emp_007682,emp_007687
emp_007683,emp_007687
emp_007684,emp_007687
emp_007685,emp_007687
emp_007686,emp_007687
emp_007687,emp_009504
emp_007688,emp_007687
emp_007689,emp_007690
emp_007690,emp_009504
emp_007691,emp_007690
emp_007692,emp_007690
emp_007693,emp_007697
emp_007694,emp_007697
emp_007695,emp_007697
emp_007696,emp_007697
emp_007697,emp_009504
emp_007698,emp_007699
emp_007699,emp_009504
emp_007700,emp_007699
emp_007701,emp_007699
emp_007702,emp_007699
emp_007703,emp_007706
emp_007704,emp_007706
emp_007705,emp_007706
emp_007706,emp_009504
emp_007707,emp_007706
emp_007708,emp_007706
emp_007709,emp_007706
emp_007710,emp_007713
emp_007711,emp_007713
emp_007712,emp_007713
emp_007713,emp_009504
emp_007714,emp_007713
emp_007715,emp_009504
emp_007716,emp_007715
emp_007717,emp_007715
emp_007718,emp_007715
emp_007719,emp_007715
emp_007720,emp_007715
emp_007721,emp_007715
emp_007722,emp_007724
emp_007723,emp_007724
emp_007724,emp_009504
emp_007725,emp_007724
emp_007726,emp_007728
emp_007727,emp_007728
emp_007728,emp_009504
emp_007729,emp_007728
emp_007730,emp_009504
emp_007731,emp_007730
emp_007732,emp_007730
emp_007733,emp_007730
emp_007734,emp_007730
emp_007735,emp_007730
emp_007736,emp_007730
emp_007737,emp_009504
emp_007738,emp_007737
emp_007739,emp_007737
emp_007740,emp_007737
emp_007741,emp_007737
emp_007742,emp_007737
emp_007743,emp_007746
emp_007744,emp_007746
emp_007745,emp_007746
emp_007746,emp_009504
emp_007747,emp_007746
emp_007748,emp_007753
emp_007749,emp_007753
emp_007750,emp_007753
emp_007751,emp_007753
emp_007752,emp_007753
emp_007753,emp_009504
emp_007754,emp_007753
emp_007755,emp_007760
emp_007756,emp_007760
emp_007757,emp_007760
emp_007758,emp_007760
emp_007759,emp_007760
emp_007760,emp_009504
emp_007761,emp_007760
emp_007762,emp_007768
emp_007763,emp_007768
emp_007764,emp_007768
emp_007765,emp_007768
emp_007766,emp_007768
emp_007767,emp_007768
emp_007768,emp_009504
emp_007769,emp_007768
emp_007770,emp_007771
emp_007771,emp_009504
emp_007772,emp_007771
emp_007773,emp_007771
emp_007774,emp_007771
emp_007775,emp_007771
emp_007776,emp_007771
emp_007777,emp_007778
emp_007778,emp_009504
emp_007779,emp_007778
emp_007780,emp_007778
emp_007781,emp_007778
emp_007782,emp_009504
emp_007783,emp_007782
emp_007784,emp_007782
emp_007785,emp_007782
emp_007786,emp_007782
emp_007787,emp_007782
emp_007788,emp_007793
emp_007789,emp_007793
emp_007790,emp_007793
emp_007791,emp_007793
emp_007792,emp_007793
emp_007793,emp_009504
emp_007794,emp_007793
emp_007795,emp_007793
emp_007796,emp_007798
emp_007797,emp_007798
emp_007798,emp_009504
emp_007799,emp_007798
emp_007800,emp_007798
emp_007801,emp_007798
emp_007802,emp_007798
emp_007803,emp_007804
emp_007804,emp_009504
emp_007805,emp_007804
emp_007806,emp_007804
emp_007807,emp_007804
emp_007808,emp_007813
emp_007809,emp_007813
emp_007810,emp_007813
emp_007811,emp_007813
emp_007812,emp_007813
emp_007813,emp_009504
emp_007814,emp_007813
emp_007815,emp_007813
emp_007816,emp_007817
emp_007817,emp_009504
emp_007818,emp_007817
emp_007819,emp_007817
emp_007820,emp_007817
emp_007821,emp_007825
emp_007822,emp_007825
emp_007823,emp_007825
emp_007824,emp_007825
emp_007825,emp_009504
emp_007826,emp_007825
emp_007827,emp_007829
emp_007828,emp_007829
emp_007829,emp_009504
emp_007830,emp_009504
emp_007831,emp_007830
emp_007832,emp_007830
emp_007833,emp_007830
emp_007834,emp_007830
emp_007835,emp_007830
emp_007836,emp_007842
emp_007837,emp_007842
emp_007838,emp_007842
emp_007839,emp_007842
emp_007840,emp_007842
emp_007841,emp_007842
emp_007842,emp_009504
emp_007843,emp_009504
emp_007844,emp_007843
emp_007845,emp_007843
emp_007846,emp_007843
emp_007847,emp_007843
emp_007848,emp_007843
emp_007849,emp_009504
emp_007850,emp_007849
emp_007851,emp_007849
emp_007852,emp_007849
emp_007853,emp_007849
emp_007854,emp_007849
emp_007855,emp_007859
emp_007856,emp_007859
emp_007857,emp_007859
emp_007858,emp_007859
emp_007859,emp_009504
emp_007860,emp_009504
emp_007861,emp_007860
emp_007862,emp_007860
emp_007863,emp_007860
emp_007864,emp_007860
emp_007865,emp_007860
emp_007866,emp_007860
emp_007867,emp_007868
emp_007868,emp_009504
emp_007869,emp_007868
emp_007870,emp_007868
emp_007871,emp_007868
emp_007872,emp_007877
emp_007873,emp_007877
emp_007874,emp_007877
emp_007875,emp_007877
emp_007876,emp_007877
emp_007877,emp_009504
emp_007878,emp_007877
emp_007879,emp_007883
emp_007880,emp_007883
emp_007881,emp_007883
emp_007882,emp_007883
emp_007883,emp_009504
emp_007884,emp_007883
emp_007885,emp_007883
emp_007886,emp_009504
emp_007887,emp_007886
emp_007888,emp_007886
emp_007889,emp_007886
emp_007890,emp_007886
emp_007891,emp_007886
emp_007892,emp_007894
emp_007893,emp_007894
emp_007894,emp_009504
emp_007895,emp_007894
emp_007896,emp_007894
emp_007897,emp_007894
emp_007898,emp_007894
emp_007899,emp_007903
emp_007900,emp_007903
emp_007901,emp_007903
emp_007902,emp_007903
emp_007903,emp_009504
emp_007904,emp_007903
emp_007905,emp_007903
emp_007906,emp_007910
emp_007907,emp_007910
emp_007908,emp_007910
emp_007909,emp_007910
emp_007910,emp_009504
emp_007911,emp_007910
emp_007912,emp_009504
emp_007913,emp_007912
emp_007914,emp_007912
emp_007915,emp_007912
emp_007916,emp_007920
emp_007917,emp_007920
emp_007918,emp_007920
emp_007919,emp_007920
emp_007920,emp_009504
emp_007921,emp_007920
emp_007922,emp_007920
emp_007923,emp_007920
emp_007924,emp_007920
emp_007925,emp_007935
emp_007926,emp_007935
emp_007927,emp_007935
emp_007928,emp_007935
emp_007929,emp_007935
emp_007930,emp_007935
emp_007931,emp_007935
emp_007932,emp_007935
emp_007933,emp_007935
emp_007934,emp_007935
emp_007935,emp_009504
emp_007936,emp_009504
emp_007937,emp_007936
emp_007938,emp_007936
emp_007939,emp_007936
emp_007940,emp_007936
emp_007941,emp_007936
emp_007942,emp_007936
emp_007943,emp_009504
emp_007944,emp_007943
emp_007945,emp_007943
emp_007946,emp_007943
emp_007947,emp_007943
emp_007948,emp_009504
emp_007949,emp_007948
emp_007950,emp_007948
emp_007951,emp_007948
emp_007952,emp_007948
emp_007953,emp_007948
emp_007954,emp_007948
emp_007955,emp_007957
emp_007956,emp_007957
emp_007957,emp_009504
emp_007958,emp_007957
emp_007959,emp_007961
emp_007960,emp_007961
emp_007961,emp_009504
emp_007962,emp_007961
emp_007963,emp_007961
emp_007964,emp_007961
emp_007965,emp_007961
emp_007966,emp_007961
emp_007967,emp_007972
emp_007968,emp_007972
emp_007969,emp_007972
emp_007970,emp_007972
emp_007971,emp_007972
emp_007972,emp_009504
emp_007973,emp_007972
emp_007974,emp_007972
emp_007975,emp_007972
emp_007976,emp_007972
emp_007977,emp_009504
emp_007978,emp_007977
emp_007979,emp_007977
emp_007980,emp_007977
emp_007981,emp_007977
emp_007982,emp_007977
emp_007983,emp_007977
emp_007984,emp_009504
emp_007985,emp_007984
emp_007986,emp_007984
emp_007987,emp_007984
emp_007988,emp_007984
emp_007989,emp_007984
emp_007990,emp_007984
emp_007991,emp_007984
emp_007992,emp_007993
emp_007993,emp_009504
emp_007994,emp_007993
emp_007995,emp_008000
emp_007996,emp_008000
emp_007997,emp_008000
emp_007998,emp_008000
emp_007999,emp_008000
emp_008000,emp_009504
emp_008001,emp_008004
emp_008002,emp_008004
emp_008003,emp_008004
emp_008004,emp_009504
emp_008005,emp_008014
emp_008006,emp_008014
emp_008007,emp_008014
emp_008008,emp_008014
emp_008009,emp_008014
emp_008010,emp_008014
emp_008011,emp_008014
emp_008012,emp_008014
emp_008013,emp_008014
emp_008014,emp_009504
emp_008015,emp_008018
emp_008016,emp_008018
emp_008017,emp_008018
emp_008018,emp_009504
emp_008019,emp_008018
emp_008020,emp_008018
emp_008021,emp_008022
emp_008022,emp_009504
emp_008023,emp_008022
emp_008024,emp_008022
emp_008025,emp_008022
emp_008026,emp_008022
emp_008027,emp_009504
emp_008028,emp_008027
emp_008029,emp_008027
emp_008030,emp_008027
emp_008031,emp_008027
emp_008032,emp_008027
emp_008033,emp_008027
emp_008034,emp_008027
emp_008035,emp_008039
emp_008036,emp_008039
emp_008037,emp_008039
emp_008038,emp_008039
emp_008039,emp_009504
emp_008040,emp_008039
emp_008041,emp_008039
emp_008042,emp_008039
emp_008043,emp_008039
emp_008044,emp_008048
emp_008045,emp_008048
emp_008046,emp_008048
emp_008047,emp_008048
emp_008048,emp_009504
emp_008049,emp_008048
emp_008050,emp_008048
emp_008051,emp_008048
emp_008052,emp_008053
emp_008053,emp_009504
emp_008054,emp_008053
emp_008055,emp_008053
emp_008056,emp_008053
emp_008057,emp_009504
emp_008058,emp_008057
emp_008059,emp_008057
emp_008060,emp_008057
emp_008061,emp_008057
emp_008062,emp_008057
emp_008063,emp_008057
emp_008064,emp_009504
emp_008065,emp_008064
emp_008066,emp_008064
emp_008067,emp_008064
emp_008068,emp_008064
emp_008069,emp_008064
emp_008070,emp_008064
emp_008071,emp_008064
emp_008072,emp_008073
emp_008073,emp_009504
emp_008074,emp_008073
emp_008075,emp_008073
emp_008076,emp_008073
emp_008077,emp_008073
emp_008078,emp_008083
emp_008079,emp_008083
emp_008080,emp_008083
emp_008081,emp_008083
emp_008082,emp_008083
emp_008083,emp_009504
emp_008084,emp_008083
emp_008085,emp_008083
emp_008086,emp_008090
emp_008087,emp_008090
emp_008088,emp_008090
emp_008089,emp_008090
emp_008090,emp_009504
emp_008091,emp_008093
emp_008092,emp_008093
emp_008093,emp_009504
emp_008094,emp_008093
emp_008095,emp_008093
emp_008096,emp_008093
emp_008097,emp_008093
emp_008098,emp_008093
emp_008099,emp_008101
emp_008100,emp_008101
emp_008101,emp_009504
emp_008102,emp_008101
emp_008103,emp_008101
emp_008104,emp_008101
emp_008105,emp_008101
emp_008106,emp_008101
emp_008107,emp_008101
emp_008108,emp_008109
emp_008109,emp_009504
emp_008110,emp_008109
emp_008111,emp_008109
emp_008112,emp_008109
emp_008113,emp_008109
emp_008114,emp_008109
emp_008115,emp_008118
emp_008116,emp_008118
emp_008117,emp_008118
emp_008118,emp_009504
emp_008119,emp_008118
emp_008120,emp_008121
emp_008121,emp_009504
emp_008122,emp_008121
emp_008123,emp_008121
emp_008124,emp_008121
emp_008125,emp_008121
emp_008126,emp_008121
emp_008127,emp_008121
emp_008128,emp_008130
emp_008129,emp_008130
emp_008130,emp_009504
emp_008131,emp_008130
emp_008132,emp_008130
emp_008133,emp_008130
emp_008134,emp_008130
emp_008135,emp_008130
emp_008136,emp_008142
emp_008137,emp_008142
emp_008138,emp_008142
emp_008139,emp_008142
emp_008140,emp_008142
emp_008141,emp_008142
emp_008142,emp_009504
emp_008143,emp_008142
emp_008144,emp_008147
emp_008145,emp_008147
emp_008146,emp_008147
emp_008147,emp_009504
emp_008148,emp_008147
emp_008149,emp_008150
emp_008150,emp_009504
emp_008151,emp_008150
emp_008152,emp_008150
emp_008153,emp_008150
emp_008154,emp_008150
emp_008155,emp_008150
emp_008156,emp_008161
emp_008157,emp_008161
emp_008158,emp_008161
emp_008159,emp_008161
emp_008160,emp_008161
emp_008161,emp_009504
emp_008162,emp_008161
emp_008163,emp_008173
emp_008164,emp_008173
emp_008165,emp_008173
emp_008166,emp_008173
emp_008167,emp_008173
emp_008168,emp_008173
emp_008169,emp_008173
emp_008170,emp_008173
emp_008171,emp_008173
emp_008172,emp_008173
emp_008173,emp_009504
emp_008174,emp_008173
emp_008175,emp_008173
emp_008176,emp_008178
emp_008177,emp_008178
emp_008178,emp_009504
emp_008179,emp_008178
emp_008180,emp_008178
emp_008181,emp_008178
emp_008182,emp_008178
emp_008183,emp_008178
emp_008184,emp_008187
emp_008185,emp_008187
emp_008186,emp_008187
emp_008187,emp_009504
emp_008188,emp_008187
emp_008189,emp_008187
emp_008190,emp_008192
emp_008191,emp_008192
emp_008192,emp_009504
emp_008193,emp_008192
emp_008194,emp_008192
emp_008195,emp_008192
emp_008196,emp_008192
emp_008197,emp_008192
emp_008198,emp_008192
emp_008199,emp_009504
emp_008200,emp_008199
emp_008201,emp_008199
emp_008202,emp_008199
emp_008203,emp_008199
emp_008204,emp_008199
emp_008205,emp_009504
emp_008206,emp_008205
emp_008207,emp_008205
emp_008208,emp_008205
emp_008209,emp_008205
emp_008210,emp_008205
emp_008211,emp_008205
emp_008212,emp_008215
emp_008213,emp_008215
emp_008214,emp_008215
emp_008215,emp_009504
emp_008216,emp_008215
emp_008217,emp_008215
emp_008218,emp_008215
emp_008219,emp_008215
emp_008220,emp_008215
emp_008221,emp_008215
emp_008222,emp_008226
emp_008223,emp_008226
emp_008224,emp_008226
emp_008225,emp_008226
emp_008226,emp_009504
emp_008227,emp_008226
emp_008228,emp_008226
emp_008229,emp_008226
emp_008230,emp_008226
emp_008231,emp_008235
emp_008232,emp_008235
emp_008233,emp_008235
emp_008234,emp_008235
emp_008235,emp_009504
emp_008236,emp_008235
emp_008237,emp_008235
emp_008238,emp_009504
emp_008239,emp_008238
emp_008240,emp_008238
emp_008241,emp_008238
emp_008242,emp_008238
emp_008243,emp_008244
emp_008244,emp_009504
emp_008245,emp_009504
emp_008246,emp_008245
emp_008247,emp_008245
emp_008248,emp_008245
emp_008249,emp_008245
emp_008250,emp_008245
emp_008251,emp_008245
emp_008252,emp_009504
emp_008253,emp_008252
emp_008254,emp_008252
emp_008255,emp_008252
emp_008256,emp_008252
emp_008257,emp_008260
emp_008258,emp_008260
emp_008259,emp_008260
emp_008260,emp_009504
emp_008261,emp_008260
emp_008262,emp_008260
emp_008263,emp_008260
emp_008264,emp_008260
emp_008265,emp_008260
emp_008266,emp_008274
emp_008267,emp_008274
emp_008268,emp_008274
emp_008269,emp_008274
emp_008270,emp_008274
emp_008271,emp_008274
emp_008272,emp_008274
emp_008273,emp_008274
emp_008274,emp_009504
emp_008275,emp_008276
emp_008276,emp_009504
emp_008277,emp_008276
emp_008278,emp_008276
emp_008279,emp_008282
emp_008280,emp_008282
emp_008281,emp_008282
emp_008282,emp_009504
emp_008283,emp_008285
emp_008284,emp_008285
emp_008285,emp_009504
emp_008286,emp_008285
emp_008287,emp_008285
emp_008288,emp_008285
emp_008289,emp_008293
emp_008290,emp_008293
emp_008291,emp_008293
emp_008292,emp_008293
emp_008293,emp_009504
emp_008294,emp_008293
emp_008295,emp_008293
emp_008296,emp_008300
emp_008297,emp_008300
emp_008298,emp_008300
emp_008299,emp_008300
emp_008300,emp_009504
emp_008301,emp_008300
emp_008302,emp_008300
emp_008303,emp_008300
emp_008304,emp_008300
emp_008305,emp_008306
emp_008306,emp_009504
emp_008307,emp_008306
emp_008308,emp_008306
emp_008309,emp_008311
emp_008310,emp_008311
emp_008311,emp_009504
emp_008312,emp_008313
emp_008313,emp_009504
emp_008314,emp_008313
emp_008315,emp_008313
emp_008316,emp_008313
emp_008317,emp_008313
emp_008318,emp_008320
emp_008319,emp_008320
emp_008320,emp_009504
emp_008321,emp_008320
emp_008322,emp_008320
emp_008323,emp_008320
emp_008324,emp_008325
emp_008325,emp_009504
emp_008326,emp_008325
emp_008327,emp_008325
emp_008328,emp_008325
emp_008329,emp_008325
emp_008330,emp_009504
emp_008331,emp_008330
emp_008332,emp_008330
emp_008333,emp_008330
emp_008334,emp_008330
emp_008335,emp_008330
emp_008336,emp_008330
emp_008337,emp_008330
emp_008338,emp_008330
emp_008339,emp_008342
emp_008340,emp_008342
emp_008341,emp_008342
emp_008342,emp_009504
emp_008343,emp_008342
emp_008344,emp_008342
emp_008345,emp_008349
emp_008346,emp_008349
emp_008347,emp_008349
emp_008348,emp_008349
emp_008349,emp_009504
emp_008350,emp_008349
emp_008351,emp_008349
emp_008352,emp_008349
emp_008353,emp_008349
emp_008354,emp_008356
emp_008355,emp_008356
emp_008356,emp_009504
emp_008357,emp_008356
emp_008358,emp_008356
emp_008359,emp_008356
emp_008360,emp_008363
emp_008361,emp_008363
emp_008362,emp_008363
emp_008363,emp_009504
emp_008364,emp_008363
emp_008365,emp_008363
emp_008366,emp_008363
emp_008367,emp_009504
emp_008368,emp_008367
emp_008369,emp_008367
emp_008370,emp_008367
emp_008371,emp_008367
emp_008372,emp_008367
emp_008373,emp_008367
emp_008374,emp_008367
emp_008375,emp_008379
emp_008376,emp_008379
emp_008377,emp_008379
emp_008378,emp_008379
emp_008379,emp_009504
emp_008380,emp_008379
emp_008381,emp_008383
emp_008382,emp_008383
emp_008383,emp_009504
emp_008384,emp_008387
emp_008385,emp_008387
emp_008386,emp_008387
emp_008387,emp_009504
emp_008388,emp_008387
emp_008389,emp_009504
emp_008390,emp_008389
emp_008391,emp_008389
emp_008392,emp_008389
emp_008393,emp_008389
emp_008394,emp_008389
emp_008395,emp_008398
emp_008396,emp_008398
emp_008397,emp_008398
emp_008398,emp_009504
emp_008399,emp_009504
emp_008400,emp_008399
emp_008401,emp_008399
emp_008402,emp_008399
emp_008403,emp_008407
emp_008404,emp_008407
emp_008405,emp_008407
emp_008406,emp_008407
emp_008407,emp_009504
emp_008408,emp_009504
emp_008409,emp_008408
emp_008410,emp_008408
emp_008411,emp_008408
emp_008412,emp_008408
emp_008413,emp_008419
emp_008414,emp_008419
emp_008415,emp_008419
emp_008416,emp_008419
emp_008417,emp_008419
emp_008418,emp_008419
emp_008419,emp_009504
emp_008420,emp_008419
emp_008421,emp_009504
emp_008422,emp_008421
emp_008423,emp_008421
emp_008424,emp_008421
emp_008425,emp_008421
emp_008426,emp_008421
emp_008427,emp_008421
emp_008428,emp_008421
emp_008429,emp_009504
emp_008430,emp_008429
emp_008431,emp_009504
emp_008432,emp_008431
emp_008433,emp_008431
emp_008434,emp_008431
emp_008435,emp_008431
emp_008436,emp_008431
emp_008437,emp_008431
emp_008438,emp_008431
emp_008439,emp_008440
emp_008440,emp_009504
emp_008441,emp_008440
emp_008442,emp_008440
emp_008443,emp_008440
emp_008444,emp_008448
emp_008445,emp_008448
emp_008446,emp_008448
emp_008447,emp_008448
emp_008448,emp_009504
emp_008449,emp_008448
emp_008450,emp_008451
emp_008451,emp_009504
emp_008452,emp_008451
emp_008453,emp_008451
emp_008454,emp_008451
emp_008455,emp_008451
emp_008456,emp_008451
emp_008457,emp_008451
emp_008458,emp_008451
emp_008459,emp_008465
emp_008460,emp_008465
emp_008461,emp_008465
emp_008462,emp_008465
emp_008463,emp_008465
emp_008464,emp_008465
emp_008465,emp_009504
emp_008466,emp_008467
emp_008467,emp_009504
emp_008468,emp_008467
emp_008469,emp_008467
emp_008470,emp_008467
emp_008471,emp_008467
emp_008472,emp_008474
emp_008473,emp_008474
emp_008474,emp_009504
emp_008475,emp_008474
emp_008476,emp_008474
emp_008477,emp_008482
emp_008478,emp_008482
emp_008479,emp_008482
emp_008480,emp_008482
emp_008481,emp_008482
emp_008482,emp_009504
emp_008483,emp_008482
emp_008484,emp_008491
emp_008485,emp_008491
emp_008486,emp_008491
emp_008487,emp_008491
emp_008488,emp_008491
emp_008489,emp_008491
emp_008490,emp_008491
emp_008491,emp_009504
emp_008492,emp_008494
emp_008493,emp_008494
emp_008494,emp_009504
emp_008495,emp_008494
emp_008496,emp_008494
emp_008497,emp_008494
emp_008498,emp_008494
emp_008499,emp_008494
emp_008500,emp_008501
emp_008501,emp_009504
emp_008502,emp_008501
emp_008503,emp_008501
emp_008504,emp_008501
emp_008505,emp_008501
emp_008506,emp_008511
emp_008507,emp_008511
emp_008508,emp_008511
emp_008509,emp_008511
emp_008510,emp_008511
emp_008511,emp_009504
emp_008512,emp_008511
emp_008513,emp_008511
emp_008514,emp_008511
emp_008515,emp_008511
emp_008516,emp_008517
emp_008517,emp_009504
emp_008518,emp_008517
emp_008519,emp_008517
emp_008520,emp_008517
emp_008521,emp_008517
emp_008522,emp_008523
emp_008523,emp_009504
emp_008524,emp_008523
emp_008525,emp_008523
emp_008526,emp_008523
emp_008527,emp_008523
emp_008528,emp_008523
emp_008529,emp_008523
emp_008530,emp_008523
emp_008531,emp_008523
emp_008532,emp_008534
emp_008533,emp_008534
emp_008534,emp_009504
emp_008535,emp_008534
emp_008536,emp_008534
emp_008537,emp_008534
emp_008538,emp_008534
emp_008539,emp_009504
emp_008540,emp_008539
emp_008541,emp_008539
emp_008542,emp_008539
emp_008543,emp_008539
emp_008544,emp_008539
emp_008545,emp_008539
emp_008546,emp_008539
emp_008547,emp_008539
emp_008548,emp_008539
emp_008549,emp_008553
emp_008550,emp_008553
emp_008551,emp_008553
emp_008552,emp_008553
emp_008553,emp_009504
emp_008554,emp_008553
emp_008555,emp_008553
emp_008556,emp_008553
emp_008557,emp_008553
emp_008558,emp_008553
emp_008559,emp_008561
emp_008560,emp_008561
emp_008561,emp_009504
emp_008562,emp_008561
emp_008563,emp_008561
emp_008564,emp_008568
emp_008565,emp_008568
emp_008566,emp_008568
emp_008567,emp_008568
emp_008568,emp_009504
emp_008569,emp_008568
emp_008570,emp_008572
emp_008571,emp_008572
emp_008572,emp_009504
emp_008573,emp_008572
emp_008574,emp_008572
emp_008575,emp_008572
emp_008576,emp_008582
emp_008577,emp_008582
emp_008578,emp_008582
emp_008579,emp_008582
emp_008580,emp_008582
emp_008581,emp_008582
emp_008582,emp_009504
emp_008583,emp_008582
emp_008584,emp_008586
emp_008585,emp_008586
emp_008586,emp_009504
emp_008587,emp_008586
emp_008588,emp_008586
emp_008589,emp_008591
emp_008590,emp_008591
emp_008591,emp_009504
emp_008592,emp_008591
emp_008593,emp_008598
emp_008594,emp_008598
emp_008595,emp_008598
emp_008596,emp_008598
emp_008597,emp_008598
emp_008598,emp_009504
emp_008599,emp_008598
emp_008600,emp_008598
emp_008601,emp_008598
emp_008602,emp_008598
emp_008603,emp_008598
emp_008604,emp_008598
emp_008605,emp_008598
emp_008606,emp_008611
emp_008607,emp_008611
emp_008608,emp_008611
emp_008609,emp_008611
emp_008610,emp_008611
emp_008611,emp_009504
emp_008612,emp_008611
emp_008613,emp_008611
emp_008614,emp_008616
emp_008615,emp_008616
emp_008616,emp_009504
emp_008617,emp_008616
emp_008618,emp_008616
emp_008619,emp_008616
emp_008620,emp_008616
emp_008621,emp_008616
emp_008622,emp_008616
emp_008623,emp_008625
emp_008624,emp_008625
emp_008625,emp_009504
emp_008626,emp_008625
emp_008627,emp_008625
emp_008628,emp_008625
emp_008629,emp_008625
emp_008630,emp_008631
emp_008631,emp_009504
emp_008632,emp_008631
emp_008633,emp_008631
emp_008634,emp_008631
emp_008635,emp_008631
emp_008636,emp_008631
emp_008637,emp_009504
emp_008638,emp_008637
emp_008639,emp_008637
emp_008640,emp_008637
emp_008641,emp_008637
emp_008642,emp_008637
emp_008643,emp_008637
emp_008644,emp_008637
emp_008645,emp_008647
emp_008646,emp_008647
emp_008647,emp_009504
emp_008648,emp_008647
emp_008649,emp_008647
emp_008650,emp_008647
emp_008651,emp_008647
emp_008652,emp_009504
emp_008653,emp_008652
emp_008654,emp_008652
emp_008655,emp_008652
emp_008656,emp_008652
emp_008657,emp_008652
emp_008658,emp_008660
emp_008659,emp_008660
emp_008660,emp_009504
emp_008661,emp_008660
emp_008662,emp_008660
emp_008663,emp_008660
emp_008664,emp_008673
emp_008665,emp_008673
emp_008666,emp_008673
emp_008667,emp_008673
emp_008668,emp_008673
emp_008669,emp_008673
emp_008670,emp_008673
emp_008671,emp_008673
emp_008672,emp_008673
emp_008673,emp_009504
emp_008674,emp_009504
emp_008675,emp_008674
emp_008676,emp_008674
emp_008677,emp_008674
emp_008678,emp_008674
emp_008679,emp_008685
emp_008680,emp_008685
emp_008681,emp_008685
emp_008682,emp_008685
emp_008683,emp_008685
emp_008684,emp_008685
emp_008685,emp_009504
emp_008686,emp_008685
emp_008687,emp_008691
emp_008688,emp_008691
emp_008689,emp_008691
emp_008690,emp_008691
emp_008691,emp_009504
emp_008692,emp_008691
emp_008693,emp_008691
emp_008694,emp_009504
emp_008695,emp_008694
emp_008696,emp_008694
emp_008697,emp_008694
emp_008698,emp_008694
emp_008699,emp_008694
emp_008700,emp_008707
emp_008701,emp_008707
emp_008702,emp_008707
emp_008703,emp_008707
emp_008704,emp_008707
emp_008705,emp_008707
emp_008706,emp_008707
emp_008707,emp_009504
emp_008708,emp_008709
emp_008709,emp_009504
emp_008710,emp_008709
emp_008711,emp_008709
emp_008712,emp_008709
emp_008713,emp_008709
emp_008714,emp_008715
emp_008715,emp_009504
emp_008716,emp_008715
emp_008717,emp_008722
emp_008718,emp_008722
emp_008719,emp_008722
emp_008720,emp_008722
emp_008721,emp_008722
emp_008722,emp_009504
emp_008723,emp_008722
emp_008724,emp_008722
emp_008725,emp_008727
emp_008726,emp_008727
emp_008727,emp_009504
emp_008728,emp_008727
emp_008729,emp_008727
emp_008730,emp_008727
emp_008731,emp_008727
emp_008732,emp_008736
emp_008733,emp_008736
emp_008734,emp_008736
emp_008735,emp_008736
emp_008736,emp_009504
emp_008737,emp_008736
emp_008738,emp_008736
emp_008739,emp_008743
emp_008740,emp_008743
emp_008741,emp_008743
emp_008742,emp_008743
emp_008743,emp_009504
emp_008744,emp_008743
emp_008745,emp_008743
emp_008746,emp_008743
emp_008747,emp_008743
emp_008748,emp_008749
emp_008749,emp_009504
emp_008750,emp_008749
emp_008751,emp_008749
emp_008752,emp_008749
emp_008753,emp_008749
emp_008754,emp_008762
emp_008755,emp_008762
emp_008756,emp_008762
emp_008757,emp_008762
emp_008758,emp_008762
emp_008759,emp_008762
emp_008760,emp_008762
emp_008761,emp_008762
emp_008762,emp_009504
emp_008763,emp_008766
emp_008764,emp_008766
emp_008765,emp_008766
emp_008766,emp_009504
emp_008767,emp_008766
emp_008768,emp_008766
emp_008769,emp_008775
emp_008770,emp_008775
emp_008771,emp_008775
emp_008772,emp_008775
emp_008773,emp_008775
emp_008774,emp_008775
emp_008775,emp_009504
emp_008776,emp_008775
emp_008777,emp_008775
emp_008778,emp_008775
emp_008779,emp_008775
emp_008780,emp_008781
emp_008781,emp_009504
emp_008782,emp_008781
emp_008783,emp_008781
emp_008784,emp_009504
emp_008785,emp_008784
emp_008786,emp_008784
emp_008787,emp_008784
emp_008788,emp_008784
emp_008789,emp_008784
emp_008790,emp_008784
emp_008791,emp_008796
emp_008792,emp_008796
emp_008793,emp_008796
emp_008794,emp_008796
emp_008795,emp_008796
emp_008796,emp_009504
emp_008797,emp_009504
emp_008798,emp_008797
emp_008799,emp_008797
emp_008800,emp_008797
emp_008801,emp_008803
emp_008802,emp_008803
emp_008803,emp_009504
emp_008804,emp_008803
emp_008805,emp_008803
emp_008806,emp_008810
emp_008807,emp_008810
emp_008808,emp_008810
emp_008809,emp_008810
emp_008810,emp_009504
emp_008811,emp_008810
emp_008812,emp_008813
emp_008813,emp_009504
emp_008814,emp_008813
emp_008815,emp_008819
emp_008816,emp_008819
emp_008817,emp_008819
emp_008818,emp_008819
emp_008819,emp_009504
emp_008820,emp_008819
emp_008821,emp_008828
emp_008822,emp_008828
emp_008823,emp_008828
emp_008824,emp_008828
emp_008825,emp_008828
emp_008826,emp_008828
emp_008827,emp_008828
emp_008828,emp_009504
emp_008829,emp_009504
emp_008830,emp_008829
emp_008831,emp_008829
emp_008832,emp_008829
emp_008833,emp_008834
emp_008834,emp_009504
emp_008835,emp_008834
emp_008836,emp_008834
emp_008837,emp_008834
emp_008838,emp_008839
emp_008839,emp_009504
emp_008840,emp_008839
emp_008841,emp_008845
emp_008842,emp_008845
emp_008843,emp_008845
emp_008844,emp_008845
emp_008845,emp_009504
emp_008846,emp_008847
emp_008847,emp_009504
emp_008848,emp_008847
emp_008849,emp_008847
emp_008850,emp_008847
emp_008851,emp_008847
emp_008852,emp_008856
emp_008853,emp_008856
emp_008854,emp_008856
emp_008855,emp_008856
emp_008856,emp_009504
emp_008857,emp_008861
emp_008858,emp_008861
emp_008859,emp_008861
emp_008860,emp_008861
emp_008861,emp_009504
emp_008862,emp_008867
emp_008863,emp_008867
emp_008864,emp_008867
emp_008865,emp_008867
emp_008866,emp_008867
emp_008867,emp_009504
emp_008868,emp_008867
emp_008869,emp_008871
emp_008870,emp_008871
emp_008871,emp_009504
emp_008872,emp_008871
emp_008873,emp_008871
emp_008874,emp_008871
emp_008875,emp_008871
emp_008876,emp_008878
emp_008877,emp_008878
emp_008878,emp_009504
emp_008879,emp_008878
emp_008880,emp_008883
emp_008881,emp_008883
emp_008882,emp_008883
emp_008883,emp_009504
emp_008884,emp_008883
emp_008885,emp_009504
emp_008886,emp_008885
emp_008887,emp_008885
emp_008888,emp_008885
emp_008889,emp_008885
emp_008890,emp_009504
emp_008891,emp_008890
emp_008892,emp_008890
emp_008893,emp_009504
emp_008894,emp_008893
emp_008895,emp_008893
emp_008896,emp_008893
emp_008897,emp_008893
emp_008898,emp_008893
emp_008899,emp_008904
emp_008900,emp_008904
emp_008901,emp_008904
emp_008902,emp_008904
emp_008903,emp_008904
emp_008904,emp_009504
emp_008905,emp_008904
emp_008906,emp_008912
emp_008907,emp_008912
emp_008908,emp_008912
emp_008909,emp_008912
emp_008910,emp_008912
emp_008911,emp_008912
emp_008912,emp_009504
emp_008913,emp_008916
emp_008914,emp_008916
emp_008915,emp_008916
emp_008916,emp_009504
emp_008917,emp_008916
emp_008918,emp_008919
emp_008919,emp_009504
emp_008920,emp_008919
emp_008921,emp_008919
emp_008922,emp_008919
emp_008923,emp_008919
emp_008924,emp_008919
emp_008925,emp_008919
emp_008926,emp_008930
emp_008927,emp_008930
emp_008928,emp_008930
emp_008929,emp_008930
emp_008930,emp_009504
emp_008931,emp_008930
emp_008932,emp_008930
emp_008933,emp_008930
emp_008934,emp_008935
emp_008935,emp_009504
emp_008936,emp_008935
emp_008937,emp_008935
emp_008938,emp_008935
emp_008939,emp_009504
emp_008940,emp_008939
emp_008941,emp_008939
emp_008942,emp_008939
emp_008943,emp_008939
emp_008944,emp_008939
emp_008945,emp_008950
emp_008946,emp_008950
emp_008947,emp_008950
emp_008948,emp_008950
emp_008949,emp_008950
emp_008950,emp_009504
emp_008951,emp_008950
emp_008952,emp_008950
emp_008953,emp_008955
emp_008954,emp_008955
emp_008955,emp_009504
emp_008956,emp_008955
emp_008957,emp_008955
emp_008958,emp_008961
emp_008959,emp_008961
emp_008960,emp_008961
emp_008961,emp_009504
emp_008962,emp_008961
emp_008963,emp_008961
emp_008964,emp_008961
emp_008965,emp_008961
emp_008966,emp_008961
emp_008967,emp_008969
emp_008968,emp_008969
emp_008969,emp_009504
emp_008970,emp_008969
emp_008971,emp_008969
emp_008972,emp_008969
emp_008973,emp_008969
emp_008974,emp_008969
emp_008975,emp_008969
emp_008976,emp_009504
emp_008977,emp_008976
emp_008978,emp_008976
emp_008979,emp_008976
emp_008980,emp_008976
emp_008981,emp_008976
emp_008982,emp_008987
emp_008983,emp_008987
emp_008984,emp_008987
emp_008985,emp_008987
emp_008986,emp_008987
emp_008987,emp_009504
emp_008988,emp_009504
emp_008989,emp_008988
emp_008990,emp_008988
emp_008991,emp_008988
emp_008992,emp_008988
emp_008993,emp_008988
emp_008994,emp_008995
emp_008995,emp_009504
emp_008996,emp_008995
emp_008997,emp_008995
emp_008998,emp_008995
emp_008999,emp_008995
emp_009000,emp_008995
emp_009001,emp_008995
emp_009002,emp_008995
emp_009003,emp_009005
emp_009004,emp_009005
emp_009005,emp_009504
emp_009006,emp_009005
emp_009007,emp_009005
emp_009008,emp_009005
emp_009009,emp_009005
emp_009010,emp_009005
emp_009011,emp_009013
emp_009012,emp_009013
emp_009013,emp_009504
emp_009014,emp_009013
emp_009015,emp_009018
emp_009016,emp_009018
emp_009017,emp_009018
emp_009018,emp_009504
emp_009019,emp_009022
emp_009020,emp_009022
emp_009021,emp_009022
emp_009022,emp_009504
emp_009023,emp_009022
emp_009024,emp_009027
emp_009025,emp_009027
emp_009026,emp_009027
emp_009027,emp_009504
emp_009028,emp_009027
emp_009029,emp_009027
emp_009030,emp_009033
emp_009031,emp_009033
emp_009032,emp_009033
emp_009033,emp_009504
emp_009034,emp_009035
emp_009035,emp_009504
emp_009036,emp_009035
emp_009037,emp_009035
emp_009038,emp_009035
emp_009039,emp_009035
emp_009040,emp_009035
emp_009041,emp_009035
emp_009042,emp_009046
emp_009043,emp_009046
emp_009044,emp_009046
emp_009045,emp_009046
emp_009046,emp_009504
emp_009047,emp_009046
emp_009048,emp_009046
emp_009049,emp_009052
emp_009050,emp_009052
emp_009051,emp_009052
emp_009052,emp_009504
emp_009053,emp_009052
emp_009054,emp_009052
emp_009055,emp_009052
emp_009056,emp_009052
emp_009057,emp_009060
emp_009058,emp_009060
emp_009059,emp_009060
emp_009060,emp_009504
emp_009061,emp_009060
emp_009062,emp_009060
emp_009063,emp_009060
emp_009064,emp_009060
emp_009065,emp_009068
emp_009066,emp_009068
emp_009067,emp_009068
emp_009068,emp_009504
emp_009069,emp_009068
emp_009070,emp_009504
emp_009071,emp_009070
emp_009072,emp_009070
emp_009073,emp_009070
emp_009074,emp_009070
emp_009075,emp_009070
emp_009076,emp_009070
emp_009077,emp_009070
emp_009078,emp_009070
emp_009079,emp_009070
emp_009080,emp_009082
emp_009081,emp_009082
emp_009082,emp_009504
emp_009083,emp_009082
emp_009084,emp_009082
emp_009085,emp_009082
emp_009086,emp_009082
emp_009087,emp_009082
emp_009088,emp_009082
emp_009089,emp_009082
emp_009090,emp_009091
emp_009091,emp_009504
emp_009092,emp_009091
emp_009093,emp_009091
emp_009094,emp_009091
emp_009095,emp_009091
emp_009096,emp_009098
emp_009097,emp_009098
emp_009098,emp_009504
emp_009099,emp_009098
emp_009100,emp_009098
emp_009101,emp_009103
emp_009102,emp_009103
emp_009103,emp_009504
emp_009104,emp_009103
emp_009105,emp_009103
emp_009106,emp_009504
emp_009107,emp_009106
emp_009108,emp_009106
emp_009109,emp_009106
emp_009110,emp_009106
emp_009111,emp_009106
emp_009112,emp_009106
emp_009113,emp_009116
emp_009114,emp_009116
emp_009115,emp_009116
emp_009116,emp_009504
emp_009117,emp_009116
emp_009118,emp_009120
emp_009119,emp_009120
emp_009120,emp_009504
emp_009121,emp_009120
emp_009122,emp_009120
emp_009123,emp_009120
emp_009124,emp_009120
emp_009125,emp_009126
emp_009126,emp_009504
emp_009127,emp_009126
emp_009128,emp_009126
emp_009129,emp_009126
emp_009130,emp_009126
emp_009131,emp_009126
emp_009132,emp_009126
emp_009133,emp_009126
emp_009134,emp_009126
emp_009135,emp_009137
emp_009136,emp_009137
emp_009137,emp_009504
emp_009138,emp_009137
emp_009139,emp_009137
emp_009140,emp_009137
emp_009141,emp_009143
emp_009142,emp_009143
emp_009143,emp_009504
emp_009144,emp_009143
emp_009145,emp_009143
emp_009146,emp_009143
emp_009147,emp_009148
emp_009148,emp_009504
emp_009149,emp_009148
emp_009150,emp_009148
emp_009151,emp_009148
emp_009152,emp_009148
emp_009153,emp_009148
emp_009154,emp_009155
emp_009155,emp_009504
emp_009156,emp_009155
emp_009157,emp_009155
emp_009158,emp_009155
emp_009159,emp_009155
emp_009160,emp_009155
emp_009161,emp_009163
emp_009162,emp_009163
emp_009163,emp_009504
emp_009164,emp_009163
emp_009165,emp_009166
emp_009166,emp_009504
emp_009167,emp_009166
emp_009168,emp_009170
emp_009169,emp_009170
emp_009170,emp_009504
emp_009171,emp_009170
emp_009172,emp_009170
emp_009173,emp_009170
emp_009174,emp_009178
emp_009175,emp_009178
emp_009176,emp_009178
emp_009177,emp_009178
emp_009178,emp_009504
emp_009179,emp_009504
emp_009180,emp_009179
emp_009181,emp_009179
emp_009182,emp_009179
emp_009183,emp_009179
emp_009184,emp_009185
emp_009185,emp_009504
emp_009186,emp_009185
emp_009187,emp_009185
emp_009188,emp_009185
emp_009189,emp_009185
emp_009190,emp_009192
emp_009191,emp_009192
emp_009192,emp_009504
emp_009193,emp_009192
emp_009194,emp_009192
emp_009195,emp_009192
emp_009196,emp_009192
emp_009197,emp_009200
emp_009198,emp_009200
emp_009199,emp_009200
emp_009200,emp_009504
emp_009201,emp_009200
emp_009202,emp_009208
emp_009203,emp_009208
emp_009204,emp_009208
emp_009205,emp_009208
emp_009206,emp_009208
emp_009207,emp_009208
emp_009208,emp_009504
emp_009209,emp_009208
emp_009210,emp_009213
emp_009211,emp_009213
emp_009212,emp_009213
emp_009213,emp_009504
emp_009214,emp_009213
emp_009215,emp_009217
emp_009216,emp_009217
emp_009217,emp_009504
emp_009218,emp_009217
emp_009219,emp_009217
emp_009220,emp_009217
emp_009221,emp_009225
emp_009222,emp_009225
emp_009223,emp_009225
emp_009224,emp_009225
emp_009225,emp_009504
emp_009226,emp_009225
emp_009227,emp_009225
emp_009228,emp_009230
emp_009229,emp_009230
emp_009230,emp_009504
emp_009231,emp_009230
emp_009232,emp_009230
emp_009233,emp_009230
emp_009234,emp_009230
emp_009235,emp_009230
emp_009236,emp_009239
emp_009237,emp_009239
emp_009238,emp_009239
emp_009239,emp_009504
emp_009240,emp_009239
emp_009241,emp_009239
emp_009242,emp_009239
emp_009243,emp_009239
emp_009244,emp_009239
emp_009245,emp_009248
emp_009246,emp_009248
emp_009247,emp_009248
emp_009248,emp_009504
emp_009249,emp_009248
emp_009250,emp_009248
emp_009251,emp_009248
emp_009252,emp_009254
emp_009253,emp_009254
emp_009254,emp_009504
emp_009255,emp_009254
emp_009256,emp_009254
emp_009257,emp_009254
emp_009258,emp_009263
emp_009259,emp_009263
emp_009260,emp_009263
emp_009261,emp_009263
emp_009262,emp_009263
emp_009263,emp_009504
emp_009264,emp_009263
emp_009265,emp_009504
emp_009266,emp_009265
emp_009267,emp_009265
emp_009268,emp_009265
emp_009269,emp_009265
emp_009270,emp_009265
emp_009271,emp_009265
emp_009272,emp_009275
emp_009273,emp_009275
emp_009274,emp_009275
emp_009275,emp_009504
emp_009276,emp_009275
emp_009277,emp_009280
emp_009278,emp_009280
emp_009279,emp_009280
emp_009280,emp_009504
emp_009281,emp_009280
emp_009282,emp_009280
emp_009283,emp_009504
emp_009284,emp_009283
emp_009285,emp_009283
emp_009286,emp_009283
emp_009287,emp_009283
emp_009288,emp_009283
emp_009289,emp_009291
emp_009290,emp_009291
emp_009291,emp_009504
emp_009292,emp_009291
emp_009293,emp_009291
emp_009294,emp_009291
emp_009295,emp_009291
emp_009296,emp_009504
emp_009297,emp_009296
emp_009298,emp_009296
emp_009299,emp_009300
emp_009300,emp_009504
emp_009301,emp_009300
emp_009302,emp_009300
emp_009303,emp_009504
emp_009304,emp_009303
emp_009305,emp_009311
emp_009306,emp_009311
emp_009307,emp_009311
emp_009308,emp_009311
emp_009309,emp_009311
emp_009310,emp_009311
emp_009311,emp_009504
emp_009312,emp_009311
emp_009313,emp_009318
emp_009314,emp_009318
emp_009315,emp_009318
emp_009316,emp_009318
emp_009317,emp_009318
emp_009318,emp_009504
emp_009319,emp_009321
emp_009320,emp_009321
emp_009321,emp_009504
emp_009322,emp_009321
emp_009323,emp_009321
emp_009324,emp_009321
emp_009325,emp_009327
emp_009326,emp_009327
emp_009327,emp_009504
emp_009328,emp_009331
emp_009329,emp_009331
emp_009330,emp_009331
emp_009331,emp_009504
emp_009332,emp_009331
emp_009333,emp_009331
emp_009334,emp_009331
emp_009335,emp_009504
emp_009336,emp_009335
emp_009337,emp_009335
emp_009338,emp_009335
emp_009339,emp_009335
emp_009340,emp_009335
emp_009341,emp_009335
emp_009342,emp_009343
emp_009343,emp_009504
emp_009344,emp_009343
emp_009345,emp_009343
emp_009346,emp_009343
emp_009347,emp_009343
emp_009348,emp_009343
emp_009349,emp_009343
emp_009350,emp_009343
emp_009351,emp_009359
emp_009352,emp_009359
emp_009353,emp_009359
emp_009354,emp_009359
emp_009355,emp_009359
emp_009356,emp_009359
emp_009357,emp_009359
emp_009358,emp_009359
emp_009359,emp_009504
emp_009360,emp_009365
emp_009361,emp_009365
emp_009362,emp_009365
emp_009363,emp_009365
emp_009364,emp_009365
emp_009365,emp_009504
emp_009366,emp_009365
emp_009367,emp_009504
emp_009368,emp_009367
emp_009369,emp_009367
emp_009370,emp_009367
emp_009371,emp_009367
emp_009372,emp_009367
emp_009373,emp_009367
emp_009374,emp_009504
emp_009375,emp_009374
emp_009376,emp_009374
emp_009377,emp_009374
emp_009378,emp_009374
emp_009379,emp_009374
emp_009380,emp_009374
emp_009381,emp_009382
emp_009382,emp_009504
emp_009383,emp_009382
emp_009384,emp_009382
emp_009385,emp_009382
emp_009386,emp_009382
emp_009387,emp_009504
emp_009388,emp_009387
emp_009389,emp_009387
emp_009390,emp_009387
emp_009391,emp_009387
emp_009392,emp_009387
emp_009393,emp_009398
emp_009394,emp_009398
emp_009395,emp_009398
emp_009396,emp_009398
emp_009397,emp_009398
emp_009398,emp_009504
emp_009399,emp_009401
emp_009400,emp_009401
emp_009401,emp_009504
emp_009402,emp_009401
emp_009403,emp_009401
emp_009404,emp_009401
emp_009405,emp_009401
emp_009406,emp_009409
emp_009407,emp_009409
emp_009408,emp_009409
emp_009409,emp_009504
emp_009410,emp_009409
emp_009411,emp_009414
emp_009412,emp_009414
emp_009413,emp_009414
emp_009414,emp_009504
emp_009415,emp_009414
emp_009416,emp_009414
emp_009417,emp_009420
emp_009418,emp_009420
emp_009419,emp_009420
emp_009420,emp_009504
emp_009421,emp_009420
emp_009422,emp_009420
emp_009423,emp_009420
emp_009424,emp_009420
emp_009425,emp_009420
emp_009426,emp_009420
emp_009427,emp_009428
emp_009428,emp_009504
emp_009429,emp_009428
emp_009430,emp_009428
emp_009431,emp_009428
emp_009432,emp_009437
emp_009433,emp_009437
emp_009434,emp_009437
emp_009435,emp_009437
emp_009436,emp_009437
emp_009437,emp_009504
emp_009438,emp_009444
emp_009439,emp_009444
emp_009440,emp_009444
emp_009441,emp_009444
emp_009442,emp_009444
emp_009443,emp_009444
emp_009444,emp_009504
emp_009445,emp_009446
emp_009446,emp_009504
emp_009447,emp_009446
emp_009448,emp_009446
emp_009449,emp_009446
emp_009450,emp_009451
emp_009451,emp_009504
emp_009452,emp_009451
emp_009453,emp_009451
emp_009454,emp_009451
emp_009455,emp_009451
emp_009456,emp_009457
emp_009457,emp_009504
emp_009458,emp_009457
emp_009459,emp_009461
emp_009460,emp_009461
emp_009461,emp_009504
emp_009462,emp_009461
emp_009463,emp_009461
emp_009464,emp_009461
emp_009465,emp_009466
emp_009466,emp_009504
emp_009467,emp_009466
emp_009468,emp_009466
emp_009469,emp_009504
emp_009470,emp_009469
emp_009471,emp_009504
emp_009472,emp_009471
emp_009473,emp_009471
emp_009474,emp_009471
emp_009475,emp_009471
emp_009476,emp_009471
emp_009477,emp_009471
emp_009478,emp_009485
emp_009479,emp_009485
emp_009480,emp_009485
emp_009481,emp_009485
emp_009482,emp_009485
emp_009483,emp_009485
emp_009484,emp_009485
emp_009485,emp_009504
emp_009486,emp_009490
emp_009487,emp_009490
emp_009488,emp_009490
emp_009489,emp_009490
emp_009490,emp_009504
emp_009491,emp_009490
emp_009492,emp_009494
emp_009493,emp_009494
emp_009494,emp_009504
emp_009495,emp_009494
emp_009496,emp_009494
emp_009497,emp_009494
emp_009498,emp_009494
emp_009499,emp_009494
emp_009500,emp_009494
emp_009501,emp_009494
emp_009502,emp_009504
emp_009503,emp_009504
emp_009504,emp_023036
emp_009505,emp_009506
emp_009506,emp_009504
emp_009507,emp_009506
emp_009508,emp_009512
emp_009509,emp_009512
emp_009510,emp_009512
emp_009511,emp_009512
emp_009512,emp_009504
emp_009513,emp_009512
emp_009514,emp_009512
emp_009515,emp_009520
emp_009516,emp_009520
emp_009517,emp_009520
emp_009518,emp_009520
emp_009519,emp_009520
emp_009520,emp_009504
emp_009521,emp_009520
emp_009522,emp_009520
emp_009523,emp_009526
emp_009524,emp_009526
emp_009525,emp_009526
emp_009526,emp_009504
emp_009527,emp_009526
emp_009528,emp_009526
emp_009529,emp_009504
emp_009530,emp_009529
emp_009531,emp_009529
emp_009532,emp_009529
emp_009533,emp_009529
emp_009534,emp_009536
emp_009535,emp_009536
emp_009536,emp_009504
emp_009537,emp_009536
emp_009538,emp_009504
emp_009539,emp_009538
emp_009540,emp_009538
emp_009541,emp_009538
emp_009542,emp_009538
emp_009543,emp_009538
emp_009544,emp_009538
emp_009545,emp_009538
emp_009546,emp_009538
emp_009547,emp_009538
emp_009548,emp_009549
emp_009549,emp_009504
emp_009550,emp_009549
emp_009551,emp_009549
emp_009552,emp_009549
emp_009553,emp_009554
emp_009554,emp_009504
emp_009555,emp_009554
emp_009556,emp_009554
emp_009557,emp_009554
emp_009558,emp_009554
emp_009559,emp_009554
emp_009560,emp_009554
emp_009561,emp_009562
emp_009562,emp_009504
emp_009563,emp_009562
emp_009564,emp_009562
emp_009565,emp_009562
emp_009566,emp_009562
emp_009567,emp_009562
emp_009568,emp_009504
emp_009569,emp_009568
emp_009570,emp_009568
emp_009571,emp_009578
emp_009572,emp_009578
emp_009573,emp_009578
emp_009574,emp_009578
emp_009575,emp_009578
emp_009576,emp_009578
emp_009577,emp_009578
emp_009578,emp_009504
emp_009579,emp_009580
emp_009580,emp_009504
emp_009581,emp_009580
emp_009582,emp_009580
emp_009583,emp_009580
emp_009584,emp_009586
emp_009585,emp_009586
emp_009586,emp_009504
emp_009587,emp_009586
emp_009588,emp_009586
emp_009589,emp_009586
emp_009590,emp_009586
emp_009591,emp_009504
emp_009592,emp_009591
emp_009593,emp_009591
emp_009594,emp_009591
emp_009595,emp_009591
emp_009596,emp_009591
emp_009597,emp_009591
emp_009598,emp_009504
emp_009599,emp_009598
emp_009600,emp_009598
emp_009601,emp_009598
emp_009602,emp_009598
emp_009603,emp_009598
emp_009604,emp_009609
emp_009605,emp_009609
emp_009606,emp_009609
emp_009607,emp_009609
emp_009608,emp_009609
emp_009609,emp_009504
emp_009610,emp_009609
emp_009611,emp_009609
emp_009612,emp_009609
emp_009613,emp_009609
emp_009614,emp_009622
emp_009615,emp_009622
emp_009616,emp_009622
emp_009617,emp_009622
emp_009618,emp_009622
emp_009619,emp_009622
emp_009620,emp_009622
emp_009621,emp_009622
emp_009622,emp_009504
emp_009623,emp_009624
emp_009624,emp_009504
emp_009625,emp_009624
emp_009626,emp_009624
emp_009627,emp_009624
emp_009628,emp_009624
emp_009629,emp_009632
emp_009630,emp_009632
emp_009631,emp_009632
emp_009632,emp_009504
emp_009633,emp_009632
emp_009634,emp_009632
emp_009635,emp_009632
emp_009636,emp_009632
emp_009637,emp_009639
emp_009638,emp_009639
emp_009639,emp_009504
emp_009640,emp_009639
emp_009641,emp_009639
emp_009642,emp_009639
emp_009643,emp_009639
emp_009644,emp_009639
emp_009645,emp_009639
emp_009646,emp_009647
emp_009647,emp_009504
emp_009648,emp_009647
emp_009649,emp_009647
emp_009650,emp_009647
emp_009651,emp_009647
emp_009652,emp_009647
emp_009653,emp_009647
emp_009654,emp_009647
emp_009655,emp_009647
emp_009656,emp_009661
emp_009657,emp_009661
emp_009658,emp_009661
emp_009659,emp_009661
emp_009660,emp_009661
emp_009661,emp_009504
emp_009662,emp_009672
emp_009663,emp_009672
emp_009664,emp_009672
emp_009665,emp_009672
emp_009666,emp_009672
emp_009667,emp_009672
emp_009668,emp_009672
emp_009669,emp_009672
emp_009670,emp_009672
emp_009671,emp_009672
emp_009672,emp_009504
emp_009673,emp_009504
emp_009674,emp_009673
emp_009675,emp_009673
emp_009676,emp_009673
emp_009677,emp_009673
emp_009678,emp_009679
emp_009679,emp_009504
emp_009680,emp_009679
emp_009681,emp_009679
emp_009682,emp_009689
emp_009683,emp_009689
emp_009684,emp_009689
emp_009685,emp_009689
emp_009686,emp_009689
emp_009687,emp_009689
emp_009688,emp_009689
emp_009689,emp_009504
emp_009690,emp_009693
emp_009691,emp_009693
emp_009692,emp_009693
emp_009693,emp_009504
emp_009694,emp_009504
emp_009695,emp_009694
emp_009696,emp_009694
emp_009697,emp_009694
emp_009698,emp_009694
emp_009699,emp_009694
emp_009700,emp_009694
emp_009701,emp_009694
emp_009702,emp_009694
emp_009703,emp_009694
emp_009704,emp_009504
emp_009705,emp_009704
emp_009706,emp_009704
emp_009707,emp_009710
emp_009708,emp_009710
emp_009709,emp_009710
emp_009710,emp_009504
emp_009711,emp_009710
emp_009712,emp_009710
emp_009713,emp_009714
emp_009714,emp_009504
emp_009715,emp_009714
emp_009716,emp_009714
emp_009717,emp_009714
emp_009718,emp_009714
emp_009719,emp_009714
emp_009720,emp_009714
emp_009721,emp_009723
emp_009722,emp_009723
emp_009723,emp_009504
emp_009724,emp_009732
emp_009725,emp_009732
emp_009726,emp_009732
emp_009727,emp_009732
emp_009728,emp_009732
emp_009729,emp_009732
emp_009730,emp_009732
emp_009731,emp_009732
emp_009732,emp_009504
emp_009733,emp_009504
emp_009734,emp_009733
emp_009735,emp_009733
emp_009736,emp_009504
emp_009737,emp_009743
emp_009738,emp_009743
emp_009739,emp_009743
emp_009740,emp_009743
emp_009741,emp_009743
emp_009742,emp_009743
emp_009743,emp_010520
emp_009744,emp_009748
emp_009745,emp_009748
emp_009746,emp_009748
emp_009747,emp_009748
emp_009748,emp_010520
emp_009749,emp_009748
emp_009750,emp_009748
emp_009751,emp_010520
emp_009752,emp_009751
emp_009753,emp_009751
emp_009754,emp_009751
emp_009755,emp_009751
emp_009756,emp_009751
emp_009757,emp_009751
emp_009758,emp_009751
emp_009759,emp_009760
emp_009760,emp_010520
emp_009761,emp_009760
emp_009762,emp_009760
emp_009763,emp_009760
emp_009764,emp_009760
emp_009765,emp_009760
emp_009766,emp_009760
emp_009767,emp_009771
emp_009768,emp_009771
emp_009769,emp_009771
emp_009770,emp_009771
emp_009771,emp_010520
emp_009772,emp_009776
emp_009773,emp_009776
emp_009774,emp_009776
emp_009775,emp_009776
emp_009776,emp_010520
emp_009777,emp_009780
emp_009778,emp_009780
emp_009779,emp_009780
emp_009780,emp_010520
emp_009781,emp_009780
emp_009782,emp_009780
emp_009783,emp_009780
emp_009784,emp_010520
emp_009785,emp_009784
emp_009786,emp_009784
emp_009787,emp_009791
emp_009788,emp_009791
emp_009789,emp_009791
emp_009790,emp_009791
emp_009791,emp_010520
emp_009792,emp_009791
emp_009793,emp_009791
emp_009794,emp_009791
emp_009795,emp_009791
emp_009796,emp_009800
emp_009797,emp_009800
emp_009798,emp_009800
emp_009799,emp_009800
emp_009800,emp_010520
emp_009801,emp_009800
emp_009802,emp_009804
emp_009803,emp_009804
emp_009804,emp_010520
emp_009805,emp_009804
emp_009806,emp_009804
emp_009807,emp_009804
emp_009808,emp_009804
emp_009809,emp_009804
emp_009810,emp_009804
emp_009811,emp_009804
emp_009812,emp_009804
emp_009813,emp_009814
emp_009814,emp_010520
emp_009815,emp_009814
emp_009816,emp_009814
emp_009817,emp_009814
emp_009818,emp_009814
emp_009819,emp_009814
emp_009820,emp_009814
emp_009821,emp_009823
emp_009822,emp_009823
emp_009823,emp_010520
emp_009824,emp_009823
emp_009825,emp_009823
emp_009826,emp_010520
emp_009827,emp_009826
emp_009828,emp_009826
emp_009829,emp_009826
emp_009830,emp_009833
emp_009831,emp_009833
emp_009832,emp_009833
emp_009833,emp_010520
emp_009834,emp_009833
emp_009835,emp_009833
emp_009836,emp_009833
emp_009837,emp_009833
emp_009838,emp_009833
emp_009839,emp_010520
emp_009840,emp_009839
emp_009841,emp_010520
emp_009842,emp_009841
emp_009843,emp_009841
emp_009844,emp_009841
emp_009845,emp_009841
emp_009846,emp_009856
emp_009847,emp_009856
emp_009848,emp_009856
emp_009849,emp_009856
emp_009850,emp_009856
emp_009851,emp_009856
emp_009852,emp_009856
emp_009853,emp_009856
emp_009854,emp_009856
emp_009855,emp_009856
emp_009856,emp_010520
emp_009857,emp_009862
emp_009858,emp_009862
emp_009859,emp_009862
emp_009860,emp_009862
emp_009861,emp_009862
emp_009862,emp_010520
emp_009863,emp_009868
emp_009864,emp_009868
emp_009865,emp_009868
emp_009866,emp_009868
emp_009867,emp_009868
emp_009868,emp_010520
emp_009869,emp_009868
emp_009870,emp_009868
emp_009871,emp_009875
emp_009872,emp_009875
emp_009873,emp_009875
emp_009874,emp_009875
emp_009875,emp_010520
emp_009876,emp_009875
emp_009877,emp_010520
emp_009878,emp_009877
emp_009879,emp_009877
emp_009880,emp_009877
emp_009881,emp_009877
emp_009882,emp_009877
emp_009883,emp_009877
emp_009884,emp_009877
emp_009885,emp_009886
emp_009886,emp_010520
emp_009887,emp_009886
emp_009888,emp_009886
emp_009889,emp_009886
emp_009890,emp_009894
emp_009891,emp_009894
emp_009892,emp_009894
emp_009893,emp_009894
emp_009894,emp_010520
emp_009895,emp_009894
emp_009896,emp_009894
emp_009897,emp_009905
emp_009898,emp_009905
emp_009899,emp_009905
emp_009900,emp_009905
emp_009901,emp_009905
emp_009902,emp_009905
emp_009903,emp_009905
emp_009904,emp_009905
emp_009905,emp_010520
emp_009906,emp_010520
emp_009907,emp_009906
emp_009908,emp_009906
emp_009909,emp_009906
emp_009910,emp_009906
emp_009911,emp_009906
emp_009912,emp_009915
emp_009913,emp_009915
emp_009914,emp_009915
emp_009915,emp_010520
emp_009916,emp_009915
emp_009917,emp_009915
emp_009918,emp_009915
emp_009919,emp_009922
emp_009920,emp_009922
emp_009921,emp_009922
emp_009922,emp_010520
emp_009923,emp_009922
emp_009924,emp_009922
emp_009925,emp_009922
emp_009926,emp_009922
emp_009927,emp_009922
emp_009928,emp_009929
emp_009929,emp_010520
emp_009930,emp_009929
emp_009931,emp_009929
emp_009932,emp_009929
emp_009933,emp_009929
emp_009934,emp_009929
emp_009935,emp_009929
emp_009936,emp_009929
emp_009937,emp_009941
emp_009938,emp_009941
emp_009939,emp_009941
emp_009940,emp_009941
emp_009941,emp_010520
emp_009942,emp_009941
emp_009943,emp_009941
emp_009944,emp_009948
emp_009945,emp_009948
emp_009946,emp_009948
emp_009947,emp_009948
emp_009948,emp_010520
emp_009949,emp_009952
emp_009950,emp_009952
emp_009951,emp_009952
emp_009952,emp_010520
emp_009953,emp_009957
emp_009954,emp_009957
emp_009955,emp_009957
emp_009956,emp_009957
emp_009957,emp_010520
emp_009958,emp_009957
emp_009959,emp_009957
emp_009960,emp_009965
emp_009961,emp_009965
emp_009962,emp_009965
emp_009963,emp_009965
emp_009964,emp_009965
emp_009965,emp_010520
emp_009966,emp_009973
emp_009967,emp_009973
emp_009968,emp_009973
emp_009969,emp_009973
emp_009970,emp_009973
emp_009971,emp_009973
emp_009972,emp_009973
emp_009973,emp_010520
emp_009974,emp_009973
emp_009975,emp_009973
emp_009976,emp_009978
emp_009977,emp_009978
emp_009978,emp_010520
emp_009979,emp_009978
emp_009980,emp_009978
emp_009981,emp_009978
emp_009982,emp_009978
emp_009983,emp_009978
emp_009984,emp_009978
emp_009985,emp_009978
emp_009986,emp_009978
emp_009987,emp_009978
emp_009988,emp_009978
emp_009989,emp_009998
emp_009990,emp_009998
emp_009991,emp_009998
emp_009992,emp_009998
emp_009993,emp_009998
emp_009994,emp_009998
emp_009995,emp_009998
emp_009996,emp_009998
emp_009997,emp_009998
emp_009998,emp_010520
emp_009999,emp_010003
emp_010000,emp_010003
emp_010001,emp_010003
emp_010002,emp_010003
emp_010003,emp_010520
emp_010004,emp_010006
emp_010005,emp_010006
emp_010006,emp_010520
emp_010007,emp_010006
emp_010008,emp_010006
emp_010009,emp_010006
emp_010010,emp_010011
emp_010011,emp_010520
emp_010012,emp_010011
emp_010013,emp_010520
emp_010014,emp_010013
emp_010015,emp_010013
emp_010016,emp_010013
emp_010017,emp_010013
emp_010018,emp_010013
emp_010019,emp_010013
emp_010020,emp_010022
emp_010021,emp_010022
emp_010022,emp_010520
emp_010023,emp_010022
emp_010024,emp_010022
emp_010025,emp_010022
emp_010026,emp_010022
emp_010027,emp_010034
emp_010028,emp_010034
emp_010029,emp_010034
emp_010030,emp_010034
emp_010031,emp_010034
emp_010032,emp_010034
emp_010033,emp_010034
emp_010034,emp_010520
emp_010035,emp_010039
emp_010036,emp_010039
emp_010037,emp_010039
emp_010038,emp_010039
emp_010039,emp_010520
emp_010040,emp_010042
emp_010041,emp_010042
emp_010042,emp_010520
emp_010043,emp_010042
emp_010044,emp_010042
emp_010045,emp_010042
emp_010046,emp_010042
emp_010047,emp_010048
emp_010048,emp_010520
emp_010049,emp_010048
emp_010050,emp_010048
emp_010051,emp_010048
emp_010052,emp_010048
emp_010053,emp_010056
emp_010054,emp_010056
emp_010055,emp_010056
emp_010056,emp_010520
emp_010057,emp_010056
emp_010058,emp_010056
emp_010059,emp_010056
emp_010060,emp_010056
emp_010061,emp_010063
emp_010062,emp_010063
emp_010063,emp_010520
emp_010064,emp_010063
emp_010065,emp_010069
emp_010066,emp_010069
emp_010067,emp_010069
emp_010068,emp_010069
emp_010069,emp_010520
emp_010070,emp_010069
emp_010071,emp_010069
emp_010072,emp_010069
emp_010073,emp_010069
emp_010074,emp_010078
emp_010075,emp_010078
emp_010076,emp_010078
emp_010077,emp_010078
emp_010078,emp_010520
emp_010079,emp_010078
emp_010080,emp_010084
emp_010081,emp_010084
emp_010082,emp_010084
emp_010083,emp_010084
emp_010084,emp_010520
emp_010085,emp_010084
emp_010086,emp_010089
emp_010087,emp_010089
emp_010088,emp_010089
emp_010089,emp_010520
emp_010090,emp_010520
emp_010091,emp_010090
emp_010092,emp_010090
emp_010093,emp_010090
emp_010094,emp_010090
emp_010095,emp_010090
emp_010096,emp_010097
emp_010097,emp_010520
emp_010098,emp_010097
emp_010099,emp_010097
emp_010100,emp_010097
emp_010101,emp_010097
emp_010102,emp_010097
emp_010103,emp_010520
emp_010104,emp_010103
emp_010105,emp_010103
emp_010106,emp_010103
emp_010107,emp_010103
emp_010108,emp_010103
emp_010109,emp_010520
emp_010110,emp_010109
emp_010111,emp_010109
emp_010112,emp_010109
emp_010113,emp_010109
emp_010114,emp_010109
emp_010115,emp_010109
emp_010116,emp_010119
emp_010117,emp_010119
emp_010118,emp_010119
emp_010119,emp_010520
emp_010120,emp_010125
emp_010121,emp_010125
emp_010122,emp_010125
emp_010123,emp_010125
emp_010124,emp_010125
emp_010125,emp_010520
emp_010126,emp_010128
emp_010127,emp_010128
emp_010128,emp_010520
emp_010129,emp_010128
emp_010130,emp_010131
emp_010131,emp_010520
emp_010132,emp_010131
emp_010133,emp_010134
emp_010134,emp_010520
emp_010135,emp_010134
emp_010136,emp_010134
emp_010137,emp_010142
emp_010138,emp_010142
emp_010139,emp_010142
emp_010140,emp_010142
emp_010141,emp_010142
emp_010142,emp_010520
emp_010143,emp_010144
emp_010144,emp_010520
emp_010145,emp_010144
emp_010146,emp_010144
emp_010147,emp_010144
emp_010148,emp_010144
emp_010149,emp_010144
emp_010150,emp_010153
emp_010151,emp_010153
emp_010152,emp_010153
emp_010153,emp_010520
emp_010154,emp_010153
emp_010155,emp_010153
emp_010156,emp_010153
emp_010157,emp_010164
emp_010158,emp_010164
emp_010159,emp_010164
emp_010160,emp_010164
emp_010161,emp_010164
emp_010162,emp_010164
emp_010163,emp_010164
emp_010164,emp_010520
emp_010165,emp_010164
emp_010166,emp_010169
emp_010167,emp_010169
emp_010168,emp_010169
emp_010169,emp_010520
emp_010170,emp_010169
emp_010171,emp_010169
emp_010172,emp_010169
emp_010173,emp_010175
emp_010174,emp_010175
emp_010175,emp_010520
emp_010176,emp_010175
emp_010177,emp_010175
emp_010178,emp_010175
emp_010179,emp_010182
emp_010180,emp_010182
emp_010181,emp_010182
emp_010182,emp_010520
emp_010183,emp_010182
emp_010184,emp_010189
emp_010185,emp_010189
emp_010186,emp_010189
emp_010187,emp_010189
emp_010188,emp_010189
emp_010189,emp_010520
emp_010190,emp_010189
emp_010191,emp_010193
emp_010192,emp_010193
emp_010193,emp_010520
emp_010194,emp_010193
emp_010195,emp_010193
emp_010196,emp_010193
emp_010197,emp_010520
emp_010198,emp_010197
emp_010199,emp_010197
emp_010200,emp_010201
emp_010201,emp_010520
emp_010202,emp_010201
emp_010203,emp_010201
emp_010204,emp_010201
emp_010205,emp_010201
emp_010206,emp_010209
emp_010207,emp_010209
emp_010208,emp_010209
emp_010209,emp_010520
emp_010210,emp_010209
emp_010211,emp_010209
emp_010212,emp_010217
emp_010213,emp_010217
emp_010214,emp_010217
emp_010215,emp_010217
emp_010216,emp_010217
emp_010217,emp_010520
emp_010218,emp_010219
emp_010219,emp_010520
emp_010220,emp_010219
emp_010221,emp_010219
emp_010222,emp_010219
emp_010223,emp_010219
emp_010224,emp_010219
emp_010225,emp_010219
emp_010226,emp_010219
emp_010227,emp_010219
emp_010228,emp_010219
emp_010229,emp_010219
emp_010230,emp_010231
emp_010231,emp_010520
emp_010232,emp_010231
emp_010233,emp_010231
emp_010234,emp_010231
emp_010235,emp_010231
emp_010236,emp_010231
emp_010237,emp_010231
emp_010238,emp_010520
emp_010239,emp_010238
emp_010240,emp_010238
emp_010241,emp_010238
emp_010242,emp_010238
emp_010243,emp_010238
emp_010244,emp_010238
emp_010245,emp_010238
emp_010246,emp_010247
emp_010247,emp_010520
emp_010248,emp_010247
emp_010249,emp_010247
emp_010250,emp_010247
emp_010251,emp_010247
emp_010252,emp_010247
emp_010253,emp_010247
emp_010254,emp_010257
emp_010255,emp_010257
emp_010256,emp_010257
emp_010257,emp_010520
emp_010258,emp_010257
emp_010259,emp_010257
emp_010260,emp_010520
emp_010261,emp_010260
emp_010262,emp_010260
emp_010263,emp_010260
emp_010264,emp_010260
emp_010265,emp_010260
emp_010266,emp_010260
emp_010267,emp_010269
emp_010268,emp_010269
emp_010269,emp_010520
emp_010270,emp_010269
emp_010271,emp_010269
emp_010272,emp_010269
emp_010273,emp_010269
emp_010274,emp_010275
emp_010275,emp_010520
emp_010276,emp_010275
emp_010277,emp_010275
emp_010278,emp_010275
emp_010279,emp_010275
emp_010280,emp_010275
emp_010281,emp_010283
emp_010282,emp_010283
emp_010283,emp_010520
emp_010284,emp_010283
emp_010285,emp_010283
emp_010286,emp_010287
emp_010287,emp_010520
emp_010288,emp_010287
emp_010289,emp_010287
emp_010290,emp_010287
emp_010291,emp_010287
emp_010292,emp_010287
emp_010293,emp_010295
emp_010294,emp_010295
emp_010295,emp_010520
emp_010296,emp_010295
emp_010297,emp_010295
emp_010298,emp_010295
emp_010299,emp_010301
emp_010300,emp_010301
emp_010301,emp_010520
emp_010302,emp_010301
emp_010303,emp_010520
emp_010304,emp_010303
emp_010305,emp_010303
emp_010306,emp_010303
emp_010307,emp_010308
emp_010308,emp_010520
emp_010309,emp_010308
emp_010310,emp_010308
emp_010311,emp_010308
emp_010312,emp_010308
emp_010313,emp_010317
emp_010314,emp_010317
emp_010315,emp_010317
emp_010316,emp_010317
emp_010317,emp_010520
emp_010318,emp_010317
emp_010319,emp_010321
emp_010320,emp_010321
emp_010321,emp_010520
emp_010322,emp_010321
emp_010323,emp_010324
emp_010324,emp_010520
emp_010325,emp_010324
emp_010326,emp_010329
emp_010327,emp_010329
emp_010328,emp_010329
emp_010329,emp_010520
emp_010330,emp_010333
emp_010331,emp_010333
emp_010332,emp_010333
emp_010333,emp_010520
emp_010334,emp_010333
emp_010335,emp_010336
emp_010336,emp_010520
emp_010337,emp_010336
emp_010338,emp_010336
emp_010339,emp_010336
emp_010340,emp_010336
emp_010341,emp_010336
emp_010342,emp_010336
emp_010343,emp_010336
emp_010344,emp_010347
emp_010345,emp_010347
emp_010346,emp_010347
emp_010347,emp_010520
emp_010348,emp_010347
emp_010349,emp_010347
emp_010350,emp_010347
emp_010351,emp_010352
emp_010352,emp_010520
emp_010353,emp_010357
emp_010354,emp_010357
emp_010355,emp_010357
emp_010356,emp_010357
emp_010357,emp_010520
emp_010358,emp_010360
emp_010359,emp_010360
emp_010360,emp_010520
emp_010361,emp_010360
emp_010362,emp_010360
emp_010363,emp_010360
emp_010364,emp_010360
emp_010365,emp_010366
emp_010366,emp_010520
emp_010367,emp_010366
emp_010368,emp_010366
emp_010369,emp_010366
emp_010370,emp_010366
emp_010371,emp_010366
emp_010372,emp_010366
emp_010373,emp_010378
emp_010374,emp_010378
emp_010375,emp_010378
emp_010376,emp_010378
emp_010377,emp_010378
emp_010378,emp_010520
emp_010379,emp_010382
emp_010380,emp_010382
emp_010381,emp_010382
emp_010382,emp_010520
emp_010383,emp_010382
emp_010384,emp_010382
emp_010385,emp_010382
emp_010386,emp_010382
emp_010387,emp_010382
emp_010388,emp_010382
emp_010389,emp_010390
emp_010390,emp_010520
emp_010391,emp_010390
emp_010392,emp_010390
emp_010393,emp_010390
emp_010394,emp_010397
emp_010395,emp_010397
emp_010396,emp_010397
emp_010397,emp_010520
emp_010398,emp_010397
emp_010399,emp_010397
emp_010400,emp_010397
emp_010401,emp_010397
emp_010402,emp_010397
emp_010403,emp_010397
emp_010404,emp_010397
emp_010405,emp_010406
emp_010406,emp_010520
emp_010407,emp_010406
emp_010408,emp_010406
emp_010409,emp_010406
emp_010410,emp_010406
emp_010411,emp_010416
emp_010412,emp_010416
emp_010413,emp_010416
emp_010414,emp_010416
emp_010415,emp_010416
emp_010416,emp_010520
emp_010417,emp_010421
emp_010418,emp_010421
emp_010419,emp_010421
emp_010420,emp_010421
emp_010421,emp_010520
emp_010422,emp_010421
emp_010423,emp_010421
emp_010424,emp_010520
emp_010425,emp_010424
emp_010426,emp_010424
emp_010427,emp_010424
emp_010428,emp_010424
emp_010429,emp_010520
emp_010430,emp_010429
emp_010431,emp_010429
emp_010432,emp_010429
emp_010433,emp_010437
emp_010434,emp_010437
emp_010435,emp_010437
emp_010436,emp_010437
emp_010437,emp_010520
emp_010438,emp_010437
emp_010439,emp_010437
emp_010440,emp_010445
emp_010441,emp_010445
emp_010442,emp_010445
emp_010443,emp_010445
emp_010444,emp_010445
emp_010445,emp_010520
emp_010446,emp_010445
emp_010447,emp_010452
emp_010448,emp_010452
emp_010449,emp_010452
emp_010450,emp_010452
emp_010451,emp_010452
emp_010452,emp_010520
emp_010453,emp_010452
emp_010454,emp_010452
emp_010455,emp_010452
emp_010456,emp_010452
emp_010457,emp_010520
emp_010458,emp_010457
emp_010459,emp_010457
emp_010460,emp_010457
emp_010461,emp_010457
emp_010462,emp_010457
emp_010463,emp_010457
emp_010464,emp_010457
emp_010465,emp_010466
emp_010466,emp_010520
emp_010467,emp_010466
emp_010468,emp_010466
emp_010469,emp_010466
emp_010470,emp_010471
emp_010471,emp_010520
emp_010472,emp_010471
emp_010473,emp_010471
emp_010474,emp_010471
emp_010475,emp_010471
emp_010476,emp_010471
emp_010477,emp_010471
emp_010478,emp_010481
emp_010479,emp_010481
emp_010480,emp_010481
emp_010481,emp_010520
emp_010482,emp_010481
emp_010483,emp_010520
emp_010484,emp_010483
emp_010485,emp_010483
emp_010486,emp_010491
emp_010487,emp_010491
emp_010488,emp_010491
emp_010489,emp_010491
emp_010490,emp_010491
emp_010491,emp_010520
emp_010492,emp_010494
emp_010493,emp_010494
emp_010494,emp_010520
emp_010495,emp_010494
emp_010496,emp_010494
emp_010497,emp_010500
emp_010498,emp_010500
emp_010499,emp_010500
emp_010500,emp_010520
emp_010501,emp_010500
emp_010502,emp_010505
emp_010503,emp_010505
emp_010504,emp_010505
emp_010505,emp_010520
emp_010506,emp_010505
emp_010507,emp_010505
emp_010508,emp_010505
emp_010509,emp_010505
emp_010510,emp_010514
emp_010511,emp_010514
emp_010512,emp_010514
emp_010513,emp_010514
emp_010514,emp_010520
emp_010515,emp_010514
emp_010516,emp_010520
emp_010517,emp_010516
emp_010518,emp_010516
emp_010519,emp_010516
emp_010520,emp_023036
emp_010521,emp_010520
emp_010522,emp_010520
emp_010523,emp_010520
emp_010524,emp_010520
emp_010525,emp_010526
emp_010526,emp_010520
emp_010527,emp_010526
emp_010528,emp_010526
emp_010529,emp_010526
emp_010530,emp_010526
emp_010531,emp_010526
emp_010532,emp_010533
emp_010533,emp_010520
emp_010534,emp_010540
emp_010535,emp_010540
emp_010536,emp_010540
emp_010537,emp_010540
emp_010538,emp_010540
emp_010539,emp_010540
emp_010540,emp_010520
emp_010541,emp_010542
emp_010542,emp_010520
emp_010543,emp_010542
emp_010544,emp_010542
emp_010545,emp_010542
emp_010546,emp_010542
emp_010547,emp_010542
emp_010548,emp_010552
emp_010549,emp_010552
emp_010550,emp_010552
emp_010551,emp_010552
emp_010552,emp_010520
emp_010553,emp_010552
emp_010554,emp_010552
emp_010555,emp_010561
emp_010556,emp_010561
emp_010557,emp_010561
emp_010558,emp_010561
emp_010559,emp_010561
emp_010560,emp_010561
emp_010561,emp_010520
emp_010562,emp_010561
emp_010563,emp_010561
emp_010564,emp_010566
emp_010565,emp_010566
emp_010566,emp_010520
emp_010567,emp_010566
emp_010568,emp_010566
emp_010569,emp_010566
emp_010570,emp_010566
emp_010571,emp_010566
emp_010572,emp_010566
emp_010573,emp_010520
emp_010574,emp_010573
emp_010575,emp_010573
emp_010576,emp_010573
emp_010577,emp_010573
emp_010578,emp_010582
emp_010579,emp_010582
emp_010580,emp_010582
emp_010581,emp_010582
emp_010582,emp_010520
emp_010583,emp_010582
emp_010584,emp_010582
emp_010585,emp_010582
emp_010586,emp_010590
emp_010587,emp_010590
emp_010588,emp_010590
emp_010589,emp_010590
emp_010590,emp_010520
emp_010591,emp_010590
emp_010592,emp_010590
emp_010593,emp_010594
emp_010594,emp_010520
emp_010595,emp_010594
emp_010596,emp_010594
emp_010597,emp_010520
emp_010598,emp_010597
emp_010599,emp_010597
emp_010600,emp_010597
emp_010601,emp_010597
emp_010602,emp_010597
emp_010603,emp_010606
emp_010604,emp_010606
emp_010605,emp_010606
emp_010606,emp_010520
emp_010607,emp_010606
emp_010608,emp_010606
emp_010609,emp_010610
emp_010610,emp_010520
emp_010611,emp_010610
emp_010612,emp_010610
emp_010613,emp_010610
emp_010614,emp_010610
emp_010615,emp_010610
emp_010616,emp_010618
emp_010617,emp_010618
emp_010618,emp_010520
emp_010619,emp_010618
emp_010620,emp_010618
emp_010621,emp_010622
emp_010622,emp_010520
emp_010623,emp_010622
emp_010624,emp_010622
emp_010625,emp_010622
emp_010626,emp_010520
emp_010627,emp_010626
emp_010628,emp_010626
emp_010629,emp_010626
emp_010630,emp_010626
emp_010631,emp_010626
emp_010632,emp_010626
emp_010633,emp_010634
emp_010634,emp_010520
emp_010635,emp_010634
emp_010636,emp_010634
emp_010637,emp_010634
emp_010638,emp_010640
emp_010639,emp_010640
emp_010640,emp_010520
emp_010641,emp_010640
emp_010642,emp_010640
emp_010643,emp_010647
emp_010644,emp_010647
emp_010645,emp_010647
emp_010646,emp_010647
emp_010647,emp_010520
emp_010648,emp_010651
emp_010649,emp_010651
emp_010650,emp_010651
emp_010651,emp_010520
emp_010652,emp_010651
emp_010653,emp_010651
emp_010654,emp_010651
emp_010655,emp_010658
emp_010656,emp_010658
emp_010657,emp_010658
emp_010658,emp_010520
emp_010659,emp_010658
emp_010660,emp_010658
emp_010661,emp_010658
emp_010662,emp_010666
emp_010663,emp_010666
emp_010664,emp_010666
emp_010665,emp_010666
emp_010666,emp_010520
emp_010667,emp_010520
emp_010668,emp_010667
emp_010669,emp_010676
emp_010670,emp_010676
emp_010671,emp_010676
emp_010672,emp_010676
emp_010673,emp_010676
emp_010674,emp_010676
emp_010675,emp_010676
emp_010676,emp_010520
emp_010677,emp_010520
emp_010678,emp_010677
emp_010679,emp_010677
emp_010680,emp_010677
emp_010681,emp_010682
emp_010682,emp_010520
emp_010683,emp_010682
emp_010684,emp_010682
emp_010685,emp_010682
emp_010686,emp_010682
emp_010687,emp_010682
emp_010688,emp_010692
emp_010689,emp_010692
emp_010690,emp_010692
emp_010691,emp_010692
emp_010692,emp_010520
emp_010693,emp_010694
emp_010694,emp_010520
emp_010695,emp_010694
emp_010696,emp_010701
emp_010697,emp_010701
emp_010698,emp_010701
emp_010699,emp_010701
emp_010700,emp_010701
emp_010701,emp_010520
emp_010702,emp_010701
emp_010703,emp_010704
emp_010704,emp_010520
emp_010705,emp_010704
emp_010706,emp_010704
emp_010707,emp_010704
emp_010708,emp_010520
emp_010709,emp_010708
emp_010710,emp_010708
emp_010711,emp_010708
emp_010712,emp_010708
emp_010713,emp_010708
emp_010714,emp_010715
emp_010715,emp_010520
emp_010716,emp_010715
emp_010717,emp_010715
emp_010718,emp_010715
emp_010719,emp_010715
emp_010720,emp_010724
emp_010721,emp_010724
emp_010722,emp_010724
emp_010723,emp_010724
emp_010724,emp_010520
emp_010725,emp_010724
emp_010726,emp_010724
emp_010727,emp_010724
emp_010728,emp_010724
emp_010729,emp_010724
emp_010730,emp_010724
emp_010731,emp_010733
emp_010732,emp_010733
emp_010733,emp_010520
emp_010734,emp_010733
emp_010735,emp_010733
emp_010736,emp_010520
emp_010737,emp_010736
emp_010738,emp_010736
emp_010739,emp_010736
emp_010740,emp_010736
emp_010741,emp_010736
emp_010742,emp_010520
emp_010743,emp_010742
emp_010744,emp_010742
emp_010745,emp_010742
emp_010746,emp_010742
emp_010747,emp_010748
emp_010748,emp_010520
emp_010749,emp_010748
emp_010750,emp_010748
emp_010751,emp_010748
emp_010752,emp_010748
emp_010753,emp_010520
emp_010754,emp_010753
emp_010755,emp_010753
emp_010756,emp_010753
emp_010757,emp_010753
emp_010758,emp_010753
emp_010759,emp_010753
emp_010760,emp_010763
emp_010761,emp_010763
emp_010762,emp_010763
emp_010763,emp_010520
emp_010764,emp_010763
emp_010765,emp_010763
emp_010766,emp_010768
emp_010767,emp_010768
emp_010768,emp_010520
emp_010769,emp_010768
emp_010770,emp_010768
emp_010771,emp_010768
emp_010772,emp_010768
emp_010773,emp_010775
emp_010774,emp_010775
emp_010775,emp_010520
emp_010776,emp_010775
emp_010777,emp_010775
emp_010778,emp_010775
emp_010779,emp_010784
emp_010780,emp_010784
emp_010781,emp_010784
emp_010782,emp_010784
emp_010783,emp_010784
emp_010784,emp_010520
emp_010785,emp_010788
emp_010786,emp_010788
emp_010787,emp_010788
emp_010788,emp_010520
emp_010789,emp_010788
emp_010790,emp_010788
emp_010791,emp_010796
emp_010792,emp_010796
emp_010793,emp_010796
emp_010794,emp_010796
emp_010795,emp_010796
emp_010796,emp_010520
emp_010797,emp_010796
emp_010798,emp_010796
emp_010799,emp_010796
emp_010800,emp_010796
emp_010801,emp_010796
emp_010802,emp_010804
emp_010803,emp_010804
emp_010804,emp_010520
emp_010805,emp_010804
emp_010806,emp_010804
emp_010807,emp_010808
emp_010808,emp_010520
emp_010809,emp_010808
emp_010810,emp_010808
emp_010811,emp_010808
emp_010812,emp_010808
emp_010813,emp_010814
emp_010814,emp_010520
emp_010815,emp_010814
emp_010816,emp_010814
emp_010817,emp_010819
emp_010818,emp_010819
emp_010819,emp_010520
emp_010820,emp_010819
emp_010821,emp_010819
emp_010822,emp_010819
emp_010823,emp_010819
emp_010824,emp_010819
emp_010825,emp_010826
emp_010826,emp_010520
emp_010827,emp_010826
emp_010828,emp_010826
emp_010829,emp_010826
emp_010830,emp_010826
emp_010831,emp_010826
emp_010832,emp_010826
emp_010833,emp_010835
emp_010834,emp_010835
emp_010835,emp_010520
emp_010836,emp_010835
emp_010837,emp_010835
emp_010838,emp_010835
emp_010839,emp_010841
emp_010840,emp_010841
emp_010841,emp_010520
emp_010842,emp_010841
emp_010843,emp_010844
emp_010844,emp_010520
emp_010845,emp_010844
emp_010846,emp_010844
emp_010847,emp_010844
emp_010848,emp_010844
emp_010849,emp_010844
emp_010850,emp_010844
emp_010851,emp_010520
emp_010852,emp_010851
emp_010853,emp_010851
emp_010854,emp_010851
emp_010855,emp_010851
emp_010856,emp_010851
emp_010857,emp_010851
emp_010858,emp_010851
emp_010859,emp_010851
emp_010860,emp_010862
emp_010861,emp_010862
emp_010862,emp_010520
emp_010863,emp_010864
emp_010864,emp_010520
emp_010865,emp_010864
emp_010866,emp_010864
emp_010867,emp_010864
emp_010868,emp_010870
emp_010869,emp_010870
emp_010870,emp_010520
emp_010871,emp_010870
emp_010872,emp_010870
emp_010873,emp_010870
emp_010874,emp_010875
emp_010875,emp_010520
emp_010876,emp_010875
emp_010877,emp_010875
emp_010878,emp_010875
emp_010879,emp_010875
emp_010880,emp_010885
emp_010881,emp_010885
emp_010882,emp_010885
emp_010883,emp_010885
emp_010884,emp_010885
emp_010885,emp_010520
emp_010886,emp_010520
emp_010887,emp_010886
emp_010888,emp_010886
emp_010889,emp_010886
emp_010890,emp_010886
emp_010891,emp_010886
emp_010892,emp_010886
emp_010893,emp_010886
emp_010894,emp_010896
emp_010895,emp_010896
emp_010896,emp_010520
emp_010897,emp_010896
emp_010898,emp_010896
emp_010899,emp_010896
emp_010900,emp_010902
emp_010901,emp_010902
emp_010902,emp_010520
emp_010903,emp_010902
emp_010904,emp_010902
emp_010905,emp_010902
emp_010906,emp_010909
emp_010907,emp_010909
emp_010908,emp_010909
emp_010909,emp_010520
emp_010910,emp_010909
emp_010911,emp_010909
emp_010912,emp_010909
emp_010913,emp_010909
emp_010914,emp_010918
emp_010915,emp_010918
emp_010916,emp_010918
emp_010917,emp_010918
emp_010918,emp_010520
emp_010919,emp_010918
emp_010920,emp_010924
emp_010921,emp_010924
emp_010922,emp_010924
emp_010923,emp_010924
emp_010924,emp_010520
emp_010925,emp_010924
emp_010926,emp_010924
emp_010927,emp_010924
emp_010928,emp_010924
emp_010929,emp_010931
emp_010930,emp_010931
emp_010931,emp_010520
emp_010932,emp_010931
emp_010933,emp_010931
emp_010934,emp_010931
emp_010935,emp_010931
emp_010936,emp_010939
emp_010937,emp_010939
emp_010938,emp_010939
emp_010939,emp_010520
emp_010940,emp_010939
emp_010941,emp_010939
emp_010942,emp_010939
emp_010943,emp_010939
emp_010944,emp_010939
emp_010945,emp_010946
emp_010946,emp_010520
emp_010947,emp_010946
emp_010948,emp_010946
emp_010949,emp_010946
emp_010950,emp_010946
emp_010951,emp_010946
emp_010952,emp_010953
emp_010953,emp_010520
emp_010954,emp_010953
emp_010955,emp_010953
emp_010956,emp_010953
emp_010957,emp_010953
emp_010958,emp_010953
emp_010959,emp_010953
emp_010960,emp_010966
emp_010961,emp_010966
emp_010962,emp_010966
emp_010963,emp_010966
emp_010964,emp_010966
emp_010965,emp_010966
emp_010966,emp_010520
emp_010967,emp_010969
emp_010968,emp_010969
emp_010969,emp_010520
emp_010970,emp_010969
emp_010971,emp_010969
emp_010972,emp_010969
emp_010973,emp_010969
emp_010974,emp_010981
emp_010975,emp_010981
emp_010976,emp_010981
emp_010977,emp_010981
emp_010978,emp_010981
emp_010979,emp_010981
emp_010980,emp_010981
emp_010981,emp_010520
emp_010982,emp_010983
emp_010983,emp_010520
emp_010984,emp_010983
emp_010985,emp_010983
emp_010986,emp_010983
emp_010987,emp_010983
emp_010988,emp_010990
emp_010989,emp_010990
emp_010990,emp_010520
emp_010991,emp_010990
emp_010992,emp_010990
emp_010993,emp_010990
emp_010994,emp_010990
emp_010995,emp_010990
emp_010996,emp_010990
emp_010997,emp_010990
emp_010998,emp_010999
emp_010999,emp_010520
emp_011000,emp_010999
emp_011001,emp_010999
emp_011002,emp_010999
emp_011003,emp_011004
emp_011004,emp_010520
emp_011005,emp_011004
emp_011006,emp_011004
emp_011007,emp_011004
emp_011008,emp_011004
emp_011009,emp_011004
emp_011010,emp_011004
emp_011011,emp_011004
emp_011012,emp_011013
emp_011013,emp_010520
emp_011014,emp_011013
emp_011015,emp_011013
emp_011016,emp_011013
emp_011017,emp_011013
emp_011018,emp_011020
emp_011019,emp_011020
emp_011020,emp_010520
emp_011021,emp_011020
emp_011022,emp_011020
emp_011023,emp_011020
emp_011024,emp_011020
emp_011025,emp_011020
emp_011026,emp_011020
emp_011027,emp_011030
emp_011028,emp_011030
emp_011029,emp_011030
emp_011030,emp_010520
emp_011031,emp_011030
emp_011032,emp_011030
emp_011033,emp_011030
emp_011034,emp_011030
emp_011035,emp_011041
emp_011036,emp_011041
emp_011037,emp_011041
emp_011038,emp_011041
emp_011039,emp_011041
emp_011040,emp_011041
emp_011041,emp_010520
emp_011042,emp_011041
emp_011043,emp_011041
emp_011044,emp_010520
emp_011045,emp_011044
emp_011046,emp_011044
emp_011047,emp_011044
emp_011048,emp_011044
emp_011049,emp_011044
emp_011050,emp_011044
emp_011051,emp_011044
emp_011052,emp_011044
emp_011053,emp_011044
emp_011054,emp_011044
emp_011055,emp_011044
emp_011056,emp_011044
emp_011057,emp_011060
emp_011058,emp_011060
emp_011059,emp_011060
emp_011060,emp_010520
emp_011061,emp_011060
emp_011062,emp_011060
emp_011063,emp_011060
emp_011064,emp_011060
emp_011065,emp_011060
emp_011066,emp_011060
emp_011067,emp_011060
emp_011068,emp_011060
emp_011069,emp_010520
emp_011070,emp_011069
emp_011071,emp_011069
emp_011072,emp_011069
emp_011073,emp_011069
emp_011074,emp_011069
emp_011075,emp_011076
emp_011076,emp_010520
emp_011077,emp_011076
emp_011078,emp_011076
emp_011079,emp_011076
emp_011080,emp_011076
emp_011081,emp_011076
emp_011082,emp_010520
emp_011083,emp_011082
emp_011084,emp_011082
emp_011085,emp_011082
emp_011086,emp_011082
emp_011087,emp_011088
emp_011088,emp_010520
emp_011089,emp_011088
emp_011090,emp_011088
emp_011091,emp_011088
emp_011092,emp_011088
emp_011093,emp_011088
emp_011094,emp_010520
emp_011095,emp_011094
emp_011096,emp_011094
emp_011097,emp_011094
emp_011098,emp_011104
emp_011099,emp_011104
emp_011100,emp_011104
emp_011101,emp_011104
emp_011102,emp_011104
emp_011103,emp_011104
emp_011104,emp_010520
emp_011105,emp_011104
emp_011106,emp_010520
emp_011107,emp_011106
emp_011108,emp_011106
emp_011109,emp_011106
emp_011110,emp_011111
emp_011111,emp_010520
emp_011112,emp_011111
emp_011113,emp_011111
emp_011114,emp_011111
emp_011115,emp_011111
emp_011116,emp_011111
emp_011117,emp_011111
emp_011118,emp_011111
emp_011119,emp_011111
emp_011120,emp_011125
emp_011121,emp_011125
emp_011122,emp_011125
emp_011123,emp_011125
emp_011124,emp_011125
emp_011125,emp_010520
emp_011126,emp_011129
emp_011127,emp_011129
emp_011128,emp_011129
emp_011129,emp_010520
emp_011130,emp_011135
emp_011131,emp_011135
emp_011132,emp_011135
emp_011133,emp_011135
emp_011134,emp_011135
emp_011135,emp_010520
emp_011136,emp_011139
emp_011137,emp_011139
emp_011138,emp_011139
emp_011139,emp_010520
emp_011140,emp_011139
emp_011141,emp_011139
emp_011142,emp_011139
emp_011143,emp_010520
emp_011144,emp_011143
emp_011145,emp_011143
emp_011146,emp_011143
emp_011147,emp_010520
emp_011148,emp_011147
emp_011149,emp_011147
emp_011150,emp_011147
emp_011151,emp_011147
emp_011152,emp_011158
emp_011153,emp_011158
emp_011154,emp_011158
emp_011155,emp_011158
emp_011156,emp_011158
emp_011157,emp_011158
emp_011158,emp_013342
emp_011159,emp_011158
emp_011160,emp_011164
emp_011161,emp_011164
emp_011162,emp_011164
emp_011163,emp_011164
emp_011164,emp_013342
emp_011165,emp_011164
emp_011166,emp_011168
emp_011167,emp_011168
emp_011168,emp_013342
emp_011169,emp_011168
emp_011170,emp_013342
emp_011171,emp_011170
emp_011172,emp_011170
emp_011173,emp_011170
emp_011174,emp_011170
emp_011175,emp_011170
emp_011176,emp_011170
emp_011177,emp_011183
emp_011178,emp_011183
emp_011179,emp_011183
emp_011180,emp_011183
emp_011181,emp_011183
emp_011182,emp_011183
emp_011183,emp_013342
emp_011184,emp_011185
emp_011185,emp_013342
emp_011186,emp_011185
emp_011187,emp_011185
emp_011188,emp_011185
emp_011189,emp_011185
emp_011190,emp_011185
emp_011191,emp_011185
emp_011192,emp_011197
emp_011193,emp_011197
emp_011194,emp_011197
emp_011195,emp_011197
emp_011196,emp_011197
emp_011197,emp_013342
emp_011198,emp_011200
emp_011199,emp_011200
emp_011200,emp_013342
emp_011201,emp_011200
emp_011202,emp_011200
emp_011203,emp_011209
emp_011204,emp_011209
emp_011205,emp_011209
emp_011206,emp_011209
emp_011207,emp_011209
emp_011208,emp_011209
emp_011209,emp_013342
emp_011210,emp_011209
emp_011211,emp_013342
emp_011212,emp_011211
emp_011213,emp_011211
emp_011214,emp_011211
emp_011215,emp_011211
emp_011216,emp_011211
emp_011217,emp_013342
emp_011218,emp_011217
emp_011219,emp_011217
emp_011220,emp_011217
emp_011221,emp_011217
emp_011222,emp_011226
emp_011223,emp_011226
emp_011224,emp_011226
emp_011225,emp_011226
emp_011226,emp_013342
emp_011227,emp_011226
emp_011228,emp_011226
emp_011229,emp_011233
emp_011230,emp_011233
emp_011231,emp_011233
emp_011232,emp_011233
emp_011233,emp_013342
emp_011234,emp_011233
emp_011235,emp_013342
emp_011236,emp_011235
emp_011237,emp_011235
emp_011238,emp_011235
emp_011239,emp_011235
emp_011240,emp_011235
emp_011241,emp_011243
emp_011242,emp_011243
emp_011243,emp_013342
emp_011244,emp_011243
emp_011245,emp_011243
emp_011246,emp_011243
emp_011247,emp_011243
emp_011248,emp_011243
emp_011249,emp_013342
emp_011250,emp_011249
emp_011251,emp_011257
emp_011252,emp_011257
emp_011253,emp_011257
emp_011254,emp_011257
emp_011255,emp_011257
emp_011256,emp_011257
emp_011257,emp_013342
emp_011258,emp_011257
emp_011259,emp_011260
emp_011260,emp_013342
emp_011261,emp_011260
emp_011262,emp_011260
emp_011263,emp_011260
emp_011264,emp_011260
emp_011265,emp_011266
emp_011266,emp_013342
emp_011267,emp_011266
emp_011268,emp_011266
emp_011269,emp_011266
emp_011270,emp_011271
emp_011271,emp_013342
emp_011272,emp_011271
emp_011273,emp_011271
emp_011274,emp_011271
emp_011275,emp_011271
emp_011276,emp_013342
emp_011277,emp_011276
emp_011278,emp_011276
emp_011279,emp_011276
emp_011280,emp_011276
emp_011281,emp_011276
emp_011282,emp_011276
emp_011283,emp_013342
emp_011284,emp_011283
emp_011285,emp_011283
emp_011286,emp_011283
emp_011287,emp_011290
emp_011288,emp_011290
emp_011289,emp_011290
emp_011290,emp_013342
emp_011291,emp_011290
emp_011292,emp_011290
emp_011293,emp_013342
emp_011294,emp_011293
emp_011295,emp_011293
emp_011296,emp_011293
emp_011297,emp_011293
emp_011298,emp_011293
emp_011299,emp_011293
emp_011300,emp_011293
emp_011301,emp_013342
emp_011302,emp_011301
emp_011303,emp_011301
emp_011304,emp_011301
emp_011305,emp_011301
emp_011306,emp_011301
emp_011307,emp_011301
emp_011308,emp_011301
emp_011309,emp_011310
emp_011310,emp_013342
emp_011311,emp_011310
emp_011312,emp_011310
emp_011313,emp_011316
emp_011314,emp_011316
emp_011315,emp_011316
emp_011316,emp_013342
emp_011317,emp_011316
emp_011318,emp_011320
emp_011319,emp_011320
emp_011320,emp_013342
emp_011321,emp_011320
emp_011322,emp_011324
emp_011323,emp_011324
emp_011324,emp_013342
emp_011325,emp_011324
emp_011326,emp_011329
emp_011327,emp_011329
emp_011328,emp_011329
emp_011329,emp_013342
emp_011330,emp_011329
emp_011331,emp_011329
emp_011332,emp_011329
emp_011333,emp_011329
emp_011334,emp_011341
emp_011335,emp_011341
emp_011336,emp_011341
emp_011337,emp_011341
emp_011338,emp_011341
emp_011339,emp_011341
emp_011340,emp_011341
emp_011341,emp_013342
emp_011342,emp_011344
emp_011343,emp_011344
emp_011344,emp_013342
emp_011345,emp_011344
emp_011346,emp_011349
emp_011347,emp_011349
emp_011348,emp_011349
emp_011349,emp_013342
emp_011350,emp_011349
emp_011351,emp_011349
emp_011352,emp_011349
emp_011353,emp_011349
emp_011354,emp_011349
emp_011355,emp_011349
emp_011356,emp_011358
emp_011357,emp_011358
emp_011358,emp_013342
emp_011359,emp_011358
emp_011360,emp_011358
emp_011361,emp_011358
emp_011362,emp_011358
emp_011363,emp_011358
emp_011364,emp_011358
emp_011365,emp_011367
emp_011366,emp_011367
emp_011367,emp_013342
emp_011368,emp_011367
emp_011369,emp_011367
emp_011370,emp_011367
emp_011371,emp_011367
emp_011372,emp_011367
emp_011373,emp_011375
emp_011374,emp_011375
emp_011375,emp_013342
emp_011376,emp_011375
emp_011377,emp_011375
emp_011378,emp_011375
emp_011379,emp_011382
emp_011380,emp_011382
emp_011381,emp_011382
emp_011382,emp_013342
emp_011383,emp_011382
emp_011384,emp_013342
emp_011385,emp_011384
emp_011386,emp_011384
emp_011387,emp_011384
emp_011388,emp_011384
emp_011389,emp_011384
emp_011390,emp_011384
emp_011391,emp_011384
emp_011392,emp_011397
emp_011393,emp_011397
emp_011394,emp_011397
emp_011395,emp_011397
emp_011396,emp_011397
emp_011397,emp_013342
emp_011398,emp_011397
emp_011399,emp_011397
emp_011400,emp_013342
emp_011401,emp_011400
emp_011402,emp_011400
emp_011403,emp_011400
emp_011404,emp_013342
emp_011405,emp_011404
emp_011406,emp_011404
emp_011407,emp_011404
emp_011408,emp_011404
emp_011409,emp_011404
emp_011410,emp_011404
emp_011411,emp_011413
emp_011412,emp_011413
emp_011413,emp_013342
emp_011414,emp_011413
emp_011415,emp_011413
emp_011416,emp_011413
emp_011417,emp_011413
emp_011418,emp_011426
emp_011419,emp_011426
emp_011420,emp_011426
emp_011421,emp_011426
emp_011422,emp_011426
emp_011423,emp_011426
emp_011424,emp_011426
emp_011425,emp_011426
emp_011426,emp_013342
emp_011427,emp_013342
emp_011428,emp_011427
emp_011429,emp_011427
emp_011430,emp_011427
emp_011431,emp_011427
emp_011432,emp_011435
emp_011433,emp_011435
emp_011434,emp_011435
emp_011435,emp_013342
emp_011436,emp_011435
emp_011437,emp_011435
emp_011438,emp_011439
emp_011439,emp_013342
emp_011440,emp_011439
emp_011441,emp_011439
emp_011442,emp_011439
emp_011443,emp_011439
emp_011444,emp_013342
emp_011445,emp_011444
emp_011446,emp_011444
emp_011447,emp_011444
emp_011448,emp_011444
emp_011449,emp_011444
emp_011450,emp_011454
emp_011451,emp_011454
emp_011452,emp_011454
emp_011453,emp_011454
emp_011454,emp_013342
emp_011455,emp_011458
emp_011456,emp_011458
emp_011457,emp_011458
emp_011458,emp_013342
emp_011459,emp_011458
emp_011460,emp_011458
emp_011461,emp_011458
emp_011462,emp_011458
emp_011463,emp_011458
emp_011464,emp_011465
emp_011465,emp_013342
emp_011466,emp_011465
emp_011467,emp_011465
emp_011468,emp_011465
emp_011469,emp_011470
emp_011470,emp_013342
emp_011471,emp_011470
emp_011472,emp_011470
emp_011473,emp_011470
emp_011474,emp_011476
emp_011475,emp_011476
emp_011476,emp_013342
emp_011477,emp_011476
emp_011478,emp_011476
emp_011479,emp_013342
emp_011480,emp_011479
emp_011481,emp_011479
emp_011482,emp_011479
emp_011483,emp_011479
emp_011484,emp_011479
emp_011485,emp_011487
emp_011486,emp_011487
emp_011487,emp_013342
emp_011488,emp_011487
emp_011489,emp_011487
emp_011490,emp_011487
emp_011491,emp_011487
emp_011492,emp_011487
emp_011493,emp_011487
emp_011494,emp_011500
emp_011495,emp_011500
emp_011496,emp_011500
emp_011497,emp_011500
emp_011498,emp_011500
emp_011499,emp_011500
emp_011500,emp_013342
emp_011501,emp_011504
emp_011502,emp_011504
emp_011503,emp_011504
emp_011504,emp_013342
emp_011505,emp_011504
emp_011506,emp_011504
emp_011507,emp_011504
emp_011508,emp_011504
emp_011509,emp_011511
emp_011510,emp_011511
emp_011511,emp_013342
emp_011512,emp_011511
emp_011513,emp_011511
emp_011514,emp_011511
emp_011515,emp_011511
emp_011516,emp_011511
emp_011517,emp_011521
emp_011518,emp_011521
emp_011519,emp_011521
emp_011520,emp_011521
emp_011521,emp_013342
emp_011522,emp_011521
emp_011523,emp_011524
emp_011524,emp_013342
emp_011525,emp_011524
emp_011526,emp_011531
emp_011527,emp_011531
emp_011528,emp_011531
emp_011529,emp_011531
emp_011530,emp_011531
emp_011531,emp_013342
emp_011532,emp_011531
emp_011533,emp_011534
emp_011534,emp_013342
emp_011535,emp_011534
emp_011536,emp_011534
emp_011537,emp_011534
emp_011538,emp_011534
emp_011539,emp_011543
emp_011540,emp_011543
emp_011541,emp_011543
emp_011542,emp_011543
emp_011543,emp_013342
emp_011544,emp_011543
emp_011545,emp_011548
emp_011546,emp_011548
emp_011547,emp_011548
emp_011548,emp_013342
emp_011549,emp_011548
emp_011550,emp_011548
emp_011551,emp_011555
emp_011552,emp_011555
emp_011553,emp_011555
emp_011554,emp_011555
emp_011555,emp_013342
emp_011556,emp_011555
emp_011557,emp_011559
emp_011558,emp_011559
emp_011559,emp_013342
emp_011560,emp_011559
emp_011561,emp_011559
emp_011562,emp_011563
emp_011563,emp_013342
emp_011564,emp_011563
emp_011565,emp_011563
emp_011566,emp_011563
emp_011567,emp_011571
emp_011568,emp_011571
emp_011569,emp_011571
emp_011570,emp_011571
emp_011571,emp_013342
emp_011572,emp_011575
emp_011573,emp_011575
emp_011574,emp_011575
emp_011575,emp_013342
emp_011576,emp_011575
emp_011577,emp_011575
emp_011578,emp_011575
emp_011579,emp_013342
emp_011580,emp_011579
emp_011581,emp_011579
emp_011582,emp_011579
emp_011583,emp_011579
emp_011584,emp_011579
emp_011585,emp_011579
emp_011586,emp_011579
emp_011587,emp_011579
emp_011588,emp_011579
emp_011589,emp_011592
emp_011590,emp_011592
emp_011591,emp_011592
emp_011592,emp_013342
emp_011593,emp_011592
emp_011594,emp_011592
emp_011595,emp_011592
emp_011596,emp_011592
emp_011597,emp_011598
emp_011598,emp_013342
emp_011599,emp_011598
emp_011600,emp_011606
emp_011601,emp_011606
emp_011602,emp_011606
emp_011603,emp_011606
emp_011604,emp_011606
emp_011605,emp_011606
emp_011606,emp_013342
emp_011607,emp_011611
emp_011608,emp_011611
emp_011609,emp_011611
emp_011610,emp_011611
emp_011611,emp_013342
emp_011612,emp_011611
emp_011613,emp_011611
emp_011614,emp_011611
emp_011615,emp_011617
emp_011616,emp_011617
emp_011617,emp_013342
emp_011618,emp_011617
emp_011619,emp_011617
emp_011620,emp_011617
emp_011621,emp_011617
emp_011622,emp_011617
emp_011623,emp_011626
emp_011624,emp_011626
emp_011625,emp_011626
emp_011626,emp_013342
emp_011627,emp_011626
emp_011628,emp_011629
emp_011629,emp_013342
emp_011630,emp_011629
emp_011631,emp_011633
emp_011632,emp_011633
emp_011633,emp_013342
emp_011634,emp_011633
emp_011635,emp_011633
emp_011636,emp_011633
emp_011637,emp_011633
emp_011638,emp_011633
emp_011639,emp_013342
emp_011640,emp_011639
emp_011641,emp_011639
emp_011642,emp_011639
emp_011643,emp_011639
emp_011644,emp_011639
emp_011645,emp_011649
emp_011646,emp_011649
emp_011647,emp_011649
emp_011648,emp_011649
emp_011649,emp_013342
emp_011650,emp_011649
emp_011651,emp_011649
emp_011652,emp_011649
emp_011653,emp_011649
emp_011654,emp_011649
emp_011655,emp_011656
emp_011656,emp_013342
emp_011657,emp_011656
emp_011658,emp_011656
emp_011659,emp_011660
emp_011660,emp_013342
emp_011661,emp_011660
emp_011662,emp_011660
emp_011663,emp_011660
emp_011664,emp_011660
emp_011665,emp_011660
emp_011666,emp_011660
emp_011667,emp_011660
emp_011668,emp_011660
emp_011669,emp_011660
emp_011670,emp_013342
emp_011671,emp_011670
emp_011672,emp_011670
emp_011673,emp_011670
emp_011674,emp_011675
emp_011675,emp_013342
emp_011676,emp_011675
emp_011677,emp_011675
emp_011678,emp_011675
emp_011679,emp_011675
emp_011680,emp_011675
emp_011681,emp_011675
emp_011682,emp_011675
emp_011683,emp_011675
emp_011684,emp_011686
emp_011685,emp_011686
emp_011686,emp_013342
emp_011687,emp_011686
emp_011688,emp_011686
emp_011689,emp_011686
emp_011690,emp_011686
emp_011691,emp_011694
emp_011692,emp_011694
emp_011693,emp_011694
emp_011694,emp_013342
emp_011695,emp_011694
emp_011696,emp_011694
emp_011697,emp_011694
emp_011698,emp_011694
emp_011699,emp_011694
emp_011700,emp_013342
emp_011701,emp_011700
emp_011702,emp_011700
emp_011703,emp_011700
emp_011704,emp_011700
emp_011705,emp_011700
emp_011706,emp_011700
emp_011707,emp_011700
emp_011708,emp_011713
emp_011709,emp_011713
emp_011710,emp_011713
emp_011711,emp_011713
emp_011712,emp_011713
emp_011713,emp_013342
emp_011714,emp_011713
emp_011715,emp_011713
emp_011716,emp_011713
emp_011717,emp_011718
emp_011718,emp_013342
emp_011719,emp_011718
emp_011720,emp_011718
emp_011721,emp_011718
emp_011722,emp_011718
emp_011723,emp_011718
emp_011724,emp_013342
emp_011725,emp_011724
emp_011726,emp_011724
emp_011727,emp_011724
emp_011728,emp_011724
emp_011729,emp_011724
emp_011730,emp_011724
emp_011731,emp_011724
emp_011732,emp_011735
emp_011733,emp_011735
emp_011734,emp_011735
emp_011735,emp_013342
emp_011736,emp_013342
emp_011737,emp_011736
emp_011738,emp_011736
emp_011739,emp_011736
emp_011740,emp_011736
emp_011741,emp_011736
emp_011742,emp_011736
emp_011743,emp_011745
emp_011744,emp_011745
emp_011745,emp_013342
emp_011746,emp_011745
emp_011747,emp_011749
emp_011748,emp_011749
emp_011749,emp_013342
emp_011750,emp_011749
emp_011751,emp_011749
emp_011752,emp_011749
emp_011753,emp_011749
emp_011754,emp_011755
emp_011755,emp_013342
emp_011756,emp_011755
emp_011757,emp_011755
emp_011758,emp_011755
emp_011759,emp_011755
emp_011760,emp_011755
emp_011761,emp_011764
emp_011762,emp_011764
emp_011763,emp_011764
emp_011764,emp_013342
emp_011765,emp_011764
emp_011766,emp_011764
emp_011767,emp_011764
emp_011768,emp_011774
emp_011769,emp_011774
emp_011770,emp_011774
emp_011771,emp_011774
emp_011772,emp_011774
emp_011773,emp_011774
emp_011774,emp_013342
emp_011775,emp_011774
emp_011776,emp_011774
emp_011777,emp_011778
emp_011778,emp_013342
emp_011779,emp_011778
emp_011780,emp_011778
emp_011781,emp_011778
emp_011782,emp_011778
emp_011783,emp_011778
emp_011784,emp_011778
emp_011785,emp_011792
emp_011786,emp_011792
emp_011787,emp_011792
emp_011788,emp_011792
emp_011789,emp_011792
emp_011790,emp_011792
emp_011791,emp_011792
emp_011792,emp_013342
emp_011793,emp_011798
emp_011794,emp_011798
emp_011795,emp_011798
emp_011796,emp_011798
emp_011797,emp_011798
emp_011798,emp_013342
emp_011799,emp_011798
emp_011800,emp_011798
emp_011801,emp_011798
emp_011802,emp_011804
emp_011803,emp_011804
emp_011804,emp_013342
emp_011805,emp_011804
emp_011806,emp_011804
emp_011807,emp_011804
emp_011808,emp_011804
emp_011809,emp_011804
emp_011810,emp_011804
emp_011811,emp_011804
emp_011812,emp_011814
emp_011813,emp_011814
emp_011814,emp_013342
emp_011815,emp_011814
emp_011816,emp_011814
emp_011817,emp_011821
emp_011818,emp_011821
emp_011819,emp_011821
emp_011820,emp_011821
emp_011821,emp_013342
emp_011822,emp_011821
emp_011823,emp_011825
emp_011824,emp_011825
emp_011825,emp_013342
emp_011826,emp_011825
emp_011827,emp_011825
emp_011828,emp_011825
emp_011829,emp_011825
emp_011830,emp_013342
emp_011831,emp_011830
emp_011832,emp_011830
emp_011833,emp_011830
emp_011834,emp_011830
emp_011835,emp_011836
emp_011836,emp_013342
emp_011837,emp_011836
emp_011838,emp_011836
emp_011839,emp_011836
emp_011840,emp_011836
emp_011841,emp_011842
emp_011842,emp_013342
emp_011843,emp_011842
emp_011844,emp_011842
emp_011845,emp_011846
emp_011846,emp_013342
emp_011847,emp_011846
emp_011848,emp_011846
emp_011849,emp_011850
emp_011850,emp_013342
emp_011851,emp_011850
emp_011852,emp_011850
emp_011853,emp_011850
emp_011854,emp_011850
emp_011855,emp_011850
emp_011856,emp_011850
emp_011857,emp_011850
emp_011858,emp_011860
emp_011859,emp_011860
emp_011860,emp_013342
emp_011861,emp_011860
emp_011862,emp_011860
emp_011863,emp_011860
emp_011864,emp_011866
emp_011865,emp_011866
emp_011866,emp_013342
emp_011867,emp_013342
emp_011868,emp_011867
emp_011869,emp_011867
emp_011870,emp_011867
emp_011871,emp_011867
emp_011872,emp_011867
emp_011873,emp_011867
emp_011874,emp_011876
emp_011875,emp_011876
emp_011876,emp_013342
emp_011877,emp_011876
emp_011878,emp_011876
emp_011879,emp_011876
emp_011880,emp_011881
emp_011881,emp_013342
emp_011882,emp_011881
emp_011883,emp_011884
emp_011884,emp_013342
emp_011885,emp_011884
emp_011886,emp_011884
emp_011887,emp_011884
emp_011888,emp_011889
emp_011889,emp_013342
emp_011890,emp_011889
emp_011891,emp_011889
emp_011892,emp_011889
emp_011893,emp_011889
emp_011894,emp_011895
emp_011895,emp_013342
emp_011896,emp_011895
emp_011897,emp_011895
emp_011898,emp_011895
emp_011899,emp_011895
emp_011900,emp_011895
emp_011901,emp_011902
emp_011902,emp_013342
emp_011903,emp_011902
emp_011904,emp_011902
emp_011905,emp_011902
emp_011906,emp_011914
emp_011907,emp_011914
emp_011908,emp_011914
emp_011909,emp_011914
emp_011910,emp_011914
emp_011911,emp_011914
emp_011912,emp_011914
emp_011913,emp_011914
emp_011914,emp_013342
emp_011915,emp_011917
emp_011916,emp_011917
emp_011917,emp_013342
emp_011918,emp_011917
emp_011919,emp_011917
emp_011920,emp_011917
emp_011921,emp_011926
emp_011922,emp_011926
emp_011923,emp_011926
emp_011924,emp_011926
emp_011925,emp_011926
emp_011926,emp_013342
emp_011927,emp_011926
emp_011928,emp_011926
emp_011929,emp_011926
emp_011930,emp_011926
emp_011931,emp_011926
emp_011932,emp_011934
emp_011933,emp_011934
emp_011934,emp_013342
emp_011935,emp_011934
emp_011936,emp_011934
emp_011937,emp_011934
emp_011938,emp_011934
emp_011939,emp_011934
emp_011940,emp_011934
emp_011941,emp_011947
emp_011942,emp_011947
emp_011943,emp_011947
emp_011944,emp_011947
emp_011945,emp_011947
emp_011946,emp_011947
emp_011947,emp_013342
emp_011948,emp_011947
emp_011949,emp_011947
emp_011950,emp_011947
emp_011951,emp_011952
emp_011952,emp_013342
emp_011953,emp_011952
emp_011954,emp_011952
emp_011955,emp_011952
emp_011956,emp_011952
emp_011957,emp_011952
emp_011958,emp_011952
emp_011959,emp_011952
emp_011960,emp_013342
emp_011961,emp_011960
emp_011962,emp_011960
emp_011963,emp_011960
emp_011964,emp_011965
emp_011965,emp_013342
emp_011966,emp_011965
emp_011967,emp_011965
emp_011968,emp_011965
emp_011969,emp_011965
emp_011970,emp_011965
emp_011971,emp_011965
emp_011972,emp_011965
emp_011973,emp_011978
emp_011974,emp_011978
emp_011975,emp_011978
emp_011976,emp_011978
emp_011977,emp_011978
emp_011978,emp_013342
emp_011979,emp_011978
emp_011980,emp_011978
emp_011981,emp_011978
emp_011982,emp_011978
emp_011983,emp_011978
emp_011984,emp_011978
emp_011985,emp_011993
emp_011986,emp_011993
emp_011987,emp_011993
emp_011988,emp_011993
emp_011989,emp_011993
emp_011990,emp_011993
emp_011991,emp_011993
emp_011992,emp_011993
emp_011993,emp_013342
emp_011994,emp_011993
emp_011995,emp_011997
emp_011996,emp_011997
emp_011997,emp_013342
emp_011998,emp_011997
emp_011999,emp_011997
emp_012000,emp_011997
emp_012001,emp_011997
emp_012002,emp_012006
emp_012003,emp_012006
emp_012004,emp_012006
emp_012005,emp_012006
emp_012006,emp_013342
emp_012007,emp_012011
emp_012008,emp_012011
emp_012009,emp_012011
emp_012010,emp_012011
emp_012011,emp_013342
emp_012012,emp_012011
emp_012013,emp_012011
emp_012014,emp_012011
emp_012015,emp_012011
emp_012016,emp_013342
emp_012017,emp_012016
emp_012018,emp_012016
emp_012019,emp_012016
emp_012020,emp_012016
emp_012021,emp_012016
emp_012022,emp_012025
emp_012023,emp_012025
emp_012024,emp_012025
emp_012025,emp_013342
emp_012026,emp_012025
emp_012027,emp_012025
emp_012028,emp_012025
emp_012029,emp_012031
emp_012030,emp_012031
emp_012031,emp_013342
emp_012032,emp_012031
emp_012033,emp_012031
emp_012034,emp_012031
emp_012035,emp_012031
emp_012036,emp_012031
emp_012037,emp_012038
emp_012038,emp_013342
emp_012039,emp_012038
emp_012040,emp_012038
emp_012041,emp_012038
emp_012042,emp_012038
emp_012043,emp_012038
emp_012044,emp_012038
emp_012045,emp_012038
emp_012046,emp_012048
emp_012047,emp_012048
emp_012048,emp_013342
emp_012049,emp_012048
emp_012050,emp_012048
emp_012051,emp_012052
emp_012052,emp_013342
emp_012053,emp_012052
emp_012054,emp_012052
emp_012055,emp_012052
emp_012056,emp_012052
emp_012057,emp_012052
emp_012058,emp_012052
emp_012059,emp_012052
emp_012060,emp_012067
emp_012061,emp_012067
emp_012062,emp_012067
emp_012063,emp_012067
emp_012064,emp_012067
emp_012065,emp_012067
emp_012066,emp_012067
emp_012067,emp_013342
emp_012068,emp_012073
emp_012069,emp_012073
emp_012070,emp_012073
emp_012071,emp_012073
emp_012072,emp_012073
emp_012073,emp_013342
emp_012074,emp_012076
emp_012075,emp_012076
emp_012076,emp_013342
emp_012077,emp_012076
emp_012078,emp_012076
emp_012079,emp_012076
emp_012080,emp_012084
emp_012081,emp_012084
emp_012082,emp_012084
emp_012083,emp_012084
emp_012084,emp_013342
emp_012085,emp_012084
emp_012086,emp_012084
emp_012087,emp_012093
emp_012088,emp_012093
emp_012089,emp_012093
emp_012090,emp_012093
emp_012091,emp_012093
emp_012092,emp_012093
emp_012093,emp_013342
emp_012094,emp_012093
emp_012095,emp_012093
emp_012096,emp_012093
emp_012097,emp_012098
emp_012098,emp_013342
emp_012099,emp_012098
emp_012100,emp_012098
emp_012101,emp_012098
emp_012102,emp_012098
emp_012103,emp_012109
emp_012104,emp_012109
emp_012105,emp_012109
emp_012106,emp_012109
emp_012107,emp_012109
emp_012108,emp_012109
emp_012109,emp_013342
emp_012110,emp_012109
emp_012111,emp_013342
emp_012112,emp_012111
emp_012113,emp_012111
emp_012114,emp_012111
emp_012115,emp_012111
emp_012116,emp_012119
emp_012117,emp_012119
emp_012118,emp_012119
emp_012119,emp_013342
emp_012120,emp_012119
emp_012121,emp_012119
emp_012122,emp_012123
emp_012123,emp_013342
emp_012124,emp_012123
emp_012125,emp_012123
emp_012126,emp_012123
emp_012127,emp_012123
emp_012128,emp_012123
emp_012129,emp_012134
emp_012130,emp_012134
emp_012131,emp_012134
emp_012132,emp_012134
emp_012133,emp_012134
emp_012134,emp_013342
emp_012135,emp_012137
emp_012136,emp_012137
emp_012137,emp_013342
emp_012138,emp_012137
emp_012139,emp_012137
emp_012140,emp_012137
emp_012141,emp_012145
emp_012142,emp_012145
emp_012143,emp_012145
emp_012144,emp_012145
emp_012145,emp_013342
emp_012146,emp_013342
emp_012147,emp_012146
emp_012148,emp_012146
emp_012149,emp_012146
emp_012150,emp_012146
emp_012151,emp_012153
emp_012152,emp_012153
emp_012153,emp_013342
emp_012154,emp_012153
emp_012155,emp_012153
emp_012156,emp_012153
emp_012157,emp_012159
emp_012158,emp_012159
emp_012159,emp_013342
emp_012160,emp_012159
emp_012161,emp_012159
emp_012162,emp_012159
emp_012163,emp_012159
emp_012164,emp_012159
emp_012165,emp_012171
emp_012166,emp_012171
emp_012167,emp_012171
emp_012168,emp_012171
emp_012169,emp_012171
emp_012170,emp_012171
emp_012171,emp_013342
emp_012172,emp_012176
emp_012173,emp_012176
emp_012174,emp_012176
emp_012175,emp_012176
emp_012176,emp_013342
emp_012177,emp_012176
emp_012178,emp_012176
emp_012179,emp_012176
emp_012180,emp_013342
emp_012181,emp_012180
emp_012182,emp_012180
emp_012183,emp_012180
emp_012184,emp_012180
emp_012185,emp_012180
emp_012186,emp_012180
emp_012187,emp_012180
emp_012188,emp_012180
emp_012189,emp_012192
emp_012190,emp_012192
emp_012191,emp_012192
emp_012192,emp_013342
emp_012193,emp_012192
emp_012194,emp_012192
emp_012195,emp_012196
emp_012196,emp_013342
emp_012197,emp_012196
emp_012198,emp_012196
emp_012199,emp_012196
emp_012200,emp_012202
emp_012201,emp_012202
emp_012202,emp_013342
emp_012203,emp_012202
emp_012204,emp_012202
emp_012205,emp_012206
emp_012206,emp_013342
emp_012207,emp_012206
emp_012208,emp_012206
emp_012209,emp_012206
emp_012210,emp_012206
emp_012211,emp_012206
emp_012212,emp_012206
emp_012213,emp_012206
emp_012214,emp_012206
emp_012215,emp_012222
emp_012216,emp_012222
emp_012217,emp_012222
emp_012218,emp_012222
emp_012219,emp_012222
emp_012220,emp_012222
emp_012221,emp_012222
emp_012222,emp_013342
emp_012223,emp_012227
emp_012224,emp_012227
emp_012225,emp_012227
emp_012226,emp_012227
emp_012227,emp_013342
emp_012228,emp_012227
emp_012229,emp_012227
emp_012230,emp_012227
emp_012231,emp_012227
emp_012232,emp_012227
emp_012233,emp_012234
emp_012234,emp_013342
emp_012235,emp_012234
emp_012236,emp_012234
emp_012237,emp_012234
emp_012238,emp_012234
emp_012239,emp_012234
emp_012240,emp_012234
emp_012241,emp_012234
emp_012242,emp_012246
emp_012243,emp_012246
emp_012244,emp_012246
emp_012245,emp_012246
emp_012246,emp_013342
emp_012247,emp_012246
emp_012248,emp_012253
emp_012249,emp_012253
emp_012250,emp_012253
emp_012251,emp_012253
emp_012252,emp_012253
emp_012253,emp_013342
emp_012254,emp_012253
emp_012255,emp_012253
emp_012256,emp_012258
emp_012257,emp_012258
emp_012258,emp_013342
emp_012259,emp_012258
emp_012260,emp_012258
emp_012261,emp_012258
emp_012262,emp_012258
emp_012263,emp_012265
emp_012264,emp_012265
emp_012265,emp_013342
emp_012266,emp_012265
emp_012267,emp_012265
emp_012268,emp_012265
emp_012269,emp_012265
emp_012270,emp_012265
emp_012271,emp_012265
emp_012272,emp_012265
emp_012273,emp_012265
emp_012274,emp_012277
emp_012275,emp_012277
emp_012276,emp_012277
emp_012277,emp_013342
emp_012278,emp_012277
emp_012279,emp_012277
emp_012280,emp_012277
emp_012281,emp_012277
emp_012282,emp_012289
emp_012283,emp_012289
emp_012284,emp_012289
emp_012285,emp_012289
emp_012286,emp_012289
emp_012287,emp_012289
emp_012288,emp_012289
emp_012289,emp_013342
emp_012290,emp_012289
emp_012291,emp_012289
emp_012292,emp_012294
emp_012293,emp_012294
emp_012294,emp_013342
emp_012295,emp_012294
emp_012296,emp_012294
emp_012297,emp_012294
emp_012298,emp_012294
emp_012299,emp_012307
emp_012300,emp_012307
emp_012301,emp_012307
emp_012302,emp_012307
emp_012303,emp_012307
emp_012304,emp_012307
emp_012305,emp_012307
emp_012306,emp_012307
emp_012307,emp_013342
emp_012308,emp_012313
emp_012309,emp_012313
emp_012310,emp_012313
emp_012311,emp_012313
emp_012312,emp_012313
emp_012313,emp_013342
emp_012314,emp_012313
emp_012315,emp_012316
emp_012316,emp_013342
emp_012317,emp_012316
emp_012318,emp_012316
emp_012319,emp_012316
emp_012320,emp_012323
emp_012321,emp_012323
emp_012322,emp_012323
emp_012323,emp_013342
emp_012324,emp_012323
emp_012325,emp_012323
emp_012326,emp_012323
emp_012327,emp_012323
emp_012328,emp_012323
emp_012329,emp_012330
emp_012330,emp_013342
emp_012331,emp_012330
emp_012332,emp_012330
emp_012333,emp_012330
emp_012334,emp_012336
emp_012335,emp_012336
emp_012336,emp_013342
emp_012337,emp_012336
emp_012338,emp_012336
emp_012339,emp_012336
emp_012340,emp_012346
emp_012341,emp_012346
emp_012342,emp_012346
emp_012343,emp_012346
emp_012344,emp_012346
emp_012345,emp_012346
emp_012346,emp_013342
emp_012347,emp_012346
emp_012348,emp_012352
emp_012349,emp_012352
emp_012350,emp_012352
emp_012351,emp_012352
emp_012352,emp_013342
emp_012353,emp_012352
emp_012354,emp_012352
emp_012355,emp_013342
emp_012356,emp_012355
emp_012357,emp_012355
emp_012358,emp_012355
emp_012359,emp_012355
emp_012360,emp_012355
emp_012361,emp_012363
emp_012362,emp_012363
emp_012363,emp_013342
emp_012364,emp_012363
emp_012365,emp_012363
emp_012366,emp_012363
emp_012367,emp_012363
emp_012368,emp_012375
emp_012369,emp_012375
emp_012370,emp_012375
emp_012371,emp_012375
emp_012372,emp_012375
emp_012373,emp_012375
emp_012374,emp_012375
emp_012375,emp_013342
emp_012376,emp_012375
emp_012377,emp_012378
emp_012378,emp_013342
emp_012379,emp_012378
emp_012380,emp_012378
emp_012381,emp_012378
emp_012382,emp_012383
emp_012383,emp_013342
emp_012384,emp_012386
emp_012385,emp_012386
emp_012386,emp_013342
emp_012387,emp_012386
emp_012388,emp_012386
emp_012389,emp_012386
emp_012390,emp_012386
emp_012391,emp_012386
emp_012392,emp_012386
emp_012393,emp_012396
emp_012394,emp_012396
emp_012395,emp_012396
emp_012396,emp_013342
emp_012397,emp_012396
emp_012398,emp_012396
emp_012399,emp_012400
emp_012400,emp_013342
emp_012401,emp_012400
emp_012402,emp_012400
emp_012403,emp_012400
emp_012404,emp_012400
emp_012405,emp_012408
emp_012406,emp_012408
emp_012407,emp_012408
emp_012408,emp_013342
emp_012409,emp_012408
emp_012410,emp_012408
emp_012411,emp_012408
emp_012412,emp_012408
emp_012413,emp_012415
emp_012414,emp_012415
emp_012415,emp_013342
emp_012416,emp_012415
emp_012417,emp_012415
emp_012418,emp_012415
emp_012419,emp_013342
emp_012420,emp_012419
emp_012421,emp_012419
emp_012422,emp_012419
emp_012423,emp_012419
emp_012424,emp_012419
emp_012425,emp_012426
emp_012426,emp_013342
emp_012427,emp_012426
emp_012428,emp_012426
emp_012429,emp_012426
emp_012430,emp_012426
emp_012431,emp_012426
emp_012432,emp_012426
emp_012433,emp_012426
emp_012434,emp_012441
emp_012435,emp_012441
emp_012436,emp_012441
emp_012437,emp_012441
emp_012438,emp_012441
emp_012439,emp_012441
emp_012440,emp_012441
emp_012441,emp_013342
emp_012442,emp_012445
emp_012443,emp_012445
emp_012444,emp_012445
emp_012445,emp_013342
emp_012446,emp_012445
emp_012447,emp_012445
emp_012448,emp_012450
emp_012449,emp_012450
emp_012450,emp_013342
emp_012451,emp_012450
emp_012452,emp_012450
emp_012453,emp_012457
emp_012454,emp_012457
emp_012455,emp_012457
emp_012456,emp_012457
emp_012457,emp_013342
emp_012458,emp_012462
emp_012459,emp_012462
emp_012460,emp_012462
emp_012461,emp_012462
emp_012462,emp_013342
emp_012463,emp_012462
emp_012464,emp_012462
emp_012465,emp_012462
emp_012466,emp_012467
emp_012467,emp_013342
emp_012468,emp_012467
emp_012469,emp_012467
emp_012470,emp_012467
emp_012471,emp_012467
emp_012472,emp_012467
emp_012473,emp_012467
emp_012474,emp_012477
emp_012475,emp_012477
emp_012476,emp_012477
emp_012477,emp_013342
emp_012478,emp_012477
emp_012479,emp_012481
emp_012480,emp_012481
emp_012481,emp_013342
emp_012482,emp_012481
emp_012483,emp_012481
emp_012484,emp_012481
emp_012485,emp_012481
emp_012486,emp_012487
emp_012487,emp_013342
emp_012488,emp_012494
emp_012489,emp_012494
emp_012490,emp_012494
emp_012491,emp_012494
emp_012492,emp_012494
emp_012493,emp_012494
emp_012494,emp_013342
emp_012495,emp_012494
emp_012496,emp_012497
emp_012497,emp_013342
emp_012498,emp_012497
emp_012499,emp_012497
emp_012500,emp_012497
emp_012501,emp_012497
emp_012502,emp_012497
emp_012503,emp_012504
emp_012504,emp_013342
emp_012505,emp_012504
emp_012506,emp_012504
emp_012507,emp_012504
emp_012508,emp_012510
emp_012509,emp_012510
emp_012510,emp_013342
emp_012511,emp_012510
emp_012512,emp_012510
emp_012513,emp_012510
emp_012514,emp_012510
emp_012515,emp_012510
emp_012516,emp_012510
emp_012517,emp_012521
emp_012518,emp_012521
emp_012519,emp_012521
emp_012520,emp_012521
emp_012521,emp_013342
emp_012522,emp_012521
emp_012523,emp_012521
emp_012524,emp_012526
emp_012525,emp_012526
emp_012526,emp_013342
emp_012527,emp_012526
emp_012528,emp_012526
emp_012529,emp_012526
emp_012530,emp_012532
emp_012531,emp_012532
emp_012532,emp_013342
emp_012533,emp_012532
emp_012534,emp_012532
emp_012535,emp_012532
emp_012536,emp_012538
emp_012537,emp_012538
emp_012538,emp_013342
emp_012539,emp_012538
emp_012540,emp_012538
emp_012541,emp_012538
emp_012542,emp_012545
emp_012543,emp_012545
emp_012544,emp_012545
emp_012545,emp_013342
emp_012546,emp_012545
emp_012547,emp_012545
emp_012548,emp_012545
emp_012549,emp_012545
emp_012550,emp_012555
emp_012551,emp_012555
emp_012552,emp_012555
emp_012553,emp_012555
emp_012554,emp_012555
emp_012555,emp_013342
emp_012556,emp_012555
emp_012557,emp_012555
emp_012558,emp_012561
emp_012559,emp_012561
emp_012560,emp_012561
emp_012561,emp_013342
emp_012562,emp_012561
emp_012563,emp_012561
emp_012564,emp_012566
emp_012565,emp_012566
emp_012566,emp_013342
emp_012567,emp_012566
emp_012568,emp_012573
emp_012569,emp_012573
emp_012570,emp_012573
emp_012571,emp_012573
emp_012572,emp_012573
emp_012573,emp_013342
emp_012574,emp_012580
emp_012575,emp_012580
emp_012576,emp_012580
emp_012577,emp_012580
emp_012578,emp_012580
emp_012579,emp_012580
emp_012580,emp_013342
emp_012581,emp_013342
emp_012582,emp_012581
emp_012583,emp_012581
emp_012584,emp_012581
emp_012585,emp_012581
emp_012586,emp_013342
emp_012587,emp_012586
emp_012588,emp_012586
emp_012589,emp_012586
emp_012590,emp_012586
emp_012591,emp_012594
emp_012592,emp_012594
emp_012593,emp_012594
emp_012594,emp_013342
emp_012595,emp_012594
emp_012596,emp_012594
emp_012597,emp_012600
emp_012598,emp_012600
emp_012599,emp_012600
emp_012600,emp_013342
emp_012601,emp_012600
emp_012602,emp_012600
emp_012603,emp_012600
emp_012604,emp_012611
emp_012605,emp_012611
emp_012606,emp_012611
emp_012607,emp_012611
emp_012608,emp_012611
emp_012609,emp_012611
emp_012610,emp_012611
emp_012611,emp_013342
emp_012612,emp_012616
emp_012613,emp_012616
emp_012614,emp_012616
emp_012615,emp_012616
emp_012616,emp_013342
emp_012617,emp_012616
emp_012618,emp_012616
emp_012619,emp_012616
emp_012620,emp_012616
emp_012621,emp_013342
emp_012622,emp_012621
emp_012623,emp_012621
emp_012624,emp_013342
emp_012625,emp_012624
emp_012626,emp_012624
emp_012627,emp_012624
emp_012628,emp_012624
emp_012629,emp_012624
emp_012630,emp_012624
emp_012631,emp_012624
emp_012632,emp_012624
emp_012633,emp_013342
emp_012634,emp_012633
emp_012635,emp_012633
emp_012636,emp_012633
emp_012637,emp_012633
emp_012638,emp_012633
emp_012639,emp_012633
emp_012640,emp_012642
emp_012641,emp_012642
emp_012642,emp_013342
emp_012643,emp_012642
emp_012644,emp_012642
emp_012645,emp_012650
emp_012646,emp_012650
emp_012647,emp_012650
emp_012648,emp_012650
emp_012649,emp_012650
emp_012650,emp_013342
emp_012651,emp_012650
emp_012652,emp_012650
emp_012653,emp_012654
emp_012654,emp_013342
emp_012655,emp_012656
emp_012656,emp_013342
emp_012657,emp_012656
emp_012658,emp_012661
emp_012659,emp_012661
emp_012660,emp_012661
emp_012661,emp_013342
emp_012662,emp_012661
emp_012663,emp_012661
emp_012664,emp_012661
emp_012665,emp_012661
emp_012666,emp_012661
emp_012667,emp_012661
emp_012668,emp_012669
emp_012669,emp_013342
emp_012670,emp_012669
emp_012671,emp_012669
emp_012672,emp_012678
emp_012673,emp_012678
emp_012674,emp_012678
emp_012675,emp_012678
emp_012676,emp_012678
emp_012677,emp_012678
emp_012678,emp_013342
emp_012679,emp_012681
emp_012680,emp_012681
emp_012681,emp_013342
emp_012682,emp_012681
emp_012683,emp_012686
emp_012684,emp_012686
emp_012685,emp_012686
emp_012686,emp_013342
emp_012687,emp_012686
emp_012688,emp_012690
emp_012689,emp_012690
emp_012690,emp_013342
emp_012691,emp_012690
emp_012692,emp_012693
emp_012693,emp_013342
emp_012694,emp_012693
emp_012695,emp_012693
emp_012696,emp_012693
emp_012697,emp_012693
emp_012698,emp_012693
emp_012699,emp_012693
emp_012700,emp_012701
emp_012701,emp_013342
emp_012702,emp_012705
emp_012703,emp_012705
emp_012704,emp_012705
emp_012705,emp_013342
emp_012706,emp_012705
emp_012707,emp_012705
emp_012708,emp_012710
emp_012709,emp_012710
emp_012710,emp_013342
emp_012711,emp_012710
emp_012712,emp_013342
emp_012713,emp_012712
emp_012714,emp_012712
emp_012715,emp_012712
emp_012716,emp_013342
emp_012717,emp_012716
emp_012718,emp_012716
emp_012719,emp_012716
emp_012720,emp_012716
emp_012721,emp_012716
emp_012722,emp_012716
emp_012723,emp_012716
emp_012724,emp_012727
emp_012725,emp_012727
emp_012726,emp_012727
emp_012727,emp_013342
emp_012728,emp_012727
emp_012729,emp_012733
emp_012730,emp_012733
emp_012731,emp_012733
emp_012732,emp_012733
emp_012733,emp_013342
emp_012734,emp_012733
emp_012735,emp_012741
emp_012736,emp_012741
emp_012737,emp_012741
emp_012738,emp_012741
emp_012739,emp_012741
emp_012740,emp_012741
emp_012741,emp_013342
emp_012742,emp_012743
emp_012743,emp_013342
emp_012744,emp_012743
emp_012745,emp_012743
emp_012746,emp_012743
emp_012747,emp_012743
emp_012748,emp_012743
emp_012749,emp_012751
emp_012750,emp_012751
emp_012751,emp_013342
emp_012752,emp_012751
emp_012753,emp_012751
emp_012754,emp_012751
emp_012755,emp_012751
emp_012756,emp_012751
emp_012757,emp_012760
emp_012758,emp_012760
emp_012759,emp_012760
emp_012760,emp_013342
emp_012761,emp_012760
emp_012762,emp_012760
emp_012763,emp_012760
emp_012764,emp_012760
emp_012765,emp_012760
emp_012766,emp_012772
emp_012767,emp_012772
emp_012768,emp_012772
emp_012769,emp_012772
emp_012770,emp_012772
emp_012771,emp_012772
emp_012772,emp_013342
emp_012773,emp_012774
emp_012774,emp_013342
emp_012775,emp_012774
emp_012776,emp_012774
emp_012777,emp_012774
emp_012778,emp_012774
emp_012779,emp_013342
emp_012780,emp_012779
emp_012781,emp_012779
emp_012782,emp_012779
emp_012783,emp_012779
emp_012784,emp_012779
emp_012785,emp_012790
emp_012786,emp_012790
emp_012787,emp_012790
emp_012788,emp_012790
emp_012789,emp_012790
emp_012790,emp_013342
emp_012791,emp_012794
emp_012792,emp_012794
emp_012793,emp_012794
emp_012794,emp_013342
emp_012795,emp_012794
emp_012796,emp_012794
emp_012797,emp_012794
emp_012798,emp_012794
emp_012799,emp_012802
emp_012800,emp_012802
emp_012801,emp_012802
emp_012802,emp_013342
emp_012803,emp_012802
emp_012804,emp_013342
emp_012805,emp_012804
emp_012806,emp_012804
emp_012807,emp_012804
emp_012808,emp_012804
emp_012809,emp_012804
emp_012810,emp_012804
emp_012811,emp_012813
emp_012812,emp_012813
emp_012813,emp_013342
emp_012814,emp_012813
emp_012815,emp_012813
emp_012816,emp_012813
emp_012817,emp_012813
emp_012818,emp_012813
emp_012819,emp_013342
emp_012820,emp_012819
emp_012821,emp_012819
emp_012822,emp_012819
emp_012823,emp_012819
emp_012824,emp_013342
emp_012825,emp_012824
emp_012826,emp_012824
emp_012827,emp_013342
emp_012828,emp_012827
emp_012829,emp_012827
emp_012830,emp_012827
emp_012831,emp_012827
emp_012832,emp_012827
emp_012833,emp_012827
emp_012834,emp_012827
emp_012835,emp_012836
emp_012836,emp_013342
emp_012837,emp_012836
emp_012838,emp_012836
emp_012839,emp_012836
emp_012840,emp_012836
emp_012841,emp_012836
emp_012842,emp_012846
emp_012843,emp_012846
emp_012844,emp_012846
emp_012845,emp_012846
emp_012846,emp_013342
emp_012847,emp_012846
emp_012848,emp_013342
emp_012849,emp_012848
emp_012850,emp_012848
emp_012851,emp_012848
emp_012852,emp_012848
emp_012853,emp_012848
emp_012854,emp_012859
emp_012855,emp_012859
emp_012856,emp_012859
emp_012857,emp_012859
emp_012858,emp_012859
emp_012859,emp_013342
emp_012860,emp_012859
emp_012861,emp_013342
emp_012862,emp_012861
emp_012863,emp_012861
emp_012864,emp_012861
emp_012865,emp_012861
emp_012866,emp_012861
emp_012867,emp_012861
emp_012868,emp_012871
emp_012869,emp_012871
emp_012870,emp_012871
emp_012871,emp_013342
emp_012872,emp_012871
emp_012873,emp_012871
emp_012874,emp_012876
emp_012875,emp_012876
emp_012876,emp_013342
emp_012877,emp_012876
emp_012878,emp_012876
emp_012879,emp_012881
emp_012880,emp_012881
emp_012881,emp_013342
emp_012882,emp_012881
emp_012883,emp_012881
emp_012884,emp_012881
emp_012885,emp_012881
emp_012886,emp_012891
emp_012887,emp_012891
emp_012888,emp_012891
emp_012889,emp_012891
emp_012890,emp_012891
emp_012891,emp_013342
emp_012892,emp_012891
emp_012893,emp_012891
emp_012894,emp_012897
emp_012895,emp_012897
emp_012896,emp_012897
emp_012897,emp_013342
emp_012898,emp_012897
emp_012899,emp_013342
emp_012900,emp_012899
emp_012901,emp_012899
emp_012902,emp_012908
emp_012903,emp_012908
emp_012904,emp_012908
emp_012905,emp_012908
emp_012906,emp_012908
emp_012907,emp_012908
emp_012908,emp_013342
emp_012909,emp_012908
emp_012910,emp_012914
emp_012911,emp_012914
emp_012912,emp_012914
emp_012913,emp_012914
emp_012914,emp_013342
emp_012915,emp_012914
emp_012916,emp_012914
emp_012917,emp_012914
emp_012918,emp_012921
emp_012919,emp_012921
emp_012920,emp_012921
emp_012921,emp_013342
emp_012922,emp_012921
emp_012923,emp_012921
emp_012924,emp_012921
emp_012925,emp_012921
emp_012926,emp_012928
emp_012927,emp_012928
emp_012928,emp_013342
emp_012929,emp_012928
emp_012930,emp_012928
emp_012931,emp_012928
emp_012932,emp_012938
emp_012933,emp_012938
emp_012934,emp_012938
emp_012935,emp_012938
emp_012936,emp_012938
emp_012937,emp_012938
emp_012938,emp_013342
emp_012939,emp_012938
emp_012940,emp_012938
emp_012941,emp_012943
emp_012942,emp_012943
emp_012943,emp_013342
emp_012944,emp_012943
emp_012945,emp_012943
emp_012946,emp_012943
emp_012947,emp_012943
emp_012948,emp_012950
emp_012949,emp_012950
emp_012950,emp_013342
emp_012951,emp_012950
emp_012952,emp_012950
emp_012953,emp_012950
emp_012954,emp_012958
emp_012955,emp_012958
emp_012956,emp_012958
emp_012957,emp_012958
emp_012958,emp_013342
emp_012959,emp_012960
emp_012960,emp_013342
emp_012961,emp_012960
emp_012962,emp_012960
emp_012963,emp_012960
emp_012964,emp_012960
emp_012965,emp_012960
emp_012966,emp_012960
emp_012967,emp_012960
emp_012968,emp_012960
emp_012969,emp_013342
emp_012970,emp_012969
emp_012971,emp_012969
emp_012972,emp_012969
emp_012973,emp_012969
emp_012974,emp_012969
emp_012975,emp_012969
emp_012976,emp_012979
emp_012977,emp_012979
emp_012978,emp_012979
emp_012979,emp_013342
emp_012980,emp_012979
emp_012981,emp_012979
emp_012982,emp_012983
emp_012983,emp_013342
emp_012984,emp_012983
emp_012985,emp_012983
emp_012986,emp_012983
emp_012987,emp_012991
emp_012988,emp_012991
emp_012989,emp_012991
emp_012990,emp_012991
emp_012991,emp_013342
emp_012992,emp_012991
emp_012993,emp_012991
emp_012994,emp_012991
emp_012995,emp_012998
emp_012996,emp_012998
emp_012997,emp_012998
emp_012998,emp_013342
emp_012999,emp_012998
emp_013000,emp_012998
emp_013001,emp_013004
emp_013002,emp_013004
emp_013003,emp_013004
emp_013004,emp_013342
emp_013005,emp_013004
emp_013006,emp_013004
emp_013007,emp_013004
emp_013008,emp_013004
emp_013009,emp_013004
emp_013010,emp_013004
emp_013011,emp_013014
emp_013012,emp_013014
emp_013013,emp_013014
emp_013014,emp_013342
emp_013015,emp_013014
emp_013016,emp_013014
emp_013017,emp_013014
emp_013018,emp_013342
emp_013019,emp_013018
emp_013020,emp_013018
emp_013021,emp_013018
emp_013022,emp_013018
emp_013023,emp_013018
emp_013024,emp_013018
emp_013025,emp_013026
emp_013026,emp_013342
emp_013027,emp_013026
emp_013028,emp_013026
emp_013029,emp_013026
emp_013030,emp_013032
emp_013031,emp_013032
emp_013032,emp_013342
emp_013033,emp_013032
emp_013034,emp_013038
emp_013035,emp_013038
emp_013036,emp_013038
emp_013037,emp_013038
emp_013038,emp_013342
emp_013039,emp_013342
emp_013040,emp_013039
emp_013041,emp_013039
emp_013042,emp_013039
emp_013043,emp_013039
emp_013044,emp_013342
emp_013045,emp_013044
emp_013046,emp_013044
emp_013047,emp_013044
emp_013048,emp_013342
emp_013049,emp_013048
emp_013050,emp_013048
emp_013051,emp_013048
emp_013052,emp_013342
emp_013053,emp_013052
emp_013054,emp_013052
emp_013055,emp_013052
emp_013056,emp_013062
emp_013057,emp_013062
emp_013058,emp_013062
emp_013059,emp_013062
emp_013060,emp_013062
emp_013061,emp_013062
emp_013062,emp_013342
emp_013063,emp_013342
emp_013064,emp_013063
emp_013065,emp_013063
emp_013066,emp_013063
emp_013067,emp_013063
emp_013068,emp_013063
emp_013069,emp_013063
emp_013070,emp_013063
emp_013071,emp_013072
emp_013072,emp_013342
emp_013073,emp_013072
emp_013074,emp_013072
emp_013075,emp_013072
emp_013076,emp_013342
emp_013077,emp_013076
emp_013078,emp_013076
emp_013079,emp_013076
emp_013080,emp_013076
emp_013081,emp_013076
emp_013082,emp_013076
emp_013083,emp_013076
emp_013084,emp_013076
emp_013085,emp_013342
emp_013086,emp_013085
emp_013087,emp_013085
emp_013088,emp_013085
emp_013089,emp_013085
emp_013090,emp_013085
emp_013091,emp_013085
emp_013092,emp_013098
emp_013093,emp_013098
emp_013094,emp_013098
emp_013095,emp_013098
emp_013096,emp_013098
emp_013097,emp_013098
emp_013098,emp_013342
emp_013099,emp_013100
emp_013100,emp_013342
emp_013101,emp_013100
emp_013102,emp_013100
emp_013103,emp_013100
emp_013104,emp_013100
emp_013105,emp_013100
emp_013106,emp_013107
emp_013107,emp_013342
emp_013108,emp_013107
emp_013109,emp_013107
emp_013110,emp_013107
emp_013111,emp_013107
emp_013112,emp_013107
emp_013113,emp_013107
emp_013114,emp_013107
emp_013115,emp_013107
emp_013116,emp_013117
emp_013117,emp_013342
emp_013118,emp_013117
emp_013119,emp_013117
emp_013120,emp_013117
emp_013121,emp_013117
emp_013122,emp_013117
emp_013123,emp_013117
emp_013124,emp_013342
emp_013125,emp_013124
emp_013126,emp_013124
emp_013127,emp_013124
emp_013128,emp_013124
emp_013129,emp_013124
emp_013130,emp_013124
emp_013131,emp_013124
emp_013132,emp_013124
emp_013133,emp_013135
emp_013134,emp_013135
emp_013135,emp_013342
emp_013136,emp_013135
emp_013137,emp_013135
emp_013138,emp_013135
emp_013139,emp_013135
emp_013140,emp_013135
emp_013141,emp_013135
emp_013142,emp_013135
emp_013143,emp_013135
emp_013144,emp_013135
emp_013145,emp_013150
emp_013146,emp_013150
emp_013147,emp_013150
emp_013148,emp_013150
emp_013149,emp_013150
emp_013150,emp_013342
emp_013151,emp_013155
emp_013152,emp_013155
emp_013153,emp_013155
emp_013154,emp_013155
emp_013155,emp_013342
emp_013156,emp_013155
emp_013157,emp_013342
emp_013158,emp_013157
emp_013159,emp_013157
emp_013160,emp_013157
emp_013161,emp_013157
emp_013162,emp_013157
emp_013163,emp_013157
emp_013164,emp_013166
emp_013165,emp_013166
emp_013166,emp_013342
emp_013167,emp_013166
emp_013168,emp_013166
emp_013169,emp_013171
emp_013170,emp_013171
emp_013171,emp_013342
emp_013172,emp_013171
emp_013173,emp_013171
emp_013174,emp_013177
emp_013175,emp_013177
emp_013176,emp_013177
emp_013177,emp_013342
emp_013178,emp_013177
emp_013179,emp_013181
emp_013180,emp_013181
emp_013181,emp_013342
emp_013182,emp_013181
emp_013183,emp_013181
emp_013184,emp_013181
emp_013185,emp_013181
emp_013186,emp_013181
emp_013187,emp_013181
emp_013188,emp_013181
emp_013189,emp_013194
emp_013190,emp_013194
emp_013191,emp_013194
emp_013192,emp_013194
emp_013193,emp_013194
emp_013194,emp_013342
emp_013195,emp_013194
emp_013196,emp_013194
emp_013197,emp_013202
emp_013198,emp_013202
emp_013199,emp_013202
emp_013200,emp_013202
emp_013201,emp_013202
emp_013202,emp_013342
emp_013203,emp_013342
emp_013204,emp_013203
emp_013205,emp_013203
emp_013206,emp_013203
emp_013207,emp_013203
emp_013208,emp_013209
emp_013209,emp_013342
emp_013210,emp_013209
emp_013211,emp_013209
emp_013212,emp_013209
emp_013213,emp_013209
emp_013214,emp_013209
emp_013215,emp_013209
emp_013216,emp_013221
emp_013217,emp_013221
emp_013218,emp_013221
emp_013219,emp_013221
emp_013220,emp_013221
emp_013221,emp_013342
emp_013222,emp_013221
emp_013223,emp_013221
emp_013224,emp_013227
emp_013225,emp_013227
emp_013226,emp_013227
emp_013227,emp_013342
emp_013228,emp_013227
emp_013229,emp_013227
emp_013230,emp_013231
emp_013231,emp_013342
emp_013232,emp_013231
emp_013233,emp_013231
emp_013234,emp_013231
emp_013235,emp_013231
emp_013236,emp_013231
emp_013237,emp_013231
emp_013238,emp_013240
emp_013239,emp_013240
emp_013240,emp_013342
emp_013241,emp_013240
emp_013242,emp_013240
emp_013243,emp_013244
emp_013244,emp_013342
emp_013245,emp_013244
emp_013246,emp_013244
emp_013247,emp_013244
emp_013248,emp_013244
emp_013249,emp_013244
emp_013250,emp_013244
emp_013251,emp_013244
emp_013252,emp_013258
emp_013253,emp_013258
emp_013254,emp_013258
emp_013255,emp_013258
emp_013256,emp_013258
emp_013257,emp_013258
emp_013258,emp_013342
emp_013259,emp_013258
emp_013260,emp_013265
emp_013261,emp_013265
emp_013262,emp_013265
emp_013263,emp_013265
emp_013264,emp_013265
emp_013265,emp_013342
emp_013266,emp_013342
emp_013267,emp_013266
emp_013268,emp_013266
emp_013269,emp_013266
emp_013270,emp_013275
emp_013271,emp_013275
emp_013272,emp_013275
emp_013273,emp_013275
emp_013274,emp_013275
emp_013275,emp_013342
emp_013276,emp_013275
emp_013277,emp_013342
emp_013278,emp_013277
emp_013279,emp_013277
emp_013280,emp_013277
emp_013281,emp_013277
emp_013282,emp_013277
emp_013283,emp_013277
emp_013284,emp_013288
emp_013285,emp_013288
emp_013286,emp_013288
emp_013287,emp_013288
emp_013288,emp_013342
emp_013289,emp_013288
emp_013290,emp_013288
emp_013291,emp_013288
emp_013292,emp_013288
emp_013293,emp_013288
emp_013294,emp_013342
emp_013295,emp_013294
emp_013296,emp_013294
emp_013297,emp_013294
emp_013298,emp_013294
emp_013299,emp_013294
emp_013300,emp_013304
emp_013301,emp_013304
emp_013302,emp_013304
emp_013303,emp_013304
emp_013304,emp_013342
emp_013305,emp_013304
emp_013306,emp_013342
emp_013307,emp_013306
emp_013308,emp_013306
emp_013309,emp_013306
emp_013310,emp_013306
emp_013311,emp_013314
emp_013312,emp_013314
emp_013313,emp_013314
emp_013314,emp_013342
emp_013315,emp_013314
emp_013316,emp_013314
emp_013317,emp_013314
emp_013318,emp_013319
emp_013319,emp_013342
emp_013320,emp_013319
emp_013321,emp_013319
emp_013322,emp_013319
emp_013323,emp_013319
emp_013324,emp_013327
emp_013325,emp_013327
emp_013326,emp_013327
emp_013327,emp_013342
emp_013328,emp_013342
emp_013329,emp_013328
emp_013330,emp_013328
emp_013331,emp_013328
emp_013332,emp_013328
emp_013333,emp_013328
emp_013334,emp_013342
emp_013335,emp_013334
emp_013336,emp_013334
emp_013337,emp_013334
emp_013338,emp_013334
emp_013339,emp_013334
emp_013340,emp_013342
emp_013341,emp_013342
emp_013342,emp_023036
emp_013343,emp_013342
emp_013344,emp_013342
emp_013345,emp_013351
emp_013346,emp_013351
emp_013347,emp_013351
emp_013348,emp_013351
emp_013349,emp_013351
emp_013350,emp_013351
emp_013351,emp_013342
emp_013352,emp_013353
emp_013353,emp_013342
emp_013354,emp_013353
emp_013355,emp_013353
emp_013356,emp_013353
emp_013357,emp_013359
emp_013358,emp_013359
emp_013359,emp_013342
emp_013360,emp_013359
emp_013361,emp_013359
emp_013362,emp_013363
emp_013363,emp_013342
emp_013364,emp_013363
emp_013365,emp_013363
emp_013366,emp_013363
emp_013367,emp_013363
emp_013368,emp_013369
emp_013369,emp_013342
emp_013370,emp_013369
emp_013371,emp_013372
emp_013372,emp_013342
emp_013373,emp_013372
emp_013374,emp_013372
emp_013375,emp_013372
emp_013376,emp_013372
emp_013377,emp_013372
emp_013378,emp_013342
emp_013379,emp_013378
emp_013380,emp_013378
emp_013381,emp_013378
emp_013382,emp_013378
emp_013383,emp_013378
emp_013384,emp_013342
emp_013385,emp_013384
emp_013386,emp_013384
emp_013387,emp_013384
emp_013388,emp_013384
emp_013389,emp_013397
emp_013390,emp_013397
emp_013391,emp_013397
emp_013392,emp_013397
emp_013393,emp_013397
emp_013394,emp_013397
emp_013395,emp_013397
emp_013396,emp_013397
emp_013397,emp_013342
emp_013398,emp_013397
emp_013399,emp_013342
emp_013400,emp_013399
emp_013401,emp_013399
emp_013402,emp_013399
emp_013403,emp_013399
emp_013404,emp_013399
emp_013405,emp_013399
emp_013406,emp_013410
emp_013407,emp_013410
emp_013408,emp_013410
emp_013409,emp_013410
emp_013410,emp_013342
emp_013411,emp_013412
emp_013412,emp_013342
emp_013413,emp_013412
emp_013414,emp_013342
emp_013415,emp_013414
emp_013416,emp_013414
emp_013417,emp_013414
emp_013418,emp_013414
emp_013419,emp_013427
emp_013420,emp_013427
emp_013421,emp_013427
emp_013422,emp_013427
emp_013423,emp_013427
emp_013424,emp_013427
emp_013425,emp_013427
emp_013426,emp_013427
emp_013427,emp_013342
emp_013428,emp_013429
emp_013429,emp_013342
emp_013430,emp_013432
emp_013431,emp_013432
emp_013432,emp_013342
emp_013433,emp_013432
emp_013434,emp_013432
emp_013435,emp_013432
emp_013436,emp_013432
emp_013437,emp_013440
emp_013438,emp_013440
emp_013439,emp_013440
emp_013440,emp_013342
emp_013441,emp_013444
emp_013442,emp_013444
emp_013443,emp_013444
emp_013444,emp_013342
emp_013445,emp_013444
emp_013446,emp_013444
emp_013447,emp_013444
emp_013448,emp_013458
emp_013449,emp_013458
emp_013450,emp_013458
emp_013451,emp_013458
emp_013452,emp_013458
emp_013453,emp_013458
emp_013454,emp_013458
emp_013455,emp_013458
emp_013456,emp_013458
emp_013457,emp_013458
emp_013458,emp_013342
emp_013459,emp_013462
emp_013460,emp_013462
emp_013461,emp_013462
emp_013462,emp_013342
emp_013463,emp_013462
emp_013464,emp_013462
emp_013465,emp_013462
emp_013466,emp_013462
emp_013467,emp_013462
emp_013468,emp_013342
emp_013469,emp_013468
emp_013470,emp_013468
emp_013471,emp_013468
emp_013472,emp_013468
emp_013473,emp_013468
emp_013474,emp_013468
emp_013475,emp_013479
emp_013476,emp_013479
emp_013477,emp_013479
emp_013478,emp_013479
emp_013479,emp_013342
emp_013480,emp_013479
emp_013481,emp_013483
emp_013482,emp_013483
emp_013483,emp_013342
emp_013484,emp_013483
emp_013485,emp_013483
emp_013486,emp_013483
emp_013487,emp_013483
emp_013488,emp_013483
emp_013489,emp_013491
emp_013490,emp_013491
emp_013491,emp_013342
emp_013492,emp_013491
emp_013493,emp_013491
emp_013494,emp_013497
emp_013495,emp_013497
emp_013496,emp_013497
emp_013497,emp_013342
emp_013498,emp_013504
emp_013499,emp_013504
emp_013500,emp_013504
emp_013501,emp_013504
emp_013502,emp_013504
emp_013503,emp_013504
emp_013504,emp_013342
emp_013505,emp_013506
emp_013506,emp_013342
emp_013507,emp_013506
emp_013508,emp_013506
emp_013509,emp_013506
emp_013510,emp_013506
emp_013511,emp_013506
emp_013512,emp_013506
emp_013513,emp_013506
emp_013514,emp_013506
emp_013515,emp_013517
emp_013516,emp_013517
emp_013517,emp_013342
emp_013518,emp_013517
emp_013519,emp_013517
emp_013520,emp_013517
emp_013521,emp_013517
emp_013522,emp_013529
emp_013523,emp_013529
emp_013524,emp_013529
emp_013525,emp_013529
emp_013526,emp_013529
emp_013527,emp_013529
emp_013528,emp_013529
emp_013529,emp_013342
emp_013530,emp_013529
emp_013531,emp_013535
emp_013532,emp_013535
emp_013533,emp_013535
emp_013534,emp_013535
emp_013535,emp_013342
emp_013536,emp_013342
emp_013537,emp_013536
emp_013538,emp_013536
emp_013539,emp_013536
emp_013540,emp_013536
emp_013541,emp_013536
emp_013542,emp_013536
emp_013543,emp_013546
emp_013544,emp_013546
emp_013545,emp_013546
emp_013546,emp_013342
emp_013547,emp_013548
emp_013548,emp_013342
emp_013549,emp_013548
emp_013550,emp_013548
emp_013551,emp_013548
emp_013552,emp_013548
emp_013553,emp_013548
emp_013554,emp_013558
emp_013555,emp_013558
emp_013556,emp_013558
emp_013557,emp_013558
emp_013558,emp_013342
emp_013559,emp_013562
emp_013560,emp_013562
emp_013561,emp_013562
emp_013562,emp_013342
emp_013563,emp_013562
emp_013564,emp_013562
emp_013565,emp_013562
emp_013566,emp_013562
emp_013567,emp_013562
emp_013568,emp_013569
emp_013569,emp_013342
emp_013570,emp_013569
emp_013571,emp_013569
emp_013572,emp_013569
emp_013573,emp_013569
emp_013574,emp_013569
emp_013575,emp_013569
emp_013576,emp_013578
emp_013577,emp_013578
emp_013578,emp_013342
emp_013579,emp_013578
emp_013580,emp_013578
emp_013581,emp_013578
emp_013582,emp_013578
emp_013583,emp_013578
emp_013584,emp_013590
emp_013585,emp_013590
emp_013586,emp_013590
emp_013587,emp_013590
emp_013588,emp_013590
emp_013589,emp_013590
emp_013590,emp_013342
emp_013591,emp_013590
emp_013592,emp_013590
emp_013593,emp_013597
emp_013594,emp_013597
emp_013595,emp_013597
emp_013596,emp_013597
emp_013597,emp_013342
emp_013598,emp_013597
emp_013599,emp_013342
emp_013600,emp_013599
emp_013601,emp_013602
emp_013602,emp_013342
emp_013603,emp_013602
emp_013604,emp_013605
emp_013605,emp_013342
emp_013606,emp_013605
emp_013607,emp_013605
emp_013608,emp_013605
emp_013609,emp_013605
emp_013610,emp_013342
emp_013611,emp_013610
emp_013612,emp_013610
emp_013613,emp_013610
emp_013614,emp_013615
emp_013615,emp_013342
emp_013616,emp_013615
emp_013617,emp_013615
emp_013618,emp_013615
emp_013619,emp_013621
emp_013620,emp_013621
emp_013621,emp_013342
emp_013622,emp_013621
emp_013623,emp_013621
emp_013624,emp_013630
emp_013625,emp_013630
emp_013626,emp_013630
emp_013627,emp_013630
emp_013628,emp_013630
emp_013629,emp_013630
emp_013630,emp_013342
emp_013631,emp_013632
emp_013632,emp_013342
emp_013633,emp_013640
emp_013634,emp_013640
emp_013635,emp_013640
emp_013636,emp_013640
emp_013637,emp_013640
emp_013638,emp_013640
emp_013639,emp_013640
emp_013640,emp_013342
emp_013641,emp_013642
emp_013642,emp_013342
emp_013643,emp_013642
emp_013644,emp_013642
emp_013645,emp_013642
emp_013646,emp_013642
emp_013647,emp_013642
emp_013648,emp_013651
emp_013649,emp_013651
emp_013650,emp_013651
emp_013651,emp_013342
emp_013652,emp_013651
emp_013653,emp_013651
emp_013654,emp_013655
emp_013655,emp_013342
emp_013656,emp_013655
emp_013657,emp_013655
emp_013658,emp_013655
emp_013659,emp_013655
emp_013660,emp_013668
emp_013661,emp_013668
emp_013662,emp_013668
emp_013663,emp_013668
emp_013664,emp_013668
emp_013665,emp_013668
emp_013666,emp_013668
emp_013667,emp_013668
emp_013668,emp_013342
emp_013669,emp_013668
emp_013670,emp_013342
emp_013671,emp_013670
emp_013672,emp_013670
emp_013673,emp_013670
emp_013674,emp_013670
emp_013675,emp_013670
emp_013676,emp_013677
emp_013677,emp_013342
emp_013678,emp_013342
emp_013679,emp_013678
emp_013680,emp_013678
emp_013681,emp_013678
emp_013682,emp_013678
emp_013683,emp_013678
emp_013684,emp_013678
emp_013685,emp_013678
emp_013686,emp_013678
emp_013687,emp_013688
emp_013688,emp_013342
emp_013689,emp_013688
emp_013690,emp_013688
emp_013691,emp_013694
emp_013692,emp_013694
emp_013693,emp_013694
emp_013694,emp_013342
emp_013695,emp_013694
emp_013696,emp_013694
emp_013697,emp_013342
emp_013698,emp_013697
emp_013699,emp_013697
emp_013700,emp_013697
emp_013701,emp_013697
emp_013702,emp_013697
emp_013703,emp_013697
emp_013704,emp_013697
emp_013705,emp_013697
emp_013706,emp_013707
emp_013707,emp_013342
emp_013708,emp_013707
emp_013709,emp_013707
emp_013710,emp_013712
emp_013711,emp_013712
emp_013712,emp_013342
emp_013713,emp_013712
emp_013714,emp_013712
emp_013715,emp_013712
emp_013716,emp_013717
emp_013717,emp_013342
emp_013718,emp_013717
emp_013719,emp_013717
emp_013720,emp_013717
emp_013721,emp_013717
emp_013722,emp_013717
emp_013723,emp_013717
emp_013724,emp_013729
emp_013725,emp_013729
emp_013726,emp_013729
emp_013727,emp_013729
emp_013728,emp_013729
emp_013729,emp_013342
emp_013730,emp_013342
emp_013731,emp_013730
emp_013732,emp_013730
emp_013733,emp_013730
emp_013734,emp_013730
emp_013735,emp_013730
emp_013736,emp_013730
emp_013737,emp_013730
emp_013738,emp_013740
emp_013739,emp_013740
emp_013740,emp_013342
emp_013741,emp_013740
emp_013742,emp_013740
emp_013743,emp_013745
emp_013744,emp_013745
emp_013745,emp_013342
emp_013746,emp_013745
emp_013747,emp_013745
emp_013748,emp_013752
emp_013749,emp_013752
emp_013750,emp_013752
emp_013751,emp_013752
emp_013752,emp_013342
emp_013753,emp_013752
emp_013754,emp_013342
emp_013755,emp_013754
emp_013756,emp_013754
emp_013757,emp_013754
emp_013758,emp_013754
emp_013759,emp_013754
emp_013760,emp_013763
emp_013761,emp_013763
emp_013762,emp_013763
emp_013763,emp_013342
emp_013764,emp_013763
emp_013765,emp_013763
emp_013766,emp_013763
emp_013767,emp_013773
emp_013768,emp_013773
emp_013769,emp_013773
emp_013770,emp_013773
emp_013771,emp_013773
emp_013772,emp_013773
emp_013773,emp_013342
emp_013774,emp_013773
emp_013775,emp_013781
emp_013776,emp_013781
emp_013777,emp_013781
emp_013778,emp_013781
emp_013779,emp_013781
emp_013780,emp_013781
emp_013781,emp_013342
emp_013782,emp_013781
emp_013783,emp_013781
emp_013784,emp_013785
emp_013785,emp_013342
emp_013786,emp_013785
emp_013787,emp_013785
emp_013788,emp_013793
emp_013789,emp_013793
emp_013790,emp_013793
emp_013791,emp_013793
emp_013792,emp_013793
emp_013793,emp_013342
emp_013794,emp_013795
emp_013795,emp_013342
emp_013796,emp_013795
emp_013797,emp_013795
emp_013798,emp_013795
emp_013799,emp_013795
emp_013800,emp_013805
emp_013801,emp_013805
emp_013802,emp_013805
emp_013803,emp_013805
emp_013804,emp_013805
emp_013805,emp_013342
emp_013806,emp_013805
emp_013807,emp_013805
emp_013808,emp_013811
emp_013809,emp_013811
emp_013810,emp_013811
emp_013811,emp_013342
emp_013812,emp_013811
emp_013813,emp_013811
emp_013814,emp_013811
emp_013815,emp_013811
emp_013816,emp_013817
emp_013817,emp_013342
emp_013818,emp_013817
emp_013819,emp_013817
emp_013820,emp_013824
emp_013821,emp_013824
emp_013822,emp_013824
emp_013823,emp_013824
emp_013824,emp_013342
emp_013825,emp_013824
emp_013826,emp_013824
emp_013827,emp_013824
emp_013828,emp_013824
emp_013829,emp_013824
emp_013830,emp_013835
emp_013831,emp_013835
emp_013832,emp_013835
emp_013833,emp_013835
emp_013834,emp_013835
emp_013835,emp_013342
emp_013836,emp_013342
emp_013837,emp_013836
emp_013838,emp_013836
emp_013839,emp_013836
emp_013840,emp_013836
emp_013841,emp_013836
emp_013842,emp_013836
emp_013843,emp_013836
emp_013844,emp_013836
emp_013845,emp_013836
emp_013846,emp_013836
emp_013847,emp_013849
emp_013848,emp_013849
emp_013849,emp_013342
emp_013850,emp_013849
emp_013851,emp_013849
emp_013852,emp_013853
emp_013853,emp_013342
emp_013854,emp_013853
emp_013855,emp_013853
emp_013856,emp_013853
emp_013857,emp_013864
emp_013858,emp_013864
emp_013859,emp_013864
emp_013860,emp_013864
emp_013861,emp_013864
emp_013862,emp_013864
emp_013863,emp_013864
emp_013864,emp_013342
emp_013865,emp_013864
emp_013866,emp_013864
emp_013867,emp_013870
emp_013868,emp_013870
emp_013869,emp_013870
emp_013870,emp_013342
emp_013871,emp_013870
emp_013872,emp_013870
emp_013873,emp_013874
emp_013874,emp_013342
emp_013875,emp_013874
emp_013876,emp_013874
emp_013877,emp_013874
emp_013878,emp_013874
emp_013879,emp_013874
emp_013880,emp_013881
emp_013881,emp_013342
emp_013882,emp_013881
emp_013883,emp_013881
emp_013884,emp_013881
emp_013885,emp_013881
emp_013886,emp_013881
emp_013887,emp_013881
emp_013888,emp_013881
emp_013889,emp_013896
emp_013890,emp_013896
emp_013891,emp_013896
emp_013892,emp_013896
emp_013893,emp_013896
emp_013894,emp_013896
emp_013895,emp_013896
emp_013896,emp_013342
emp_013897,emp_013900
emp_013898,emp_013900
emp_013899,emp_013900
emp_013900,emp_013342
emp_013901,emp_013900
emp_013902,emp_013900
emp_013903,emp_013900
emp_013904,emp_013900
emp_013905,emp_013900
emp_013906,emp_013900
emp_013907,emp_013900
emp_013908,emp_013910
emp_013909,emp_013910
emp_013910,emp_013342
emp_013911,emp_013910
emp_013912,emp_013910
emp_013913,emp_013915
emp_013914,emp_013915
emp_013915,emp_013342
emp_013916,emp_013915
emp_013917,emp_013915
emp_013918,emp_013915
emp_013919,emp_013915
emp_013920,emp_013924
emp_013921,emp_013924
emp_013922,emp_013924
emp_013923,emp_013924
emp_013924,emp_013342
emp_013925,emp_013928
emp_013926,emp_013928
emp_013927,emp_013928
emp_013928,emp_013342
emp_013929,emp_013928
emp_013930,emp_013928
emp_013931,emp_013928
emp_013932,emp_013928
emp_013933,emp_013939
emp_013934,emp_013939
emp_013935,emp_013939
emp_013936,emp_013939
emp_013937,emp_013939
emp_013938,emp_013939
emp_013939,emp_013342
emp_013940,emp_013939
emp_013941,emp_013946
emp_013942,emp_013946
emp_013943,emp_013946
emp_013944,emp_013946
emp_013945,emp_013946
emp_013946,emp_013342
emp_013947,emp_013946
emp_013948,emp_013946
emp_013949,emp_013952
emp_013950,emp_013952
emp_013951,emp_013952
emp_013952,emp_013342
emp_013953,emp_013958
emp_013954,emp_013958
emp_013955,emp_013958
emp_013956,emp_013958
emp_013957,emp_013958
emp_013958,emp_013342
emp_013959,emp_013958
emp_013960,emp_013964
emp_013961,emp_013964
emp_013962,emp_013964
emp_013963,emp_013964
emp_013964,emp_013342
emp_013965,emp_013968
emp_013966,emp_013968
emp_013967,emp_013968
emp_013968,emp_013342
emp_013969,emp_013968
emp_013970,emp_013972
emp_013971,emp_013972
emp_013972,emp_013342
emp_013973,emp_013972
emp_013974,emp_013972
emp_013975,emp_013972
emp_013976,emp_013977
emp_013977,emp_013342
emp_013978,emp_013977
emp_013979,emp_013977
emp_013980,emp_013977
emp_013981,emp_013977
emp_013982,emp_013977
emp_013983,emp_013987
emp_013984,emp_013987
emp_013985,emp_013987
emp_013986,emp_013987
emp_013987,emp_013342
emp_013988,emp_013987
emp_013989,emp_013987
emp_013990,emp_013993
emp_013991,emp_013993
emp_013992,emp_013993
emp_013993,emp_013342
emp_013994,emp_013993
emp_013995,emp_013997
emp_013996,emp_013997
emp_013997,emp_013342
emp_013998,emp_013997
emp_013999,emp_013997
emp_014000,emp_013997
emp_014001,emp_013342
emp_014002,emp_014001
emp_014003,emp_014001
emp_014004,emp_014001
emp_014005,emp_014001
emp_014006,emp_014001
emp_014007,emp_014001
emp_014008,emp_014001
emp_014009,emp_014001
emp_014010,emp_014001
emp_014011,emp_013342
emp_014012,emp_014011
emp_014013,emp_014011
emp_014014,emp_014011
emp_014015,emp_014011
emp_014016,emp_014011
emp_014017,emp_014023
emp_014018,emp_014023
emp_014019,emp_014023
emp_014020,emp_014023
emp_014021,emp_014023
emp_014022,emp_014023
emp_014023,emp_013342
emp_014024,emp_014025
emp_014025,emp_013342
emp_014026,emp_014025
emp_014027,emp_014025
emp_014028,emp_014025
emp_014029,emp_014039
emp_014030,emp_014039
emp_014031,emp_014039
emp_014032,emp_014039
emp_014033,emp_014039
emp_014034,emp_014039
emp_014035,emp_014039
emp_014036,emp_014039
emp_014037,emp_014039
emp_014038,emp_014039
emp_014039,emp_013342
emp_014040,emp_014043
emp_014041,emp_014043
emp_014042,emp_014043
emp_014043,emp_013342
emp_014044,emp_014043
emp_014045,emp_014048
emp_014046,emp_014048
emp_014047,emp_014048
emp_014048,emp_013342
emp_014049,emp_014048
emp_014050,emp_014048
emp_014051,emp_014055
emp_014052,emp_014055
emp_014053,emp_014055
emp_014054,emp_014055
emp_014055,emp_013342
emp_014056,emp_014055
emp_014057,emp_013342
emp_014058,emp_014057
emp_014059,emp_014057
emp_014060,emp_014057
emp_014061,emp_014057
emp_014062,emp_014057
emp_014063,emp_014070
emp_014064,emp_014070
emp_014065,emp_014070
emp_014066,emp_014070
emp_014067,emp_014070
emp_014068,emp_014070
emp_014069,emp_014070
emp_014070,emp_013342
emp_014071,emp_013342
emp_014072,emp_014071
emp_014073,emp_014071
emp_014074,emp_014071
emp_014075,emp_014071
emp_014076,emp_014071
emp_014077,emp_014081
emp_014078,emp_014081
emp_014079,emp_014081
emp_014080,emp_014081
emp_014081,emp_013342
emp_014082,emp_014081
emp_014083,emp_014081
emp_014084,emp_014081
emp_014085,emp_014094
emp_014086,emp_014094
emp_014087,emp_014094
emp_014088,emp_014094
emp_014089,emp_014094
emp_014090,emp_014094
emp_014091,emp_014094
emp_014092,emp_014094
emp_014093,emp_014094
emp_014094,emp_013342
emp_014095,emp_013342
emp_014096,emp_014095
emp_014097,emp_014095
emp_014098,emp_014095
emp_014099,emp_014101
emp_014100,emp_014101
emp_014101,emp_013342
emp_014102,emp_014101
emp_014103,emp_014101
emp_014104,emp_013342
emp_014105,emp_014104
emp_014106,emp_014104
emp_014107,emp_014104
emp_014108,emp_014109
emp_014109,emp_013342
emp_014110,emp_014109
emp_014111,emp_014109
emp_014112,emp_014109
emp_014113,emp_014109
emp_014114,emp_014116
emp_014115,emp_014116
emp_014116,emp_013342
emp_014117,emp_014116
emp_014118,emp_014116
emp_014119,emp_014122
emp_014120,emp_014122
emp_014121,emp_014122
emp_014122,emp_013342
emp_014123,emp_014122
emp_014124,emp_014122
emp_014125,emp_014122
emp_014126,emp_013342
emp_014127,emp_014126
emp_014128,emp_013342
emp_014129,emp_014128
emp_014130,emp_014128
emp_014131,emp_014128
emp_014132,emp_014128
emp_014133,emp_014128
emp_014134,emp_014128
emp_014135,emp_014128
emp_014136,emp_013342
emp_014137,emp_014136
emp_014138,emp_014136
emp_014139,emp_014136
emp_014140,emp_014136
emp_014141,emp_013342
emp_014142,emp_014141
emp_014143,emp_014141
emp_014144,emp_014141
emp_014145,emp_014141
emp_014146,emp_014141
emp_014147,emp_014141
emp_014148,emp_014149
emp_014149,emp_013342
emp_014150,emp_013342
emp_014151,emp_014150
emp_014152,emp_014150
emp_014153,emp_014150
emp_014154,emp_014150
emp_014155,emp_014150
emp_014156,emp_014150
emp_014157,emp_014150
emp_014158,emp_014150
emp_014159,emp_014160
emp_014160,emp_013342
emp_014161,emp_013342
emp_014162,emp_014161
emp_014163,emp_014161
emp_014164,emp_014169
emp_014165,emp_014169
emp_014166,emp_014169
emp_014167,emp_014169
emp_014168,emp_014169
emp_014169,emp_013342
emp_014170,emp_014171
emp_014171,emp_013342
emp_014172,emp_014171
emp_014173,emp_014171
emp_014174,emp_013342
emp_014175,emp_014174
emp_014176,emp_014174
emp_014177,emp_014174
emp_014178,emp_014174
emp_014179,emp_014181
emp_014180,emp_014181
emp_014181,emp_013342
emp_014182,emp_014181
emp_014183,emp_014181
emp_014184,emp_014181
emp_014185,emp_014181
emp_014186,emp_014181
emp_014187,emp_014181
emp_014188,emp_014181
emp_014189,emp_014192
emp_014190,emp_014192
emp_014191,emp_014192
emp_014192,emp_013342
emp_014193,emp_014192
emp_014194,emp_014192
emp_014195,emp_014192
emp_014196,emp_014200
emp_014197,emp_014200
emp_014198,emp_014200
emp_014199,emp_014200
emp_014200,emp_013342
emp_014201,emp_013342
emp_014202,emp_014201
emp_014203,emp_014201
emp_014204,emp_014201
emp_014205,emp_014201
emp_014206,emp_013342
emp_014207,emp_014206
emp_014208,emp_014206
emp_014209,emp_014206
emp_014210,emp_014206
emp_014211,emp_014206
emp_014212,emp_014206
emp_014213,emp_014214
emp_014214,emp_013342
emp_014215,emp_014214
emp_014216,emp_014214
emp_014217,emp_014214
emp_014218,emp_014214
emp_014219,emp_014214
emp_014220,emp_014223
emp_014221,emp_014223
emp_014222,emp_014223
emp_014223,emp_013342
emp_014224,emp_014223
emp_014225,emp_014226
emp_014226,emp_013342
emp_014227,emp_014231
emp_014228,emp_014231
emp_014229,emp_014231
emp_014230,emp_014231
emp_014231,emp_013342
emp_014232,emp_013342
emp_014233,emp_014232
emp_014234,emp_014235
emp_014235,emp_013342
emp_014236,emp_014235
emp_014237,emp_014235
emp_014238,emp_014239
emp_014239,emp_013342
emp_014240,emp_014239
emp_014241,emp_014239
emp_014242,emp_014239
emp_014243,emp_014239
emp_014244,emp_014239
emp_014245,emp_014246
emp_014246,emp_013342
emp_014247,emp_014246
emp_014248,emp_014246
emp_014249,emp_014246
emp_014250,emp_014246
emp_014251,emp_014246
emp_014252,emp_014246
emp_014253,emp_014246
emp_014254,emp_014258
emp_014255,emp_014258
emp_014256,emp_014258
emp_014257,emp_014258
emp_014258,emp_013342
emp_014259,emp_014258
emp_014260,emp_014258
emp_014261,emp_014258
emp_014262,emp_014264
emp_014263,emp_014264
emp_014264,emp_013342
emp_014265,emp_014264
emp_014266,emp_014264
emp_014267,emp_014264
emp_014268,emp_014264
emp_014269,emp_014270
emp_014270,emp_013342
emp_014271,emp_014270
emp_014272,emp_014270
emp_014273,emp_014270
emp_014274,emp_014270
emp_014275,emp_014270
emp_014276,emp_014270
emp_014277,emp_014278
emp_014278,emp_013342
emp_014279,emp_014278
emp_014280,emp_014286
emp_014281,emp_014286
emp_014282,emp_014286
emp_014283,emp_014286
emp_014284,emp_014286
emp_014285,emp_014286
emp_014286,emp_013342
emp_014287,emp_014288
emp_014288,emp_013342
emp_014289,emp_014290
emp_014290,emp_013342
emp_014291,emp_014290
emp_014292,emp_014290
emp_014293,emp_014294
emp_014294,emp_013342
emp_014295,emp_014294
emp_014296,emp_014294
emp_014297,emp_014294
emp_014298,emp_014294
emp_014299,emp_014301
emp_014300,emp_014301
emp_014301,emp_013342
emp_014302,emp_014301
emp_014303,emp_014301
emp_014304,emp_014301
emp_014305,emp_014301
emp_014306,emp_014301
emp_014307,emp_014301
emp_014308,emp_014301
emp_014309,emp_014312
emp_014310,emp_014312
emp_014311,emp_014312
emp_014312,emp_013342
emp_014313,emp_014312
emp_014314,emp_013342
emp_014315,emp_014314
emp_014316,emp_014314
emp_014317,emp_014314
emp_014318,emp_014319
emp_014319,emp_013342
emp_014320,emp_014319
emp_014321,emp_014319
emp_014322,emp_014319
emp_014323,emp_014319
emp_014324,emp_014319
emp_014325,emp_014332
emp_014326,emp_014332
emp_014327,emp_014332
emp_014328,emp_014332
emp_014329,emp_014332
emp_014330,emp_014332
emp_014331,emp_014332
emp_014332,emp_013342
emp_014333,emp_013342
emp_014334,emp_014333
emp_014335,emp_014333
emp_014336,emp_014333
emp_014337,emp_013342
emp_014338,emp_014337
emp_014339,emp_014337
emp_014340,emp_014337
emp_014341,emp_014337
emp_014342,emp_014337
emp_014343,emp_014347
emp_014344,emp_014347
emp_014345,emp_014347
emp_014346,emp_014347
emp_014347,emp_013342
emp_014348,emp_014354
emp_014349,emp_014354
emp_014350,emp_014354
emp_014351,emp_014354
emp_014352,emp_014354
emp_014353,emp_014354
emp_014354,emp_013342
emp_014355,emp_014354
emp_014356,emp_014358
emp_014357,emp_014358
emp_014358,emp_013342
emp_014359,emp_014358
emp_014360,emp_014358
emp_014361,emp_014358
emp_014362,emp_014358
emp_014363,emp_013342
emp_014364,emp_014363
emp_014365,emp_014363
emp_014366,emp_014363
emp_014367,emp_014363
emp_014368,emp_014363
emp_014369,emp_013342
emp_014370,emp_014369
emp_014371,emp_014369
emp_014372,emp_014369
emp_014373,emp_014369
emp_014374,emp_014369
emp_014375,emp_014378
emp_014376,emp_014378
emp_014377,emp_014378
emp_014378,emp_013342
emp_014379,emp_014378
emp_014380,emp_014378
emp_014381,emp_014378
emp_014382,emp_013342
emp_014383,emp_014382
emp_014384,emp_014382
emp_014385,emp_014382
emp_014386,emp_014388
emp_014387,emp_014388
emp_014388,emp_013342
emp_014389,emp_014388
emp_014390,emp_014388
emp_014391,emp_014388
emp_014392,emp_014388
emp_014393,emp_014388
emp_014394,emp_014388
emp_014395,emp_014388
emp_014396,emp_014401
emp_014397,emp_014401
emp_014398,emp_014401
emp_014399,emp_014401
emp_014400,emp_014401
emp_014401,emp_013342
emp_014402,emp_014401
emp_014403,emp_014401
emp_014404,emp_014401
emp_014405,emp_014401
emp_014406,emp_014407
emp_014407,emp_013342
emp_014408,emp_014407
emp_014409,emp_014407
emp_014410,emp_014407
emp_014411,emp_014407
emp_014412,emp_014407
emp_014413,emp_014407
emp_014414,emp_014415
emp_014415,emp_013342
emp_014416,emp_014415
emp_014417,emp_014415
emp_014418,emp_014427
emp_014419,emp_014427
emp_014420,emp_014427
emp_014421,emp_014427
emp_014422,emp_014427
emp_014423,emp_014427
emp_014424,emp_014427
emp_014425,emp_014427
emp_014426,emp_014427
emp_014427,emp_013342
emp_014428,emp_014431
emp_014429,emp_014431
emp_014430,emp_014431
emp_014431,emp_013342
emp_014432,emp_013342
emp_014433,emp_014432
emp_014434,emp_014432
emp_014435,emp_014432
emp_014436,emp_014432
emp_014437,emp_014432
emp_014438,emp_014432
emp_014439,emp_014432
emp_014440,emp_014442
emp_014441,emp_014442
emp_014442,emp_013342
emp_014443,emp_014442
emp_014444,emp_014442
emp_014445,emp_014442
emp_014446,emp_014442
emp_014447,emp_014442
emp_014448,emp_014450
emp_014449,emp_014450
emp_014450,emp_013342
emp_014451,emp_014450
emp_014452,emp_014450
emp_014453,emp_014450
emp_014454,emp_014450
emp_014455,emp_013342
emp_014456,emp_014455
emp_014457,emp_014455
emp_014458,emp_014455
emp_014459,emp_014455
emp_014460,emp_014455
emp_014461,emp_014455
emp_014462,emp_014455
emp_014463,emp_013342
emp_014464,emp_014463
emp_014465,emp_014463
emp_014466,emp_014463
emp_014467,emp_014463
emp_014468,emp_014463
emp_014469,emp_014463
emp_014470,emp_014463
emp_014471,emp_014463
emp_014472,emp_013342
emp_014473,emp_014472
emp_014474,emp_014472
emp_014475,emp_014472
emp_014476,emp_014482
emp_014477,emp_014482
emp_014478,emp_014482
emp_014479,emp_014482
emp_014480,emp_014482
emp_014481,emp_014482
emp_014482,emp_013342
emp_014483,emp_014482
emp_014484,emp_014482
emp_014485,emp_014486
emp_014486,emp_013342
emp_014487,emp_014486
emp_014488,emp_014486
emp_014489,emp_014486
emp_014490,emp_014492
emp_014491,emp_014492
emp_014492,emp_013342
emp_014493,emp_014492
emp_014494,emp_014492
emp_014495,emp_014492
emp_014496,emp_014499
emp_014497,emp_014499
emp_014498,emp_014499
emp_014499,emp_013342
emp_014500,emp_013342
emp_014501,emp_014500
emp_014502,emp_014500
emp_014503,emp_014500
emp_014504,emp_014500
emp_014505,emp_014500
emp_014506,emp_014507
emp_014507,emp_013342
emp_014508,emp_014507
emp_014509,emp_014507
emp_014510,emp_014507
emp_014511,emp_014507
emp_014512,emp_014507
emp_014513,emp_013342
emp_014514,emp_014513
emp_014515,emp_014513
emp_014516,emp_014513
emp_014517,emp_014513
emp_014518,emp_014513
emp_014519,emp_013342
emp_014520,emp_014519
emp_014521,emp_014519
emp_014522,emp_014519
emp_014523,emp_014519
emp_014524,emp_014519
emp_014525,emp_014519
emp_014526,emp_014528
emp_014527,emp_014528
emp_014528,emp_013342
emp_014529,emp_014528
emp_014530,emp_014528
emp_014531,emp_014528
emp_014532,emp_013342
emp_014533,emp_014532
emp_014534,emp_014532
emp_014535,emp_014532
emp_014536,emp_014532
emp_014537,emp_014532
emp_014538,emp_014539
emp_014539,emp_013342
emp_014540,emp_014539
emp_014541,emp_014539
emp_014542,emp_014539
emp_014543,emp_014539
emp_014544,emp_013342
emp_014545,emp_014544
emp_014546,emp_014544
emp_014547,emp_014544
emp_014548,emp_014544
emp_014549,emp_014551
emp_014550,emp_014551
emp_014551,emp_013342
emp_014552,emp_014551
emp_014553,emp_014551
emp_014554,emp_014551
emp_014555,emp_014551
emp_014556,emp_014551
emp_014557,emp_014551
emp_014558,emp_013342
emp_014559,emp_014558
emp_014560,emp_014558
emp_014561,emp_014558
emp_014562,emp_014563
emp_014563,emp_013342
emp_014564,emp_014563
emp_014565,emp_014563
emp_014566,emp_014563
emp_014567,emp_014563
emp_014568,emp_014563
emp_014569,emp_014563
emp_014570,emp_014563
emp_014571,emp_014563
emp_014572,emp_014575
emp_014573,emp_014575
emp_014574,emp_014575
emp_014575,emp_013342
emp_014576,emp_014575
emp_014577,emp_014575
emp_014578,emp_014580
emp_014579,emp_014580
emp_014580,emp_013342
emp_014581,emp_014580
emp_014582,emp_014583
emp_014583,emp_013342
emp_014584,emp_014583
emp_014585,emp_013342
emp_014586,emp_014585
emp_014587,emp_014585
emp_014588,emp_014585
emp_014589,emp_014585
emp_014590,emp_014593
emp_014591,emp_014593
emp_014592,emp_014593
emp_014593,emp_013342
emp_014594,emp_014593
emp_014595,emp_014593
emp_014596,emp_013342
emp_014597,emp_014596
emp_014598,emp_014596
emp_014599,emp_014596
emp_014600,emp_014596
emp_014601,emp_014596
emp_014602,emp_014596
emp_014603,emp_014607
emp_014604,emp_014607
emp_014605,emp_014607
emp_014606,emp_014607
emp_014607,emp_013342
emp_014608,emp_014607
emp_014609,emp_014607
emp_014610,emp_014607
emp_014611,emp_014607
emp_014612,emp_014607
emp_014613,emp_014616
emp_014614,emp_014616
emp_014615,emp_014616
emp_014616,emp_013342
emp_014617,emp_014624
emp_014618,emp_014624
emp_014619,emp_014624
emp_014620,emp_014624
emp_014621,emp_014624
emp_014622,emp_014624
emp_014623,emp_014624
emp_014624,emp_013342
emp_014625,emp_014626
emp_014626,emp_013342
emp_014627,emp_014626
emp_014628,emp_014626
emp_014629,emp_014626
emp_014630,emp_014626
emp_014631,emp_014626
emp_014632,emp_014626
emp_014633,emp_014636
emp_014634,emp_014636
emp_014635,emp_014636
emp_014636,emp_013342
emp_014637,emp_014638
emp_014638,emp_013342
emp_014639,emp_014638
emp_014640,emp_014638
emp_014641,emp_014638
emp_014642,emp_014638
emp_014643,emp_014638
emp_014644,emp_014650
emp_014645,emp_014650
emp_014646,emp_014650
emp_014647,emp_014650
emp_014648,emp_014650
emp_014649,emp_014650
emp_014650,emp_013342
emp_014651,emp_014650
emp_014652,emp_014650
emp_014653,emp_014650
emp_014654,emp_014660
emp_014655,emp_014660
emp_014656,emp_014660
emp_014657,emp_014660
emp_014658,emp_014660
emp_014659,emp_014660
emp_014660,emp_013342
emp_014661,emp_014660
emp_014662,emp_014660
emp_014663,emp_014666
emp_014664,emp_014666
emp_014665,emp_014666
emp_014666,emp_013342
emp_014667,emp_014666
emp_014668,emp_014675
emp_014669,emp_014675
emp_014670,emp_014675
emp_014671,emp_014675
emp_014672,emp_014675
emp_014673,emp_014675
emp_014674,emp_014675
emp_014675,emp_013342
emp_014676,emp_014675
emp_014677,emp_014679
emp_014678,emp_014679
emp_014679,emp_013342
emp_014680,emp_014679
emp_014681,emp_014679
emp_014682,emp_014679
emp_014683,emp_014679
emp_014684,emp_014688
emp_014685,emp_014688
emp_014686,emp_014688
emp_014687,emp_014688
emp_014688,emp_013342
emp_014689,emp_014688
emp_014690,emp_014694
emp_014691,emp_014694
emp_014692,emp_014694
emp_014693,emp_014694
emp_014694,emp_013342
emp_014695,emp_014694
emp_014696,emp_013342
emp_014697,emp_014696
emp_014698,emp_014696
emp_014699,emp_014696
emp_014700,emp_014696
emp_014701,emp_014696
emp_014702,emp_014696
emp_014703,emp_014696
emp_014704,emp_013342
emp_014705,emp_014704
emp_014706,emp_014704
emp_014707,emp_014704
emp_014708,emp_014704
emp_014709,emp_014704
emp_014710,emp_014712
emp_014711,emp_014712
emp_014712,emp_013342
emp_014713,emp_014712
emp_014714,emp_014712
emp_014715,emp_014712
emp_014716,emp_014712
emp_014717,emp_014712
emp_014718,emp_013342
emp_014719,emp_014718
emp_014720,emp_014718
emp_014721,emp_014718
emp_014722,emp_014718
emp_014723,emp_014718
emp_014724,emp_014725
emp_014725,emp_013342
emp_014726,emp_014725
emp_014727,emp_014725
emp_014728,emp_014725
emp_014729,emp_014725
emp_014730,emp_014732
emp_014731,emp_014732
emp_014732,emp_013342
emp_014733,emp_014732
emp_014734,emp_014732
emp_014735,emp_014732
emp_014736,emp_014732
emp_014737,emp_013342
emp_014738,emp_014737
emp_014739,emp_014737
emp_014740,emp_014737
emp_014741,emp_014737
emp_014742,emp_014737
emp_014743,emp_014737
emp_014744,emp_014747
emp_014745,emp_014747
emp_014746,emp_014747
emp_014747,emp_013342
emp_014748,emp_014747
emp_014749,emp_014747
emp_014750,emp_014752
emp_014751,emp_014752
emp_014752,emp_013342
emp_014753,emp_014752
emp_014754,emp_014752
emp_014755,emp_014752
emp_014756,emp_014761
emp_014757,emp_014761
emp_014758,emp_014761
emp_014759,emp_014761
emp_014760,emp_014761
emp_014761,emp_013342
emp_014762,emp_014763
emp_014763,emp_013342
emp_014764,emp_014763
emp_014765,emp_014763
emp_014766,emp_014763
emp_014767,emp_014763
emp_014768,emp_014763
emp_014769,emp_014772
emp_014770,emp_014772
emp_014771,emp_014772
emp_014772,emp_013342
emp_014773,emp_014774
emp_014774,emp_013342
emp_014775,emp_014774
emp_014776,emp_014774
emp_014777,emp_014774
emp_014778,emp_013342
emp_014779,emp_014778
emp_014780,emp_014778
emp_014781,emp_014778
emp_014782,emp_014778
emp_014783,emp_014778
emp_014784,emp_014778
emp_014785,emp_014778
emp_014786,emp_014778
emp_014787,emp_014791
emp_014788,emp_014791
emp_014789,emp_014791
emp_014790,emp_014791
emp_014791,emp_013342
emp_014792,emp_014791
emp_014793,emp_014791
emp_014794,emp_013342
emp_014795,emp_014794
emp_014796,emp_014794
emp_014797,emp_014794
emp_014798,emp_014794
emp_014799,emp_014794
emp_014800,emp_014801
emp_014801,emp_013342
emp_014802,emp_014801
emp_014803,emp_014801
emp_014804,emp_013342
emp_014805,emp_014804
emp_014806,emp_014804
emp_014807,emp_014804
emp_014808,emp_014804
emp_014809,emp_014804
emp_014810,emp_014804
emp_014811,emp_014813
emp_014812,emp_014813
emp_014813,emp_013342
emp_014814,emp_014813
emp_014815,emp_014813
emp_014816,emp_014813
emp_014817,emp_014821
emp_014818,emp_014821
emp_014819,emp_014821
emp_014820,emp_014821
emp_014821,emp_013342
emp_014822,emp_014827
emp_014823,emp_014827
emp_014824,emp_014827
emp_014825,emp_014827
emp_014826,emp_014827
emp_014827,emp_013342
emp_014828,emp_014827
emp_014829,emp_014827
emp_014830,emp_014827
emp_014831,emp_014833
emp_014832,emp_014833
emp_014833,emp_013342
emp_014834,emp_013342
emp_014835,emp_014834
emp_014836,emp_014834
emp_014837,emp_014834
emp_014838,emp_014834
emp_014839,emp_014834
emp_014840,emp_014834
emp_014841,emp_014848
emp_014842,emp_014848
emp_014843,emp_014848
emp_014844,emp_014848
emp_014845,emp_014848
emp_014846,emp_014848
emp_014847,emp_014848
emp_014848,emp_013342
emp_014849,emp_014848
emp_014850,emp_014857
emp_014851,emp_014857
emp_014852,emp_014857
emp_014853,emp_014857
emp_014854,emp_014857
emp_014855,emp_014857
emp_014856,emp_014857
emp_014857,emp_013342
emp_014858,emp_014857
emp_014859,emp_013342
emp_014860,emp_014859
emp_014861,emp_014859
emp_014862,emp_014859
emp_014863,emp_014859
emp_014864,emp_014859
emp_014865,emp_014859
emp_014866,emp_014859
emp_014867,emp_014872
emp_014868,emp_014872
emp_014869,emp_014872
emp_014870,emp_014872
emp_014871,emp_014872
emp_014872,emp_013342
emp_014873,emp_014872
emp_014874,emp_014877
emp_014875,emp_014877
emp_014876,emp_014877
emp_014877,emp_013342
emp_014878,emp_014877
emp_014879,emp_014877
emp_014880,emp_014881
emp_014881,emp_013342
emp_014882,emp_014881
emp_014883,emp_014881
emp_014884,emp_014881
emp_014885,emp_014881
emp_014886,emp_014881
emp_014887,emp_013342
emp_014888,emp_014887
emp_014889,emp_014887
emp_014890,emp_014887
emp_014891,emp_014887
emp_014892,emp_014887
emp_014893,emp_014887
emp_014894,emp_014898
emp_014895,emp_014898
emp_014896,emp_014898
emp_014897,emp_014898
emp_014898,emp_013342
emp_014899,emp_014898
emp_014900,emp_013342
emp_014901,emp_014900
emp_014902,emp_014900
emp_014903,emp_014900
emp_014904,emp_014900
emp_014905,emp_014900
emp_014906,emp_014900
emp_014907,emp_014911
emp_014908,emp_014911
emp_014909,emp_014911
emp_014910,emp_014911
emp_014911,emp_013342
emp_014912,emp_014911
emp_014913,emp_014911
emp_014914,emp_014911
emp_014915,emp_014911
emp_014916,emp_014919
emp_014917,emp_014919
emp_014918,emp_014919
emp_014919,emp_013342
emp_014920,emp_014919
emp_014921,emp_014919
emp_014922,emp_013342
emp_014923,emp_014922
emp_014924,emp_014922
emp_014925,emp_014922
emp_014926,emp_014922
emp_014927,emp_013342
emp_014928,emp_014927
emp_014929,emp_014927
emp_014930,emp_014927
emp_014931,emp_014933
emp_014932,emp_014933
emp_014933,emp_013342
emp_014934,emp_014933
emp_014935,emp_014933
emp_014936,emp_014933
emp_014937,emp_014933
emp_014938,emp_014940
emp_014939,emp_014940
emp_014940,emp_013342
emp_014941,emp_014948
emp_014942,emp_014948
emp_014943,emp_014948
emp_014944,emp_014948
emp_014945,emp_014948
emp_014946,emp_014948
emp_014947,emp_014948
emp_014948,emp_013342
emp_014949,emp_014948
emp_014950,emp_013342
emp_014951,emp_014950
emp_014952,emp_014950
emp_014953,emp_014950
emp_014954,emp_014950
emp_014955,emp_014956
emp_014956,emp_013342
emp_014957,emp_014956
emp_014958,emp_014956
emp_014959,emp_014956
emp_014960,emp_014956
emp_014961,emp_014956
emp_014962,emp_013342
emp_014963,emp_014962
emp_014964,emp_014962
emp_014965,emp_014962
emp_014966,emp_014962
emp_014967,emp_014962
emp_014968,emp_014962
emp_014969,emp_014962
emp_014970,emp_014962
emp_014971,emp_014978
emp_014972,emp_014978
emp_014973,emp_014978
emp_014974,emp_014978
emp_014975,emp_014978
emp_014976,emp_014978
emp_014977,emp_014978
emp_014978,emp_013342
emp_014979,emp_014982
emp_014980,emp_014982
emp_014981,emp_014982
emp_014982,emp_013342
emp_014983,emp_014982
emp_014984,emp_014982
emp_014985,emp_014982
emp_014986,emp_014982
emp_014987,emp_014982
emp_014988,emp_014990
emp_014989,emp_014990
emp_014990,emp_013342
emp_014991,emp_014990
emp_014992,emp_014990
emp_014993,emp_014990
emp_014994,emp_014990
emp_014995,emp_014990
emp_014996,emp_014990
emp_014997,emp_014990
emp_014998,emp_014990
emp_014999,emp_015000
emp_015000,emp_013342
emp_015001,emp_015000
emp_015002,emp_015000
emp_015003,emp_015000
emp_015004,emp_015000
emp_015005,emp_015000
emp_015006,emp_015000
emp_015007,emp_013342
emp_015008,emp_015007
emp_015009,emp_015007
emp_015010,emp_015007
emp_015011,emp_013342
emp_015012,emp_015011
emp_015013,emp_015011
emp_015014,emp_015011
emp_015015,emp_015011
emp_015016,emp_015011
emp_015017,emp_015011
emp_015018,emp_015011
emp_015019,emp_015011
emp_015020,emp_015011
emp_015021,emp_015024
emp_015022,emp_015024
emp_015023,emp_015024
emp_015024,emp_013342
emp_015025,emp_015024
emp_015026,emp_015024
emp_015027,emp_015024
emp_015028,emp_015034
emp_015029,emp_015034
emp_015030,emp_015034
emp_015031,emp_015034
emp_015032,emp_015034
emp_015033,emp_015034
emp_015034,emp_013342
emp_015035,emp_015034
emp_015036,emp_015034
emp_015037,emp_015039
emp_015038,emp_015039
emp_015039,emp_013342
emp_015040,emp_015039
emp_015041,emp_015039
emp_015042,emp_015039
emp_015043,emp_015039
emp_015044,emp_015039
emp_015045,emp_015039
emp_015046,emp_015048
emp_015047,emp_015048
emp_015048,emp_013342
emp_015049,emp_015048
emp_015050,emp_015058
emp_015051,emp_015058
emp_015052,emp_015058
emp_015053,emp_015058
emp_015054,emp_015058
emp_015055,emp_015058
emp_015056,emp_015058
emp_015057,emp_015058
emp_015058,emp_013342
emp_015059,emp_015060
emp_015060,emp_013342
emp_015061,emp_015060
emp_015062,emp_015060
emp_015063,emp_015060
emp_015064,emp_015065
emp_015065,emp_013342
emp_015066,emp_015065
emp_015067,emp_015065
emp_015068,emp_015065
emp_015069,emp_015065
emp_015070,emp_015072
emp_015071,emp_015072
emp_015072,emp_013342
emp_015073,emp_015075
emp_015074,emp_015075
emp_015075,emp_013342
emp_015076,emp_015075
emp_015077,emp_015075
emp_015078,emp_015075
emp_015079,emp_015075
emp_015080,emp_015075
emp_015081,emp_015075
emp_015082,emp_015084
emp_015083,emp_015084
emp_015084,emp_013342
emp_015085,emp_015084
emp_015086,emp_015084
emp_015087,emp_015084
emp_015088,emp_015094
emp_015089,emp_015094
emp_015090,emp_015094
emp_015091,emp_015094
emp_015092,emp_015094
emp_015093,emp_015094
emp_015094,emp_013342
emp_015095,emp_013342
emp_015096,emp_015095
emp_015097,emp_015095
emp_015098,emp_015100
emp_015099,emp_015100
emp_015100,emp_013342
emp_015101,emp_015100
emp_015102,emp_015100
emp_015103,emp_015104
emp_015104,emp_013342
emp_015105,emp_015104
emp_015106,emp_015104
emp_015107,emp_015104
emp_015108,emp_015104
emp_015109,emp_015104
emp_015110,emp_015104
emp_015111,emp_015112
emp_015112,emp_013342
emp_015113,emp_015112
emp_015114,emp_015112
emp_015115,emp_015112
emp_015116,emp_015112
emp_015117,emp_015112
emp_015118,emp_015112
emp_015119,emp_015112
emp_015120,emp_015122
emp_015121,emp_015122
emp_015122,emp_013342
emp_015123,emp_015122
emp_015124,emp_015122
emp_015125,emp_015122
emp_015126,emp_015127
emp_015127,emp_013342
emp_015128,emp_015127
emp_015129,emp_015127
emp_015130,emp_015127
emp_015131,emp_015136
emp_015132,emp_015136
emp_015133,emp_015136
emp_015134,emp_015136
emp_015135,emp_015136
emp_015136,emp_013342
emp_015137,emp_015141
emp_015138,emp_015141
emp_015139,emp_015141
emp_015140,emp_015141
emp_015141,emp_013342
emp_015142,emp_015141
emp_015143,emp_013342
emp_015144,emp_015143
emp_015145,emp_015143
emp_015146,emp_015143
emp_015147,emp_015143
emp_015148,emp_015143
emp_015149,emp_015143
emp_015150,emp_015151
emp_015151,emp_013342
emp_015152,emp_015151
emp_015153,emp_015151
emp_015154,emp_015151
emp_015155,emp_015151
emp_015156,emp_015161
emp_015157,emp_015161
emp_015158,emp_015161
emp_015159,emp_015161
emp_015160,emp_015161
emp_015161,emp_013342
emp_015162,emp_015161
emp_015163,emp_015161
emp_015164,emp_015161
emp_015165,emp_015168
emp_015166,emp_015168
emp_015167,emp_015168
emp_015168,emp_013342
emp_015169,emp_015168
emp_015170,emp_015172
emp_015171,emp_015172
emp_015172,emp_013342
emp_015173,emp_015172
emp_015174,emp_015172
emp_015175,emp_015172
emp_015176,emp_015172
emp_015177,emp_015179
emp_015178,emp_015179
emp_015179,emp_013342
emp_015180,emp_015179
emp_015181,emp_015179
emp_015182,emp_015179
emp_015183,emp_015179
emp_015184,emp_015187
emp_015185,emp_015187
emp_015186,emp_015187
emp_015187,emp_013342
emp_015188,emp_015187
emp_015189,emp_015187
emp_015190,emp_015187
emp_015191,emp_015187
emp_015192,emp_015193
emp_015193,emp_013342
emp_015194,emp_015193
emp_015195,emp_015193
emp_015196,emp_015199
emp_015197,emp_015199
emp_015198,emp_015199
emp_015199,emp_013342
emp_015200,emp_015199
emp_015201,emp_015199
emp_015202,emp_015204
emp_015203,emp_015204
emp_015204,emp_013342
emp_015205,emp_015204
emp_015206,emp_015204
emp_015207,emp_015204
emp_015208,emp_015204
emp_015209,emp_013342
emp_015210,emp_015209
emp_015211,emp_015209
emp_015212,emp_015209
emp_015213,emp_015209
emp_015214,emp_015209
emp_015215,emp_015209
emp_015216,emp_015209
emp_015217,emp_015219
emp_015218,emp_015219
emp_015219,emp_013342
emp_015220,emp_015219
emp_015221,emp_015219
emp_015222,emp_015219
emp_015223,emp_015219
emp_015224,emp_015227
emp_015225,emp_015227
emp_015226,emp_015227
emp_015227,emp_013342
emp_015228,emp_015227
emp_015229,emp_015227
emp_015230,emp_015227
emp_015231,emp_015227
emp_015232,emp_015237
emp_015233,emp_015237
emp_015234,emp_015237
emp_015235,emp_015237
emp_015236,emp_015237
emp_015237,emp_013342
emp_015238,emp_015239
emp_015239,emp_013342
emp_015240,emp_015239
emp_015241,emp_015239
emp_015242,emp_015239
emp_015243,emp_015239
emp_015244,emp_015247
emp_015245,emp_015247
emp_015246,emp_015247
emp_015247,emp_013342
emp_015248,emp_015249
emp_015249,emp_013342
emp_015250,emp_015249
emp_015251,emp_015249
emp_015252,emp_015249
emp_015253,emp_015249
emp_015254,emp_015249
emp_015255,emp_015249
emp_015256,emp_015262
emp_015257,emp_015262
emp_015258,emp_015262
emp_015259,emp_015262
emp_015260,emp_015262
emp_015261,emp_015262
emp_015262,emp_013342
emp_015263,emp_015262
emp_015264,emp_015262
emp_015265,emp_015262
emp_015266,emp_015262
emp_015267,emp_015262
emp_015268,emp_015262
emp_015269,emp_015270
emp_015270,emp_013342
emp_015271,emp_015270
emp_015272,emp_015275
emp_015273,emp_015275
emp_015274,emp_015275
emp_015275,emp_013342
emp_015276,emp_015275
emp_015277,emp_015275
emp_015278,emp_015282
emp_015279,emp_015282
emp_015280,emp_015282
emp_015281,emp_015282
emp_015282,emp_013342
emp_015283,emp_013342
emp_015284,emp_015283
emp_015285,emp_015283
emp_015286,emp_015283
emp_015287,emp_015283
emp_015288,emp_015283
emp_015289,emp_015283
emp_015290,emp_015298
emp_015291,emp_015298
emp_015292,emp_015298
emp_015293,emp_015298
emp_015294,emp_015298
emp_015295,emp_015298
emp_015296,emp_015298
emp_015297,emp_015298
emp_015298,emp_013342
emp_015299,emp_015298
emp_015300,emp_015303
emp_015301,emp_015303
emp_015302,emp_015303
emp_015303,emp_013342
emp_015304,emp_015303
emp_015305,emp_015303
emp_015306,emp_015308
emp_015307,emp_015308
emp_015308,emp_013342
emp_015309,emp_015308
emp_015310,emp_015308
emp_015311,emp_015308
emp_015312,emp_015308
emp_015313,emp_015308
emp_015314,emp_015308
emp_015315,emp_015318
emp_015316,emp_015318
emp_015317,emp_015318
emp_015318,emp_013342
emp_015319,emp_015318
emp_015320,emp_015318
emp_015321,emp_015318
emp_015322,emp_013342
emp_015323,emp_015322
emp_015324,emp_015322
emp_015325,emp_015322
emp_015326,emp_013342
emp_015327,emp_015326
emp_015328,emp_015326
emp_015329,emp_015326
emp_015330,emp_015332
emp_015331,emp_015332
emp_015332,emp_013342
emp_015333,emp_015332
emp_015334,emp_017699
emp_015335,emp_015334
emp_015336,emp_015334
emp_015337,emp_015334
emp_015338,emp_015334
emp_015339,emp_015334
emp_015340,emp_015341
emp_015341,emp_017699
emp_015342,emp_015341
emp_015343,emp_015341
emp_015344,emp_015341
emp_015345,emp_015341
emp_015346,emp_015341
emp_015347,emp_015341
emp_015348,emp_015341
emp_015349,emp_015350
emp_015350,emp_017699
emp_015351,emp_015350
emp_015352,emp_015350
emp_015353,emp_015350
emp_015354,emp_015350
emp_015355,emp_015350
emp_015356,emp_015361
emp_015357,emp_015361
emp_015358,emp_015361
emp_015359,emp_015361
emp_015360,emp_015361
emp_015361,emp_017699
emp_015362,emp_015361
emp_015363,emp_015364
emp_015364,emp_017699
emp_015365,emp_015364
emp_015366,emp_015364
emp_015367,emp_015369
emp_015368,emp_015369
emp_015369,emp_017699
emp_015370,emp_015369
emp_015371,emp_015369
emp_015372,emp_015369
emp_015373,emp_017699
emp_015374,emp_015373
emp_015375,emp_015373
emp_015376,emp_015379
emp_015377,emp_015379
emp_015378,emp_015379
emp_015379,emp_017699
emp_015380,emp_015379
emp_015381,emp_015379
emp_015382,emp_015379
emp_015383,emp_015384
emp_015384,emp_017699
emp_015385,emp_015384
emp_015386,emp_015384
emp_015387,emp_015384
emp_015388,emp_015384
emp_015389,emp_015390
emp_015390,emp_017699
emp_015391,emp_015390
emp_015392,emp_015390
emp_015393,emp_015390
emp_015394,emp_015390
emp_015395,emp_015390
emp_015396,emp_015390
emp_015397,emp_015390
emp_015398,emp_015399
emp_015399,emp_017699
emp_015400,emp_015399
emp_015401,emp_015399
emp_015402,emp_015399
emp_015403,emp_015405
emp_015404,emp_015405
emp_015405,emp_017699
emp_015406,emp_015405
emp_015407,emp_015405
emp_015408,emp_015405
emp_015409,emp_015405
emp_015410,emp_015411
emp_015411,emp_017699
emp_015412,emp_015411
emp_015413,emp_015411
emp_015414,emp_015411
emp_015415,emp_015422
emp_015416,emp_015422
emp_015417,emp_015422
emp_015418,emp_015422
emp_015419,emp_015422
emp_015420,emp_015422
emp_015421,emp_015422
emp_015422,emp_017699
emp_015423,emp_017699
emp_015424,emp_015423
emp_015425,emp_015423
emp_015426,emp_015423
emp_015427,emp_015428
emp_015428,emp_017699
emp_015429,emp_015428
emp_015430,emp_015428
emp_015431,emp_015428
emp_015432,emp_015428
emp_015433,emp_015428
emp_015434,emp_015435
emp_015435,emp_017699
emp_015436,emp_015435
emp_015437,emp_015435
emp_015438,emp_015435
emp_015439,emp_015435
emp_015440,emp_015441
emp_015441,emp_017699
emp_015442,emp_015443
emp_015443,emp_017699
emp_015444,emp_015443
emp_015445,emp_015443
emp_015446,emp_015443
emp_015447,emp_017699
emp_015448,emp_015447
emp_015449,emp_015447
emp_015450,emp_015447
emp_015451,emp_015447
emp_015452,emp_015447
emp_015453,emp_015447
emp_015454,emp_015447
emp_015455,emp_015447
emp_015456,emp_015457
emp_015457,emp_017699
emp_015458,emp_015457
emp_015459,emp_015457
emp_015460,emp_015457
emp_015461,emp_015457
emp_015462,emp_015457
emp_015463,emp_015457
emp_015464,emp_015457
emp_015465,emp_015467
emp_015466,emp_015467
emp_015467,emp_017699
emp_015468,emp_015467
emp_015469,emp_015467
emp_015470,emp_015467
emp_015471,emp_017699
emp_015472,emp_015471
emp_015473,emp_015471
emp_015474,emp_015471
emp_015475,emp_015471
emp_015476,emp_015471
emp_015477,emp_015471
emp_015478,emp_015471
emp_015479,emp_015471
emp_015480,emp_015481
emp_015481,emp_017699
emp_015482,emp_015481
emp_015483,emp_015481
emp_015484,emp_015481
emp_015485,emp_015481
emp_015486,emp_015481
emp_015487,emp_017699
emp_015488,emp_015487
emp_015489,emp_015487
emp_015490,emp_015487
emp_015491,emp_015487
emp_015492,emp_015487
emp_015493,emp_015487
emp_015494,emp_015487
emp_015495,emp_015496
emp_015496,emp_017699
emp_015497,emp_015496
emp_015498,emp_015496
emp_015499,emp_015496
emp_015500,emp_015496
emp_015501,emp_015505
emp_015502,emp_015505
emp_015503,emp_015505
emp_015504,emp_015505
emp_015505,emp_017699
emp_015506,emp_015507
emp_015507,emp_017699
emp_015508,emp_015507
emp_015509,emp_015507
emp_015510,emp_015507
emp_015511,emp_015507
emp_015512,emp_015513
emp_015513,emp_017699
emp_015514,emp_015513
emp_015515,emp_015513
emp_015516,emp_015513
emp_015517,emp_015513
emp_015518,emp_015513
emp_015519,emp_015513
emp_015520,emp_015513
emp_015521,emp_015526
emp_015522,emp_015526
emp_015523,emp_015526
emp_015524,emp_015526
emp_015525,emp_015526
emp_015526,emp_017699
emp_015527,emp_017699
emp_015528,emp_015527
emp_015529,emp_015531
emp_015530,emp_015531
emp_015531,emp_017699
emp_015532,emp_015531
emp_015533,emp_015531
emp_015534,emp_015531
emp_015535,emp_015531
emp_015536,emp_015537
emp_015537,emp_017699
emp_015538,emp_015537
emp_015539,emp_015537
emp_015540,emp_015537
emp_015541,emp_017699
emp_015542,emp_015541
emp_015543,emp_015547
emp_015544,emp_015547
emp_015545,emp_015547
emp_015546,emp_015547
emp_015547,emp_017699
emp_015548,emp_015547
emp_015549,emp_017699
emp_015550,emp_015549
emp_015551,emp_015549
emp_015552,emp_015549
emp_015553,emp_015549
emp_015554,emp_015549
emp_015555,emp_015559
emp_015556,emp_015559
emp_015557,emp_015559
emp_015558,emp_015559
emp_015559,emp_017699
emp_015560,emp_015559
emp_015561,emp_017699
emp_015562,emp_015561
emp_015563,emp_015561
emp_015564,emp_015561
emp_015565,emp_015561
emp_015566,emp_015561
emp_015567,emp_015561
emp_015568,emp_015570
emp_015569,emp_015570
emp_015570,emp_017699
emp_015571,emp_015570
emp_015572,emp_015570
emp_015573,emp_015570
emp_015574,emp_015579
emp_015575,emp_015579
emp_015576,emp_015579
emp_015577,emp_015579
emp_015578,emp_015579
emp_015579,emp_017699
emp_015580,emp_015579
emp_015581,emp_015585
emp_015582,emp_015585
emp_015583,emp_015585
emp_015584,emp_015585
emp_015585,emp_017699
emp_015586,emp_015588
emp_015587,emp_015588
emp_015588,emp_017699
emp_015589,emp_015588
emp_015590,emp_015591
emp_015591,emp_017699
emp_015592,emp_015591
emp_015593,emp_015591
emp_015594,emp_015591
emp_015595,emp_015591
emp_015596,emp_015598
emp_015597,emp_015598
emp_015598,emp_017699
emp_015599,emp_015598
emp_015600,emp_015598
emp_015601,emp_015605
emp_015602,emp_015605
emp_015603,emp_015605
emp_015604,emp_015605
emp_015605,emp_017699
emp_015606,emp_015609
emp_015607,emp_015609
emp_015608,emp_015609
emp_015609,emp_017699
emp_015610,emp_015609
emp_015611,emp_015612
emp_015612,emp_017699
emp_015613,emp_015612
emp_015614,emp_015612
emp_015615,emp_015612
emp_015616,emp_015612
emp_015617,emp_017699
emp_015618,emp_015617
emp_015619,emp_015617
emp_015620,emp_015617
emp_015621,emp_015624
emp_015622,emp_015624
emp_015623,emp_015624
emp_015624,emp_017699
emp_015625,emp_015624
emp_015626,emp_015627
emp_015627,emp_017699
emp_015628,emp_015627
emp_015629,emp_015627
emp_015630,emp_015627
emp_015631,emp_015638
emp_015632,emp_015638
emp_015633,emp_015638
emp_015634,emp_015638
emp_015635,emp_015638
emp_015636,emp_015638
emp_015637,emp_015638
emp_015638,emp_017699
emp_015639,emp_015638
emp_015640,emp_015642
emp_015641,emp_015642
emp_015642,emp_017699
emp_015643,emp_015642
emp_015644,emp_015642
emp_015645,emp_015642
emp_015646,emp_015642
emp_015647,emp_015648
emp_015648,emp_017699
emp_015649,emp_015648
emp_015650,emp_015648
emp_015651,emp_015648
emp_015652,emp_015648
emp_015653,emp_015648
emp_015654,emp_017699
emp_015655,emp_015654
emp_015656,emp_015654
emp_015657,emp_015654
emp_015658,emp_015654
emp_015659,emp_015654
emp_015660,emp_015654
emp_015661,emp_015654
emp_015662,emp_015654
emp_015663,emp_015654
emp_015664,emp_015667
emp_015665,emp_015667
emp_015666,emp_015667
emp_015667,emp_017699
emp_015668,emp_015670
emp_015669,emp_015670
emp_015670,emp_017699
emp_015671,emp_015670
emp_015672,emp_015670
emp_015673,emp_015670
emp_015674,emp_015670
emp_015675,emp_015680
emp_015676,emp_015680
emp_015677,emp_015680
emp_015678,emp_015680
emp_015679,emp_015680
emp_015680,emp_017699
emp_015681,emp_015680
emp_015682,emp_015680
emp_015683,emp_015680
emp_015684,emp_017699
emp_015685,emp_015684
emp_015686,emp_015684
emp_015687,emp_015684
emp_015688,emp_015684
emp_015689,emp_015684
emp_015690,emp_017699
emp_015691,emp_015690
emp_015692,emp_015690
emp_015693,emp_015690
emp_015694,emp_015690
emp_015695,emp_015690
emp_015696,emp_015700
emp_015697,emp_015700
emp_015698,emp_015700
emp_015699,emp_015700
emp_015700,emp_017699
emp_015701,emp_015700
emp_015702,emp_015706
emp_015703,emp_015706
emp_015704,emp_015706
emp_015705,emp_015706
emp_015706,emp_017699
emp_015707,emp_015706
emp_015708,emp_015706
emp_015709,emp_015715
emp_015710,emp_015715
emp_015711,emp_015715
emp_015712,emp_015715
emp_015713,emp_015715
emp_015714,emp_015715
emp_015715,emp_017699
emp_015716,emp_015719
emp_015717,emp_015719
emp_015718,emp_015719
emp_015719,emp_017699
emp_015720,emp_015719
emp_015721,emp_015719
emp_015722,emp_015728
emp_015723,emp_015728
emp_015724,emp_015728
emp_015725,emp_015728
emp_015726,emp_015728
emp_015727,emp_015728
emp_015728,emp_017699
emp_015729,emp_015728
emp_015730,emp_015728
emp_015731,emp_017699
emp_015732,emp_015731
emp_015733,emp_015731
emp_015734,emp_015731
emp_015735,emp_015731
emp_015736,emp_015731
emp_015737,emp_015731
emp_015738,emp_015731
emp_015739,emp_015731
emp_015740,emp_015747
emp_015741,emp_015747
emp_015742,emp_015747
emp_015743,emp_015747
emp_015744,emp_015747
emp_015745,emp_015747
emp_015746,emp_015747
emp_015747,emp_017699
emp_015748,emp_017699
emp_015749,emp_015748
emp_015750,emp_015748
emp_015751,emp_015755
emp_015752,emp_015755
emp_015753,emp_015755
emp_015754,emp_015755
emp_015755,emp_017699
emp_015756,emp_015755
emp_015757,emp_015755
emp_015758,emp_015759
emp_015759,emp_017699
emp_015760,emp_015759
emp_015761,emp_015759
emp_015762,emp_015759
emp_015763,emp_015759
emp_015764,emp_015766
emp_015765,emp_015766
emp_015766,emp_017699
emp_015767,emp_015766
emp_015768,emp_015774
emp_015769,emp_015774
emp_015770,emp_015774
emp_015771,emp_015774
emp_015772,emp_015774
emp_015773,emp_015774
emp_015774,emp_017699
emp_015775,emp_015778
emp_015776,emp_015778
emp_015777,emp_015778
emp_015778,emp_017699
emp_015779,emp_015782
emp_015780,emp_015782
emp_015781,emp_015782
emp_015782,emp_017699
emp_015783,emp_015782
emp_015784,emp_015782
emp_015785,emp_015782
emp_015786,emp_015782
emp_015787,emp_015793
emp_015788,emp_015793
emp_015789,emp_015793
emp_015790,emp_015793
emp_015791,emp_015793
emp_015792,emp_015793
emp_015793,emp_017699
emp_015794,emp_015793
emp_015795,emp_015797
emp_015796,emp_015797
emp_015797,emp_017699
emp_015798,emp_015797
emp_015799,emp_015797
emp_015800,emp_015797
emp_015801,emp_015804
emp_015802,emp_015804
emp_015803,emp_015804
emp_015804,emp_017699
emp_015805,emp_015804
emp_015806,emp_015804
emp_015807,emp_015804
emp_015808,emp_015804
emp_015809,emp_015804
emp_015810,emp_015804
emp_015811,emp_015812
emp_015812,emp_017699
emp_015813,emp_015812
emp_015814,emp_015812
emp_015815,emp_015823
emp_015816,emp_015823
emp_015817,emp_015823
emp_015818,emp_015823
emp_015819,emp_015823
emp_015820,emp_015823
emp_015821,emp_015823
emp_015822,emp_015823
emp_015823,emp_017699
emp_015824,emp_015823
emp_015825,emp_017699
emp_015826,emp_015825
emp_015827,emp_015825
emp_015828,emp_015825
emp_015829,emp_015825
emp_015830,emp_015825
emp_015831,emp_015825
emp_015832,emp_017699
emp_015833,emp_015832
emp_015834,emp_015832
emp_015835,emp_015832
emp_015836,emp_015832
emp_015837,emp_015832
emp_015838,emp_015839
emp_015839,emp_017699
emp_015840,emp_015839
emp_015841,emp_015839
emp_015842,emp_015839
emp_015843,emp_015839
emp_015844,emp_015847
emp_015845,emp_015847
emp_015846,emp_015847
emp_015847,emp_017699
emp_015848,emp_015847
emp_015849,emp_015847
emp_015850,emp_015847
emp_015851,emp_015847
emp_015852,emp_015847
emp_015853,emp_015847
emp_015854,emp_015856
emp_015855,emp_015856
emp_015856,emp_017699
emp_015857,emp_015856
emp_015858,emp_015856
emp_015859,emp_015856
emp_015860,emp_015856
emp_015861,emp_015866
emp_015862,emp_015866
emp_015863,emp_015866
emp_015864,emp_015866
emp_015865,emp_015866
emp_015866,emp_017699
emp_015867,emp_015868
emp_015868,emp_017699
emp_015869,emp_015868
emp_015870,emp_015868
emp_015871,emp_015868
emp_015872,emp_015868
emp_015873,emp_015868
emp_015874,emp_015868
emp_015875,emp_015868
emp_015876,emp_015868
emp_015877,emp_015868
emp_015878,emp_015882
emp_015879,emp_015882
emp_015880,emp_015882
emp_015881,emp_015882
emp_015882,emp_017699
emp_015883,emp_015882
emp_015884,emp_015882
emp_015885,emp_015887
emp_015886,emp_015887
emp_015887,emp_017699
emp_015888,emp_015887
emp_015889,emp_015887
emp_015890,emp_015887
emp_015891,emp_015887
emp_015892,emp_015887
emp_015893,emp_015887
emp_015894,emp_015887
emp_015895,emp_015887
emp_015896,emp_015899
emp_015897,emp_015899
emp_015898,emp_015899
emp_015899,emp_017699
emp_015900,emp_015899
emp_015901,emp_015899
emp_015902,emp_017699
emp_015903,emp_015902
emp_015904,emp_015902
emp_015905,emp_015902
emp_015906,emp_015902
emp_015907,emp_015902
emp_015908,emp_015902
emp_015909,emp_015902
emp_015910,emp_015911
emp_015911,emp_017699
emp_015912,emp_015911
emp_015913,emp_015911
emp_015914,emp_015911
emp_015915,emp_015919
emp_015916,emp_015919
emp_015917,emp_015919
emp_015918,emp_015919
emp_015919,emp_017699
emp_015920,emp_015924
emp_015921,emp_015924
emp_015922,emp_015924
emp_015923,emp_015924
emp_015924,emp_017699
emp_015925,emp_015924
emp_015926,emp_015927
emp_015927,emp_017699
emp_015928,emp_015927
emp_015929,emp_017699
emp_015930,emp_015929
emp_015931,emp_015929
emp_015932,emp_015929
emp_015933,emp_015929
emp_015934,emp_017699
emp_015935,emp_015934
emp_015936,emp_015934
emp_015937,emp_015934
emp_015938,emp_015939
emp_015939,emp_017699
emp_015940,emp_015939
emp_015941,emp_015939
emp_015942,emp_015939
emp_015943,emp_015947
emp_015944,emp_015947
emp_015945,emp_015947
emp_015946,emp_015947
emp_015947,emp_017699
emp_015948,emp_015947
emp_015949,emp_015947
emp_015950,emp_015947
emp_015951,emp_015947
emp_015952,emp_015955
emp_015953,emp_015955
emp_015954,emp_015955
emp_015955,emp_017699
emp_015956,emp_015955
emp_015957,emp_015955
emp_015958,emp_017699
emp_015959,emp_015958
emp_015960,emp_015958
emp_015961,emp_015958
emp_015962,emp_015958
emp_015963,emp_015958
emp_015964,emp_015967
emp_015965,emp_015967
emp_015966,emp_015967
emp_015967,emp_017699
emp_015968,emp_015967
emp_015969,emp_015972
emp_015970,emp_015972
emp_015971,emp_015972
emp_015972,emp_017699
emp_015973,emp_015972
emp_015974,emp_015972
emp_015975,emp_015972
emp_015976,emp_015979
emp_015977,emp_015979
emp_015978,emp_015979
emp_015979,emp_017699
emp_015980,emp_015979
emp_015981,emp_015979
emp_015982,emp_015979
emp_015983,emp_015990
emp_015984,emp_015990
emp_015985,emp_015990
emp_015986,emp_015990
emp_015987,emp_015990
emp_015988,emp_015990
emp_015989,emp_015990
emp_015990,emp_017699
emp_015991,emp_015990
emp_015992,emp_015997
emp_015993,emp_015997
emp_015994,emp_015997
emp_015995,emp_015997
emp_015996,emp_015997
emp_015997,emp_017699
emp_015998,emp_015997
emp_015999,emp_017699
emp_016000,emp_015999
emp_016001,emp_015999
emp_016002,emp_015999
emp_016003,emp_015999
emp_016004,emp_015999
emp_016005,emp_015999
emp_016006,emp_015999
emp_016007,emp_016010
emp_016008,emp_016010
emp_016009,emp_016010
emp_016010,emp_017699
emp_016011,emp_016010
emp_016012,emp_016010
emp_016013,emp_016010
emp_016014,emp_016018
emp_016015,emp_016018
emp_016016,emp_016018
emp_016017,emp_016018
emp_016018,emp_017699
emp_016019,emp_016018
emp_016020,emp_016018
emp_016021,emp_016018
emp_016022,emp_016018
emp_016023,emp_016018
emp_016024,emp_017699
emp_016025,emp_016024
emp_016026,emp_016024
emp_016027,emp_016024
emp_016028,emp_017699
emp_016029,emp_016028
emp_016030,emp_016028
emp_016031,emp_016028
emp_016032,emp_016028
emp_016033,emp_016028
emp_016034,emp_016028
emp_016035,emp_016038
emp_016036,emp_016038
emp_016037,emp_016038
emp_016038,emp_017699
emp_016039,emp_016038
emp_016040,emp_016041
emp_016041,emp_017699
emp_016042,emp_016041
emp_016043,emp_016048
emp_016044,emp_016048
emp_016045,emp_016048
emp_016046,emp_016048
emp_016047,emp_016048
emp_016048,emp_017699
emp_016049,emp_016050
emp_016050,emp_017699
emp_016051,emp_016050
emp_016052,emp_016050
emp_016053,emp_017699
emp_016054,emp_016053
emp_016055,emp_016053
emp_016056,emp_016053
emp_016057,emp_016053
emp_016058,emp_016053
emp_016059,emp_016053
emp_016060,emp_016053
emp_016061,emp_016065
emp_016062,emp_016065
emp_016063,emp_016065
emp_016064,emp_016065
emp_016065,emp_017699
emp_016066,emp_016065
emp_016067,emp_016065
emp_016068,emp_016069
emp_016069,emp_017699
emp_016070,emp_016069
emp_016071,emp_016069
emp_016072,emp_016069
emp_016073,emp_016074
emp_016074,emp_017699
emp_016075,emp_016074
emp_016076,emp_016074
emp_016077,emp_016074
emp_016078,emp_016084
emp_016079,emp_016084
emp_016080,emp_016084
emp_016081,emp_016084
emp_016082,emp_016084
emp_016083,emp_016084
emp_016084,emp_017699
emp_016085,emp_016084
emp_016086,emp_016089
emp_016087,emp_016089
emp_016088,emp_016089
emp_016089,emp_017699
emp_016090,emp_016089
emp_016091,emp_016089
emp_016092,emp_016089
emp_016093,emp_016096
emp_016094,emp_016096
emp_016095,emp_016096
emp_016096,emp_017699
emp_016097,emp_016096
emp_016098,emp_016096
emp_016099,emp_016096
emp_016100,emp_016096
emp_016101,emp_016096
emp_016102,emp_016105
emp_016103,emp_016105
emp_016104,emp_016105
emp_016105,emp_017699
emp_016106,emp_016105
emp_016107,emp_016108
emp_016108,emp_017699
emp_016109,emp_016108
emp_016110,emp_016108
emp_016111,emp_016108
emp_016112,emp_016108
emp_016113,emp_016108
emp_016114,emp_016108
emp_016115,emp_016108
emp_016116,emp_016108
emp_016117,emp_016108
emp_016118,emp_016121
emp_016119,emp_016121
emp_016120,emp_016121
emp_016121,emp_017699
emp_016122,emp_016121
emp_016123,emp_016124
emp_016124,emp_017699
emp_016125,emp_016129
emp_016126,emp_016129
emp_016127,emp_016129
emp_016128,emp_016129
emp_016129,emp_017699
emp_016130,emp_016129
emp_016131,emp_016129
emp_016132,emp_017699
emp_016133,emp_016132
emp_016134,emp_016132
emp_016135,emp_016132
emp_016136,emp_016132
emp_016137,emp_016132
emp_016138,emp_016132
emp_016139,emp_016132
emp_016140,emp_016132
emp_016141,emp_016132
emp_016142,emp_016144
emp_016143,emp_016144
emp_016144,emp_017699
emp_016145,emp_016144
emp_016146,emp_016144
emp_016147,emp_017699
emp_016148,emp_016147
emp_016149,emp_016147
emp_016150,emp_016147
emp_016151,emp_017699
emp_016152,emp_016151
emp_016153,emp_016156
emp_016154,emp_016156
emp_016155,emp_016156
emp_016156,emp_017699
emp_016157,emp_016160
emp_016158,emp_016160
emp_016159,emp_016160
emp_016160,emp_017699
emp_016161,emp_016160
emp_016162,emp_016160
emp_016163,emp_016167
emp_016164,emp_016167
emp_016165,emp_016167
emp_016166,emp_016167
emp_016167,emp_017699
emp_016168,emp_016167
emp_016169,emp_016171
emp_016170,emp_016171
emp_016171,emp_017699
emp_016172,emp_016171
emp_016173,emp_016171
emp_016174,emp_016171
emp_016175,emp_016171
emp_016176,emp_017699
emp_016177,emp_016176
emp_016178,emp_016176
emp_016179,emp_016176
emp_016180,emp_016176
emp_016181,emp_016176
emp_016182,emp_016176
emp_016183,emp_016176
emp_016184,emp_016176
emp_016185,emp_017699
emp_016186,emp_016185
emp_016187,emp_016185
emp_016188,emp_016185
emp_016189,emp_016191
emp_016190,emp_016191
emp_016191,emp_017699
emp_016192,emp_016191
emp_016193,emp_016191
emp_016194,emp_016191
emp_016195,emp_016191
emp_016196,emp_016191
emp_016197,emp_016201
emp_016198,emp_016201
emp_016199,emp_016201
emp_016200,emp_016201
emp_016201,emp_017699
emp_016202,emp_016201
emp_016203,emp_016211
emp_016204,emp_016211
emp_016205,emp_016211
emp_016206,emp_016211
emp_016207,emp_016211
emp_016208,emp_016211
emp_016209,emp_016211
emp_016210,emp_016211
emp_016211,emp_017699
emp_016212,emp_016216
emp_016213,emp_016216
emp_016214,emp_016216
emp_016215,emp_016216
emp_016216,emp_017699
emp_016217,emp_016216
emp_016218,emp_016216
emp_016219,emp_016220
emp_016220,emp_017699
emp_016221,emp_016220
emp_016222,emp_016220
emp_016223,emp_016220
emp_016224,emp_016220
emp_016225,emp_016220
emp_016226,emp_016231
emp_016227,emp_016231
emp_016228,emp_016231
emp_016229,emp_016231
emp_016230,emp_016231
emp_016231,emp_017699
emp_016232,emp_016231
emp_016233,emp_017699
emp_016234,emp_016233
emp_016235,emp_016233
emp_016236,emp_016233
emp_016237,emp_016233
emp_016238,emp_017699
emp_016239,emp_016238
emp_016240,emp_016238
emp_016241,emp_016238
emp_016242,emp_016238
emp_016243,emp_016246
emp_016244,emp_016246
emp_016245,emp_016246
emp_016246,emp_017699
emp_016247,emp_016246
emp_016248,emp_016246
emp_016249,emp_016251
emp_016250,emp_016251
emp_016251,emp_017699
emp_016252,emp_016251
emp_016253,emp_016254
emp_016254,emp_017699
emp_016255,emp_016254
emp_016256,emp_016254
emp_016257,emp_016254
emp_016258,emp_016254
emp_016259,emp_016254
emp_016260,emp_016254
emp_016261,emp_016254
emp_016262,emp_016263
emp_016263,emp_017699
emp_016264,emp_016263
emp_016265,emp_016263
emp_016266,emp_017699
emp_016267,emp_016266
emp_016268,emp_016266
emp_016269,emp_016266
emp_016270,emp_016266
emp_016271,emp_016266
emp_016272,emp_016266
emp_016273,emp_016275
emp_016274,emp_016275
emp_016275,emp_017699
emp_016276,emp_016275
emp_016277,emp_016275
emp_016278,emp_016275
emp_016279,emp_016275
emp_016280,emp_016281
emp_016281,emp_017699
emp_016282,emp_016281
emp_016283,emp_016281
emp_016284,emp_016281
emp_016285,emp_016286
emp_016286,emp_017699
emp_016287,emp_016286
emp_016288,emp_016286
emp_016289,emp_016286
emp_016290,emp_016286
emp_016291,emp_016292
emp_016292,emp_017699
emp_016293,emp_016292
emp_016294,emp_016292
emp_016295,emp_016292
emp_016296,emp_016292
emp_016297,emp_016292
emp_016298,emp_016299
emp_016299,emp_017699
emp_016300,emp_016299
emp_016301,emp_016299
emp_016302,emp_016299
emp_016303,emp_016299
emp_016304,emp_016299
emp_016305,emp_016299
emp_016306,emp_016312
emp_016307,emp_016312
emp_016308,emp_016312
emp_016309,emp_016312
emp_016310,emp_016312
emp_016311,emp_016312
emp_016312,emp_017699
emp_016313,emp_016316
emp_016314,emp_016316
emp_016315,emp_016316
emp_016316,emp_017699
emp_016317,emp_016316
emp_016318,emp_016316
emp_016319,emp_016316
emp_016320,emp_017699
emp_016321,emp_016320
emp_016322,emp_016320
emp_016323,emp_016320
emp_016324,emp_016320
emp_016325,emp_016320
emp_016326,emp_016320
emp_016327,emp_016330
emp_016328,emp_016330
emp_016329,emp_016330
emp_016330,emp_017699
emp_016331,emp_016330
emp_016332,emp_016330
emp_016333,emp_016330
emp_016334,emp_016330
emp_016335,emp_016330
emp_016336,emp_016330
emp_016337,emp_016330
emp_016338,emp_016330
emp_016339,emp_016341
emp_016340,emp_016341
emp_016341,emp_017699
emp_016342,emp_016341
emp_016343,emp_016344
emp_016344,emp_017699
emp_016345,emp_016349
emp_016346,emp_016349
emp_016347,emp_016349
emp_016348,emp_016349
emp_016349,emp_017699
emp_016350,emp_016349
emp_016351,emp_016349
emp_016352,emp_016349
emp_016353,emp_016349
emp_016354,emp_016357
emp_016355,emp_016357
emp_016356,emp_016357
emp_016357,emp_017699
emp_016358,emp_016357
emp_016359,emp_016357
emp_016360,emp_016357
emp_016361,emp_016357
emp_016362,emp_016357
emp_016363,emp_016368
emp_016364,emp_016368
emp_016365,emp_016368
emp_016366,emp_016368
emp_016367,emp_016368
emp_016368,emp_017699
emp_016369,emp_016368
emp_016370,emp_017699
emp_016371,emp_016370
emp_016372,emp_016370
emp_016373,emp_016370
emp_016374,emp_016375
emp_016375,emp_017699
emp_016376,emp_016375
emp_016377,emp_016375
emp_016378,emp_016375
emp_016379,emp_016375
emp_016380,emp_016375
emp_016381,emp_016375
emp_016382,emp_016375
emp_016383,emp_016387
emp_016384,emp_016387
emp_016385,emp_016387
emp_016386,emp_016387
emp_016387,emp_017699
emp_016388,emp_016387
emp_016389,emp_016387
emp_016390,emp_016387
emp_016391,emp_016393
emp_016392,emp_016393
emp_016393,emp_017699
emp_016394,emp_016393
emp_016395,emp_016393
emp_016396,emp_016393
emp_016397,emp_016393
emp_016398,emp_016393
emp_016399,emp_016405
emp_016400,emp_016405
emp_016401,emp_016405
emp_016402,emp_016405
emp_016403,emp_016405
emp_016404,emp_016405
emp_016405,emp_017699
emp_016406,emp_016405
emp_016407,emp_016405
emp_016408,emp_016412
emp_016409,emp_016412
emp_016410,emp_016412
emp_016411,emp_016412
emp_016412,emp_017699
emp_016413,emp_016415
emp_016414,emp_016415
emp_016415,emp_017699
emp_016416,emp_016415
emp_016417,emp_016419
emp_016418,emp_016419
emp_016419,emp_017699
emp_016420,emp_016419
emp_016421,emp_016419
emp_016422,emp_016419
emp_016423,emp_016419
emp_016424,emp_017699
emp_016425,emp_016424
emp_016426,emp_016424
emp_016427,emp_016424
emp_016428,emp_016424
emp_016429,emp_016424
emp_016430,emp_017699
emp_016431,emp_016430
emp_016432,emp_016430
emp_016433,emp_016430
emp_016434,emp_016430
emp_016435,emp_016439
emp_016436,emp_016439
emp_016437,emp_016439
emp_016438,emp_016439
emp_016439,emp_017699
emp_016440,emp_016439
emp_016441,emp_016439
emp_016442,emp_016443
emp_016443,emp_017699
emp_016444,emp_016443
emp_016445,emp_016443
emp_016446,emp_016449
emp_016447,emp_016449
emp_016448,emp_016449
emp_016449,emp_017699
emp_016450,emp_016449
emp_016451,emp_016449
emp_016452,emp_016453
emp_016453,emp_017699
emp_016454,emp_016453
emp_016455,emp_016453
emp_016456,emp_016453
emp_016457,emp_016453
emp_016458,emp_016453
emp_016459,emp_016453
emp_016460,emp_017699
emp_016461,emp_016460
emp_016462,emp_016460
emp_016463,emp_016460
emp_016464,emp_017699
emp_016465,emp_016464
emp_016466,emp_016464
emp_016467,emp_016464
emp_016468,emp_016464
emp_016469,emp_016471
emp_016470,emp_016471
emp_016471,emp_017699
emp_016472,emp_016471
emp_016473,emp_017699
emp_016474,emp_016473
emp_016475,emp_016473
emp_016476,emp_016478
emp_016477,emp_016478
emp_016478,emp_017699
emp_016479,emp_016478
emp_016480,emp_016478
emp_016481,emp_016478
emp_016482,emp_016478
emp_016483,emp_016484
emp_016484,emp_017699
emp_016485,emp_016484
emp_016486,emp_016484
emp_016487,emp_016484
emp_016488,emp_016484
emp_016489,emp_016491
emp_016490,emp_016491
emp_016491,emp_017699
emp_016492,emp_016491
emp_016493,emp_016497
emp_016494,emp_016497
emp_016495,emp_016497
emp_016496,emp_016497
emp_016497,emp_017699
emp_016498,emp_016497
emp_016499,emp_016497
emp_016500,emp_016503
emp_016501,emp_016503
emp_016502,emp_016503
emp_016503,emp_017699
emp_016504,emp_016503
emp_016505,emp_016507
emp_016506,emp_016507
emp_016507,emp_017699
emp_016508,emp_016507
emp_016509,emp_016507
emp_016510,emp_016507
emp_016511,emp_016507
emp_016512,emp_016516
emp_016513,emp_016516
emp_016514,emp_016516
emp_016515,emp_016516
emp_016516,emp_017699
emp_016517,emp_016520
emp_016518,emp_016520
emp_016519,emp_016520
emp_016520,emp_017699
emp_016521,emp_016520
emp_016522,emp_016520
emp_016523,emp_016520
emp_016524,emp_016530
emp_016525,emp_016530
emp_016526,emp_016530
emp_016527,emp_016530
emp_016528,emp_016530
emp_016529,emp_016530
emp_016530,emp_017699
emp_016531,emp_016530
emp_016532,emp_016533
emp_016533,emp_017699
emp_016534,emp_016533
emp_016535,emp_016533
emp_016536,emp_017699
emp_016537,emp_016536
emp_016538,emp_016536
emp_016539,emp_016536
emp_016540,emp_016536
emp_016541,emp_016536
emp_016542,emp_016545
emp_016543,emp_016545
emp_016544,emp_016545
emp_016545,emp_017699
emp_016546,emp_016545
emp_016547,emp_016545
emp_016548,emp_017699
emp_016549,emp_016548
emp_016550,emp_016548
emp_016551,emp_016548
emp_016552,emp_016548
emp_016553,emp_016554
emp_016554,emp_017699
emp_016555,emp_016554
emp_016556,emp_016554
emp_016557,emp_016554
emp_016558,emp_016554
emp_016559,emp_016560
emp_016560,emp_017699
emp_016561,emp_016560
emp_016562,emp_016560
emp_016563,emp_016560
emp_016564,emp_016567
emp_016565,emp_016567
emp_016566,emp_016567
emp_016567,emp_017699
emp_016568,emp_016567
emp_016569,emp_016567
emp_016570,emp_016567
emp_016571,emp_016567
emp_016572,emp_016567
emp_016573,emp_016577
emp_016574,emp_016577
emp_016575,emp_016577
emp_016576,emp_016577
emp_016577,emp_017699
emp_016578,emp_016577
emp_016579,emp_016584
emp_016580,emp_016584
emp_016581,emp_016584
emp_016582,emp_016584
emp_016583,emp_016584
emp_016584,emp_017699
emp_016585,emp_016592
emp_016586,emp_016592
emp_016587,emp_016592
emp_016588,emp_016592
emp_016589,emp_016592
emp_016590,emp_016592
emp_016591,emp_016592
emp_016592,emp_017699
emp_016593,emp_016592
emp_016594,emp_016592
emp_016595,emp_016600
emp_016596,emp_016600
emp_016597,emp_016600
emp_016598,emp_016600
emp_016599,emp_016600
emp_016600,emp_017699
emp_016601,emp_016600
emp_016602,emp_016600
emp_016603,emp_016604
emp_016604,emp_017699
emp_016605,emp_016604
emp_016606,emp_016604
emp_016607,emp_016604
emp_016608,emp_016613
emp_016609,emp_016613
emp_016610,emp_016613
emp_016611,emp_016613
emp_016612,emp_016613
emp_016613,emp_017699
emp_016614,emp_017699
emp_016615,emp_016614
emp_016616,emp_016614
emp_016617,emp_016614
emp_016618,emp_016614
emp_016619,emp_016614
emp_016620,emp_016614
emp_016621,emp_016622
emp_016622,emp_017699
emp_016623,emp_016622
emp_016624,emp_016622
emp_016625,emp_016622
emp_016626,emp_016622
emp_016627,emp_016628
emp_016628,emp_017699
emp_016629,emp_016628
emp_016630,emp_016628
emp_016631,emp_016628
emp_016632,emp_016635
emp_016633,emp_016635
emp_016634,emp_016635
emp_016635,emp_017699
emp_016636,emp_016635
emp_016637,emp_016635
emp_016638,emp_017699
emp_016639,emp_016638
emp_016640,emp_016638
emp_016641,emp_016638
emp_016642,emp_016638
emp_016643,emp_016645
emp_016644,emp_016645
emp_016645,emp_017699
emp_016646,emp_016645
emp_016647,emp_016645
emp_016648,emp_016645
emp_016649,emp_016645
emp_016650,emp_016645
emp_016651,emp_016645
emp_016652,emp_016653
emp_016653,emp_017699
emp_016654,emp_016653
emp_016655,emp_016653
emp_016656,emp_016653
emp_016657,emp_016653
emp_016658,emp_016653
emp_016659,emp_016653
emp_016660,emp_016653
emp_016661,emp_016663
emp_016662,emp_016663
emp_016663,emp_017699
emp_016664,emp_016663
emp_016665,emp_016663
emp_016666,emp_016668
emp_016667,emp_016668
emp_016668,emp_017699
emp_016669,emp_016668
emp_016670,emp_016668
emp_016671,emp_016668
emp_016672,emp_016668
emp_016673,emp_016668
emp_016674,emp_016679
emp_016675,emp_016679
emp_016676,emp_016679
emp_016677,emp_016679
emp_016678,emp_016679
emp_016679,emp_017699
emp_016680,emp_016682
emp_016681,emp_016682
emp_016682,emp_017699
emp_016683,emp_016682
emp_016684,emp_016689
emp_016685,emp_016689
emp_016686,emp_016689
emp_016687,emp_016689
emp_016688,emp_016689
emp_016689,emp_017699
emp_016690,emp_016692
emp_016691,emp_016692
emp_016692,emp_017699
emp_016693,emp_016692
emp_016694,emp_016692
emp_016695,emp_016692
emp_016696,emp_016692
emp_016697,emp_016692
emp_016698,emp_016704
emp_016699,emp_016704
emp_016700,emp_016704
emp_016701,emp_016704
emp_016702,emp_016704
emp_016703,emp_016704
emp_016704,emp_017699
emp_016705,emp_016704
emp_016706,emp_016704
emp_016707,emp_016708
emp_016708,emp_017699
emp_016709,emp_016708
emp_016710,emp_016708
emp_016711,emp_016708
emp_016712,emp_016708
emp_016713,emp_016714
emp_016714,emp_017699
emp_016715,emp_016714
emp_016716,emp_016714
emp_016717,emp_016714
emp_016718,emp_016714
emp_016719,emp_016723
emp_016720,emp_016723
emp_016721,emp_016723
emp_016722,emp_016723
emp_016723,emp_017699
emp_016724,emp_016723
emp_016725,emp_016723
emp_016726,emp_016723
emp_016727,emp_016731
emp_016728,emp_016731
emp_016729,emp_016731
emp_016730,emp_016731
emp_016731,emp_017699
emp_016732,emp_016731
emp_016733,emp_016731
emp_016734,emp_016731
emp_016735,emp_016737
emp_016736,emp_016737
emp_016737,emp_017699
emp_016738,emp_017699
emp_016739,emp_016738
emp_016740,emp_016738
emp_016741,emp_016738
emp_016742,emp_016738
emp_016743,emp_016738
emp_016744,emp_016738
emp_016745,emp_016738
emp_016746,emp_016738
emp_016747,emp_017699
emp_016748,emp_016747
emp_016749,emp_016747
emp_016750,emp_016747
emp_016751,emp_016754
emp_016752,emp_016754
emp_016753,emp_016754
emp_016754,emp_017699
emp_016755,emp_016754
emp_016756,emp_016754
emp_016757,emp_016754
emp_016758,emp_016754
emp_016759,emp_016764
emp_016760,emp_016764
emp_016761,emp_016764
emp_016762,emp_016764
emp_016763,emp_016764
emp_016764,emp_017699
emp_016765,emp_016764
emp_016766,emp_016764
emp_016767,emp_016764
emp_016768,emp_016772
emp_016769,emp_016772
emp_016770,emp_016772
emp_016771,emp_016772
emp_016772,emp_017699
emp_016773,emp_016772
emp_016774,emp_016772
emp_016775,emp_016776
emp_016776,emp_017699
emp_016777,emp_016776
emp_016778,emp_016776
emp_016779,emp_016776
emp_016780,emp_016781
emp_016781,emp_017699
emp_016782,emp_016781
emp_016783,emp_016781
emp_016784,emp_016781
emp_016785,emp_016781
emp_016786,emp_016794
emp_016787,emp_016794
emp_016788,emp_016794
emp_016789,emp_016794
emp_016790,emp_016794
emp_016791,emp_016794
emp_016792,emp_016794
emp_016793,emp_016794
emp_016794,emp_017699
emp_016795,emp_017699
emp_016796,emp_016795
emp_016797,emp_016795
emp_016798,emp_016795
emp_016799,emp_016795
emp_016800,emp_016802
emp_016801,emp_016802
emp_016802,emp_017699
emp_016803,emp_017699
emp_016804,emp_016803
emp_016805,emp_016803
emp_016806,emp_016803
emp_016807,emp_016803
emp_016808,emp_016803
emp_016809,emp_016803
emp_016810,emp_017699
emp_016811,emp_016810
emp_016812,emp_016810
emp_016813,emp_016810
emp_016814,emp_016810
emp_016815,emp_016810
emp_016816,emp_016818
emp_016817,emp_016818
emp_016818,emp_017699
emp_016819,emp_016818
emp_016820,emp_016818
emp_016821,emp_016825
emp_016822,emp_016825
emp_016823,emp_016825
emp_016824,emp_016825
emp_016825,emp_017699
emp_016826,emp_016825
emp_016827,emp_016825
emp_016828,emp_016825
emp_016829,emp_016836
emp_016830,emp_016836
emp_016831,emp_016836
emp_016832,emp_016836
emp_016833,emp_016836
emp_016834,emp_016836
emp_016835,emp_016836
emp_016836,emp_017699
emp_016837,emp_016839
emp_016838,emp_016839
emp_016839,emp_017699
emp_016840,emp_016839
emp_016841,emp_016839
emp_016842,emp_016839
emp_016843,emp_016839
emp_016844,emp_017699
emp_016845,emp_016844
emp_016846,emp_016844
emp_016847,emp_016844
emp_016848,emp_016844
emp_016849,emp_016844
emp_016850,emp_016854
emp_016851,emp_016854
emp_016852,emp_016854
emp_016853,emp_016854
emp_016854,emp_017699
emp_016855,emp_016856
emp_016856,emp_017699
emp_016857,emp_016856
emp_016858,emp_016856
emp_016859,emp_016856
emp_016860,emp_016856
emp_016861,emp_016862
emp_016862,emp_017699
emp_016863,emp_016866
emp_016864,emp_016866
emp_016865,emp_016866
emp_016866,emp_017699
emp_016867,emp_017699
emp_016868,emp_016867
emp_016869,emp_016867
emp_016870,emp_016867
emp_016871,emp_016867
emp_016872,emp_016874
emp_016873,emp_016874
emp_016874,emp_017699
emp_016875,emp_016874
emp_016876,emp_016874
emp_016877,emp_016874
emp_016878,emp_016874
emp_016879,emp_016880
emp_016880,emp_017699
emp_016881,emp_016884
emp_016882,emp_016884
emp_016883,emp_016884
emp_016884,emp_017699
emp_016885,emp_016884
emp_016886,emp_016884
emp_016887,emp_016890
emp_016888,emp_016890
emp_016889,emp_016890
emp_016890,emp_017699
emp_016891,emp_016890
emp_016892,emp_016890
emp_016893,emp_016890
emp_016894,emp_016890
emp_016895,emp_017699
emp_016896,emp_016895
emp_016897,emp_016895
emp_016898,emp_016895
emp_016899,emp_016895
emp_016900,emp_016895
emp_016901,emp_016904
emp_016902,emp_016904
emp_016903,emp_016904
emp_016904,emp_017699
emp_016905,emp_016904
emp_016906,emp_016911
emp_016907,emp_016911
emp_016908,emp_016911
emp_016909,emp_016911
emp_016910,emp_016911
emp_016911,emp_017699
emp_016912,emp_016911
emp_016913,emp_016911
emp_016914,emp_016911
emp_016915,emp_017699
emp_016916,emp_016915
emp_016917,emp_016915
emp_016918,emp_016915
emp_016919,emp_016915
emp_016920,emp_016915
emp_016921,emp_016915
emp_016922,emp_016915
emp_016923,emp_016931
emp_016924,emp_016931
emp_016925,emp_016931
emp_016926,emp_016931
emp_016927,emp_016931
emp_016928,emp_016931
emp_016929,emp_016931
emp_016930,emp_016931
emp_016931,emp_017699
emp_016932,emp_017699
emp_016933,emp_016932
emp_016934,emp_016932
emp_016935,emp_016932
emp_016936,emp_016932
emp_016937,emp_016932
emp_016938,emp_016939
emp_016939,emp_017699
emp_016940,emp_016939
emp_016941,emp_016939
emp_016942,emp_016939
emp_016943,emp_017699
emp_016944,emp_016943
emp_016945,emp_016943
emp_016946,emp_016943
emp_016947,emp_016949
emp_016948,emp_016949
emp_016949,emp_017699
emp_016950,emp_016949
emp_016951,emp_016949
emp_016952,emp_016953
emp_016953,emp_017699
emp_016954,emp_016953
emp_016955,emp_016953
emp_016956,emp_016953
emp_016957,emp_016953
emp_016958,emp_017699
emp_016959,emp_016958
emp_016960,emp_016958
emp_016961,emp_016958
emp_016962,emp_016958
emp_016963,emp_016958
emp_016964,emp_016972
emp_016965,emp_016972
emp_016966,emp_016972
emp_016967,emp_016972
emp_016968,emp_016972
emp_016969,emp_016972
emp_016970,emp_016972
emp_016971,emp_016972
emp_016972,emp_017699
emp_016973,emp_016977
emp_016974,emp_016977
emp_016975,emp_016977
emp_016976,emp_016977
emp_016977,emp_017699
emp_016978,emp_016977
emp_016979,emp_016977
emp_016980,emp_017699
emp_016981,emp_016980
emp_016982,emp_016980
emp_016983,emp_016980
emp_016984,emp_016980
emp_016985,emp_016980
emp_016986,emp_016980
emp_016987,emp_016988
emp_016988,emp_017699
emp_016989,emp_016988
emp_016990,emp_016988
emp_016991,emp_017699
emp_016992,emp_016991
emp_016993,emp_016991
emp_016994,emp_016991
emp_016995,emp_016991
emp_016996,emp_017000
emp_016997,emp_017000
emp_016998,emp_017000
emp_016999,emp_017000
emp_017000,emp_017699
emp_017001,emp_017000
emp_017002,emp_017699
emp_017003,emp_017002
emp_017004,emp_017002
emp_017005,emp_017002
emp_017006,emp_017002
emp_017007,emp_017002
emp_017008,emp_017002
emp_017009,emp_017699
emp_017010,emp_017009
emp_017011,emp_017009
emp_017012,emp_017009
emp_017013,emp_017009
emp_017014,emp_017009
emp_017015,emp_017009
emp_017016,emp_017018
emp_017017,emp_017018
emp_017018,emp_017699
emp_017019,emp_017018
emp_017020,emp_017018
emp_017021,emp_017018
emp_017022,emp_017699
emp_017023,emp_017022
emp_017024,emp_017022
emp_017025,emp_017022
emp_017026,emp_017022
emp_017027,emp_017022
emp_017028,emp_017699
emp_017029,emp_017028
emp_017030,emp_017038
emp_017031,emp_017038
emp_017032,emp_017038
emp_017033,emp_017038
emp_017034,emp_017038
emp_017035,emp_017038
emp_017036,emp_017038
emp_017037,emp_017038
emp_017038,emp_017699
emp_017039,emp_017038
emp_017040,emp_017038
emp_017041,emp_017046
emp_017042,emp_017046
emp_017043,emp_017046
emp_017044,emp_017046
emp_017045,emp_017046
emp_017046,emp_017699
emp_017047,emp_017048
emp_017048,emp_017699
emp_017049,emp_017048
emp_017050,emp_017048
emp_017051,emp_017053
emp_017052,emp_017053
emp_017053,emp_017699
emp_017054,emp_017053
emp_017055,emp_017058
emp_017056,emp_017058
emp_017057,emp_017058
emp_017058,emp_017699
emp_017059,emp_017058
emp_017060,emp_017058
emp_017061,emp_017699
emp_017062,emp_017061
emp_017063,emp_017061
emp_017064,emp_017061
emp_017065,emp_017061
emp_017066,emp_017068
emp_017067,emp_017068
emp_017068,emp_017699
emp_017069,emp_017068
emp_017070,emp_017068
emp_017071,emp_017068
emp_017072,emp_017068
emp_017073,emp_017076
emp_017074,emp_017076
emp_017075,emp_017076
emp_017076,emp_017699
emp_017077,emp_017079
emp_017078,emp_017079
emp_017079,emp_017699
emp_017080,emp_017079
emp_017081,emp_017079
emp_017082,emp_017079
emp_017083,emp_017088
emp_017084,emp_017088
emp_017085,emp_017088
emp_017086,emp_017088
emp_017087,emp_017088
emp_017088,emp_017699
emp_017089,emp_017088
emp_017090,emp_017088
emp_017091,emp_017088
emp_017092,emp_017094
emp_017093,emp_017094
emp_017094,emp_017699
emp_017095,emp_017094
emp_017096,emp_017094
emp_017097,emp_017100
emp_017098,emp_017100
emp_017099,emp_017100
emp_017100,emp_017699
emp_017101,emp_017102
emp_017102,emp_017699
emp_017103,emp_017102
emp_017104,emp_017102
emp_017105,emp_017107
emp_017106,emp_017107
emp_017107,emp_017699
emp_017108,emp_017107
emp_017109,emp_017107
emp_017110,emp_017113
emp_017111,emp_017113
emp_017112,emp_017113
emp_017113,emp_017699
emp_017114,emp_017113
emp_017115,emp_017113
emp_017116,emp_017117
emp_017117,emp_017699
emp_017118,emp_017117
emp_017119,emp_017117
emp_017120,emp_017117
emp_017121,emp_017117
emp_017122,emp_017117
emp_017123,emp_017117
emp_017124,emp_017117
emp_017125,emp_017127
emp_017126,emp_017127
emp_017127,emp_017699
emp_017128,emp_017127
emp_017129,emp_017127
emp_017130,emp_017127
emp_017131,emp_017127
emp_017132,emp_017127
emp_017133,emp_017699
emp_017134,emp_017133
emp_017135,emp_017133
emp_017136,emp_017140
emp_017137,emp_017140
emp_017138,emp_017140
emp_017139,emp_017140
emp_017140,emp_017699
emp_017141,emp_017140
emp_017142,emp_017143
emp_017143,emp_017699
emp_017144,emp_017143
emp_017145,emp_017143
emp_017146,emp_017150
emp_017147,emp_017150
emp_017148,emp_017150
emp_017149,emp_017150
emp_017150,emp_017699
emp_017151,emp_017150
emp_017152,emp_017699
emp_017153,emp_017152
emp_017154,emp_017152
emp_017155,emp_017152
emp_017156,emp_017152
emp_017157,emp_017699
emp_017158,emp_017157
emp_017159,emp_017157
emp_017160,emp_017157
emp_017161,emp_017157
emp_017162,emp_017157
emp_017163,emp_017157
emp_017164,emp_017157
emp_017165,emp_017699
emp_017166,emp_017165
emp_017167,emp_017165
emp_017168,emp_017165
emp_017169,emp_017165
emp_017170,emp_017165
emp_017171,emp_017175
emp_017172,emp_017175
emp_017173,emp_017175
emp_017174,emp_017175
emp_017175,emp_017699
emp_017176,emp_017175
emp_017177,emp_017175
emp_017178,emp_017175
emp_017179,emp_017175
emp_017180,emp_017185
emp_017181,emp_017185
emp_017182,emp_017185
emp_017183,emp_017185
emp_017184,emp_017185
emp_017185,emp_017699
emp_017186,emp_017185
emp_017187,emp_017194
emp_017188,emp_017194
emp_017189,emp_017194
emp_017190,emp_017194
emp_017191,emp_017194
emp_017192,emp_017194
emp_017193,emp_017194
emp_017194,emp_017699
emp_017195,emp_017194
emp_017196,emp_017194
emp_017197,emp_017198
emp_017198,emp_017699
emp_017199,emp_017198
emp_017200,emp_017198
emp_017201,emp_017198
emp_017202,emp_017198
emp_017203,emp_017198
emp_017204,emp_017699
emp_017205,emp_017204
emp_017206,emp_017204
emp_017207,emp_017204
emp_017208,emp_017204
emp_017209,emp_017212
emp_017210,emp_017212
emp_017211,emp_017212
emp_017212,emp_017699
emp_017213,emp_017212
emp_017214,emp_017212
emp_017215,emp_017212
emp_017216,emp_017212
emp_017217,emp_017212
emp_017218,emp_017220
emp_017219,emp_017220
emp_017220,emp_017699
emp_017221,emp_017220
emp_017222,emp_017220
emp_017223,emp_017220
emp_017224,emp_017225
emp_017225,emp_017699
emp_017226,emp_017225
emp_017227,emp_017232
emp_017228,emp_017232
emp_017229,emp_017232
emp_017230,emp_017232
emp_017231,emp_017232
emp_017232,emp_017699
emp_017233,emp_017232
emp_017234,emp_017241
emp_017235,emp_017241
emp_017236,emp_017241
emp_017237,emp_017241
emp_017238,emp_017241
emp_017239,emp_017241
emp_017240,emp_017241
emp_017241,emp_017699
emp_017242,emp_017241
emp_017243,emp_017244
emp_017244,emp_017699
emp_017245,emp_017244
emp_017246,emp_017244
emp_017247,emp_017244
emp_017248,emp_017699
emp_017249,emp_017248
emp_017250,emp_017248
emp_017251,emp_017248
emp_017252,emp_017248
emp_017253,emp_017248
emp_017254,emp_017258
emp_017255,emp_017258
emp_017256,emp_017258
emp_017257,emp_017258
emp_017258,emp_017699
emp_017259,emp_017258
emp_017260,emp_017258
emp_017261,emp_017258
emp_017262,emp_017263
emp_017263,emp_017699
emp_017264,emp_017263
emp_017265,emp_017263
emp_017266,emp_017263
emp_017267,emp_017263
emp_017268,emp_017699
emp_017269,emp_017268
emp_017270,emp_017268
emp_017271,emp_017268
emp_017272,emp_017268
emp_017273,emp_017268
emp_017274,emp_017276
emp_017275,emp_017276
emp_017276,emp_017699
emp_017277,emp_017699
emp_017278,emp_017277
emp_017279,emp_017277
emp_017280,emp_017277
emp_017281,emp_017282
emp_017282,emp_017699
emp_017283,emp_017282
emp_017284,emp_017282
emp_017285,emp_017288
emp_017286,emp_017288
emp_017287,emp_017288
emp_017288,emp_017699
emp_017289,emp_017288
emp_017290,emp_017288
emp_017291,emp_017288
emp_017292,emp_017288
emp_017293,emp_017294
emp_017294,emp_017699
emp_017295,emp_017294
emp_017296,emp_017294
emp_017297,emp_017294
emp_017298,emp_017294
emp_017299,emp_017294
emp_017300,emp_017304
emp_017301,emp_017304
emp_017302,emp_017304
emp_017303,emp_017304
emp_017304,emp_017699
emp_017305,emp_017304
emp_017306,emp_017699
emp_017307,emp_017306
emp_017308,emp_017306
emp_017309,emp_017306
emp_017310,emp_017306
emp_017311,emp_017306
emp_017312,emp_017306
emp_017313,emp_017306
emp_017314,emp_017317
emp_017315,emp_017317
emp_017316,emp_017317
emp_017317,emp_017699
emp_017318,emp_017317
emp_017319,emp_017317
emp_017320,emp_017317
emp_017321,emp_017317
emp_017322,emp_017317
emp_017323,emp_017317
emp_017324,emp_017325
emp_017325,emp_017699
emp_017326,emp_017325
emp_017327,emp_017325
emp_017328,emp_017325
emp_017329,emp_017325
emp_017330,emp_017325
emp_017331,emp_017332
emp_017332,emp_017699
emp_017333,emp_017332
emp_017334,emp_017332
emp_017335,emp_017699
emp_017336,emp_017335
emp_017337,emp_017335
emp_017338,emp_017335
emp_017339,emp_017335
emp_017340,emp_017335
emp_017341,emp_017342
emp_017342,emp_017699
emp_017343,emp_017344
emp_017344,emp_017699
emp_017345,emp_017344
emp_017346,emp_017344
emp_017347,emp_017344
emp_017348,emp_017349
emp_017349,emp_017699
emp_017350,emp_017349
emp_017351,emp_017349
emp_017352,emp_017349
emp_017353,emp_017349
emp_017354,emp_017699
emp_017355,emp_017354
emp_017356,emp_017354
emp_017357,emp_017360
emp_017358,emp_017360
emp_017359,emp_017360
emp_017360,emp_017699
emp_017361,emp_017360
emp_017362,emp_017360
emp_017363,emp_017360
emp_017364,emp_017699
emp_017365,emp_017364
emp_017366,emp_017364
emp_017367,emp_017364
emp_017368,emp_017364
emp_017369,emp_017364
emp_017370,emp_017364
emp_017371,emp_017364
emp_017372,emp_017699
emp_017373,emp_017372
emp_017374,emp_017372
emp_017375,emp_017372
emp_017376,emp_017372
emp_017377,emp_017381
emp_017378,emp_017381
emp_017379,emp_017381
emp_017380,emp_017381
emp_017381,emp_017699
emp_017382,emp_017388
emp_017383,emp_017388
emp_017384,emp_017388
emp_017385,emp_017388
emp_017386,emp_017388
emp_017387,emp_017388
emp_017388,emp_017699
emp_017389,emp_017388
emp_017390,emp_017395
emp_017391,emp_017395
emp_017392,emp_017395
emp_017393,emp_017395
emp_017394,emp_017395
emp_017395,emp_017699
emp_017396,emp_017395
emp_017397,emp_017405
emp_017398,emp_017405
emp_017399,emp_017405
emp_017400,emp_017405
emp_017401,emp_017405
emp_017402,emp_017405
emp_017403,emp_017405
emp_017404,emp_017405
emp_017405,emp_017699
emp_017406,emp_017409
emp_017407,emp_017409
emp_017408,emp_017409
emp_017409,emp_017699
emp_017410,emp_017409
emp_017411,emp_017409
emp_017412,emp_017409
emp_017413,emp_017409
emp_017414,emp_017409
emp_017415,emp_017416
emp_017416,emp_017699
emp_017417,emp_017416
emp_017418,emp_017416
emp_017419,emp_017699
emp_017420,emp_017419
emp_017421,emp_017419
emp_017422,emp_017419
emp_017423,emp_017419
emp_017424,emp_017427
emp_017425,emp_017427
emp_017426,emp_017427
emp_017427,emp_017699
emp_017428,emp_017699
emp_017429,emp_017428
emp_017430,emp_017428
emp_017431,emp_017428
emp_017432,emp_017428
emp_017433,emp_017428
emp_017434,emp_017436
emp_017435,emp_017436
emp_017436,emp_017699
emp_017437,emp_017442
emp_017438,emp_017442
emp_017439,emp_017442
emp_017440,emp_017442
emp_017441,emp_017442
emp_017442,emp_017699
emp_017443,emp_017699
emp_017444,emp_017443
emp_017445,emp_017443
emp_017446,emp_017443
emp_017447,emp_017443
emp_017448,emp_017443
emp_017449,emp_017450
emp_017450,emp_017699
emp_017451,emp_017450
emp_017452,emp_017450
emp_017453,emp_017450
emp_017454,emp_017450
emp_017455,emp_017450
emp_017456,emp_017450
emp_017457,emp_017463
emp_017458,emp_017463
emp_017459,emp_017463
emp_017460,emp_017463
emp_017461,emp_017463
emp_017462,emp_017463
emp_017463,emp_017699
emp_017464,emp_017463
emp_017465,emp_017463
emp_017466,emp_017467
emp_017467,emp_017699
emp_017468,emp_017467
emp_017469,emp_017467
emp_017470,emp_017467
emp_017471,emp_017467
emp_017472,emp_017467
emp_017473,emp_017467
emp_017474,emp_017467
emp_017475,emp_017467
emp_017476,emp_017477
emp_017477,emp_017699
emp_017478,emp_017699
emp_017479,emp_017478
emp_017480,emp_017478
emp_017481,emp_017478
emp_017482,emp_017478
emp_017483,emp_017478
emp_017484,emp_017478
emp_017485,emp_017486
emp_017486,emp_017699
emp_017487,emp_017486
emp_017488,emp_017486
emp_017489,emp_017486
emp_017490,emp_017486
emp_017491,emp_017493
emp_017492,emp_017493
emp_017493,emp_017699
emp_017494,emp_017493
emp_017495,emp_017500
emp_017496,emp_017500
emp_017497,emp_017500
emp_017498,emp_017500
emp_017499,emp_017500
emp_017500,emp_017699
emp_017501,emp_017500
emp_017502,emp_017500
emp_017503,emp_017500
emp_017504,emp_017500
emp_017505,emp_017509
emp_017506,emp_017509
emp_017507,emp_017509
emp_017508,emp_017509
emp_017509,emp_017699
emp_017510,emp_017509
emp_017511,emp_017512
emp_017512,emp_017699
emp_017513,emp_017512
emp_017514,emp_017512
emp_017515,emp_017512
emp_017516,emp_017512
emp_017517,emp_017512
emp_017518,emp_017512
emp_017519,emp_017523
emp_017520,emp_017523
emp_017521,emp_017523
emp_017522,emp_017523
emp_017523,emp_017699
emp_017524,emp_017523
emp_017525,emp_017523
emp_017526,emp_017523
emp_017527,emp_017523
emp_017528,emp_017532
emp_017529,emp_017532
emp_017530,emp_017532
emp_017531,emp_017532
emp_017532,emp_017699
emp_017533,emp_017532
emp_017534,emp_017537
emp_017535,emp_017537
emp_017536,emp_017537
emp_017537,emp_017699
emp_017538,emp_017537
emp_017539,emp_017537
emp_017540,emp_017537
emp_017541,emp_017537
emp_017542,emp_017537
emp_017543,emp_017537
emp_017544,emp_017699
emp_017545,emp_017544
emp_017546,emp_017699
emp_017547,emp_017546
emp_017548,emp_017546
emp_017549,emp_017546
emp_017550,emp_017546
emp_017551,emp_017546
emp_017552,emp_017546
emp_017553,emp_017546
emp_017554,emp_017546
emp_017555,emp_017699
emp_017556,emp_017555
emp_017557,emp_017555
emp_017558,emp_017555
emp_017559,emp_017561
emp_017560,emp_017561
emp_017561,emp_017699
emp_017562,emp_017561
emp_017563,emp_017561
emp_017564,emp_017561
emp_017565,emp_017561
emp_017566,emp_017561
emp_017567,emp_017699
emp_017568,emp_017567
emp_017569,emp_017567
emp_017570,emp_017567
emp_017571,emp_017567
emp_017572,emp_017577
emp_017573,emp_017577
emp_017574,emp_017577
emp_017575,emp_017577
emp_017576,emp_017577
emp_017577,emp_017699
emp_017578,emp_017580
emp_017579,emp_017580
emp_017580,emp_017699
emp_017581,emp_017580
emp_017582,emp_017580
emp_017583,emp_017580
emp_017584,emp_017580
emp_017585,emp_017580
emp_017586,emp_017591
emp_017587,emp_017591
emp_017588,emp_017591
emp_017589,emp_017591
emp_017590,emp_017591
emp_017591,emp_017699
emp_017592,emp_017591
emp_017593,emp_017591
emp_017594,emp_017598
emp_017595,emp_017598
emp_017596,emp_017598
emp_017597,emp_017598
emp_017598,emp_017699
emp_017599,emp_017598
emp_017600,emp_017598
emp_017601,emp_017598
emp_017602,emp_017598
emp_017603,emp_017598
emp_017604,emp_017608
emp_017605,emp_017608
emp_017606,emp_017608
emp_017607,emp_017608
emp_017608,emp_017699
emp_017609,emp_017608
emp_017610,emp_017608
emp_017611,emp_017608
emp_017612,emp_017608
emp_017613,emp_017608
emp_017614,emp_017699
emp_017615,emp_017614
emp_017616,emp_017614
emp_017617,emp_017614
emp_017618,emp_017614
emp_017619,emp_017621
emp_017620,emp_017621
emp_017621,emp_017699
emp_017622,emp_017621
emp_017623,emp_017621
emp_017624,emp_017621
emp_017625,emp_017629
emp_017626,emp_017629
emp_017627,emp_017629
emp_017628,emp_017629
emp_017629,emp_017699
emp_017630,emp_017629
emp_017631,emp_017629
emp_017632,emp_017629
emp_017633,emp_017635
emp_017634,emp_017635
emp_017635,emp_017699
emp_017636,emp_017635
emp_017637,emp_017635
emp_017638,emp_017635
emp_017639,emp_017635
emp_017640,emp_017699
emp_017641,emp_017640
emp_017642,emp_017640
emp_017643,emp_017640
emp_017644,emp_017640
emp_017645,emp_017651
emp_017646,emp_017651
emp_017647,emp_017651
emp_017648,emp_017651
emp_017649,emp_017651
emp_017650,emp_017651
emp_017651,emp_017699
emp_017652,emp_017658
emp_017653,emp_017658
emp_017654,emp_017658
emp_017655,emp_017658
emp_017656,emp_017658
emp_017657,emp_017658
emp_017658,emp_017699
emp_017659,emp_017658
emp_017660,emp_017699
emp_017661,emp_017660
emp_017662,emp_017660
emp_017663,emp_017660
emp_017664,emp_017660
emp_017665,emp_017660
emp_017666,emp_017660
emp_017667,emp_017660
emp_017668,emp_017673
emp_017669,emp_017673
emp_017670,emp_017673
emp_017671,emp_017673
emp_017672,emp_017673
emp_017673,emp_017699
emp_017674,emp_017673
emp_017675,emp_017673
emp_017676,emp_017673
emp_017677,emp_017673
emp_017678,emp_017680
emp_017679,emp_017680
emp_017680,emp_017699
emp_017681,emp_017680
emp_017682,emp_017680
emp_017683,emp_017686
emp_017684,emp_017686
emp_017685,emp_017686
emp_017686,emp_017699
emp_017687,emp_017686
emp_017688,emp_017686
emp_017689,emp_017699
emp_017690,emp_017689
emp_017691,emp_017689
emp_017692,emp_017689
emp_017693,emp_017689
emp_017694,emp_017689
emp_017695,emp_017689
emp_017696,emp_017699
emp_017697,emp_017699
emp_017698,emp_017699
emp_017699,emp_023036
emp_017700,emp_017704
emp_017701,emp_017704
emp_017702,emp_017704
emp_017703,emp_017704
emp_017704,emp_017699
emp_017705,emp_017707
emp_017706,emp_017707
emp_017707,emp_017699
emp_017708,emp_017707
emp_017709,emp_017707
emp_017710,emp_017707
emp_017711,emp_017699
emp_017712,emp_017711
emp_017713,emp_017711
emp_017714,emp_017711
emp_017715,emp_017717
emp_017716,emp_017717
emp_017717,emp_017699
emp_017718,emp_017717
emp_017719,emp_017720
emp_017720,emp_017699
emp_017721,emp_017720
emp_017722,emp_017720
emp_017723,emp_017720
emp_017724,emp_017720
emp_017725,emp_017720
emp_017726,emp_017720
emp_017727,emp_017720
emp_017728,emp_017699
emp_017729,emp_017728
emp_017730,emp_017728
emp_017731,emp_017728
emp_017732,emp_017699
emp_017733,emp_017732
emp_017734,emp_017732
emp_017735,emp_017732
emp_017736,emp_017732
emp_017737,emp_017732
emp_017738,emp_017732
emp_017739,emp_017732
emp_017740,emp_017732
emp_017741,emp_017745
emp_017742,emp_017745
emp_017743,emp_017745
emp_017744,emp_017745
emp_017745,emp_017699
emp_017746,emp_017745
emp_017747,emp_017745
emp_017748,emp_017745
emp_017749,emp_017753
emp_017750,emp_017753
emp_017751,emp_017753
emp_017752,emp_017753
emp_017753,emp_017699
emp_017754,emp_017758
emp_017755,emp_017758
emp_017756,emp_017758
emp_017757,emp_017758
emp_017758,emp_017699
emp_017759,emp_017758
emp_017760,emp_017758
emp_017761,emp_017758
emp_017762,emp_017765
emp_017763,emp_017765
emp_017764,emp_017765
emp_017765,emp_017699
emp_017766,emp_017765
emp_017767,emp_017771
emp_017768,emp_017771
emp_017769,emp_017771
emp_017770,emp_017771
emp_017771,emp_017699
emp_017772,emp_017771
emp_017773,emp_017776
emp_017774,emp_017776
emp_017775,emp_017776
emp_017776,emp_017699
emp_017777,emp_017776
emp_017778,emp_017780
emp_017779,emp_017780
emp_017780,emp_017699
emp_017781,emp_017780
emp_017782,emp_017780
emp_017783,emp_017788
emp_017784,emp_017788
emp_017785,emp_017788
emp_017786,emp_017788
emp_017787,emp_017788
emp_017788,emp_017699
emp_017789,emp_017788
emp_017790,emp_017788
emp_017791,emp_017788
emp_017792,emp_017699
emp_017793,emp_017792
emp_017794,emp_017792
emp_017795,emp_017792
emp_017796,emp_017792
emp_017797,emp_017792
emp_017798,emp_017792
emp_017799,emp_017801
emp_017800,emp_017801
emp_017801,emp_017699
emp_017802,emp_017801
emp_017803,emp_017801
emp_017804,emp_017801
emp_017805,emp_017801
emp_017806,emp_017801
emp_017807,emp_017699
emp_017808,emp_017807
emp_017809,emp_017807
emp_017810,emp_017807
emp_017811,emp_017807
emp_017812,emp_017807
emp_017813,emp_017807
emp_017814,emp_017820
emp_017815,emp_017820
emp_017816,emp_017820
emp_017817,emp_017820
emp_017818,emp_017820
emp_017819,emp_017820
emp_017820,emp_017699
emp_017821,emp_017820
emp_017822,emp_017820
emp_017823,emp_017820
emp_017824,emp_017820
emp_017825,emp_017820
emp_017826,emp_017820
emp_017827,emp_017829
emp_017828,emp_017829
emp_017829,emp_017699
emp_017830,emp_017829
emp_017831,emp_017832
emp_017832,emp_017699
emp_017833,emp_017832
emp_017834,emp_017832
emp_017835,emp_017832
emp_017836,emp_017832
emp_017837,emp_017832
emp_017838,emp_017832
emp_017839,emp_017842
emp_017840,emp_017842
emp_017841,emp_017842
emp_017842,emp_017699
emp_017843,emp_017842
emp_017844,emp_017842
emp_017845,emp_017842
emp_017846,emp_017842
emp_017847,emp_017842
emp_017848,emp_017842
emp_017849,emp_017850
emp_017850,emp_017699
emp_017851,emp_017850
emp_017852,emp_017850
emp_017853,emp_017850
emp_017854,emp_017858
emp_017855,emp_017858
emp_017856,emp_017858
emp_017857,emp_017858
emp_017858,emp_017699
emp_017859,emp_017858
emp_017860,emp_017858
emp_017861,emp_017870
emp_017862,emp_017870
emp_017863,emp_017870
emp_017864,emp_017870
emp_017865,emp_017870
emp_017866,emp_017870
emp_017867,emp_017870
emp_017868,emp_017870
emp_017869,emp_017870
emp_017870,emp_017699
emp_017871,emp_017879
emp_017872,emp_017879
emp_017873,emp_017879
emp_017874,emp_017879
emp_017875,emp_017879
emp_017876,emp_017879
emp_017877,emp_017879
emp_017878,emp_017879
emp_017879,emp_017699
emp_017880,emp_017879
emp_017881,emp_017879
emp_017882,emp_017886
emp_017883,emp_017886
emp_017884,emp_017886
emp_017885,emp_017886
emp_017886,emp_019687
emp_017887,emp_017886
emp_017888,emp_017886
emp_017889,emp_017886
emp_017890,emp_017886
emp_017891,emp_017886
emp_017892,emp_017893
emp_017893,emp_019687
emp_017894,emp_017893
emp_017895,emp_017893
emp_017896,emp_017893
emp_017897,emp_017893
emp_017898,emp_017893
emp_017899,emp_017893
emp_017900,emp_017893
emp_017901,emp_017893
emp_017902,emp_017893
emp_017903,emp_019687
emp_017904,emp_017903
emp_017905,emp_017903
emp_017906,emp_017903
emp_017907,emp_017903
emp_017908,emp_017903
emp_017909,emp_017903
emp_017910,emp_017903
emp_017911,emp_017912
emp_017912,emp_019687
emp_017913,emp_017912
emp_017914,emp_017912
emp_017915,emp_017912
emp_017916,emp_017912
emp_017917,emp_017912
emp_017918,emp_017923
emp_017919,emp_017923
emp_017920,emp_017923
emp_017921,emp_017923
emp_017922,emp_017923
emp_017923,emp_019687
emp_017924,emp_017923
emp_017925,emp_017923
emp_017926,emp_017923
emp_017927,emp_019687
emp_017928,emp_017927
emp_017929,emp_017927
emp_017930,emp_017927
emp_017931,emp_017927
emp_017932,emp_017927
emp_017933,emp_017927
emp_017934,emp_017927
emp_017935,emp_017927
emp_017936,emp_017927
emp_017937,emp_017941
emp_017938,emp_017941
emp_017939,emp_017941
emp_017940,emp_017941
emp_017941,emp_019687
emp_017942,emp_017943
emp_017943,emp_019687
emp_017944,emp_017943
emp_017945,emp_017943
emp_017946,emp_017943
emp_017947,emp_017943
emp_017948,emp_017943
emp_017949,emp_017943
emp_017950,emp_017943
emp_017951,emp_017943
emp_017952,emp_017943
emp_017953,emp_019687
emp_017954,emp_017953
emp_017955,emp_017953
emp_017956,emp_017953
emp_017957,emp_017953
emp_017958,emp_017953
emp_017959,emp_017953
emp_017960,emp_017961
emp_017961,emp_019687
emp_017962,emp_017961
emp_017963,emp_017961
emp_017964,emp_017961
emp_017965,emp_017969
emp_017966,emp_017969
emp_017967,emp_017969
emp_017968,emp_017969
emp_017969,emp_019687
emp_017970,emp_017969
emp_017971,emp_017969
emp_017972,emp_017969
emp_017973,emp_017969
emp_017974,emp_017969
emp_017975,emp_019687
emp_017976,emp_017975
emp_017977,emp_017975
emp_017978,emp_017975
emp_017979,emp_017975
emp_017980,emp_017975
emp_017981,emp_017983
emp_017982,emp_017983
emp_017983,emp_019687
emp_017984,emp_017983
emp_017985,emp_017983
emp_017986,emp_019687
emp_017987,emp_017986
emp_017988,emp_017986
emp_017989,emp_017986
emp_017990,emp_017986
emp_017991,emp_017986
emp_017992,emp_017986
emp_017993,emp_017986
emp_017994,emp_019687
emp_017995,emp_017994
emp_017996,emp_017994
emp_017997,emp_017994
emp_017998,emp_017994
emp_017999,emp_017994
emp_018000,emp_018001
emp_018001,emp_019687
emp_018002,emp_018001
emp_018003,emp_018001
emp_018004,emp_018001
emp_018005,emp_018012
emp_018006,emp_018012
emp_018007,emp_018012
emp_018008,emp_018012
emp_018009,emp_018012
emp_018010,emp_018012
emp_018011,emp_018012
emp_018012,emp_019687
emp_018013,emp_018012
emp_018014,emp_018012
emp_018015,emp_019687
emp_018016,emp_018015
emp_018017,emp_018015
emp_018018,emp_018015
emp_018019,emp_018022
emp_018020,emp_018022
emp_018021,emp_018022
emp_018022,emp_019687
emp_018023,emp_018022
emp_018024,emp_018022
emp_018025,emp_018022
emp_018026,emp_018034
emp_018027,emp_018034
emp_018028,emp_018034
emp_018029,emp_018034
emp_018030,emp_018034
emp_018031,emp_018034
emp_018032,emp_018034
emp_018033,emp_018034
emp_018034,emp_019687
emp_018035,emp_018040
emp_018036,emp_018040
emp_018037,emp_018040
emp_018038,emp_018040
emp_018039,emp_018040
emp_018040,emp_019687
emp_018041,emp_018040
emp_018042,emp_018040
emp_018043,emp_018045
emp_018044,emp_018045
emp_018045,emp_019687
emp_018046,emp_018045
emp_018047,emp_019687
emp_018048,emp_018047
emp_018049,emp_018047
emp_018050,emp_018047
emp_018051,emp_018047
emp_018052,emp_018047
emp_018053,emp_018054
emp_018054,emp_019687
emp_018055,emp_018054
emp_018056,emp_018054
emp_018057,emp_018054
emp_018058,emp_018064
emp_018059,emp_018064
emp_018060,emp_018064
emp_018061,emp_018064
emp_018062,emp_018064
emp_018063,emp_018064
emp_018064,emp_019687
emp_018065,emp_018064
emp_018066,emp_019687
emp_018067,emp_018066
emp_018068,emp_018066
emp_018069,emp_018066
emp_018070,emp_018079
emp_018071,emp_018079
emp_018072,emp_018079
emp_018073,emp_018079
emp_018074,emp_018079
emp_018075,emp_018079
emp_018076,emp_018079
emp_018077,emp_018079
emp_018078,emp_018079
emp_018079,emp_019687
emp_018080,emp_018079
emp_018081,emp_018083
emp_018082,emp_018083
emp_018083,emp_019687
emp_018084,emp_018083
emp_018085,emp_018083
emp_018086,emp_018083
emp_018087,emp_018088
emp_018088,emp_019687
emp_018089,emp_018088
emp_018090,emp_018088
emp_018091,emp_018088
emp_018092,emp_018088
emp_018093,emp_018094
emp_018094,emp_019687
emp_018095,emp_018094
emp_018096,emp_018094
emp_018097,emp_018101
emp_018098,emp_018101
emp_018099,emp_018101
emp_018100,emp_018101
emp_018101,emp_019687
emp_018102,emp_018101
emp_018103,emp_018101
emp_018104,emp_019687
emp_018105,emp_018104
emp_018106,emp_018104
emp_018107,emp_018104
emp_018108,emp_018104
emp_018109,emp_018104
emp_018110,emp_018114
emp_018111,emp_018114
emp_018112,emp_018114
emp_018113,emp_018114
emp_018114,emp_019687
emp_018115,emp_019687
emp_018116,emp_018115
emp_018117,emp_018115
emp_018118,emp_018119
emp_018119,emp_019687
emp_018120,emp_018119
emp_018121,emp_018119
emp_018122,emp_018119
emp_018123,emp_018119
emp_018124,emp_018119
emp_018125,emp_018119
emp_018126,emp_018119
emp_018127,emp_018131
emp_018128,emp_018131
emp_018129,emp_018131
emp_018130,emp_018131
emp_018131,emp_019687
emp_018132,emp_018131
emp_018133,emp_018131
emp_018134,emp_018135
emp_018135,emp_019687
emp_018136,emp_018135
emp_018137,emp_018135
emp_018138,emp_018141
emp_018139,emp_018141
emp_018140,emp_018141
emp_018141,emp_019687
emp_018142,emp_018141
emp_018143,emp_019687
emp_018144,emp_018143
emp_018145,emp_018143
emp_018146,emp_018143
emp_018147,emp_018143
emp_018148,emp_018143
emp_018149,emp_018143
emp_018150,emp_018143
emp_018151,emp_018153
emp_018152,emp_018153
emp_018153,emp_019687
emp_018154,emp_018153
emp_018155,emp_018153
emp_018156,emp_018153
emp_018157,emp_019687
emp_018158,emp_018157
emp_018159,emp_018157
emp_018160,emp_018157
emp_018161,emp_018157
emp_018162,emp_018157
emp_018163,emp_018157
emp_018164,emp_019687
emp_018165,emp_018164
emp_018166,emp_018164
emp_018167,emp_018164
emp_018168,emp_018169
emp_018169,emp_019687
emp_018170,emp_018169
emp_018171,emp_018169
emp_018172,emp_018169
emp_018173,emp_018169
emp_018174,emp_018169
emp_018175,emp_018169
emp_018176,emp_018169
emp_018177,emp_019687
emp_018178,emp_018177
emp_018179,emp_018177
emp_018180,emp_018183
emp_018181,emp_018183
emp_018182,emp_018183
emp_018183,emp_019687
emp_018184,emp_018183
emp_018185,emp_018183
emp_018186,emp_018187
emp_018187,emp_019687
emp_018188,emp_018187
emp_018189,emp_018194
emp_018190,emp_018194
emp_018191,emp_018194
emp_018192,emp_018194
emp_018193,emp_018194
emp_018194,emp_019687
emp_018195,emp_018194
emp_018196,emp_018201
emp_018197,emp_018201
emp_018198,emp_018201
emp_018199,emp_018201
emp_018200,emp_018201
emp_018201,emp_019687
emp_018202,emp_018201
emp_018203,emp_019687
emp_018204,emp_018203
emp_018205,emp_018203
emp_018206,emp_018203
emp_018207,emp_018203
emp_018208,emp_018203
emp_018209,emp_018210
emp_018210,emp_019687
emp_018211,emp_018210
emp_018212,emp_018210
emp_018213,emp_018210
emp_018214,emp_018210
emp_018215,emp_018210
emp_018216,emp_018210
emp_018217,emp_018220
emp_018218,emp_018220
emp_018219,emp_018220
emp_018220,emp_019687
emp_018221,emp_018220
emp_018222,emp_018220
emp_018223,emp_018220
emp_018224,emp_018220
emp_018225,emp_019687
emp_018226,emp_018225
emp_018227,emp_018225
emp_018228,emp_018225
emp_018229,emp_018233
emp_018230,emp_018233
emp_018231,emp_018233
emp_018232,emp_018233
emp_018233,emp_019687
emp_018234,emp_018233
emp_018235,emp_018236
emp_018236,emp_019687
emp_018237,emp_018236
emp_018238,emp_018236
emp_018239,emp_018241
emp_018240,emp_018241
emp_018241,emp_019687
emp_018242,emp_018241
emp_018243,emp_018241
emp_018244,emp_018241
emp_018245,emp_018241
emp_018246,emp_018241
emp_018247,emp_018241
emp_018248,emp_019687
emp_018249,emp_018248
emp_018250,emp_018251
emp_018251,emp_019687
emp_018252,emp_018251
emp_018253,emp_018251
emp_018254,emp_019687
emp_018255,emp_018254
emp_018256,emp_018254
emp_018257,emp_018254
emp_018258,emp_018254
emp_018259,emp_019687
emp_018260,emp_018259
emp_018261,emp_018259
emp_018262,emp_018259
emp_018263,emp_018259
emp_018264,emp_018259
emp_018265,emp_018269
emp_018266,emp_018269
emp_018267,emp_018269
emp_018268,emp_018269
emp_018269,emp_019687
emp_018270,emp_018269
emp_018271,emp_018269
emp_018272,emp_018269
emp_018273,emp_018269
emp_018274,emp_018276
emp_018275,emp_018276
emp_018276,emp_019687
emp_018277,emp_018276
emp_018278,emp_018279
emp_018279,emp_019687
emp_018280,emp_018279
emp_018281,emp_018279
emp_018282,emp_018279
emp_018283,emp_018279
emp_018284,emp_018285
emp_018285,emp_019687
emp_018286,emp_018285
emp_018287,emp_018285
emp_018288,emp_018285
emp_018289,emp_018285
emp_018290,emp_018285
emp_018291,emp_018292
emp_018292,emp_019687
emp_018293,emp_018292
emp_018294,emp_018292
emp_018295,emp_018292
emp_018296,emp_018292
emp_018297,emp_018292
emp_018298,emp_018292
emp_018299,emp_018301
emp_018300,emp_018301
emp_018301,emp_019687
emp_018302,emp_018301
emp_018303,emp_018301
emp_018304,emp_018301
emp_018305,emp_018311
emp_018306,emp_018311
emp_018307,emp_018311
emp_018308,emp_018311
emp_018309,emp_018311
emp_018310,emp_018311
emp_018311,emp_019687
emp_018312,emp_018317
emp_018313,emp_018317
emp_018314,emp_018317
emp_018315,emp_018317
emp_018316,emp_018317
emp_018317,emp_019687
emp_018318,emp_018317
emp_018319,emp_018324
emp_018320,emp_018324
emp_018321,emp_018324
emp_018322,emp_018324
emp_018323,emp_018324
emp_018324,emp_019687
emp_018325,emp_018324
emp_018326,emp_018329
emp_018327,emp_018329
emp_018328,emp_018329
emp_018329,emp_019687
emp_018330,emp_018329
emp_018331,emp_018329
emp_018332,emp_018329
emp_018333,emp_019687
emp_018334,emp_018333
emp_018335,emp_018333
emp_018336,emp_018341
emp_018337,emp_018341
emp_018338,emp_018341
emp_018339,emp_018341
emp_018340,emp_018341
emp_018341,emp_019687
emp_018342,emp_018341
emp_018343,emp_019687
emp_018344,emp_018343
emp_018345,emp_018343
emp_018346,emp_018343
emp_018347,emp_018343
emp_018348,emp_018343
emp_018349,emp_018354
emp_018350,emp_018354
emp_018351,emp_018354
emp_018352,emp_018354
emp_018353,emp_018354
emp_018354,emp_019687
emp_018355,emp_018356
emp_018356,emp_019687
emp_018357,emp_018356
emp_018358,emp_018356
emp_018359,emp_018356
emp_018360,emp_018356
emp_018361,emp_018356
emp_018362,emp_018356
emp_018363,emp_018364
emp_018364,emp_019687
emp_018365,emp_018364
emp_018366,emp_018364
emp_018367,emp_018364
emp_018368,emp_018364
emp_018369,emp_018364
emp_018370,emp_018364
emp_018371,emp_018373
emp_018372,emp_018373
emp_018373,emp_019687
emp_018374,emp_018373
emp_018375,emp_018373
emp_018376,emp_018373
emp_018377,emp_018373
emp_018378,emp_018373
emp_018379,emp_018373
emp_018380,emp_018386
emp_018381,emp_018386
emp_018382,emp_018386
emp_018383,emp_018386
emp_018384,emp_018386
emp_018385,emp_018386
emp_018386,emp_019687
emp_018387,emp_018390
emp_018388,emp_018390
emp_018389,emp_018390
emp_018390,emp_019687
emp_018391,emp_018390
emp_018392,emp_018390
emp_018393,emp_018394
emp_018394,emp_019687
emp_018395,emp_018394
emp_018396,emp_018394
emp_018397,emp_018394
emp_018398,emp_018394
emp_018399,emp_018394
emp_018400,emp_018403
emp_018401,emp_018403
emp_018402,emp_018403
emp_018403,emp_019687
emp_018404,emp_018407
emp_018405,emp_018407
emp_018406,emp_018407
emp_018407,emp_019687
emp_018408,emp_018407
emp_018409,emp_018407
emp_018410,emp_019687
emp_018411,emp_018410
emp_018412,emp_018410
emp_018413,emp_018410
emp_018414,emp_018417
emp_018415,emp_018417
emp_018416,emp_018417
emp_018417,emp_019687
emp_018418,emp_018417
emp_018419,emp_018417
emp_018420,emp_018417
emp_018421,emp_018417
emp_018422,emp_018417
emp_018423,emp_018417
emp_018424,emp_018417
emp_018425,emp_018426
emp_018426,emp_019687
emp_018427,emp_018426
emp_018428,emp_018426
emp_018429,emp_018426
emp_018430,emp_018426
emp_018431,emp_018426
emp_018432,emp_018426
emp_018433,emp_019687
emp_018434,emp_018433
emp_018435,emp_018433
emp_018436,emp_018433
emp_018437,emp_018433
emp_018438,emp_018433
emp_018439,emp_018433
emp_018440,emp_018443
emp_018441,emp_018443
emp_018442,emp_018443
emp_018443,emp_019687
emp_018444,emp_018443
emp_018445,emp_018443
emp_018446,emp_018443
emp_018447,emp_018443
emp_018448,emp_018443
emp_018449,emp_019687
emp_018450,emp_018449
emp_018451,emp_018449
emp_018452,emp_018449
emp_018453,emp_018449
emp_018454,emp_018449
emp_018455,emp_018449
emp_018456,emp_018449
emp_018457,emp_018449
emp_018458,emp_018464
emp_018459,emp_018464
emp_018460,emp_018464
emp_018461,emp_018464
emp_018462,emp_018464
emp_018463,emp_018464
emp_018464,emp_019687
emp_018465,emp_018466
emp_018466,emp_019687
emp_018467,emp_018466
emp_018468,emp_018466
emp_018469,emp_018466
emp_018470,emp_018466
emp_018471,emp_018466
emp_018472,emp_018466
emp_018473,emp_018466
emp_018474,emp_018476
emp_018475,emp_018476
emp_018476,emp_019687
emp_018477,emp_018476
emp_018478,emp_018476
emp_018479,emp_018476
emp_018480,emp_018476
emp_018481,emp_018489
emp_018482,emp_018489
emp_018483,emp_018489
emp_018484,emp_018489
emp_018485,emp_018489
emp_018486,emp_018489
emp_018487,emp_018489
emp_018488,emp_018489
emp_018489,emp_019687
emp_018490,emp_019687
emp_018491,emp_018490
emp_018492,emp_018490
emp_018493,emp_018490
emp_018494,emp_018490
emp_018495,emp_018490
emp_018496,emp_018502
emp_018497,emp_018502
emp_018498,emp_018502
emp_018499,emp_018502
emp_018500,emp_018502
emp_018501,emp_018502
emp_018502,emp_019687
emp_018503,emp_018506
emp_018504,emp_018506
emp_018505,emp_018506
emp_018506,emp_019687
emp_018507,emp_018506
emp_018508,emp_018506
emp_018509,emp_018506
emp_018510,emp_018513
emp_018511,emp_018513
emp_018512,emp_018513
emp_018513,emp_019687
emp_018514,emp_018513
emp_018515,emp_018513
emp_018516,emp_018513
emp_018517,emp_018513
emp_018518,emp_019687
emp_018519,emp_018518
emp_018520,emp_018518
emp_018521,emp_018518
emp_018522,emp_018518
emp_018523,emp_018525
emp_018524,emp_018525
emp_018525,emp_019687
emp_018526,emp_018525
emp_018527,emp_018525
emp_018528,emp_018525
emp_018529,emp_018525
emp_018530,emp_018533
emp_018531,emp_018533
emp_018532,emp_018533
emp_018533,emp_019687
emp_018534,emp_018533
emp_018535,emp_019687
emp_018536,emp_018535
emp_018537,emp_018535
emp_018538,emp_018535
emp_018539,emp_018535
emp_018540,emp_018535
emp_018541,emp_018535
emp_018542,emp_018544
emp_018543,emp_018544
emp_018544,emp_019687
emp_018545,emp_019687
emp_018546,emp_018545
emp_018547,emp_019687
emp_018548,emp_018547
emp_018549,emp_018547
emp_018550,emp_018547
emp_018551,emp_018547
emp_018552,emp_018547
emp_018553,emp_018557
emp_018554,emp_018557
emp_018555,emp_018557
emp_018556,emp_018557
emp_018557,emp_019687
emp_018558,emp_018557
emp_018559,emp_018557
emp_018560,emp_018562
emp_018561,emp_018562
emp_018562,emp_019687
emp_018563,emp_018562
emp_018564,emp_018567
emp_018565,emp_018567
emp_018566,emp_018567
emp_018567,emp_019687
emp_018568,emp_018567
emp_018569,emp_018567
emp_018570,emp_018567
emp_018571,emp_018567
emp_018572,emp_018567
emp_018573,emp_018567
emp_018574,emp_018567
emp_018575,emp_018578
emp_018576,emp_018578
emp_018577,emp_018578
emp_018578,emp_019687
emp_018579,emp_018582
emp_018580,emp_018582
emp_018581,emp_018582
emp_018582,emp_019687
emp_018583,emp_018584
emp_018584,emp_019687
emp_018585,emp_018584
emp_018586,emp_018584
emp_018587,emp_018584
emp_018588,emp_018584
emp_018589,emp_018590
emp_018590,emp_019687
emp_018591,emp_018590
emp_018592,emp_018590
emp_018593,emp_018590
emp_018594,emp_018600
emp_018595,emp_018600
emp_018596,emp_018600
emp_018597,emp_018600
emp_018598,emp_018600
emp_018599,emp_018600
emp_018600,emp_019687
emp_018601,emp_018602
emp_018602,emp_019687
emp_018603,emp_018602
emp_018604,emp_018602
emp_018605,emp_018607
emp_018606,emp_018607
emp_018607,emp_019687
emp_018608,emp_018607
emp_018609,emp_018607
emp_018610,emp_018607
emp_018611,emp_018607
emp_018612,emp_018607
emp_018613,emp_019687
emp_018614,emp_018613
emp_018615,emp_018613
emp_018616,emp_018613
emp_018617,emp_018618
emp_018618,emp_019687
emp_018619,emp_018618
emp_018620,emp_018618
emp_018621,emp_018618
emp_018622,emp_018627
emp_018623,emp_018627
emp_018624,emp_018627
emp_018625,emp_018627
emp_018626,emp_018627
emp_018627,emp_019687
emp_018628,emp_018630
emp_018629,emp_018630
emp_018630,emp_019687
emp_018631,emp_018630
emp_018632,emp_018634
emp_018633,emp_018634
emp_018634,emp_019687
emp_018635,emp_018634
emp_018636,emp_018634
emp_018637,emp_018634
emp_018638,emp_018634
emp_018639,emp_018642
emp_018640,emp_018642
emp_018641,emp_018642
emp_018642,emp_019687
emp_018643,emp_018642
emp_018644,emp_018642
emp_018645,emp_018649
emp_018646,emp_018649
emp_018647,emp_018649
emp_018648,emp_018649
emp_018649,emp_019687
emp_018650,emp_018649
emp_018651,emp_018649
emp_018652,emp_018649
emp_018653,emp_018654
emp_018654,emp_019687
emp_018655,emp_018654
emp_018656,emp_018654
emp_018657,emp_018658
emp_018658,emp_019687
emp_018659,emp_018658
emp_018660,emp_018658
emp_018661,emp_018658
emp_018662,emp_018658
emp_018663,emp_018666
emp_018664,emp_018666
emp_018665,emp_018666
emp_018666,emp_019687
emp_018667,emp_018666
emp_018668,emp_018666
emp_018669,emp_018673
emp_018670,emp_018673
emp_018671,emp_018673
emp_018672,emp_018673
emp_018673,emp_019687
emp_018674,emp_018673
emp_018675,emp_018673
emp_018676,emp_018673
emp_018677,emp_018679
emp_018678,emp_018679
emp_018679,emp_019687
emp_018680,emp_018679
emp_018681,emp_018679
emp_018682,emp_018679
emp_018683,emp_018679
emp_018684,emp_018690
emp_018685,emp_018690
emp_018686,emp_018690
emp_018687,emp_018690
emp_018688,emp_018690
emp_018689,emp_018690
emp_018690,emp_019687
emp_018691,emp_018695
emp_018692,emp_018695
emp_018693,emp_018695
emp_018694,emp_018695
emp_018695,emp_019687
emp_018696,emp_018695
emp_018697,emp_018695
emp_018698,emp_018695
emp_018699,emp_018705
emp_018700,emp_018705
emp_018701,emp_018705
emp_018702,emp_018705
emp_018703,emp_018705
emp_018704,emp_018705
emp_018705,emp_019687
emp_018706,emp_018705
emp_018707,emp_018705
emp_018708,emp_019687
emp_018709,emp_018708
emp_018710,emp_018708
emp_018711,emp_018708
emp_018712,emp_018708
emp_018713,emp_018708
emp_018714,emp_018708
emp_018715,emp_018717
emp_018716,emp_018717
emp_018717,emp_019687
emp_018718,emp_018721
emp_018719,emp_018721
emp_018720,emp_018721
emp_018721,emp_019687
emp_018722,emp_018721
emp_018723,emp_018724
emp_018724,emp_019687
emp_018725,emp_018724
emp_018726,emp_018724
emp_018727,emp_018724
emp_018728,emp_018724
emp_018729,emp_018724
emp_018730,emp_018724
emp_018731,emp_018724
emp_018732,emp_018724
emp_018733,emp_018737
emp_018734,emp_018737
emp_018735,emp_018737
emp_018736,emp_018737
emp_018737,emp_019687
emp_018738,emp_018737
emp_018739,emp_018741
emp_018740,emp_018741
emp_018741,emp_019687
emp_018742,emp_018741
emp_018743,emp_018741
emp_018744,emp_018741
emp_018745,emp_018741
emp_018746,emp_018741
emp_018747,emp_018751
emp_018748,emp_018751
emp_018749,emp_018751
emp_018750,emp_018751
emp_018751,emp_019687
emp_018752,emp_018751
emp_018753,emp_018751
emp_018754,emp_018751
emp_018755,emp_018751
emp_018756,emp_018751
emp_018757,emp_019687
emp_018758,emp_018757
emp_018759,emp_018757
emp_018760,emp_018757
emp_018761,emp_018757
emp_018762,emp_018757
emp_018763,emp_018764
emp_018764,emp_019687
emp_018765,emp_018764
emp_018766,emp_018764
emp_018767,emp_018764
emp_018768,emp_018764
emp_018769,emp_019687
emp_018770,emp_018769
emp_018771,emp_018769
emp_018772,emp_018769
emp_018773,emp_018769
emp_018774,emp_019687
emp_018775,emp_018774
emp_018776,emp_018774
emp_018777,emp_018774
emp_018778,emp_018774
emp_018779,emp_018774
emp_018780,emp_018774
emp_018781,emp_018774
emp_018782,emp_018774
emp_018783,emp_018785
emp_018784,emp_018785
emp_018785,emp_019687
emp_018786,emp_018785
emp_018787,emp_018785
emp_018788,emp_018785
emp_018789,emp_018785
emp_018790,emp_019687
emp_018791,emp_018790
emp_018792,emp_018790
emp_018793,emp_018790
emp_018794,emp_018790
emp_018795,emp_018796
emp_018796,emp_019687
emp_018797,emp_018796
emp_018798,emp_018796
emp_018799,emp_018796
emp_018800,emp_018796
emp_018801,emp_018802
emp_018802,emp_019687
emp_018803,emp_018802
emp_018804,emp_018802
emp_018805,emp_018802
emp_018806,emp_018808
emp_018807,emp_018808
emp_018808,emp_019687
emp_018809,emp_018808
emp_018810,emp_018813
emp_018811,emp_018813
emp_018812,emp_018813
emp_018813,emp_019687
emp_018814,emp_018813
emp_018815,emp_018813
emp_018816,emp_018813
emp_018817,emp_018813
emp_018818,emp_018819
emp_018819,emp_019687
emp_018820,emp_018819
emp_018821,emp_018819
emp_018822,emp_018819
emp_018823,emp_018819
emp_018824,emp_018819
emp_018825,emp_018819
emp_018826,emp_018819
emp_018827,emp_018828
emp_018828,emp_019687
emp_018829,emp_018828
emp_018830,emp_018828
emp_018831,emp_018828
emp_018832,emp_018828
emp_018833,emp_018828
emp_018834,emp_018828
emp_018835,emp_018828
emp_018836,emp_018828
emp_018837,emp_018840
emp_018838,emp_018840
emp_018839,emp_018840
emp_018840,emp_019687
emp_018841,emp_018840
emp_018842,emp_018840
emp_018843,emp_018845
emp_018844,emp_018845
emp_018845,emp_019687
emp_018846,emp_018845
emp_018847,emp_018845
emp_018848,emp_018845
emp_018849,emp_018845
emp_018850,emp_018845
emp_018851,emp_018845
emp_018852,emp_018859
emp_018853,emp_018859
emp_018854,emp_018859
emp_018855,emp_018859
emp_018856,emp_018859
emp_018857,emp_018859
emp_018858,emp_018859
emp_018859,emp_019687
emp_018860,emp_018859
emp_018861,emp_018859
emp_018862,emp_018859
emp_018863,emp_018864
emp_018864,emp_019687
emp_018865,emp_018866
emp_018866,emp_019687
emp_018867,emp_018866
emp_018868,emp_018866
emp_018869,emp_018873
emp_018870,emp_018873
emp_018871,emp_018873
emp_018872,emp_018873
emp_018873,emp_019687
emp_018874,emp_019687
emp_018875,emp_018874
emp_018876,emp_018874
emp_018877,emp_018874
emp_018878,emp_018874
emp_018879,emp_018874
emp_018880,emp_018874
emp_018881,emp_018874
emp_018882,emp_018874
emp_018883,emp_018874
emp_018884,emp_018874
emp_018885,emp_019687
emp_018886,emp_018885
emp_018887,emp_018885
emp_018888,emp_018885
emp_018889,emp_018885
emp_018890,emp_018885
emp_018891,emp_018885
emp_018892,emp_018885
emp_018893,emp_018898
emp_018894,emp_018898
emp_018895,emp_018898
emp_018896,emp_018898
emp_018897,emp_018898
emp_018898,emp_019687
emp_018899,emp_018898
emp_018900,emp_018901
emp_018901,emp_019687
emp_018902,emp_018901
emp_018903,emp_018901
emp_018904,emp_018901
emp_018905,emp_018901
emp_018906,emp_018907
emp_018907,emp_019687
emp_018908,emp_018907
emp_018909,emp_018907
emp_018910,emp_018907
emp_018911,emp_019687
emp_018912,emp_018911
emp_018913,emp_018911
emp_018914,emp_018911
emp_018915,emp_018916
emp_018916,emp_019687
emp_018917,emp_018916
emp_018918,emp_018916
emp_018919,emp_018916
emp_018920,emp_018916
emp_018921,emp_019687
emp_018922,emp_018921
emp_018923,emp_018921
emp_018924,emp_018921
emp_018925,emp_018927
emp_018926,emp_018927
emp_018927,emp_019687
emp_018928,emp_018927
emp_018929,emp_018927
emp_018930,emp_018927
emp_018931,emp_018927
emp_018932,emp_018927
emp_018933,emp_018937
emp_018934,emp_018937
emp_018935,emp_018937
emp_018936,emp_018937
emp_018937,emp_019687
emp_018938,emp_018937
emp_018939,emp_018937
emp_018940,emp_018941
emp_018941,emp_019687
emp_018942,emp_018941
emp_018943,emp_018941
emp_018944,emp_018941
emp_018945,emp_018941
emp_018946,emp_018941
emp_018947,emp_018954
emp_018948,emp_018954
emp_018949,emp_018954
emp_018950,emp_018954
emp_018951,emp_018954
emp_018952,emp_018954
emp_018953,emp_018954
emp_018954,emp_019687
emp_018955,emp_018954
emp_018956,emp_018954
emp_018957,emp_019687
emp_018958,emp_018957
emp_018959,emp_018957
emp_018960,emp_018957
emp_018961,emp_018957
emp_018962,emp_018957
emp_018963,emp_018957
emp_018964,emp_018957
emp_018965,emp_018957
emp_018966,emp_018969
emp_018967,emp_018969
emp_018968,emp_018969
emp_018969,emp_019687
emp_018970,emp_018969
emp_018971,emp_018969
emp_018972,emp_018969
emp_018973,emp_018969
emp_018974,emp_018977
emp_018975,emp_018977
emp_018976,emp_018977
emp_018977,emp_019687
emp_018978,emp_018977
emp_018979,emp_018977
emp_018980,emp_018977
emp_018981,emp_018977
emp_018982,emp_018984
emp_018983,emp_018984
emp_018984,emp_019687
emp_018985,emp_018984
emp_018986,emp_018984
emp_018987,emp_018984
emp_018988,emp_018994
emp_018989,emp_018994
emp_018990,emp_018994
emp_018991,emp_018994
emp_018992,emp_018994
emp_018993,emp_018994
emp_018994,emp_019687
emp_018995,emp_018994
emp_018996,emp_018994
emp_018997,emp_019002
emp_018998,emp_019002
emp_018999,emp_019002
emp_019000,emp_019002
emp_019001,emp_019002
emp_019002,emp_019687
emp_019003,emp_019002
emp_019004,emp_019007
emp_019005,emp_019007
emp_019006,emp_019007
emp_019007,emp_019687
emp_019008,emp_019007
emp_019009,emp_019007
emp_019010,emp_019011
emp_019011,emp_019687
emp_019012,emp_019011
emp_019013,emp_019011
emp_019014,emp_019011
emp_019015,emp_019011
emp_019016,emp_019011
emp_019017,emp_019023
emp_019018,emp_019023
emp_019019,emp_019023
emp_019020,emp_019023
emp_019021,emp_019023
emp_019022,emp_019023
emp_019023,emp_019687
emp_019024,emp_019687
emp_019025,emp_019024
emp_019026,emp_019024
emp_019027,emp_019024
emp_019028,emp_019024
emp_019029,emp_019031
emp_019030,emp_019031
emp_019031,emp_019687
emp_019032,emp_019031
emp_019033,emp_019031
emp_019034,emp_019031
emp_019035,emp_019031
emp_019036,emp_019031
emp_019037,emp_019045
emp_019038,emp_019045
emp_019039,emp_019045
emp_019040,emp_019045
emp_019041,emp_019045
emp_019042,emp_019045
emp_019043,emp_019045
emp_019044,emp_019045
emp_019045,emp_019687
emp_019046,emp_019045
emp_019047,emp_019045
emp_019048,emp_019045
emp_019049,emp_019050
emp_019050,emp_019687
emp_019051,emp_019050
emp_019052,emp_019050
emp_019053,emp_019055
emp_019054,emp_019055
emp_019055,emp_019687
emp_019056,emp_019055
emp_019057,emp_019055
emp_019058,emp_019687
emp_019059,emp_019058
emp_019060,emp_019058
emp_019061,emp_019058
emp_019062,emp_019058
emp_019063,emp_019058
emp_019064,emp_019067
emp_019065,emp_019067
emp_019066,emp_019067
emp_019067,emp_019687
emp_019068,emp_019067
emp_019069,emp_019067
emp_019070,emp_019067
emp_019071,emp_019075
emp_019072,emp_019075
emp_019073,emp_019075
emp_019074,emp_019075
emp_019075,emp_019687
emp_019076,emp_019079
emp_019077,emp_019079
emp_019078,emp_019079
emp_019079,emp_019687
emp_019080,emp_019079
emp_019081,emp_019079
emp_019082,emp_019079
emp_019083,emp_019079
emp_019084,emp_019079
emp_019085,emp_019088
emp_019086,emp_019088
emp_019087,emp_019088
emp_019088,emp_019687
emp_019089,emp_019088
emp_019090,emp_019088
emp_019091,emp_019095
emp_019092,emp_019095
emp_019093,emp_019095
emp_019094,emp_019095
emp_019095,emp_019687
emp_019096,emp_019095
emp_019097,emp_019095
emp_019098,emp_019095
emp_019099,emp_019095
emp_019100,emp_019101
emp_019101,emp_019687
emp_019102,emp_019101
emp_019103,emp_019101
emp_019104,emp_019101
emp_019105,emp_019101
emp_019106,emp_019101
emp_019107,emp_019101
emp_019108,emp_019109
emp_019109,emp_019687
emp_019110,emp_019109
emp_019111,emp_019109
emp_019112,emp_019109
emp_019113,emp_019109
emp_019114,emp_019119
emp_019115,emp_019119
emp_019116,emp_019119
emp_019117,emp_019119
emp_019118,emp_019119
emp_019119,emp_019687
emp_019120,emp_019119
emp_019121,emp_019119
emp_019122,emp_019123
emp_019123,emp_019687
emp_019124,emp_019123
emp_019125,emp_019123
emp_019126,emp_019123
emp_019127,emp_019123
emp_019128,emp_019123
emp_019129,emp_019123
emp_019130,emp_019123
emp_019131,emp_019123
emp_019132,emp_019123
emp_019133,emp_019136
emp_019134,emp_019136
emp_019135,emp_019136
emp_019136,emp_019687
emp_019137,emp_019136
emp_019138,emp_019136
emp_019139,emp_019140
emp_019140,emp_019687
emp_019141,emp_019140
emp_019142,emp_019140
emp_019143,emp_019140
emp_019144,emp_019149
emp_019145,emp_019149
emp_019146,emp_019149
emp_019147,emp_019149
emp_019148,emp_019149
emp_019149,emp_019687
emp_019150,emp_019149
emp_019151,emp_019149
emp_019152,emp_019149
emp_019153,emp_019149
emp_019154,emp_019149
emp_019155,emp_019156
emp_019156,emp_019687
emp_019157,emp_019156
emp_019158,emp_019156
emp_019159,emp_019156
emp_019160,emp_019156
emp_019161,emp_019163
emp_019162,emp_019163
emp_019163,emp_019687
emp_019164,emp_019163
emp_019165,emp_019163
emp_019166,emp_019167
emp_019167,emp_019687
emp_019168,emp_019167
emp_019169,emp_019171
emp_019170,emp_019171
emp_019171,emp_019687
emp_019172,emp_019171
emp_019173,emp_019171
emp_019174,emp_019171
emp_019175,emp_019171
emp_019176,emp_019171
emp_019177,emp_019183
emp_019178,emp_019183
emp_019179,emp_019183
emp_019180,emp_019183
emp_019181,emp_019183
emp_019182,emp_019183
emp_019183,emp_019687
emp_019184,emp_019687
emp_019185,emp_019184
emp_019186,emp_019184
emp_019187,emp_019192
emp_019188,emp_019192
emp_019189,emp_019192
emp_019190,emp_019192
emp_019191,emp_019192
emp_019192,emp_019687
emp_019193,emp_019192
emp_019194,emp_019195
emp_019195,emp_019687
emp_019196,emp_019195
emp_019197,emp_019198
emp_019198,emp_019687
emp_019199,emp_019198
emp_019200,emp_019198
emp_019201,emp_019198
emp_019202,emp_019198
emp_019203,emp_019198
emp_019204,emp_019198
emp_019205,emp_019212
emp_019206,emp_019212
emp_019207,emp_019212
emp_019208,emp_019212
emp_019209,emp_019212
emp_019210,emp_019212
emp_019211,emp_019212
emp_019212,emp_019687
emp_019213,emp_019212
emp_019214,emp_019216
emp_019215,emp_019216
emp_019216,emp_019687
emp_019217,emp_019216
emp_019218,emp_019216
emp_019219,emp_019216
emp_019220,emp_019216
emp_019221,emp_019687
emp_019222,emp_019221
emp_019223,emp_019221
emp_019224,emp_019221
emp_019225,emp_019221
emp_019226,emp_019221
emp_019227,emp_019221
emp_019228,emp_019221
emp_019229,emp_019221
emp_019230,emp_019687
emp_019231,emp_019230
emp_019232,emp_019230
emp_019233,emp_019687
emp_019234,emp_019233
emp_019235,emp_019239
emp_019236,emp_019239
emp_019237,emp_019239
emp_019238,emp_019239
emp_019239,emp_019687
emp_019240,emp_019239
emp_019241,emp_019239
emp_019242,emp_019239
emp_019243,emp_019244
emp_019244,emp_019687
emp_019245,emp_019244
emp_019246,emp_019249
emp_019247,emp_019249
emp_019248,emp_019249
emp_019249,emp_019687
emp_019250,emp_019249
emp_019251,emp_019249
emp_019252,emp_019257
emp_019253,emp_019257
emp_019254,emp_019257
emp_019255,emp_019257
emp_019256,emp_019257
emp_019257,emp_019687
emp_019258,emp_019257
emp_019259,emp_019257
emp_019260,emp_019257
emp_019261,emp_019257
emp_019262,emp_019267
emp_019263,emp_019267
emp_019264,emp_019267
emp_019265,emp_019267
emp_019266,emp_019267
emp_019267,emp_019687
emp_019268,emp_019267
emp_019269,emp_019267
emp_019270,emp_019275
emp_019271,emp_019275
emp_019272,emp_019275
emp_019273,emp_019275
emp_019274,emp_019275
emp_019275,emp_019687
emp_019276,emp_019687
emp_019277,emp_019276
emp_019278,emp_019276
emp_019279,emp_019276
emp_019280,emp_019276
emp_019281,emp_019276
emp_019282,emp_019285
emp_019283,emp_019285
emp_019284,emp_019285
emp_019285,emp_019687
emp_019286,emp_019285
emp_019287,emp_019285
emp_019288,emp_019285
emp_019289,emp_019285
emp_019290,emp_019285
emp_019291,emp_019295
emp_019292,emp_019295
emp_019293,emp_019295
emp_019294,emp_019295
emp_019295,emp_019687
emp_019296,emp_019297
emp_019297,emp_019687
emp_019298,emp_019297
emp_019299,emp_019297
emp_019300,emp_019297
emp_019301,emp_019297
emp_019302,emp_019297
emp_019303,emp_019308
emp_019304,emp_019308
emp_019305,emp_019308
emp_019306,emp_019308
emp_019307,emp_019308
emp_019308,emp_019687
emp_019309,emp_019308
emp_019310,emp_019311
emp_019311,emp_019687
emp_019312,emp_019311
emp_019313,emp_019311
emp_019314,emp_019311
emp_019315,emp_019311
emp_019316,emp_019311
emp_019317,emp_019318
emp_019318,emp_019687
emp_019319,emp_019318
emp_019320,emp_019318
emp_019321,emp_019318
emp_019322,emp_019318
emp_019323,emp_019326
emp_019324,emp_019326
emp_019325,emp_019326
emp_019326,emp_019687
emp_019327,emp_019326
emp_019328,emp_019330
emp_019329,emp_019330
emp_019330,emp_019687
emp_019331,emp_019332
emp_019332,emp_019687
emp_019333,emp_019332
emp_019334,emp_019332
emp_019335,emp_019332
emp_019336,emp_019332
emp_019337,emp_019332
emp_019338,emp_019332
emp_019339,emp_019332
emp_019340,emp_019343
emp_019341,emp_019343
emp_019342,emp_019343
emp_019343,emp_019687
emp_019344,emp_019343
emp_019345,emp_019343
emp_019346,emp_019687
emp_019347,emp_019346
emp_019348,emp_019346
emp_019349,emp_019346
emp_019350,emp_019346
emp_019351,emp_019346
emp_019352,emp_019346
emp_019353,emp_019346
emp_019354,emp_019346
emp_019355,emp_019362
emp_019356,emp_019362
emp_019357,emp_019362
emp_019358,emp_019362
emp_019359,emp_019362
emp_019360,emp_019362
emp_019361,emp_019362
emp_019362,emp_019687
emp_019363,emp_019687
emp_019364,emp_019363
emp_019365,emp_019368
emp_019366,emp_019368
emp_019367,emp_019368
emp_019368,emp_019687
emp_019369,emp_019368
emp_019370,emp_019368
emp_019371,emp_019368
emp_019372,emp_019368
emp_019373,emp_019376
emp_019374,emp_019376
emp_019375,emp_019376
emp_019376,emp_019687
emp_019377,emp_019376
emp_019378,emp_019376
emp_019379,emp_019380
emp_019380,emp_019687
emp_019381,emp_019380
emp_019382,emp_019380
emp_019383,emp_019380
emp_019384,emp_019380
emp_019385,emp_019380
emp_019386,emp_019380
emp_019387,emp_019389
emp_019388,emp_019389
emp_019389,emp_019687
emp_019390,emp_019389
emp_019391,emp_019393
emp_019392,emp_019393
emp_019393,emp_019687
emp_019394,emp_019393
emp_019395,emp_019393
emp_019396,emp_019393
emp_019397,emp_019393
emp_019398,emp_019393
emp_019399,emp_019687
emp_019400,emp_019399
emp_019401,emp_019399
emp_019402,emp_019399
emp_019403,emp_019399
emp_019404,emp_019399
emp_019405,emp_019399
emp_019406,emp_019399
emp_019407,emp_019399
emp_019408,emp_019399
emp_019409,emp_019411
emp_019410,emp_019411
emp_019411,emp_019687
emp_019412,emp_019687
emp_019413,emp_019412
emp_019414,emp_019412
emp_019415,emp_019412
emp_019416,emp_019412
emp_019417,emp_019412
emp_019418,emp_019423
emp_019419,emp_019423
emp_019420,emp_019423
emp_019421,emp_019423
emp_019422,emp_019423
emp_019423,emp_019687
emp_019424,emp_019423
emp_019425,emp_019426
emp_019426,emp_019687
emp_019427,emp_019426
emp_019428,emp_019426
emp_019429,emp_019426
emp_019430,emp_019426
emp_019431,emp_019426
emp_019432,emp_019426
emp_019433,emp_019435
emp_019434,emp_019435
emp_019435,emp_019687
emp_019436,emp_019435
emp_019437,emp_019435
emp_019438,emp_019435
emp_019439,emp_019435
emp_019440,emp_019435
emp_019441,emp_019443
emp_019442,emp_019443
emp_019443,emp_019687
emp_019444,emp_019443
emp_019445,emp_019443
emp_019446,emp_019452
emp_019447,emp_019452
emp_019448,emp_019452
emp_019449,emp_019452
emp_019450,emp_019452
emp_019451,emp_019452
emp_019452,emp_019687
emp_019453,emp_019687
emp_019454,emp_019453
emp_019455,emp_019453
emp_019456,emp_019453
emp_019457,emp_019453
emp_019458,emp_019453
emp_019459,emp_019453
emp_019460,emp_019453
emp_019461,emp_019465
emp_019462,emp_019465
emp_019463,emp_019465
emp_019464,emp_019465
emp_019465,emp_019687
emp_019466,emp_019467
emp_019467,emp_019687
emp_019468,emp_019467
emp_019469,emp_019467
emp_019470,emp_019467
emp_019471,emp_019467
emp_019472,emp_019467
emp_019473,emp_019477
emp_019474,emp_019477
emp_019475,emp_019477
emp_019476,emp_019477
emp_019477,emp_019687
emp_019478,emp_019477
emp_019479,emp_019481
emp_019480,emp_019481
emp_019481,emp_019687
emp_019482,emp_019481
emp_019483,emp_019481
emp_019484,emp_019481
emp_019485,emp_019687
emp_019486,emp_019485
emp_019487,emp_019485
emp_019488,emp_019491
emp_019489,emp_019491
emp_019490,emp_019491
emp_019491,emp_019687
emp_019492,emp_019491
emp_019493,emp_019491
emp_019494,emp_019491
emp_019495,emp_019491
emp_019496,emp_019497
emp_019497,emp_019687
emp_019498,emp_019497
emp_019499,emp_019497
emp_019500,emp_019497
emp_019501,emp_019497
emp_019502,emp_019504
emp_019503,emp_019504
emp_019504,emp_019687
emp_019505,emp_019504
emp_019506,emp_019504
emp_019507,emp_019504
emp_019508,emp_019504
emp_019509,emp_019504
emp_019510,emp_019514
emp_019511,emp_019514
emp_019512,emp_019514
emp_019513,emp_019514
emp_019514,emp_019687
emp_019515,emp_019514
emp_019516,emp_019514
emp_019517,emp_019514
emp_019518,emp_019520
emp_019519,emp_019520
emp_019520,emp_019687
emp_019521,emp_019520
emp_019522,emp_019520
emp_019523,emp_019520
emp_019524,emp_019520
emp_019525,emp_019520
emp_019526,emp_019529
emp_019527,emp_019529
emp_019528,emp_019529
emp_019529,emp_019687
emp_019530,emp_019529
emp_019531,emp_019529
emp_019532,emp_019529
emp_019533,emp_019529
emp_019534,emp_019539
emp_019535,emp_019539
emp_019536,emp_019539
emp_019537,emp_019539
emp_019538,emp_019539
emp_019539,emp_019687
emp_019540,emp_019539
emp_019541,emp_019539
emp_019542,emp_019551
emp_019543,emp_019551
emp_019544,emp_019551
emp_019545,emp_019551
emp_019546,emp_019551
emp_019547,emp_019551
emp_019548,emp_019551
emp_019549,emp_019551
emp_019550,emp_019551
emp_019551,emp_019687
emp_019552,emp_019555
emp_019553,emp_019555
emp_019554,emp_019555
emp_019555,emp_019687
emp_019556,emp_019555
emp_019557,emp_019555
emp_019558,emp_019559
emp_019559,emp_019687
emp_019560,emp_019559
emp_019561,emp_019564
emp_019562,emp_019564
emp_019563,emp_019564
emp_019564,emp_019687
emp_019565,emp_019564
emp_019566,emp_019564
emp_019567,emp_019570
emp_019568,emp_019570
emp_019569,emp_019570
emp_019570,emp_019687
emp_019571,emp_019570
emp_019572,emp_019570
emp_019573,emp_019570
emp_019574,emp_019575
emp_019575,emp_019687
emp_019576,emp_019575
emp_019577,emp_019575
emp_019578,emp_019575
emp_019579,emp_019575
emp_019580,emp_019575
emp_019581,emp_019575
emp_019582,emp_019587
emp_019583,emp_019587
emp_019584,emp_019587
emp_019585,emp_019587
emp_019586,emp_019587
emp_019587,emp_019687
emp_019588,emp_019587
emp_019589,emp_019591
emp_019590,emp_019591
emp_019591,emp_019687
emp_019592,emp_019591
emp_019593,emp_019591
emp_019594,emp_019591
emp_019595,emp_019596
emp_019596,emp_019687
emp_019597,emp_019596
emp_019598,emp_019596
emp_019599,emp_019596
emp_019600,emp_019596
emp_019601,emp_019596
emp_019602,emp_019596
emp_019603,emp_019596
emp_019604,emp_019687
emp_019605,emp_019604
emp_019606,emp_019604
emp_019607,emp_019604
emp_019608,emp_019604
emp_019609,emp_019604
emp_019610,emp_019687
emp_019611,emp_019610
emp_019612,emp_019610
emp_019613,emp_019610
emp_019614,emp_019687
emp_019615,emp_019614
emp_019616,emp_019617
emp_019617,emp_019687
emp_019618,emp_019617
emp_019619,emp_019617
emp_019620,emp_019617
emp_019621,emp_019626
emp_019622,emp_019626
emp_019623,emp_019626
emp_019624,emp_019626
emp_019625,emp_019626
emp_019626,emp_019687
emp_019627,emp_019626
emp_019628,emp_019626
emp_019629,emp_019626
emp_019630,emp_019626
emp_019631,emp_019626
emp_019632,emp_019634
emp_019633,emp_019634
emp_019634,emp_019687
emp_019635,emp_019634
emp_019636,emp_019634
emp_019637,emp_019634
emp_019638,emp_019642
emp_019639,emp_019642
emp_019640,emp_019642
emp_019641,emp_019642
emp_019642,emp_019687
emp_019643,emp_019647
emp_019644,emp_019647
emp_019645,emp_019647
emp_019646,emp_019647
emp_019647,emp_019687
emp_019648,emp_019647
emp_019649,emp_019647
emp_019650,emp_019687
emp_019651,emp_019650
emp_019652,emp_019650
emp_019653,emp_019661
emp_019654,emp_019661
emp_019655,emp_019661
emp_019656,emp_019661
emp_019657,emp_019661
emp_019658,emp_019661
emp_019659,emp_019661
emp_019660,emp_019661
emp_019661,emp_019687
emp_019662,emp_019661
emp_019663,emp_019687
emp_019664,emp_019663
emp_019665,emp_019663
emp_019666,emp_019663
emp_019667,emp_019687
emp_019668,emp_019667
emp_019669,emp_019667
emp_019670,emp_019667
emp_019671,emp_019675
emp_019672,emp_019675
emp_019673,emp_019675
emp_019674,emp_019675
emp_019675,emp_019687
emp_019676,emp_019675
emp_019677,emp_019678
emp_019678,emp_019687
emp_019679,emp_019678
emp_019680,emp_019678
emp_019681,emp_019678
emp_019682,emp_019678
emp_019683,emp_019678
emp_019684,emp_019678
emp_019685,emp_019678
emp_019686,emp_019687
emp_019687,emp_023036
emp_019688,emp_019687
emp_019689,emp_019687
emp_019690,emp_019687
emp_019691,emp_019687
emp_019692,emp_019687
emp_019693,emp_019687
emp_019694,emp_019687
emp_019695,emp_019687
emp_019696,emp_019695
emp_019697,emp_019695
emp_019698,emp_019695
emp_019699,emp_019695
emp_019700,emp_019695
emp_019701,emp_019695
emp_019702,emp_019695
emp_019703,emp_019687
emp_019704,emp_019703
emp_019705,emp_019703
emp_019706,emp_019703
emp_019707,emp_019703
emp_019708,emp_019703
emp_019709,emp_019703
emp_019710,emp_019703
emp_019711,emp_019713
emp_019712,emp_019713
emp_019713,emp_019687
emp_019714,emp_019718
emp_019715,emp_019718
emp_019716,emp_019718
emp_019717,emp_019718
emp_019718,emp_019687
emp_019719,emp_019718
emp_019720,emp_019718
emp_019721,emp_019718
emp_019722,emp_019718
emp_019723,emp_019718
emp_019724,emp_019729
emp_019725,emp_019729
emp_019726,emp_019729
emp_019727,emp_019729
emp_019728,emp_019729
emp_019729,emp_019687
emp_019730,emp_019729
emp_019731,emp_019732
emp_019732,emp_019687
emp_019733,emp_019732
emp_019734,emp_019732
emp_019735,emp_019732
emp_019736,emp_019732
emp_019737,emp_019687
emp_019738,emp_019737
emp_019739,emp_019737
emp_019740,emp_019737
emp_019741,emp_019687
emp_019742,emp_019741
emp_019743,emp_019741
emp_019744,emp_019741
emp_019745,emp_019741
emp_019746,emp_019741
emp_019747,emp_019741
emp_019748,emp_019741
emp_019749,emp_019750
emp_019750,emp_019687
emp_019751,emp_019750
emp_019752,emp_019750
emp_019753,emp_019756
emp_019754,emp_019756
emp_019755,emp_019756
emp_019756,emp_019687
emp_019757,emp_019756
emp_019758,emp_019756
emp_019759,emp_019765
emp_019760,emp_019765
emp_019761,emp_019765
emp_019762,emp_019765
emp_019763,emp_019765
emp_019764,emp_019765
emp_019765,emp_019687
emp_019766,emp_019765
emp_019767,emp_019765
emp_019768,emp_019765
emp_019769,emp_019687
emp_019770,emp_019769
emp_019771,emp_019769
emp_019772,emp_019769
emp_019773,emp_019769
emp_019774,emp_019769
emp_019775,emp_019777
emp_019776,emp_019777
emp_019777,emp_019687
emp_019778,emp_019777
emp_019779,emp_019777
emp_019780,emp_019777
emp_019781,emp_019777
emp_019782,emp_019784
emp_019783,emp_019784
emp_019784,emp_019687
emp_019785,emp_019784
emp_019786,emp_019784
emp_019787,emp_019784
emp_019788,emp_019793
emp_019789,emp_019793
emp_019790,emp_019793
emp_019791,emp_019793
emp_019792,emp_019793
emp_019793,emp_019687
emp_019794,emp_019793
emp_019795,emp_019793
emp_019796,emp_019793
emp_019797,emp_019798
emp_019798,emp_019687
emp_019799,emp_019798
emp_019800,emp_019798
emp_019801,emp_019798
emp_019802,emp_019805
emp_019803,emp_019805
emp_019804,emp_019805
emp_019805,emp_019687
emp_019806,emp_019805
emp_019807,emp_019805
emp_019808,emp_019805
emp_019809,emp_019805
emp_019810,emp_019805
emp_019811,emp_019819
emp_019812,emp_019819
emp_019813,emp_019819
emp_019814,emp_019819
emp_019815,emp_019819
emp_019816,emp_019819
emp_019817,emp_019819
emp_019818,emp_019819
emp_019819,emp_019687
emp_019820,emp_019823
emp_019821,emp_019823
emp_019822,emp_019823
emp_019823,emp_019687
emp_019824,emp_019823
emp_019825,emp_019823
emp_019826,emp_019823
emp_019827,emp_019823
emp_019828,emp_019829
emp_019829,emp_019687
emp_019830,emp_019829
emp_019831,emp_019829
emp_019832,emp_019829
emp_019833,emp_019829
emp_019834,emp_019837
emp_019835,emp_019837
emp_019836,emp_019837
emp_019837,emp_019687
emp_019838,emp_019837
emp_019839,emp_019837
emp_019840,emp_019837
emp_019841,emp_019837
emp_019842,emp_019843
emp_019843,emp_019687
emp_019844,emp_019843
emp_019845,emp_019843
emp_019846,emp_019843
emp_019847,emp_019848
emp_019848,emp_019687
emp_019849,emp_019851
emp_019850,emp_019851
emp_019851,emp_019687
emp_019852,emp_019851
emp_019853,emp_019851
emp_019854,emp_019851
emp_019855,emp_019851
emp_019856,emp_019851
emp_019857,emp_019859
emp_019858,emp_019859
emp_019859,emp_019687
emp_019860,emp_019859
emp_019861,emp_019859
emp_019862,emp_019863
emp_019863,emp_019687
emp_019864,emp_019863
emp_019865,emp_019863
emp_019866,emp_019863
emp_019867,emp_019863
emp_019868,emp_019863
emp_019869,emp_019874
emp_019870,emp_019874
emp_019871,emp_019874
emp_019872,emp_019874
emp_019873,emp_019874
emp_019874,emp_019687
emp_019875,emp_019874
emp_019876,emp_019877
emp_019877,emp_019687
emp_019878,emp_019877
emp_019879,emp_019877
emp_019880,emp_019877
emp_019881,emp_019877
emp_019882,emp_019877
emp_019883,emp_019877
emp_019884,emp_019877
emp_019885,emp_019887
emp_019886,emp_019887
emp_019887,emp_019687
emp_019888,emp_019887
emp_019889,emp_019891
emp_019890,emp_019891
emp_019891,emp_019687
emp_019892,emp_019891
emp_019893,emp_019891
emp_019894,emp_019891
emp_019895,emp_019891
emp_019896,emp_019891
emp_019897,emp_019891
emp_019898,emp_019900
emp_019899,emp_019900
emp_019900,emp_019687
emp_019901,emp_019900
emp_019902,emp_019900
emp_019903,emp_019900
emp_019904,emp_019900
emp_019905,emp_019910
emp_019906,emp_019910
emp_019907,emp_019910
emp_019908,emp_019910
emp_019909,emp_019910
emp_019910,emp_019687
emp_019911,emp_019912
emp_019912,emp_019687
emp_019913,emp_019912
emp_019914,emp_019912
emp_019915,emp_019912
emp_019916,emp_019912
emp_019917,emp_019919
emp_019918,emp_019919
emp_019919,emp_019687
emp_019920,emp_019919
emp_019921,emp_019919
emp_019922,emp_019919
emp_019923,emp_019919
emp_019924,emp_019687
emp_019925,emp_019924
emp_019926,emp_019924
emp_019927,emp_019924
emp_019928,emp_019924
emp_019929,emp_019924
emp_019930,emp_019924
emp_019931,emp_019924
emp_019932,emp_019924
emp_019933,emp_019687
emp_019934,emp_019933
emp_019935,emp_019933
emp_019936,emp_019933
emp_019937,emp_019933
emp_019938,emp_019933
emp_019939,emp_019933
emp_019940,emp_019687
emp_019941,emp_019940
emp_019942,emp_019940
emp_019943,emp_019940
emp_019944,emp_019940
emp_019945,emp_019947
emp_019946,emp_019947
emp_019947,emp_019687
emp_019948,emp_019947
emp_019949,emp_019947
emp_019950,emp_019951
emp_019951,emp_019687
emp_019952,emp_019951
emp_019953,emp_019951
emp_019954,emp_019951
emp_019955,emp_019951
emp_019956,emp_019951
emp_019957,emp_019959
emp_019958,emp_019959
emp_019959,emp_019687
emp_019960,emp_019959
emp_019961,emp_019965
emp_019962,emp_019965
emp_019963,emp_019965
emp_019964,emp_019965
emp_019965,emp_019687
emp_019966,emp_019965
emp_019967,emp_019965
emp_019968,emp_019965
emp_019969,emp_019965
emp_019970,emp_019965
emp_019971,emp_019965
emp_019972,emp_019979
emp_019973,emp_019979
emp_019974,emp_019979
emp_019975,emp_019979
emp_019976,emp_019979
emp_019977,emp_019979
emp_019978,emp_019979
emp_019979,emp_019687
emp_019980,emp_019979
emp_019981,emp_019979
emp_019982,emp_019987
emp_019983,emp_019987
emp_019984,emp_019987
emp_019985,emp_019987
emp_019986,emp_019987
emp_019987,emp_019687
emp_019988,emp_019994
emp_019989,emp_019994
emp_019990,emp_019994
emp_019991,emp_019994
emp_019992,emp_019994
emp_019993,emp_019994
emp_019994,emp_019687
emp_019995,emp_019994
emp_019996,emp_019998
emp_019997,emp_019998
emp_019998,emp_019687
emp_019999,emp_020006
emp_020000,emp_020006
emp_020001,emp_020006
emp_020002,emp_020006
emp_020003,emp_020006
emp_020004,emp_020006
emp_020005,emp_020006
emp_020006,emp_019687
emp_020007,emp_020006
emp_020008,emp_020006
emp_020009,emp_020006
emp_020010,emp_020006
emp_020011,emp_019687
emp_020012,emp_020011
emp_020013,emp_020011
emp_020014,emp_020011
emp_020015,emp_020016
emp_020016,emp_019687
emp_020017,emp_020016
emp_020018,emp_020016
emp_020019,emp_020020
emp_020020,emp_019687
emp_020021,emp_020020
emp_020022,emp_020020
emp_020023,emp_020020
emp_020024,emp_020020
emp_020025,emp_020020
emp_020026,emp_020020
emp_020027,emp_020020
emp_020028,emp_020020
emp_020029,emp_020020
emp_020030,emp_020020
emp_020031,emp_020034
emp_020032,emp_020034
emp_020033,emp_020034
emp_020034,emp_019687
emp_020035,emp_020034
emp_020036,emp_020034
emp_020037,emp_020041
emp_020038,emp_020041
emp_020039,emp_020041
emp_020040,emp_020041
emp_020041,emp_019687
emp_020042,emp_020041
emp_020043,emp_020041
emp_020044,emp_020041
emp_020045,emp_020046
emp_020046,emp_019687
emp_020047,emp_020046
emp_020048,emp_020046
emp_020049,emp_020046
emp_020050,emp_020054
emp_020051,emp_020054
emp_020052,emp_020054
emp_020053,emp_020054
emp_020054,emp_019687
emp_020055,emp_020054
emp_020056,emp_020054
emp_020057,emp_020063
emp_020058,emp_020063
emp_020059,emp_020063
emp_020060,emp_020063
emp_020061,emp_020063
emp_020062,emp_020063
emp_020063,emp_019687
emp_020064,emp_020063
emp_020065,emp_020069
emp_020066,emp_020069
emp_020067,emp_020069
emp_020068,emp_020069
emp_020069,emp_019687
emp_020070,emp_020069
emp_020071,emp_020069
emp_020072,emp_020069
emp_020073,emp_020077
emp_020074,emp_020077
emp_020075,emp_020077
emp_020076,emp_020077
emp_020077,emp_019687
emp_020078,emp_020077
emp_020079,emp_020077
emp_020080,emp_020086
emp_020081,emp_020086
emp_020082,emp_020086
emp_020083,emp_020086
emp_020084,emp_020086
emp_020085,emp_020086
emp_020086,emp_019687
emp_020087,emp_020093
emp_020088,emp_020093
emp_020089,emp_020093
emp_020090,emp_020093
emp_020091,emp_020093
emp_020092,emp_020093
emp_020093,emp_019687
emp_020094,emp_020100
emp_020095,emp_020100
emp_020096,emp_020100
emp_020097,emp_020100
emp_020098,emp_020100
emp_020099,emp_020100
emp_020100,emp_019687
emp_020101,emp_020100
emp_020102,emp_020106
emp_020103,emp_020106
emp_020104,emp_020106
emp_020105,emp_020106
emp_020106,emp_019687
emp_020107,emp_020106
emp_020108,emp_020106
emp_020109,emp_020106
emp_020110,emp_020106
emp_020111,emp_020106
emp_020112,emp_020115
emp_020113,emp_020115
emp_020114,emp_020115
emp_020115,emp_019687
emp_020116,emp_020115
emp_020117,emp_020115
emp_020118,emp_019687
emp_020119,emp_020118
emp_020120,emp_020118
emp_020121,emp_020118
emp_020122,emp_020118
emp_020123,emp_020118
emp_020124,emp_020125
emp_020125,emp_019687
emp_020126,emp_020125
emp_020127,emp_020125
emp_020128,emp_020125
emp_020129,emp_020125
emp_020130,emp_020131
emp_020131,emp_019687
emp_020132,emp_020131
emp_020133,emp_020131
emp_020134,emp_020131
emp_020135,emp_020131
emp_020136,emp_020140
emp_020137,emp_020140
emp_020138,emp_020140
emp_020139,emp_020140
emp_020140,emp_019687
emp_020141,emp_020140
emp_020142,emp_020145
emp_020143,emp_020145
emp_020144,emp_020145
emp_020145,emp_019687
emp_020146,emp_020145
emp_020147,emp_020145
emp_020148,emp_020145
emp_020149,emp_020153
emp_020150,emp_020153
emp_020151,emp_020153
emp_020152,emp_020153
emp_020153,emp_019687
emp_020154,emp_020153
emp_020155,emp_020161
emp_020156,emp_020161
emp_020157,emp_020161
emp_020158,emp_020161
emp_020159,emp_020161
emp_020160,emp_020161
emp_020161,emp_019687
emp_020162,emp_020161
emp_020163,emp_020161
emp_020164,emp_020161
emp_020165,emp_020161
emp_020166,emp_020172
emp_020167,emp_020172
emp_020168,emp_020172
emp_020169,emp_020172
emp_020170,emp_020172
emp_020171,emp_020172
emp_020172,emp_019687
emp_020173,emp_020172
emp_020174,emp_020175
emp_020175,emp_019687
emp_020176,emp_020175
emp_020177,emp_020175
emp_020178,emp_020175
emp_020179,emp_020175
emp_020180,emp_020175
emp_020181,emp_020175
emp_020182,emp_020183
emp_020183,emp_019687
emp_020184,emp_020183
emp_020185,emp_020183
emp_020186,emp_020183
emp_020187,emp_020183
emp_020188,emp_020183
emp_020189,emp_020183
emp_020190,emp_020191
emp_020191,emp_019687
emp_020192,emp_020191
emp_020193,emp_020191
emp_020194,emp_020191
emp_020195,emp_020191
emp_020196,emp_020201
emp_020197,emp_020201
emp_020198,emp_020201
emp_020199,emp_020201
emp_020200,emp_020201
emp_020201,emp_019687
emp_020202,emp_020201
emp_020203,emp_020201
emp_020204,emp_020201
emp_020205,emp_020201
emp_020206,emp_019687
emp_020207,emp_020206
emp_020208,emp_020206
emp_020209,emp_020206
emp_020210,emp_020206
emp_020211,emp_019687
emp_020212,emp_020211
emp_020213,emp_020211
emp_020214,emp_020211
emp_020215,emp_020211
emp_020216,emp_020220
emp_020217,emp_020220
emp_020218,emp_020220
emp_020219,emp_020220
emp_020220,emp_019687
emp_020221,emp_020220
emp_020222,emp_020220
emp_020223,emp_020220
emp_020224,emp_020230
emp_020225,emp_020230
emp_020226,emp_020230
emp_020227,emp_020230
emp_020228,emp_020230
emp_020229,emp_020230
emp_020230,emp_019687
emp_020231,emp_019687
emp_020232,emp_020231
emp_020233,emp_020231
emp_020234,emp_020231
emp_020235,emp_020231
emp_020236,emp_020231
emp_020237,emp_020238
emp_020238,emp_019687
emp_020239,emp_020238
emp_020240,emp_020238
emp_020241,emp_020238
emp_020242,emp_019687
emp_020243,emp_020242
emp_020244,emp_020242
emp_020245,emp_020242
emp_020246,emp_020242
emp_020247,emp_020249
emp_020248,emp_020249
emp_020249,emp_019687
emp_020250,emp_020249
emp_020251,emp_020249
emp_020252,emp_020249
emp_020253,emp_020249
emp_020254,emp_020249
emp_020255,emp_020249
emp_020256,emp_020249
emp_020257,emp_020249
emp_020258,emp_020261
emp_020259,emp_020261
emp_020260,emp_020261
emp_020261,emp_019687
emp_020262,emp_020261
emp_020263,emp_020261
emp_020264,emp_020261
emp_020265,emp_020261
emp_020266,emp_020267
emp_020267,emp_019687
emp_020268,emp_020269
emp_020269,emp_019687
emp_020270,emp_020269
emp_020271,emp_020269
emp_020272,emp_020269
emp_020273,emp_020269
emp_020274,emp_020269
emp_020275,emp_020269
emp_020276,emp_020284
emp_020277,emp_020284
emp_020278,emp_020284
emp_020279,emp_020284
emp_020280,emp_020284
emp_020281,emp_020284
emp_020282,emp_020284
emp_020283,emp_020284
emp_020284,emp_019687
emp_020285,emp_020289
emp_020286,emp_020289
emp_020287,emp_020289
emp_020288,emp_020289
emp_020289,emp_019687
emp_020290,emp_020289
emp_020291,emp_020289
emp_020292,emp_020297
emp_020293,emp_020297
emp_020294,emp_020297
emp_020295,emp_020297
emp_020296,emp_020297
emp_020297,emp_020464
emp_020298,emp_020299
emp_020299,emp_020464
emp_020300,emp_020299
emp_020301,emp_020299
emp_020302,emp_020299
emp_020303,emp_020299
emp_020304,emp_020299
emp_020305,emp_020299
emp_020306,emp_020308
emp_020307,emp_020308
emp_020308,emp_020464
emp_020309,emp_020308
emp_020310,emp_020308
emp_020311,emp_020308
emp_020312,emp_020308
emp_020313,emp_020308
emp_020314,emp_020308
emp_020315,emp_020321
emp_020316,emp_020321
emp_020317,emp_020321
emp_020318,emp_020321
emp_020319,emp_020321
emp_020320,emp_020321
emp_020321,emp_020464
emp_020322,emp_020324
emp_020323,emp_020324
emp_020324,emp_020464
emp_020325,emp_020324
emp_020326,emp_020324
emp_020327,emp_020324
emp_020328,emp_020464
emp_020329,emp_020328
emp_020330,emp_020328
emp_020331,emp_020328
emp_020332,emp_020328
emp_020333,emp_020328
emp_020334,emp_020328
emp_020335,emp_020464
emp_020336,emp_020335
emp_020337,emp_020335
emp_020338,emp_020335
emp_020339,emp_020335
emp_020340,emp_020335
emp_020341,emp_020335
emp_020342,emp_020335
emp_020343,emp_020346
emp_020344,emp_020346
emp_020345,emp_020346
emp_020346,emp_020464
emp_020347,emp_020346
emp_020348,emp_020355
emp_020349,emp_020355
emp_020350,emp_020355
emp_020351,emp_020355
emp_020352,emp_020355
emp_020353,emp_020355
emp_020354,emp_020355
emp_020355,emp_020464
emp_020356,emp_020358
emp_020357,emp_020358
emp_020358,emp_020464
emp_020359,emp_020358
emp_020360,emp_020358
emp_020361,emp_020464
emp_020362,emp_020361
emp_020363,emp_020361
emp_020364,emp_020361
emp_020365,emp_020361
emp_020366,emp_020361
emp_020367,emp_020361
emp_020368,emp_020370
emp_020369,emp_020370
emp_020370,emp_020464
emp_020371,emp_020370
emp_020372,emp_020370
emp_020373,emp_020370
emp_020374,emp_020380
emp_020375,emp_020380
emp_020376,emp_020380
emp_020377,emp_020380
emp_020378,emp_020380
emp_020379,emp_020380
emp_020380,emp_020464
emp_020381,emp_020383
emp_020382,emp_020383
emp_020383,emp_020464
emp_020384,emp_020383
emp_020385,emp_020464
emp_020386,emp_020385
emp_020387,emp_020385
emp_020388,emp_020385
emp_020389,emp_020385
emp_020390,emp_020385
emp_020391,emp_020396
emp_020392,emp_020396
emp_020393,emp_020396
emp_020394,emp_020396
emp_020395,emp_020396
emp_020396,emp_020464
emp_020397,emp_020400
emp_020398,emp_020400
emp_020399,emp_020400
emp_020400,emp_020464
emp_020401,emp_020402
emp_020402,emp_020464
emp_020403,emp_020402
emp_020404,emp_020402
emp_020405,emp_020406
emp_020406,emp_020464
emp_020407,emp_020406
emp_020408,emp_020406
emp_020409,emp_020406
emp_020410,emp_020406
emp_020411,emp_020406
emp_020412,emp_020406
emp_020413,emp_020406
emp_020414,emp_020421
emp_020415,emp_020421
emp_020416,emp_020421
emp_020417,emp_020421
emp_020418,emp_020421
emp_020419,emp_020421
emp_020420,emp_020421
emp_020421,emp_020464
emp_020422,emp_020464
emp_020423,emp_020422
emp_020424,emp_020422
emp_020425,emp_020422
emp_020426,emp_020422
emp_020427,emp_020422
emp_020428,emp_020422
emp_020429,emp_020430
emp_020430,emp_020464
emp_020431,emp_020430
emp_020432,emp_020430
emp_020433,emp_020430
emp_020434,emp_020430
emp_020435,emp_020430
emp_020436,emp_020441
emp_020437,emp_020441
emp_020438,emp_020441
emp_020439,emp_020441
emp_020440,emp_020441
emp_020441,emp_020464
emp_020442,emp_020444
emp_020443,emp_020444
emp_020444,emp_020464
emp_020445,emp_020444
emp_020446,emp_020444
emp_020447,emp_020444
emp_020448,emp_020444
emp_020449,emp_020444
emp_020450,emp_020454
emp_020451,emp_020454
emp_020452,emp_020454
emp_020453,emp_020454
emp_020454,emp_020464
emp_020455,emp_020454
emp_020456,emp_020454
emp_020457,emp_020459
emp_020458,emp_020459
emp_020459,emp_020464
emp_020460,emp_020459
emp_020461,emp_020459
emp_020462,emp_020464
emp_020463,emp_020464
emp_020464,emp_023036
emp_020465,emp_020464
emp_020466,emp_020464
emp_020467,emp_020464
emp_020468,emp_020464
emp_020469,emp_020468
emp_020470,emp_020468
emp_020471,emp_020468
emp_020472,emp_020468
emp_020473,emp_020468
emp_020474,emp_020468
emp_020475,emp_020464
emp_020476,emp_020475
emp_020477,emp_020475
emp_020478,emp_020475
emp_020479,emp_020475
emp_020480,emp_020475
emp_020481,emp_020475
emp_020482,emp_020464
emp_020483,emp_020482
emp_020484,emp_020482
emp_020485,emp_020482
emp_020486,emp_020487
emp_020487,emp_020464
emp_020488,emp_020487
emp_020489,emp_020487
emp_020490,emp_020487
emp_020491,emp_020487
emp_020492,emp_020487
emp_020493,emp_020487
emp_020494,emp_020495
emp_020495,emp_020464
emp_020496,emp_020495
emp_020497,emp_020495
emp_020498,emp_020495
emp_020499,emp_020495
emp_020500,emp_020503
emp_020501,emp_020503
emp_020502,emp_020503
emp_020503,emp_020464
emp_020504,emp_020503
emp_020505,emp_020503
emp_020506,emp_020503
emp_020507,emp_020503
emp_020508,emp_020509
emp_020509,emp_020464
emp_020510,emp_020509
emp_020511,emp_020509
emp_020512,emp_020509
emp_020513,emp_020509
emp_020514,emp_020515
emp_020515,emp_020464
emp_020516,emp_020515
emp_020517,emp_020515
emp_020518,emp_020464
emp_020519,emp_020518
emp_020520,emp_020518
emp_020521,emp_020522
emp_020522,emp_020464
emp_020523,emp_020524
emp_020524,emp_020464
emp_020525,emp_020524
emp_020526,emp_020524
emp_020527,emp_020524
emp_020528,emp_020532
emp_020529,emp_020532
emp_020530,emp_020532
emp_020531,emp_020532
emp_020532,emp_020464
emp_020533,emp_020532
emp_020534,emp_020532
emp_020535,emp_020538
emp_020536,emp_020538
emp_020537,emp_020538
emp_020538,emp_020464
emp_020539,emp_020538
emp_020540,emp_020538
emp_020541,emp_020538
emp_020542,emp_020538
emp_020543,emp_020538
emp_020544,emp_020538
emp_020545,emp_020546
emp_020546,emp_020464
emp_020547,emp_020546
emp_020548,emp_020546
emp_020549,emp_020546
emp_020550,emp_020546
emp_020551,emp_020553
emp_020552,emp_020553
emp_020553,emp_020464
emp_020554,emp_020553
emp_020555,emp_020560
emp_020556,emp_020560
emp_020557,emp_020560
emp_020558,emp_020560
emp_020559,emp_020560
emp_020560,emp_020464
emp_020561,emp_020560
emp_020562,emp_020563
emp_020563,emp_020464
emp_020564,emp_020563
emp_020565,emp_020563
emp_020566,emp_020563
emp_020567,emp_020563
emp_020568,emp_020572
emp_020569,emp_020572
emp_020570,emp_020572
emp_020571,emp_020572
emp_020572,emp_020464
emp_020573,emp_020572
emp_020574,emp_020572
emp_020575,emp_020572
emp_020576,emp_020579
emp_020577,emp_020579
emp_020578,emp_020579
emp_020579,emp_020464
emp_020580,emp_020584
emp_020581,emp_020584
emp_020582,emp_020584
emp_020583,emp_020584
emp_020584,emp_020464
emp_020585,emp_020584
emp_020586,emp_020584
emp_020587,emp_020588
emp_020588,emp_020464
emp_020589,emp_020588
emp_020590,emp_020588
emp_020591,emp_020588
emp_020592,emp_020464
emp_020593,emp_020592
emp_020594,emp_020592
emp_020595,emp_020592
emp_020596,emp_020592
emp_020597,emp_020592
emp_020598,emp_020592
emp_020599,emp_020592
emp_020600,emp_020601
emp_020601,emp_020464
emp_020602,emp_020601
emp_020603,emp_020601
emp_020604,emp_020601
emp_020605,emp_020606
emp_020606,emp_020464
emp_020607,emp_020606
emp_020608,emp_020606
emp_020609,emp_020606
emp_020610,emp_020606
emp_020611,emp_020606
emp_020612,emp_020614
emp_020613,emp_020614
emp_020614,emp_020464
emp_020615,emp_020614
emp_020616,emp_020614
emp_020617,emp_020614
emp_020618,emp_020614
emp_020619,emp_020620
emp_020620,emp_020464
emp_020621,emp_020620
emp_020622,emp_020620
emp_020623,emp_020620
emp_020624,emp_020620
emp_020625,emp_020620
emp_020626,emp_020620
emp_020627,emp_020620
emp_020628,emp_020464
emp_020629,emp_020628
emp_020630,emp_020628
emp_020631,emp_020628
emp_020632,emp_020628
emp_020633,emp_020628
emp_020634,emp_020638
emp_020635,emp_020638
emp_020636,emp_020638
emp_020637,emp_020638
emp_020638,emp_020464
emp_020639,emp_020638
emp_020640,emp_020641
emp_020641,emp_020464
emp_020642,emp_020641
emp_020643,emp_020641
emp_020644,emp_020646
emp_020645,emp_020646
emp_020646,emp_020464
emp_020647,emp_020651
emp_020648,emp_020651
emp_020649,emp_020651
emp_020650,emp_020651
emp_020651,emp_020464
emp_020652,emp_020651
emp_020653,emp_020651
emp_020654,emp_020464
emp_020655,emp_020654
emp_020656,emp_020654
emp_020657,emp_020654
emp_020658,emp_020654
emp_020659,emp_020654
emp_020660,emp_020654
emp_020661,emp_020654
emp_020662,emp_020670
emp_020663,emp_020670
emp_020664,emp_020670
emp_020665,emp_020670
emp_020666,emp_020670
emp_020667,emp_020670
emp_020668,emp_020670
emp_020669,emp_020670
emp_020670,emp_020464
emp_020671,emp_020675
emp_020672,emp_020675
emp_020673,emp_020675
emp_020674,emp_020675
emp_020675,emp_020464
emp_020676,emp_020675
emp_020677,emp_020675
emp_020678,emp_020686
emp_020679,emp_020686
emp_020680,emp_020686
emp_020681,emp_020686
emp_020682,emp_020686
emp_020683,emp_020686
emp_020684,emp_020686
emp_020685,emp_020686
emp_020686,emp_020464
emp_020687,emp_020686
emp_020688,emp_020686
emp_020689,emp_020686
emp_020690,emp_020696
emp_020691,emp_020696
emp_020692,emp_020696
emp_020693,emp_020696
emp_020694,emp_020696
emp_020695,emp_020696
emp_020696,emp_020464
emp_020697,emp_020696
emp_020698,emp_020696
emp_020699,emp_020696
emp_020700,emp_020702
emp_020701,emp_020702
emp_020702,emp_020464
emp_020703,emp_020702
emp_020704,emp_020702
emp_020705,emp_020702
emp_020706,emp_020702
emp_020707,emp_020702
emp_020708,emp_020711
emp_020709,emp_020711
emp_020710,emp_020711
emp_020711,emp_020464
emp_020712,emp_020711
emp_020713,emp_020711
emp_020714,emp_020711
emp_020715,emp_020711
emp_020716,emp_020717
emp_020717,emp_020464
emp_020718,emp_020717
emp_020719,emp_020717
emp_020720,emp_020717
emp_020721,emp_020717
emp_020722,emp_020717
emp_020723,emp_020717
emp_020724,emp_020464
emp_020725,emp_020724
emp_020726,emp_020724
emp_020727,emp_020724
emp_020728,emp_020731
emp_020729,emp_020731
emp_020730,emp_020731
emp_020731,emp_020464
emp_020732,emp_020731
emp_020733,emp_020731
emp_020734,emp_020731
emp_020735,emp_020740
emp_020736,emp_020740
emp_020737,emp_020740
emp_020738,emp_020740
emp_020739,emp_020740
emp_020740,emp_020464
emp_020741,emp_020746
emp_020742,emp_020746
emp_020743,emp_020746
emp_020744,emp_020746
emp_020745,emp_020746
emp_020746,emp_020464
emp_020747,emp_020464
emp_020748,emp_020747
emp_020749,emp_020747
emp_020750,emp_020747
emp_020751,emp_020747
emp_020752,emp_020747
emp_020753,emp_020464
emp_020754,emp_020753
emp_020755,emp_020753
emp_020756,emp_020753
emp_020757,emp_020753
emp_020758,emp_020753
emp_020759,emp_020753
emp_020760,emp_020763
emp_020761,emp_020763
emp_020762,emp_020763
emp_020763,emp_020464
emp_020764,emp_020763
emp_020765,emp_020767
emp_020766,emp_020767
emp_020767,emp_020464
emp_020768,emp_020767
emp_020769,emp_020767
emp_020770,emp_020771
emp_020771,emp_020464
emp_020772,emp_020771
emp_020773,emp_020771
emp_020774,emp_020771
emp_020775,emp_020780
emp_020776,emp_020780
emp_020777,emp_020780
emp_020778,emp_020780
emp_020779,emp_020780
emp_020780,emp_020464
emp_020781,emp_020780
emp_020782,emp_020780
emp_020783,emp_020780
emp_020784,emp_020787
emp_020785,emp_020787
emp_020786,emp_020787
emp_020787,emp_020464
emp_020788,emp_020787
emp_020789,emp_020787
emp_020790,emp_020791
emp_020791,emp_020464
emp_020792,emp_020791
emp_020793,emp_020791
emp_020794,emp_020791
emp_020795,emp_020802
emp_020796,emp_020802
emp_020797,emp_020802
emp_020798,emp_020802
emp_020799,emp_020802
emp_020800,emp_020802
emp_020801,emp_020802
emp_020802,emp_020464
emp_020803,emp_020802
emp_020804,emp_020464
emp_020805,emp_020804
emp_020806,emp_020804
emp_020807,emp_020804
emp_020808,emp_020804
emp_020809,emp_020804
emp_020810,emp_020804
emp_020811,emp_020814
emp_020812,emp_020814
emp_020813,emp_020814
emp_020814,emp_020464
emp_020815,emp_020814
emp_020816,emp_020814
emp_020817,emp_020814
emp_020818,emp_020819
emp_020819,emp_020464
emp_020820,emp_020819
emp_020821,emp_020819
emp_020822,emp_020819
emp_020823,emp_020819
emp_020824,emp_020819
emp_020825,emp_020826
emp_020826,emp_020464
emp_020827,emp_020826
emp_020828,emp_020830
emp_020829,emp_020830
emp_020830,emp_020464
emp_020831,emp_020830
emp_020832,emp_020830
emp_020833,emp_020835
emp_020834,emp_020835
emp_020835,emp_020464
emp_020836,emp_020835
emp_020837,emp_020841
emp_020838,emp_020841
emp_020839,emp_020841
emp_020840,emp_020841
emp_020841,emp_020464
emp_020842,emp_020464
emp_020843,emp_020842
emp_020844,emp_020842
emp_020845,emp_020842
emp_020846,emp_020842
emp_020847,emp_020842
emp_020848,emp_020842
emp_020849,emp_020860
emp_020850,emp_020860
emp_020851,emp_020860
emp_020852,emp_020860
emp_020853,emp_020860
emp_020854,emp_020860
emp_020855,emp_020860
emp_020856,emp_020860
emp_020857,emp_020860
emp_020858,emp_020860
emp_020859,emp_020860
emp_020860,emp_020464
emp_020861,emp_020865
emp_020862,emp_020865
emp_020863,emp_020865
emp_020864,emp_020865
emp_020865,emp_020464
emp_020866,emp_020865
emp_020867,emp_020865
emp_020868,emp_020865
emp_020869,emp_020865
emp_020870,emp_020871
emp_020871,emp_020464
emp_020872,emp_020871
emp_020873,emp_020871
emp_020874,emp_020871
emp_020875,emp_020871
emp_020876,emp_020871
emp_020877,emp_020871
emp_020878,emp_020871
emp_020879,emp_020871
emp_020880,emp_020883
emp_020881,emp_020883
emp_020882,emp_020883
emp_020883,emp_020464
emp_020884,emp_020464
emp_020885,emp_020884
emp_020886,emp_020884
emp_020887,emp_020884
emp_020888,emp_020884
emp_020889,emp_020884
emp_020890,emp_020884
emp_020891,emp_020884
emp_020892,emp_020884
emp_020893,emp_020894
emp_020894,emp_020464
emp_020895,emp_020894
emp_020896,emp_020894
emp_020897,emp_020894
emp_020898,emp_020894
emp_020899,emp_020894
emp_020900,emp_020901
emp_020901,emp_020464
emp_020902,emp_020901
emp_020903,emp_020901
emp_020904,emp_020906
emp_020905,emp_020906
emp_020906,emp_020464
emp_020907,emp_020906
emp_020908,emp_020906
emp_020909,emp_020914
emp_020910,emp_020914
emp_020911,emp_020914
emp_020912,emp_020914
emp_020913,emp_020914
emp_020914,emp_020464
emp_020915,emp_020914
emp_020916,emp_020914
emp_020917,emp_020918
emp_020918,emp_020464
emp_020919,emp_020918
emp_020920,emp_020918
emp_020921,emp_020918
emp_020922,emp_020918
emp_020923,emp_020918
emp_020924,emp_020918
emp_020925,emp_020918
emp_020926,emp_020918
emp_020927,emp_020918
emp_020928,emp_020918
emp_020929,emp_020918
emp_020930,emp_020931
emp_020931,emp_020464
emp_020932,emp_020931
emp_020933,emp_020931
emp_020934,emp_020931
emp_020935,emp_020931
emp_020936,emp_020931
emp_020937,emp_020941
emp_020938,emp_020941
emp_020939,emp_020941
emp_020940,emp_020941
emp_020941,emp_020464
emp_020942,emp_020941
emp_020943,emp_020946
emp_020944,emp_020946
emp_020945,emp_020946
emp_020946,emp_020464
emp_020947,emp_020946
emp_020948,emp_020946
emp_020949,emp_020946
emp_020950,emp_020946
emp_020951,emp_020946
emp_020952,emp_020953
emp_020953,emp_020464
emp_020954,emp_020953
emp_020955,emp_020953
emp_020956,emp_020953
emp_020957,emp_020464
emp_020958,emp_020957
emp_020959,emp_020957
emp_020960,emp_020957
emp_020961,emp_020957
emp_020962,emp_020957
emp_020963,emp_020957
emp_020964,emp_020957
emp_020965,emp_020957
emp_020966,emp_020973
emp_020967,emp_020973
emp_020968,emp_020973
emp_020969,emp_020973
emp_020970,emp_020973
emp_020971,emp_020973
emp_020972,emp_020973
emp_020973,emp_020464
emp_020974,emp_020973
emp_020975,emp_020981
emp_020976,emp_020981
emp_020977,emp_020981
emp_020978,emp_020981
emp_020979,emp_020981
emp_020980,emp_020981
emp_020981,emp_020464
emp_020982,emp_020981
emp_020983,emp_020981
emp_020984,emp_020981
emp_020985,emp_020988
emp_020986,emp_020988
emp_020987,emp_020988
emp_020988,emp_020464
emp_020989,emp_020988
emp_020990,emp_020988
emp_020991,emp_020988
emp_020992,emp_020994
emp_020993,emp_020994
emp_020994,emp_020464
emp_020995,emp_020994
emp_020996,emp_020994
emp_020997,emp_020994
emp_020998,emp_021000
emp_020999,emp_021000
emp_021000,emp_020464
emp_021001,emp_021000
emp_021002,emp_021009
emp_021003,emp_021009
emp_021004,emp_021009
emp_021005,emp_021009
emp_021006,emp_021009
emp_021007,emp_021009
emp_021008,emp_021009
emp_021009,emp_020464
emp_021010,emp_021009
emp_021011,emp_021009
emp_021012,emp_021013
emp_021013,emp_020464
emp_021014,emp_020464
emp_021015,emp_021014
emp_021016,emp_021014
emp_021017,emp_021014
emp_021018,emp_021014
emp_021019,emp_021014
emp_021020,emp_021014
emp_021021,emp_021024
emp_021022,emp_021024
emp_021023,emp_021024
emp_021024,emp_020464
emp_021025,emp_021024
emp_021026,emp_021024
emp_021027,emp_021024
emp_021028,emp_021030
emp_021029,emp_021030
emp_021030,emp_020464
emp_021031,emp_021030
emp_021032,emp_021030
emp_021033,emp_021030
emp_021034,emp_021036
emp_021035,emp_021036
emp_021036,emp_020464
emp_021037,emp_021036
emp_021038,emp_021036
emp_021039,emp_021036
emp_021040,emp_021036
emp_021041,emp_021036
emp_021042,emp_021036
emp_021043,emp_020464
emp_021044,emp_021043
emp_021045,emp_021043
emp_021046,emp_021043
emp_021047,emp_021043
emp_021048,emp_021043
emp_021049,emp_021043
emp_021050,emp_021043
emp_021051,emp_021043
emp_021052,emp_021043
emp_021053,emp_021043
emp_021054,emp_020464
emp_021055,emp_021054
emp_021056,emp_021054
emp_021057,emp_021054
emp_021058,emp_021054
emp_021059,emp_021054
emp_021060,emp_021054
emp_021061,emp_020464
emp_021062,emp_021061
emp_021063,emp_021061
emp_021064,emp_021061
emp_021065,emp_021061
emp_021066,emp_021061
emp_021067,emp_021061
emp_021068,emp_021061
emp_021069,emp_020464
emp_021070,emp_021069
emp_021071,emp_021069
emp_021072,emp_021069
emp_021073,emp_021069
emp_021074,emp_021069
emp_021075,emp_021069
emp_021076,emp_021069
emp_021077,emp_021078
emp_021078,emp_020464
emp_021079,emp_021078
emp_021080,emp_021078
emp_021081,emp_021078
emp_021082,emp_021078
emp_021083,emp_021087
emp_021084,emp_021087
emp_021085,emp_021087
emp_021086,emp_021087
emp_021087,emp_020464
emp_021088,emp_021087
emp_021089,emp_021087
emp_021090,emp_021093
emp_021091,emp_021093
emp_021092,emp_021093
emp_021093,emp_020464
emp_021094,emp_021093
emp_021095,emp_021093
emp_021096,emp_021093
emp_021097,emp_021098
emp_021098,emp_020464
emp_021099,emp_021098
emp_021100,emp_021098
emp_021101,emp_021098
emp_021102,emp_021106
emp_021103,emp_021106
emp_021104,emp_021106
emp_021105,emp_021106
emp_021106,emp_020464
emp_021107,emp_021106
emp_021108,emp_021106
emp_021109,emp_021106
emp_021110,emp_021113
emp_021111,emp_021113
emp_021112,emp_021113
emp_021113,emp_020464
emp_021114,emp_021113
emp_021115,emp_021113
emp_021116,emp_021113
emp_021117,emp_021113
emp_021118,emp_021120
emp_021119,emp_021120
emp_021120,emp_020464
emp_021121,emp_021120
emp_021122,emp_021120
emp_021123,emp_021120
emp_021124,emp_020464
emp_021125,emp_021124
emp_021126,emp_021124
emp_021127,emp_021124
emp_021128,emp_021124
emp_021129,emp_021124
emp_021130,emp_021124
emp_021131,emp_021124
emp_021132,emp_021124
emp_021133,emp_021134
emp_021134,emp_020464
emp_021135,emp_021134
emp_021136,emp_021134
emp_021137,emp_021139
emp_021138,emp_021139
emp_021139,emp_020464
emp_021140,emp_021139
emp_021141,emp_021146
emp_021142,emp_021146
emp_021143,emp_021146
emp_021144,emp_021146
emp_021145,emp_021146
emp_021146,emp_020464
emp_021147,emp_021146
emp_021148,emp_021146
emp_021149,emp_021146
emp_021150,emp_021146
emp_021151,emp_021154
emp_021152,emp_021154
emp_021153,emp_021154
emp_021154,emp_020464
emp_021155,emp_020464
emp_021156,emp_021155
emp_021157,emp_021155
emp_021158,emp_021155
emp_021159,emp_021155
emp_021160,emp_021155
emp_021161,emp_021155
emp_021162,emp_021155
emp_021163,emp_021155
emp_021164,emp_021165
emp_021165,emp_020464
emp_021166,emp_021165
emp_021167,emp_021165
emp_021168,emp_021165
emp_021169,emp_021171
emp_021170,emp_021171
emp_021171,emp_020464
emp_021172,emp_021171
emp_021173,emp_021171
emp_021174,emp_021171
emp_021175,emp_021171
emp_021176,emp_021171
emp_021177,emp_021182
emp_021178,emp_021182
emp_021179,emp_021182
emp_021180,emp_021182
emp_021181,emp_021182
emp_021182,emp_020464
emp_021183,emp_021182
emp_021184,emp_020464
emp_021185,emp_021184
emp_021186,emp_021184
emp_021187,emp_021184
emp_021188,emp_021184
emp_021189,emp_021184
emp_021190,emp_021191
emp_021191,emp_020464
emp_021192,emp_021191
emp_021193,emp_021191
emp_021194,emp_021191
emp_021195,emp_021191
emp_021196,emp_021191
emp_021197,emp_021202
emp_021198,emp_021202
emp_021199,emp_021202
emp_021200,emp_021202
emp_021201,emp_021202
emp_021202,emp_020464
emp_021203,emp_020464
emp_021204,emp_021203
emp_021205,emp_021203
emp_021206,emp_021209
emp_021207,emp_021209
emp_021208,emp_021209
emp_021209,emp_020464
emp_021210,emp_021209
emp_021211,emp_021209
emp_021212,emp_021209
emp_021213,emp_021209
emp_021214,emp_021215
emp_021215,emp_020464
emp_021216,emp_021215
emp_021217,emp_021215
emp_021218,emp_021215
emp_021219,emp_020464
emp_021220,emp_021219
emp_021221,emp_021219
emp_021222,emp_021219
emp_021223,emp_021219
emp_021224,emp_021219
emp_021225,emp_021219
emp_021226,emp_021219
emp_021227,emp_021219
emp_021228,emp_020464
emp_021229,emp_021228
emp_021230,emp_021228
emp_021231,emp_021228
emp_021232,emp_021228
emp_021233,emp_021228
emp_021234,emp_021228
emp_021235,emp_021228
emp_021236,emp_021237
emp_021237,emp_020464
emp_021238,emp_021237
emp_021239,emp_021237
emp_021240,emp_021237
emp_021241,emp_021245
emp_021242,emp_021245
emp_021243,emp_021245
emp_021244,emp_021245
emp_021245,emp_020464
emp_021246,emp_021245
emp_021247,emp_021245
emp_021248,emp_021245
emp_021249,emp_021245
emp_021250,emp_021253
emp_021251,emp_021253
emp_021252,emp_021253
emp_021253,emp_020464
emp_021254,emp_021253
emp_021255,emp_021253
emp_021256,emp_020464
emp_021257,emp_021256
emp_021258,emp_020464
emp_021259,emp_021258
emp_021260,emp_021258
emp_021261,emp_021258
emp_021262,emp_021258
emp_021263,emp_021258
emp_021264,emp_021258
emp_021265,emp_021258
emp_021266,emp_021268
emp_021267,emp_021268
emp_021268,emp_020464
emp_021269,emp_021268
emp_021270,emp_021268
emp_021271,emp_021268
emp_021272,emp_021274
emp_021273,emp_021274
emp_021274,emp_020464
emp_021275,emp_021274
emp_021276,emp_021274
emp_021277,emp_021278
emp_021278,emp_020464
emp_021279,emp_021278
emp_021280,emp_021278
emp_021281,emp_021278
emp_021282,emp_021278
emp_021283,emp_021278
emp_021284,emp_021291
emp_021285,emp_021291
emp_021286,emp_021291
emp_021287,emp_021291
emp_021288,emp_021291
emp_021289,emp_021291
emp_021290,emp_021291
emp_021291,emp_020464
emp_021292,emp_020464
emp_021293,emp_021292
emp_021294,emp_021292
emp_021295,emp_021292
emp_021296,emp_021292
emp_021297,emp_021292
emp_021298,emp_020464
emp_021299,emp_021298
emp_021300,emp_021298
emp_021301,emp_021298
emp_021302,emp_021298
emp_021303,emp_021298
emp_021304,emp_021298
emp_021305,emp_020464
emp_021306,emp_021305
emp_021307,emp_021305
emp_021308,emp_021310
emp_021309,emp_021310
emp_021310,emp_020464
emp_021311,emp_021310
emp_021312,emp_021310
emp_021313,emp_021310
emp_021314,emp_020464
emp_021315,emp_021314
emp_021316,emp_021314
emp_021317,emp_021314
emp_021318,emp_021314
emp_021319,emp_021314
emp_021320,emp_021322
emp_021321,emp_021322
emp_021322,emp_020464
emp_021323,emp_021322
emp_021324,emp_021322
emp_021325,emp_021322
emp_021326,emp_020464
emp_021327,emp_021326
emp_021328,emp_021326
emp_021329,emp_021326
emp_021330,emp_021326
emp_021331,emp_021326
emp_021332,emp_021326
emp_021333,emp_021326
emp_021334,emp_021341
emp_021335,emp_021341
emp_021336,emp_021341
emp_021337,emp_021341
emp_021338,emp_021341
emp_021339,emp_021341
emp_021340,emp_021341
emp_021341,emp_020464
emp_021342,emp_021346
emp_021343,emp_021346
emp_021344,emp_021346
emp_021345,emp_021346
emp_021346,emp_020464
emp_021347,emp_021346
emp_021348,emp_021346
emp_021349,emp_021346
emp_021350,emp_021346
emp_021351,emp_021352
emp_021352,emp_020464
emp_021353,emp_021352
emp_021354,emp_021352
emp_021355,emp_021352
emp_021356,emp_021358
emp_021357,emp_021358
emp_021358,emp_020464
emp_021359,emp_021358
emp_021360,emp_021361
emp_021361,emp_020464
emp_021362,emp_021361
emp_021363,emp_021361
emp_021364,emp_021361
emp_021365,emp_021361
emp_021366,emp_021361
emp_021367,emp_021361
emp_021368,emp_021369
emp_021369,emp_020464
emp_021370,emp_021369
emp_021371,emp_021369
emp_021372,emp_021369
emp_021373,emp_021375
emp_021374,emp_021375
emp_021375,emp_020464
emp_021376,emp_021375
emp_021377,emp_021375
emp_021378,emp_021375
emp_021379,emp_021375
emp_021380,emp_021375
emp_021381,emp_021375
emp_021382,emp_021385
emp_021383,emp_021385
emp_021384,emp_021385
emp_021385,emp_020464
emp_021386,emp_021391
emp_021387,emp_021391
emp_021388,emp_021391
emp_021389,emp_021391
emp_021390,emp_021391
emp_021391,emp_020464
emp_021392,emp_021391
emp_021393,emp_020464
emp_021394,emp_021393
emp_021395,emp_021393
emp_021396,emp_021393
emp_021397,emp_021393
emp_021398,emp_021393
emp_021399,emp_021393
emp_021400,emp_020464
emp_021401,emp_021400
emp_021402,emp_021408
emp_021403,emp_021408
emp_021404,emp_021408
emp_021405,emp_021408
emp_021406,emp_021408
emp_021407,emp_021408
emp_021408,emp_020464
emp_021409,emp_021411
emp_021410,emp_021411
emp_021411,emp_020464
emp_021412,emp_021411
emp_021413,emp_021411
emp_021414,emp_021411
emp_021415,emp_021411
emp_021416,emp_021411
emp_021417,emp_021411
emp_021418,emp_021420
emp_021419,emp_021420
emp_021420,emp_020464
emp_021421,emp_021420
emp_021422,emp_021420
emp_021423,emp_021420
emp_021424,emp_021420
emp_021425,emp_021428
emp_021426,emp_021428
emp_021427,emp_021428
emp_021428,emp_020464
emp_021429,emp_021428
emp_021430,emp_021428
emp_021431,emp_021428
emp_021432,emp_021438
emp_021433,emp_021438
emp_021434,emp_021438
emp_021435,emp_021438
emp_021436,emp_021438
emp_021437,emp_021438
emp_021438,emp_020464
emp_021439,emp_021440
emp_021440,emp_020464
emp_021441,emp_021440
emp_021442,emp_021440
emp_021443,emp_021440
emp_021444,emp_021440
emp_021445,emp_021449
emp_021446,emp_021449
emp_021447,emp_021449
emp_021448,emp_021449
emp_021449,emp_020464
emp_021450,emp_021449
emp_021451,emp_021449
emp_021452,emp_020464
emp_021453,emp_021452
emp_021454,emp_021452
emp_021455,emp_021452
emp_021456,emp_021452
emp_021457,emp_021464
emp_021458,emp_021464
emp_021459,emp_021464
emp_021460,emp_021464
emp_021461,emp_021464
emp_021462,emp_021464
emp_021463,emp_021464
emp_021464,emp_020464
emp_021465,emp_021471
emp_021466,emp_021471
emp_021467,emp_021471
emp_021468,emp_021471
emp_021469,emp_021471
emp_021470,emp_021471
emp_021471,emp_020464
emp_021472,emp_021475
emp_021473,emp_021475
emp_021474,emp_021475
emp_021475,emp_020464
emp_021476,emp_021475
emp_021477,emp_021478
emp_021478,emp_020464
emp_021479,emp_021478
emp_021480,emp_021478
emp_021481,emp_021478
emp_021482,emp_021484
emp_021483,emp_021484
emp_021484,emp_020464
emp_021485,emp_021484
emp_021486,emp_021484
emp_021487,emp_021484
emp_021488,emp_021489
emp_021489,emp_020464
emp_021490,emp_021489
emp_021491,emp_021489
emp_021492,emp_021489
emp_021493,emp_021489
emp_021494,emp_021496
emp_021495,emp_021496
emp_021496,emp_020464
emp_021497,emp_021496
emp_021498,emp_021500
emp_021499,emp_021500
emp_021500,emp_020464
emp_021501,emp_021500
emp_021502,emp_021500
emp_021503,emp_021512
emp_021504,emp_021512
emp_021505,emp_021512
emp_021506,emp_021512
emp_021507,emp_021512
emp_021508,emp_021512
emp_021509,emp_021512
emp_021510,emp_021512
emp_021511,emp_021512
emp_021512,emp_020464
emp_021513,emp_021512
emp_021514,emp_021512
emp_021515,emp_021520
emp_021516,emp_021520
emp_021517,emp_021520
emp_021518,emp_021520
emp_021519,emp_021520
emp_021520,emp_020464
emp_021521,emp_021520
emp_021522,emp_021520
emp_021523,emp_021527
emp_021524,emp_021527
emp_021525,emp_021527
emp_021526,emp_021527
emp_021527,emp_020464
emp_021528,emp_021532
emp_021529,emp_021532
emp_021530,emp_021532
emp_021531,emp_021532
emp_021532,emp_020464
emp_021533,emp_021535
emp_021534,emp_021535
emp_021535,emp_020464
emp_021536,emp_021535
emp_021537,emp_021535
emp_021538,emp_020464
emp_021539,emp_021538
emp_021540,emp_021538
emp_021541,emp_021538
emp_021542,emp_021538
emp_021543,emp_021538
emp_021544,emp_020464
emp_021545,emp_021544
emp_021546,emp_021544
emp_021547,emp_021544
emp_021548,emp_021544
emp_021549,emp_021544
emp_021550,emp_021544
emp_021551,emp_021556
emp_021552,emp_021556
emp_021553,emp_021556
emp_021554,emp_021556
emp_021555,emp_021556
emp_021556,emp_020464
emp_021557,emp_021556
emp_021558,emp_021556
emp_021559,emp_021564
emp_021560,emp_021564
emp_021561,emp_021564
emp_021562,emp_021564
emp_021563,emp_021564
emp_021564,emp_020464
emp_021565,emp_021564
emp_021566,emp_021564
emp_021567,emp_021564
emp_021568,emp_021564
emp_021569,emp_021574
emp_021570,emp_021574
emp_021571,emp_021574
emp_021572,emp_021574
emp_021573,emp_021574
emp_021574,emp_020464
emp_021575,emp_021574
emp_021576,emp_021574
emp_021577,emp_020464
emp_021578,emp_021577
emp_021579,emp_020464
emp_021580,emp_021579
emp_021581,emp_021579
emp_021582,emp_020464
emp_021583,emp_021582
emp_021584,emp_021582
emp_021585,emp_021589
emp_021586,emp_021589
emp_021587,emp_021589
emp_021588,emp_021589
emp_021589,emp_020464
emp_021590,emp_020464
emp_021591,emp_021590
emp_021592,emp_021590
emp_021593,emp_021590
emp_021594,emp_021590
emp_021595,emp_021590
emp_021596,emp_021590
emp_021597,emp_021603
emp_021598,emp_021603
emp_021599,emp_021603
emp_021600,emp_021603
emp_021601,emp_021603
emp_021602,emp_021603
emp_021603,emp_020464
emp_021604,emp_020464
emp_021605,emp_021604
emp_021606,emp_021611
emp_021607,emp_021611
emp_021608,emp_021611
emp_021609,emp_021611
emp_021610,emp_021611
emp_021611,emp_020464
emp_021612,emp_021611
emp_021613,emp_021614
emp_021614,emp_020464
emp_021615,emp_021616
emp_021616,emp_020464
emp_021617,emp_021616
emp_021618,emp_021616
emp_021619,emp_021616
emp_021620,emp_021616
emp_021621,emp_021616
emp_021622,emp_020464
emp_021623,emp_021622
emp_021624,emp_021622
emp_021625,emp_021622
emp_021626,emp_021622
emp_021627,emp_021622
emp_021628,emp_021622
emp_021629,emp_021622
emp_021630,emp_020464
emp_021631,emp_021630
emp_021632,emp_021630
emp_021633,emp_021630
emp_021634,emp_021630
emp_021635,emp_021630
emp_021636,emp_021630
emp_021637,emp_021640
emp_021638,emp_021640
emp_021639,emp_021640
emp_021640,emp_021993
emp_021641,emp_021640
emp_021642,emp_021640
emp_021643,emp_021640
emp_021644,emp_021640
emp_021645,emp_021647
emp_021646,emp_021647
emp_021647,emp_021993
emp_021648,emp_021647
emp_021649,emp_021647
emp_021650,emp_021652
emp_021651,emp_021652
emp_021652,emp_021993
emp_021653,emp_021652
emp_021654,emp_021652
emp_021655,emp_021658
emp_021656,emp_021658
emp_021657,emp_021658
emp_021658,emp_021993
emp_021659,emp_021658
emp_021660,emp_021663
emp_021661,emp_021663
emp_021662,emp_021663
emp_021663,emp_021993
emp_021664,emp_021663
emp_021665,emp_021663
emp_021666,emp_021667
emp_021667,emp_021993
emp_021668,emp_021667
emp_021669,emp_021670
emp_021670,emp_021993
emp_021671,emp_021670
emp_021672,emp_021670
emp_021673,emp_021670
emp_021674,emp_021670
emp_021675,emp_021670
emp_021676,emp_021670
emp_021677,emp_021680
emp_021678,emp_021680
emp_021679,emp_021680
emp_021680,emp_021993
emp_021681,emp_021680
emp_021682,emp_021680
emp_021683,emp_021680
emp_021684,emp_021680
emp_021685,emp_021680
emp_021686,emp_021688
emp_021687,emp_021688
emp_021688,emp_021993
emp_021689,emp_021688
emp_021690,emp_021688
emp_021691,emp_021688
emp_021692,emp_021688
emp_021693,emp_021694
emp_021694,emp_021993
emp_021695,emp_021694
emp_021696,emp_021694
emp_021697,emp_021694
emp_021698,emp_021701
emp_021699,emp_021701
emp_021700,emp_021701
emp_021701,emp_021993
emp_021702,emp_021701
emp_021703,emp_021701
emp_021704,emp_021993
emp_021705,emp_021704
emp_021706,emp_021704
emp_021707,emp_021704
emp_021708,emp_021713
emp_021709,emp_021713
emp_021710,emp_021713
emp_021711,emp_021713
emp_021712,emp_021713
emp_021713,emp_021993
emp_021714,emp_021717
emp_021715,emp_021717
emp_021716,emp_021717
emp_021717,emp_021993
emp_021718,emp_021722
emp_021719,emp_021722
emp_021720,emp_021722
emp_021721,emp_021722
emp_021722,emp_021993
emp_021723,emp_021722
emp_021724,emp_021993
emp_021725,emp_021724
emp_021726,emp_021724
emp_021727,emp_021724
emp_021728,emp_021724
emp_021729,emp_021724
emp_021730,emp_021731
emp_021731,emp_021993
emp_021732,emp_021736
emp_021733,emp_021736
emp_021734,emp_021736
emp_021735,emp_021736
emp_021736,emp_021993
emp_021737,emp_021736
emp_021738,emp_021736
emp_021739,emp_021736
emp_021740,emp_021736
emp_021741,emp_021736
emp_021742,emp_021744
emp_021743,emp_021744
emp_021744,emp_021993
emp_021745,emp_021744
emp_021746,emp_021744
emp_021747,emp_021744
emp_021748,emp_021744
emp_021749,emp_021744
emp_021750,emp_021744
emp_021751,emp_021744
emp_021752,emp_021755
emp_021753,emp_021755
emp_021754,emp_021755
emp_021755,emp_021993
emp_021756,emp_021755
emp_021757,emp_021755
emp_021758,emp_021761
emp_021759,emp_021761
emp_021760,emp_021761
emp_021761,emp_021993
emp_021762,emp_021761
emp_021763,emp_021761
emp_021764,emp_021761
emp_021765,emp_021761
emp_021766,emp_021761
emp_021767,emp_021993
emp_021768,emp_021767
emp_021769,emp_021767
emp_021770,emp_021767
emp_021771,emp_021767
emp_021772,emp_021767
emp_021773,emp_021767
emp_021774,emp_021775
emp_021775,emp_021993
emp_021776,emp_021775
emp_021777,emp_021775
emp_021778,emp_021775
emp_021779,emp_021775
emp_021780,emp_021775
emp_021781,emp_021775
emp_021782,emp_021784
emp_021783,emp_021784
emp_021784,emp_021993
emp_021785,emp_021784
emp_021786,emp_021784
emp_021787,emp_021784
emp_021788,emp_021784
emp_021789,emp_021784
emp_021790,emp_021791
emp_021791,emp_021993
emp_021792,emp_021791
emp_021793,emp_021796
emp_021794,emp_021796
emp_021795,emp_021796
emp_021796,emp_021993
emp_021797,emp_021796
emp_021798,emp_021796
emp_021799,emp_021796
emp_021800,emp_021802
emp_021801,emp_021802
emp_021802,emp_021993
emp_021803,emp_021802
emp_021804,emp_021802
emp_021805,emp_021802
emp_021806,emp_021809
emp_021807,emp_021809
emp_021808,emp_021809
emp_021809,emp_021993
emp_021810,emp_021809
emp_021811,emp_021809
emp_021812,emp_021809
emp_021813,emp_021809
emp_021814,emp_021809
emp_021815,emp_021818
emp_021816,emp_021818
emp_021817,emp_021818
emp_021818,emp_021993
emp_021819,emp_021818
emp_021820,emp_021818
emp_021821,emp_021818
emp_021822,emp_021818
emp_021823,emp_021818
emp_021824,emp_021825
emp_021825,emp_021993
emp_021826,emp_021825
emp_021827,emp_021825
emp_021828,emp_021825
emp_021829,emp_021993
emp_021830,emp_021829
emp_021831,emp_021829
emp_021832,emp_021834
emp_021833,emp_021834
emp_021834,emp_021993
emp_021835,emp_021834
emp_021836,emp_021834
emp_021837,emp_021834
emp_021838,emp_021993
emp_021839,emp_021838
emp_021840,emp_021838
emp_021841,emp_021846
emp_021842,emp_021846
emp_021843,emp_021846
emp_021844,emp_021846
emp_021845,emp_021846
emp_021846,emp_021993
emp_021847,emp_021846
emp_021848,emp_021846
emp_021849,emp_021853
emp_021850,emp_021853
emp_021851,emp_021853
emp_021852,emp_021853
emp_021853,emp_021993
emp_021854,emp_021853
emp_021855,emp_021857
emp_021856,emp_021857
emp_021857,emp_021993
emp_021858,emp_021857
emp_021859,emp_021857
emp_021860,emp_021857
emp_021861,emp_021857
emp_021862,emp_021857
emp_021863,emp_021857
emp_021864,emp_021866
emp_021865,emp_021866
emp_021866,emp_021993
emp_021867,emp_021866
emp_021868,emp_021866
emp_021869,emp_021866
emp_021870,emp_021874
emp_021871,emp_021874
emp_021872,emp_021874
emp_021873,emp_021874
emp_021874,emp_021993
emp_021875,emp_021874
emp_021876,emp_021874
emp_021877,emp_021874
emp_021878,emp_021874
emp_021879,emp_021874
emp_021880,emp_021993
emp_021881,emp_021880
emp_021882,emp_021887
emp_021883,emp_021887
emp_021884,emp_021887
emp_021885,emp_021887
emp_021886,emp_021887
emp_021887,emp_021993
emp_021888,emp_021887
emp_021889,emp_021890
emp_021890,emp_021993
emp_021891,emp_021890
emp_021892,emp_021890
emp_021893,emp_021890
emp_021894,emp_021896
emp_021895,emp_021896
emp_021896,emp_021993
emp_021897,emp_021896
emp_021898,emp_021896
emp_021899,emp_021896
emp_021900,emp_021993
emp_021901,emp_021900
emp_021902,emp_021900
emp_021903,emp_021900
emp_021904,emp_021900
emp_021905,emp_021900
emp_021906,emp_021900
emp_021907,emp_021900
emp_021908,emp_021900
emp_021909,emp_021900
emp_021910,emp_021913
emp_021911,emp_021913
emp_021912,emp_021913
emp_021913,emp_021993
emp_021914,emp_021913
emp_021915,emp_021917
emp_021916,emp_021917
emp_021917,emp_021993
emp_021918,emp_021917
emp_021919,emp_021917
emp_021920,emp_021917
emp_021921,emp_021917
emp_021922,emp_021927
emp_021923,emp_021927
emp_021924,emp_021927
emp_021925,emp_021927
emp_021926,emp_021927
emp_021927,emp_021993
emp_021928,emp_021993
emp_021929,emp_021928
emp_021930,emp_021928
emp_021931,emp_021928
emp_021932,emp_021928
emp_021933,emp_021928
emp_021934,emp_021928
emp_021935,emp_021928
emp_021936,emp_021928
emp_021937,emp_021938
emp_021938,emp_021993
emp_021939,emp_021938
emp_021940,emp_021938
emp_021941,emp_021938
emp_021942,emp_021945
emp_021943,emp_021945
emp_021944,emp_021945
emp_021945,emp_021993
emp_021946,emp_021945
emp_021947,emp_021949
emp_021948,emp_021949
emp_021949,emp_021993
emp_021950,emp_021949
emp_021951,emp_021956
emp_021952,emp_021956
emp_021953,emp_021956
emp_021954,emp_021956
emp_021955,emp_021956
emp_021956,emp_021993
emp_021957,emp_021956
emp_021958,emp_021962
emp_021959,emp_021962
emp_021960,emp_021962
emp_021961,emp_021962
emp_021962,emp_021993
emp_021963,emp_021962
emp_021964,emp_021962
emp_021965,emp_021962
emp_021966,emp_021967
emp_021967,emp_021993
emp_021968,emp_021971
emp_021969,emp_021971
emp_021970,emp_021971
emp_021971,emp_021993
emp_021972,emp_021971
emp_021973,emp_021978
emp_021974,emp_021978
emp_021975,emp_021978
emp_021976,emp_021978
emp_021977,emp_021978
emp_021978,emp_021993
emp_021979,emp_021978
emp_021980,emp_021985
emp_021981,emp_021985
emp_021982,emp_021985
emp_021983,emp_021985
emp_021984,emp_021985
emp_021985,emp_021993
emp_021986,emp_021989
emp_021987,emp_021989
emp_021988,emp_021989
emp_021989,emp_021993
emp_021990,emp_021989
emp_021991,emp_021989
emp_021992,emp_021993
emp_021993,emp_023036
emp_021994,emp_021993
emp_021995,emp_021993
emp_021996,emp_021993
emp_021997,emp_022003
emp_021998,emp_022003
emp_021999,emp_022003
emp_022000,emp_022003
emp_022001,emp_022003
emp_022002,emp_022003
emp_022003,emp_021993
emp_022004,emp_022003
emp_022005,emp_022014
emp_022006,emp_022014
emp_022007,emp_022014
emp_022008,emp_022014
emp_022009,emp_022014
emp_022010,emp_022014
emp_022011,emp_022014
emp_022012,emp_022014
emp_022013,emp_022014
emp_022014,emp_021993
emp_022015,emp_022014
emp_022016,emp_022014
emp_022017,emp_022014
emp_022018,emp_022020
emp_022019,emp_022020
emp_022020,emp_021993
emp_022021,emp_022020
emp_022022,emp_022020
emp_022023,emp_022026
emp_022024,emp_022026
emp_022025,emp_022026
emp_022026,emp_021993
emp_022027,emp_022026
emp_022028,emp_022033
emp_022029,emp_022033
emp_022030,emp_022033
emp_022031,emp_022033
emp_022032,emp_022033
emp_022033,emp_021993
emp_022034,emp_022039
emp_022035,emp_022039
emp_022036,emp_022039
emp_022037,emp_022039
emp_022038,emp_022039
emp_022039,emp_021993
emp_022040,emp_022039
emp_022041,emp_022039
emp_022042,emp_022039
emp_022043,emp_021993
emp_022044,emp_022043
emp_022045,emp_022043
emp_022046,emp_022043
emp_022047,emp_022043
emp_022048,emp_022043
emp_022049,emp_022043
emp_022050,emp_022043
emp_022051,emp_022043
emp_022052,emp_022053
emp_022053,emp_021993
emp_022054,emp_022053
emp_022055,emp_022053
emp_022056,emp_022053
emp_022057,emp_022053
emp_022058,emp_022053
emp_022059,emp_022064
emp_022060,emp_022064
emp_022061,emp_022064
emp_022062,emp_022064
emp_022063,emp_022064
emp_022064,emp_021993
emp_022065,emp_022064
emp_022066,emp_022069
emp_022067,emp_022069
emp_022068,emp_022069
emp_022069,emp_021993
emp_022070,emp_022069
emp_022071,emp_022069
emp_022072,emp_022069
emp_022073,emp_022069
emp_022074,emp_022069
emp_022075,emp_021993
emp_022076,emp_022075
emp_022077,emp_022075
emp_022078,emp_022075
emp_022079,emp_022075
emp_022080,emp_022081
emp_022081,emp_021993
emp_022082,emp_022081
emp_022083,emp_022081
emp_022084,emp_022081
emp_022085,emp_022081
emp_022086,emp_022081
emp_022087,emp_022081
emp_022088,emp_021993
emp_022089,emp_022088
emp_022090,emp_022088
emp_022091,emp_022088
emp_022092,emp_022088
emp_022093,emp_022096
emp_022094,emp_022096
emp_022095,emp_022096
emp_022096,emp_021993
emp_022097,emp_022096
emp_022098,emp_022096
emp_022099,emp_022100
emp_022100,emp_021993
emp_022101,emp_022100
emp_022102,emp_022100
emp_022103,emp_022100
emp_022104,emp_022100
emp_022105,emp_022100
emp_022106,emp_022100
emp_022107,emp_022100
emp_022108,emp_021993
emp_022109,emp_022108
emp_022110,emp_022108
emp_022111,emp_022108
emp_022112,emp_022108
emp_022113,emp_022118
emp_022114,emp_022118
emp_022115,emp_022118
emp_022116,emp_022118
emp_022117,emp_022118
emp_022118,emp_021993
emp_022119,emp_022120
emp_022120,emp_021993
emp_022121,emp_022120
emp_022122,emp_022120
emp_022123,emp_021993
emp_022124,emp_022123
emp_022125,emp_022123
emp_022126,emp_021993
emp_022127,emp_022126
emp_022128,emp_022126
emp_022129,emp_022126
emp_022130,emp_022126
emp_022131,emp_022126
emp_022132,emp_022126
emp_022133,emp_022126
emp_022134,emp_022137
emp_022135,emp_022137
emp_022136,emp_022137
emp_022137,emp_021993
emp_022138,emp_022137
emp_022139,emp_022143
emp_022140,emp_022143
emp_022141,emp_022143
emp_022142,emp_022143
emp_022143,emp_021993
emp_022144,emp_022143
emp_022145,emp_022143
emp_022146,emp_022143
emp_022147,emp_022151
emp_022148,emp_022151
emp_022149,emp_022151
emp_022150,emp_022151
emp_022151,emp_021993
emp_022152,emp_022151
emp_022153,emp_022154
emp_022154,emp_021993
emp_022155,emp_022154
emp_022156,emp_022154
emp_022157,emp_022154
emp_022158,emp_022164
emp_022159,emp_022164
emp_022160,emp_022164
emp_022161,emp_022164
emp_022162,emp_022164
emp_022163,emp_022164
emp_022164,emp_021993
emp_022165,emp_022164
emp_022166,emp_022164
emp_022167,emp_021993
emp_022168,emp_022167
emp_022169,emp_022167
emp_022170,emp_022167
emp_022171,emp_022167
emp_022172,emp_022179
emp_022173,emp_022179
emp_022174,emp_022179
emp_022175,emp_022179
emp_022176,emp_022179
emp_022177,emp_022179
emp_022178,emp_022179
emp_022179,emp_021993
emp_022180,emp_022183
emp_022181,emp_022183
emp_022182,emp_022183
emp_022183,emp_021993
emp_022184,emp_021993
emp_022185,emp_022184
emp_022186,emp_022184
emp_022187,emp_022184
emp_022188,emp_022184
emp_022189,emp_022184
emp_022190,emp_022193
emp_022191,emp_022193
emp_022192,emp_022193
emp_022193,emp_021993
emp_022194,emp_022193
emp_022195,emp_022193
emp_022196,emp_022193
emp_022197,emp_022199
emp_022198,emp_022199
emp_022199,emp_021993
emp_022200,emp_022199
emp_022201,emp_022199
emp_022202,emp_022199
emp_022203,emp_022199
emp_022204,emp_022199
emp_022205,emp_022199
emp_022206,emp_022210
emp_022207,emp_022210
emp_022208,emp_022210
emp_022209,emp_022210
emp_022210,emp_021993
emp_022211,emp_022210
emp_022212,emp_022216
emp_022213,emp_022216
emp_022214,emp_022216
emp_022215,emp_022216
emp_022216,emp_021993
emp_022217,emp_022216
emp_022218,emp_022216
emp_022219,emp_022224
emp_022220,emp_022224
emp_022221,emp_022224
emp_022222,emp_022224
emp_022223,emp_022224
emp_022224,emp_021993
emp_022225,emp_022224
emp_022226,emp_022224
emp_022227,emp_022224
emp_022228,emp_022230
emp_022229,emp_022230
emp_022230,emp_021993
emp_022231,emp_022230
emp_022232,emp_022230
emp_022233,emp_022230
emp_022234,emp_021993
emp_022235,emp_022234
emp_022236,emp_022234
emp_022237,emp_022234
emp_022238,emp_022234
emp_022239,emp_022234
emp_022240,emp_022234
emp_022241,emp_022234
emp_022242,emp_022234
emp_022243,emp_022251
emp_022244,emp_022251
emp_022245,emp_022251
emp_022246,emp_022251
emp_022247,emp_022251
emp_022248,emp_022251
emp_022249,emp_022251
emp_022250,emp_022251
emp_022251,emp_021993
emp_022252,emp_022251
emp_022253,emp_022254
emp_022254,emp_021993
emp_022255,emp_022254
emp_022256,emp_022254
emp_022257,emp_022254
emp_022258,emp_022254
emp_022259,emp_022254
emp_022260,emp_022254
emp_022261,emp_022265
emp_022262,emp_022265
emp_022263,emp_022265
emp_022264,emp_022265
emp_022265,emp_021993
emp_022266,emp_022265
emp_022267,emp_022265
emp_022268,emp_022274
emp_022269,emp_022274
emp_022270,emp_022274
emp_022271,emp_022274
emp_022272,emp_022274
emp_022273,emp_022274
emp_022274,emp_021993
emp_022275,emp_022279
emp_022276,emp_022279
emp_022277,emp_022279
emp_022278,emp_022279
emp_022279,emp_021993
emp_022280,emp_022279
emp_022281,emp_022279
emp_022282,emp_022279
emp_022283,emp_021993
emp_022284,emp_022283
emp_022285,emp_022283
emp_022286,emp_022283
emp_022287,emp_022283
emp_022288,emp_022291
emp_022289,emp_022291
emp_022290,emp_022291
emp_022291,emp_021993
emp_022292,emp_022291
emp_022293,emp_022296
emp_022294,emp_022296
emp_022295,emp_022296
emp_022296,emp_021993
emp_022297,emp_022298
emp_022298,emp_021993
emp_022299,emp_022298
emp_022300,emp_022298
emp_022301,emp_022298
emp_022302,emp_022307
emp_022303,emp_022307
emp_022304,emp_022307
emp_022305,emp_022307
emp_022306,emp_022307
emp_022307,emp_021993
emp_022308,emp_022314
emp_022309,emp_022314
emp_022310,emp_022314
emp_022311,emp_022314
emp_022312,emp_022314
emp_022313,emp_022314
emp_022314,emp_021993
emp_022315,emp_022314
emp_022316,emp_022314
emp_022317,emp_022314
emp_022318,emp_022323
emp_022319,emp_022323
emp_022320,emp_022323
emp_022321,emp_022323
emp_022322,emp_022323
emp_022323,emp_021993
emp_022324,emp_022323
emp_022325,emp_022323
emp_022326,emp_022327
emp_022327,emp_021993
emp_022328,emp_022327
emp_022329,emp_022327
emp_022330,emp_022327
emp_022331,emp_022327
emp_022332,emp_022327
emp_022333,emp_022335
emp_022334,emp_022335
emp_022335,emp_021993
emp_022336,emp_022335
emp_022337,emp_022335
emp_022338,emp_022340
emp_022339,emp_022340
emp_022340,emp_021993
emp_022341,emp_022340
emp_022342,emp_022340
emp_022343,emp_022340
emp_022344,emp_022340
emp_022345,emp_022340
emp_022346,emp_022340
emp_022347,emp_022349
emp_022348,emp_022349
emp_022349,emp_021993
emp_022350,emp_022349
emp_022351,emp_022349
emp_022352,emp_022349
emp_022353,emp_022349
emp_022354,emp_022349
emp_022355,emp_022356
emp_022356,emp_021993
emp_022357,emp_022356
emp_022358,emp_022356
emp_022359,emp_022356
emp_022360,emp_022356
emp_022361,emp_022356
emp_022362,emp_022364
emp_022363,emp_022364
emp_022364,emp_021993
emp_022365,emp_022364
emp_022366,emp_022364
emp_022367,emp_022364
emp_022368,emp_022369
emp_022369,emp_021993
emp_022370,emp_022369
emp_022371,emp_022369
emp_022372,emp_021993
emp_022373,emp_022372
emp_022374,emp_022372
emp_022375,emp_022372
emp_022376,emp_022372
emp_022377,emp_022372
emp_022378,emp_022372
emp_022379,emp_022383
emp_022380,emp_022383
emp_022381,emp_022383
emp_022382,emp_022383
emp_022383,emp_021993
emp_022384,emp_022383
emp_022385,emp_022386
emp_022386,emp_021993
emp_022387,emp_022386
emp_022388,emp_022386
emp_022389,emp_022386
emp_022390,emp_022396
emp_022391,emp_022396
emp_022392,emp_022396
emp_022393,emp_022396
emp_022394,emp_022396
emp_022395,emp_022396
emp_022396,emp_021993
emp_022397,emp_022398
emp_022398,emp_021993
emp_022399,emp_022398
emp_022400,emp_022398
emp_022401,emp_022398
emp_022402,emp_022398
emp_022403,emp_022404
emp_022404,emp_021993
emp_022405,emp_022404
emp_022406,emp_022404
emp_022407,emp_022404
emp_022408,emp_022404
emp_022409,emp_022404
emp_022410,emp_022404
emp_022411,emp_022414
emp_022412,emp_022414
emp_022413,emp_022414
emp_022414,emp_021993
emp_022415,emp_022414
emp_022416,emp_022419
emp_022417,emp_022419
emp_022418,emp_022419
emp_022419,emp_021993
emp_022420,emp_022419
emp_022421,emp_022424
emp_022422,emp_022424
emp_022423,emp_022424
emp_022424,emp_021993
emp_022425,emp_022424
emp_022426,emp_021993
emp_022427,emp_022426
emp_022428,emp_022426
emp_022429,emp_022426
emp_022430,emp_022426
emp_022431,emp_022426
emp_022432,emp_022426
emp_022433,emp_022439
emp_022434,emp_022439
emp_022435,emp_022439
emp_022436,emp_022439
emp_022437,emp_022439
emp_022438,emp_022439
emp_022439,emp_021993
emp_022440,emp_022441
emp_022441,emp_021993
emp_022442,emp_022441
emp_022443,emp_022441
emp_022444,emp_022445
emp_022445,emp_021993
emp_022446,emp_022445
emp_022447,emp_022445
emp_022448,emp_022445
emp_022449,emp_022445
emp_022450,emp_022452
emp_022451,emp_022452
emp_022452,emp_021993
emp_022453,emp_022452
emp_022454,emp_022452
emp_022455,emp_022452
emp_022456,emp_021993
emp_022457,emp_022456
emp_022458,emp_022456
emp_022459,emp_022456
emp_022460,emp_022456
emp_022461,emp_022456
emp_022462,emp_022456
emp_022463,emp_022465
emp_022464,emp_022465
emp_022465,emp_021993
emp_022466,emp_022465
emp_022467,emp_022473
emp_022468,emp_022473
emp_022469,emp_022473
emp_022470,emp_022473
emp_022471,emp_022473
emp_022472,emp_022473
emp_022473,emp_021993
emp_022474,emp_022478
emp_022475,emp_022478
emp_022476,emp_022478
emp_022477,emp_022478
emp_022478,emp_021993
emp_022479,emp_022478
emp_022480,emp_022478
emp_022481,emp_021993
emp_022482,emp_022481
emp_022483,emp_022481
emp_022484,emp_022481
emp_022485,emp_022481
emp_022486,emp_022489
emp_022487,emp_022489
emp_022488,emp_022489
emp_022489,emp_021993
emp_022490,emp_022489
emp_022491,emp_022489
emp_022492,emp_022489
emp_022493,emp_022489
emp_022494,emp_022489
emp_022495,emp_022489
emp_022496,emp_021993
emp_022497,emp_022496
emp_022498,emp_022496
emp_022499,emp_022496
emp_022500,emp_022496
emp_022501,emp_022502
emp_022502,emp_021993
emp_022503,emp_022502
emp_022504,emp_022502
emp_022505,emp_022502
emp_022506,emp_022502
emp_022507,emp_022511
emp_022508,emp_022511
emp_022509,emp_022511
emp_022510,emp_022511
emp_022511,emp_021993
emp_022512,emp_022511
emp_022513,emp_022511
emp_022514,emp_022511
emp_022515,emp_021993
emp_022516,emp_022515
emp_022517,emp_022515
emp_022518,emp_022515
emp_022519,emp_022515
emp_022520,emp_022515
emp_022521,emp_022515
emp_022522,emp_021993
emp_022523,emp_022522
emp_022524,emp_022522
emp_022525,emp_022522
emp_022526,emp_022528
emp_022527,emp_022528
emp_022528,emp_021993
emp_022529,emp_022528
emp_022530,emp_022528
emp_022531,emp_022528
emp_022532,emp_022528
emp_022533,emp_022535
emp_022534,emp_022535
emp_022535,emp_021993
emp_022536,emp_022535
emp_022537,emp_022538
emp_022538,emp_021993
emp_022539,emp_022538
emp_022540,emp_022538
emp_022541,emp_022538
emp_022542,emp_022538
emp_022543,emp_021993
emp_022544,emp_022543
emp_022545,emp_022543
emp_022546,emp_022543
emp_022547,emp_022550
emp_022548,emp_022550
emp_022549,emp_022550
emp_022550,emp_021993
emp_022551,emp_022550
emp_022552,emp_022550
emp_022553,emp_022550
emp_022554,emp_022550
emp_022555,emp_022550
emp_022556,emp_022550
emp_022557,emp_022558
emp_022558,emp_021993
emp_022559,emp_022558
emp_022560,emp_022558
emp_022561,emp_022558
emp_022562,emp_022558
emp_022563,emp_022558
emp_022564,emp_022558
emp_022565,emp_022558
emp_022566,emp_022558
emp_022567,emp_021993
emp_022568,emp_022567
emp_022569,emp_022567
emp_022570,emp_022567
emp_022571,emp_022567
emp_022572,emp_022567
emp_022573,emp_022567
emp_022574,emp_021993
emp_022575,emp_022574
emp_022576,emp_022574
emp_022577,emp_022574
emp_022578,emp_022579
emp_022579,emp_021993
emp_022580,emp_022579
emp_022581,emp_022579
emp_022582,emp_022579
emp_022583,emp_022590
emp_022584,emp_022590
emp_022585,emp_022590
emp_022586,emp_022590
emp_022587,emp_022590
emp_022588,emp_022590
emp_022589,emp_022590
emp_022590,emp_021993
emp_022591,emp_022590
emp_022592,emp_022590
emp_022593,emp_022590
emp_022594,emp_022590
emp_022595,emp_022600
emp_022596,emp_022600
emp_022597,emp_022600
emp_022598,emp_022600
emp_022599,emp_022600
emp_022600,emp_021993
emp_022601,emp_021993
emp_022602,emp_022601
emp_022603,emp_022601
emp_022604,emp_022601
emp_022605,emp_022601
emp_022606,emp_022613
emp_022607,emp_022613
emp_022608,emp_022613
emp_022609,emp_022613
emp_022610,emp_022613
emp_022611,emp_022613
emp_022612,emp_022613
emp_022613,emp_021993
emp_022614,emp_022613
emp_022615,emp_022616
emp_022616,emp_021993
emp_022617,emp_022616
emp_022618,emp_021993
emp_022619,emp_022618
emp_022620,emp_022625
emp_022621,emp_022625
emp_022622,emp_022625
emp_022623,emp_022625
emp_022624,emp_022625
emp_022625,emp_021993
emp_022626,emp_022625
emp_022627,emp_022625
emp_022628,emp_022629
emp_022629,emp_021993
emp_022630,emp_022629
emp_022631,emp_022636
emp_022632,emp_022636
emp_022633,emp_022636
emp_022634,emp_022636
emp_022635,emp_022636
emp_022636,emp_021993
emp_022637,emp_022636
emp_022638,emp_022645
emp_022639,emp_022645
emp_022640,emp_022645
emp_022641,emp_022645
emp_022642,emp_022645
emp_022643,emp_022645
emp_022644,emp_022645
emp_022645,emp_021993
emp_022646,emp_022645
emp_022647,emp_021993
emp_022648,emp_022647
emp_022649,emp_022647
emp_022650,emp_022647
emp_022651,emp_022647
emp_022652,emp_022647
emp_022653,emp_022656
emp_022654,emp_022656
emp_022655,emp_022656
emp_022656,emp_021993
emp_022657,emp_022656
emp_022658,emp_022656
emp_022659,emp_022656
emp_022660,emp_022656
emp_022661,emp_022656
emp_022662,emp_022656
emp_022663,emp_022664
emp_022664,emp_021993
emp_022665,emp_022664
emp_022666,emp_022664
emp_022667,emp_022664
emp_022668,emp_022670
emp_022669,emp_022670
emp_022670,emp_021993
emp_022671,emp_022670
emp_022672,emp_021993
emp_022673,emp_022672
emp_022674,emp_022672
emp_022675,emp_022672
emp_022676,emp_022672
emp_022677,emp_022672
emp_022678,emp_022679
emp_022679,emp_021993
emp_022680,emp_022679
emp_022681,emp_022679
emp_022682,emp_022679
emp_022683,emp_022679
emp_022684,emp_022679
emp_022685,emp_022686
emp_022686,emp_021993
emp_022687,emp_022686
emp_022688,emp_022686
emp_022689,emp_022686
emp_022690,emp_021993
emp_022691,emp_022690
emp_022692,emp_022690
emp_022693,emp_022690
emp_022694,emp_022690
emp_022695,emp_022690
emp_022696,emp_022690
emp_022697,emp_022690
emp_022698,emp_022690
emp_022699,emp_022702
emp_022700,emp_022702
emp_022701,emp_022702
emp_022702,emp_021993
emp_022703,emp_022704
emp_022704,emp_021993
emp_022705,emp_022704
emp_022706,emp_022704
emp_022707,emp_022704
emp_022708,emp_022704
emp_022709,emp_022704
emp_022710,emp_022712
emp_022711,emp_022712
emp_022712,emp_021993
emp_022713,emp_022712
emp_022714,emp_022712
emp_022715,emp_022712
emp_022716,emp_022712
emp_022717,emp_022712
emp_022718,emp_022712
emp_022719,emp_022712
emp_022720,emp_022727
emp_022721,emp_022727
emp_022722,emp_022727
emp_022723,emp_022727
emp_022724,emp_022727
emp_022725,emp_022727
emp_022726,emp_022727
emp_022727,emp_021993
emp_022728,emp_022727
emp_022729,emp_022736
emp_022730,emp_022736
emp_022731,emp_022736
emp_022732,emp_022736
emp_022733,emp_022736
emp_022734,emp_022736
emp_022735,emp_022736
emp_022736,emp_021993
emp_022737,emp_022736
emp_022738,emp_022743
emp_022739,emp_022743
emp_022740,emp_022743
emp_022741,emp_022743
emp_022742,emp_022743
emp_022743,emp_021993
emp_022744,emp_022743
emp_022745,emp_022743
emp_022746,emp_022743
emp_022747,emp_022749
emp_022748,emp_022749
emp_022749,emp_021993
emp_022750,emp_022749
emp_022751,emp_022749
emp_022752,emp_022749
emp_022753,emp_022749
emp_022754,emp_022749
emp_022755,emp_022756
emp_022756,emp_021993
emp_022757,emp_022756
emp_022758,emp_022756
emp_022759,emp_022756
emp_022760,emp_022756
emp_022761,emp_022756
emp_022762,emp_022756
emp_022763,emp_022769
emp_022764,emp_022769
emp_022765,emp_022769
emp_022766,emp_022769
emp_022767,emp_022769
emp_022768,emp_022769
emp_022769,emp_021993
emp_022770,emp_022771
emp_022771,emp_021993
emp_022772,emp_022774
emp_022773,emp_022774
emp_022774,emp_021993
emp_022775,emp_022774
emp_022776,emp_022774
emp_022777,emp_022774
emp_022778,emp_022774
emp_022779,emp_022780
emp_022780,emp_021993
emp_022781,emp_022783
emp_022782,emp_022783
emp_022783,emp_021993
emp_022784,emp_022788
emp_022785,emp_022788
emp_022786,emp_022788
emp_022787,emp_022788
emp_022788,emp_021993
emp_022789,emp_022788
emp_022790,emp_022791
emp_022791,emp_021993
emp_022792,emp_022791
emp_022793,emp_022791
emp_022794,emp_022791
emp_022795,emp_022791
emp_022796,emp_022791
emp_022797,emp_022791
emp_022798,emp_022791
emp_022799,emp_021993
emp_022800,emp_022799
emp_022801,emp_022799
emp_022802,emp_022799
emp_022803,emp_022804
emp_022804,emp_021993
emp_022805,emp_021993
emp_022806,emp_022805
emp_022807,emp_022805
emp_022808,emp_022805
emp_022809,emp_022811
emp_022810,emp_022811
emp_022811,emp_021993
emp_022812,emp_022813
emp_022813,emp_021993
emp_022814,emp_022813
emp_022815,emp_022813
emp_022816,emp_022813
emp_022817,emp_022813
emp_022818,emp_022813
emp_022819,emp_021993
emp_022820,emp_022819
emp_022821,emp_022819
emp_022822,emp_022825
emp_022823,emp_022825
emp_022824,emp_022825
emp_022825,emp_021993
emp_022826,emp_022825
emp_022827,emp_022825
emp_022828,emp_022825
emp_022829,emp_022836
emp_022830,emp_022836
emp_022831,emp_022836
emp_022832,emp_022836
emp_022833,emp_022836
emp_022834,emp_022836
emp_022835,emp_022836
emp_022836,emp_021993
emp_022837,emp_022836
emp_022838,emp_022843
emp_022839,emp_022843
emp_022840,emp_022843
emp_022841,emp_022843
emp_022842,emp_022843
emp_022843,emp_021993
emp_022844,emp_022843
emp_022845,emp_021993
emp_022846,emp_022845
emp_022847,emp_022845
emp_022848,emp_022845
emp_022849,emp_022845
emp_022850,emp_022845
emp_022851,emp_022856
emp_022852,emp_022856
emp_022853,emp_022856
emp_022854,emp_022856
emp_022855,emp_022856
emp_022856,emp_021993
emp_022857,emp_022856
emp_022858,emp_022856
emp_022859,emp_022856
emp_022860,emp_022865
emp_022861,emp_022865
emp_022862,emp_022865
emp_022863,emp_022865
emp_022864,emp_022865
emp_022865,emp_021993
emp_022866,emp_022865
emp_022867,emp_022874
emp_022868,emp_022874
emp_022869,emp_022874
emp_022870,emp_022874
emp_022871,emp_022874
emp_022872,emp_022874
emp_022873,emp_022874
emp_022874,emp_021993
emp_022875,emp_022880
emp_022876,emp_022880
emp_022877,emp_022880
emp_022878,emp_022880
emp_022879,emp_022880
emp_022880,emp_021993
emp_022881,emp_022880
emp_022882,emp_022883
emp_022883,emp_021993
emp_022884,emp_022886
emp_022885,emp_022886
emp_022886,emp_021993
emp_022887,emp_022886
emp_022888,emp_022886
emp_022889,emp_022892
emp_022890,emp_022892
emp_022891,emp_022892
emp_022892,emp_021993
emp_022893,emp_022892
emp_022894,emp_022892
emp_022895,emp_022892
emp_022896,emp_022892
emp_022897,emp_022892
emp_022898,emp_022892
emp_022899,emp_022903
emp_022900,emp_022903
emp_022901,emp_022903
emp_022902,emp_022903
emp_022903,emp_021993
emp_022904,emp_022906
emp_022905,emp_022906
emp_022906,emp_021993
emp_022907,emp_022906
emp_022908,emp_022906
emp_022909,emp_022906
emp_022910,emp_022906
emp_022911,emp_022906
emp_022912,emp_022916
emp_022913,emp_022916
emp_022914,emp_022916
emp_022915,emp_022916
emp_022916,emp_021993
emp_022917,emp_022918
emp_022918,emp_021993
emp_022919,emp_022918
emp_022920,emp_022918
emp_022921,emp_022918
emp_022922,emp_022918
emp_022923,emp_022918
emp_022924,emp_021993
emp_022925,emp_022924
emp_022926,emp_022924
emp_022927,emp_021993
emp_022928,emp_022933
emp_022929,emp_022933
emp_022930,emp_022933
emp_022931,emp_022933
emp_022932,emp_022933
emp_022933,emp_023036
emp_022934,emp_022940
emp_022935,emp_022940
emp_022936,emp_022940
emp_022937,emp_022940
emp_022938,emp_022940
emp_022939,emp_022940
emp_022940,emp_023036
emp_022941,emp_022942
emp_022942,emp_023036
emp_022943,emp_022942
emp_022944,emp_022942
emp_022945,emp_022947
emp_022946,emp_022947
emp_022947,emp_023036
emp_022948,emp_022953
emp_022949,emp_022953
emp_022950,emp_022953
emp_022951,emp_022953
emp_022952,emp_022953
emp_022953,emp_023036
emp_022954,emp_022953
emp_022955,emp_022953
emp_022956,emp_023036
emp_022957,emp_022956
emp_022958,emp_022956
emp_022959,emp_022956
emp_022960,emp_022956
emp_022961,emp_022956
emp_022962,emp_022956
emp_022963,emp_022956
emp_022964,emp_022965
emp_022965,emp_023036
emp_022966,emp_022965
emp_022967,emp_022965
emp_022968,emp_022965
emp_022969,emp_022965
emp_022970,emp_022965
emp_022971,emp_022965
emp_022972,emp_022977
emp_022973,emp_022977
emp_022974,emp_022977
emp_022975,emp_022977
emp_022976,emp_022977
emp_022977,emp_023036
emp_022978,emp_022977
emp_022979,emp_022977
emp_022980,emp_022977
emp_022981,emp_022977
emp_022982,emp_023036
emp_022983,emp_022982
emp_022984,emp_022982
emp_022985,emp_022982
emp_022986,emp_022982
emp_022987,emp_022982
emp_022988,emp_022982
emp_022989,emp_022982
emp_022990,emp_022982
emp_022991,emp_022995
emp_022992,emp_022995
emp_022993,emp_022995
emp_022994,emp_022995
emp_022995,emp_023036
emp_022996,emp_022995
emp_022997,emp_022995
emp_022998,emp_022995
emp_022999,emp_023003
emp_023000,emp_023003
emp_023001,emp_023003
emp_023002,emp_023003
emp_023003,emp_023036
emp_023004,emp_023003
emp_023005,emp_023003
emp_023006,emp_023003
emp_023007,emp_023036
emp_023008,emp_023007
emp_023009,emp_023007
emp_023010,emp_023007
emp_023011,emp_023007
emp_023012,emp_023007
emp_023013,emp_023007
emp_023014,emp_023020
emp_023015,emp_023020
emp_023016,emp_023020
emp_023017,emp_023020
emp_023018,emp_023020
emp_023019,emp_023020
emp_023020,emp_023036
emp_023021,emp_023027
emp_023022,emp_023027
emp_023023,emp_023027
emp_023024,emp_023027
emp_023025,emp_023027
emp_023026,emp_023027
emp_023027,emp_023036
emp_023028,emp_023027
emp_023029,emp_023036
emp_023030,emp_023036
emp_023031,emp_023036
emp_023032,emp_023036
emp_023033,emp_023036
emp_023034,emp_023036
emp_023035,emp_023036
emp_023037,emp_023040
emp_023038,emp_023040
emp_023039,emp_023040
emp_023040,emp_023036
emp_023041,emp_023040
emp_023042,emp_023040
emp_023043,emp_023040
emp_023044,emp_023040
emp_023045,emp_023040
emp_023046,emp_023040
emp_023047,emp_023053
emp_023048,emp_023053
emp_023049,emp_023053
emp_023050,emp_023053
emp_023051,emp_023053
emp_023052,emp_023053
emp_023053,emp_023036
emp_023054,emp_023056
emp_023055,emp_023056
emp_023056,emp_023036
emp_023057,emp_023056
emp_023058,emp_023056
emp_023059,emp_023056
emp_023060,emp_023056
emp_023061,emp_023056
emp_023062,emp_023064
emp_023063,emp_023064
emp_023064,emp_023036
emp_023065,emp_023064
emp_023066,emp_023064
emp_023067,emp_023064
emp_023068,emp_023064
emp_023069,emp_023064
emp_023070,emp_023064
emp_023071,emp_023073
emp_023072,emp_023073
emp_023073,emp_023036
emp_023074,emp_023073
emp_023075,emp_023073
emp_023076,emp_023073
emp_023077,emp_023073
emp_023078,emp_023080
emp_023079,emp_023080
emp_023080,emp_023036
emp_023081,emp_023080
emp_023082,emp_023080
emp_023083,emp_023087
emp_023084,emp_023087
emp_023085,emp_023087
emp_023086,emp_023087
emp_023087,emp_023036
emp_023088,emp_023087
emp_023089,emp_023093
emp_023090,emp_023093
emp_023091,emp_023093
emp_023092,emp_023093
emp_023093,emp_023036
emp_023094,emp_023093
emp_023095,emp_023093
emp_023096,emp_023099
emp_023097,emp_023099
emp_023098,emp_023099
emp_023099,emp_023036
emp_023100,emp_023099
emp_023101,emp_023099
emp_023102,emp_023106
emp_023103,emp_023106
emp_023104,emp_023106
emp_023105,emp_023106
emp_023106,emp_023036
emp_023107,emp_023111
emp_023108,emp_023111
emp_023109,emp_023111
emp_023110,emp_023111
emp_023111,emp_023036
emp_023112,emp_023111
emp_023113,emp_023111
emp_023114,emp_023111
emp_023115,emp_023111
emp_023116,emp_023036
emp_023117,emp_023116
emp_023118,emp_023116
emp_023119,emp_023116
emp_023120,emp_023116
emp_023121,emp_023116
emp_023122,emp_023116
emp_023123,emp_023116
emp_023124,emp_023116
emp_023125,emp_023116
emp_023126,emp_023130
emp_023127,emp_023130
emp_023128,emp_023130
emp_023129,emp_023130
emp_023130,emp_023036
emp_023131,emp_023036
emp_023132,emp_023131
emp_023133,emp_023131
emp_023134,emp_023131
emp_023135,emp_023131
emp_023136,emp_023131
emp_023137,emp_023131
emp_023138,emp_023131
emp_023139,emp_023131
emp_023140,emp_023131
emp_023141,emp_023131
emp_023142,emp_023036
emp_023143,emp_023142
emp_023144,emp_023142
emp_023145,emp_023036
emp_023146,emp_023145
emp_023147,emp_023145
emp_023148,emp_023145
emp_023149,emp_023145
emp_023150,emp_023145
emp_023151,emp_023145
emp_023152,emp_023145
emp_023153,emp_023156
emp_023154,emp_023156
emp_023155,emp_023156
emp_023156,emp_023036
emp_023157,emp_023156
emp_023158,emp_023156
emp_023159,emp_023156
emp_023160,emp_023156
emp_023161,emp_023165
emp_023162,emp_023165
emp_023163,emp_023165
emp_023164,emp_023165
emp_023165,emp_023036
emp_023166,emp_023168
emp_023167,emp_023168
emp_023168,emp_023036
emp_023169,emp_023168
emp_023170,emp_023168
emp_023171,emp_023168
emp_023172,emp_023168
emp_023173,emp_023168
emp_023174,emp_023168
emp_023175,emp_023178
emp_023176,emp_023178
emp_023177,emp_023178
emp_023178,emp_023036
emp_023179,emp_023178
emp_023180,emp_023178
emp_023181,emp_023186
emp_023182,emp_023186
emp_023183,emp_023186
emp_023184,emp_023186
emp_023185,emp_023186
emp_023186,emp_023036
emp_023187,emp_023186
emp_023188,emp_023189
emp_023189,emp_023036
emp_023190,emp_023189
emp_023191,emp_023189
emp_023192,emp_023036
emp_023193,emp_023192
emp_023194,emp_023196
emp_023195,emp_023196
emp_023196,emp_023036
emp_023197,emp_023196
emp_023198,emp_023201
emp_023199,emp_023201
emp_023200,emp_023201
emp_023201,emp_023036
emp_023202,emp_023201
emp_023203,emp_023201
emp_023204,emp_023201
emp_023205,emp_023201
emp_023206,emp_023201
emp_023207,emp_023208
emp_023208,emp_023036
emp_023209,emp_023208
emp_023210,emp_023213
emp_023211,emp_023213
emp_023212,emp_023213
emp_023213,emp_023036
emp_023214,emp_023213
emp_023215,emp_023216
emp_023216,emp_023036
emp_023217,emp_023216
emp_023218,emp_023216
emp_023219,emp_023216
emp_023220,emp_023223
emp_023221,emp_023223
emp_023222,emp_023223
emp_023223,emp_023036
emp_023224,emp_023228
emp_023225,emp_023228
emp_023226,emp_023228
emp_023227,emp_023228
emp_023228,emp_023036
emp_023229,emp_023228
emp_023230,emp_023231
emp_023231,emp_023036
emp_023232,emp_023231
emp_023233,emp_023231
emp_023234,emp_023231
emp_023235,emp_023231
emp_023236,emp_023231
emp_023237,emp_023242
emp_023238,emp_023242
emp_023239,emp_023242
emp_023240,emp_023242
emp_023241,emp_023242
emp_023242,emp_023036
emp_023243,emp_023242
emp_023244,emp_023249
emp_023245,emp_023249
emp_023246,emp_023249
emp_023247,emp_023249
emp_023248,emp_023249
emp_023249,emp_023036
emp_023250,emp_023249
emp_023251,emp_023249
emp_023252,emp_023254
emp_023253,emp_023254
emp_023254,emp_023036
emp_023255,emp_023254
emp_023256,emp_023254
emp_023257,emp_023254
emp_023258,emp_023254
emp_023259,emp_023263
emp_023260,emp_023263
emp_023261,emp_023263
emp_023262,emp_023263
emp_023263,emp_023036
emp_023264,emp_023263
emp_023265,emp_023263
emp_023266,emp_023263
emp_023267,emp_023263
emp_023268,emp_023263
emp_023269,emp_023263
emp_023270,emp_023036
emp_023271,emp_023270
emp_023272,emp_023270
emp_023273,emp_023270
emp_023274,emp_023270
emp_023275,emp_023270
emp_023276,emp_023270
emp_023277,emp_023270
emp_023278,emp_023270
emp_023279,emp_023270
emp_023280,emp_023281
emp_023281,emp_023036
emp_023282,emp_023281
emp_023283,emp_023281
emp_023284,emp_023281
emp_023285,emp_023281
emp_023286,emp_023281
emp_023287,emp_023291
emp_023288,emp_023291
emp_023289,emp_023291
emp_023290,emp_023291
emp_023291,emp_023036
emp_023292,emp_023291
emp_023293,emp_023291
emp_023294,emp_023299
emp_023295,emp_023299
emp_023296,emp_023299
emp_023297,emp_023299
emp_023298,emp_023299
emp_023299,emp_023036
emp_023300,emp_023304
emp_023301,emp_023304
emp_023302,emp_023304
emp_023303,emp_023304
emp_023304,emp_023036
emp_023305,emp_023304
emp_023306,emp_023304
emp_023307,emp_023304
emp_023308,emp_023309
emp_023309,emp_023036
emp_023310,emp_023309
emp_023311,emp_023309
emp_023312,emp_023309
emp_023313,emp_023309
emp_023314,emp_023316
emp_023315,emp_023316
emp_023316,emp_023036
emp_023317,emp_023316
emp_023318,emp_023316
emp_023319,emp_023316
emp_023320,emp_023316
emp_023321,emp_023324
emp_023322,emp_023324
emp_023323,emp_023324
emp_023324,emp_023036
emp_023325,emp_023324
emp_023326,emp_023324
emp_023327,emp_023324
emp_023328,emp_023324
emp_023329,emp_023324
emp_023330,emp_023338
emp_023331,emp_023338
emp_023332,emp_023338
emp_023333,emp_023338
emp_023334,emp_023338
emp_023335,emp_023338
emp_023336,emp_023338
emp_023337,emp_023338
emp_023338,emp_023036
emp_023339,emp_023036
emp_023340,emp_023339
emp_023341,emp_023339
emp_023342,emp_023339
emp_023343,emp_023339
emp_023344,emp_023339
emp_023345,emp_023339
emp_023346,emp_023339
emp_023347,emp_023339
emp_023348,emp_023351
emp_023349,emp_023351
emp_023350,emp_023351
emp_023351,emp_023036
emp_023352,emp_023351
emp_023353,emp_023351
emp_023354,emp_023356
emp_023355,emp_023356
emp_023356,emp_023036
emp_023357,emp_023356
emp_023358,emp_023356
emp_023359,emp_023356
emp_023360,emp_023356
emp_023361,emp_023036
emp_023362,emp_023361
emp_023363,emp_023361
emp_023364,emp_023361
emp_023365,emp_023367
emp_023366,emp_023367
emp_023367,emp_023036
emp_023368,emp_023370
emp_023369,emp_023370
emp_023370,emp_023036
emp_023371,emp_023370
emp_023372,emp_023370
emp_023373,emp_023370
emp_023374,emp_023370
emp_023375,emp_023384
emp_023376,emp_023384
emp_023377,emp_023384
emp_023378,emp_023384
emp_023379,emp_023384
emp_023380,emp_023384
emp_023381,emp_023384
emp_023382,emp_023384
emp_023383,emp_023384
emp_023384,emp_023036
emp_023385,emp_023036
emp_023386,emp_023385
emp_023387,emp_023036
emp_023388,emp_023387
emp_023389,emp_023387
emp_023390,emp_023387
emp_023391,emp_023399
emp_023392,emp_023399
emp_023393,emp_023399
emp_023394,emp_023399
emp_023395,emp_023399
emp_023396,emp_023399
emp_023397,emp_023399
emp_023398,emp_023399
emp_023399,emp_023036
emp_023400,emp_023036
emp_023401,emp_023400
emp_023402,emp_023400
emp_023403,emp_023400
emp_023404,emp_023400
emp_023405,emp_023400
emp_023406,emp_023400
emp_023407,emp_023400
emp_023408,emp_023414
emp_023409,emp_023414
emp_023410,emp_023414
emp_023411,emp_023414
emp_023412,emp_023414
emp_023413,emp_023414
emp_023414,emp_023036
emp_023415,emp_023416
emp_023416,emp_023036
emp_023417,emp_023416
emp_023418,emp_023416
emp_023419,emp_023416
emp_023420,emp_023416
emp_023421,emp_023416
emp_023422,emp_023429
emp_023423,emp_023429
emp_023424,emp_023429
emp_023425,emp_023429
emp_023426,emp_023429
emp_023427,emp_023429
emp_023428,emp_023429
emp_023429,emp_023036
emp_023430,emp_023429
emp_023431,emp_023435
emp_023432,emp_023435
emp_023433,emp_023435
emp_023434,emp_023435
emp_023435,emp_023036
emp_023436,emp_023435
emp_023437,emp_023441
emp_023438,emp_023441
emp_023439,emp_023441
emp_023440,emp_023441
emp_023441,emp_023036
emp_023442,emp_023441
emp_023443,emp_023444
emp_023444,emp_023036
emp_023445,emp_023444
emp_023446,emp_023444
emp_023447,emp_023444
emp_023448,emp_023450
emp_023449,emp_023450
emp_023450,emp_023036
emp_023451,emp_023450
emp_023452,emp_023457
emp_023453,emp_023457
emp_023454,emp_023457
emp_023455,emp_023457
emp_023456,emp_023457
emp_023457,emp_023036
emp_023458,emp_023457
emp_023459,emp_023457
emp_023460,emp_023457
emp_023461,emp_023457
emp_023462,emp_023457
emp_023463,emp_023036
emp_023464,emp_023463
emp_023465,emp_023463
emp_023466,emp_023463
emp_023467,emp_023463
emp_023468,emp_023469
emp_023469,emp_023036
emp_023470,emp_023469
emp_023471,emp_023477
emp_023472,emp_023477
emp_023473,emp_023477
emp_023474,emp_023477
emp_023475,emp_023477
emp_023476,emp_023477
emp_023477,emp_023036
emp_023478,emp_023477
emp_023479,emp_023480
emp_023480,emp_023036
emp_023481,emp_023036
emp_023482,emp_023481
emp_023483,emp_023481
emp_023484,emp_023481
emp_023485,emp_023481
emp_023486,emp_023481
emp_023487,emp_023481
emp_023488,emp_023490
emp_023489,emp_023490
emp_023490,emp_023036
emp_023491,emp_023496
emp_023492,emp_023496
emp_023493,emp_023496
emp_023494,emp_023496
emp_023495,emp_023496
emp_023496,emp_023036
emp_023497,emp_023036
emp_023498,emp_023497
emp_023499,emp_023497
emp_023500,emp_023497
emp_023501,emp_023497
emp_023502,emp_023497
emp_023503,emp_023497
emp_023504,emp_023505
emp_023505,emp_023036
emp_023506,emp_023505
emp_023507,emp_023509
emp_023508,emp_023509
emp_023509,emp_023036
emp_023510,emp_023509
emp_023511,emp_023509
emp_023512,emp_023509
emp_023513,emp_023509
emp_023514,emp_023509
emp_023515,emp_023517
emp_023516,emp_023517
emp_023517,emp_023036
emp_023518,emp_023517
emp_023519,emp_023517
emp_023520,emp_023517
emp_023521,emp_023517
emp_023522,emp_023517
emp_023523,emp_023524
emp_023524,emp_023036
emp_023525,emp_023524
emp_023526,emp_023524
emp_023527,emp_023524
emp_023528,emp_023524
emp_023529,emp_023524
emp_023530,emp_023524
emp_023531,emp_023533
emp_023532,emp_023533
emp_023533,emp_023036
emp_023534,emp_023533
emp_023535,emp_023544
emp_023536,emp_023544
emp_023537,emp_023544
emp_023538,emp_023544
emp_023539,emp_023544
emp_023540,emp_023544
emp_023541,emp_023544
emp_023542,emp_023544
emp_023543,emp_023544
emp_023544,emp_023036
emp_023545,emp_023546
emp_023546,emp_023036
emp_023547,emp_023546
emp_023548,emp_023546
emp_023549,emp_023546
emp_023550,emp_023546
emp_023551,emp_023552
emp_023552,emp_023036
emp_023553,emp_023552
emp_023554,emp_023552
emp_023555,emp_023552
emp_023556,emp_023552
emp_023557,emp_023552
emp_023558,emp_023552
emp_023559,emp_023552
emp_023560,emp_023552
emp_023561,emp_023566
emp_023562,emp_023566
emp_023563,emp_023566
emp_023564,emp_023566
emp_023565,emp_023566
emp_023566,emp_023036
emp_023567,emp_023566
emp_023568,emp_023569
emp_023569,emp_023036
emp_023570,emp_023569
emp_023571,emp_023569
emp_023572,emp_023569
emp_023573,emp_023569
emp_023574,emp_023569
emp_023575,emp_023569
emp_023576,emp_023569
emp_023577,emp_023579
emp_023578,emp_023579
emp_023579,emp_023036
emp_023580,emp_023579
emp_023581,emp_023579
emp_023582,emp_023579
emp_023583,emp_023579
emp_023584,emp_023579
emp_023585,emp_023586
emp_023586,emp_023036
emp_023587,emp_023586
emp_023588,emp_023586
emp_023589,emp_023586
emp_023590,emp_023592
emp_023591,emp_023592
emp_023592,emp_023036
emp_023593,emp_023592
emp_023594,emp_023592
emp_023595,emp_023592
emp_023596,emp_023592
emp_023597,emp_023592
emp_023598,emp_023592
emp_023599,emp_023036
emp_023600,emp_023599
emp_023601,emp_023599
emp_023602,emp_023599
emp_023603,emp_023599
emp_023604,emp_023607
emp_023605,emp_023607
emp_023606,emp_023607
emp_023607,emp_023036
emp_023608,emp_023607
emp_023609,emp_023610
emp_023610,emp_023036
emp_023611,emp_023610
emp_023612,emp_023610
emp_023613,emp_023620
emp_023614,emp_023620
emp_023615,emp_023620
emp_023616,emp_023620
emp_023617,emp_023620
emp_023618,emp_023620
emp_023619,emp_023620
emp_023620,emp_023036
emp_023621,emp_023624
emp_023622,emp_023624
emp_023623,emp_023624
emp_023624,emp_023036
emp_023625,emp_023624
emp_023626,emp_023624
emp_023627,emp_023624
emp_023628,emp_023633
emp_023629,emp_023633
emp_023630,emp_023633
emp_023631,emp_023633
emp_023632,emp_023633
emp_023633,emp_023036
emp_023634,emp_023633
emp_023635,emp_023637
emp_023636,emp_023637
emp_023637,emp_023036
emp_023638,emp_023639
emp_023639,emp_023036
emp_023640,emp_023639
emp_023641,emp_023639
emp_023642,emp_023639
emp_023643,emp_023639
emp_023644,emp_023639
emp_023645,emp_023639
emp_023646,emp_023639
emp_023647,emp_023639
emp_023648,emp_023639
emp_023649,emp_023654
emp_023650,emp_023654
emp_023651,emp_023654
emp_023652,emp_023654
emp_023653,emp_023654
emp_023654,emp_023036
emp_023655,emp_023654
emp_023656,emp_023654
emp_023657,emp_023663
emp_023658,emp_023663
emp_023659,emp_023663
emp_023660,emp_023663
emp_023661,emp_023663
emp_023662,emp_023663
emp_023663,emp_023036
emp_023664,emp_023666
emp_023665,emp_023666
emp_023666,emp_023036
emp_023667,emp_023666
emp_023668,emp_023666
emp_023669,emp_023666
emp_023670,emp_023666
emp_023671,emp_023675
emp_023672,emp_023675
emp_023673,emp_023675
emp_023674,emp_023675
emp_023675,emp_023036
emp_023676,emp_023675
emp_023677,emp_023679
emp_023678,emp_023679
emp_023679,emp_023036
emp_023680,emp_023679
emp_023681,emp_023679
emp_023682,emp_023679
emp_023683,emp_023679
emp_023684,emp_023690
emp_023685,emp_023690
emp_023686,emp_023690
emp_023687,emp_023690
emp_023688,emp_023690
emp_023689,emp_023690
emp_023690,emp_023036
emp_023691,emp_023690
emp_023692,emp_023690
emp_023693,emp_023694
emp_023694,emp_023036
emp_023695,emp_023694
emp_023696,emp_023694
emp_023697,emp_023701
emp_023698,emp_023701
emp_023699,emp_023701
emp_023700,emp_023701
emp_023701,emp_023036
emp_023702,emp_023701
emp_023703,emp_023701
emp_023704,emp_023705
emp_023705,emp_023036
emp_023706,emp_023705
emp_023707,emp_023705
emp_023708,emp_023705
emp_023709,emp_023705
emp_023710,emp_023711
emp_023711,emp_023036
emp_023712,emp_023711
emp_023713,emp_023711
emp_023714,emp_023711
emp_023715,emp_023711
emp_023716,emp_023711
emp_023717,emp_023720
emp_023718,emp_023720
emp_023719,emp_023720
emp_023720,emp_023036
emp_023721,emp_023726
emp_023722,emp_023726
emp_023723,emp_023726
emp_023724,emp_023726
emp_023725,emp_023726
emp_023726,emp_023036
emp_023727,emp_023729
emp_023728,emp_023729
emp_023729,emp_023036
emp_023730,emp_023729
emp_023731,emp_023729
emp_023732,emp_023729
emp_023733,emp_023729
emp_023734,emp_023729
emp_023735,emp_023739
emp_023736,emp_023739
emp_023737,emp_023739
emp_023738,emp_023739
emp_023739,emp_023036
emp_023740,emp_023739
emp_023741,emp_023739
emp_023742,emp_023739
emp_023743,emp_023739
emp_023744,emp_023739
emp_023745,emp_023751
emp_023746,emp_023751
emp_023747,emp_023751
emp_023748,emp_023751
emp_023749,emp_023751
emp_023750,emp_023751
emp_023751,emp_023036
emp_023752,emp_023756
emp_023753,emp_023756
emp_023754,emp_023756
emp_023755,emp_023756
emp_023756,emp_023036
emp_023757,emp_023756
emp_023758,emp_023756
emp_023759,emp_023756
emp_023760,emp_023756
emp_023761,emp_023756
emp_023762,emp_023764
emp_023763,emp_023764
emp_023764,emp_023036
emp_023765,emp_023764
emp_023766,emp_023764
emp_023767,emp_023764
emp_023768,emp_023770
emp_023769,emp_023770
emp_023770,emp_023036
emp_023771,emp_023770
emp_023772,emp_023770
emp_023773,emp_023770
emp_023774,emp_023770
emp_023775,emp_023776
emp_023776,emp_023036
emp_023777,emp_023776
emp_023778,emp_023776
emp_023779,emp_023785
emp_023780,emp_023785
emp_023781,emp_023785
emp_023782,emp_023785
emp_023783,emp_023785
emp_023784,emp_023785
emp_023785,emp_023036
emp_023786,emp_023785
emp_023787,emp_023790
emp_023788,emp_023790
emp_023789,emp_023790
emp_023790,emp_023036
emp_023791,emp_023790
emp_023792,emp_023796
emp_023793,emp_023796
emp_023794,emp_023796
emp_023795,emp_023796
emp_023796,emp_023036
emp_023797,emp_023796
emp_023798,emp_023796
emp_023799,emp_023796
emp_023800,emp_023796
emp_023801,emp_023802
emp_023802,emp_023036
emp_023803,emp_023802
emp_023804,emp_023036
emp_023805,emp_023804
emp_023806,emp_023807
emp_023807,emp_023036
emp_023808,emp_023807
emp_023809,emp_023814
emp_023810,emp_023814
emp_023811,emp_023814
emp_023812,emp_023814
emp_023813,emp_023814
emp_023814,emp_023036
emp_023815,emp_023814
emp_023816,emp_023814
emp_023817,emp_023814
emp_023818,emp_023823
emp_023819,emp_023823
emp_023820,emp_023823
emp_023821,emp_023823
emp_023822,emp_023823
emp_023823,emp_023036
emp_023824,emp_023829
emp_023825,emp_023829
emp_023826,emp_023829
emp_023827,emp_023829
emp_023828,emp_023829
emp_023829,emp_023036
emp_023830,emp_023829
emp_023831,emp_023835
emp_023832,emp_023835
emp_023833,emp_023835
emp_023834,emp_023835
emp_023835,emp_023036
emp_023836,emp_023835
emp_023837,emp_023036
emp_023838,emp_023837
emp_023839,emp_023837
emp_023840,emp_023837
emp_023841,emp_023837
emp_023842,emp_023837
emp_023843,emp_023837
emp_023844,emp_023837
emp_023845,emp_023837
emp_023846,emp_023848
emp_023847,emp_023848
emp_023848,emp_023036
emp_023849,emp_023848
emp_023850,emp_023852
emp_023851,emp_023852
emp_023852,emp_023036
emp_023853,emp_023852
emp_023854,emp_023852
emp_023855,emp_023036
emp_023856,emp_023855
emp_023857,emp_023855
emp_023858,emp_023855
emp_023859,emp_023855
emp_023860,emp_023855
emp_023861,emp_023036
emp_023862,emp_023861
emp_023863,emp_023861
emp_023864,emp_023861
emp_023865,emp_023861
emp_023866,emp_023861
emp_023867,emp_023861
emp_023868,emp_023861
emp_023869,emp_023870
emp_023870,emp_023036
emp_023871,emp_023870
emp_023872,emp_023870
emp_023873,emp_023870
emp_023874,emp_023870
emp_023875,emp_023036
emp_023876,emp_023875
emp_023877,emp_023875
emp_023878,emp_023875
emp_023879,emp_023875
emp_023880,emp_023875
emp_023881,emp_023875
emp_023882,emp_023884
emp_023883,emp_023884
emp_023884,emp_023036
emp_023885,emp_023884
emp_023886,emp_023884
emp_023887,emp_023884
emp_023888,emp_023884
emp_023889,emp_023884
emp_023890,emp_023893
emp_023891,emp_023893
emp_023892,emp_023893
emp_023893,emp_023036
emp_023894,emp_023893
emp_023895,emp_023893
emp_023896,emp_023893
emp_023897,emp_023901
emp_023898,emp_023901
emp_023899,emp_023901
emp_023900,emp_023901
emp_023901,emp_023036
emp_023902,emp_023901
emp_023903,emp_023907
emp_023904,emp_023907
emp_023905,emp_023907
emp_023906,emp_023907
emp_023907,emp_023036
emp_023908,emp_023907
emp_023909,emp_023907
emp_023910,emp_023036
emp_023911,emp_023910
emp_023912,emp_023910
emp_023913,emp_023910
emp_023914,emp_023910
emp_023915,emp_023910
emp_023916,emp_023036
emp_023917,emp_023916
emp_023918,emp_023916
emp_023919,emp_023916
emp_023920,emp_023921
emp_023921,emp_023036
emp_023922,emp_023921
emp_023923,emp_023921
emp_023924,emp_023921
emp_023925,emp_023921
emp_023926,emp_023927
emp_023927,emp_023036
emp_023928,emp_023927
emp_023929,emp_023927
emp_023930,emp_023931
emp_023931,emp_023036
emp_023932,emp_023931
emp_023933,emp_023931
emp_023934,emp_023931
emp_023935,emp_023931
emp_023936,emp_023931
emp_023937,emp_023931
emp_023938,emp_023931
emp_023939,emp_023941
emp_023940,emp_023941
emp_023941,emp_023036
emp_023942,emp_023941
emp_023943,emp_023941
emp_023944,emp_023941
emp_023945,emp_023946
emp_023946,emp_023036
emp_023947,emp_023946
emp_023948,emp_023036
emp_023949,emp_023948
emp_023950,emp_023948
emp_023951,emp_023948
emp_023952,emp_023948
emp_023953,emp_023948
emp_023954,emp_023948
emp_023955,emp_023959
emp_023956,emp_023959
emp_023957,emp_023959
emp_023958,emp_023959
emp_023959,emp_023036
emp_023960,emp_023959
emp_023961,emp_023959
emp_023962,emp_023959
emp_023963,emp_023959
emp_023964,emp_023959
emp_023965,emp_023966
emp_023966,emp_023036
emp_023967,emp_023966
emp_023968,emp_023966
emp_023969,emp_023966
emp_023970,emp_023971
emp_023971,emp_023036
emp_023972,emp_023971
emp_023973,emp_023971
emp_023974,emp_023971
emp_023975,emp_023971
emp_023976,emp_023971
emp_023977,emp_023971
emp_023978,emp_023980
emp_023979,emp_023980
emp_023980,emp_023036
emp_023981,emp_023984
emp_023982,emp_023984
emp_023983,emp_023984
emp_023984,emp_023036
emp_023985,emp_023984
emp_023986,emp_023984
emp_023987,emp_023036
emp_023988,emp_023987
emp_023989,emp_023987
emp_023990,emp_023987
emp_023991,emp_023987
emp_023992,emp_023987
emp_023993,emp_023995
emp_023994,emp_023995
emp_023995,emp_023036
emp_023996,emp_023995
emp_023997,emp_023995
emp_023998,emp_023995
emp_023999,emp_024002
emp_024000,emp_024002
emp_024001,emp_024002
emp_024002,emp_023036
emp_024003,emp_024002
emp_024004,emp_024002
emp_024005,emp_024002
emp_024006,emp_024002
emp_024007,emp_024013
emp_024008,emp_024013
emp_024009,emp_024013
emp_024010,emp_024013
emp_024011,emp_024013
emp_024012,emp_024013
emp_024013,emp_023036
emp_024014,emp_024021
emp_024015,emp_024021
emp_024016,emp_024021
emp_024017,emp_024021
emp_024018,emp_024021
emp_024019,emp_024021
emp_024020,emp_024021
emp_024021,emp_023036
emp_024022,emp_024029
emp_024023,emp_024029
emp_024024,emp_024029
emp_024025,emp_024029
emp_024026,emp_024029
emp_024027,emp_024029
emp_024028,emp_024029
emp_024029,emp_023036
emp_024030,emp_024032
emp_024031,emp_024032
emp_024032,emp_023036
emp_024033,emp_024032
emp_024034,emp_024032
emp_024035,emp_024032
emp_024036,emp_024032
emp_024037,emp_024032
emp_024038,emp_023036
emp_024039,emp_024038
emp_024040,emp_024038
emp_024041,emp_024038
emp_024042,emp_024038
emp_024043,emp_024045
emp_024044,emp_024045
emp_024045,emp_023036
emp_024046,emp_024045
emp_024047,emp_024045
emp_024048,emp_024045
emp_024049,emp_024051
emp_024050,emp_024051
emp_024051,emp_023036
emp_024052,emp_024051
emp_024053,emp_024051
emp_024054,emp_023036
emp_024055,emp_024054
emp_024056,emp_024054
emp_024057,emp_024054
emp_024058,emp_024054
emp_024059,emp_024054
emp_024060,emp_024054
emp_024061,emp_024054
emp_024062,emp_024067
emp_024063,emp_024067
emp_024064,emp_024067
emp_024065,emp_024067
emp_024066,emp_024067
emp_024067,emp_023036
emp_024068,emp_024067
emp_024069,emp_024067
emp_024070,emp_024075
emp_024071,emp_024075
emp_024072,emp_024075
emp_024073,emp_024075
emp_024074,emp_024075
emp_024075,emp_023036
emp_024076,emp_024075
emp_024077,emp_024081
emp_024078,emp_024081
emp_024079,emp_024081
emp_024080,emp_024081
emp_024081,emp_023036
emp_024082,emp_024081
emp_024083,emp_024081
emp_024084,emp_023036
emp_024085,emp_024084
emp_024086,emp_024084
emp_024087,emp_024088
emp_024088,emp_023036
emp_024089,emp_024088
emp_024090,emp_024088
emp_024091,emp_024088
emp_024092,emp_024088
emp_024093,emp_024088
emp_024094,emp_024088
emp_024095,emp_024098
emp_024096,emp_024098
emp_024097,emp_024098
emp_024098,emp_023036
emp_024099,emp_024098
emp_024100,emp_024102
emp_024101,emp_024102
emp_024102,emp_023036
emp_024103,emp_024102
emp_024104,emp_024102
emp_024105,emp_024102
emp_024106,emp_024102
emp_024107,emp_024102
emp_024108,emp_024113
emp_024109,emp_024113
emp_024110,emp_024113
emp_024111,emp_024113
emp_024112,emp_024113
emp_024113,emp_023036
emp_024114,emp_024115
emp_024115,emp_023036
emp_024116,emp_024115
emp_024117,emp_024115
emp_024118,emp_024115
emp_024119,emp_024115
emp_024120,emp_024115
emp_024121,emp_024115
emp_024122,emp_023036
emp_024123,emp_024122
emp_024124,emp_024122
emp_024125,emp_024122
emp_024126,emp_024122
emp_024127,emp_024122
emp_024128,emp_024134
emp_024129,emp_024134
emp_024130,emp_024134
emp_024131,emp_024134
emp_024132,emp_024134
emp_024133,emp_024134
emp_024134,emp_023036
emp_024135,emp_023036
emp_024136,emp_024135
emp_024137,emp_024135
emp_024138,emp_024135
emp_024139,emp_024135
emp_024140,emp_024135
emp_024141,emp_023036
emp_024142,emp_024141
emp_024143,emp_024141
emp_024144,emp_024141
emp_024145,emp_024141
emp_024146,emp_024141
emp_024147,emp_024141
emp_024148,emp_024141
emp_024149,emp_024141
emp_024150,emp_024152
emp_024151,emp_024152
emp_024152,emp_023036
emp_024153,emp_024152
emp_024154,emp_024152
emp_024155,emp_024157
emp_024156,emp_024157
emp_024157,emp_023036
emp_024158,emp_024157
emp_024159,emp_024157
emp_024160,emp_024163
emp_024161,emp_024163
emp_024162,emp_024163
emp_024163,emp_023036
emp_024164,emp_023036
emp_024165,emp_024164
emp_024166,emp_024164
emp_024167,emp_024164
emp_024168,emp_024164
emp_024169,emp_024164
emp_024170,emp_024164
emp_024171,emp_024164
emp_024172,emp_023036
emp_024173,emp_024172
emp_024174,emp_024172
emp_024175,emp_024172
emp_024176,emp_024172
emp_024177,emp_024172
emp_024178,emp_024180
emp_024179,emp_024180
emp_024180,emp_023036
emp_024181,emp_024180
emp_024182,emp_024180
emp_024183,emp_024180
emp_024184,emp_024189
emp_024185,emp_024189
emp_024186,emp_024189
emp_024187,emp_024189
emp_024188,emp_024189
emp_024189,emp_023036
emp_024190,emp_024189
emp_024191,emp_024189
emp_024192,emp_024193
emp_024193,emp_023036
emp_024194,emp_024193
emp_024195,emp_024193
emp_024196,emp_024193
emp_024197,emp_024193
emp_024198,emp_024193
emp_024199,emp_024203
emp_024200,emp_024203
emp_024201,emp_024203
emp_024202,emp_024203
emp_024203,emp_023036
emp_024204,emp_024203
emp_024205,emp_024203
emp_024206,emp_024203
emp_024207,emp_024208
emp_024208,emp_023036
emp_024209,emp_024208
emp_024210,emp_024208
emp_024211,emp_024208
emp_024212,emp_024208
emp_024213,emp_024214
emp_024214,emp_023036
emp_024215,emp_024214
emp_024216,emp_024214
emp_024217,emp_024214
emp_024218,emp_024214
emp_024219,emp_024214
emp_024220,emp_024214
emp_024221,emp_024214
emp_024222,emp_024224
emp_024223,emp_024224
emp_024224,emp_023036
emp_024225,emp_024224
emp_024226,emp_024224
emp_024227,emp_024224
emp_024228,emp_024229
emp_024229,emp_023036
emp_024230,emp_024229
emp_024231,emp_024229
emp_024232,emp_024229
emp_024233,emp_024229
emp_024234,emp_024242
emp_024235,emp_024242
emp_024236,emp_024242
emp_024237,emp_024242
emp_024238,emp_024242
emp_024239,emp_024242
emp_024240,emp_024242
emp_024241,emp_024242
emp_024242,emp_023036
emp_024243,emp_024242
emp_024244,emp_024247
emp_024245,emp_024247
emp_024246,emp_024247
emp_024247,emp_023036
emp_024248,emp_024247
emp_024249,emp_024253
emp_024250,emp_024253
emp_024251,emp_024253
emp_024252,emp_024253
emp_024253,emp_023036
emp_024254,emp_024253
emp_024255,emp_024253
emp_024256,emp_024259
emp_024257,emp_024259
emp_024258,emp_024259
emp_024259,emp_023036
emp_024260,emp_024261
emp_024261,emp_023036
emp_024262,emp_024261
emp_024263,emp_024261
emp_024264,emp_024261
emp_024265,emp_024261
emp_024266,emp_023036
emp_024267,emp_024266
emp_024268,emp_024266
emp_024269,emp_024266
emp_024270,emp_024266
emp_024271,emp_024277
emp_024272,emp_024277
emp_024273,emp_024277
emp_024274,emp_024277
emp_024275,emp_024277
emp_024276,emp_024277
emp_024277,emp_023036
emp_024278,emp_024277
emp_024279,emp_024277
emp_024280,emp_024282
emp_024281,emp_024282
emp_024282,emp_023036
emp_024283,emp_024282
emp_024284,emp_024282
emp_024285,emp_024282
emp_024286,emp_024282
emp_024287,emp_023036
emp_024288,emp_024287
emp_024289,emp_024287
emp_024290,emp_024287
emp_024291,emp_024287
emp_024292,emp_024295
emp_024293,emp_024295
emp_024294,emp_024295
emp_024295,emp_023036
emp_024296,emp_024295
emp_024297,emp_024295
emp_024298,emp_024300
emp_024299,emp_024300
emp_024300,emp_023036
emp_024301,emp_024300
emp_024302,emp_024300
emp_024303,emp_023036
emp_024304,emp_024303
emp_024305,emp_024303
emp_024306,emp_024303
emp_024307,emp_024303
emp_024308,emp_024303
emp_024309,emp_024303
emp_024310,emp_024303
emp_024311,emp_024312
emp_024312,emp_023036
emp_024313,emp_024312
emp_024314,emp_024312
emp_024315,emp_024312
emp_024316,emp_024312
emp_024317,emp_024319
emp_024318,emp_024319
emp_024319,emp_023036
emp_024320,emp_024319
emp_024321,emp_024319
emp_024322,emp_024319
emp_024323,emp_024319
emp_024324,emp_024329
emp_024325,emp_024329
emp_024326,emp_024329
emp_024327,emp_024329
emp_024328,emp_024329
emp_024329,emp_023036
emp_024330,emp_024329
emp_024331,emp_024334
emp_024332,emp_024334
emp_024333,emp_024334
emp_024334,emp_023036
emp_024335,emp_024334
emp_024336,emp_024334
emp_024337,emp_024334
emp_024338,emp_024344
emp_024339,emp_024344
emp_024340,emp_024344
emp_024341,emp_024344
emp_024342,emp_024344
emp_024343,emp_024344
emp_024344,emp_023036
emp_024345,emp_024344
emp_024346,emp_024344
emp_024347,emp_024344
emp_024348,emp_024351
emp_024349,emp_024351
emp_024350,emp_024351
emp_024351,emp_023036
emp_024352,emp_024351
emp_024353,emp_024355
emp_024354,emp_024355
emp_024355,emp_023036
emp_024356,emp_024355
emp_024357,emp_024355
emp_024358,emp_024355
emp_024359,emp_024355
emp_024360,emp_023036
emp_024361,emp_024360
emp_024362,emp_024360
emp_024363,emp_024368
emp_024364,emp_024368
emp_024365,emp_024368
emp_024366,emp_024368
emp_024367,emp_024368
emp_024368,emp_023036
emp_024369,emp_024368
emp_024370,emp_024374
emp_024371,emp_024374
emp_024372,emp_024374
emp_024373,emp_024374
emp_024374,emp_023036
emp_024375,emp_024374
emp_024376,emp_024379
emp_024377,emp_024379
emp_024378,emp_024379
emp_024379,emp_023036
emp_024380,emp_024379
emp_024381,emp_024379
emp_024382,emp_024379
emp_024383,emp_024379
emp_024384,emp_024379
emp_024385,emp_024386
emp_024386,emp_023036
emp_024387,emp_024386
emp_024388,emp_024386
emp_024389,emp_024386
emp_024390,emp_024386
emp_024391,emp_024386
emp_024392,emp_024386
emp_024393,emp_024396
emp_024394,emp_024396
emp_024395,emp_024396
emp_024396,emp_023036
emp_024397,emp_024396
emp_024398,emp_023036
emp_024399,emp_024398
emp_024400,emp_024398
emp_024401,emp_024398
emp_024402,emp_024398
emp_024403,emp_024407
emp_024404,emp_024407
emp_024405,emp_024407
emp_024406,emp_024407
emp_024407,emp_023036
emp_024408,emp_024407
emp_024409,emp_024407
emp_024410,emp_024407
emp_024411,emp_024407
emp_024412,emp_024414
emp_024413,emp_024414
emp_024414,emp_023036
emp_024415,emp_024414
emp_024416,emp_024414
emp_024417,emp_024421
emp_024418,emp_024421
emp_024419,emp_024421
emp_024420,emp_024421
emp_024421,emp_023036
emp_024422,emp_024425
emp_024423,emp_024425
emp_024424,emp_024425
emp_024425,emp_023036
emp_024426,emp_024425
emp_024427,emp_024425
emp_024428,emp_024430
emp_024429,emp_024430
emp_024430,emp_023036
emp_024431,emp_024430
emp_024432,emp_024430
emp_024433,emp_024430
emp_024434,emp_024430
emp_024435,emp_024438
emp_024436,emp_024438
emp_024437,emp_024438
emp_024438,emp_023036
emp_024439,emp_024438
emp_024440,emp_024438
emp_024441,emp_024445
emp_024442,emp_024445
emp_024443,emp_024445
emp_024444,emp_024445
emp_024445,emp_023036
emp_024446,emp_024445
emp_024447,emp_024445
emp_024448,emp_024452
emp_024449,emp_024452
emp_024450,emp_024452
emp_024451,emp_024452
emp_024452,emp_023036
emp_024453,emp_024452
emp_024454,emp_023036
emp_024455,emp_024454
emp_024456,emp_024454
emp_024457,emp_024454
emp_024458,emp_023036
emp_024459,emp_024458
emp_024460,emp_024458
emp_024461,emp_024463
emp_024462,emp_024463
emp_024463,emp_023036
emp_024464,emp_023036
emp_024465,emp_024464
emp_024466,emp_024464
emp_024467,emp_024464
emp_024468,emp_024464
emp_024469,emp_024470
emp_024470,emp_023036
emp_024471,emp_024470
emp_024472,emp_024470
emp_024473,emp_024470
emp_024474,emp_024470
emp_024475,emp_024470
emp_024476,emp_024481
emp_024477,emp_024481
emp_024478,emp_024481
emp_024479,emp_024481
emp_024480,emp_024481
emp_024481,emp_023036
emp_024482,emp_024481
emp_024483,emp_024485
emp_024484,emp_024485
emp_024485,emp_023036
emp_024486,emp_024485
emp_024487,emp_024485
emp_024488,emp_024485
emp_024489,emp_024491
emp_024490,emp_024491
emp_024491,emp_023036
emp_024492,emp_024491
emp_024493,emp_024491
emp_024494,emp_024491
emp_024495,emp_024491
emp_024496,emp_024491
emp_024497,emp_024491
emp_024498,emp_024491
emp_024499,emp_024502
emp_024500,emp_024502
emp_024501,emp_024502
emp_024502,emp_023036
emp_024503,emp_024502
emp_024504,emp_024510
emp_024505,emp_024510
emp_024506,emp_024510
emp_024507,emp_024510
emp_024508,emp_024510
emp_024509,emp_024510
emp_024510,emp_023036
emp_024511,emp_024510
emp_024512,emp_024513
emp_024513,emp_023036
emp_024514,emp_024513
emp_024515,emp_024513
emp_024516,emp_024513
emp_024517,emp_024522
emp_024518,emp_024522
emp_024519,emp_024522
emp_024520,emp_024522
emp_024521,emp_024522
emp_024522,emp_023036
emp_024523,emp_024524
emp_024524,emp_023036
emp_024525,emp_024524
emp_024526,emp_024524
emp_024527,emp_024524
emp_024528,emp_024524
emp_024529,emp_024524
emp_024530,emp_023036
emp_024531,emp_024530
emp_024532,emp_024530
emp_024533,emp_024530
emp_024534,emp_024530
emp_024535,emp_023036
emp_024536,emp_024535
emp_024537,emp_024535
emp_024538,emp_024535
emp_024539,emp_023036
emp_024540,emp_024539
emp_024541,emp_024539
emp_024542,emp_023036
emp_024543,emp_024542
emp_024544,emp_024542
emp_024545,emp_024546
emp_024546,emp_023036
emp_024547,emp_024546
emp_024548,emp_024546
emp_024549,emp_024546
emp_024550,emp_024546
emp_024551,emp_024546
emp_024552,emp_024546
emp_024553,emp_024557
emp_024554,emp_024557
emp_024555,emp_024557
emp_024556,emp_024557
emp_024557,emp_023036
emp_024558,emp_024557
emp_024559,emp_024563
emp_024560,emp_024563
emp_024561,emp_024563
emp_024562,emp_024563
emp_024563,emp_023036
emp_024564,emp_023036
emp_024565,emp_024564
emp_024566,emp_024564
emp_024567,emp_024564
emp_024568,emp_024564
emp_024569,emp_024570
emp_024570,emp_023036
emp_024571,emp_024570
emp_024572,emp_024570
emp_024573,emp_023036
emp_024574,emp_024573
emp_024575,emp_024573
emp_024576,emp_024573
emp_024577,emp_024573
emp_024578,emp_024579
emp_024579,emp_023036
emp_024580,emp_024579
emp_024581,emp_024579
emp_024582,emp_024579
emp_024583,emp_024579
emp_024584,emp_024591
emp_024585,emp_024591
emp_024586,emp_024591
emp_024587,emp_024591
emp_024588,emp_024591
emp_024589,emp_024591
emp_024590,emp_024591
emp_024591,emp_023036
emp_024592,emp_024593
emp_024593,emp_023036
emp_024594,emp_024593
emp_024595,emp_024593
emp_024596,emp_024593
emp_024597,emp_024593
emp_024598,emp_024593
emp_024599,emp_024593
emp_024600,emp_024593
emp_024601,emp_024593
emp_024602,emp_024593
emp_024603,emp_024593
emp_024604,emp_024593
emp_024605,emp_024607
emp_024606,emp_024607
emp_024607,emp_023036
emp_024608,emp_024607
emp_024609,emp_024607
emp_024610,emp_024607
emp_024611,emp_024607
emp_024612,emp_024613
emp_024613,emp_023036
emp_024614,emp_024613
emp_024615,emp_024613
emp_024616,emp_024613
emp_024617,emp_024622
emp_024618,emp_024622
emp_024619,emp_024622
emp_024620,emp_024622
emp_024621,emp_024622
emp_024622,emp_023036
emp_024623,emp_024622
emp_024624,emp_024625
emp_024625,emp_023036
emp_024626,emp_024625
emp_024627,emp_024625
emp_024628,emp_024625
emp_024629,emp_024625
emp_024630,emp_024625
emp_024631,emp_024633
emp_024632,emp_024633
emp_024633,emp_023036
emp_024634,emp_024633
emp_024635,emp_023036
emp_024636,emp_024635
emp_024637,emp_024635
emp_024638,emp_024635
emp_024639,emp_024635
emp_024640,emp_024635
emp_024641,emp_023036
emp_024642,emp_024641
emp_024643,emp_024641
emp_024644,emp_024641
emp_024645,emp_024641
emp_024646,emp_024641
emp_024647,emp_024650
emp_024648,emp_024650
emp_024649,emp_024650
emp_024650,emp_023036
emp_024651,emp_024650
emp_024652,emp_024654
emp_024653,emp_024654
emp_024654,emp_023036
emp_024655,emp_024654
emp_024656,emp_024654
emp_024657,emp_024654
emp_024658,emp_024660
emp_024659,emp_024660
emp_024660,emp_023036
emp_024661,emp_024660
emp_024662,emp_024660
emp_024663,emp_024660
emp_024664,emp_024660
emp_024665,emp_024660
emp_024666,emp_024660
emp_024667,emp_024674
emp_024668,emp_024674
emp_024669,emp_024674
emp_024670,emp_024674
emp_024671,emp_024674
emp_024672,emp_024674
emp_024673,emp_024674
emp_024674,emp_023036
emp_024675,emp_024674
emp_024676,emp_023036
emp_024677,emp_024676
emp_024678,emp_024676
emp_024679,emp_024676
emp_024680,emp_024676
emp_024681,emp_024683
emp_024682,emp_024683
emp_024683,emp_023036
emp_024684,emp_024683
emp_024685,emp_024683
emp_024686,emp_024683
emp_024687,emp_024688
emp_024688,emp_023036
emp_024689,emp_024688
emp_024690,emp_024688
emp_024691,emp_024688
emp_024692,emp_024688
emp_024693,emp_024688
emp_024694,emp_024699
emp_024695,emp_024699
emp_024696,emp_024699
emp_024697,emp_024699
emp_024698,emp_024699
emp_024699,emp_023036
emp_024700,emp_023036
emp_024701,emp_024700
emp_024702,emp_024700
emp_024703,emp_024700
emp_024704,emp_024700
emp_024705,emp_024700
emp_024706,emp_024700
emp_024707,emp_024709
emp_024708,emp_024709
emp_024709,emp_023036
emp_024710,emp_024709
emp_024711,emp_024714
emp_024712,emp_024714
emp_024713,emp_024714
emp_024714,emp_023036
emp_024715,emp_024714
emp_024716,emp_024714
emp_024717,emp_024714
emp_024718,emp_023036
emp_024719,emp_024718
emp_024720,emp_024718
emp_024721,emp_024718
emp_024722,emp_024718
emp_024723,emp_024728
emp_024724,emp_024728
emp_024725,emp_024728
emp_024726,emp_024728
emp_024727,emp_024728
emp_024728,emp_023036
emp_024729,emp_024728
emp_024730,emp_024728
emp_024731,emp_024734
emp_024732,emp_024734
emp_024733,emp_024734
emp_024734,emp_023036
emp_024735,emp_024734
emp_024736,emp_023036
emp_024737,emp_024736
emp_024738,emp_024736
emp_024739,emp_024742
emp_024740,emp_024742
emp_024741,emp_024742
emp_024742,emp_023036
emp_024743,emp_024742
emp_024744,emp_024742
emp_024745,emp_024742
emp_024746,emp_024747
emp_024747,emp_023036
emp_024748,emp_024747
emp_024749,emp_024747
emp_024750,emp_024755
emp_024751,emp_024755
emp_024752,emp_024755
emp_024753,emp_024755
emp_024754,emp_024755
emp_024755,emp_023036
emp_024756,emp_024755
emp_024757,emp_024755
emp_024758,emp_024760
emp_024759,emp_024760
emp_024760,emp_023036
emp_024761,emp_024767
emp_024762,emp_024767
emp_024763,emp_024767
emp_024764,emp_024767
emp_024765,emp_024767
emp_024766,emp_024767
emp_024767,emp_023036
emp_024768,emp_024767
emp_024769,emp_024771
emp_024770,emp_024771
emp_024771,emp_023036
emp_024772,emp_024771
emp_024773,emp_024771
emp_024774,emp_024775
emp_024775,emp_023036
emp_024776,emp_024775
emp_024777,emp_024775
emp_024778,emp_024775
emp_024779,emp_024775
emp_024780,emp_024775
emp_024781,emp_024775
emp_024782,emp_024775
emp_024783,emp_024775
emp_024784,emp_024775
emp_024785,emp_024775
emp_024786,emp_024787
emp_024787,emp_023036
emp_024788,emp_024787
emp_024789,emp_024787
emp_024790,emp_024787
emp_024791,emp_024787
emp_024792,emp_024787
emp_024793,emp_024802
emp_024794,emp_024802
emp_024795,emp_024802
emp_024796,emp_024802
emp_024797,emp_024802
emp_024798,emp_024802
emp_024799,emp_024802
emp_024800,emp_024802
emp_024801,emp_024802
emp_024802,emp_023036
emp_024803,emp_024806
emp_024804,emp_024806
emp_024805,emp_024806
emp_024806,emp_023036
emp_024807,emp_024806
emp_024808,emp_024806
emp_024809,emp_024806
emp_024810,emp_024806
emp_024811,emp_024815
emp_024812,emp_024815
emp_024813,emp_024815
emp_024814,emp_024815
emp_024815,emp_023036
emp_024816,emp_024815
emp_024817,emp_024815
emp_024818,emp_024820
emp_024819,emp_024820
emp_024820,emp_023036
emp_024821,emp_024827
emp_024822,emp_024827
emp_024823,emp_024827
emp_024824,emp_024827
emp_024825,emp_024827
emp_024826,emp_024827
emp_024827,emp_023036
emp_024828,emp_024827
emp_024829,emp_024827
emp_024830,emp_024835
emp_024831,emp_024835
emp_024832,emp_024835
emp_024833,emp_024835
emp_024834,emp_024835
emp_024835,emp_023036
emp_024836,emp_024835
emp_024837,emp_024835
emp_024838,emp_024840
emp_024839,emp_024840
emp_024840,emp_023036
emp_024841,emp_024840
emp_024842,emp_024840
emp_024843,emp_024840
emp_024844,emp_024840
emp_024845,emp_024847
emp_024846,emp_024847
emp_024847,emp_023036
emp_024848,emp_024847
emp_024849,emp_024847
emp_024850,emp_024847
emp_024851,emp_024847
emp_024852,emp_024847
emp_024853,emp_024854
emp_024854,emp_023036
emp_024855,emp_024854
emp_024856,emp_024854
emp_024857,emp_024854
emp_024858,emp_024854
emp_024859,emp_024854
emp_024860,emp_024861
emp_024861,emp_023036
emp_024862,emp_024861
emp_024863,emp_024861
emp_024864,emp_024861
emp_024865,emp_024861
emp_024866,emp_024861
emp_024867,emp_024861
emp_024868,emp_024869
emp_024869,emp_023036
emp_024870,emp_024869
emp_024871,emp_024869
emp_024872,emp_024869
emp_024873,emp_024878
emp_024874,emp_024878
emp_024875,emp_024878
emp_024876,emp_024878
emp_024877,emp_024878
emp_024878,emp_023036
emp_024879,emp_024878
emp_024880,emp_024878
emp_024881,emp_023036
emp_024882,emp_024881
emp_024883,emp_024881
emp_024884,emp_024881
emp_024885,emp_024881
emp_024886,emp_024887
emp_024887,emp_023036
emp_024888,emp_024887
emp_024889,emp_024887
emp_024890,emp_023036
emp_024891,emp_024890
emp_024892,emp_024890
emp_024893,emp_024890
emp_024894,emp_024890
emp_024895,emp_024890
emp_024896,emp_024890
emp_024897,emp_024898
emp_024898,emp_023036
emp_024899,emp_024898
emp_024900,emp_024898
emp_024901,emp_024906
emp_024902,emp_024906
emp_024903,emp_024906
emp_024904,emp_024906
emp_024905,emp_024906
emp_024906,emp_023036
emp_024907,emp_023036
emp_024908,emp_024907
emp_024909,emp_024907
emp_024910,emp_024907
emp_024911,emp_024907
emp_024912,emp_024916
emp_024913,emp_024916
emp_024914,emp_024916
emp_024915,emp_024916
emp_024916,emp_023036
emp_024917,emp_024916
emp_024918,emp_024920
emp_024919,emp_024920
emp_024920,emp_023036
emp_024921,emp_024920
emp_024922,emp_024920
emp_024923,emp_024920
emp_024924,emp_024920
emp_024925,emp_024920
emp_024926,emp_024930
emp_024927,emp_024930
emp_024928,emp_024930
emp_024929,emp_024930
emp_024930,emp_023036
emp_024931,emp_024930
emp_024932,emp_024930
emp_024933,emp_024937
emp_024934,emp_024937
emp_024935,emp_024937
emp_024936,emp_024937
emp_024937,emp_023036
emp_024938,emp_024937
emp_024939,emp_023036
emp_024940,emp_024939
emp_024941,emp_024939
emp_024942,emp_024939
emp_024943,emp_024939
emp_024944,emp_024939
emp_024945,emp_024939
emp_024946,emp_024950
emp_024947,emp_024950
emp_024948,emp_024950
emp_024949,emp_024950
emp_024950,emp_023036
emp_024951,emp_024957
emp_024952,emp_024957
emp_024953,emp_024957
emp_024954,emp_024957
emp_024955,emp_024957
emp_024956,emp_024957
emp_024957,emp_023036
emp_024958,emp_024957
emp_024959,emp_024966
emp_024960,emp_024966
emp_024961,emp_024966
emp_024962,emp_024966
emp_024963,emp_024966
emp_024964,emp_024966
emp_024965,emp_024966
emp_024966,emp_023036
emp_024967,emp_024972
emp_024968,emp_024972
emp_024969,emp_024972
emp_024970,emp_024972
emp_024971,emp_024972
emp_024972,emp_023036
emp_024973,emp_024972
emp_024974,emp_024972
emp_024975,emp_024978
emp_024976,emp_024978
emp_024977,emp_024978
emp_024978,emp_023036
emp_024979,emp_024978
emp_024980,emp_023036
emp_024981,emp_024980
emp_024982,emp_024980
emp_024983,emp_024980
emp_024984,emp_024980
emp_024985,emp_024980
emp_024986,emp_024980
emp_024987,emp_024995
emp_024988,emp_024995
emp_024989,emp_024995
emp_024990,emp_024995
emp_024991,emp_024995
emp_024992,emp_024995
emp_024993,emp_024995
emp_024994,emp_024995
emp_024995,emp_023036
emp_024996,emp_023036
emp_024997,emp_024996
emp_024998,emp_024996
emp_024999,emp_024996
