team_id,name,department_id,planned_size,manager_employee_id,actual_size
team_0000,Engineering Team 1,dept_00,8,emp_000002,8
team_0001,Engineering Team 2,dept_00,5,emp_000008,5
team_0002,Engineering Team 3,dept_00,6,emp_000018,6
team_0003,Engineering Team 4,dept_00,8,emp_000021,8
team_0004,Engineering Team 5,dept_00,3,emp_000027,3
team_0005,Engineering Team 6,dept_00,8,emp_000033,8
team_0006,Engineering Team 7,dept_00,5,emp_000042,5
team_0007,Engineering Team 8,dept_00,6,emp_000045,6
team_0008,Engineering Team 9,dept_00,9,emp_000051,9
team_0009,Engineering Team 10,dept_00,6,emp_000062,6
team_0010,Engineering Team 11,dept_00,6,emp_000067,6
team_0011,Engineering Team 12,dept_00,7,emp_000072,7
team_0012,Engineering Team 13,dept_00,6,emp_000081,6
team_0013,Engineering Team 14,dept_00,5,emp_000085,5
team_0014,Engineering Team 15,dept_00,7,emp_000094,7
team_0015,Engineering Team 16,dept_00,11,emp_000097,11
team_0016,Engineering Team 17,dept_00,8,emp_000112,8
team_0017,Engineering Team 18,dept_00,7,emp_000119,7
team_0018,Engineering Team 19,dept_00,7,emp_000125,7
team_0019,Engineering Team 20,dept_00,8,emp_000134,8
team_0020,Engineering Team 21,dept_00,8,emp_000142,8
team_0021,Engineering Team 22,dept_00,5,emp_000147,5
team_0022,Engineering Team 23,dept_00,8,emp_000150,8
team_0023,Engineering Team 24,dept_00,7,emp_000163,7
team_0024,Engineering Team 25,dept_00,10,emp_000166,10
team_0025,Engineering Team 26,dept_00,6,emp_000174,6
team_0026,Engineering Team 27,dept_00,9,emp_000186,9
team_0027,Engineering Team 28,dept_00,4,emp_000189,4
team_0028,Engineering Team 29,dept_00,7,emp_000194,7
team_0029,Engineering Team 30,dept_00,5,emp_000202,5
team_0030,Engineering Team 31,dept_00,5,emp_000206,5
team_0031,Engineering Team 32,dept_00,8,emp_000215,8
team_0032,Engineering Team 33,dept_00,5,emp_000219,5
team_0033,Engineering Team 34,dept_00,6,emp_000227,6
team_0034,Engineering Team 35,dept_00,5,emp_000229,5
team_0035,Engineering Team 36,dept_00,7,emp_000240,7
team_0036,Engineering Team 37,dept_00,7,emp_000244,7
team_0037,Engineering Team 38,dept_00,2,emp_000248,2
team_0038,Engineering Team 39,dept_00,8,emp_000250,8
team_0039,Engineering Team 40,dept_00,5,emp_000261,5
team_0040,Engineering Team 41,dept_00,11,emp_000263,11
team_0041,Engineering Team 42,dept_00,8,emp_000274,8
team_0042,Engineering Team 43,dept_00,8,emp_000289,8
team_0043,Engineering Team 44,dept_00,2,emp_000290,2
team_0044,Engineering Team 45,dept_00,10,emp_000292,10
team_0045,Engineering Team 46,dept_00,7,emp_000308,7
team_0046,Engineering Team 47,dept_00,4,emp_000310,4
team_0047,Engineering Team 48,dept_00,7,emp_000313,7
team_0048,Engineering Team 49,dept_00,9,emp_000328,9
team_0049,Engineering Team 50,dept_00,3,emp_000330,3
team_0050,Engineering Team 51,dept_00,9,emp_000338,9
team_0051,Engineering Team 52,dept_00,6,emp_000346,6
team_0052,Engineering Team 53,dept_00,5,emp_000347,5
team_0053,Engineering Team 54,dept_00,6,emp_000357,6
team_0054,Engineering Team 55,dept_00,5,emp_000361,5
team_0055,Engineering Team 56,dept_00,7,emp_000369,7
team_0056,Engineering Team 57,dept_00,7,emp_000375,7
team_0057,Engineering Team 58,dept_00,9,emp_000377,9
team_0058,Engineering Team 59,dept_00,9,emp_000386,9
team_0059,Engineering Team 60,dept_00,6,emp_000398,6
team_0060,Engineering Team 61,dept_00,9,emp_000402,9
team_0061,Engineering Team 62,dept_00,4,emp_000411,4
team_0062,Engineering Team 63,dept_00,8,emp_000419,8
team_0063,Engineering Team 64,dept_00,4,emp_000425,4
team_0064,Engineering Team 65,dept_00,5,emp_000428,5
team_0065,Engineering Team 66,dept_00,8,emp_000431,8
team_0066,Engineering Team 67,dept_00,5,emp_000440,5
team_0067,Engineering Team 68,dept_00,7,emp_000444,7
team_0068,Engineering Team 69,dept_00,4,emp_000453,4
team_0069,Engineering Team 70,dept_00,5,emp_000456,5
team_0070,Engineering Team 71,dept_00,8,emp_000462,8
team_0071,Engineering Team 72,dept_00,9,emp_000470,9
team_0072,Engineering Team 73,dept_00,4,emp_000479,4
team_0073,Engineering Team 74,dept_00,10,emp_000481,10
team_0074,Engineering Team 75,dept_00,7,emp_000491,7
team_0075,Engineering Team 76,dept_00,11,emp_000504,11
team_0076,Engineering Team 77,dept_00,6,emp_000511,6
team_0077,Engineering Team 78,dept_00,6,emp_000517,6
team_0078,Engineering Team 79,dept_00,7,emp_000527,7
team_0079,Engineering Team 80,dept_00,4,emp_000531,4
team_0080,Engineering Team 81,dept_00,7,emp_000534,7
team_0081,Engineering Team 82,dept_00,6,emp_000540,6
team_0082,Engineering Team 83,dept_00,9,emp_000545,9
team_0083,Engineering Team 84,dept_00,7,emp_000554,7
team_0084,Engineering Team 85,dept_00,4,emp_000563,4
team_0085,Engineering Team 86,dept_00,4,emp_000567,4
team_0086,Engineering Team 87,dept_00,5,emp_000571,5
team_0087,Engineering Team 88,dept_00,3,emp_000576,3
team_0088,Engineering Team 89,dept_00,2,emp_000577,2
team_0089,Engineering Team 90,dept_00,11,emp_000579,11
team_0090,Engineering Team 91,dept_00,5,emp_000590,5
team_0091,Engineering Team 92,dept_00,9,emp_000598,9
team_0092,Engineering Team 93,dept_00,5,emp_000607,5
team_0093,Engineering Team 94,dept_00,6,emp_000614,6
team_0094,Engineering Team 95,dept_00,3,emp_000617,3
team_0095,Engineering Team 96,dept_00,9,emp_000620,9
team_0096,Engineering Team 97,dept_00,6,emp_000628,6
team_0097,Engineering Team 98,dept_00,10,emp_000638,10
team_0098,Engineering Team 99,dept_00,5,emp_000644,5
team_0099,Engineering Team 100,dept_00,9,emp_000650,9
team_0100,Engineering Team 101,dept_00,9,emp_000657,9
team_0101,Engineering Team 102,dept_00,4,emp_000666,4
team_0102,Engineering Team 103,dept_00,7,emp_000670,7
team_0103,Engineering Team 104,dept_00,4,emp_000678,4
team_0104,Engineering Team 105,dept_00,4,emp_000682,4
team_0105,Engineering Team 106,dept_00,7,emp_000688,7
team_0106,Engineering Team 107,dept_00,8,emp_000697,8
team_0107,Engineering Team 108,dept_00,9,emp_000703,9
team_0108,Engineering Team 109,dept_00,6,emp_000709,6
team_0109,Engineering Team 110,dept_00,8,emp_000720,8
team_0110,Engineering Team 111,dept_00,8,emp_000725,8
team_0111,Engineering Team 112,dept_00,6,emp_000736,6
team_0112,Engineering Team 113,dept_00,5,emp_000737,5
team_0113,Engineering Team 114,dept_00,7,emp_000745,7
team_0114,Engineering Team 115,dept_00,13,emp_000759,13
team_0115,Engineering Team 116,dept_00,5,emp_000763,5
team_0116,Engineering Team 117,dept_00,6,emp_000769,6
team_0117,Engineering Team 118,dept_00,5,emp_000776,5
team_0118,Engineering Team 119,dept_00,9,emp_000779,9
team_0119,Engineering Team 120,dept_00,10,emp_000787,10
team_0120,Engineering Team 121,dept_00,9,emp_000804,9
team_0121,Engineering Team 122,dept_00,10,emp_000811,10
team_0122,Engineering Team 123,dept_00,6,emp_000816,6
team_0123,Engineering Team 124,dept_00,10,emp_000830,10
team_0124,Engineering Team 125,dept_00,5,emp_000834,5
team_0125,Engineering Team 126,dept_00,10,emp_000838,10
team_0126,Engineering Team 127,dept_00,9,emp_000852,9
team_0127,Engineering Team 128,dept_00,5,emp_000859,5
team_0128,Engineering Team 129,dept_00,8,emp_000863,8
team_0129,Engineering Team 130,dept_00,4,emp_000870,4
team_0130,Engineering Team 131,dept_00,4,emp_000874,4
team_0131,Engineering Team 132,dept_00,4,emp_000878,4
team_0132,Engineering Team 133,dept_00,4,emp_000884,4
team_0133,Engineering Team 134,dept_00,4,emp_000886,4
team_0134,Engineering Team 135,dept_00,6,emp_000892,6
team_0135,Engineering Team 136,dept_00,10,emp_000903,10
team_0136,Engineering Team 137,dept_00,6,emp_000908,6
team_0137,Engineering Team 138,dept_00,5,emp_000913,5
team_0138,Engineering Team 139,dept_00,8,emp_000916,8
team_0139,Engineering Team 140,dept_00,6,emp_000925,6
team_0140,Engineering Team 141,dept_00,7,emp_000931,7
team_0141,Engineering Team 142,dept_00,7,emp_000942,7
team_0142,Engineering Team 143,dept_00,7,emp_000946,7
team_0143,Engineering Team 144,dept_00,5,emp_000951,5
team_0144,Engineering Team 145,dept_00,6,emp_000960,6
team_0145,Engineering Team 146,dept_00,8,emp_000963,8
team_0146,Engineering Team 147,dept_00,6,emp_000972,6
team_0147,Engineering Team 148,dept_00,6,emp_000976,6
team_0148,Engineering Team 149,dept_00,7,emp_000986,7
team_0149,Engineering Team 150,dept_00,7,emp_000993,7
team_0150,Engineering Team 151,dept_00,6,emp_000997,6
team_0151,Engineering Team 152,dept_00,8,emp_001003,8
team_0152,Engineering Team 153,dept_00,6,emp_001011,6
team_0153,Engineering Team 154,dept_00,4,emp_001017,4
team_0154,Engineering Team 155,dept_00,8,emp_001022,8
team_0155,Engineering Team 156,dept_00,5,emp_001028,5
team_0156,Engineering Team 157,dept_00,13,emp_001036,13
team_0157,Engineering Team 158,dept_00,7,emp_001049,7
team_0158,Engineering Team 159,dept_00,6,emp_001054,6
team_0159,Engineering Team 160,dept_00,8,emp_001066,8
team_0160,Engineering Team 161,dept_00,9,emp_001068,9
team_0161,Engineering Team 162,dept_00,9,emp_001079,9
team_0162,Engineering Team 163,dept_00,7,emp_001088,7
team_0163,Engineering Team 164,dept_00,9,emp_001092,9
team_0164,Engineering Team 165,dept_00,8,emp_001104,8
team_0165,Engineering Team 166,dept_00,7,emp_001114,7
team_0166,Engineering Team 167,dept_00,3,emp_001118,3
team_0167,Engineering Team 168,dept_00,7,emp_001124,7
team_0168,Engineering Team 169,dept_00,2,emp_001126,2
team_0169,Engineering Team 170,dept_00,5,emp_001130,5
team_0170,Engineering Team 171,dept_00,9,emp_001134,9
team_0171,Engineering Team 172,dept_00,7,emp_001146,7
team_0172,Engineering Team 173,dept_00,6,emp_001153,6
team_0173,Engineering Team 174,dept_00,5,emp_001159,5
team_0174,Engineering Team 175,dept_00,5,emp_001161,5
team_0175,Engineering Team 176,dept_00,5,emp_001167,5
team_0176,Engineering Team 177,dept_00,4,emp_001173,4
team_0177,Engineering Team 178,dept_00,2,emp_001174,2
team_0178,Engineering Team 179,dept_00,9,emp_001183,9
team_0179,Engineering Team 180,dept_00,10,emp_001193,10
team_0180,Engineering Team 181,dept_00,5,emp_001199,5
team_0181,Engineering Team 182,dept_00,8,emp_001200,8
team_0182,Engineering Team 183,dept_00,4,emp_001208,4
team_0183,Engineering Team 184,dept_00,7,emp_001214,7
team_0184,Engineering Team 185,dept_00,4,emp_001221,4
team_0185,Engineering Team 186,dept_00,8,emp_001225,8
team_0186,Engineering Team 187,dept_00,7,emp_001231,7
team_0187,Engineering Team 188,dept_00,4,emp_001239,4
team_0188,Engineering Team 189,dept_00,8,emp_001244,8
team_0189,Engineering Team 190,dept_00,10,emp_001256,10
team_0190,Engineering Team 191,dept_00,6,emp_001260,6
team_0191,Engineering Team 192,dept_00,6,emp_001266,6
team_0192,Engineering Team 193,dept_00,6,emp_001272,6
team_0193,Engineering Team 194,dept_00,7,emp_001278,7
team_0194,Engineering Team 195,dept_00,9,emp_001293,9
team_0195,Engineering Team 196,dept_00,9,emp_001299,9
team_0196,Engineering Team 197,dept_00,2,emp_001303,2
team_0197,Engineering Team 198,dept_00,9,emp_001305,9
team_0198,Engineering Team 199,dept_00,6,emp_001316,6
team_0199,Engineering Team 200,dept_00,10,emp_001322,10
team_0200,Engineering Team 201,dept_00,7,emp_001336,7
team_0201,Engineering Team 202,dept_00,8,emp_001342,8
team_0202,Engineering Team 203,dept_00,5,emp_001346,5
team_0203,Engineering Team 204,dept_00,4,emp_001353,4
team_0204,Engineering Team 205,dept_00,7,emp_001357,7
team_0205,Engineering Team 206,dept_00,8,emp_001366,8
team_0206,Engineering Team 207,dept_00,8,emp_001373,8
team_0207,Engineering Team 208,dept_00,8,emp_001383,8
team_0208,Engineering Team 209,dept_00,7,emp_001386,7
team_0209,Engineering Team 210,dept_00,8,emp_001395,8
team_0210,Engineering Team 211,dept_00,5,emp_001403,5
team_0211,Engineering Team 212,dept_00,6,emp_001407,6
team_0212,Engineering Team 213,dept_00,3,emp_001413,3
team_0213,Engineering Team 214,dept_00,6,emp_001416,6
team_0214,Engineering Team 215,dept_00,6,emp_001422,6
team_0215,Engineering Team 216,dept_00,7,emp_001427,7
team_0216,Engineering Team 217,dept_00,9,emp_001437,9
team_0217,Engineering Team 218,dept_00,7,emp_001445,7
team_0218,Engineering Team 219,dept_00,2,emp_001449,2
team_0219,Engineering Team 220,dept_00,9,emp_001459,9
team_0220,Engineering Team 221,dept_00,7,emp_001463,7
team_0221,Engineering Team 222,dept_00,8,emp_001469,8
team_0222,Engineering Team 223,dept_00,5,emp_001476,5
team_0223,Engineering Team 224,dept_00,8,emp_001481,8
team_0224,Engineering Team 225,dept_00,10,emp_001492,10
team_0225,Engineering Team 226,dept_00,3,emp_001499,3
team_0226,Engineering Team 227,dept_00,9,emp_001503,9
team_0227,Engineering Team 228,dept_00,5,emp_001510,5
team_0228,Engineering Team 229,dept_00,5,emp_001519,5
team_0229,Engineering Team 230,dept_00,6,emp_001523,6
team_0230,Engineering Team 231,dept_00,11,emp_001529,11
team_0231,Engineering Team 232,dept_00,3,emp_001539,3
team_0232,Engineering Team 233,dept_00,5,emp_001544,5
team_0233,Engineering Team 234,dept_00,7,emp_001551,7
team_0234,Engineering Team 235,dept_00,8,emp_001558,8
team_0235,Engineering Team 236,dept_00,6,emp_001562,6
team_0236,Engineering Team 237,dept_00,7,emp_001567,7
team_0237,Engineering Team 238,dept_00,4,emp_001574,4
team_0238,Engineering Team 239,dept_00,8,emp_001581,8
team_0239,Engineering Team 240,dept_00,9,emp_001586,9
team_0240,Engineering Team 241,dept_00,4,emp_001594,4
team_0241,Engineering Team 242,dept_00,5,emp_001600,5
team_0242,Engineering Team 243,dept_00,7,emp_001603,7
team_0243,Engineering Team 244,dept_00,7,emp_001610,7
team_0244,Engineering Team 245,dept_00,8,emp_001618,8
team_0245,Engineering Team 246,dept_00,4,emp_001626,4
team_0246,Engineering Team 247,dept_00,6,emp_001631,6
team_0247,Engineering Team 248,dept_00,5,emp_001637,5
team_0248,Engineering Team 249,dept_00,9,emp_001643,9
team_0249,Engineering Team 250,dept_00,6,emp_001654,6
team_0250,Engineering Team 251,dept_00,5,emp_001656,5
team_0251,Engineering Team 252,dept_00,5,emp_001663,5
team_0252,Engineering Team 253,dept_00,6,emp_001669,6
team_0253,Engineering Team 254,dept_00,9,emp_001674,9
team_0254,Engineering Team 255,dept_00,3,emp_001682,3
team_0255,Engineering Team 256,dept_00,7,emp_001685,7
team_0256,Engineering Team 257,dept_00,7,emp_001695,7
team_0257,Engineering Team 258,dept_00,10,emp_001698,10
team_0258,Engineering Team 259,dept_00,8,emp_001710,8
team_0259,Engineering Team 260,dept_00,9,emp_001716,9
team_0260,Engineering Team 261,dept_00,7,emp_001725,7
team_0261,Engineering Team 262,dept_00,4,emp_001733,4
team_0262,Engineering Team 263,dept_00,4,emp_001735,4
team_0263,Engineering Team 264,dept_00,5,emp_001741,5
team_0264,Engineering Team 265,dept_00,7,emp_001746,7
team_0265,Engineering Team 266,dept_00,6,emp_001754,6
team_0266,Engineering Team 267,dept_00,6,emp_001757,6
team_0267,Engineering Team 268,dept_00,10,emp_001763,10
team_0268,Engineering Team 269,dept_00,2,emp_001773,2
team_0269,Engineering Team 270,dept_00,4,emp_001775,4
team_0270,Engineering Team 271,dept_00,11,emp_001784,11
team_0271,Engineering Team 272,dept_00,7,emp_001791,7
team_0272,Engineering Team 273,dept_00,5,emp_001797,5
team_0273,Engineering Team 274,dept_00,4,emp_001802,4
team_0274,Engineering Team 275,dept_00,8,emp_001810,8
team_0275,Engineering Team 276,dept_00,8,emp_001818,8
team_0276,Engineering Team 277,dept_00,8,emp_001828,8
team_0277,Engineering Team 278,dept_00,4,emp_001830,4
team_0278,Engineering Team 279,dept_00,7,emp_001835,7
team_0279,Engineering Team 280,dept_00,6,emp_001843,6
team_0280,Engineering Team 281,dept_00,7,emp_001850,7
team_0281,Engineering Team 282,dept_00,3,emp_001854,3
team_0282,Engineering Team 283,dept_00,8,emp_001862,8
team_0283,Engineering Team 284,dept_00,10,emp_001865,10
team_0284,Engineering Team 285,dept_00,4,emp_001875,4
team_0285,Engineering Team 286,dept_00,8,emp_001881,8
team_0286,Engineering Team 287,dept_00,10,emp_001894,10
team_0287,Engineering Team 288,dept_00,8,emp_001902,8
team_0288,Engineering Team 289,dept_00,6,emp_001908,6
team_0289,Engineering Team 290,dept_00,7,emp_001913,7
team_0290,Engineering Team 291,dept_00,5,emp_001921,5
team_0291,Engineering Team 292,dept_00,7,emp_001923,7
team_0292,Engineering Team 293,dept_00,4,emp_001930,4
team_0293,Engineering Team 294,dept_00,7,emp_001935,7
team_0294,Engineering Team 295,dept_00,5,emp_001944,5
team_0295,Engineering Team 296,dept_00,4,emp_001946,4
team_0296,Engineering Team 297,dept_00,10,emp_001955,10
team_0297,Engineering Team 298,dept_00,3,emp_001961,3
team_0298,Engineering Team 299,dept_00,10,emp_001968,10
team_0299,Engineering Team 300,dept_00,2,emp_001974,2
team_0300,Engineering Team 301,dept_00,8,emp_001975,8
team_0301,Engineering Team 302,dept_00,7,emp_001987,7
team_0302,Engineering Team 303,dept_00,3,emp_001992,3
team_0303,Engineering Team 304,dept_00,5,emp_001997,5
team_0304,Engineering Team 305,dept_00,4,emp_001998,4
team_0305,Engineering Team 306,dept_00,5,emp_002004,5
team_0306,Engineering Team 307,dept_00,8,emp_002011,8
team_0307,Engineering Team 308,dept_00,4,emp_002016,4
team_0308,Engineering Team 309,dept_00,3,emp_002020,3
team_0309,Engineering Team 310,dept_00,9,emp_002029,9
team_0310,Engineering Team 311,dept_00,7,emp_002034,7
team_0311,Engineering Team 312,dept_00,6,emp_002039,6
team_0312,Engineering Team 313,dept_00,6,emp_002049,6
team_0313,Engineering Team 314,dept_00,8,emp_002054,8
team_0314,Engineering Team 315,dept_00,7,emp_002058,7
team_0315,Engineering Team 316,dept_00,6,emp_002070,6
team_0316,Engineering Team 317,dept_00,5,emp_002072,5
team_0317,Engineering Team 318,dept_00,9,emp_002082,9
team_0318,Engineering Team 319,dept_00,9,emp_002087,9
team_0319,Engineering Team 320,dept_00,7,emp_002095,7
team_0320,Engineering Team 321,dept_00,13,emp_002103,13
team_0321,Engineering Team 322,dept_00,7,emp_002118,7
team_0322,Engineering Team 323,dept_00,7,emp_002121,7
team_0323,Engineering Team 324,dept_00,10,emp_002135,10
team_0324,Engineering Team 325,dept_00,7,emp_002142,7
team_0325,Engineering Team 326,dept_00,7,emp_002151,7
team_0326,Engineering Team 327,dept_00,6,emp_002155,6
team_0327,Engineering Team 328,dept_00,7,emp_002158,7
team_0328,Engineering Team 329,dept_00,3,emp_002165,3
team_0329,Engineering Team 330,dept_00,5,emp_002168,5
team_0330,Engineering Team 331,dept_00,4,emp_002173,4
team_0331,Engineering Team 332,dept_00,2,emp_002178,2
team_0332,Engineering Team 333,dept_00,9,emp_002184,9
team_0333,Engineering Team 334,dept_00,6,emp_002190,6
team_0334,Engineering Team 335,dept_00,5,emp_002196,5
team_0335,Engineering Team 336,dept_00,7,emp_002203,7
team_0336,Engineering Team 337,dept_00,4,emp_002206,4
team_0337,Engineering Team 338,dept_00,8,emp_002216,8
team_0338,Engineering Team 339,dept_00,9,emp_002226,9
team_0339,Engineering Team 340,dept_00,4,emp_002228,4
team_0340,Engineering Team 341,dept_00,9,emp_002231,9
team_0341,Engineering Team 342,dept_00,7,emp_002244,7
team_0342,Engineering Team 343,dept_00,9,emp_002252,9
team_0343,Engineering Team 344,dept_00,7,emp_002259,7
team_0344,Engineering Team 345,dept_00,5,emp_002266,5
team_0345,Engineering Team 346,dept_00,3,emp_002270,3
team_0346,Engineering Team 347,dept_00,4,emp_002271,4
team_0347,Engineering Team 348,dept_00,5,emp_002277,5
team_0348,Engineering Team 349,dept_00,9,emp_002282,9
team_0349,Engineering Team 350,dept_00,8,emp_002289,8
team_0350,Engineering Team 351,dept_00,7,emp_002297,7
team_0351,Engineering Team 352,dept_00,9,emp_002312,9
team_0352,Engineering Team 353,dept_00,3,emp_002314,3
team_0353,Engineering Team 354,dept_00,4,emp_002318,4
team_0354,Engineering Team 355,dept_00,4,emp_002323,4
team_0355,Engineering Team 356,dept_00,7,emp_002325,7
team_0356,Engineering Team 357,dept_00,3,emp_002331,3
team_0357,Engineering Team 358,dept_00,5,emp_002336,5
team_0358,Engineering Team 359,dept_00,9,emp_002339,9
team_0359,Engineering Team 360,dept_00,9,emp_002354,9
team_0360,Engineering Team 361,dept_00,10,emp_002357,10
team_0361,Engineering Team 362,dept_00,5,emp_002371,5
team_0362,Engineering Team 363,dept_00,4,emp_002372,4
team_0363,Engineering Team 364,dept_00,7,emp_002380,7
team_0364,Engineering Team 365,dept_00,5,emp_002387,5
team_0365,Engineering Team 366,dept_00,6,emp_002388,6
team_0366,Engineering Team 367,dept_00,6,emp_002394,6
team_0367,Engineering Team 368,dept_00,8,emp_002401,8
team_0368,Engineering Team 369,dept_00,9,emp_002411,9
team_0369,Engineering Team 370,dept_00,9,emp_002423,9
team_0370,Engineering Team 371,dept_00,8,emp_002427,8
team_0371,Engineering Team 372,dept_00,6,emp_002436,6
team_0372,Engineering Team 373,dept_00,8,emp_002441,8
team_0373,Engineering Team 374,dept_00,6,emp_002450,6
team_0374,Engineering Team 375,dept_00,5,emp_002457,5
team_0375,Engineering Team 376,dept_00,3,emp_002461,3
team_0376,Engineering Team 377,dept_00,5,emp_002465,5
team_0377,Engineering Team 378,dept_00,8,emp_002473,8
team_0378,Engineering Team 379,dept_00,8,emp_002482,8
team_0379,Engineering Team 380,dept_00,7,emp_002488,7
team_0380,Engineering Team 381,dept_00,8,emp_002491,8
team_0381,Engineering Team 382,dept_00,5,emp_002499,5
team_0382,Engineering Team 383,dept_00,10,emp_002503,10
team_0383,Engineering Team 384,dept_00,7,emp_002514,7
team_0384,Engineering Team 385,dept_00,6,emp_002525,6
team_0385,Engineering Team 386,dept_00,8,emp_002530,8
team_0386,Engineering Team 387,dept_00,6,emp_002539,6
team_0387,Engineering Team 388,dept_00,7,emp_002540,7
team_0388,Engineering Team 389,dept_00,10,emp_002547,10
team_0389,Engineering Team 390,dept_00,5,emp_002557,5
team_0390,Engineering Team 391,dept_00,6,emp_002567,6
team_0391,Engineering Team 392,dept_00,6,emp_002568,6
team_0392,Engineering Team 393,dept_00,7,emp_002578,7
team_0393,Engineering Team 394,dept_00,10,emp_002587,10
team_0394,Engineering Team 395,dept_00,8,emp_002598,8
team_0395,Engineering Team 396,dept_00,9,emp_002600,9
team_0396,Engineering Team 397,dept_00,2,emp_002608,2
team_0397,Engineering Team 398,dept_00,8,emp_002614,8
team_0398,Engineering Team 399,dept_00,7,emp_002618,7
team_0399,Engineering Team 400,dept_00,8,emp_002629,8
team_0400,Engineering Team 401,dept_00,7,emp_002634,7
team_0401,Engineering Team 402,dept_00,5,emp_002641,5
team_0402,Engineering Team 403,dept_00,8,emp_002646,8
team_0403,Engineering Team 404,dept_00,6,emp_002658,6
team_0404,Engineering Team 405,dept_00,7,emp_002661,7
team_0405,Engineering Team 406,dept_00,5,emp_002667,5
team_0406,Engineering Team 407,dept_00,6,emp_002676,6
team_0407,Engineering Team 408,dept_00,8,emp_002680,8
team_0408,Engineering Team 409,dept_00,8,emp_002686,8
team_0409,Engineering Team 410,dept_00,7,emp_002698,7
team_0410,Engineering Team 411,dept_00,7,emp_002702,7
team_0411,Engineering Team 412,dept_00,6,emp_002711,6
team_0412,Engineering Team 413,dept_00,8,emp_002715,8
team_0413,Engineering Team 414,dept_00,6,emp_002724,6
team_0414,Engineering Team 415,dept_00,6,emp_002730,6
team_0415,Engineering Team 416,dept_00,7,emp_002734,7
team_0416,Engineering Team 417,dept_00,6,emp_002742,6
team_0417,Engineering Team 418,dept_00,7,emp_002748,7
team_0418,Engineering Team 419,dept_00,10,emp_002755,10
team_0419,Engineering Team 420,dept_00,7,emp_002763,7
team_0420,Engineering Team 421,dept_00,10,emp_002779,10
team_0421,Engineering Team 422,dept_00,9,emp_002783,9
team_0422,Engineering Team 423,dept_00,7,emp_002790,7
team_0423,Engineering Team 424,dept_00,8,emp_002799,8
team_0424,Engineering Team 425,dept_00,10,emp_002807,10
team_0425,Engineering Team 426,dept_00,5,emp_002814,5
team_0426,Engineering Team 427,dept_00,8,emp_002823,8
team_0427,Engineering Team 428,dept_00,9,emp_002830,9
team_0428,Engineering Team 429,dept_00,5,emp_002840,5
team_0429,Engineering Team 430,dept_00,9,emp_002849,9
team_0430,Engineering Team 431,dept_00,8,emp_002853,8
team_0431,Engineering Team 432,dept_00,5,emp_002858,5
team_0432,Engineering Team 433,dept_00,8,emp_002863,8
team_0433,Engineering Team 434,dept_00,4,emp_002871,4
team_0434,Engineering Team 435,dept_00,4,emp_002875,4
team_0435,Engineering Team 436,dept_00,4,emp_002882,4
team_0436,Engineering Team 437,dept_00,7,emp_002884,7
team_0437,Engineering Team 438,dept_00,6,emp_002894,6
team_0438,Engineering Team 439,dept_00,5,emp_002896,5
team_0439,Engineering Team 440,dept_00,6,emp_002902,6
team_0440,Engineering Team 441,dept_00,6,emp_002907,6
team_0441,Engineering Team 442,dept_00,6,emp_002914,6
team_0442,Engineering Team 443,dept_00,6,emp_002919,6
team_0443,Engineering Team 444,dept_00,7,emp_002931,7
team_0444,Engineering Team 445,dept_00,5,emp_002934,5
team_0445,Engineering Team 446,dept_00,5,emp_002940,5
team_0446,Engineering Team 447,dept_00,9,emp_002942,9
team_0447,Engineering Team 448,dept_00,7,emp_002953,7
team_0448,Engineering Team 449,dept_00,3,emp_002960,3
team_0449,Engineering Team 450,dept_00,10,emp_002970,10
team_0450,Engineering Team 451,dept_00,5,emp_002971,5
team_0451,Engineering Team 452,dept_00,10,emp_002977,10
team_0452,Engineering Team 453,dept_00,7,emp_002986,7
team_0453,Engineering Team 454,dept_00,9,emp_002993,9
team_0454,Engineering Team 455,dept_00,3,emp_003002,3
team_0455,Engineering Team 456,dept_00,5,emp_003007,5
team_0456,Engineering Team 457,dept_00,5,emp_003012,5
team_0457,Engineering Team 458,dept_00,5,emp_003016,5
team_0458,Engineering Team 459,dept_00,5,emp_003023,5
team_0459,Engineering Team 460,dept_00,5,emp_003027,5
team_0460,Engineering Team 461,dept_00,6,emp_003034,6
team_0461,Engineering Team 462,dept_00,5,emp_003038,5
team_0462,Engineering Team 463,dept_00,6,emp_003046,6
team_0463,Engineering Team 464,dept_00,7,emp_003049,7
team_0464,Engineering Team 465,dept_00,3,emp_003054,3
team_0465,Engineering Team 466,dept_00,6,emp_003062,6
team_0466,Engineering Team 467,dept_00,5,emp_003063,5
team_0467,Engineering Team 468,dept_00,6,emp_003069,6
team_0468,Engineering Team 469,dept_00,8,emp_003075,8
team_0469,Engineering Team 470,dept_00,4,emp_003082,4
team_0470,Engineering Team 471,dept_00,6,emp_003090,6
team_0471,Engineering Team 472,dept_00,8,emp_003093,8
team_0472,Engineering Team 473,dept_00,9,emp_003101,9
team_0473,Engineering Team 474,dept_00,5,emp_003113,5
team_0474,Engineering Team 475,dept_00,8,emp_003116,8
team_0475,Engineering Team 476,dept_00,7,emp_003122,7
team_0476,Engineering Team 477,dept_00,7,emp_003134,7
team_0477,Engineering Team 478,dept_00,6,emp_003139,6
team_0478,Engineering Team 479,dept_00,7,emp_003148,7
team_0479,Engineering Team 480,dept_00,8,emp_003153,8
team_0480,Engineering Team 481,dept_00,5,emp_003157,5
team_0481,Engineering Team 482,dept_00,7,emp_003164,7
team_0482,Engineering Team 483,dept_00,4,emp_003170,4
team_0483,Engineering Team 484,dept_00,4,emp_003173,4
team_0484,Engineering Team 485,dept_00,8,emp_003178,8
team_0485,Engineering Team 486,dept_00,6,emp_003185,6
team_0486,Engineering Team 487,dept_00,5,emp_003193,5
team_0487,Engineering Team 488,dept_00,7,emp_003201,7
team_0488,Engineering Team 489,dept_00,8,emp_003203,8
team_0489,Engineering Team 490,dept_00,7,emp_003211,7
team_0490,Engineering Team 491,dept_00,9,emp_003222,9
team_0491,Engineering Team 492,dept_00,5,emp_003230,5
team_0492,Engineering Team 493,dept_00,5,emp_003234,5
team_0493,Engineering Team 494,dept_00,8,emp_003241,8
team_0494,Engineering Team 495,dept_00,5,emp_003249,5
team_0495,Engineering Team 496,dept_00,8,emp_003250,8
team_0496,Engineering Team 497,dept_00,3,emp_003258,3
team_0497,Engineering Team 498,dept_00,5,emp_003262,5
team_0498,Engineering Team 499,dept_00,6,emp_003266,6
team_0499,Engineering Team 500,dept_00,6,emp_003274,6
team_0500,Engineering Team 501,dept_00,10,emp_003281,10
team_0501,Engineering Team 502,dept_00,5,emp_003292,5
team_0502,Engineering Team 503,dept_00,6,emp_003295,6
team_0503,Engineering Team 504,dept_00,7,emp_003300,7
team_0504,Engineering Team 505,dept_00,6,emp_003306,6
team_0505,Engineering Team 506,dept_00,9,emp_003314,9
team_0506,Engineering Team 507,dept_00,5,emp_003322,5
team_0507,Engineering Team 508,dept_00,5,emp_003330,5
team_0508,Engineering Team 509,dept_00,5,emp_003334,5
team_0509,Engineering Team 510,dept_00,8,emp_003343,8
team_0510,Engineering Team 511,dept_00,7,emp_003350,7
team_0511,Engineering Team 512,dept_00,7,emp_003354,7
team_0512,Engineering Team 513,dept_00,7,emp_003360,7
team_0513,Engineering Team 514,dept_00,4,emp_003367,4
team_0514,Engineering Team 515,dept_00,7,emp_003375,7
team_0515,Engineering Team 516,dept_00,7,emp_003377,7
team_0516,Engineering Team 517,dept_00,9,emp_003388,9
team_0517,Engineering Team 518,dept_00,7,emp_003393,7
team_0518,Engineering Team 519,dept_00,5,emp_003403,5
team_0519,Engineering Team 520,dept_00,6,emp_003409,6
team_0520,Engineering Team 521,dept_00,10,emp_003417,10
team_0521,Engineering Team 522,dept_00,4,emp_003421,4
team_0522,Engineering Team 523,dept_00,4,emp_003424,4
team_0523,Engineering Team 524,dept_00,7,emp_003431,7
team_0524,Engineering Team 525,dept_00,9,emp_003441,9
team_0525,Engineering Team 526,dept_00,7,emp_003449,7
team_0526,Engineering Team 527,dept_00,4,emp_003454,4
team_0527,Engineering Team 528,dept_00,11,emp_003459,11
team_0528,Engineering Team 529,dept_00,5,emp_003469,5
team_0529,Engineering Team 530,dept_00,8,emp_003473,8
team_0530,Engineering Team 531,dept_00,9,emp_003482,9
team_0531,Engineering Team 532,dept_00,7,emp_003490,7
team_0532,Engineering Team 533,dept_00,8,emp_003501,8
team_0533,Engineering Team 534,dept_00,9,emp_003505,9
team_0534,Engineering Team 535,dept_00,4,emp_003515,4
team_0535,Engineering Team 536,dept_00,8,emp_003516,8
team_0536,Engineering Team 537,dept_00,9,emp_003524,9
team_0537,Engineering Team 538,dept_00,9,emp_003534,9
team_0538,Engineering Team 539,dept_00,6,emp_003542,6
team_0539,Engineering Team 540,dept_00,7,emp_003553,7
team_0540,Engineering Team 541,dept_00,5,emp_003558,5
team_0541,Engineering Team 542,dept_00,5,emp_003560,5
team_0542,Engineering Team 543,dept_00,5,emp_003568,5
team_0543,Engineering Team 544,dept_00,8,emp_003573,8
team_0544,Engineering Team 545,dept_00,7,emp_003580,7
team_0545,Engineering Team 546,dept_00,9,emp_003586,9
team_0546,Engineering Team 547,dept_00,2,emp_003594,2
team_0547,Engineering Team 548,dept_00,5,emp_003597,5
team_0548,Engineering Team 549,dept_00,7,emp_003605,7
team_0549,Engineering Team 550,dept_00,10,emp_003615,10
team_0550,Engineering Team 551,dept_00,5,emp_003618,5
team_0551,Engineering Team 552,dept_00,3,emp_003623,3
team_0552,Engineering Team 553,dept_00,5,emp_003628,5
team_0553,Engineering Team 554,dept_00,6,emp_003635,6
team_0554,Engineering Team 555,dept_00,8,emp_003641,8
team_0555,Engineering Team 556,dept_00,9,emp_003648,9
team_0556,Engineering Team 557,dept_00,8,emp_003656,8
team_0557,Engineering Team 558,dept_00,6,emp_003666,6
team_0558,Engineering Team 559,dept_00,11,emp_003676,11
team_0559,Engineering Team 560,dept_00,5,emp_003679,5
team_0560,Engineering Team 561,dept_00,7,emp_003684,7
team_0561,Engineering Team 562,dept_00,8,emp_003692,8
team_0562,Engineering Team 563,dept_00,6,emp_003699,6
team_0563,Engineering Team 564,dept_00,6,emp_003705,6
team_0564,Engineering Team 565,dept_00,8,emp_003718,8
team_0565,Engineering Team 566,dept_00,5,emp_003723,5
team_0566,Engineering Team 567,dept_00,6,emp_003727,6
team_0567,Engineering Team 568,dept_00,6,emp_003734,6
team_0568,Engineering Team 569,dept_00,11,emp_003742,11
team_0569,Engineering Team 570,dept_00,8,emp_003750,8
team_0570,Engineering Team 571,dept_00,5,emp_003756,5
team_0571,Engineering Team 572,dept_00,8,emp_003763,8
team_0572,Engineering Team 573,dept_00,5,emp_003769,5
team_0573,Engineering Team 574,dept_00,7,emp_003776,7
team_0574,Engineering Team 575,dept_00,3,emp_003780,3
team_0575,Engineering Team 576,dept_00,8,emp_003785,8
team_0576,Engineering Team 577,dept_00,6,emp_003792,6
team_0577,Engineering Team 578,dept_00,4,emp_003798,4
team_0578,Engineering Team 579,dept_00,7,emp_003805,7
team_0579,Engineering Team 580,dept_00,8,emp_003814,8
team_0580,Engineering Team 581,dept_00,7,emp_003819,7
team_0581,Engineering Team 582,dept_00,7,emp_003823,7
team_0582,Engineering Team 583,dept_00,4,emp_003830,4
team_0583,Engineering Team 584,dept_00,8,emp_003834,8
team_0584,Engineering Team 585,dept_00,2,emp_003842,2
team_0585,Engineering Team 586,dept_00,6,emp_003845,6
team_0586,Engineering Team 587,dept_00,11,emp_003852,11
team_0587,Engineering Team 588,dept_00,4,emp_003862,4
team_0588,Engineering Team 589,dept_00,3,emp_003867,3
team_0589,Engineering Team 590,dept_00,5,emp_003871,5
team_0590,Engineering Team 591,dept_00,7,emp_003875,7
team_0591,Engineering Team 592,dept_00,6,emp_003884,6
team_0592,Engineering Team 593,dept_00,9,emp_003888,9
team_0593,Engineering Team 594,dept_00,7,emp_003898,7
team_0594,Engineering Team 595,dept_00,5,emp_003903,5
team_0595,Engineering Team 596,dept_00,8,emp_003908,8
team_0596,Engineering Team 597,dept_00,6,emp_003919,6
team_0597,Engineering Team 598,dept_00,8,emp_003921,8
team_0598,Engineering Team 599,dept_00,9,emp_003935,9
team_0599,Engineering Team 600,dept_00,8,emp_003942,8
team_0600,Engineering Team 601,dept_00,9,emp_003953,9
team_0601,Engineering Team 602,dept_00,4,emp_003955,4
team_0602,Engineering Team 603,dept_00,6,emp_003962,6
team_0603,Engineering Team 604,dept_00,7,emp_003969,7
team_0604,Engineering Team 605,dept_00,4,emp_003975,4
team_0605,Engineering Team 606,dept_00,9,emp_003977,9
team_0606,Engineering Team 607,dept_00,9,emp_003986,9
team_0607,Engineering Team 608,dept_00,8,emp_003994,8
team_0608,Engineering Team 609,dept_00,8,emp_004004,8
team_0609,Engineering Team 610,dept_00,6,emp_004010,6
team_0610,Engineering Team 611,dept_00,5,emp_004020,5
team_0611,Engineering Team 612,dept_00,5,emp_004025,5
team_0612,Engineering Team 613,dept_00,6,emp_004030,6
team_0613,Engineering Team 614,dept_00,7,emp_004033,7
team_0614,Engineering Team 615,dept_00,6,emp_004039,6
team_0615,Engineering Team 616,dept_00,7,emp_004049,7
team_0616,Engineering Team 617,dept_00,4,emp_004053,4
team_0617,Engineering Team 618,dept_00,5,emp_004058,5
team_0618,Engineering Team 619,dept_00,7,emp_004064,7
team_0619,Engineering Team 620,dept_00,9,emp_004074,9
team_0620,Engineering Team 621,dept_00,4,emp_004077,4
team_0621,Engineering Team 622,dept_00,7,emp_004082,7
team_0622,Engineering Team 623,dept_00,8,emp_004092,8
team_0623,Engineering Team 624,dept_00,7,emp_004100,7
team_0624,Engineering Team 625,dept_00,7,emp_004108,7
team_0625,Engineering Team 626,dept_00,6,emp_004113,6
team_0626,Engineering Team 627,dept_00,7,emp_004119,7
team_0627,Engineering Team 628,dept_00,6,emp_004127,6
team_0628,Engineering Team 629,dept_00,4,emp_004132,4
team_0629,Engineering Team 630,dept_00,9,emp_004138,9
team_0630,Engineering Team 631,dept_00,7,emp_004146,7
team_0631,Engineering Team 632,dept_00,6,emp_004153,6
team_0632,Engineering Team 633,dept_00,9,emp_004156,9
team_0633,Engineering Team 634,dept_00,6,emp_004168,6
team_0634,Engineering Team 635,dept_00,8,emp_004170,8
team_0635,Engineering Team 636,dept_00,3,emp_004179,3
team_0636,Engineering Team 637,dept_00,6,emp_004185,6
team_0637,Engineering Team 638,dept_00,9,emp_004189,9
team_0638,Engineering Team 639,dept_00,10,emp_004198,10
team_0639,Engineering Team 640,dept_00,10,emp_004210,10
team_0640,Engineering Team 641,dept_00,10,emp_004220,10
team_0641,Engineering Team 642,dept_00,10,emp_004232,10
team_0642,Engineering Team 643,dept_00,5,emp_004236,5
team_0643,Engineering Team 644,dept_00,4,emp_004243,4
team_0644,Engineering Team 645,dept_00,2,emp_004246,2
team_0645,Engineering Team 646,dept_00,7,emp_004250,7
team_0646,Engineering Team 647,dept_00,6,emp_004256,6
team_0647,Engineering Team 648,dept_00,10,emp_004264,10
team_0648,Engineering Team 649,dept_00,6,emp_004272,6
team_0649,Engineering Team 650,dept_00,10,emp_004277,10
team_0650,Engineering Team 651,dept_00,4,emp_004286,4
team_0651,Engineering Team 652,dept_00,10,emp_004293,10
team_0652,Engineering Team 653,dept_00,7,emp_004305,7
team_0653,Engineering Team 654,dept_00,9,emp_004308,9
team_0654,Engineering Team 655,dept_00,9,emp_004316,9
team_0655,Engineering Team 656,dept_00,5,emp_004328,5
team_0656,Engineering Team 657,dept_00,9,emp_004336,9
team_0657,Engineering Team 658,dept_00,6,emp_004340,6
team_0658,Engineering Team 659,dept_00,9,emp_004348,9
team_0659,Engineering Team 660,dept_00,8,emp_004358,8
team_0660,Engineering Team 661,dept_00,8,emp_004368,8
team_0661,Engineering Team 662,dept_00,6,emp_004372,6
team_0662,Engineering Team 663,dept_00,6,emp_004378,6
team_0663,Engineering Team 664,dept_00,7,emp_004388,7
team_0664,Engineering Team 665,dept_00,2,emp_004389,2
team_0665,Engineering Team 666,dept_00,9,emp_004393,9
team_0666,Engineering Team 667,dept_00,7,emp_004402,7
team_0667,Engineering Team 668,dept_00,7,emp_004408,7
team_0668,Engineering Team 669,dept_00,5,emp_004415,5
team_0669,Engineering Team 670,dept_00,7,emp_004422,7
team_0670,Engineering Team 671,dept_00,6,emp_004427,6
team_0671,Engineering Team 672,dept_00,10,emp_004433,10
team_0672,Engineering Team 673,dept_00,4,emp_004442,4
team_0673,Engineering Team 674,dept_00,9,emp_004447,9
team_0674,Engineering Team 675,dept_00,5,emp_004456,5
team_0675,Engineering Team 676,dept_00,7,emp_004462,7
team_0676,Engineering Team 677,dept_00,6,emp_004467,6
team_0677,Engineering Team 678,dept_00,5,emp_004474,5
team_0678,Engineering Team 679,dept_00,3,emp_004478,3
team_0679,Engineering Team 680,dept_00,8,emp_004481,8
team_0680,Engineering Team 681,dept_00,3,emp_004491,3
team_0681,Engineering Team 682,dept_00,6,emp_004495,6
team_0682,Engineering Team 683,dept_00,9,emp_004502,9
team_0683,Engineering Team 684,dept_00,9,emp_004515,9
team_0684,Engineering Team 685,dept_00,7,emp_004520,7
team_0685,Engineering Team 686,dept_00,4,emp_004525,4
team_0686,Engineering Team 687,dept_00,6,emp_004527,6
team_0687,Engineering Team 688,dept_00,7,emp_004534,7
team_0688,Engineering Team 689,dept_00,5,emp_004540,5
team_0689,Engineering Team 690,dept_00,9,emp_004549,9
team_0690,Engineering Team 691,dept_00,7,emp_004557,7
team_0691,Engineering Team 692,dept_00,7,emp_004566,7
team_0692,Engineering Team 693,dept_00,7,emp_004573,7
team_0693,Engineering Team 694,dept_00,4,emp_004575,4
team_0694,Engineering Team 695,dept_00,5,emp_004581,5
team_0695,Engineering Team 696,dept_00,5,emp_004586,5
team_0696,Engineering Team 697,dept_00,9,emp_004596,9
team_0697,Engineering Team 698,dept_00,7,emp_004599,7
team_0698,Engineering Team 699,dept_00,8,emp_004607,8
team_0699,Engineering Team 700,dept_00,8,emp_004615,8
team_0700,Engineering Team 701,dept_00,8,emp_004624,8
team_0701,Engineering Team 702,dept_00,10,emp_004631,10
team_0702,Engineering Team 703,dept_00,8,emp_004642,8
team_0703,Engineering Team 704,dept_00,7,emp_004648,7
team_0704,Engineering Team 705,dept_00,7,emp_004658,7
team_0705,Engineering Team 706,dept_00,10,emp_004667,10
team_0706,Engineering Team 707,dept_00,3,emp_004671,3
team_0707,Engineering Team 708,dept_00,9,emp_004677,9
team_0708,Engineering Team 709,dept_00,6,emp_004686,6
team_0709,Engineering Team 710,dept_00,8,emp_004689,8
team_0710,Engineering Team 711,dept_00,6,emp_004697,6
team_0711,Engineering Team 712,dept_00,7,emp_004705,7
team_0712,Engineering Team 713,dept_00,6,emp_004715,6
team_0713,Engineering Team 714,dept_00,2,emp_004716,2
team_0714,Engineering Team 715,dept_00,4,emp_004718,4
team_0715,Engineering Team 716,dept_00,5,emp_004726,5
team_0716,Engineering Team 717,dept_00,4,emp_004727,4
team_0717,Engineering Team 718,dept_00,3,emp_004732,3
team_0718,Engineering Team 719,dept_00,8,emp_004734,8
team_0719,Engineering Team 720,dept_00,5,emp_004745,5
team_0720,Engineering Team 721,dept_00,7,emp_004749,7
team_0721,Engineering Team 722,dept_00,9,emp_004756,9
team_0722,Engineering Team 723,dept_00,4,emp_004766,4
team_0723,Engineering Team 724,dept_00,6,emp_004770,6
team_0724,Engineering Team 725,dept_00,9,emp_004780,9
team_0725,Engineering Team 726,dept_00,6,emp_004782,6
team_0726,Engineering Team 727,dept_00,6,emp_004788,6
team_0727,Engineering Team 728,dept_00,2,emp_004794,2
team_0728,Engineering Team 729,dept_00,9,emp_004803,9
team_0729,Engineering Team 730,dept_00,6,emp_004807,6
team_0730,Engineering Team 731,dept_00,4,emp_004812,4
team_0731,Engineering Team 732,dept_00,8,emp_004819,8
team_0732,Engineering Team 733,dept_00,6,emp_004828,6
team_0733,Engineering Team 734,dept_00,6,emp_004830,6
team_0734,Engineering Team 735,dept_00,5,emp_004838,5
team_0735,Engineering Team 736,dept_00,8,emp_004847,8
team_0736,Engineering Team 737,dept_00,8,emp_004855,8
team_0737,Engineering Team 738,dept_00,6,emp_004861,6
team_0738,Engineering Team 739,dept_00,7,emp_004866,7
team_0739,Engineering Team 740,dept_00,10,emp_004875,10
team_0740,Engineering Team 741,dept_00,7,emp_004882,7
team_0741,Engineering Team 742,dept_00,6,emp_004889,6
team_0742,Engineering Team 743,dept_00,9,emp_004897,9
team_0743,Engineering Team 744,dept_00,5,emp_004903,5
team_0744,Engineering Team 745,dept_00,7,emp_004906,7
team_0745,Engineering Team 746,dept_00,4,emp_004914,4
team_0746,Engineering Team 747,dept_00,5,emp_004917,5
team_0747,Engineering Team 748,dept_00,5,emp_004926,5
team_0748,Engineering Team 749,dept_00,8,emp_004933,8
team_0749,Engineering Team 750,dept_00,9,emp_004938,9
team_0750,Engineering Team 751,dept_00,6,emp_004949,6
team_0751,Engineering Team 752,dept_00,8,emp_004955,8
team_0752,Engineering Team 753,dept_00,6,emp_004963,6
team_0753,Engineering Team 754,dept_00,8,emp_004968,8
team_0754,Engineering Team 755,dept_00,5,emp_004974,5
team_0755,Engineering Team 756,dept_00,7,emp_004981,7
team_0756,Engineering Team 757,dept_00,6,emp_004989,6
team_0757,Engineering Team 758,dept_00,7,emp_004991,7
team_0758,Engineering Team 759,dept_00,12,emp_004998,12
team_0759,Engineering Team 760,dept_00,7,emp_005012,7
team_0760,Engineering Team 761,dept_00,9,emp_005017,9
team_0761,Engineering Team 762,dept_00,9,emp_005027,9
team_0762,Engineering Team 763,dept_00,3,emp_005034,3
team_0763,Engineering Team 764,dept_00,7,emp_005038,7
team_0764,Engineering Team 765,dept_00,9,emp_005046,9
team_0765,Engineering Team 766,dept_00,3,emp_005053,3
team_0766,Engineering Team 767,dept_00,5,emp_005059,5
team_0767,Engineering Team 768,dept_00,13,emp_005068,13
team_0768,Engineering Team 769,dept_00,7,emp_005078,7
team_0769,Engineering Team 770,dept_00,6,emp_005081,6
team_0770,Engineering Team 771,dept_00,7,emp_005087,7
team_0771,Engineering Team 772,dept_00,5,emp_005098,5
team_0772,Engineering Team 773,dept_00,7,emp_005101,7
team_0773,Engineering Team 774,dept_00,7,emp_005110,7
team_0774,Engineering Team 775,dept_00,6,emp_005116,6
team_0775,Engineering Team 776,dept_00,9,emp_005123,9
team_0776,Engineering Team 777,dept_00,10,emp_005134,10
team_0777,Engineering Team 778,dept_00,9,emp_005138,9
team_0778,Engineering Team 779,dept_00,5,emp_005147,5
team_0779,Engineering Team 780,dept_00,6,emp_005153,6
team_0780,Engineering Team 781,dept_00,4,emp_005159,4
team_0781,Engineering Team 782,dept_00,7,emp_005162,7
team_0782,Engineering Team 783,dept_00,6,emp_005169,6
team_0783,Engineering Team 784,dept_00,5,emp_005175,5
team_0784,Engineering Team 785,dept_00,5,emp_005180,5
team_0785,Engineering Team 786,dept_00,7,emp_005186,7
team_0786,Engineering Team 787,dept_00,7,emp_005197,7
team_0787,Engineering Team 788,dept_00,4,emp_005202,4
team_0788,Engineering Team 789,dept_00,10,emp_005206,10
team_0789,Engineering Team 790,dept_00,7,emp_005213,7
team_0790,Engineering Team 791,dept_00,4,emp_005220,4
team_0791,Engineering Team 792,dept_00,8,emp_005226,8
team_0792,Engineering Team 793,dept_00,5,emp_005234,5
team_0793,Engineering Team 794,dept_00,10,emp_005242,10
team_0794,Engineering Team 795,dept_00,9,emp_005250,9
team_0795,Engineering Team 796,dept_00,8,emp_005257,8
team_0796,Engineering Team 797,dept_00,11,emp_005267,11
team_0797,Engineering Team 798,dept_00,5,emp_005279,5
team_0798,Engineering Team 799,dept_00,7,emp_005281,7
team_0799,Engineering Team 800,dept_00,6,emp_005290,6
team_0800,Engineering Team 801,dept_00,5,emp_005297,5
team_0801,Engineering Team 802,dept_00,4,emp_005300,4
team_0802,Engineering Team 803,dept_00,9,emp_005309,9
team_0803,Engineering Team 804,dept_00,6,emp_005311,6
team_0804,Engineering Team 805,dept_00,5,emp_005321,5
team_0805,Engineering Team 806,dept_00,6,emp_005324,6
team_0806,Engineering Team 807,dept_00,13,emp_005335,13
team_0807,Engineering Team 808,dept_00,7,emp_005344,7
team_0808,Engineering Team 809,dept_00,5,emp_005351,5
team_0809,Engineering Team 810,dept_00,6,emp_005353,6
team_0810,Engineering Team 811,dept_00,9,emp_005366,9
team_0811,Engineering Team 812,dept_00,6,emp_005372,6
team_0812,Engineering Team 813,dept_00,6,emp_005374,6
team_0813,Engineering Team 814,dept_00,6,emp_005383,6
team_0814,Engineering Team 815,dept_00,6,emp_005391,6
team_0815,Engineering Team 816,dept_00,6,emp_005395,6
team_0816,Engineering Team 817,dept_00,9,emp_005406,9
team_0817,Engineering Team 818,dept_00,6,emp_005408,6
team_0818,Engineering Team 819,dept_00,6,emp_005415,6
team_0819,Engineering Team 820,dept_00,2,emp_005419,2
team_0820,Engineering Team 821,dept_00,8,emp_005423,8
team_0821,Engineering Team 822,dept_00,9,emp_005432,9
team_0822,Engineering Team 823,dept_00,5,emp_005442,5
team_0823,Engineering Team 824,dept_00,7,emp_005447,7
team_0824,Engineering Team 825,dept_00,4,emp_005451,4
team_0825,Engineering Team 826,dept_00,7,emp_005455,7
team_0826,Engineering Team 827,dept_00,7,emp_005461,7
team_0827,Engineering Team 828,dept_00,2,emp_005468,2
team_0828,Engineering Team 829,dept_00,9,emp_005471,9
team_0829,Engineering Team 830,dept_00,9,emp_005484,9
team_0830,Engineering Team 831,dept_00,6,emp_005488,6
team_0831,Engineering Team 832,dept_00,4,emp_005497,4
team_0832,Engineering Team 833,dept_00,7,emp_005500,7
team_0833,Engineering Team 834,dept_00,6,emp_005509,6
team_0834,Engineering Team 835,dept_00,8,emp_005514,8
team_0835,Engineering Team 836,dept_00,6,emp_005521,6
team_0836,Engineering Team 837,dept_00,6,emp_005528,6
team_0837,Engineering Team 838,dept_00,9,emp_005532,9
team_0838,Engineering Team 839,dept_00,8,emp_005546,8
team_0839,Engineering Team 840,dept_00,7,emp_005551,7
team_0840,Engineering Team 841,dept_00,5,emp_005556,5
team_0841,Engineering Team 842,dept_00,5,emp_005564,5
team_0842,Engineering Team 843,dept_00,5,emp_005567,5
team_0843,Engineering Team 844,dept_00,5,emp_005571,5
team_0844,Engineering Team 845,dept_00,6,emp_005576,6
team_0845,Engineering Team 846,dept_00,9,emp_005581,9
team_0846,Engineering Team 847,dept_00,6,emp_005592,6
team_0847,Engineering Team 848,dept_00,6,emp_005598,6
team_0848,Engineering Team 849,dept_00,2,emp_005602,2
team_0849,Engineering Team 850,dept_00,9,emp_005609,9
team_0850,Engineering Team 851,dept_00,6,emp_005618,6
team_0851,Engineering Team 852,dept_00,8,emp_005624,8
team_0852,Engineering Team 853,dept_00,8,emp_005632,8
team_0853,Engineering Team 854,dept_00,5,emp_005638,5
team_0854,Engineering Team 855,dept_00,8,emp_005641,8
team_0855,Engineering Team 856,dept_00,4,emp_005648,4
team_0856,Engineering Team 857,dept_00,5,emp_005656,5
team_0857,Engineering Team 858,dept_00,10,emp_005658,10
team_0858,Engineering Team 859,dept_00,5,emp_005669,5
team_0859,Engineering Team 860,dept_00,7,emp_005673,7
team_0860,Engineering Team 861,dept_00,7,emp_005684,7
team_0861,Engineering Team 862,dept_00,5,emp_005687,5
team_0862,Engineering Team 863,dept_00,10,emp_005700,10
team_0863,Engineering Team 864,dept_00,6,emp_005702,6
team_0864,Engineering Team 865,dept_00,8,emp_005714,8
team_0865,Engineering Team 866,dept_00,11,emp_005718,11
team_0866,Engineering Team 867,dept_00,4,emp_005726,4
team_0867,Engineering Team 868,dept_00,6,emp_005734,6
team_0868,Engineering Team 869,dept_00,8,emp_005743,8
team_0869,Engineering Team 870,dept_00,6,emp_005744,6
team_0870,Engineering Team 871,dept_00,9,emp_005750,9
team_0871,Engineering Team 872,dept_00,8,emp_005764,8
team_0872,Engineering Team 873,dept_00,7,emp_005767,7
team_0873,Engineering Team 874,dept_00,8,emp_005775,8
team_0874,Engineering Team 875,dept_00,5,emp_005783,5
team_0875,Engineering Team 876,dept_00,3,emp_005787,3
team_0876,Engineering Team 877,dept_00,3,emp_005790,3
team_0877,Engineering Team 878,dept_00,7,emp_005797,7
team_0878,Engineering Team 879,dept_00,5,emp_005802,5
team_0879,Engineering Team 880,dept_00,9,emp_005806,9
team_0880,Engineering Team 881,dept_00,4,emp_005815,4
team_0881,Engineering Team 882,dept_00,3,emp_005818,3
team_0882,Engineering Team 883,dept_00,2,emp_005821,2
team_0883,Engineering Team 884,dept_00,9,emp_005826,9
team_0884,Engineering Team 885,dept_00,7,emp_005834,7
team_0885,Engineering Team 886,dept_00,8,emp_005841,8
team_0886,Engineering Team 887,dept_00,4,emp_005847,4
team_0887,Engineering Team 888,dept_00,10,emp_005854,10
team_0888,Engineering Team 889,dept_00,3,emp_005862,3
team_0889,Engineering Team 890,dept_00,6,emp_005868,6
team_0890,Engineering Team 891,dept_00,6,emp_005874,6
team_0891,Engineering Team 892,dept_00,9,emp_005882,9
team_0892,Engineering Team 893,dept_00,4,emp_005886,4
team_0893,Engineering Team 894,dept_00,6,emp_005889,6
team_0894,Engineering Team 895,dept_00,6,emp_005896,6
team_0895,Engineering Team 896,dept_00,6,emp_005902,6
team_0896,Engineering Team 897,dept_00,7,emp_005909,7
team_0897,Engineering Team 898,dept_00,8,emp_005916,8
team_0898,Engineering Team 899,dept_00,8,emp_005923,8
team_0899,Engineering Team 900,dept_00,6,emp_005935,6
team_0900,Engineering Team 901,dept_00,6,emp_005939,6
team_0901,Engineering Team 902,dept_00,7,emp_005945,7
team_0902,Engineering Team 903,dept_00,7,emp_005955,7
team_0903,Engineering Team 904,dept_00,6,emp_005956,6
team_0904,Engineering Team 905,dept_00,8,emp_005962,8
team_0905,Engineering Team 906,dept_00,7,emp_005971,7
team_0906,Engineering Team 907,dept_00,8,emp_005980,8
team_0907,Engineering Team 908,dept_00,5,emp_005989,5
team_0908,Engineering Team 909,dept_00,7,emp_005996,7
team_0909,Engineering Team 910,dept_00,5,emp_006001,5
team_0910,Engineering Team 911,dept_00,3,emp_006003,3
team_0911,Engineering Team 912,dept_00,5,emp_006006,5
team_0912,Engineering Team 913,dept_00,7,emp_006013,7
team_0913,Engineering Team 914,dept_00,6,emp_006020,6
team_0914,Engineering Team 915,dept_00,5,emp_006024,5
team_0915,Engineering Team 916,dept_00,8,emp_006032,8
team_0916,Engineering Team 917,dept_00,9,emp_006037,9
team_0917,Engineering Team 918,dept_00,8,emp_006047,8
team_0918,Engineering Team 919,dept_00,8,emp_006055,8
team_0919,Engineering Team 920,dept_00,4,emp_006063,4
team_0920,Engineering Team 921,dept_00,8,emp_006066,8
team_0921,Engineering Team 922,dept_00,10,emp_006079,10
team_0922,Engineering Team 923,dept_00,9,emp_006084,9
team_0923,Engineering Team 924,dept_00,7,emp_006092,7
team_0924,Engineering Team 925,dept_00,9,emp_006106,9
team_0925,Engineering Team 926,dept_00,6,emp_006113,6
team_0926,Engineering Team 927,dept_00,6,emp_006117,6
team_0927,Engineering Team 928,dept_00,8,emp_006125,8
team_0928,Engineering Team 929,dept_00,7,emp_006133,7
team_0929,Engineering Team 930,dept_00,5,emp_006138,5
team_0930,Engineering Team 931,dept_00,6,emp_006144,6
team_0931,Engineering Team 932,dept_00,9,emp_006148,9
team_0932,Engineering Team 933,dept_00,6,emp_006158,6
team_0933,Engineering Team 934,dept_00,7,emp_006166,7
team_0934,Engineering Team 935,dept_00,7,emp_006173,7
team_0935,Engineering Team 936,dept_00,9,emp_006176,9
team_0936,Engineering Team 937,dept_00,6,emp_006184,6
team_0937,Engineering Team 938,dept_00,7,emp_006193,7
team_0938,Engineering Team 939,dept_00,9,emp_006197,9
team_0939,Engineering Team 940,dept_00,6,emp_006207,6
team_0940,Engineering Team 941,dept_00,5,emp_006214,5
team_0941,Engineering Team 942,dept_00,4,emp_006220,4
team_0942,Engineering Team 943,dept_00,8,emp_006227,8
team_0943,Engineering Team 944,dept_00,6,emp_006232,6
team_0944,Engineering Team 945,dept_00,5,emp_006235,5
team_0945,Engineering Team 946,dept_00,3,emp_006241,3
team_0946,Engineering Team 947,dept_00,6,emp_006245,6
team_0947,Engineering Team 948,dept_00,5,emp_006249,5
team_0948,Engineering Team 949,dept_00,6,emp_006256,6
team_0949,Engineering Team 950,dept_00,6,emp_006261,6
team_0950,Engineering Team 951,dept_00,7,emp_006271,7
team_0951,Engineering Team 952,dept_00,10,emp_006274,10
team_0952,Engineering Team 953,dept_00,4,emp_006283,4
team_0953,Engineering Team 954,dept_00,6,emp_006292,6
team_0954,Engineering Team 955,dept_00,5,emp_006297,5
team_0955,Engineering Team 956,dept_00,6,emp_006303,6
team_0956,Engineering Team 957,dept_00,7,emp_006310,7
team_0957,Engineering Team 958,dept_00,8,emp_006314,8
team_0958,Engineering Team 959,dept_00,7,emp_006319,7
team_0959,Engineering Team 960,dept_00,7,emp_006329,7
team_0960,Engineering Team 961,dept_00,8,emp_006339,8
team_0961,Engineering Team 962,dept_00,7,emp_006347,7
team_0962,Engineering Team 963,dept_00,6,emp_006348,6
team_0963,Engineering Team 964,dept_00,7,emp_006354,7
team_0964,Engineering Team 965,dept_00,7,emp_006361,7
team_0965,Engineering Team 966,dept_00,4,emp_006368,4
team_0966,Engineering Team 967,dept_00,8,emp_006373,8
team_0967,Engineering Team 968,dept_00,7,emp_006384,7
team_0968,Engineering Team 969,dept_00,8,emp_006387,8
team_0969,Engineering Team 970,dept_00,7,emp_006398,7
team_0970,Engineering Team 971,dept_00,4,emp_006402,4
team_0971,Engineering Team 972,dept_00,5,emp_006407,5
team_0972,Engineering Team 973,dept_00,7,emp_006411,7
team_0973,Engineering Team 974,dept_00,4,emp_006419,4
team_0974,Engineering Team 975,dept_00,9,emp_006422,9
team_0975,Engineering Team 976,dept_00,4,emp_006433,4
team_0976,Engineering Team 977,dept_00,10,emp_006444,10
team_0977,Engineering Team 978,dept_00,7,emp_006451,7
team_0978,Engineering Team 979,dept_00,8,emp_006452,8
team_0979,Engineering Team 980,dept_00,4,emp_006461,4
team_0980,Engineering Team 981,dept_00,6,emp_006466,6
team_0981,Engineering Team 982,dept_00,6,emp_006474,6
team_0982,Engineering Team 983,dept_00,9,emp_006480,9
team_0983,Engineering Team 984,dept_00,11,emp_006487,11
team_0984,Engineering Team 985,dept_00,10,emp_006500,10
team_0985,Engineering Team 986,dept_00,2,emp_006506,2
team_0986,Engineering Team 987,dept_00,7,emp_006510,7
team_0987,Engineering Team 988,dept_00,4,emp_006516,4
team_0988,Engineering Team 989,dept_00,7,emp_006523,7
team_0989,Engineering Team 990,dept_00,6,emp_006530,6
team_0990,Engineering Team 991,dept_00,4,emp_006533,4
team_0991,Engineering Team 992,dept_00,5,emp_006539,5
team_0992,Engineering Team 993,dept_00,8,emp_006541,8
team_0993,Engineering Team 994,dept_00,7,emp_006553,7
team_0994,Engineering Team 995,dept_00,6,emp_006557,6
team_0995,Engineering Team 996,dept_00,7,emp_006562,7
team_0996,Engineering Team 997,dept_00,5,emp_006571,5
team_0997,Engineering Team 998,dept_00,8,emp_006577,8
team_0998,Engineering Team 999,dept_00,6,emp_006582,6
team_0999,Engineering Team 1000,dept_00,9,emp_006595,9
team_1000,Engineering Team 1001,dept_00,3,emp_006598,3
team_1001,Engineering Team 1002,dept_00,7,emp_006600,7
team_1002,Engineering Team 1003,dept_00,6,emp_006609,6
team_1003,Engineering Team 1004,dept_00,4,emp_006616,4
team_1004,Engineering Team 1005,dept_00,5,emp_006617,5
team_1005,Engineering Team 1006,dept_00,7,emp_006625,7
team_1006,Engineering Team 1007,dept_00,8,emp_006629,8
team_1007,Engineering Team 1008,dept_00,6,emp_006642,6
team_1008,Engineering Team 1009,dept_00,6,emp_006647,6
team_1009,Engineering Team 1010,dept_00,6,emp_006649,6
team_1010,Engineering Team 1011,dept_00,6,emp_006656,6
team_1011,Engineering Team 1012,dept_00,11,emp_006667,11
team_1012,Engineering Team 1013,dept_00,8,emp_006674,8
team_1013,Engineering Team 1014,dept_00,10,emp_006682,10
team_1014,Engineering Team 1015,dept_00,6,emp_006693,6
team_1015,Engineering Team 1016,dept_00,8,emp_006699,8
team_1016,Engineering Team 1017,dept_00,7,emp_006709,7
team_1017,Engineering Team 1018,dept_00,9,emp_006717,9
team_1018,Engineering Team 1019,dept_00,7,emp_006724,7
team_1019,Engineering Team 1020,dept_00,10,emp_006731,10
team_1020,Engineering Team 1021,dept_00,7,emp_006737,7
team_1021,Engineering Team 1022,dept_00,6,emp_006747,6
team_1022,Engineering Team 1023,dept_00,5,emp_006752,5
team_1023,Engineering Team 1024,dept_00,6,emp_006758,6
team_1024,Engineering Team 1025,dept_00,8,emp_006768,8
team_1025,Engineering Team 1026,dept_00,6,emp_006771,6
team_1026,Engineering Team 1027,dept_00,7,emp_006780,7
team_1027,Engineering Team 1028,dept_00,8,emp_006787,8
team_1028,Engineering Team 1029,dept_00,9,emp_006791,9
team_1029,Engineering Team 1030,dept_00,5,emp_006800,5
team_1030,Engineering Team 1031,dept_00,6,emp_006804,6
team_1031,Engineering Team 1032,dept_00,4,emp_006813,4
team_1032,Engineering Team 1033,dept_00,7,emp_006814,7
team_1033,Engineering Team 1034,dept_00,7,emp_006821,7
team_1034,Engineering Team 1035,dept_00,7,emp_006830,7
team_1035,Engineering Team 1036,dept_00,4,emp_006836,4
team_1036,Engineering Team 1037,dept_00,6,emp_006843,6
team_1037,Engineering Team 1038,dept_00,3,emp_006845,3
team_1038,Engineering Team 1039,dept_00,8,emp_006848,8
team_1039,Engineering Team 1040,dept_00,6,emp_006859,6
team_1040,Engineering Team 1041,dept_00,5,emp_006862,5
team_1041,Engineering Team 1042,dept_00,7,emp_006869,7
team_1042,Engineering Team 1043,dept_00,8,emp_006878,8
team_1043,Engineering Team 1044,dept_00,6,emp_006884,6
team_1044,Engineering Team 1045,dept_00,7,emp_006888,7
team_1045,Engineering Team 1046,dept_00,7,emp_006900,7
team_1046,Engineering Team 1047,dept_00,6,emp_006907,6
team_1047,Engineering Team 1048,dept_00,5,emp_006908,5
team_1048,Engineering Team 1049,dept_00,5,emp_006916,5
team_1049,Engineering Team 1050,dept_00,8,emp_006919,8
team_1050,Engineering Team 1051,dept_00,7,emp_006926,7
team_1051,Engineering Team 1052,dept_00,4,emp_006936,4
team_1052,Engineering Team 1053,dept_00,6,emp_006937,6
team_1053,Engineering Team 1054,dept_00,8,emp_006947,8
team_1054,Engineering Team 1055,dept_00,7,emp_006954,7
team_1055,Engineering Team 1056,dept_00,5,emp_006959,5
team_1056,Engineering Team 1057,dept_00,4,emp_006963,4
team_1057,Engineering Team 1058,dept_00,7,emp_006971,7
team_1058,Engineering Team 1059,dept_00,10,emp_006975,10
team_1059,Engineering Team 1060,dept_00,6,emp_006985,6
team_1060,Engineering Team 1061,dept_00,5,emp_006990,5
team_1061,Engineering Team 1062,dept_00,5,emp_006995,5
team_1062,Engineering Team 1063,dept_00,8,emp_007001,8
team_1063,Engineering Team 1064,dept_00,3,emp_007010,3
team_1064,Engineering Team 1065,dept_00,5,emp_007011,5
team_1065,Engineering Team 1066,dept_00,6,emp_007019,6
team_1066,Engineering Team 1067,dept_00,5,emp_007023,5
team_1067,Engineering Team 1068,dept_00,10,emp_007029,10
team_1068,Engineering Team 1069,dept_00,7,emp_007038,7
team_1069,Engineering Team 1070,dept_00,7,emp_007044,7
team_1070,Engineering Team 1071,dept_00,8,emp_007053,8
team_1071,Engineering Team 1072,dept_00,6,emp_007063,6
team_1072,Engineering Team 1073,dept_00,3,emp_007066,3
team_1073,Engineering Team 1074,dept_00,7,emp_007073,7
team_1074,Engineering Team 1075,dept_00,5,emp_007079,5
team_1075,Engineering Team 1076,dept_00,5,emp_007081,5
team_1076,Engineering Team 1077,dept_00,9,emp_007087,9
team_1077,Engineering Team 1078,dept_00,5,emp_007096,5
team_1078,Engineering Team 1079,dept_00,6,emp_007099,6
team_1079,Engineering Team 1080,dept_00,6,emp_007109,6
team_1080,Engineering Team 1081,dept_00,7,emp_007111,7
team_1081,Engineering Team 1082,dept_00,10,emp_007122,10
team_1082,Engineering Team 1083,dept_00,5,emp_007128,5
team_1083,Engineering Team 1084,dept_00,6,emp_007136,6
team_1084,Engineering Team 1085,dept_00,9,emp_007140,9
team_1085,Engineering Team 1086,dept_00,7,emp_007153,7
team_1086,Engineering Team 1087,dept_00,5,emp_007158,5
team_1087,Engineering Team 1088,dept_00,6,emp_007165,6
team_1088,Engineering Team 1089,dept_00,9,emp_007166,9
team_1089,Engineering Team 1090,dept_00,4,emp_007176,4
team_1090,Engineering Team 1091,dept_00,10,emp_007179,10
team_1091,Engineering Team 1092,dept_00,10,emp_007193,10
team_1092,Engineering Team 1093,dept_00,7,emp_007204,7
team_1093,Engineering Team 1094,dept_00,7,emp_007211,7
team_1094,Engineering Team 1095,dept_00,7,emp_007215,7
team_1095,Engineering Team 1096,dept_00,6,emp_007225,6
team_1096,Engineering Team 1097,dept_00,7,emp_007228,7
team_1097,Engineering Team 1098,dept_00,2,emp_007233,2
team_1098,Engineering Team 1099,dept_00,3,emp_007236,3
team_1099,Engineering Team 1100,dept_00,5,emp_007240,5
team_1100,Engineering Team 1101,dept_00,5,emp_007244,5
team_1101,Engineering Team 1102,dept_00,7,emp_007250,7
team_1102,Engineering Team 1103,dept_00,7,emp_007257,7
team_1103,Engineering Team 1104,dept_00,8,emp_007267,8
team_1104,Engineering Team 1105,dept_00,6,emp_007272,6
team_1105,Product Team 1106,dept_01,6,emp_007281,6
team_1106,Product Team 1107,dept_01,7,emp_007283,7
team_1107,Product Team 1108,dept_01,5,emp_007289,5
team_1108,Product Team 1109,dept_01,5,emp_007294,5
team_1109,Product Team 1110,dept_01,5,emp_007302,5
team_1110,Product Team 1111,dept_01,4,emp_007306,4
team_1111,Product Team 1112,dept_01,5,emp_007308,5
team_1112,Product Team 1113,dept_01,6,emp_007315,6
team_1113,Product Team 1114,dept_01,4,emp_007321,4
team_1114,Product Team 1115,dept_01,5,emp_007326,5
team_1115,Product Team 1116,dept_01,5,emp_007331,5
team_1116,Product Team 1117,dept_01,9,emp_007340,9
team_1117,Product Team 1118,dept_01,9,emp_007346,9
team_1118,Product Team 1119,dept_01,5,emp_007355,5
team_1119,Product Team 1120,dept_01,8,emp_007356,8
team_1120,Product Team 1121,dept_01,6,emp_007369,6
team_1121,Product Team 1122,dept_01,4,emp_007370,4
team_1122,Product Team 1123,dept_01,6,emp_007374,6
team_1123,Product Team 1124,dept_01,5,emp_007383,5
team_1124,Product Team 1125,dept_01,5,emp_007386,5
team_1125,Product Team 1126,dept_01,4,emp_007391,4
team_1126,Product Team 1127,dept_01,7,emp_007399,7
team_1127,Product Team 1128,dept_01,3,emp_007403,3
team_1128,Product Team 1129,dept_01,5,emp_007405,5
team_1129,Product Team 1130,dept_01,7,emp_007413,7
team_1130,Product Team 1131,dept_01,10,emp_007423,10
team_1131,Product Team 1132,dept_01,6,emp_007427,6
team_1132,Product Team 1133,dept_01,6,emp_007432,6
team_1133,Product Team 1134,dept_01,8,emp_007445,8
team_1134,Product Team 1135,dept_01,6,emp_007448,6
team_1135,Product Team 1136,dept_01,9,emp_007458,9
team_1136,Product Team 1137,dept_01,2,emp_007461,2
team_1137,Product Team 1138,dept_01,7,emp_007466,7
team_1138,Product Team 1139,dept_01,5,emp_007474,5
team_1139,Product Team 1140,dept_01,6,emp_007478,6
team_1140,Product Team 1141,dept_01,9,emp_007486,9
team_1141,Product Team 1142,dept_01,6,emp_007492,6
team_1142,Product Team 1143,dept_01,5,emp_007497,5
team_1143,Product Team 1144,dept_01,6,emp_007506,6
team_1144,Product Team 1145,dept_01,5,emp_007511,5
team_1145,Product Team 1146,dept_01,6,emp_007515,6
team_1146,Product Team 1147,dept_01,5,emp_007520,5
team_1147,Product Team 1148,dept_01,5,emp_007523,5
team_1148,Product Team 1149,dept_01,4,emp_007530,4
team_1149,Product Team 1150,dept_01,7,emp_007532,7
team_1150,Product Team 1151,dept_01,6,emp_007540,6
team_1151,Product Team 1152,dept_01,4,emp_007546,4
team_1152,Product Team 1153,dept_01,4,emp_007550,4
team_1153,Product Team 1154,dept_01,6,emp_007555,6
team_1154,Product Team 1155,dept_01,4,emp_007559,4
team_1155,Product Team 1156,dept_01,6,emp_007563,6
team_1156,Product Team 1157,dept_01,8,emp_007576,8
team_1157,Product Team 1158,dept_01,12,emp_007577,12
team_1158,Product Team 1159,dept_01,7,emp_007591,7
team_1159,Product Team 1160,dept_01,9,emp_007603,9
team_1160,Product Team 1161,dept_01,3,emp_007607,3
team_1161,Product Team 1162,dept_01,5,emp_007611,5
team_1162,Product Team 1163,dept_01,6,emp_007614,6
team_1163,Product Team 1164,dept_01,7,emp_007619,7
team_1164,Product Team 1165,dept_01,3,emp_007627,3
team_1165,Product Team 1166,dept_01,8,emp_007631,8
team_1166,Product Team 1167,dept_01,7,emp_007639,7
team_1167,Product Team 1168,dept_01,7,emp_007647,7
team_1168,Product Team 1169,dept_01,7,emp_007656,7
team_1169,Product Team 1170,dept_01,5,emp_007659,5
team_1170,Product Team 1171,dept_01,8,emp_007665,8
team_1171,Product Team 1172,dept_01,6,emp_007672,6
team_1172,Product Team 1173,dept_01,5,emp_007679,5
team_1173,Product Team 1174,dept_01,7,emp_007687,7
team_1174,Product Team 1175,dept_01,4,emp_007690,4
team_1175,Product Team 1176,dept_01,5,emp_007697,5
team_1176,Product Team 1177,dept_01,5,emp_007699,5
team_1177,Product Team 1178,dept_01,7,emp_007706,7
team_1178,Product Team 1179,dept_01,5,emp_007713,5
team_1179,Product Team 1180,dept_01,7,emp_007715,7
team_1180,Product Team 1181,dept_01,4,emp_007724,4
team_1181,Product Team 1182,dept_01,4,emp_007728,4
team_1182,Product Team 1183,dept_01,7,emp_007730,7
team_1183,Product Team 1184,dept_01,6,emp_007737,6
team_1184,Product Team 1185,dept_01,5,emp_007746,5
team_1185,Product Team 1186,dept_01,7,emp_007753,7
team_1186,Product Team 1187,dept_01,7,emp_007760,7
team_1187,Product Team 1188,dept_01,8,emp_007768,8
team_1188,Product Team 1189,dept_01,7,emp_007771,7
team_1189,Product Team 1190,dept_01,5,emp_007778,5
team_1190,Product Team 1191,dept_01,6,emp_007782,6
team_1191,Product Team 1192,dept_01,8,emp_007793,8
team_1192,Product Team 1193,dept_01,7,emp_007798,7
team_1193,Product Team 1194,dept_01,5,emp_007804,5
team_1194,Product Team 1195,dept_01,8,emp_007813,8
team_1195,Product Team 1196,dept_01,5,emp_007817,5
team_1196,Product Team 1197,dept_01,6,emp_007825,6
team_1197,Product Team 1198,dept_01,3,emp_007829,3
team_1198,Product Team 1199,dept_01,6,emp_007830,6
team_1199,Product Team 1200,dept_01,7,emp_007842,7
team_1200,Product Team 1201,dept_01,6,emp_007843,6
team_1201,Product Team 1202,dept_01,6,emp_007849,6
team_1202,Product Team 1203,dept_01,5,emp_007859,5
team_1203,Product Team 1204,dept_01,7,emp_007860,7
team_1204,Product Team 1205,dept_01,5,emp_007868,5
team_1205,Product Team 1206,dept_01,7,emp_007877,7
team_1206,Product Team 1207,dept_01,7,emp_007883,7
team_1207,Product Team 1208,dept_01,6,emp_007886,6
team_1208,Product Team 1209,dept_01,7,emp_007894,7
team_1209,Product Team 1210,dept_01,7,emp_007903,7
team_1210,Product Team 1211,dept_01,6,emp_007910,6
team_1211,Product Team 1212,dept_01,4,emp_007912,4
team_1212,Product Team 1213,dept_01,9,emp_007920,9
team_1213,Product Team 1214,dept_01,11,emp_007935,11
team_1214,Product Team 1215,dept_01,7,emp_007936,7
team_1215,Product Team 1216,dept_01,5,emp_007943,5
team_1216,Product Team 1217,dept_01,7,emp_007948,7
team_1217,Product Team 1218,dept_01,4,emp_007957,4
team_1218,Product Team 1219,dept_01,8,emp_007961,8
team_1219,Product Team 1220,dept_01,10,emp_007972,10
team_1220,Product Team 1221,dept_01,7,emp_007977,7
team_1221,Product Team 1222,dept_01,8,emp_007984,8
team_1222,Product Team 1223,dept_01,3,emp_007993,3
team_1223,Product Team 1224,dept_01,6,emp_008000,6
team_1224,Product Team 1225,dept_01,4,emp_008004,4
team_1225,Product Team 1226,dept_01,10,emp_008014,10
team_1226,Product Team 1227,dept_01,6,emp_008018,6
team_1227,Product Team 1228,dept_01,6,emp_008022,6
team_1228,Product Team 1229,dept_01,8,emp_008027,8
team_1229,Product Team 1230,dept_01,9,emp_008039,9
team_1230,Product Team 1231,dept_01,8,emp_008048,8
team_1231,Product Team 1232,dept_01,5,emp_008053,5
team_1232,Product Team 1233,dept_01,7,emp_008057,7
team_1233,Product Team 1234,dept_01,8,emp_008064,8
team_1234,Product Team 1235,dept_01,6,emp_008073,6
team_1235,Product Team 1236,dept_01,8,emp_008083,8
team_1236,Product Team 1237,dept_01,5,emp_008090,5
team_1237,Product Team 1238,dept_01,8,emp_008093,8
team_1238,Product Team 1239,dept_01,9,emp_008101,9
team_1239,Product Team 1240,dept_01,7,emp_008109,7
team_1240,Product Team 1241,dept_01,5,emp_008118,5
team_1241,Product Team 1242,dept_01,8,emp_008121,8
team_1242,Product Team 1243,dept_01,8,emp_008130,8
team_1243,Product Team 1244,dept_01,8,emp_008142,8
team_1244,Product Team 1245,dept_01,5,emp_008147,5
team_1245,Product Team 1246,dept_01,7,emp_008150,7
team_1246,Product Team 1247,dept_01,7,emp_008161,7
team_1247,Product Team 1248,dept_01,13,emp_008173,13
team_1248,Product Team 1249,dept_01,8,emp_008178,8
team_1249,Product Team 1250,dept_01,6,emp_008187,6
team_1250,Product Team 1251,dept_01,9,emp_008192,9
team_1251,Product Team 1252,dept_01,6,emp_008199,6
team_1252,Product Team 1253,dept_01,7,emp_008205,7
team_1253,Product Team 1254,dept_01,10,emp_008215,10
team_1254,Product Team 1255,dept_01,9,emp_008226,9
team_1255,Product Team 1256,dept_01,7,emp_008235,7
team_1256,Product Team 1257,dept_01,5,emp_008238,5
team_1257,Product Team 1258,dept_01,2,emp_008244,2
team_1258,Product Team 1259,dept_01,7,emp_008245,7
team_1259,Product Team 1260,dept_01,5,emp_008252,5
team_1260,Product Team 1261,dept_01,9,emp_008260,9
team_1261,Product Team 1262,dept_01,9,emp_008274,9
team_1262,Product Team 1263,dept_01,4,emp_008276,4
team_1263,Product Team 1264,dept_01,4,emp_008282,4
team_1264,Product Team 1265,dept_01,6,emp_008285,6
team_1265,Product Team 1266,dept_01,7,emp_008293,7
team_1266,Product Team 1267,dept_01,9,emp_008300,9
team_1267,Product Team 1268,dept_01,4,emp_008306,4
team_1268,Product Team 1269,dept_01,3,emp_008311,3
team_1269,Product Team 1270,dept_01,6,emp_008313,6
team_1270,Product Team 1271,dept_01,6,emp_008320,6
team_1271,Product Team 1272,dept_01,6,emp_008325,6
team_1272,Product Team 1273,dept_01,9,emp_008330,9
team_1273,Product Team 1274,dept_01,6,emp_008342,6
team_1274,Product Team 1275,dept_01,9,emp_008349,9
team_1275,Product Team 1276,dept_01,6,emp_008356,6
team_1276,Product Team 1277,dept_01,7,emp_008363,7
team_1277,Product Team 1278,dept_01,8,emp_008367,8
team_1278,Product Team 1279,dept_01,6,emp_008379,6
team_1279,Product Team 1280,dept_01,3,emp_008383,3
team_1280,Product Team 1281,dept_01,5,emp_008387,5
team_1281,Product Team 1282,dept_01,6,emp_008389,6
team_1282,Product Team 1283,dept_01,4,emp_008398,4
team_1283,Product Team 1284,dept_01,4,emp_008399,4
team_1284,Product Team 1285,dept_01,5,emp_008407,5
team_1285,Product Team 1286,dept_01,5,emp_008408,5
team_1286,Product Team 1287,dept_01,8,emp_008419,8
team_1287,Product Team 1288,dept_01,8,emp_008421,8
team_1288,Product Team 1289,dept_01,2,emp_008429,2
team_1289,Product Team 1290,dept_01,8,emp_008431,8
team_1290,Product Team 1291,dept_01,5,emp_008440,5
team_1291,Product Team 1292,dept_01,6,emp_008448,6
team_1292,Product Team 1293,dept_01,9,emp_008451,9
team_1293,Product Team 1294,dept_01,7,emp_008465,7
team_1294,Product Team 1295,dept_01,6,emp_008467,6
team_1295,Product Team 1296,dept_01,5,emp_008474,5
team_1296,Product Team 1297,dept_01,7,emp_008482,7
team_1297,Product Team 1298,dept_01,8,emp_008491,8
team_1298,Product Team 1299,dept_01,8,emp_008494,8
team_1299,Product Team 1300,dept_01,6,emp_008501,6
team_1300,Product Team 1301,dept_01,10,emp_008511,10
team_1301,Product Team 1302,dept_01,6,emp_008517,6
team_1302,Product Team 1303,dept_01,10,emp_008523,10
team_1303,Product Team 1304,dept_01,7,emp_008534,7
team_1304,Product Team 1305,dept_01,10,emp_008539,10
team_1305,Product Team 1306,dept_01,10,emp_008553,10
team_1306,Product Team 1307,dept_01,5,emp_008561,5
team_1307,Product Team 1308,dept_01,6,emp_008568,6
team_1308,Product Team 1309,dept_01,6,emp_008572,6
team_1309,Product Team 1310,dept_01,8,emp_008582,8
team_1310,Product Team 1311,dept_01,5,emp_008586,5
team_1311,Product Team 1312,dept_01,4,emp_008591,4
team_1312,Product Team 1313,dept_01,13,emp_008598,13
team_1313,Product Team 1314,dept_01,8,emp_008611,8
team_1314,Product Team 1315,dept_01,9,emp_008616,9
team_1315,Product Team 1316,dept_01,7,emp_008625,7
team_1316,Product Team 1317,dept_01,7,emp_008631,7
team_1317,Product Team 1318,dept_01,8,emp_008637,8
team_1318,Product Team 1319,dept_01,7,emp_008647,7
team_1319,Product Team 1320,dept_01,6,emp_008652,6
team_1320,Product Team 1321,dept_01,6,emp_008660,6
team_1321,Product Team 1322,dept_01,10,emp_008673,10
team_1322,Product Team 1323,dept_01,5,emp_008674,5
team_1323,Product Team 1324,dept_01,8,emp_008685,8
team_1324,Product Team 1325,dept_01,7,emp_008691,7
team_1325,Product Team 1326,dept_01,6,emp_008694,6
team_1326,Product Team 1327,dept_01,8,emp_008707,8
team_1327,Product Team 1328,dept_01,6,emp_008709,6
team_1328,Product Team 1329,dept_01,3,emp_008715,3
team_1329,Product Team 1330,dept_01,8,emp_008722,8
team_1330,Product Team 1331,dept_01,7,emp_008727,7
team_1331,Product Team 1332,dept_01,7,emp_008736,7
team_1332,Product Team 1333,dept_01,9,emp_008743,9
team_1333,Product Team 1334,dept_01,6,emp_008749,6
team_1334,Product Team 1335,dept_01,9,emp_008762,9
team_1335,Product Team 1336,dept_01,6,emp_008766,6
team_1336,Product Team 1337,dept_01,11,emp_008775,11
team_1337,Product Team 1338,dept_01,4,emp_008781,4
team_1338,Product Team 1339,dept_01,7,emp_008784,7
team_1339,Product Team 1340,dept_01,6,emp_008796,6
team_1340,Product Team 1341,dept_01,4,emp_008797,4
team_1341,Product Team 1342,dept_01,5,emp_008803,5
team_1342,Product Team 1343,dept_01,6,emp_008810,6
team_1343,Product Team 1344,dept_01,3,emp_008813,3
team_1344,Product Team 1345,dept_01,6,emp_008819,6
team_1345,Product Team 1346,dept_01,8,emp_008828,8
team_1346,Product Team 1347,dept_01,4,emp_008829,4
team_1347,Product Team 1348,dept_01,5,emp_008834,5
team_1348,Product Team 1349,dept_01,3,emp_008839,3
team_1349,Product Team 1350,dept_01,5,emp_008845,5
team_1350,Product Team 1351,dept_01,6,emp_008847,6
team_1351,Product Team 1352,dept_01,5,emp_008856,5
team_1352,Product Team 1353,dept_01,5,emp_008861,5
team_1353,Product Team 1354,dept_01,7,emp_008867,7
team_1354,Product Team 1355,dept_01,7,emp_008871,7
team_1355,Product Team 1356,dept_01,4,emp_008878,4
team_1356,Product Team 1357,dept_01,5,emp_008883,5
team_1357,Product Team 1358,dept_01,5,emp_008885,5
team_1358,Product Team 1359,dept_01,3,emp_008890,3
team_1359,Product Team 1360,dept_01,6,emp_008893,6
team_1360,Product Team 1361,dept_01,7,emp_008904,7
team_1361,Product Team 1362,dept_01,7,emp_008912,7
team_1362,Product Team 1363,dept_01,5,emp_008916,5
team_1363,Product Team 1364,dept_01,8,emp_008919,8
team_1364,Product Team 1365,dept_01,8,emp_008930,8
team_1365,Product Team 1366,dept_01,5,emp_008935,5
team_1366,Product Team 1367,dept_01,6,emp_008939,6
team_1367,Product Team 1368,dept_01,8,emp_008950,8
team_1368,Product Team 1369,dept_01,5,emp_008955,5
team_1369,Product Team 1370,dept_01,9,emp_008961,9
team_1370,Product Team 1371,dept_01,9,emp_008969,9
team_1371,Product Team 1372,dept_01,6,emp_008976,6
team_1372,Product Team 1373,dept_01,6,emp_008987,6
team_1373,Product Team 1374,dept_01,6,emp_008988,6
team_1374,Product Team 1375,dept_01,9,emp_008995,9
team_1375,Product Team 1376,dept_01,8,emp_009005,8
team_1376,Product Team 1377,dept_01,4,emp_009013,4
team_1377,Product Team 1378,dept_01,4,emp_009018,4
team_1378,Product Team 1379,dept_01,5,emp_009022,5
team_1379,Product Team 1380,dept_01,6,emp_009027,6
team_1380,Product Team 1381,dept_01,4,emp_009033,4
team_1381,Product Team 1382,dept_01,8,emp_009035,8
team_1382,Product Team 1383,dept_01,7,emp_009046,7
team_1383,Product Team 1384,dept_01,8,emp_009052,8
team_1384,Product Team 1385,dept_01,8,emp_009060,8
team_1385,Product Team 1386,dept_01,5,emp_009068,5
team_1386,Product Team 1387,dept_01,10,emp_009070,10
team_1387,Product Team 1388,dept_01,10,emp_009082,10
team_1388,Product Team 1389,dept_01,6,emp_009091,6
team_1389,Product Team 1390,dept_01,5,emp_009098,5
team_1390,Product Team 1391,dept_01,5,emp_009103,5
team_1391,Product Team 1392,dept_01,7,emp_009106,7
team_1392,Product Team 1393,dept_01,5,emp_009116,5
team_1393,Product Team 1394,dept_01,7,emp_009120,7
team_1394,Product Team 1395,dept_01,10,emp_009126,10
team_1395,Product Team 1396,dept_01,6,emp_009137,6
team_1396,Product Team 1397,dept_01,6,emp_009143,6
team_1397,Product Team 1398,dept_01,7,emp_009148,7
team_1398,Product Team 1399,dept_01,7,emp_009155,7
team_1399,Product Team 1400,dept_01,4,emp_009163,4
team_1400,Product Team 1401,dept_01,3,emp_009166,3
team_1401,Product Team 1402,dept_01,6,emp_009170,6
team_1402,Product Team 1403,dept_01,5,emp_009178,5
team_1403,Product Team 1404,dept_01,5,emp_009179,5
team_1404,Product Team 1405,dept_01,6,emp_009185,6
team_1405,Product Team 1406,dept_01,7,emp_009192,7
team_1406,Product Team 1407,dept_01,5,emp_009200,5
team_1407,Product Team 1408,dept_01,8,emp_009208,8
team_1408,Product Team 1409,dept_01,5,emp_009213,5
team_1409,Product Team 1410,dept_01,6,emp_009217,6
team_1410,Product Team 1411,dept_01,7,emp_009225,7
team_1411,Product Team 1412,dept_01,8,emp_009230,8
team_1412,Product Team 1413,dept_01,9,emp_009239,9
team_1413,Product Team 1414,dept_01,7,emp_009248,7
team_1414,Product Team 1415,dept_01,6,emp_009254,6
team_1415,Product Team 1416,dept_01,7,emp_009263,7
team_1416,Product Team 1417,dept_01,7,emp_009265,7
team_1417,Product Team 1418,dept_01,5,emp_009275,5
team_1418,Product Team 1419,dept_01,6,emp_009280,6
team_1419,Product Team 1420,dept_01,6,emp_009283,6
team_1420,Product Team 1421,dept_01,7,emp_009291,7
team_1421,Product Team 1422,dept_01,3,emp_009296,3
team_1422,Product Team 1423,dept_01,4,emp_009300,4
team_1423,Product Team 1424,dept_01,2,emp_009303,2
team_1424,Product Team 1425,dept_01,8,emp_009311,8
team_1425,Product Team 1426,dept_01,6,emp_009318,6
team_1426,Product Team 1427,dept_01,6,emp_009321,6
team_1427,Product Team 1428,dept_01,3,emp_009327,3
team_1428,Product Team 1429,dept_01,7,emp_009331,7
team_1429,Product Team 1430,dept_01,7,emp_009335,7
team_1430,Product Team 1431,dept_01,9,emp_009343,9
team_1431,Product Team 1432,dept_01,9,emp_009359,9
team_1432,Product Team 1433,dept_01,7,emp_009365,7
team_1433,Product Team 1434,dept_01,7,emp_009367,7
team_1434,Product Team 1435,dept_01,7,emp_009374,7
team_1435,Product Team 1436,dept_01,6,emp_009382,6
team_1436,Product Team 1437,dept_01,6,emp_009387,6
team_1437,Product Team 1438,dept_01,6,emp_009398,6
team_1438,Product Team 1439,dept_01,7,emp_009401,7
team_1439,Product Team 1440,dept_01,5,emp_009409,5
team_1440,Product Team 1441,dept_01,6,emp_009414,6
team_1441,Product Team 1442,dept_01,10,emp_009420,10
team_1442,Product Team 1443,dept_01,5,emp_009428,5
team_1443,Product Team 1444,dept_01,6,emp_009437,6
team_1444,Product Team 1445,dept_01,7,emp_009444,7
team_1445,Product Team 1446,dept_01,5,emp_009446,5
team_1446,Product Team 1447,dept_01,6,emp_009451,6
team_1447,Product Team 1448,dept_01,3,emp_009457,3
team_1448,Product Team 1449,dept_01,6,emp_009461,6
team_1449,Product Team 1450,dept_01,4,emp_009466,4
team_1450,Product Team 1451,dept_01,2,emp_009469,2
team_1451,Product Team 1452,dept_01,7,emp_009471,7
team_1452,Product Team 1453,dept_01,8,emp_009485,8
team_1453,Product Team 1454,dept_01,6,emp_009490,6
team_1454,Product Team 1455,dept_01,10,emp_009494,10
team_1455,Product Team 1456,dept_01,3,emp_009504,3
team_1456,Product Team 1457,dept_01,3,emp_009506,3
team_1457,Product Team 1458,dept_01,7,emp_009512,7
team_1458,Product Team 1459,dept_01,8,emp_009520,8
team_1459,Product Team 1460,dept_01,6,emp_009526,6
team_1460,Product Team 1461,dept_01,5,emp_009529,5
team_1461,Product Team 1462,dept_01,4,emp_009536,4
team_1462,Product Team 1463,dept_01,10,emp_009538,10
team_1463,Product Team 1464,dept_01,5,emp_009549,5
team_1464,Product Team 1465,dept_01,8,emp_009554,8
team_1465,Product Team 1466,dept_01,7,emp_009562,7
team_1466,Product Team 1467,dept_01,3,emp_009568,3
team_1467,Product Team 1468,dept_01,8,emp_009578,8
team_1468,Product Team 1469,dept_01,5,emp_009580,5
team_1469,Product Team 1470,dept_01,7,emp_009586,7
team_1470,Product Team 1471,dept_01,7,emp_009591,7
team_1471,Product Team 1472,dept_01,6,emp_009598,6
team_1472,Product Team 1473,dept_01,10,emp_009609,10
team_1473,Product Team 1474,dept_01,9,emp_009622,9
team_1474,Product Team 1475,dept_01,6,emp_009624,6
team_1475,Product Team 1476,dept_01,8,emp_009632,8
team_1476,Product Team 1477,dept_01,9,emp_009639,9
team_1477,Product Team 1478,dept_01,10,emp_009647,10
team_1478,Product Team 1479,dept_01,6,emp_009661,6
team_1479,Product Team 1480,dept_01,11,emp_009672,11
team_1480,Product Team 1481,dept_01,5,emp_009673,5
team_1481,Product Team 1482,dept_01,4,emp_009679,4
team_1482,Product Team 1483,dept_01,8,emp_009689,8
team_1483,Product Team 1484,dept_01,4,emp_009693,4
team_1484,Product Team 1485,dept_01,10,emp_009694,10
team_1485,Product Team 1486,dept_01,3,emp_009704,3
team_1486,Product Team 1487,dept_01,6,emp_009710,6
team_1487,Product Team 1488,dept_01,8,emp_009714,8
team_1488,Product Team 1489,dept_01,3,emp_009723,3
team_1489,Product Team 1490,dept_01,9,emp_009732,9
team_1490,Product Team 1491,dept_01,3,emp_009733,3
team_1491,Product Team 1492,dept_01,1,emp_009736,1
team_1492,Design Team 1493,dept_02,7,emp_009743,7
team_1493,Design Team 1494,dept_02,7,emp_009748,7
team_1494,Design Team 1495,dept_02,8,emp_009751,8
team_1495,Design Team 1496,dept_02,8,emp_009760,8
team_1496,Design Team 1497,dept_02,5,emp_009771,5
team_1497,Design Team 1498,dept_02,5,emp_009776,5
team_1498,Design Team 1499,dept_02,7,emp_009780,7
team_1499,Design Team 1500,dept_02,3,emp_009784,3
team_1500,Design Team 1501,dept_02,9,emp_009791,9
team_1501,Design Team 1502,dept_02,6,emp_009800,6
team_1502,Design Team 1503,dept_02,11,emp_009804,11
team_1503,Design Team 1504,dept_02,8,emp_009814,8
team_1504,Design Team 1505,dept_02,5,emp_009823,5
team_1505,Design Team 1506,dept_02,4,emp_009826,4
team_1506,Design Team 1507,dept_02,9,emp_009833,9
team_1507,Design Team 1508,dept_02,2,emp_009839,2
team_1508,Design Team 1509,dept_02,5,emp_009841,5
team_1509,Design Team 1510,dept_02,11,emp_009856,11
team_1510,Design Team 1511,dept_02,6,emp_009862,6
team_1511,Design Team 1512,dept_02,8,emp_009868,8
team_1512,Design Team 1513,dept_02,6,emp_009875,6
team_1513,Design Team 1514,dept_02,8,emp_009877,8
team_1514,Design Team 1515,dept_02,5,emp_009886,5
team_1515,Design Team 1516,dept_02,7,emp_009894,7
team_1516,Design Team 1517,dept_02,9,emp_009905,9
team_1517,Design Team 1518,dept_02,6,emp_009906,6
team_1518,Design Team 1519,dept_02,7,emp_009915,7
team_1519,Design Team 1520,dept_02,9,emp_009922,9
team_1520,Design Team 1521,dept_02,9,emp_009929,9
team_1521,Design Team 1522,dept_02,7,emp_009941,7
team_1522,Design Team 1523,dept_02,5,emp_009948,5
team_1523,Design Team 1524,dept_02,4,emp_009952,4
team_1524,Design Team 1525,dept_02,7,emp_009957,7
team_1525,Design Team 1526,dept_02,6,emp_009965,6
team_1526,Design Team 1527,dept_02,10,emp_009973,10
team_1527,Design Team 1528,dept_02,13,emp_009978,13
team_1528,Design Team 1529,dept_02,10,emp_009998,10
team_1529,Design Team 1530,dept_02,5,emp_010003,5
team_1530,Design Team 1531,dept_02,6,emp_010006,6
team_1531,Design Team 1532,dept_02,3,emp_010011,3
team_1532,Design Team 1533,dept_02,7,emp_010013,7
team_1533,Design Team 1534,dept_02,7,emp_010022,7
team_1534,Design Team 1535,dept_02,8,emp_010034,8
team_1535,Design Team 1536,dept_02,5,emp_010039,5
team_1536,Design Team 1537,dept_02,7,emp_010042,7
team_1537,Design Team 1538,dept_02,6,emp_010048,6
team_1538,Design Team 1539,dept_02,8,emp_010056,8
team_1539,Design Team 1540,dept_02,4,emp_010063,4
team_1540,Design Team 1541,dept_02,9,emp_010069,9
team_1541,Design Team 1542,dept_02,6,emp_010078,6
team_1542,Design Team 1543,dept_02,6,emp_010084,6
team_1543,Design Team 1544,dept_02,4,emp_010089,4
team_1544,Design Team 1545,dept_02,6,emp_010090,6
team_1545,Design Team 1546,dept_02,7,emp_010097,7
team_1546,Design Team 1547,dept_02,6,emp_010103,6
team_1547,Design Team 1548,dept_02,7,emp_010109,7
team_1548,Design Team 1549,dept_02,4,emp_010119,4
team_1549,Design Team 1550,dept_02,6,emp_010125,6
team_1550,Design Team 1551,dept_02,4,emp_010128,4
team_1551,Design Team 1552,dept_02,3,emp_010131,3
team_1552,Design Team 1553,dept_02,4,emp_010134,4
team_1553,Design Team 1554,dept_02,6,emp_010142,6
team_1554,Design Team 1555,dept_02,7,emp_010144,7
team_1555,Design Team 1556,dept_02,7,emp_010153,7
team_1556,Design Team 1557,dept_02,9,emp_010164,9
team_1557,Design Team 1558,dept_02,7,emp_010169,7
team_1558,Design Team 1559,dept_02,6,emp_010175,6
team_1559,Design Team 1560,dept_02,5,emp_010182,5
team_1560,Design Team 1561,dept_02,7,emp_010189,7
team_1561,Design Team 1562,dept_02,6,emp_010193,6
team_1562,Design Team 1563,dept_02,3,emp_010197,3
team_1563,Design Team 1564,dept_02,6,emp_010201,6
team_1564,Design Team 1565,dept_02,6,emp_010209,6
team_1565,Design Team 1566,dept_02,6,emp_010217,6
team_1566,Design Team 1567,dept_02,12,emp_010219,12
team_1567,Design Team 1568,dept_02,8,emp_010231,8
team_1568,Design Team 1569,dept_02,8,emp_010238,8
team_1569,Design Team 1570,dept_02,8,emp_010247,8
team_1570,Design Team 1571,dept_02,6,emp_010257,6
team_1571,Design Team 1572,dept_02,7,emp_010260,7
team_1572,Design Team 1573,dept_02,7,emp_010269,7
team_1573,Design Team 1574,dept_02,7,emp_010275,7
team_1574,Design Team 1575,dept_02,5,emp_010283,5
team_1575,Design Team 1576,dept_02,7,emp_010287,7
team_1576,Design Team 1577,dept_02,6,emp_010295,6
team_1577,Design Team 1578,dept_02,4,emp_010301,4
team_1578,Design Team 1579,dept_02,4,emp_010303,4
team_1579,Design Team 1580,dept_02,6,emp_010308,6
team_1580,Design Team 1581,dept_02,6,emp_010317,6
team_1581,Design Team 1582,dept_02,4,emp_010321,4
team_1582,Design Team 1583,dept_02,3,emp_010324,3
team_1583,Design Team 1584,dept_02,4,emp_010329,4
team_1584,Design Team 1585,dept_02,5,emp_010333,5
team_1585,Design Team 1586,dept_02,9,emp_010336,9
team_1586,Design Team 1587,dept_02,7,emp_010347,7
team_1587,Design Team 1588,dept_02,2,emp_010352,2
team_1588,Design Team 1589,dept_02,5,emp_010357,5
team_1589,Design Team 1590,dept_02,7,emp_010360,7
team_1590,Design Team 1591,dept_02,8,emp_010366,8
team_1591,Design Team 1592,dept_02,6,emp_010378,6
team_1592,Design Team 1593,dept_02,10,emp_010382,10
team_1593,Design Team 1594,dept_02,5,emp_010390,5
team_1594,Design Team 1595,dept_02,11,emp_010397,11
team_1595,Design Team 1596,dept_02,6,emp_010406,6
team_1596,Design Team 1597,dept_02,6,emp_010416,6
team_1597,Design Team 1598,dept_02,7,emp_010421,7
team_1598,Design Team 1599,dept_02,5,emp_010424,5
team_1599,Design Team 1600,dept_02,4,emp_010429,4
team_1600,Design Team 1601,dept_02,7,emp_010437,7
team_1601,Design Team 1602,dept_02,7,emp_010445,7
team_1602,Design Team 1603,dept_02,10,emp_010452,10
team_1603,Design Team 1604,dept_02,8,emp_010457,8
team_1604,Design Team 1605,dept_02,5,emp_010466,5
team_1605,Design Team 1606,dept_02,8,emp_010471,8
team_1606,Design Team 1607,dept_02,5,emp_010481,5
team_1607,Design Team 1608,dept_02,3,emp_010483,3
team_1608,Design Team 1609,dept_02,6,emp_010491,6
team_1609,Design Team 1610,dept_02,5,emp_010494,5
team_1610,Design Team 1611,dept_02,5,emp_010500,5
team_1611,Design Team 1612,dept_02,8,emp_010505,8
team_1612,Design Team 1613,dept_02,6,emp_010514,6
team_1613,Design Team 1614,dept_02,4,emp_010516,4
team_1614,Design Team 1615,dept_02,5,emp_010520,5
team_1615,Design Team 1616,dept_02,7,emp_010526,7
team_1616,Design Team 1617,dept_02,2,emp_010533,2
team_1617,Design Team 1618,dept_02,7,emp_010540,7
team_1618,Design Team 1619,dept_02,7,emp_010542,7
team_1619,Design Team 1620,dept_02,7,emp_010552,7
team_1620,Design Team 1621,dept_02,9,emp_010561,9
team_1621,Design Team 1622,dept_02,9,emp_010566,9
team_1622,Design Team 1623,dept_02,5,emp_010573,5
team_1623,Design Team 1624,dept_02,8,emp_010582,8
team_1624,Design Team 1625,dept_02,7,emp_010590,7
team_1625,Design Team 1626,dept_02,4,emp_010594,4
team_1626,Design Team 1627,dept_02,6,emp_010597,6
team_1627,Design Team 1628,dept_02,6,emp_010606,6
team_1628,Design Team 1629,dept_02,7,emp_010610,7
team_1629,Design Team 1630,dept_02,5,emp_010618,5
team_1630,Design Team 1631,dept_02,5,emp_010622,5
team_1631,Design Team 1632,dept_02,7,emp_010626,7
team_1632,Design Team 1633,dept_02,5,emp_010634,5
team_1633,Design Team 1634,dept_02,5,emp_010640,5
team_1634,Design Team 1635,dept_02,5,emp_010647,5
team_1635,Design Team 1636,dept_02,7,emp_010651,7
team_1636,Design Team 1637,dept_02,7,emp_010658,7
team_1637,Design Team 1638,dept_02,5,emp_010666,5
team_1638,Design Team 1639,dept_02,2,emp_010667,2
team_1639,Design Team 1640,dept_02,8,emp_010676,8
team_1640,Design Team 1641,dept_02,4,emp_010677,4
team_1641,Design Team 1642,dept_02,7,emp_010682,7
team_1642,Design Team 1643,dept_02,5,emp_010692,5
team_1643,Design Team 1644,dept_02,3,emp_010694,3
team_1644,Design Team 1645,dept_02,7,emp_010701,7
team_1645,Design Team 1646,dept_02,5,emp_010704,5
team_1646,Design Team 1647,dept_02,6,emp_010708,6
team_1647,Design Team 1648,dept_02,6,emp_010715,6
team_1648,Design Team 1649,dept_02,11,emp_010724,11
team_1649,Design Team 1650,dept_02,5,emp_010733,5
team_1650,Design Team 1651,dept_02,6,emp_010736,6
team_1651,Design Team 1652,dept_02,5,emp_010742,5
team_1652,Design Team 1653,dept_02,6,emp_010748,6
team_1653,Design Team 1654,dept_02,7,emp_010753,7
team_1654,Design Team 1655,dept_02,6,emp_010763,6
team_1655,Design Team 1656,dept_02,7,emp_010768,7
team_1656,Design Team 1657,dept_02,6,emp_010775,6
team_1657,Design Team 1658,dept_02,6,emp_010784,6
team_1658,Design Team 1659,dept_02,6,emp_010788,6
team_1659,Design Team 1660,dept_02,11,emp_010796,11
team_1660,Design Team 1661,dept_02,5,emp_010804,5
team_1661,Design Team 1662,dept_02,6,emp_010808,6
team_1662,Design Team 1663,dept_02,4,emp_010814,4
team_1663,Design Team 1664,dept_02,8,emp_010819,8
team_1664,Design Team 1665,dept_02,8,emp_010826,8
team_1665,Design Team 1666,dept_02,6,emp_010835,6
team_1666,Design Team 1667,dept_02,4,emp_010841,4
team_1667,Design Team 1668,dept_02,8,emp_010844,8
team_1668,Design Team 1669,dept_02,9,emp_010851,9
team_1669,Design Team 1670,dept_02,3,emp_010862,3
team_1670,Design Team 1671,dept_02,5,emp_010864,5
team_1671,Design Team 1672,dept_02,6,emp_010870,6
team_1672,Design Team 1673,dept_02,6,emp_010875,6
team_1673,Design Team 1674,dept_02,6,emp_010885,6
team_1674,Design Team 1675,dept_02,8,emp_010886,8
team_1675,Design Team 1676,dept_02,6,emp_010896,6
team_1676,Design Team 1677,dept_02,6,emp_010902,6
team_1677,Design Team 1678,dept_02,8,emp_010909,8
team_1678,Design Team 1679,dept_02,6,emp_010918,6
team_1679,Design Team 1680,dept_02,9,emp_010924,9
team_1680,Design Team 1681,dept_02,7,emp_010931,7
team_1681,Design Team 1682,dept_02,9,emp_010939,9
team_1682,Design Team 1683,dept_02,7,emp_010946,7
team_1683,Design Team 1684,dept_02,8,emp_010953,8
team_1684,Design Team 1685,dept_02,7,emp_010966,7
team_1685,Design Team 1686,dept_02,7,emp_010969,7
team_1686,Design Team 1687,dept_02,8,emp_010981,8
team_1687,Design Team 1688,dept_02,6,emp_010983,6
team_1688,Design Team 1689,dept_02,10,emp_010990,10
team_1689,Design Team 1690,dept_02,5,emp_010999,5
team_1690,Design Team 1691,dept_02,9,emp_011004,9
team_1691,Design Team 1692,dept_02,6,emp_011013,6
team_1692,Design Team 1693,dept_02,9,emp_011020,9
team_1693,Design Team 1694,dept_02,8,emp_011030,8
team_1694,Design Team 1695,dept_02,9,emp_011041,9
team_1695,Design Team 1696,dept_02,13,emp_011044,13
team_1696,Design Team 1697,dept_02,12,emp_011060,12
team_1697,Design Team 1698,dept_02,6,emp_011069,6
team_1698,Design Team 1699,dept_02,7,emp_011076,7
team_1699,Design Team 1700,dept_02,5,emp_011082,5
team_1700,Design Team 1701,dept_02,7,emp_011088,7
team_1701,Design Team 1702,dept_02,4,emp_011094,4
team_1702,Design Team 1703,dept_02,8,emp_011104,8
team_1703,Design Team 1704,dept_02,4,emp_011106,4
team_1704,Design Team 1705,dept_02,10,emp_011111,10
team_1705,Design Team 1706,dept_02,6,emp_011125,6
team_1706,Design Team 1707,dept_02,4,emp_011129,4
team_1707,Design Team 1708,dept_02,6,emp_011135,6
team_1708,Design Team 1709,dept_02,7,emp_011139,7
team_1709,Design Team 1710,dept_02,4,emp_011143,4
team_1710,Design Team 1711,dept_02,5,emp_011147,5
team_1711,Sales Team 1712,dept_03,8,emp_011158,8
team_1712,Sales Team 1713,dept_03,6,emp_011164,6
team_1713,Sales Team 1714,dept_03,4,emp_011168,4
team_1714,Sales Team 1715,dept_03,7,emp_011170,7
team_1715,Sales Team 1716,dept_03,7,emp_011183,7
team_1716,Sales Team 1717,dept_03,8,emp_011185,8
team_1717,Sales Team 1718,dept_03,6,emp_011197,6
team_1718,Sales Team 1719,dept_03,5,emp_011200,5
team_1719,Sales Team 1720,dept_03,8,emp_011209,8
team_1720,Sales Team 1721,dept_03,6,emp_011211,6
team_1721,Sales Team 1722,dept_03,5,emp_011217,5
team_1722,Sales Team 1723,dept_03,7,emp_011226,7
team_1723,Sales Team 1724,dept_03,6,emp_011233,6
team_1724,Sales Team 1725,dept_03,6,emp_011235,6
team_1725,Sales Team 1726,dept_03,8,emp_011243,8
team_1726,Sales Team 1727,dept_03,2,emp_011249,2
team_1727,Sales Team 1728,dept_03,8,emp_011257,8
team_1728,Sales Team 1729,dept_03,6,emp_011260,6
team_1729,Sales Team 1730,dept_03,5,emp_011266,5
team_1730,Sales Team 1731,dept_03,6,emp_011271,6
team_1731,Sales Team 1732,dept_03,7,emp_011276,7
team_1732,Sales Team 1733,dept_03,4,emp_011283,4
team_1733,Sales Team 1734,dept_03,6,emp_011290,6
team_1734,Sales Team 1735,dept_03,8,emp_011293,8
team_1735,Sales Team 1736,dept_03,8,emp_011301,8
team_1736,Sales Team 1737,dept_03,4,emp_011310,4
team_1737,Sales Team 1738,dept_03,5,emp_011316,5
team_1738,Sales Team 1739,dept_03,4,emp_011320,4
team_1739,Sales Team 1740,dept_03,4,emp_011324,4
team_1740,Sales Team 1741,dept_03,8,emp_011329,8
team_1741,Sales Team 1742,dept_03,8,emp_011341,8
team_1742,Sales Team 1743,dept_03,4,emp_011344,4
team_1743,Sales Team 1744,dept_03,10,emp_011349,10
team_1744,Sales Team 1745,dept_03,9,emp_011358,9
team_1745,Sales Team 1746,dept_03,8,emp_011367,8
team_1746,Sales Team 1747,dept_03,6,emp_011375,6
team_1747,Sales Team 1748,dept_03,5,emp_011382,5
team_1748,Sales Team 1749,dept_03,8,emp_011384,8
team_1749,Sales Team 1750,dept_03,8,emp_011397,8
team_1750,Sales Team 1751,dept_03,4,emp_011400,4
team_1751,Sales Team 1752,dept_03,7,emp_011404,7
team_1752,Sales Team 1753,dept_03,7,emp_011413,7
team_1753,Sales Team 1754,dept_03,9,emp_011426,9
team_1754,Sales Team 1755,dept_03,5,emp_011427,5
team_1755,Sales Team 1756,dept_03,6,emp_011435,6
team_1756,Sales Team 1757,dept_03,6,emp_011439,6
team_1757,Sales Team 1758,dept_03,6,emp_011444,6
team_1758,Sales Team 1759,dept_03,5,emp_011454,5
team_1759,Sales Team 1760,dept_03,9,emp_011458,9
team_1760,Sales Team 1761,dept_03,5,emp_011465,5
team_1761,Sales Team 1762,dept_03,5,emp_011470,5
team_1762,Sales Team 1763,dept_03,5,emp_011476,5
team_1763,Sales Team 1764,dept_03,6,emp_011479,6
team_1764,Sales Team 1765,dept_03,9,emp_011487,9
team_1765,Sales Team 1766,dept_03,7,emp_011500,7
team_1766,Sales Team 1767,dept_03,8,emp_011504,8
team_1767,Sales Team 1768,dept_03,8,emp_011511,8
team_1768,Sales Team 1769,dept_03,6,emp_011521,6
team_1769,Sales Team 1770,dept_03,3,emp_011524,3
team_1770,Sales Team 1771,dept_03,7,emp_011531,7
team_1771,Sales Team 1772,dept_03,6,emp_011534,6
team_1772,Sales Team 1773,dept_03,6,emp_011543,6
team_1773,Sales Team 1774,dept_03,6,emp_011548,6
team_1774,Sales Team 1775,dept_03,6,emp_011555,6
team_1775,Sales Team 1776,dept_03,5,emp_011559,5
team_1776,Sales Team 1777,dept_03,5,emp_011563,5
team_1777,Sales Team 1778,dept_03,5,emp_011571,5
team_1778,Sales Team 1779,dept_03,7,emp_011575,7
team_1779,Sales Team 1780,dept_03,10,emp_011579,10
team_1780,Sales Team 1781,dept_03,8,emp_011592,8
team_1781,Sales Team 1782,dept_03,3,emp_011598,3
team_1782,Sales Team 1783,dept_03,7,emp_011606,7
team_1783,Sales Team 1784,dept_03,8,emp_011611,8
team_1784,Sales Team 1785,dept_03,8,emp_011617,8
team_1785,Sales Team 1786,dept_03,5,emp_011626,5
team_1786,Sales Team 1787,dept_03,3,emp_011629,3
team_1787,Sales Team 1788,dept_03,8,emp_011633,8
team_1788,Sales Team 1789,dept_03,6,emp_011639,6
team_1789,Sales Team 1790,dept_03,10,emp_011649,10
team_1790,Sales Team 1791,dept_03,4,emp_011656,4
team_1791,Sales Team 1792,dept_03,11,emp_011660,11
team_1792,Sales Team 1793,dept_03,4,emp_011670,4
team_1793,Sales Team 1794,dept_03,10,emp_011675,10
team_1794,Sales Team 1795,dept_03,7,emp_011686,7
team_1795,Sales Team 1796,dept_03,9,emp_011694,9
team_1796,Sales Team 1797,dept_03,8,emp_011700,8
team_1797,Sales Team 1798,dept_03,9,emp_011713,9
team_1798,Sales Team 1799,dept_03,7,emp_011718,7
team_1799,Sales Team 1800,dept_03,8,emp_011724,8
team_1800,Sales Team 1801,dept_03,4,emp_011735,4
team_1801,Sales Team 1802,dept_03,7,emp_011736,7
team_1802,Sales Team 1803,dept_03,4,emp_011745,4
team_1803,Sales Team 1804,dept_03,7,emp_011749,7
team_1804,Sales Team 1805,dept_03,7,emp_011755,7
team_1805,Sales Team 1806,dept_03,7,emp_011764,7
team_1806,Sales Team 1807,dept_03,9,emp_011774,9
team_1807,Sales Team 1808,dept_03,8,emp_011778,8
team_1808,Sales Team 1809,dept_03,8,emp_011792,8
team_1809,Sales Team 1810,dept_03,9,emp_011798,9
team_1810,Sales Team 1811,dept_03,10,emp_011804,10
team_1811,Sales Team 1812,dept_03,5,emp_011814,5
team_1812,Sales Team 1813,dept_03,6,emp_011821,6
team_1813,Sales Team 1814,dept_03,7,emp_011825,7
team_1814,Sales Team 1815,dept_03,5,emp_011830,5
team_1815,Sales Team 1816,dept_03,6,emp_011836,6
team_1816,Sales Team 1817,dept_03,4,emp_011842,4
team_1817,Sales Team 1818,dept_03,4,emp_011846,4
team_1818,Sales Team 1819,dept_03,9,emp_011850,9
team_1819,Sales Team 1820,dept_03,6,emp_011860,6
team_1820,Sales Team 1821,dept_03,3,emp_011866,3
team_1821,Sales Team 1822,dept_03,7,emp_011867,7
team_1822,Sales Team 1823,dept_03,6,emp_011876,6
team_1823,Sales Team 1824,dept_03,3,emp_011881,3
team_1824,Sales Team 1825,dept_03,5,emp_011884,5
team_1825,Sales Team 1826,dept_03,6,emp_011889,6
team_1826,Sales Team 1827,dept_03,7,emp_011895,7
team_1827,Sales Team 1828,dept_03,5,emp_011902,5
team_1828,Sales Team 1829,dept_03,9,emp_011914,9
team_1829,Sales Team 1830,dept_03,6,emp_011917,6
team_1830,Sales Team 1831,dept_03,11,emp_011926,11
team_1831,Sales Team 1832,dept_03,9,emp_011934,9
team_1832,Sales Team 1833,dept_03,10,emp_011947,10
team_1833,Sales Team 1834,dept_03,9,emp_011952,9
team_1834,Sales Team 1835,dept_03,4,emp_011960,4
team_1835,Sales Team 1836,dept_03,9,emp_011965,9
team_1836,Sales Team 1837,dept_03,12,emp_011978,12
team_1837,Sales Team 1838,dept_03,10,emp_011993,10
team_1838,Sales Team 1839,dept_03,7,emp_011997,7
team_1839,Sales Team 1840,dept_03,5,emp_012006,5
team_1840,Sales Team 1841,dept_03,9,emp_012011,9
team_1841,Sales Team 1842,dept_03,6,emp_012016,6
team_1842,Sales Team 1843,dept_03,7,emp_012025,7
team_1843,Sales Team 1844,dept_03,8,emp_012031,8
team_1844,Sales Team 1845,dept_03,9,emp_012038,9
team_1845,Sales Team 1846,dept_03,5,emp_012048,5
team_1846,Sales Team 1847,dept_03,9,emp_012052,9
team_1847,Sales Team 1848,dept_03,8,emp_012067,8
team_1848,Sales Team 1849,dept_03,6,emp_012073,6
team_1849,Sales Team 1850,dept_03,6,emp_012076,6
team_1850,Sales Team 1851,dept_03,7,emp_012084,7
team_1851,Sales Team 1852,dept_03,10,emp_012093,10
team_1852,Sales Team 1853,dept_03,6,emp_012098,6
team_1853,Sales Team 1854,dept_03,8,emp_012109,8
team_1854,Sales Team 1855,dept_03,5,emp_012111,5
team_1855,Sales Team 1856,dept_03,6,emp_012119,6
team_1856,Sales Team 1857,dept_03,7,emp_012123,7
team_1857,Sales Team 1858,dept_03,6,emp_012134,6
team_1858,Sales Team 1859,dept_03,6,emp_012137,6
team_1859,Sales Team 1860,dept_03,5,emp_012145,5
team_1860,Sales Team 1861,dept_03,5,emp_012146,5
team_1861,Sales Team 1862,dept_03,6,emp_012153,6
team_1862,Sales Team 1863,dept_03,8,emp_012159,8
team_1863,Sales Team 1864,dept_03,7,emp_012171,7
team_1864,Sales Team 1865,dept_03,8,emp_012176,8
team_1865,Sales Team 1866,dept_03,9,emp_012180,9
team_1866,Sales Team 1867,dept_03,6,emp_012192,6
team_1867,Sales Team 1868,dept_03,5,emp_012196,5
team_1868,Sales Team 1869,dept_03,5,emp_012202,5
team_1869,Sales Team 1870,dept_03,10,emp_012206,10
team_1870,Sales Team 1871,dept_03,8,emp_012222,8
team_1871,Sales Team 1872,dept_03,10,emp_012227,10
team_1872,Sales Team 1873,dept_03,9,emp_012234,9
team_1873,Sales Team 1874,dept_03,6,emp_012246,6
team_1874,Sales Team 1875,dept_03,8,emp_012253,8
team_1875,Sales Team 1876,dept_03,7,emp_012258,7
team_1876,Sales Team 1877,dept_03,11,emp_012265,11
team_1877,Sales Team 1878,dept_03,8,emp_012277,8
team_1878,Sales Team 1879,dept_03,10,emp_012289,10
team_1879,Sales Team 1880,dept_03,7,emp_012294,7
team_1880,Sales Team 1881,dept_03,9,emp_012307,9
team_1881,Sales Team 1882,dept_03,7,emp_012313,7
team_1882,Sales Team 1883,dept_03,5,emp_012316,5
team_1883,Sales Team 1884,dept_03,9,emp_012323,9
team_1884,Sales Team 1885,dept_03,5,emp_012330,5
team_1885,Sales Team 1886,dept_03,6,emp_012336,6
team_1886,Sales Team 1887,dept_03,8,emp_012346,8
team_1887,Sales Team 1888,dept_03,7,emp_012352,7
team_1888,Sales Team 1889,dept_03,6,emp_012355,6
team_1889,Sales Team 1890,dept_03,7,emp_012363,7
team_1890,Sales Team 1891,dept_03,9,emp_012375,9
team_1891,Sales Team 1892,dept_03,5,emp_012378,5
team_1892,Sales Team 1893,dept_03,2,emp_012383,2
team_1893,Sales Team 1894,dept_03,9,emp_012386,9
team_1894,Sales Team 1895,dept_03,6,emp_012396,6
team_1895,Sales Team 1896,dept_03,6,emp_012400,6
team_1896,Sales Team 1897,dept_03,8,emp_012408,8
team_1897,Sales Team 1898,dept_03,6,emp_012415,6
team_1898,Sales Team 1899,dept_03,6,emp_012419,6
team_1899,Sales Team 1900,dept_03,9,emp_012426,9
team_1900,Sales Team 1901,dept_03,8,emp_012441,8
team_1901,Sales Team 1902,dept_03,6,emp_012445,6
team_1902,Sales Team 1903,dept_03,5,emp_012450,5
team_1903,Sales Team 1904,dept_03,5,emp_012457,5
team_1904,Sales Team 1905,dept_03,8,emp_012462,8
team_1905,Sales Team 1906,dept_03,8,emp_012467,8
team_1906,Sales Team 1907,dept_03,5,emp_012477,5
team_1907,Sales Team 1908,dept_03,7,emp_012481,7
team_1908,Sales Team 1909,dept_03,2,emp_012487,2
team_1909,Sales Team 1910,dept_03,8,emp_012494,8
team_1910,Sales Team 1911,dept_03,7,emp_012497,7
team_1911,Sales Team 1912,dept_03,5,emp_012504,5
team_1912,Sales Team 1913,dept_03,9,emp_012510,9
team_1913,Sales Team 1914,dept_03,7,emp_012521,7
team_1914,Sales Team 1915,dept_03,6,emp_012526,6
team_1915,Sales Team 1916,dept_03,6,emp_012532,6
team_1916,Sales Team 1917,dept_03,6,emp_012538,6
team_1917,Sales Team 1918,dept_03,8,emp_012545,8
team_1918,Sales Team 1919,dept_03,8,emp_012555,8
team_1919,Sales Team 1920,dept_03,6,emp_012561,6
team_1920,Sales Team 1921,dept_03,4,emp_012566,4
team_1921,Sales Team 1922,dept_03,6,emp_012573,6
team_1922,Sales Team 1923,dept_03,7,emp_012580,7
team_1923,Sales Team 1924,dept_03,5,emp_012581,5
team_1924,Sales Team 1925,dept_03,5,emp_012586,5
team_1925,Sales Team 1926,dept_03,6,emp_012594,6
team_1926,Sales Team 1927,dept_03,7,emp_012600,7
team_1927,Sales Team 1928,dept_03,8,emp_012611,8
team_1928,Sales Team 1929,dept_03,9,emp_012616,9
team_1929,Sales Team 1930,dept_03,3,emp_012621,3
team_1930,Sales Team 1931,dept_03,9,emp_012624,9
team_1931,Sales Team 1932,dept_03,7,emp_012633,7
team_1932,Sales Team 1933,dept_03,5,emp_012642,5
team_1933,Sales Team 1934,dept_03,8,emp_012650,8
team_1934,Sales Team 1935,dept_03,2,emp_012654,2
team_1935,Sales Team 1936,dept_03,3,emp_012656,3
team_1936,Sales Team 1937,dept_03,10,emp_012661,10
team_1937,Sales Team 1938,dept_03,4,emp_012669,4
team_1938,Sales Team 1939,dept_03,7,emp_012678,7
team_1939,Sales Team 1940,dept_03,4,emp_012681,4
team_1940,Sales Team 1941,dept_03,5,emp_012686,5
team_1941,Sales Team 1942,dept_03,4,emp_012690,4
team_1942,Sales Team 1943,dept_03,8,emp_012693,8
team_1943,Sales Team 1944,dept_03,2,emp_012701,2
team_1944,Sales Team 1945,dept_03,6,emp_012705,6
team_1945,Sales Team 1946,dept_03,4,emp_012710,4
team_1946,Sales Team 1947,dept_03,4,emp_012712,4
team_1947,Sales Team 1948,dept_03,8,emp_012716,8
team_1948,Sales Team 1949,dept_03,5,emp_012727,5
team_1949,Sales Team 1950,dept_03,6,emp_012733,6
team_1950,Sales Team 1951,dept_03,7,emp_012741,7
team_1951,Sales Team 1952,dept_03,7,emp_012743,7
team_1952,Sales Team 1953,dept_03,8,emp_012751,8
team_1953,Sales Team 1954,dept_03,9,emp_012760,9
team_1954,Sales Team 1955,dept_03,7,emp_012772,7
team_1955,Sales Team 1956,dept_03,6,emp_012774,6
team_1956,Sales Team 1957,dept_03,6,emp_012779,6
team_1957,Sales Team 1958,dept_03,6,emp_012790,6
team_1958,Sales Team 1959,dept_03,8,emp_012794,8
team_1959,Sales Team 1960,dept_03,5,emp_012802,5
team_1960,Sales Team 1961,dept_03,7,emp_012804,7
team_1961,Sales Team 1962,dept_03,8,emp_012813,8
team_1962,Sales Team 1963,dept_03,5,emp_012819,5
team_1963,Sales Team 1964,dept_03,3,emp_012824,3
team_1964,Sales Team 1965,dept_03,8,emp_012827,8
team_1965,Sales Team 1966,dept_03,7,emp_012836,7
team_1966,Sales Team 1967,dept_03,6,emp_012846,6
team_1967,Sales Team 1968,dept_03,6,emp_012848,6
team_1968,Sales Team 1969,dept_03,7,emp_012859,7
team_1969,Sales Team 1970,dept_03,7,emp_012861,7
team_1970,Sales Team 1971,dept_03,6,emp_012871,6
team_1971,Sales Team 1972,dept_03,5,emp_012876,5
team_1972,Sales Team 1973,dept_03,7,emp_012881,7
team_1973,Sales Team 1974,dept_03,8,emp_012891,8
team_1974,Sales Team 1975,dept_03,5,emp_012897,5
team_1975,Sales Team 1976,dept_03,3,emp_012899,3
team_1976,Sales Team 1977,dept_03,8,emp_012908,8
team_1977,Sales Team 1978,dept_03,8,emp_012914,8
team_1978,Sales Team 1979,dept_03,8,emp_012921,8
team_1979,Sales Team 1980,dept_03,6,emp_012928,6
team_1980,Sales Team 1981,dept_03,9,emp_012938,9
team_1981,Sales Team 1982,dept_03,7,emp_012943,7
team_1982,Sales Team 1983,dept_03,6,emp_012950,6
team_1983,Sales Team 1984,dept_03,5,emp_012958,5
team_1984,Sales Team 1985,dept_03,10,emp_012960,10
team_1985,Sales Team 1986,dept_03,7,emp_012969,7
team_1986,Sales Team 1987,dept_03,6,emp_012979,6
team_1987,Sales Team 1988,dept_03,5,emp_012983,5
team_1988,Sales Team 1989,dept_03,8,emp_012991,8
team_1989,Sales Team 1990,dept_03,6,emp_012998,6
team_1990,Sales Team 1991,dept_03,10,emp_013004,10
team_1991,Sales Team 1992,dept_03,7,emp_013014,7
team_1992,Sales Team 1993,dept_03,7,emp_013018,7
team_1993,Sales Team 1994,dept_03,5,emp_013026,5
team_1994,Sales Team 1995,dept_03,4,emp_013032,4
team_1995,Sales Team 1996,dept_03,5,emp_013038,5
team_1996,Sales Team 1997,dept_03,5,emp_013039,5
team_1997,Sales Team 1998,dept_03,4,emp_013044,4
team_1998,Sales Team 1999,dept_03,4,emp_013048,4
team_1999,Sales Team 2000,dept_03,4,emp_013052,4
team_2000,Sales Team 2001,dept_03,7,emp_013062,7
team_2001,Sales Team 2002,dept_03,8,emp_013063,8
team_2002,Sales Team 2003,dept_03,5,emp_013072,5
team_2003,Sales Team 2004,dept_03,9,emp_013076,9
team_2004,Sales Team 2005,dept_03,7,emp_013085,7
team_2005,Sales Team 2006,dept_03,7,emp_013098,7
team_2006,Sales Team 2007,dept_03,7,emp_013100,7
team_2007,Sales Team 2008,dept_03,10,emp_013107,10
team_2008,Sales Team 2009,dept_03,8,emp_013117,8
team_2009,Sales Team 2010,dept_03,9,emp_013124,9
team_2010,Sales Team 2011,dept_03,12,emp_013135,12
team_2011,Sales Team 2012,dept_03,6,emp_013150,6
team_2012,Sales Team 2013,dept_03,6,emp_013155,6
team_2013,Sales Team 2014,dept_03,7,emp_013157,7
team_2014,Sales Team 2015,dept_03,5,emp_013166,5
team_2015,Sales Team 2016,dept_03,5,emp_013171,5
team_2016,Sales Team 2017,dept_03,5,emp_013177,5
team_2017,Sales Team 2018,dept_03,10,emp_013181,10
team_2018,Sales Team 2019,dept_03,8,emp_013194,8
team_2019,Sales Team 2020,dept_03,6,emp_013202,6
team_2020,Sales Team 2021,dept_03,5,emp_013203,5
team_2021,Sales Team 2022,dept_03,8,emp_013209,8
team_2022,Sales Team 2023,dept_03,8,emp_013221,8
team_2023,Sales Team 2024,dept_03,6,emp_013227,6
team_2024,Sales Team 2025,dept_03,8,emp_013231,8
team_2025,Sales Team 2026,dept_03,5,emp_013240,5
team_2026,Sales Team 2027,dept_03,9,emp_013244,9
team_2027,Sales Team 2028,dept_03,8,emp_013258,8
team_2028,Sales Team 2029,dept_03,6,emp_013265,6
team_2029,Sales Team 2030,dept_03,4,emp_013266,4
team_2030,Sales Team 2031,dept_03,7,emp_013275,7
team_2031,Sales Team 2032,dept_03,7,emp_013277,7
team_2032,Sales Team 2033,dept_03,10,emp_013288,10
team_2033,Sales Team 2034,dept_03,6,emp_013294,6
team_2034,Sales Team 2035,dept_03,6,emp_013304,6
team_2035,Sales Team 2036,dept_03,5,emp_013306,5
team_2036,Sales Team 2037,dept_03,7,emp_013314,7
team_2037,Sales Team 2038,dept_03,6,emp_013319,6
team_2038,Sales Team 2039,dept_03,4,emp_013327,4
team_2039,Sales Team 2040,dept_03,6,emp_013328,6
team_2040,Sales Team 2041,dept_03,6,emp_013334,6
team_2041,Sales Team 2042,dept_03,5,emp_013342,5
team_2042,Sales Team 2043,dept_03,7,emp_013351,7
team_2043,Sales Team 2044,dept_03,5,emp_013353,5
team_2044,Sales Team 2045,dept_03,5,emp_013359,5
team_2045,Sales Team 2046,dept_03,6,emp_013363,6
team_2046,Sales Team 2047,dept_03,3,emp_013369,3
team_2047,Sales Team 2048,dept_03,7,emp_013372,7
team_2048,Sales Team 2049,dept_03,6,emp_013378,6
team_2049,Sales Team 2050,dept_03,5,emp_013384,5
team_2050,Sales Team 2051,dept_03,10,emp_013397,10
team_2051,Sales Team 2052,dept_03,7,emp_013399,7
team_2052,Sales Team 2053,dept_03,5,emp_013410,5
team_2053,Sales Team 2054,dept_03,3,emp_013412,3
team_2054,Sales Team 2055,dept_03,5,emp_013414,5
team_2055,Sales Team 2056,dept_03,9,emp_013427,9
team_2056,Sales Team 2057,dept_03,2,emp_013429,2
team_2057,Sales Team 2058,dept_03,7,emp_013432,7
team_2058,Sales Team 2059,dept_03,4,emp_013440,4
team_2059,Sales Team 2060,dept_03,7,emp_013444,7
team_2060,Sales Team 2061,dept_03,11,emp_013458,11
team_2061,Sales Team 2062,dept_03,9,emp_013462,9
team_2062,Sales Team 2063,dept_03,7,emp_013468,7
team_2063,Sales Team 2064,dept_03,6,emp_013479,6
team_2064,Sales Team 2065,dept_03,8,emp_013483,8
team_2065,Sales Team 2066,dept_03,5,emp_013491,5
team_2066,Sales Team 2067,dept_03,4,emp_013497,4
team_2067,Sales Team 2068,dept_03,7,emp_013504,7
team_2068,Sales Team 2069,dept_03,10,emp_013506,10
team_2069,Sales Team 2070,dept_03,7,emp_013517,7
team_2070,Sales Team 2071,dept_03,9,emp_013529,9
team_2071,Sales Team 2072,dept_03,5,emp_013535,5
team_2072,Sales Team 2073,dept_03,7,emp_013536,7
team_2073,Sales Team 2074,dept_03,4,emp_013546,4
team_2074,Sales Team 2075,dept_03,7,emp_013548,7
team_2075,Sales Team 2076,dept_03,5,emp_013558,5
team_2076,Sales Team 2077,dept_03,9,emp_013562,9
team_2077,Sales Team 2078,dept_03,8,emp_013569,8
team_2078,Sales Team 2079,dept_03,8,emp_013578,8
team_2079,Sales Team 2080,dept_03,9,emp_013590,9
team_2080,Sales Team 2081,dept_03,6,emp_013597,6
team_2081,Sales Team 2082,dept_03,2,emp_013599,2
team_2082,Sales Team 2083,dept_03,3,emp_013602,3
team_2083,Sales Team 2084,dept_03,6,emp_013605,6
team_2084,Sales Team 2085,dept_03,4,emp_013610,4
team_2085,Sales Team 2086,dept_03,5,emp_013615,5
team_2086,Sales Team 2087,dept_03,5,emp_013621,5
team_2087,Sales Team 2088,dept_03,7,emp_013630,7
team_2088,Sales Team 2089,dept_03,2,emp_013632,2
team_2089,Sales Team 2090,dept_03,8,emp_013640,8
team_2090,Sales Team 2091,dept_03,7,emp_013642,7
team_2091,Sales Team 2092,dept_03,6,emp_013651,6
team_2092,Sales Team 2093,dept_03,6,emp_013655,6
team_2093,Sales Team 2094,dept_03,10,emp_013668,10
team_2094,Sales Team 2095,dept_03,6,emp_013670,6
team_2095,Sales Team 2096,dept_03,2,emp_013677,2
team_2096,Sales Team 2097,dept_03,9,emp_013678,9
team_2097,Sales Team 2098,dept_03,4,emp_013688,4
team_2098,Sales Team 2099,dept_03,6,emp_013694,6
team_2099,Sales Team 2100,dept_03,9,emp_013697,9
team_2100,Sales Team 2101,dept_03,4,emp_013707,4
team_2101,Sales Team 2102,dept_03,6,emp_013712,6
team_2102,Sales Team 2103,dept_03,8,emp_013717,8
team_2103,Sales Team 2104,dept_03,6,emp_013729,6
team_2104,Sales Team 2105,dept_03,8,emp_013730,8
team_2105,Sales Team 2106,dept_03,5,emp_013740,5
team_2106,Sales Team 2107,dept_03,5,emp_013745,5
team_2107,Sales Team 2108,dept_03,6,emp_013752,6
team_2108,Sales Team 2109,dept_03,6,emp_013754,6
team_2109,Sales Team 2110,dept_03,7,emp_013763,7
team_2110,Sales Team 2111,dept_03,8,emp_013773,8
team_2111,Sales Team 2112,dept_03,9,emp_013781,9
team_2112,Sales Team 2113,dept_03,4,emp_013785,4
team_2113,Sales Team 2114,dept_03,6,emp_013793,6
team_2114,Sales Team 2115,dept_03,6,emp_013795,6
team_2115,Sales Team 2116,dept_03,8,emp_013805,8
team_2116,Sales Team 2117,dept_03,8,emp_013811,8
team_2117,Sales Team 2118,dept_03,4,emp_013817,4
team_2118,Sales Team 2119,dept_03,10,emp_013824,10
team_2119,Sales Team 2120,dept_03,6,emp_013835,6
team_2120,Sales Team 2121,dept_03,11,emp_013836,11
team_2121,Sales Team 2122,dept_03,5,emp_013849,5
team_2122,Sales Team 2123,dept_03,5,emp_013853,5
team_2123,Sales Team 2124,dept_03,10,emp_013864,10
team_2124,Sales Team 2125,dept_03,6,emp_013870,6
team_2125,Sales Team 2126,dept_03,7,emp_013874,7
team_2126,Sales Team 2127,dept_03,9,emp_013881,9
team_2127,Sales Team 2128,dept_03,8,emp_013896,8
team_2128,Sales Team 2129,dept_03,11,emp_013900,11
team_2129,Sales Team 2130,dept_03,5,emp_013910,5
team_2130,Sales Team 2131,dept_03,7,emp_013915,7
team_2131,Sales Team 2132,dept_03,5,emp_013924,5
team_2132,Sales Team 2133,dept_03,8,emp_013928,8
team_2133,Sales Team 2134,dept_03,8,emp_013939,8
team_2134,Sales Team 2135,dept_03,8,emp_013946,8
team_2135,Sales Team 2136,dept_03,4,emp_013952,4
team_2136,Sales Team 2137,dept_03,7,emp_013958,7
team_2137,Sales Team 2138,dept_03,5,emp_013964,5
team_2138,Sales Team 2139,dept_03,5,emp_013968,5
team_2139,Sales Team 2140,dept_03,6,emp_013972,6
team_2140,Sales Team 2141,dept_03,7,emp_013977,7
team_2141,Sales Team 2142,dept_03,7,emp_013987,7
team_2142,Sales Team 2143,dept_03,5,emp_013993,5
team_2143,Sales Team 2144,dept_03,6,emp_013997,6
team_2144,Sales Team 2145,dept_03,10,emp_014001,10
team_2145,Sales Team 2146,dept_03,6,emp_014011,6
team_2146,Sales Team 2147,dept_03,7,emp_014023,7
team_2147,Sales Team 2148,dept_03,5,emp_014025,5
team_2148,Sales Team 2149,dept_03,11,emp_014039,11
team_2149,Sales Team 2150,dept_03,5,emp_014043,5
team_2150,Sales Team 2151,dept_03,6,emp_014048,6
team_2151,Sales Team 2152,dept_03,6,emp_014055,6
team_2152,Sales Team 2153,dept_03,6,emp_014057,6
team_2153,Sales Team 2154,dept_03,8,emp_014070,8
team_2154,Sales Team 2155,dept_03,6,emp_014071,6
team_2155,Sales Team 2156,dept_03,8,emp_014081,8
team_2156,Sales Team 2157,dept_03,10,emp_014094,10
team_2157,Sales Team 2158,dept_03,4,emp_014095,4
team_2158,Sales Team 2159,dept_03,5,emp_014101,5
team_2159,Sales Team 2160,dept_03,4,emp_014104,4
team_2160,Sales Team 2161,dept_03,6,emp_014109,6
team_2161,Sales Team 2162,dept_03,5,emp_014116,5
team_2162,Sales Team 2163,dept_03,7,emp_014122,7
team_2163,Sales Team 2164,dept_03,2,emp_014126,2
team_2164,Sales Team 2165,dept_03,8,emp_014128,8
team_2165,Sales Team 2166,dept_03,5,emp_014136,5
team_2166,Sales Team 2167,dept_03,7,emp_014141,7
team_2167,Sales Team 2168,dept_03,2,emp_014149,2
team_2168,Sales Team 2169,dept_03,9,emp_014150,9
team_2169,Sales Team 2170,dept_03,2,emp_014160,2
team_2170,Sales Team 2171,dept_03,3,emp_014161,3
team_2171,Sales Team 2172,dept_03,6,emp_014169,6
team_2172,Sales Team 2173,dept_03,4,emp_014171,4
team_2173,Sales Team 2174,dept_03,5,emp_014174,5
team_2174,Sales Team 2175,dept_03,10,emp_014181,10
team_2175,Sales Team 2176,dept_03,7,emp_014192,7
team_2176,Sales Team 2177,dept_03,5,emp_014200,5
team_2177,Sales Team 2178,dept_03,5,emp_014201,5
team_2178,Sales Team 2179,dept_03,7,emp_014206,7
team_2179,Sales Team 2180,dept_03,7,emp_014214,7
team_2180,Sales Team 2181,dept_03,5,emp_014223,5
team_2181,Sales Team 2182,dept_03,2,emp_014226,2
team_2182,Sales Team 2183,dept_03,5,emp_014231,5
team_2183,Sales Team 2184,dept_03,2,emp_014232,2
team_2184,Sales Team 2185,dept_03,4,emp_014235,4
team_2185,Sales Team 2186,dept_03,7,emp_014239,7
team_2186,Sales Team 2187,dept_03,9,emp_014246,9
team_2187,Sales Team 2188,dept_03,8,emp_014258,8
team_2188,Sales Team 2189,dept_03,7,emp_014264,7
team_2189,Sales Team 2190,dept_03,8,emp_014270,8
team_2190,Sales Team 2191,dept_03,3,emp_014278,3
team_2191,Sales Team 2192,dept_03,7,emp_014286,7
team_2192,Sales Team 2193,dept_03,2,emp_014288,2
team_2193,Sales Team 2194,dept_03,4,emp_014290,4
team_2194,Sales Team 2195,dept_03,6,emp_014294,6
team_2195,Sales Team 2196,dept_03,10,emp_014301,10
team_2196,Sales Team 2197,dept_03,5,emp_014312,5
team_2197,Sales Team 2198,dept_03,4,emp_014314,4
team_2198,Sales Team 2199,dept_03,7,emp_014319,7
team_2199,Sales Team 2200,dept_03,8,emp_014332,8
team_2200,Sales Team 2201,dept_03,4,emp_014333,4
team_2201,Sales Team 2202,dept_03,6,emp_014337,6
team_2202,Sales Team 2203,dept_03,5,emp_014347,5
team_2203,Sales Team 2204,dept_03,8,emp_014354,8
team_2204,Sales Team 2205,dept_03,7,emp_014358,7
team_2205,Sales Team 2206,dept_03,6,emp_014363,6
team_2206,Sales Team 2207,dept_03,6,emp_014369,6
team_2207,Sales Team 2208,dept_03,7,emp_014378,7
team_2208,Sales Team 2209,dept_03,4,emp_014382,4
team_2209,Sales Team 2210,dept_03,10,emp_014388,10
team_2210,Sales Team 2211,dept_03,10,emp_014401,10
team_2211,Sales Team 2212,dept_03,8,emp_014407,8
team_2212,Sales Team 2213,dept_03,4,emp_014415,4
team_2213,Sales Team 2214,dept_03,10,emp_014427,10
team_2214,Sales Team 2215,dept_03,4,emp_014431,4
team_2215,Sales Team 2216,dept_03,8,emp_014432,8
team_2216,Sales Team 2217,dept_03,8,emp_014442,8
team_2217,Sales Team 2218,dept_03,7,emp_014450,7
team_2218,Sales Team 2219,dept_03,8,emp_014455,8
team_2219,Sales Team 2220,dept_03,9,emp_014463,9
team_2220,Sales Team 2221,dept_03,4,emp_014472,4
team_2221,Sales Team 2222,dept_03,9,emp_014482,9
team_2222,Sales Team 2223,dept_03,5,emp_014486,5
team_2223,Sales Team 2224,dept_03,6,emp_014492,6
team_2224,Sales Team 2225,dept_03,4,emp_014499,4
team_2225,Sales Team 2226,dept_03,6,emp_014500,6
team_2226,Sales Team 2227,dept_03,7,emp_014507,7
team_2227,Sales Team 2228,dept_03,6,emp_014513,6
team_2228,Sales Team 2229,dept_03,7,emp_014519,7
team_2229,Sales Team 2230,dept_03,6,emp_014528,6
team_2230,Sales Team 2231,dept_03,6,emp_014532,6
team_2231,Sales Team 2232,dept_03,6,emp_014539,6
team_2232,Sales Team 2233,dept_03,5,emp_014544,5
team_2233,Sales Team 2234,dept_03,9,emp_014551,9
team_2234,Sales Team 2235,dept_03,4,emp_014558,4
team_2235,Sales Team 2236,dept_03,10,emp_014563,10
team_2236,Sales Team 2237,dept_03,6,emp_014575,6
team_2237,Sales Team 2238,dept_03,4,emp_014580,4
team_2238,Sales Team 2239,dept_03,3,emp_014583,3
team_2239,Sales Team 2240,dept_03,5,emp_014585,5
team_2240,Sales Team 2241,dept_03,6,emp_014593,6
team_2241,Sales Team 2242,dept_03,7,emp_014596,7
team_2242,Sales Team 2243,dept_03,10,emp_014607,10
team_2243,Sales Team 2244,dept_03,4,emp_014616,4
team_2244,Sales Team 2245,dept_03,8,emp_014624,8
team_2245,Sales Team 2246,dept_03,8,emp_014626,8
team_2246,Sales Team 2247,dept_03,4,emp_014636,4
team_2247,Sales Team 2248,dept_03,7,emp_014638,7
team_2248,Sales Team 2249,dept_03,10,emp_014650,10
team_2249,Sales Team 2250,dept_03,9,emp_014660,9
team_2250,Sales Team 2251,dept_03,5,emp_014666,5
team_2251,Sales Team 2252,dept_03,9,emp_014675,9
team_2252,Sales Team 2253,dept_03,7,emp_014679,7
team_2253,Sales Team 2254,dept_03,6,emp_014688,6
team_2254,Sales Team 2255,dept_03,6,emp_014694,6
team_2255,Sales Team 2256,dept_03,8,emp_014696,8
team_2256,Sales Team 2257,dept_03,6,emp_014704,6
team_2257,Sales Team 2258,dept_03,8,emp_014712,8
team_2258,Sales Team 2259,dept_03,6,emp_014718,6
team_2259,Sales Team 2260,dept_03,6,emp_014725,6
team_2260,Sales Team 2261,dept_03,7,emp_014732,7
team_2261,Sales Team 2262,dept_03,7,emp_014737,7
team_2262,Sales Team 2263,dept_03,6,emp_014747,6
team_2263,Sales Team 2264,dept_03,6,emp_014752,6
team_2264,Sales Team 2265,dept_03,6,emp_014761,6
team_2265,Sales Team 2266,dept_03,7,emp_014763,7
team_2266,Sales Team 2267,dept_03,4,emp_014772,4
team_2267,Sales Team 2268,dept_03,5,emp_014774,5
team_2268,Sales Team 2269,dept_03,9,emp_014778,9
team_2269,Sales Team 2270,dept_03,7,emp_014791,7
team_2270,Sales Team 2271,dept_03,6,emp_014794,6
team_2271,Sales Team 2272,dept_03,4,emp_014801,4
team_2272,Sales Team 2273,dept_03,7,emp_014804,7
team_2273,Sales Team 2274,dept_03,6,emp_014813,6
team_2274,Sales Team 2275,dept_03,5,emp_014821,5
team_2275,Sales Team 2276,dept_03,9,emp_014827,9
team_2276,Sales Team 2277,dept_03,3,emp_014833,3
team_2277,Sales Team 2278,dept_03,7,emp_014834,7
team_2278,Sales Team 2279,dept_03,9,emp_014848,9
team_2279,Sales Team 2280,dept_03,9,emp_014857,9
team_2280,Sales Team 2281,dept_03,8,emp_014859,8
team_2281,Sales Team 2282,dept_03,7,emp_014872,7
team_2282,Sales Team 2283,dept_03,6,emp_014877,6
team_2283,Sales Team 2284,dept_03,7,emp_014881,7
team_2284,Sales Team 2285,dept_03,7,emp_014887,7
team_2285,Sales Team 2286,dept_03,6,emp_014898,6
team_2286,Sales Team 2287,dept_03,7,emp_014900,7
team_2287,Sales Team 2288,dept_03,9,emp_014911,9
team_2288,Sales Team 2289,dept_03,6,emp_014919,6
team_2289,Sales Team 2290,dept_03,5,emp_014922,5
team_2290,Sales Team 2291,dept_03,4,emp_014927,4
team_2291,Sales Team 2292,dept_03,7,emp_014933,7
team_2292,Sales Team 2293,dept_03,3,emp_014940,3
team_2293,Sales Team 2294,dept_03,9,emp_014948,9
team_2294,Sales Team 2295,dept_03,5,emp_014950,5
team_2295,Sales Team 2296,dept_03,7,emp_014956,7
team_2296,Sales Team 2297,dept_03,9,emp_014962,9
team_2297,Sales Team 2298,dept_03,8,emp_014978,8
team_2298,Sales Team 2299,dept_03,9,emp_014982,9
team_2299,Sales Team 2300,dept_03,11,emp_014990,11
team_2300,Sales Team 2301,dept_03,8,emp_015000,8
team_2301,Sales Team 2302,dept_03,4,emp_015007,4
team_2302,Sales Team 2303,dept_03,10,emp_015011,10
team_2303,Sales Team 2304,dept_03,7,emp_015024,7
team_2304,Sales Team 2305,dept_03,9,emp_015034,9
team_2305,Sales Team 2306,dept_03,9,emp_015039,9
team_2306,Sales Team 2307,dept_03,4,emp_015048,4
team_2307,Sales Team 2308,dept_03,9,emp_015058,9
team_2308,Sales Team 2309,dept_03,5,emp_015060,5
team_2309,Sales Team 2310,dept_03,6,emp_015065,6
team_2310,Sales Team 2311,dept_03,3,emp_015072,3
team_2311,Sales Team 2312,dept_03,9,emp_015075,9
team_2312,Sales Team 2313,dept_03,6,emp_015084,6
team_2313,Sales Team 2314,dept_03,7,emp_015094,7
team_2314,Sales Team 2315,dept_03,3,emp_015095,3
team_2315,Sales Team 2316,dept_03,5,emp_015100,5
team_2316,Sales Team 2317,dept_03,8,emp_015104,8
team_2317,Sales Team 2318,dept_03,9,emp_015112,9
team_2318,Sales Team 2319,dept_03,6,emp_015122,6
team_2319,Sales Team 2320,dept_03,5,emp_015127,5
team_2320,Sales Team 2321,dept_03,6,emp_015136,6
team_2321,Sales Team 2322,dept_03,6,emp_015141,6
team_2322,Sales Team 2323,dept_03,7,emp_015143,7
team_2323,Sales Team 2324,dept_03,6,emp_015151,6
team_2324,Sales Team 2325,dept_03,9,emp_015161,9
team_2325,Sales Team 2326,dept_03,5,emp_015168,5
team_2326,Sales Team 2327,dept_03,7,emp_015172,7
team_2327,Sales Team 2328,dept_03,7,emp_015179,7
team_2328,Sales Team 2329,dept_03,8,emp_015187,8
team_2329,Sales Team 2330,dept_03,4,emp_015193,4
team_2330,Sales Team 2331,dept_03,6,emp_015199,6
team_2331,Sales Team 2332,dept_03,7,emp_015204,7
team_2332,Sales Team 2333,dept_03,8,emp_015209,8
team_2333,Sales Team 2334,dept_03,7,emp_015219,7
team_2334,Sales Team 2335,dept_03,8,emp_015227,8
team_2335,Sales Team 2336,dept_03,6,emp_015237,6
team_2336,Sales Team 2337,dept_03,6,emp_015239,6
team_2337,Sales Team 2338,dept_03,4,emp_015247,4
team_2338,Sales Team 2339,dept_03,8,emp_015249,8
team_2339,Sales Team 2340,dept_03,13,emp_015262,13
team_2340,Sales Team 2341,dept_03,3,emp_015270,3
team_2341,Sales Team 2342,dept_03,6,emp_015275,6
team_2342,Sales Team 2343,dept_03,5,emp_015282,5
team_2343,Sales Team 2344,dept_03,7,emp_015283,7
team_2344,Sales Team 2345,dept_03,10,emp_015298,10
team_2345,Sales Team 2346,dept_03,6,emp_015303,6
team_2346,Sales Team 2347,dept_03,9,emp_015308,9
team_2347,Sales Team 2348,dept_03,7,emp_015318,7
team_2348,Sales Team 2349,dept_03,4,emp_015322,4
team_2349,Sales Team 2350,dept_03,4,emp_015326,4
team_2350,Sales Team 2351,dept_03,4,emp_015332,4
team_2351,Marketing Team 2352,dept_04,6,emp_015334,6
team_2352,Marketing Team 2353,dept_04,9,emp_015341,9
team_2353,Marketing Team 2354,dept_04,7,emp_015350,7
team_2354,Marketing Team 2355,dept_04,7,emp_015361,7
team_2355,Marketing Team 2356,dept_04,4,emp_015364,4
team_2356,Marketing Team 2357,dept_04,6,emp_015369,6
team_2357,Marketing Team 2358,dept_04,3,emp_015373,3
team_2358,Marketing Team 2359,dept_04,7,emp_015379,7
team_2359,Marketing Team 2360,dept_04,6,emp_015384,6
team_2360,Marketing Team 2361,dept_04,9,emp_015390,9
team_2361,Marketing Team 2362,dept_04,5,emp_015399,5
team_2362,Marketing Team 2363,dept_04,7,emp_015405,7
team_2363,Marketing Team 2364,dept_04,5,emp_015411,5
team_2364,Marketing Team 2365,dept_04,8,emp_015422,8
team_2365,Marketing Team 2366,dept_04,4,emp_015423,4
team_2366,Marketing Team 2367,dept_04,7,emp_015428,7
team_2367,Marketing Team 2368,dept_04,6,emp_015435,6
team_2368,Marketing Team 2369,dept_04,2,emp_015441,2
team_2369,Marketing Team 2370,dept_04,5,emp_015443,5
team_2370,Marketing Team 2371,dept_04,9,emp_015447,9
team_2371,Marketing Team 2372,dept_04,9,emp_015457,9
team_2372,Marketing Team 2373,dept_04,6,emp_015467,6
team_2373,Marketing Team 2374,dept_04,9,emp_015471,9
team_2374,Marketing Team 2375,dept_04,7,emp_015481,7
team_2375,Marketing Team 2376,dept_04,8,emp_015487,8
team_2376,Marketing Team 2377,dept_04,6,emp_015496,6
team_2377,Marketing Team 2378,dept_04,5,emp_015505,5
team_2378,Marketing Team 2379,dept_04,6,emp_015507,6
team_2379,Marketing Team 2380,dept_04,9,emp_015513,9
team_2380,Marketing Team 2381,dept_04,6,emp_015526,6
team_2381,Marketing Team 2382,dept_04,2,emp_015527,2
team_2382,Marketing Team 2383,dept_04,7,emp_015531,7
team_2383,Marketing Team 2384,dept_04,5,emp_015537,5
team_2384,Marketing Team 2385,dept_04,2,emp_015541,2
team_2385,Marketing Team 2386,dept_04,6,emp_015547,6
team_2386,Marketing Team 2387,dept_04,6,emp_015549,6
team_2387,Marketing Team 2388,dept_04,6,emp_015559,6
team_2388,Marketing Team 2389,dept_04,7,emp_015561,7
team_2389,Marketing Team 2390,dept_04,6,emp_015570,6
team_2390,Marketing Team 2391,dept_04,7,emp_015579,7
team_2391,Marketing Team 2392,dept_04,5,emp_015585,5
team_2392,Marketing Team 2393,dept_04,4,emp_015588,4
team_2393,Marketing Team 2394,dept_04,6,emp_015591,6
team_2394,Marketing Team 2395,dept_04,5,emp_015598,5
team_2395,Marketing Team 2396,dept_04,5,emp_015605,5
team_2396,Marketing Team 2397,dept_04,5,emp_015609,5
team_2397,Marketing Team 2398,dept_04,6,emp_015612,6
team_2398,Marketing Team 2399,dept_04,4,emp_015617,4
team_2399,Marketing Team 2400,dept_04,5,emp_015624,5
team_2400,Marketing Team 2401,dept_04,5,emp_015627,5
team_2401,Marketing Team 2402,dept_04,9,emp_015638,9
team_2402,Marketing Team 2403,dept_04,7,emp_015642,7
team_2403,Marketing Team 2404,dept_04,7,emp_015648,7
team_2404,Marketing Team 2405,dept_04,10,emp_015654,10
team_2405,Marketing Team 2406,dept_04,4,emp_015667,4
team_2406,Marketing Team 2407,dept_04,7,emp_015670,7
team_2407,Marketing Team 2408,dept_04,9,emp_015680,9
team_2408,Marketing Team 2409,dept_04,6,emp_015684,6
team_2409,Marketing Team 2410,dept_04,6,emp_015690,6
team_2410,Marketing Team 2411,dept_04,6,emp_015700,6
team_2411,Marketing Team 2412,dept_04,7,emp_015706,7
team_2412,Marketing Team 2413,dept_04,7,emp_015715,7
team_2413,Marketing Team 2414,dept_04,6,emp_015719,6
team_2414,Marketing Team 2415,dept_04,9,emp_015728,9
team_2415,Marketing Team 2416,dept_04,9,emp_015731,9
team_2416,Marketing Team 2417,dept_04,8,emp_015747,8
team_2417,Marketing Team 2418,dept_04,3,emp_015748,3
team_2418,Marketing Team 2419,dept_04,7,emp_015755,7
team_2419,Marketing Team 2420,dept_04,6,emp_015759,6
team_2420,Marketing Team 2421,dept_04,4,emp_015766,4
team_2421,Marketing Team 2422,dept_04,7,emp_015774,7
team_2422,Marketing Team 2423,dept_04,4,emp_015778,4
team_2423,Marketing Team 2424,dept_04,8,emp_015782,8
team_2424,Marketing Team 2425,dept_04,8,emp_015793,8
team_2425,Marketing Team 2426,dept_04,6,emp_015797,6
team_2426,Marketing Team 2427,dept_04,10,emp_015804,10
team_2427,Marketing Team 2428,dept_04,4,emp_015812,4
team_2428,Marketing Team 2429,dept_04,10,emp_015823,10
team_2429,Marketing Team 2430,dept_04,7,emp_015825,7
team_2430,Marketing Team 2431,dept_04,6,emp_015832,6
team_2431,Marketing Team 2432,dept_04,6,emp_015839,6
team_2432,Marketing Team 2433,dept_04,10,emp_015847,10
team_2433,Marketing Team 2434,dept_04,7,emp_015856,7
team_2434,Marketing Team 2435,dept_04,6,emp_015866,6
team_2435,Marketing Team 2436,dept_04,11,emp_015868,11
team_2436,Marketing Team 2437,dept_04,7,emp_015882,7
team_2437,Marketing Team 2438,dept_04,11,emp_015887,11
team_2438,Marketing Team 2439,dept_04,6,emp_015899,6
team_2439,Marketing Team 2440,dept_04,8,emp_015902,8
team_2440,Marketing Team 2441,dept_04,5,emp_015911,5
team_2441,Marketing Team 2442,dept_04,5,emp_015919,5
team_2442,Marketing Team 2443,dept_04,6,emp_015924,6
team_2443,Marketing Team 2444,dept_04,3,emp_015927,3
team_2444,Marketing Team 2445,dept_04,5,emp_015929,5
team_2445,Marketing Team 2446,dept_04,4,emp_015934,4
team_2446,Marketing Team 2447,dept_04,5,emp_015939,5
team_2447,Marketing Team 2448,dept_04,9,emp_015947,9
team_2448,Marketing Team 2449,dept_04,6,emp_015955,6
team_2449,Marketing Team 2450,dept_04,6,emp_015958,6
team_2450,Marketing Team 2451,dept_04,5,emp_015967,5
team_2451,Marketing Team 2452,dept_04,7,emp_015972,7
team_2452,Marketing Team 2453,dept_04,7,emp_015979,7
team_2453,Marketing Team 2454,dept_04,9,emp_015990,9
team_2454,Marketing Team 2455,dept_04,7,emp_015997,7
team_2455,Marketing Team 2456,dept_04,8,emp_015999,8
team_2456,Marketing Team 2457,dept_04,7,emp_016010,7
team_2457,Marketing Team 2458,dept_04,10,emp_016018,10
team_2458,Marketing Team 2459,dept_04,4,emp_016024,4
team_2459,Marketing Team 2460,dept_04,7,emp_016028,7
team_2460,Marketing Team 2461,dept_04,5,emp_016038,5
team_2461,Marketing Team 2462,dept_04,3,emp_016041,3
team_2462,Marketing Team 2463,dept_04,6,emp_016048,6
team_2463,Marketing Team 2464,dept_04,4,emp_016050,4
team_2464,Marketing Team 2465,dept_04,8,emp_016053,8
team_2465,Marketing Team 2466,dept_04,7,emp_016065,7
team_2466,Marketing Team 2467,dept_04,5,emp_016069,5
team_2467,Marketing Team 2468,dept_04,5,emp_016074,5
team_2468,Marketing Team 2469,dept_04,8,emp_016084,8
team_2469,Marketing Team 2470,dept_04,7,emp_016089,7
team_2470,Marketing Team 2471,dept_04,9,emp_016096,9
team_2471,Marketing Team 2472,dept_04,5,emp_016105,5
team_2472,Marketing Team 2473,dept_04,11,emp_016108,11
team_2473,Marketing Team 2474,dept_04,5,emp_016121,5
team_2474,Marketing Team 2475,dept_04,2,emp_016124,2
team_2475,Marketing Team 2476,dept_04,7,emp_016129,7
team_2476,Marketing Team 2477,dept_04,10,emp_016132,10
team_2477,Marketing Team 2478,dept_04,5,emp_016144,5
team_2478,Marketing Team 2479,dept_04,4,emp_016147,4
team_2479,Marketing Team 2480,dept_04,2,emp_016151,2
team_2480,Marketing Team 2481,dept_04,4,emp_016156,4
team_2481,Marketing Team 2482,dept_04,6,emp_016160,6
team_2482,Marketing Team 2483,dept_04,6,emp_016167,6
team_2483,Marketing Team 2484,dept_04,7,emp_016171,7
team_2484,Marketing Team 2485,dept_04,9,emp_016176,9
team_2485,Marketing Team 2486,dept_04,4,emp_016185,4
team_2486,Marketing Team 2487,dept_04,8,emp_016191,8
team_2487,Marketing Team 2488,dept_04,6,emp_016201,6
team_2488,Marketing Team 2489,dept_04,9,emp_016211,9
team_2489,Marketing Team 2490,dept_04,7,emp_016216,7
team_2490,Marketing Team 2491,dept_04,7,emp_016220,7
team_2491,Marketing Team 2492,dept_04,7,emp_016231,7
team_2492,Marketing Team 2493,dept_04,5,emp_016233,5
team_2493,Marketing Team 2494,dept_04,5,emp_016238,5
team_2494,Marketing Team 2495,dept_04,6,emp_016246,6
team_2495,Marketing Team 2496,dept_04,4,emp_016251,4
team_2496,Marketing Team 2497,dept_04,9,emp_016254,9
team_2497,Marketing Team 2498,dept_04,4,emp_016263,4
team_2498,Marketing Team 2499,dept_04,7,emp_016266,7
team_2499,Marketing Team 2500,dept_04,7,emp_016275,7
team_2500,Marketing Team 2501,dept_04,5,emp_016281,5
team_2501,Marketing Team 2502,dept_04,6,emp_016286,6
team_2502,Marketing Team 2503,dept_04,7,emp_016292,7
team_2503,Marketing Team 2504,dept_04,8,emp_016299,8
team_2504,Marketing Team 2505,dept_04,7,emp_016312,7
team_2505,Marketing Team 2506,dept_04,7,emp_016316,7
team_2506,Marketing Team 2507,dept_04,7,emp_016320,7
team_2507,Marketing Team 2508,dept_04,12,emp_016330,12
team_2508,Marketing Team 2509,dept_04,4,emp_016341,4
team_2509,Marketing Team 2510,dept_04,2,emp_016344,2
team_2510,Marketing Team 2511,dept_04,9,emp_016349,9
team_2511,Marketing Team 2512,dept_04,9,emp_016357,9
team_2512,Marketing Team 2513,dept_04,7,emp_016368,7
team_2513,Marketing Team 2514,dept_04,4,emp_016370,4
team_2514,Marketing Team 2515,dept_04,9,emp_016375,9
team_2515,Marketing Team 2516,dept_04,8,emp_016387,8
team_2516,Marketing Team 2517,dept_04,8,emp_016393,8
team_2517,Marketing Team 2518,dept_04,9,emp_016405,9
team_2518,Marketing Team 2519,dept_04,5,emp_016412,5
team_2519,Marketing Team 2520,dept_04,4,emp_016415,4
team_2520,Marketing Team 2521,dept_04,7,emp_016419,7
team_2521,Marketing Team 2522,dept_04,6,emp_016424,6
team_2522,Marketing Team 2523,dept_04,5,emp_016430,5
team_2523,Marketing Team 2524,dept_04,7,emp_016439,7
team_2524,Marketing Team 2525,dept_04,4,emp_016443,4
team_2525,Marketing Team 2526,dept_04,6,emp_016449,6
team_2526,Marketing Team 2527,dept_04,8,emp_016453,8
team_2527,Marketing Team 2528,dept_04,4,emp_016460,4
team_2528,Marketing Team 2529,dept_04,5,emp_016464,5
team_2529,Marketing Team 2530,dept_04,4,emp_016471,4
team_2530,Marketing Team 2531,dept_04,3,emp_016473,3
team_2531,Marketing Team 2532,dept_04,7,emp_016478,7
team_2532,Marketing Team 2533,dept_04,6,emp_016484,6
team_2533,Marketing Team 2534,dept_04,4,emp_016491,4
team_2534,Marketing Team 2535,dept_04,7,emp_016497,7
team_2535,Marketing Team 2536,dept_04,5,emp_016503,5
team_2536,Marketing Team 2537,dept_04,7,emp_016507,7
team_2537,Marketing Team 2538,dept_04,5,emp_016516,5
team_2538,Marketing Team 2539,dept_04,7,emp_016520,7
team_2539,Marketing Team 2540,dept_04,8,emp_016530,8
team_2540,Marketing Team 2541,dept_04,4,emp_016533,4
team_2541,Marketing Team 2542,dept_04,6,emp_016536,6
team_2542,Marketing Team 2543,dept_04,6,emp_016545,6
team_2543,Marketing Team 2544,dept_04,5,emp_016548,5
team_2544,Marketing Team 2545,dept_04,6,emp_016554,6
team_2545,Marketing Team 2546,dept_04,5,emp_016560,5
team_2546,Marketing Team 2547,dept_04,9,emp_016567,9
team_2547,Marketing Team 2548,dept_04,6,emp_016577,6
team_2548,Marketing Team 2549,dept_04,6,emp_016584,6
team_2549,Marketing Team 2550,dept_04,10,emp_016592,10
team_2550,Marketing Team 2551,dept_04,8,emp_016600,8
team_2551,Marketing Team 2552,dept_04,5,emp_016604,5
team_2552,Marketing Team 2553,dept_04,6,emp_016613,6
team_2553,Marketing Team 2554,dept_04,7,emp_016614,7
team_2554,Marketing Team 2555,dept_04,6,emp_016622,6
team_2555,Marketing Team 2556,dept_04,5,emp_016628,5
team_2556,Marketing Team 2557,dept_04,6,emp_016635,6
team_2557,Marketing Team 2558,dept_04,5,emp_016638,5
team_2558,Marketing Team 2559,dept_04,9,emp_016645,9
team_2559,Marketing Team 2560,dept_04,9,emp_016653,9
team_2560,Marketing Team 2561,dept_04,5,emp_016663,5
team_2561,Marketing Team 2562,dept_04,8,emp_016668,8
team_2562,Marketing Team 2563,dept_04,6,emp_016679,6
team_2563,Marketing Team 2564,dept_04,4,emp_016682,4
team_2564,Marketing Team 2565,dept_04,6,emp_016689,6
team_2565,Marketing Team 2566,dept_04,8,emp_016692,8
team_2566,Marketing Team 2567,dept_04,9,emp_016704,9
team_2567,Marketing Team 2568,dept_04,6,emp_016708,6
team_2568,Marketing Team 2569,dept_04,6,emp_016714,6
team_2569,Marketing Team 2570,dept_04,8,emp_016723,8
team_2570,Marketing Team 2571,dept_04,8,emp_016731,8
team_2571,Marketing Team 2572,dept_04,3,emp_016737,3
team_2572,Marketing Team 2573,dept_04,9,emp_016738,9
team_2573,Marketing Team 2574,dept_04,4,emp_016747,4
team_2574,Marketing Team 2575,dept_04,8,emp_016754,8
team_2575,Marketing Team 2576,dept_04,9,emp_016764,9
team_2576,Marketing Team 2577,dept_04,7,emp_016772,7
team_2577,Marketing Team 2578,dept_04,5,emp_016776,5
team_2578,Marketing Team 2579,dept_04,6,emp_016781,6
team_2579,Marketing Team 2580,dept_04,9,emp_016794,9
team_2580,Marketing Team 2581,dept_04,5,emp_016795,5
team_2581,Marketing Team 2582,dept_04,3,emp_016802,3
team_2582,Marketing Team 2583,dept_04,7,emp_016803,7
team_2583,Marketing Team 2584,dept_04,6,emp_016810,6
team_2584,Marketing Team 2585,dept_04,5,emp_016818,5
team_2585,Marketing Team 2586,dept_04,8,emp_016825,8
team_2586,Marketing Team 2587,dept_04,8,emp_016836,8
team_2587,Marketing Team 2588,dept_04,7,emp_016839,7
team_2588,Marketing Team 2589,dept_04,6,emp_016844,6
team_2589,Marketing Team 2590,dept_04,5,emp_016854,5
team_2590,Marketing Team 2591,dept_04,6,emp_016856,6
team_2591,Marketing Team 2592,dept_04,2,emp_016862,2
team_2592,Marketing Team 2593,dept_04,4,emp_016866,4
team_2593,Marketing Team 2594,dept_04,5,emp_016867,5
team_2594,Marketing Team 2595,dept_04,7,emp_016874,7
team_2595,Marketing Team 2596,dept_04,2,emp_016880,2
team_2596,Marketing Team 2597,dept_04,6,emp_016884,6
team_2597,Marketing Team 2598,dept_04,8,emp_016890,8
team_2598,Marketing Team 2599,dept_04,6,emp_016895,6
team_2599,Marketing Team 2600,dept_04,5,emp_016904,5
team_2600,Marketing Team 2601,dept_04,9,emp_016911,9
team_2601,Marketing Team 2602,dept_04,8,emp_016915,8
team_2602,Marketing Team 2603,dept_04,9,emp_016931,9
team_2603,Marketing Team 2604,dept_04,6,emp_016932,6
team_2604,Marketing Team 2605,dept_04,5,emp_016939,5
team_2605,Marketing Team 2606,dept_04,4,emp_016943,4
team_2606,Marketing Team 2607,dept_04,5,emp_016949,5
team_2607,Marketing Team 2608,dept_04,6,emp_016953,6
team_2608,Marketing Team 2609,dept_04,6,emp_016958,6
team_2609,Marketing Team 2610,dept_04,9,emp_016972,9
team_2610,Marketing Team 2611,dept_04,7,emp_016977,7
team_2611,Marketing Team 2612,dept_04,7,emp_016980,7
team_2612,Marketing Team 2613,dept_04,4,emp_016988,4
team_2613,Marketing Team 2614,dept_04,5,emp_016991,5
team_2614,Marketing Team 2615,dept_04,6,emp_017000,6
team_2615,Marketing Team 2616,dept_04,7,emp_017002,7
team_2616,Marketing Team 2617,dept_04,7,emp_017009,7
team_2617,Marketing Team 2618,dept_04,6,emp_017018,6
team_2618,Marketing Team 2619,dept_04,6,emp_017022,6
team_2619,Marketing Team 2620,dept_04,2,emp_017028,2
team_2620,Marketing Team 2621,dept_04,11,emp_017038,11
team_2621,Marketing Team 2622,dept_04,6,emp_017046,6
team_2622,Marketing Team 2623,dept_04,4,emp_017048,4
team_2623,Marketing Team 2624,dept_04,4,emp_017053,4
team_2624,Marketing Team 2625,dept_04,6,emp_017058,6
team_2625,Marketing Team 2626,dept_04,5,emp_017061,5
team_2626,Marketing Team 2627,dept_04,7,emp_017068,7
team_2627,Marketing Team 2628,dept_04,4,emp_017076,4
team_2628,Marketing Team 2629,dept_04,6,emp_017079,6
team_2629,Marketing Team 2630,dept_04,9,emp_017088,9
team_2630,Marketing Team 2631,dept_04,5,emp_017094,5
team_2631,Marketing Team 2632,dept_04,4,emp_017100,4
team_2632,Marketing Team 2633,dept_04,4,emp_017102,4
team_2633,Marketing Team 2634,dept_04,5,emp_017107,5
team_2634,Marketing Team 2635,dept_04,6,emp_017113,6
team_2635,Marketing Team 2636,dept_04,9,emp_017117,9
team_2636,Marketing Team 2637,dept_04,8,emp_017127,8
team_2637,Marketing Team 2638,dept_04,3,emp_017133,3
team_2638,Marketing Team 2639,dept_04,6,emp_017140,6
team_2639,Marketing Team 2640,dept_04,4,emp_017143,4
team_2640,Marketing Team 2641,dept_04,6,emp_017150,6
team_2641,Marketing Team 2642,dept_04,5,emp_017152,5
team_2642,Marketing Team 2643,dept_04,8,emp_017157,8
team_2643,Marketing Team 2644,dept_04,6,emp_017165,6
team_2644,Marketing Team 2645,dept_04,9,emp_017175,9
team_2645,Marketing Team 2646,dept_04,7,emp_017185,7
team_2646,Marketing Team 2647,dept_04,10,emp_017194,10
team_2647,Marketing Team 2648,dept_04,7,emp_017198,7
team_2648,Marketing Team 2649,dept_04,5,emp_017204,5
team_2649,Marketing Team 2650,dept_04,9,emp_017212,9
team_2650,Marketing Team 2651,dept_04,6,emp_017220,6
team_2651,Marketing Team 2652,dept_04,3,emp_017225,3
team_2652,Marketing Team 2653,dept_04,7,emp_017232,7
team_2653,Marketing Team 2654,dept_04,9,emp_017241,9
team_2654,Marketing Team 2655,dept_04,5,emp_017244,5
team_2655,Marketing Team 2656,dept_04,6,emp_017248,6
team_2656,Marketing Team 2657,dept_04,8,emp_017258,8
team_2657,Marketing Team 2658,dept_04,6,emp_017263,6
team_2658,Marketing Team 2659,dept_04,6,emp_017268,6
team_2659,Marketing Team 2660,dept_04,3,emp_017276,3
team_2660,Marketing Team 2661,dept_04,4,emp_017277,4
team_2661,Marketing Team 2662,dept_04,4,emp_017282,4
team_2662,Marketing Team 2663,dept_04,8,emp_017288,8
team_2663,Marketing Team 2664,dept_04,7,emp_017294,7
team_2664,Marketing Team 2665,dept_04,6,emp_017304,6
team_2665,Marketing Team 2666,dept_04,8,emp_017306,8
team_2666,Marketing Team 2667,dept_04,10,emp_017317,10
team_2667,Marketing Team 2668,dept_04,7,emp_017325,7
team_2668,Marketing Team 2669,dept_04,4,emp_017332,4
team_2669,Marketing Team 2670,dept_04,6,emp_017335,6
team_2670,Marketing Team 2671,dept_04,2,emp_017342,2
team_2671,Marketing Team 2672,dept_04,5,emp_017344,5
team_2672,Marketing Team 2673,dept_04,6,emp_017349,6
team_2673,Marketing Team 2674,dept_04,3,emp_017354,3
team_2674,Marketing Team 2675,dept_04,7,emp_017360,7
team_2675,Marketing Team 2676,dept_04,8,emp_017364,8
team_2676,Marketing Team 2677,dept_04,5,emp_017372,5
team_2677,Marketing Team 2678,dept_04,5,emp_017381,5
team_2678,Marketing Team 2679,dept_04,8,emp_017388,8
team_2679,Marketing Team 2680,dept_04,7,emp_017395,7
team_2680,Marketing Team 2681,dept_04,9,emp_017405,9
team_2681,Marketing Team 2682,dept_04,9,emp_017409,9
team_2682,Marketing Team 2683,dept_04,4,emp_017416,4
team_2683,Marketing Team 2684,dept_04,5,emp_017419,5
team_2684,Marketing Team 2685,dept_04,4,emp_017427,4
team_2685,Marketing Team 2686,dept_04,6,emp_017428,6
team_2686,Marketing Team 2687,dept_04,3,emp_017436,3
team_2687,Marketing Team 2688,dept_04,6,emp_017442,6
team_2688,Marketing Team 2689,dept_04,6,emp_017443,6
team_2689,Marketing Team 2690,dept_04,8,emp_017450,8
team_2690,Marketing Team 2691,dept_04,9,emp_017463,9
team_2691,Marketing Team 2692,dept_04,10,emp_017467,10
team_2692,Marketing Team 2693,dept_04,2,emp_017477,2
team_2693,Marketing Team 2694,dept_04,7,emp_017478,7
team_2694,Marketing Team 2695,dept_04,6,emp_017486,6
team_2695,Marketing Team 2696,dept_04,4,emp_017493,4
team_2696,Marketing Team 2697,dept_04,10,emp_017500,10
team_2697,Marketing Team 2698,dept_04,6,emp_017509,6
team_2698,Marketing Team 2699,dept_04,8,emp_017512,8
team_2699,Marketing Team 2700,dept_04,9,emp_017523,9
team_2700,Marketing Team 2701,dept_04,6,emp_017532,6
team_2701,Marketing Team 2702,dept_04,10,emp_017537,10
team_2702,Marketing Team 2703,dept_04,2,emp_017544,2
team_2703,Marketing Team 2704,dept_04,9,emp_017546,9
team_2704,Marketing Team 2705,dept_04,4,emp_017555,4
team_2705,Marketing Team 2706,dept_04,8,emp_017561,8
team_2706,Marketing Team 2707,dept_04,5,emp_017567,5
team_2707,Marketing Team 2708,dept_04,6,emp_017577,6
team_2708,Marketing Team 2709,dept_04,8,emp_017580,8
team_2709,Marketing Team 2710,dept_04,8,emp_017591,8
team_2710,Marketing Team 2711,dept_04,10,emp_017598,10
team_2711,Marketing Team 2712,dept_04,10,emp_017608,10
team_2712,Marketing Team 2713,dept_04,5,emp_017614,5
team_2713,Marketing Team 2714,dept_04,6,emp_017621,6
team_2714,Marketing Team 2715,dept_04,8,emp_017629,8
team_2715,Marketing Team 2716,dept_04,7,emp_017635,7
team_2716,Marketing Team 2717,dept_04,5,emp_017640,5
team_2717,Marketing Team 2718,dept_04,7,emp_017651,7
team_2718,Marketing Team 2719,dept_04,8,emp_017658,8
team_2719,Marketing Team 2720,dept_04,8,emp_017660,8
team_2720,Marketing Team 2721,dept_04,10,emp_017673,10
team_2721,Marketing Team 2722,dept_04,5,emp_017680,5
team_2722,Marketing Team 2723,dept_04,6,emp_017686,6
team_2723,Marketing Team 2724,dept_04,7,emp_017689,7
team_2724,Marketing Team 2725,dept_04,4,emp_017699,4
team_2725,Marketing Team 2726,dept_04,5,emp_017704,5
team_2726,Marketing Team 2727,dept_04,6,emp_017707,6
team_2727,Marketing Team 2728,dept_04,4,emp_017711,4
team_2728,Marketing Team 2729,dept_04,4,emp_017717,4
team_2729,Marketing Team 2730,dept_04,9,emp_017720,9
team_2730,Marketing Team 2731,dept_04,4,emp_017728,4
team_2731,Marketing Team 2732,dept_04,9,emp_017732,9
team_2732,Marketing Team 2733,dept_04,8,emp_017745,8
team_2733,Marketing Team 2734,dept_04,5,emp_017753,5
team_2734,Marketing Team 2735,dept_04,8,emp_017758,8
team_2735,Marketing Team 2736,dept_04,5,emp_017765,5
team_2736,Marketing Team 2737,dept_04,6,emp_017771,6
team_2737,Marketing Team 2738,dept_04,5,emp_017776,5
team_2738,Marketing Team 2739,dept_04,5,emp_017780,5
team_2739,Marketing Team 2740,dept_04,9,emp_017788,9
team_2740,Marketing Team 2741,dept_04,7,emp_017792,7
team_2741,Marketing Team 2742,dept_04,8,emp_017801,8
team_2742,Marketing Team 2743,dept_04,7,emp_017807,7
team_2743,Marketing Team 2744,dept_04,13,emp_017820,13
team_2744,Marketing Team 2745,dept_04,4,emp_017829,4
team_2745,Marketing Team 2746,dept_04,8,emp_017832,8
team_2746,Marketing Team 2747,dept_04,10,emp_017842,10
team_2747,Marketing Team 2748,dept_04,5,emp_017850,5
team_2748,Marketing Team 2749,dept_04,7,emp_017858,7
team_2749,Marketing Team 2750,dept_04,10,emp_017870,10
team_2750,Marketing Team 2751,dept_04,11,emp_017879,11
team_2751,Customer Success Team 2752,dept_05,10,emp_017886,10
team_2752,Customer Success Team 2753,dept_05,11,emp_017893,11
team_2753,Customer Success Team 2754,dept_05,8,emp_017903,8
team_2754,Customer Success Team 2755,dept_05,7,emp_017912,7
team_2755,Customer Success Team 2756,dept_05,9,emp_017923,9
team_2756,Customer Success Team 2757,dept_05,10,emp_017927,10
team_2757,Customer Success Team 2758,dept_05,5,emp_017941,5
team_2758,Customer Success Team 2759,dept_05,11,emp_017943,11
team_2759,Customer Success Team 2760,dept_05,7,emp_017953,7
team_2760,Customer Success Team 2761,dept_05,5,emp_017961,5
team_2761,Customer Success Team 2762,dept_05,10,emp_017969,10
team_2762,Customer Success Team 2763,dept_05,6,emp_017975,6
team_2763,Customer Success Team 2764,dept_05,5,emp_017983,5
team_2764,Customer Success Team 2765,dept_05,8,emp_017986,8
team_2765,Customer Success Team 2766,dept_05,6,emp_017994,6
team_2766,Customer Success Team 2767,dept_05,5,emp_018001,5
team_2767,Customer Success Team 2768,dept_05,10,emp_018012,10
team_2768,Customer Success Team 2769,dept_05,4,emp_018015,4
team_2769,Customer Success Team 2770,dept_05,7,emp_018022,7
team_2770,Customer Success Team 2771,dept_05,9,emp_018034,9
team_2771,Customer Success Team 2772,dept_05,8,emp_018040,8
team_2772,Customer Success Team 2773,dept_05,4,emp_018045,4
team_2773,Customer Success Team 2774,dept_05,6,emp_018047,6
team_2774,Customer Success Team 2775,dept_05,5,emp_018054,5
team_2775,Customer Success Team 2776,dept_05,8,emp_018064,8
team_2776,Customer Success Team 2777,dept_05,4,emp_018066,4
team_2777,Customer Success Team 2778,dept_05,11,emp_018079,11
team_2778,Customer Success Team 2779,dept_05,6,emp_018083,6
team_2779,Customer Success Team 2780,dept_05,6,emp_018088,6
team_2780,Customer Success Team 2781,dept_05,4,emp_018094,4
team_2781,Customer Success Team 2782,dept_05,7,emp_018101,7
team_2782,Customer Success Team 2783,dept_05,6,emp_018104,6
team_2783,Customer Success Team 2784,dept_05,5,emp_018114,5
team_2784,Customer Success Team 2785,dept_05,3,emp_018115,3
team_2785,Customer Success Team 2786,dept_05,9,emp_018119,9
team_2786,Customer Success Team 2787,dept_05,7,emp_018131,7
team_2787,Customer Success Team 2788,dept_05,4,emp_018135,4
team_2788,Customer Success Team 2789,dept_05,5,emp_018141,5
team_2789,Customer Success Team 2790,dept_05,8,emp_018143,8
team_2790,Customer Success Team 2791,dept_05,6,emp_018153,6
team_2791,Customer Success Team 2792,dept_05,7,emp_018157,7
team_2792,Customer Success Team 2793,dept_05,4,emp_018164,4
team_2793,Customer Success Team 2794,dept_05,9,emp_018169,9
team_2794,Customer Success Team 2795,dept_05,3,emp_018177,3
team_2795,Customer Success Team 2796,dept_05,6,emp_018183,6
team_2796,Customer Success Team 2797,dept_05,3,emp_018187,3
team_2797,Customer Success Team 2798,dept_05,7,emp_018194,7
team_2798,Customer Success Team 2799,dept_05,7,emp_018201,7
team_2799,Customer Success Team 2800,dept_05,6,emp_018203,6
team_2800,Customer Success Team 2801,dept_05,8,emp_018210,8
team_2801,Customer Success Team 2802,dept_05,8,emp_018220,8
team_2802,Customer Success Team 2803,dept_05,4,emp_018225,4
team_2803,Customer Success Team 2804,dept_05,6,emp_018233,6
team_2804,Customer Success Team 2805,dept_05,4,emp_018236,4
team_2805,Customer Success Team 2806,dept_05,9,emp_018241,9
team_2806,Customer Success Team 2807,dept_05,2,emp_018248,2
team_2807,Customer Success Team 2808,dept_05,4,emp_018251,4
team_2808,Customer Success Team 2809,dept_05,5,emp_018254,5
team_2809,Customer Success Team 2810,dept_05,6,emp_018259,6
team_2810,Customer Success Team 2811,dept_05,9,emp_018269,9
team_2811,Customer Success Team 2812,dept_05,4,emp_018276,4
team_2812,Customer Success Team 2813,dept_05,6,emp_018279,6
team_2813,Customer Success Team 2814,dept_05,7,emp_018285,7
team_2814,Customer Success Team 2815,dept_05,8,emp_018292,8
team_2815,Customer Success Team 2816,dept_05,6,emp_018301,6
team_2816,Customer Success Team 2817,dept_05,7,emp_018311,7
team_2817,Customer Success Team 2818,dept_05,7,emp_018317,7
team_2818,Customer Success Team 2819,dept_05,7,emp_018324,7
team_2819,Customer Success Team 2820,dept_05,7,emp_018329,7
team_2820,Customer Success Team 2821,dept_05,3,emp_018333,3
team_2821,Customer Success Team 2822,dept_05,7,emp_018341,7
team_2822,Customer Success Team 2823,dept_05,6,emp_018343,6
team_2823,Customer Success Team 2824,dept_05,6,emp_018354,6
team_2824,Customer Success Team 2825,dept_05,8,emp_018356,8
team_2825,Customer Success Team 2826,dept_05,8,emp_018364,8
team_2826,Customer Success Team 2827,dept_05,9,emp_018373,9
team_2827,Customer Success Team 2828,dept_05,7,emp_018386,7
team_2828,Customer Success Team 2829,dept_05,6,emp_018390,6
team_2829,Customer Success Team 2830,dept_05,7,emp_018394,7
team_2830,Customer Success Team 2831,dept_05,4,emp_018403,4
team_2831,Customer Success Team 2832,dept_05,6,emp_018407,6
team_2832,Customer Success Team 2833,dept_05,4,emp_018410,4
team_2833,Customer Success Team 2834,dept_05,11,emp_018417,11
team_2834,Customer Success Team 2835,dept_05,8,emp_018426,8
team_2835,Customer Success Team 2836,dept_05,7,emp_018433,7
team_2836,Customer Success Team 2837,dept_05,9,emp_018443,9
team_2837,Customer Success Team 2838,dept_05,9,emp_018449,9
team_2838,Customer Success Team 2839,dept_05,7,emp_018464,7
team_2839,Customer Success Team 2840,dept_05,9,emp_018466,9
team_2840,Customer Success Team 2841,dept_05,7,emp_018476,7
team_2841,Customer Success Team 2842,dept_05,9,emp_018489,9
team_2842,Customer Success Team 2843,dept_05,6,emp_018490,6
team_2843,Customer Success Team 2844,dept_05,7,emp_018502,7
team_2844,Customer Success Team 2845,dept_05,7,emp_018506,7
team_2845,Customer Success Team 2846,dept_05,8,emp_018513,8
team_2846,Customer Success Team 2847,dept_05,5,emp_018518,5
team_2847,Customer Success Team 2848,dept_05,7,emp_018525,7
team_2848,Customer Success Team 2849,dept_05,5,emp_018533,5
team_2849,Customer Success Team 2850,dept_05,7,emp_018535,7
team_2850,Customer Success Team 2851,dept_05,3,emp_018544,3
team_2851,Customer Success Team 2852,dept_05,2,emp_018545,2
team_2852,Customer Success Team 2853,dept_05,6,emp_018547,6
team_2853,Customer Success Team 2854,dept_05,7,emp_018557,7
team_2854,Customer Success Team 2855,dept_05,4,emp_018562,4
team_2855,Customer Success Team 2856,dept_05,11,emp_018567,11
team_2856,Customer Success Team 2857,dept_05,4,emp_018578,4
team_2857,Customer Success Team 2858,dept_05,4,emp_018582,4
team_2858,Customer Success Team 2859,dept_05,6,emp_018584,6
team_2859,Customer Success Team 2860,dept_05,5,emp_018590,5
team_2860,Customer Success Team 2861,dept_05,7,emp_018600,7
team_2861,Customer Success Team 2862,dept_05,4,emp_018602,4
team_2862,Customer Success Team 2863,dept_05,8,emp_018607,8
team_2863,Customer Success Team 2864,dept_05,4,emp_018613,4
team_2864,Customer Success Team 2865,dept_05,5,emp_018618,5
team_2865,Customer Success Team 2866,dept_05,6,emp_018627,6
team_2866,Customer Success Team 2867,dept_05,4,emp_018630,4
team_2867,Customer Success Team 2868,dept_05,7,emp_018634,7
team_2868,Customer Success Team 2869,dept_05,6,emp_018642,6
team_2869,Customer Success Team 2870,dept_05,8,emp_018649,8
team_2870,Customer Success Team 2871,dept_05,4,emp_018654,4
team_2871,Customer Success Team 2872,dept_05,6,emp_018658,6
team_2872,Customer Success Team 2873,dept_05,6,emp_018666,6
team_2873,Customer Success Team 2874,dept_05,8,emp_018673,8
team_2874,Customer Success Team 2875,dept_05,7,emp_018679,7
team_2875,Customer Success Team 2876,dept_05,7,emp_018690,7
team_2876,Customer Success Team 2877,dept_05,8,emp_018695,8
team_2877,Customer Success Team 2878,dept_05,9,emp_018705,9
team_2878,Customer Success Team 2879,dept_05,7,emp_018708,7
team_2879,Customer Success Team 2880,dept_05,3,emp_018717,3
team_2880,Customer Success Team 2881,dept_05,5,emp_018721,5
team_2881,Customer Success Team 2882,dept_05,10,emp_018724,10
team_2882,Customer Success Team 2883,dept_05,6,emp_018737,6
team_2883,Customer Success Team 2884,dept_05,8,emp_018741,8
team_2884,Customer Success Team 2885,dept_05,10,emp_018751,10
team_2885,Customer Success Team 2886,dept_05,6,emp_018757,6
team_2886,Customer Success Team 2887,dept_05,6,emp_018764,6
team_2887,Customer Success Team 2888,dept_05,5,emp_018769,5
team_2888,Customer Success Team 2889,dept_05,9,emp_018774,9
team_2889,Customer Success Team 2890,dept_05,7,emp_018785,7
team_2890,Customer Success Team 2891,dept_05,5,emp_018790,5
team_2891,Customer Success Team 2892,dept_05,6,emp_018796,6
team_2892,Customer Success Team 2893,dept_05,5,emp_018802,5
team_2893,Customer Success Team 2894,dept_05,4,emp_018808,4
team_2894,Customer Success Team 2895,dept_05,8,emp_018813,8
team_2895,Customer Success Team 2896,dept_05,9,emp_018819,9
team_2896,Customer Success Team 2897,dept_05,10,emp_018828,10
team_2897,Customer Success Team 2898,dept_05,6,emp_018840,6
team_2898,Customer Success Team 2899,dept_05,9,emp_018845,9
team_2899,Customer Success Team 2900,dept_05,11,emp_018859,11
team_2900,Customer Success Team 2901,dept_05,2,emp_018864,2
team_2901,Customer Success Team 2902,dept_05,4,emp_018866,4
team_2902,Customer Success Team 2903,dept_05,5,emp_018873,5
team_2903,Customer Success Team 2904,dept_05,11,emp_018874,11
team_2904,Customer Success Team 2905,dept_05,8,emp_018885,8
team_2905,Customer Success Team 2906,dept_05,7,emp_018898,7
team_2906,Customer Success Team 2907,dept_05,6,emp_018901,6
team_2907,Customer Success Team 2908,dept_05,5,emp_018907,5
team_2908,Customer Success Team 2909,dept_05,4,emp_018911,4
team_2909,Customer Success Team 2910,dept_05,6,emp_018916,6
team_2910,Customer Success Team 2911,dept_05,4,emp_018921,4
team_2911,Customer Success Team 2912,dept_05,8,emp_018927,8
team_2912,Customer Success Team 2913,dept_05,7,emp_018937,7
team_2913,Customer Success Team 2914,dept_05,7,emp_018941,7
team_2914,Customer Success Team 2915,dept_05,10,emp_018954,10
team_2915,Customer Success Team 2916,dept_05,9,emp_018957,9
team_2916,Customer Success Team 2917,dept_05,8,emp_018969,8
team_2917,Customer Success Team 2918,dept_05,8,emp_018977,8
team_2918,Customer Success Team 2919,dept_05,6,emp_018984,6
team_2919,Customer Success Team 2920,dept_05,9,emp_018994,9
team_2920,Customer Success Team 2921,dept_05,7,emp_019002,7
team_2921,Customer Success Team 2922,dept_05,6,emp_019007,6
team_2922,Customer Success Team 2923,dept_05,7,emp_019011,7
team_2923,Customer Success Team 2924,dept_05,7,emp_019023,7
team_2924,Customer Success Team 2925,dept_05,5,emp_019024,5
team_2925,Customer Success Team 2926,dept_05,8,emp_019031,8
team_2926,Customer Success Team 2927,dept_05,12,emp_019045,12
team_2927,Customer Success Team 2928,dept_05,4,emp_019050,4
team_2928,Customer Success Team 2929,dept_05,5,emp_019055,5
team_2929,Customer Success Team 2930,dept_05,6,emp_019058,6
team_2930,Customer Success Team 2931,dept_05,7,emp_019067,7
team_2931,Customer Success Team 2932,dept_05,5,emp_019075,5
team_2932,Customer Success Team 2933,dept_05,9,emp_019079,9
team_2933,Customer Success Team 2934,dept_05,6,emp_019088,6
team_2934,Customer Success Team 2935,dept_05,9,emp_019095,9
team_2935,Customer Success Team 2936,dept_05,8,emp_019101,8
team_2936,Customer Success Team 2937,dept_05,6,emp_019109,6
team_2937,Customer Success Team 2938,dept_05,8,emp_019119,8
team_2938,Customer Success Team 2939,dept_05,11,emp_019123,11
team_2939,Customer Success Team 2940,dept_05,6,emp_019136,6
team_2940,Customer Success Team 2941,dept_05,5,emp_019140,5
team_2941,Customer Success Team 2942,dept_05,11,emp_019149,11
team_2942,Customer Success Team 2943,dept_05,6,emp_019156,6
team_2943,Customer Success Team 2944,dept_05,5,emp_019163,5
team_2944,Customer Success Team 2945,dept_05,3,emp_019167,3
team_2945,Customer Success Team 2946,dept_05,8,emp_019171,8
team_2946,Customer Success Team 2947,dept_05,7,emp_019183,7
team_2947,Customer Success Team 2948,dept_05,3,emp_019184,3
team_2948,Customer Success Team 2949,dept_05,7,emp_019192,7
team_2949,Customer Success Team 2950,dept_05,3,emp_019195,3
team_2950,Customer Success Team 2951,dept_05,8,emp_019198,8
team_2951,Customer Success Team 2952,dept_05,9,emp_019212,9
team_2952,Customer Success Team 2953,dept_05,7,emp_019216,7
team_2953,Customer Success Team 2954,dept_05,9,emp_019221,9
team_2954,Customer Success Team 2955,dept_05,3,emp_019230,3
team_2955,Customer Success Team 2956,dept_05,2,emp_019233,2
team_2956,Customer Success Team 2957,dept_05,8,emp_019239,8
team_2957,Customer Success Team 2958,dept_05,3,emp_019244,3
team_2958,Customer Success Team 2959,dept_05,6,emp_019249,6
team_2959,Customer Success Team 2960,dept_05,10,emp_019257,10
team_2960,Customer Success Team 2961,dept_05,8,emp_019267,8
team_2961,Customer Success Team 2962,dept_05,6,emp_019275,6
team_2962,Customer Success Team 2963,dept_05,6,emp_019276,6
team_2963,Customer Success Team 2964,dept_05,9,emp_019285,9
team_2964,Customer Success Team 2965,dept_05,5,emp_019295,5
team_2965,Customer Success Team 2966,dept_05,7,emp_019297,7
team_2966,Customer Success Team 2967,dept_05,7,emp_019308,7
team_2967,Customer Success Team 2968,dept_05,7,emp_019311,7
team_2968,Customer Success Team 2969,dept_05,6,emp_019318,6
team_2969,Customer Success Team 2970,dept_05,5,emp_019326,5
team_2970,Customer Success Team 2971,dept_05,3,emp_019330,3
team_2971,Customer Success Team 2972,dept_05,9,emp_019332,9
team_2972,Customer Success Team 2973,dept_05,6,emp_019343,6
team_2973,Customer Success Team 2974,dept_05,9,emp_019346,9
team_2974,Customer Success Team 2975,dept_05,8,emp_019362,8
team_2975,Customer Success Team 2976,dept_05,2,emp_019363,2
team_2976,Customer Success Team 2977,dept_05,8,emp_019368,8
team_2977,Customer Success Team 2978,dept_05,6,emp_019376,6
team_2978,Customer Success Team 2979,dept_05,8,emp_019380,8
team_2979,Customer Success Team 2980,dept_05,4,emp_019389,4
team_2980,Customer Success Team 2981,dept_05,8,emp_019393,8
team_2981,Customer Success Team 2982,dept_05,10,emp_019399,10
team_2982,Customer Success Team 2983,dept_05,3,emp_019411,3
team_2983,Customer Success Team 2984,dept_05,6,emp_019412,6
team_2984,Customer Success Team 2985,dept_05,7,emp_019423,7
team_2985,Customer Success Team 2986,dept_05,8,emp_019426,8
team_2986,Customer Success Team 2987,dept_05,8,emp_019435,8
team_2987,Customer Success Team 2988,dept_05,5,emp_019443,5
team_2988,Customer Success Team 2989,dept_05,7,emp_019452,7
team_2989,Customer Success Team 2990,dept_05,8,emp_019453,8
team_2990,Customer Success Team 2991,dept_05,5,emp_019465,5
team_2991,Customer Success Team 2992,dept_05,7,emp_019467,7
team_2992,Customer Success Team 2993,dept_05,6,emp_019477,6
team_2993,Customer Success Team 2994,dept_05,6,emp_019481,6
team_2994,Customer Success Team 2995,dept_05,3,emp_019485,3
team_2995,Customer Success Team 2996,dept_05,8,emp_019491,8
team_2996,Customer Success Team 2997,dept_05,6,emp_019497,6
team_2997,Customer Success Team 2998,dept_05,8,emp_019504,8
team_2998,Customer Success Team 2999,dept_05,8,emp_019514,8
team_2999,Customer Success Team 3000,dept_05,8,emp_019520,8
team_3000,Customer Success Team 3001,dept_05,8,emp_019529,8
team_3001,Customer Success Team 3002,dept_05,8,emp_019539,8
team_3002,Customer Success Team 3003,dept_05,10,emp_019551,10
team_3003,Customer Success Team 3004,dept_05,6,emp_019555,6
team_3004,Customer Success Team 3005,dept_05,3,emp_019559,3
team_3005,Customer Success Team 3006,dept_05,6,emp_019564,6
team_3006,Customer Success Team 3007,dept_05,7,emp_019570,7
team_3007,Customer Success Team 3008,dept_05,8,emp_019575,8
team_3008,Customer Success Team 3009,dept_05,7,emp_019587,7
team_3009,Customer Success Team 3010,dept_05,6,emp_019591,6
team_3010,Customer Success Team 3011,dept_05,9,emp_019596,9
team_3011,Customer Success Team 3012,dept_05,6,emp_019604,6
team_3012,Customer Success Team 3013,dept_05,4,emp_019610,4
team_3013,Customer Success Team 3014,dept_05,2,emp_019614,2
team_3014,Customer Success Team 3015,dept_05,5,emp_019617,5
team_3015,Customer Success Team 3016,dept_05,11,emp_019626,11
team_3016,Customer Success Team 3017,dept_05,6,emp_019634,6
team_3017,Customer Success Team 3018,dept_05,5,emp_019642,5
team_3018,Customer Success Team 3019,dept_05,7,emp_019647,7
team_3019,Customer Success Team 3020,dept_05,3,emp_019650,3
team_3020,Customer Success Team 3021,dept_05,10,emp_019661,10
team_3021,Customer Success Team 3022,dept_05,4,emp_019663,4
team_3022,Customer Success Team 3023,dept_05,4,emp_019667,4
team_3023,Customer Success Team 3024,dept_05,6,emp_019675,6
team_3024,Customer Success Team 3025,dept_05,9,emp_019678,9
team_3025,Customer Success Team 3026,dept_05,9,emp_019687,9
team_3026,Customer Success Team 3027,dept_05,8,emp_019695,8
team_3027,Customer Success Team 3028,dept_05,8,emp_019703,8
team_3028,Customer Success Team 3029,dept_05,3,emp_019713,3
team_3029,Customer Success Team 3030,dept_05,10,emp_019718,10
team_3030,Customer Success Team 3031,dept_05,7,emp_019729,7
team_3031,Customer Success Team 3032,dept_05,6,emp_019732,6
team_3032,Customer Success Team 3033,dept_05,4,emp_019737,4
team_3033,Customer Success Team 3034,dept_05,8,emp_019741,8
team_3034,Customer Success Team 3035,dept_05,4,emp_019750,4
team_3035,Customer Success Team 3036,dept_05,6,emp_019756,6
team_3036,Customer Success Team 3037,dept_05,10,emp_019765,10
team_3037,Customer Success Team 3038,dept_05,6,emp_019769,6
team_3038,Customer Success Team 3039,dept_05,7,emp_019777,7
team_3039,Customer Success Team 3040,dept_05,6,emp_019784,6
team_3040,Customer Success Team 3041,dept_05,9,emp_019793,9
team_3041,Customer Success Team 3042,dept_05,5,emp_019798,5
team_3042,Customer Success Team 3043,dept_05,9,emp_019805,9
team_3043,Customer Success Team 3044,dept_05,9,emp_019819,9
team_3044,Customer Success Team 3045,dept_05,8,emp_019823,8
team_3045,Customer Success Team 3046,dept_05,6,emp_019829,6
team_3046,Customer Success Team 3047,dept_05,8,emp_019837,8
team_3047,Customer Success Team 3048,dept_05,5,emp_019843,5
team_3048,Customer Success Team 3049,dept_05,2,emp_019848,2
team_3049,Customer Success Team 3050,dept_05,8,emp_019851,8
team_3050,Customer Success Team 3051,dept_05,5,emp_019859,5
team_3051,Customer Success Team 3052,dept_05,7,emp_019863,7
team_3052,Customer Success Team 3053,dept_05,7,emp_019874,7
team_3053,Customer Success Team 3054,dept_05,9,emp_019877,9
team_3054,Customer Success Team 3055,dept_05,4,emp_019887,4
team_3055,Customer Success Team 3056,dept_05,9,emp_019891,9
team_3056,Customer Success Team 3057,dept_05,7,emp_019900,7
team_3057,Customer Success Team 3058,dept_05,6,emp_019910,6
team_3058,Customer Success Team 3059,dept_05,6,emp_019912,6
team_3059,Customer Success Team 3060,dept_05,7,emp_019919,7
team_3060,Customer Success Team 3061,dept_05,9,emp_019924,9
team_3061,Customer Success Team 3062,dept_05,7,emp_019933,7
team_3062,Customer Success Team 3063,dept_05,5,emp_019940,5
team_3063,Customer Success Team 3064,dept_05,5,emp_019947,5
team_3064,Customer Success Team 3065,dept_05,7,emp_019951,7
team_3065,Customer Success Team 3066,dept_05,4,emp_019959,4
team_3066,Customer Success Team 3067,dept_05,11,emp_019965,11
team_3067,Customer Success Team 3068,dept_05,10,emp_019979,10
team_3068,Customer Success Team 3069,dept_05,6,emp_019987,6
team_3069,Customer Success Team 3070,dept_05,8,emp_019994,8
team_3070,Customer Success Team 3071,dept_05,3,emp_019998,3
team_3071,Customer Success Team 3072,dept_05,12,emp_020006,12
team_3072,Customer Success Team 3073,dept_05,4,emp_020011,4
team_3073,Customer Success Team 3074,dept_05,4,emp_020016,4
team_3074,Customer Success Team 3075,dept_05,12,emp_020020,12
team_3075,Customer Success Team 3076,dept_05,6,emp_020034,6
team_3076,Customer Success Team 3077,dept_05,8,emp_020041,8
team_3077,Customer Success Team 3078,dept_05,5,emp_020046,5
team_3078,Customer Success Team 3079,dept_05,7,emp_020054,7
team_3079,Customer Success Team 3080,dept_05,8,emp_020063,8
team_3080,Customer Success Team 3081,dept_05,8,emp_020069,8
team_3081,Customer Success Team 3082,dept_05,7,emp_020077,7
team_3082,Customer Success Team 3083,dept_05,7,emp_020086,7
team_3083,Customer Success Team 3084,dept_05,7,emp_020093,7
team_3084,Customer Success Team 3085,dept_05,8,emp_020100,8
team_3085,Customer Success Team 3086,dept_05,10,emp_020106,10
team_3086,Customer Success Team 3087,dept_05,6,emp_020115,6
team_3087,Customer Success Team 3088,dept_05,6,emp_020118,6
team_3088,Customer Success Team 3089,dept_05,6,emp_020125,6
team_3089,Customer Success Team 3090,dept_05,6,emp_020131,6
team_3090,Customer Success Team 3091,dept_05,6,emp_020140,6
team_3091,Customer Success Team 3092,dept_05,7,emp_020145,7
team_3092,Customer Success Team 3093,dept_05,6,emp_020153,6
team_3093,Customer Success Team 3094,dept_05,11,emp_020161,11
team_3094,Customer Success Team 3095,dept_05,8,emp_020172,8
team_3095,Customer Success Team 3096,dept_05,8,emp_020175,8
team_3096,Customer Success Team 3097,dept_05,8,emp_020183,8
team_3097,Customer Success Team 3098,dept_05,6,emp_020191,6
team_3098,Customer Success Team 3099,dept_05,10,emp_020201,10
team_3099,Customer Success Team 3100,dept_05,5,emp_020206,5
team_3100,Customer Success Team 3101,dept_05,5,emp_020211,5
team_3101,Customer Success Team 3102,dept_05,8,emp_020220,8
team_3102,Customer Success Team 3103,dept_05,7,emp_020230,7
team_3103,Customer Success Team 3104,dept_05,6,emp_020231,6
team_3104,Customer Success Team 3105,dept_05,5,emp_020238,5
team_3105,Customer Success Team 3106,dept_05,5,emp_020242,5
team_3106,Customer Success Team 3107,dept_05,11,emp_020249,11
team_3107,Customer Success Team 3108,dept_05,8,emp_020261,8
team_3108,Customer Success Team 3109,dept_05,2,emp_020267,2
team_3109,Customer Success Team 3110,dept_05,8,emp_020269,8
team_3110,Customer Success Team 3111,dept_05,9,emp_020284,9
team_3111,Customer Success Team 3112,dept_05,7,emp_020289,7
team_3112,Finance Team 3113,dept_06,6,emp_020297,6
team_3113,Finance Team 3114,dept_06,8,emp_020299,8
team_3114,Finance Team 3115,dept_06,9,emp_020308,9
team_3115,Finance Team 3116,dept_06,7,emp_020321,7
team_3116,Finance Team 3117,dept_06,6,emp_020324,6
team_3117,Finance Team 3118,dept_06,7,emp_020328,7
team_3118,Finance Team 3119,dept_06,8,emp_020335,8
team_3119,Finance Team 3120,dept_06,5,emp_020346,5
team_3120,Finance Team 3121,dept_06,8,emp_020355,8
team_3121,Finance Team 3122,dept_06,5,emp_020358,5
team_3122,Finance Team 3123,dept_06,7,emp_020361,7
team_3123,Finance Team 3124,dept_06,6,emp_020370,6
team_3124,Finance Team 3125,dept_06,7,emp_020380,7
team_3125,Finance Team 3126,dept_06,4,emp_020383,4
team_3126,Finance Team 3127,dept_06,6,emp_020385,6
team_3127,Finance Team 3128,dept_06,6,emp_020396,6
team_3128,Finance Team 3129,dept_06,4,emp_020400,4
team_3129,Finance Team 3130,dept_06,4,emp_020402,4
team_3130,Finance Team 3131,dept_06,9,emp_020406,9
team_3131,Finance Team 3132,dept_06,8,emp_020421,8
team_3132,Finance Team 3133,dept_06,7,emp_020422,7
team_3133,Finance Team 3134,dept_06,7,emp_020430,7
team_3134,Finance Team 3135,dept_06,6,emp_020441,6
team_3135,Finance Team 3136,dept_06,8,emp_020444,8
team_3136,Finance Team 3137,dept_06,7,emp_020454,7
team_3137,Finance Team 3138,dept_06,5,emp_020459,5
team_3138,Finance Team 3139,dept_06,6,emp_020464,6
team_3139,Finance Team 3140,dept_06,7,emp_020468,7
team_3140,Finance Team 3141,dept_06,7,emp_020475,7
team_3141,Finance Team 3142,dept_06,4,emp_020482,4
team_3142,Finance Team 3143,dept_06,8,emp_020487,8
team_3143,Finance Team 3144,dept_06,6,emp_020495,6
team_3144,Finance Team 3145,dept_06,8,emp_020503,8
team_3145,Finance Team 3146,dept_06,6,emp_020509,6
team_3146,Finance Team 3147,dept_06,4,emp_020515,4
team_3147,Finance Team 3148,dept_06,3,emp_020518,3
team_3148,Finance Team 3149,dept_06,2,emp_020522,2
team_3149,Finance Team 3150,dept_06,5,emp_020524,5
team_3150,Finance Team 3151,dept_06,7,emp_020532,7
team_3151,Finance Team 3152,dept_06,10,emp_020538,10
team_3152,Finance Team 3153,dept_06,6,emp_020546,6
team_3153,Finance Team 3154,dept_06,4,emp_020553,4
team_3154,Finance Team 3155,dept_06,7,emp_020560,7
team_3155,Finance Team 3156,dept_06,6,emp_020563,6
team_3156,Finance Team 3157,dept_06,8,emp_020572,8
team_3157,Finance Team 3158,dept_06,4,emp_020579,4
team_3158,Finance Team 3159,dept_06,7,emp_020584,7
team_3159,Finance Team 3160,dept_06,5,emp_020588,5
team_3160,Finance Team 3161,dept_06,8,emp_020592,8
team_3161,Finance Team 3162,dept_06,5,emp_020601,5
team_3162,Finance Team 3163,dept_06,7,emp_020606,7
team_3163,Finance Team 3164,dept_06,7,emp_020614,7
team_3164,Finance Team 3165,dept_06,9,emp_020620,9
team_3165,Finance Team 3166,dept_06,6,emp_020628,6
team_3166,Finance Team 3167,dept_06,6,emp_020638,6
team_3167,Finance Team 3168,dept_06,4,emp_020641,4
team_3168,Finance Team 3169,dept_06,3,emp_020646,3
team_3169,Finance Team 3170,dept_06,7,emp_020651,7
team_3170,Finance Team 3171,dept_06,8,emp_020654,8
team_3171,Finance Team 3172,dept_06,9,emp_020670,9
team_3172,Finance Team 3173,dept_06,7,emp_020675,7
team_3173,Finance Team 3174,dept_06,12,emp_020686,12
team_3174,Finance Team 3175,dept_06,10,emp_020696,10
team_3175,Finance Team 3176,dept_06,8,emp_020702,8
team_3176,Finance Team 3177,dept_06,8,emp_020711,8
team_3177,Finance Team 3178,dept_06,8,emp_020717,8
team_3178,Finance Team 3179,dept_06,4,emp_020724,4
team_3179,Finance Team 3180,dept_06,7,emp_020731,7
team_3180,Finance Team 3181,dept_06,6,emp_020740,6
team_3181,Finance Team 3182,dept_06,6,emp_020746,6
team_3182,Finance Team 3183,dept_06,6,emp_020747,6
team_3183,Finance Team 3184,dept_06,7,emp_020753,7
team_3184,Finance Team 3185,dept_06,5,emp_020763,5
team_3185,Finance Team 3186,dept_06,5,emp_020767,5
team_3186,Finance Team 3187,dept_06,5,emp_020771,5
team_3187,Finance Team 3188,dept_06,9,emp_020780,9
team_3188,Finance Team 3189,dept_06,6,emp_020787,6
team_3189,Finance Team 3190,dept_06,5,emp_020791,5
team_3190,Finance Team 3191,dept_06,9,emp_020802,9
team_3191,Finance Team 3192,dept_06,7,emp_020804,7
team_3192,Finance Team 3193,dept_06,7,emp_020814,7
team_3193,Finance Team 3194,dept_06,7,emp_020819,7
team_3194,Finance Team 3195,dept_06,3,emp_020826,3
team_3195,Finance Team 3196,dept_06,5,emp_020830,5
team_3196,Finance Team 3197,dept_06,4,emp_020835,4
team_3197,Finance Team 3198,dept_06,5,emp_020841,5
team_3198,Finance Team 3199,dept_06,7,emp_020842,7
team_3199,Finance Team 3200,dept_06,12,emp_020860,12
team_3200,Finance Team 3201,dept_06,9,emp_020865,9
team_3201,Finance Team 3202,dept_06,10,emp_020871,10
team_3202,Finance Team 3203,dept_06,4,emp_020883,4
team_3203,Finance Team 3204,dept_06,9,emp_020884,9
team_3204,Finance Team 3205,dept_06,7,emp_020894,7
team_3205,Finance Team 3206,dept_06,4,emp_020901,4
team_3206,Finance Team 3207,dept_06,5,emp_020906,5
team_3207,Finance Team 3208,dept_06,8,emp_020914,8
team_3208,Finance Team 3209,dept_06,13,emp_020918,13
team_3209,Finance Team 3210,dept_06,7,emp_020931,7
team_3210,Finance Team 3211,dept_06,6,emp_020941,6
team_3211,Finance Team 3212,dept_06,9,emp_020946,9
team_3212,Finance Team 3213,dept_06,5,emp_020953,5
team_3213,Finance Team 3214,dept_06,9,emp_020957,9
team_3214,Finance Team 3215,dept_06,9,emp_020973,9
team_3215,Finance Team 3216,dept_06,10,emp_020981,10
team_3216,Finance Team 3217,dept_06,7,emp_020988,7
team_3217,Finance Team 3218,dept_06,6,emp_020994,6
team_3218,Finance Team 3219,dept_06,4,emp_021000,4
team_3219,Finance Team 3220,dept_06,10,emp_021009,10
team_3220,Finance Team 3221,dept_06,2,emp_021013,2
team_3221,Finance Team 3222,dept_06,7,emp_021014,7
team_3222,Finance Team 3223,dept_06,7,emp_021024,7
team_3223,Finance Team 3224,dept_06,6,emp_021030,6
team_3224,Finance Team 3225,dept_06,9,emp_021036,9
team_3225,Finance Team 3226,dept_06,11,emp_021043,11
team_3226,Finance Team 3227,dept_06,7,emp_021054,7
team_3227,Finance Team 3228,dept_06,8,emp_021061,8
team_3228,Finance Team 3229,dept_06,8,emp_021069,8
team_3229,Finance Team 3230,dept_06,6,emp_021078,6
team_3230,Finance Team 3231,dept_06,7,emp_021087,7
team_3231,Finance Team 3232,dept_06,7,emp_021093,7
team_3232,Finance Team 3233,dept_06,5,emp_021098,5
team_3233,Finance Team 3234,dept_06,8,emp_021106,8
team_3234,Finance Team 3235,dept_06,8,emp_021113,8
team_3235,Finance Team 3236,dept_06,6,emp_021120,6
team_3236,Finance Team 3237,dept_06,9,emp_021124,9
team_3237,Finance Team 3238,dept_06,4,emp_021134,4
team_3238,Finance Team 3239,dept_06,4,emp_021139,4
team_3239,Finance Team 3240,dept_06,10,emp_021146,10
team_3240,Finance Team 3241,dept_06,4,emp_021154,4
team_3241,Finance Team 3242,dept_06,9,emp_021155,9
team_3242,Finance Team 3243,dept_06,5,emp_021165,5
team_3243,Finance Team 3244,dept_06,8,emp_021171,8
team_3244,Finance Team 3245,dept_06,7,emp_021182,7
team_3245,Finance Team 3246,dept_06,6,emp_021184,6
team_3246,Finance Team 3247,dept_06,7,emp_021191,7
team_3247,Finance Team 3248,dept_06,6,emp_021202,6
team_3248,Finance Team 3249,dept_06,3,emp_021203,3
team_3249,Finance Team 3250,dept_06,8,emp_021209,8
team_3250,Finance Team 3251,dept_06,5,emp_021215,5
team_3251,Finance Team 3252,dept_06,9,emp_021219,9
team_3252,Finance Team 3253,dept_06,8,emp_021228,8
team_3253,Finance Team 3254,dept_06,5,emp_021237,5
team_3254,Finance Team 3255,dept_06,9,emp_021245,9
team_3255,Finance Team 3256,dept_06,6,emp_021253,6
team_3256,Finance Team 3257,dept_06,2,emp_021256,2
team_3257,Finance Team 3258,dept_06,8,emp_021258,8
team_3258,Finance Team 3259,dept_06,6,emp_021268,6
team_3259,Finance Team 3260,dept_06,5,emp_021274,5
team_3260,Finance Team 3261,dept_06,7,emp_021278,7
team_3261,Finance Team 3262,dept_06,8,emp_021291,8
team_3262,Finance Team 3263,dept_06,6,emp_021292,6
team_3263,Finance Team 3264,dept_06,7,emp_021298,7
team_3264,Finance Team 3265,dept_06,3,emp_021305,3
team_3265,Finance Team 3266,dept_06,6,emp_021310,6
team_3266,Finance Team 3267,dept_06,6,emp_021314,6
team_3267,Finance Team 3268,dept_06,6,emp_021322,6
team_3268,Finance Team 3269,dept_06,8,emp_021326,8
team_3269,Finance Team 3270,dept_06,8,emp_021341,8
team_3270,Finance Team 3271,dept_06,9,emp_021346,9
team_3271,Finance Team 3272,dept_06,5,emp_021352,5
team_3272,Finance Team 3273,dept_06,4,emp_021358,4
team_3273,Finance Team 3274,dept_06,8,emp_021361,8
team_3274,Finance Team 3275,dept_06,5,emp_021369,5
team_3275,Finance Team 3276,dept_06,9,emp_021375,9
team_3276,Finance Team 3277,dept_06,4,emp_021385,4
team_3277,Finance Team 3278,dept_06,7,emp_021391,7
team_3278,Finance Team 3279,dept_06,7,emp_021393,7
team_3279,Finance Team 3280,dept_06,2,emp_021400,2
team_3280,Finance Team 3281,dept_06,7,emp_021408,7
team_3281,Finance Team 3282,dept_06,9,emp_021411,9
team_3282,Finance Team 3283,dept_06,7,emp_021420,7
team_3283,Finance Team 3284,dept_06,7,emp_021428,7
team_3284,Finance Team 3285,dept_06,7,emp_021438,7
team_3285,Finance Team 3286,dept_06,6,emp_021440,6
team_3286,Finance Team 3287,dept_06,7,emp_021449,7
team_3287,Finance Team 3288,dept_06,5,emp_021452,5
team_3288,Finance Team 3289,dept_06,8,emp_021464,8
team_3289,Finance Team 3290,dept_06,7,emp_021471,7
team_3290,Finance Team 3291,dept_06,5,emp_021475,5
team_3291,Finance Team 3292,dept_06,5,emp_021478,5
team_3292,Finance Team 3293,dept_06,6,emp_021484,6
team_3293,Finance Team 3294,dept_06,6,emp_021489,6
team_3294,Finance Team 3295,dept_06,4,emp_021496,4
team_3295,Finance Team 3296,dept_06,5,emp_021500,5
team_3296,Finance Team 3297,dept_06,12,emp_021512,12
team_3297,Finance Team 3298,dept_06,8,emp_021520,8
team_3298,Finance Team 3299,dept_06,5,emp_021527,5
team_3299,Finance Team 3300,dept_06,5,emp_021532,5
team_3300,Finance Team 3301,dept_06,5,emp_021535,5
team_3301,Finance Team 3302,dept_06,6,emp_021538,6
team_3302,Finance Team 3303,dept_06,7,emp_021544,7
team_3303,Finance Team 3304,dept_06,8,emp_021556,8
team_3304,Finance Team 3305,dept_06,10,emp_021564,10
team_3305,Finance Team 3306,dept_06,8,emp_021574,8
team_3306,Finance Team 3307,dept_06,2,emp_021577,2
team_3307,Finance Team 3308,dept_06,3,emp_021579,3
team_3308,Finance Team 3309,dept_06,3,emp_021582,3
team_3309,Finance Team 3310,dept_06,5,emp_021589,5
team_3310,Finance Team 3311,dept_06,7,emp_021590,7
team_3311,Finance Team 3312,dept_06,7,emp_021603,7
team_3312,Finance Team 3313,dept_06,2,emp_021604,2
team_3313,Finance Team 3314,dept_06,7,emp_021611,7
team_3314,Finance Team 3315,dept_06,2,emp_021614,2
team_3315,Finance Team 3316,dept_06,7,emp_021616,7
team_3316,Finance Team 3317,dept_06,8,emp_021622,8
team_3317,Finance Team 3318,dept_06,7,emp_021630,7
team_3318,People Team 3319,dept_07,8,emp_021640,8
team_3319,People Team 3320,dept_07,5,emp_021647,5
team_3320,People Team 3321,dept_07,5,emp_021652,5
team_3321,People Team 3322,dept_07,5,emp_021658,5
team_3322,People Team 3323,dept_07,6,emp_021663,6
team_3323,People Team 3324,dept_07,3,emp_021667,3
team_3324,People Team 3325,dept_07,8,emp_021670,8
team_3325,People Team 3326,dept_07,9,emp_021680,9
team_3326,People Team 3327,dept_07,7,emp_021688,7
team_3327,People Team 3328,dept_07,5,emp_021694,5
team_3328,People Team 3329,dept_07,6,emp_021701,6
team_3329,People Team 3330,dept_07,4,emp_021704,4
team_3330,People Team 3331,dept_07,6,emp_021713,6
team_3331,People Team 3332,dept_07,4,emp_021717,4
team_3332,People Team 3333,dept_07,6,emp_021722,6
team_3333,People Team 3334,dept_07,6,emp_021724,6
team_3334,People Team 3335,dept_07,2,emp_021731,2
team_3335,People Team 3336,dept_07,10,emp_021736,10
team_3336,People Team 3337,dept_07,10,emp_021744,10
team_3337,People Team 3338,dept_07,6,emp_021755,6
team_3338,People Team 3339,dept_07,9,emp_021761,9
team_3339,People Team 3340,dept_07,7,emp_021767,7
team_3340,People Team 3341,dept_07,8,emp_021775,8
team_3341,People Team 3342,dept_07,8,emp_021784,8
team_3342,People Team 3343,dept_07,3,emp_021791,3
team_3343,People Team 3344,dept_07,7,emp_021796,7
team_3344,People Team 3345,dept_07,6,emp_021802,6
team_3345,People Team 3346,dept_07,9,emp_021809,9
team_3346,People Team 3347,dept_07,9,emp_021818,9
team_3347,People Team 3348,dept_07,5,emp_021825,5
team_3348,People Team 3349,dept_07,3,emp_021829,3
team_3349,People Team 3350,dept_07,6,emp_021834,6
team_3350,People Team 3351,dept_07,3,emp_021838,3
team_3351,People Team 3352,dept_07,8,emp_021846,8
team_3352,People Team 3353,dept_07,6,emp_021853,6
team_3353,People Team 3354,dept_07,9,emp_021857,9
team_3354,People Team 3355,dept_07,6,emp_021866,6
team_3355,People Team 3356,dept_07,10,emp_021874,10
team_3356,People Team 3357,dept_07,2,emp_021880,2
team_3357,People Team 3358,dept_07,7,emp_021887,7
team_3358,People Team 3359,dept_07,5,emp_021890,5
team_3359,People Team 3360,dept_07,6,emp_021896,6
team_3360,People Team 3361,dept_07,10,emp_021900,10
team_3361,People Team 3362,dept_07,5,emp_021913,5
team_3362,People Team 3363,dept_07,7,emp_021917,7
team_3363,People Team 3364,dept_07,6,emp_021927,6
team_3364,People Team 3365,dept_07,9,emp_021928,9
team_3365,People Team 3366,dept_07,5,emp_021938,5
team_3366,People Team 3367,dept_07,5,emp_021945,5
team_3367,People Team 3368,dept_07,4,emp_021949,4
team_3368,People Team 3369,dept_07,7,emp_021956,7
team_3369,People Team 3370,dept_07,8,emp_021962,8
team_3370,People Team 3371,dept_07,2,emp_021967,2
team_3371,People Team 3372,dept_07,5,emp_021971,5
team_3372,People Team 3373,dept_07,7,emp_021978,7
team_3373,People Team 3374,dept_07,6,emp_021985,6
team_3374,People Team 3375,dept_07,6,emp_021989,6
team_3375,People Team 3376,dept_07,5,emp_021993,5
team_3376,People Team 3377,dept_07,8,emp_022003,8
team_3377,People Team 3378,dept_07,13,emp_022014,13
team_3378,People Team 3379,dept_07,5,emp_022020,5
team_3379,People Team 3380,dept_07,5,emp_022026,5
team_3380,People Team 3381,dept_07,6,emp_022033,6
team_3381,People Team 3382,dept_07,9,emp_022039,9
team_3382,People Team 3383,dept_07,9,emp_022043,9
team_3383,People Team 3384,dept_07,7,emp_022053,7
team_3384,People Team 3385,dept_07,7,emp_022064,7
team_3385,People Team 3386,dept_07,9,emp_022069,9
team_3386,People Team 3387,dept_07,5,emp_022075,5
team_3387,People Team 3388,dept_07,8,emp_022081,8
team_3388,People Team 3389,dept_07,5,emp_022088,5
team_3389,People Team 3390,dept_07,6,emp_022096,6
team_3390,People Team 3391,dept_07,9,emp_022100,9
team_3391,People Team 3392,dept_07,5,emp_022108,5
team_3392,People Team 3393,dept_07,6,emp_022118,6
team_3393,People Team 3394,dept_07,4,emp_022120,4
team_3394,People Team 3395,dept_07,3,emp_022123,3
team_3395,People Team 3396,dept_07,8,emp_022126,8
team_3396,People Team 3397,dept_07,5,emp_022137,5
team_3397,People Team 3398,dept_07,8,emp_022143,8
team_3398,People Team 3399,dept_07,6,emp_022151,6
team_3399,People Team 3400,dept_07,5,emp_022154,5
team_3400,People Team 3401,dept_07,9,emp_022164,9
team_3401,People Team 3402,dept_07,5,emp_022167,5
team_3402,People Team 3403,dept_07,8,emp_022179,8
team_3403,People Team 3404,dept_07,4,emp_022183,4
team_3404,People Team 3405,dept_07,6,emp_022184,6
team_3405,People Team 3406,dept_07,7,emp_022193,7
team_3406,People Team 3407,dept_07,9,emp_022199,9
team_3407,People Team 3408,dept_07,6,emp_022210,6
team_3408,People Team 3409,dept_07,7,emp_022216,7
team_3409,People Team 3410,dept_07,9,emp_022224,9
team_3410,People Team 3411,dept_07,6,emp_022230,6
team_3411,People Team 3412,dept_07,9,emp_022234,9
team_3412,People Team 3413,dept_07,10,emp_022251,10
team_3413,People Team 3414,dept_07,8,emp_022254,8
team_3414,People Team 3415,dept_07,7,emp_022265,7
team_3415,People Team 3416,dept_07,7,emp_022274,7
team_3416,People Team 3417,dept_07,8,emp_022279,8
team_3417,People Team 3418,dept_07,5,emp_022283,5
team_3418,People Team 3419,dept_07,5,emp_022291,5
team_3419,People Team 3420,dept_07,4,emp_022296,4
team_3420,People Team 3421,dept_07,5,emp_022298,5
team_3421,People Team 3422,dept_07,6,emp_022307,6
team_3422,People Team 3423,dept_07,10,emp_022314,10
team_3423,People Team 3424,dept_07,8,emp_022323,8
team_3424,People Team 3425,dept_07,7,emp_022327,7
team_3425,People Team 3426,dept_07,5,emp_022335,5
team_3426,People Team 3427,dept_07,9,emp_022340,9
team_3427,People Team 3428,dept_07,8,emp_022349,8
team_3428,People Team 3429,dept_07,7,emp_022356,7
team_3429,People Team 3430,dept_07,6,emp_022364,6
team_3430,People Team 3431,dept_07,4,emp_022369,4
team_3431,People Team 3432,dept_07,7,emp_022372,7
team_3432,People Team 3433,dept_07,6,emp_022383,6
team_3433,People Team 3434,dept_07,5,emp_022386,5
team_3434,People Team 3435,dept_07,7,emp_022396,7
team_3435,People Team 3436,dept_07,6,emp_022398,6
team_3436,People Team 3437,dept_07,8,emp_022404,8
team_3437,People Team 3438,dept_07,5,emp_022414,5
team_3438,People Team 3439,dept_07,5,emp_022419,5
team_3439,People Team 3440,dept_07,5,emp_022424,5
team_3440,People Team 3441,dept_07,7,emp_022426,7
team_3441,People Team 3442,dept_07,7,emp_022439,7
team_3442,People Team 3443,dept_07,4,emp_022441,4
team_3443,People Team 3444,dept_07,6,emp_022445,6
team_3444,People Team 3445,dept_07,6,emp_022452,6
team_3445,People Team 3446,dept_07,7,emp_022456,7
team_3446,People Team 3447,dept_07,4,emp_022465,4
team_3447,People Team 3448,dept_07,7,emp_022473,7
team_3448,People Team 3449,dept_07,7,emp_022478,7
team_3449,People Team 3450,dept_07,5,emp_022481,5
team_3450,People Team 3451,dept_07,10,emp_022489,10
team_3451,People Team 3452,dept_07,5,emp_022496,5
team_3452,People Team 3453,dept_07,6,emp_022502,6
team_3453,People Team 3454,dept_07,8,emp_022511,8
team_3454,People Team 3455,dept_07,7,emp_022515,7
team_3455,People Team 3456,dept_07,4,emp_022522,4
team_3456,People Team 3457,dept_07,7,emp_022528,7
team_3457,People Team 3458,dept_07,4,emp_022535,4
team_3458,People Team 3459,dept_07,6,emp_022538,6
team_3459,People Team 3460,dept_07,4,emp_022543,4
team_3460,People Team 3461,dept_07,10,emp_022550,10
team_3461,People Team 3462,dept_07,10,emp_022558,10
team_3462,People Team 3463,dept_07,7,emp_022567,7
team_3463,People Team 3464,dept_07,4,emp_022574,4
team_3464,People Team 3465,dept_07,5,emp_022579,5
team_3465,People Team 3466,dept_07,12,emp_022590,12
team_3466,People Team 3467,dept_07,6,emp_022600,6
team_3467,People Team 3468,dept_07,5,emp_022601,5
team_3468,People Team 3469,dept_07,9,emp_022613,9
team_3469,People Team 3470,dept_07,3,emp_022616,3
team_3470,People Team 3471,dept_07,2,emp_022618,2
team_3471,People Team 3472,dept_07,8,emp_022625,8
team_3472,People Team 3473,dept_07,3,emp_022629,3
team_3473,People Team 3474,dept_07,7,emp_022636,7
team_3474,People Team 3475,dept_07,9,emp_022645,9
team_3475,People Team 3476,dept_07,6,emp_022647,6
team_3476,People Team 3477,dept_07,10,emp_022656,10
team_3477,People Team 3478,dept_07,5,emp_022664,5
team_3478,People Team 3479,dept_07,4,emp_022670,4
team_3479,People Team 3480,dept_07,6,emp_022672,6
team_3480,People Team 3481,dept_07,7,emp_022679,7
team_3481,People Team 3482,dept_07,5,emp_022686,5
team_3482,People Team 3483,dept_07,9,emp_022690,9
team_3483,People Team 3484,dept_07,4,emp_022702,4
team_3484,People Team 3485,dept_07,7,emp_022704,7
team_3485,People Team 3486,dept_07,10,emp_022712,10
team_3486,People Team 3487,dept_07,9,emp_022727,9
team_3487,People Team 3488,dept_07,9,emp_022736,9
team_3488,People Team 3489,dept_07,9,emp_022743,9
team_3489,People Team 3490,dept_07,8,emp_022749,8
team_3490,People Team 3491,dept_07,8,emp_022756,8
team_3491,People Team 3492,dept_07,7,emp_022769,7
team_3492,People Team 3493,dept_07,2,emp_022771,2
team_3493,People Team 3494,dept_07,7,emp_022774,7
team_3494,People Team 3495,dept_07,2,emp_022780,2
team_3495,People Team 3496,dept_07,3,emp_022783,3
team_3496,People Team 3497,dept_07,6,emp_022788,6
team_3497,People Team 3498,dept_07,9,emp_022791,9
team_3498,People Team 3499,dept_07,4,emp_022799,4
team_3499,People Team 3500,dept_07,2,emp_022804,2
team_3500,People Team 3501,dept_07,4,emp_022805,4
team_3501,People Team 3502,dept_07,3,emp_022811,3
team_3502,People Team 3503,dept_07,7,emp_022813,7
team_3503,People Team 3504,dept_07,3,emp_022819,3
team_3504,People Team 3505,dept_07,7,emp_022825,7
team_3505,People Team 3506,dept_07,9,emp_022836,9
team_3506,People Team 3507,dept_07,7,emp_022843,7
team_3507,People Team 3508,dept_07,6,emp_022845,6
team_3508,People Team 3509,dept_07,9,emp_022856,9
team_3509,People Team 3510,dept_07,7,emp_022865,7
team_3510,People Team 3511,dept_07,8,emp_022874,8
team_3511,People Team 3512,dept_07,7,emp_022880,7
team_3512,People Team 3513,dept_07,2,emp_022883,2
team_3513,People Team 3514,dept_07,5,emp_022886,5
team_3514,People Team 3515,dept_07,10,emp_022892,10
team_3515,People Team 3516,dept_07,5,emp_022903,5
team_3516,People Team 3517,dept_07,8,emp_022906,8
team_3517,People Team 3518,dept_07,5,emp_022916,5
team_3518,People Team 3519,dept_07,7,emp_022918,7
team_3519,People Team 3520,dept_07,3,emp_022924,3
team_3520,People Team 3521,dept_07,1,emp_022927,1
team_3521,Operations Team 3522,dept_08,6,emp_022933,6
team_3522,Operations Team 3523,dept_08,7,emp_022940,7
team_3523,Operations Team 3524,dept_08,4,emp_022942,4
team_3524,Operations Team 3525,dept_08,3,emp_022947,3
team_3525,Operations Team 3526,dept_08,8,emp_022953,8
team_3526,Operations Team 3527,dept_08,8,emp_022956,8
team_3527,Operations Team 3528,dept_08,8,emp_022965,8
team_3528,Operations Team 3529,dept_08,10,emp_022977,10
team_3529,Operations Team 3530,dept_08,9,emp_022982,9
team_3530,Operations Team 3531,dept_08,8,emp_022995,8
team_3531,Operations Team 3532,dept_08,8,emp_023003,8
team_3532,Operations Team 3533,dept_08,7,emp_023007,7
team_3533,Operations Team 3534,dept_08,7,emp_023020,7
team_3534,Operations Team 3535,dept_08,8,emp_023027,8
team_3535,Operations Team 3536,dept_08,8,emp_023036,8
team_3536,Operations Team 3537,dept_08,10,emp_023040,10
team_3537,Operations Team 3538,dept_08,7,emp_023053,7
team_3538,Operations Team 3539,dept_08,8,emp_023056,8
team_3539,Operations Team 3540,dept_08,9,emp_023064,9
team_3540,Operations Team 3541,dept_08,7,emp_023073,7
team_3541,Operations Team 3542,dept_08,5,emp_023080,5
team_3542,Operations Team 3543,dept_08,6,emp_023087,6
team_3543,Operations Team 3544,dept_08,7,emp_023093,7
team_3544,Operations Team 3545,dept_08,6,emp_023099,6
team_3545,Operations Team 3546,dept_08,5,emp_023106,5
team_3546,Operations Team 3547,dept_08,9,emp_023111,9
team_3547,Operations Team 3548,dept_08,10,emp_023116,10
team_3548,Operations Team 3549,dept_08,5,emp_023130,5
team_3549,Operations Team 3550,dept_08,11,emp_023131,11
team_3550,Operations Team 3551,dept_08,3,emp_023142,3
team_3551,Operations Team 3552,dept_08,8,emp_023145,8
team_3552,Operations Team 3553,dept_08,8,emp_023156,8
team_3553,Operations Team 3554,dept_08,5,emp_023165,5
team_3554,Operations Team 3555,dept_08,9,emp_023168,9
team_3555,Operations Team 3556,dept_08,6,emp_023178,6
team_3556,Operations Team 3557,dept_08,7,emp_023186,7
team_3557,Operations Team 3558,dept_08,4,emp_023189,4
team_3558,Operations Team 3559,dept_08,2,emp_023192,2
team_3559,Operations Team 3560,dept_08,4,emp_023196,4
team_3560,Operations Team 3561,dept_08,9,emp_023201,9
team_3561,Operations Team 3562,dept_08,3,emp_023208,3
team_3562,Operations Team 3563,dept_08,5,emp_023213,5
team_3563,Operations Team 3564,dept_08,5,emp_023216,5
team_3564,Operations Team 3565,dept_08,4,emp_023223,4
team_3565,Operations Team 3566,dept_08,6,emp_023228,6
team_3566,Operations Team 3567,dept_08,7,emp_023231,7
team_3567,Operations Team 3568,dept_08,7,emp_023242,7
team_3568,Operations Team 3569,dept_08,8,emp_023249,8
team_3569,Operations Team 3570,dept_08,7,emp_023254,7
team_3570,Operations Team 3571,dept_08,11,emp_023263,11
team_3571,Operations Team 3572,dept_08,10,emp_023270,10
team_3572,Operations Team 3573,dept_08,7,emp_023281,7
team_3573,Operations Team 3574,dept_08,7,emp_023291,7
team_3574,Operations Team 3575,dept_08,6,emp_023299,6
team_3575,Operations Team 3576,dept_08,8,emp_023304,8
team_3576,Operations Team 3577,dept_08,6,emp_023309,6
team_3577,Operations Team 3578,dept_08,7,emp_023316,7
team_3578,Operations Team 3579,dept_08,9,emp_023324,9
team_3579,Operations Team 3580,dept_08,9,emp_023338,9
team_3580,Operations Team 3581,dept_08,9,emp_023339,9
team_3581,Operations Team 3582,dept_08,6,emp_023351,6
team_3582,Operations Team 3583,dept_08,7,emp_023356,7
team_3583,Operations Team 3584,dept_08,4,emp_023361,4
team_3584,Operations Team 3585,dept_08,3,emp_023367,3
team_3585,Operations Team 3586,dept_08,7,emp_023370,7
team_3586,Operations Team 3587,dept_08,10,emp_023384,10
team_3587,Operations Team 3588,dept_08,2,emp_023385,2
team_3588,Operations Team 3589,dept_08,4,emp_023387,4
team_3589,Operations Team 3590,dept_08,9,emp_023399,9
team_3590,Operations Team 3591,dept_08,8,emp_023400,8
team_3591,Operations Team 3592,dept_08,7,emp_023414,7
team_3592,Operations Team 3593,dept_08,7,emp_023416,7
team_3593,Operations Team 3594,dept_08,9,emp_023429,9
team_3594,Operations Team 3595,dept_08,6,emp_023435,6
team_3595,Operations Team 3596,dept_08,6,emp_023441,6
team_3596,Operations Team 3597,dept_08,5,emp_023444,5
team_3597,Operations Team 3598,dept_08,4,emp_023450,4
team_3598,Operations Team 3599,dept_08,11,emp_023457,11
team_3599,Operations Team 3600,dept_08,5,emp_023463,5
team_3600,Operations Team 3601,dept_08,3,emp_023469,3
team_3601,Operations Team 3602,dept_08,8,emp_023477,8
team_3602,Operations Team 3603,dept_08,2,emp_023480,2
team_3603,Operations Team 3604,dept_08,7,emp_023481,7
team_3604,Operations Team 3605,dept_08,3,emp_023490,3
team_3605,Operations Team 3606,dept_08,6,emp_023496,6
team_3606,Operations Team 3607,dept_08,7,emp_023497,7
team_3607,Operations Team 3608,dept_08,3,emp_023505,3
team_3608,Operations Team 3609,dept_08,8,emp_023509,8
team_3609,Operations Team 3610,dept_08,8,emp_023517,8
team_3610,Operations Team 3611,dept_08,8,emp_023524,8
team_3611,Operations Team 3612,dept_08,4,emp_023533,4
team_3612,Operations Team 3613,dept_08,10,emp_023544,10
team_3613,Operations Team 3614,dept_08,6,emp_023546,6
team_3614,Operations Team 3615,dept_08,10,emp_023552,10
team_3615,Operations Team 3616,dept_08,7,emp_023566,7
team_3616,Operations Team 3617,dept_08,9,emp_023569,9
team_3617,Operations Team 3618,dept_08,8,emp_023579,8
team_3618,Operations Team 3619,dept_08,5,emp_023586,5
team_3619,Operations Team 3620,dept_08,9,emp_023592,9
team_3620,Operations Team 3621,dept_08,5,emp_023599,5
team_3621,Operations Team 3622,dept_08,5,emp_023607,5
team_3622,Operations Team 3623,dept_08,4,emp_023610,4
team_3623,Operations Team 3624,dept_08,8,emp_023620,8
team_3624,Operations Team 3625,dept_08,7,emp_023624,7
team_3625,Operations Team 3626,dept_08,7,emp_023633,7
team_3626,Operations Team 3627,dept_08,3,emp_023637,3
team_3627,Operations Team 3628,dept_08,11,emp_023639,11
team_3628,Operations Team 3629,dept_08,8,emp_023654,8
team_3629,Operations Team 3630,dept_08,7,emp_023663,7
team_3630,Operations Team 3631,dept_08,7,emp_023666,7
team_3631,Operations Team 3632,dept_08,6,emp_023675,6
team_3632,Operations Team 3633,dept_08,7,emp_023679,7
team_3633,Operations Team 3634,dept_08,9,emp_023690,9
team_3634,Operations Team 3635,dept_08,4,emp_023694,4
team_3635,Operations Team 3636,dept_08,7,emp_023701,7
team_3636,Operations Team 3637,dept_08,6,emp_023705,6
team_3637,Operations Team 3638,dept_08,7,emp_023711,7
team_3638,Operations Team 3639,dept_08,4,emp_023720,4
team_3639,Operations Team 3640,dept_08,6,emp_023726,6
team_3640,Operations Team 3641,dept_08,8,emp_023729,8
team_3641,Operations Team 3642,dept_08,10,emp_023739,10
team_3642,Operations Team 3643,dept_08,7,emp_023751,7
team_3643,Operations Team 3644,dept_08,10,emp_023756,10
team_3644,Operations Team 3645,dept_08,6,emp_023764,6
team_3645,Operations Team 3646,dept_08,7,emp_023770,7
team_3646,Operations Team 3647,dept_08,4,emp_023776,4
team_3647,Operations Team 3648,dept_08,8,emp_023785,8
team_3648,Operations Team 3649,dept_08,5,emp_023790,5
team_3649,Operations Team 3650,dept_08,9,emp_023796,9
team_3650,Operations Team 3651,dept_08,3,emp_023802,3
team_3651,Operations Team 3652,dept_08,2,emp_023804,2
team_3652,Operations Team 3653,dept_08,3,emp_023807,3
team_3653,Operations Team 3654,dept_08,9,emp_023814,9
team_3654,Operations Team 3655,dept_08,6,emp_023823,6
team_3655,Operations Team 3656,dept_08,7,emp_023829,7
team_3656,Operations Team 3657,dept_08,6,emp_023835,6
team_3657,Operations Team 3658,dept_08,9,emp_023837,9
team_3658,Operations Team 3659,dept_08,4,emp_023848,4
team_3659,Operations Team 3660,dept_08,5,emp_023852,5
team_3660,Operations Team 3661,dept_08,6,emp_023855,6
team_3661,Operations Team 3662,dept_08,8,emp_023861,8
team_3662,Operations Team 3663,dept_08,6,emp_023870,6
team_3663,Operations Team 3664,dept_08,7,emp_023875,7
team_3664,Operations Team 3665,dept_08,8,emp_023884,8
team_3665,Operations Team 3666,dept_08,7,emp_023893,7
team_3666,Operations Team 3667,dept_08,6,emp_023901,6
team_3667,Operations Team 3668,dept_08,7,emp_023907,7
team_3668,Operations Team 3669,dept_08,6,emp_023910,6
team_3669,Operations Team 3670,dept_08,4,emp_023916,4
team_3670,Operations Team 3671,dept_08,6,emp_023921,6
team_3671,Operations Team 3672,dept_08,4,emp_023927,4
team_3672,Operations Team 3673,dept_08,9,emp_023931,9
team_3673,Operations Team 3674,dept_08,6,emp_023941,6
team_3674,Operations Team 3675,dept_08,3,emp_023946,3
team_3675,Operations Team 3676,dept_08,7,emp_023948,7
team_3676,Operations Team 3677,dept_08,10,emp_023959,10
team_3677,Operations Team 3678,dept_08,5,emp_023966,5
team_3678,Operations Team 3679,dept_08,8,emp_023971,8
team_3679,Operations Team 3680,dept_08,3,emp_023980,3
team_3680,Operations Team 3681,dept_08,6,emp_023984,6
team_3681,Operations Team 3682,dept_08,6,emp_023987,6
team_3682,Operations Team 3683,dept_08,6,emp_023995,6
team_3683,Operations Team 3684,dept_08,8,emp_024002,8
team_3684,Operations Team 3685,dept_08,7,emp_024013,7
team_3685,Operations Team 3686,dept_08,8,emp_024021,8
team_3686,Operations Team 3687,dept_08,8,emp_024029,8
team_3687,Operations Team 3688,dept_08,8,emp_024032,8
team_3688,Operations Team 3689,dept_08,5,emp_024038,5
team_3689,Operations Team 3690,dept_08,6,emp_024045,6
team_3690,Operations Team 3691,dept_08,5,emp_024051,5
team_3691,Operations Team 3692,dept_08,8,emp_024054,8
team_3692,Operations Team 3693,dept_08,8,emp_024067,8
team_3693,Operations Team 3694,dept_08,7,emp_024075,7
team_3694,Operations Team 3695,dept_08,7,emp_024081,7
team_3695,Operations Team 3696,dept_08,3,emp_024084,3
team_3696,Operations Team 3697,dept_08,8,emp_024088,8
team_3697,Operations Team 3698,dept_08,5,emp_024098,5
team_3698,Operations Team 3699,dept_08,8,emp_024102,8
team_3699,Operations Team 3700,dept_08,6,emp_024113,6
team_3700,Operations Team 3701,dept_08,8,emp_024115,8
team_3701,Operations Team 3702,dept_08,6,emp_024122,6
team_3702,Operations Team 3703,dept_08,7,emp_024134,7
team_3703,Operations Team 3704,dept_08,6,emp_024135,6
team_3704,Operations Team 3705,dept_08,9,emp_024141,9
team_3705,Operations Team 3706,dept_08,5,emp_024152,5
team_3706,Operations Team 3707,dept_08,5,emp_024157,5
team_3707,Operations Team 3708,dept_08,4,emp_024163,4
team_3708,Operations Team 3709,dept_08,8,emp_024164,8
team_3709,Operations Team 3710,dept_08,6,emp_024172,6
team_3710,Operations Team 3711,dept_08,6,emp_024180,6
team_3711,Operations Team 3712,dept_08,8,emp_024189,8
team_3712,Operations Team 3713,dept_08,7,emp_024193,7
team_3713,Operations Team 3714,dept_08,8,emp_024203,8
team_3714,Operations Team 3715,dept_08,6,emp_024208,6
team_3715,Operations Team 3716,dept_08,9,emp_024214,9
team_3716,Operations Team 3717,dept_08,6,emp_024224,6
team_3717,Operations Team 3718,dept_08,6,emp_024229,6
team_3718,Operations Team 3719,dept_08,10,emp_024242,10
team_3719,Operations Team 3720,dept_08,5,emp_024247,5
team_3720,Operations Team 3721,dept_08,7,emp_024253,7
team_3721,Operations Team 3722,dept_08,4,emp_024259,4
team_3722,Operations Team 3723,dept_08,6,emp_024261,6
team_3723,Operations Team 3724,dept_08,5,emp_024266,5
team_3724,Operations Team 3725,dept_08,9,emp_024277,9
team_3725,Operations Team 3726,dept_08,7,emp_024282,7
team_3726,Operations Team 3727,dept_08,5,emp_024287,5
team_3727,Operations Team 3728,dept_08,6,emp_024295,6
team_3728,Operations Team 3729,dept_08,5,emp_024300,5
team_3729,Operations Team 3730,dept_08,8,emp_024303,8
team_3730,Operations Team 3731,dept_08,6,emp_024312,6
team_3731,Operations Team 3732,dept_08,7,emp_024319,7
team_3732,Operations Team 3733,dept_08,7,emp_024329,7
team_3733,Operations Team 3734,dept_08,7,emp_024334,7
team_3734,Operations Team 3735,dept_08,10,emp_024344,10
team_3735,Operations Team 3736,dept_08,5,emp_024351,5
team_3736,Operations Team 3737,dept_08,7,emp_024355,7
team_3737,Operations Team 3738,dept_08,3,emp_024360,3
team_3738,Operations Team 3739,dept_08,7,emp_024368,7
team_3739,Operations Team 3740,dept_08,6,emp_024374,6
team_3740,Operations Team 3741,dept_08,9,emp_024379,9
team_3741,Operations Team 3742,dept_08,8,emp_024386,8
team_3742,Operations Team 3743,dept_08,5,emp_024396,5
team_3743,Operations Team 3744,dept_08,5,emp_024398,5
team_3744,Operations Team 3745,dept_08,9,emp_024407,9
team_3745,Operations Team 3746,dept_08,5,emp_024414,5
team_3746,Operations Team 3747,dept_08,5,emp_024421,5
team_3747,Operations Team 3748,dept_08,6,emp_024425,6
team_3748,Operations Team 3749,dept_08,7,emp_024430,7
team_3749,Operations Team 3750,dept_08,6,emp_024438,6
team_3750,Operations Team 3751,dept_08,7,emp_024445,7
team_3751,Operations Team 3752,dept_08,6,emp_024452,6
team_3752,Operations Team 3753,dept_08,4,emp_024454,4
team_3753,Operations Team 3754,dept_08,3,emp_024458,3
team_3754,Operations Team 3755,dept_08,3,emp_024463,3
team_3755,Operations Team 3756,dept_08,5,emp_024464,5
team_3756,Operations Team 3757,dept_08,7,emp_024470,7
team_3757,Operations Team 3758,dept_08,7,emp_024481,7
team_3758,Operations Team 3759,dept_08,6,emp_024485,6
team_3759,Operations Team 3760,dept_08,10,emp_024491,10
team_3760,Operations Team 3761,dept_08,5,emp_024502,5
team_3761,Operations Team 3762,dept_08,8,emp_024510,8
team_3762,Operations Team 3763,dept_08,5,emp_024513,5
team_3763,Operations Team 3764,dept_08,6,emp_024522,6
team_3764,Operations Team 3765,dept_08,7,emp_024524,7
team_3765,Operations Team 3766,dept_08,5,emp_024530,5
team_3766,Operations Team 3767,dept_08,4,emp_024535,4
team_3767,Operations Team 3768,dept_08,3,emp_024539,3
team_3768,Operations Team 3769,dept_08,3,emp_024542,3
team_3769,Operations Team 3770,dept_08,8,emp_024546,8
team_3770,Operations Team 3771,dept_08,6,emp_024557,6
team_3771,Operations Team 3772,dept_08,5,emp_024563,5
team_3772,Operations Team 3773,dept_08,5,emp_024564,5
team_3773,Operations Team 3774,dept_08,4,emp_024570,4
team_3774,Operations Team 3775,dept_08,5,emp_024573,5
team_3775,Operations Team 3776,dept_08,6,emp_024579,6
team_3776,Operations Team 3777,dept_08,8,emp_024591,8
team_3777,Operations Team 3778,dept_08,13,emp_024593,13
team_3778,Operations Team 3779,dept_08,7,emp_024607,7
team_3779,Operations Team 3780,dept_08,5,emp_024613,5
team_3780,Operations Team 3781,dept_08,7,emp_024622,7
team_3781,Operations Team 3782,dept_08,7,emp_024625,7
team_3782,Operations Team 3783,dept_08,4,emp_024633,4
team_3783,Operations Team 3784,dept_08,6,emp_024635,6
team_3784,Operations Team 3785,dept_08,6,emp_024641,6
team_3785,Operations Team 3786,dept_08,5,emp_024650,5
team_3786,Operations Team 3787,dept_08,6,emp_024654,6
team_3787,Operations Team 3788,dept_08,9,emp_024660,9
team_3788,Operations Team 3789,dept_08,9,emp_024674,9
team_3789,Operations Team 3790,dept_08,5,emp_024676,5
team_3790,Operations Team 3791,dept_08,6,emp_024683,6
team_3791,Operations Team 3792,dept_08,7,emp_024688,7
team_3792,Operations Team 3793,dept_08,6,emp_024699,6
team_3793,Operations Team 3794,dept_08,7,emp_024700,7
team_3794,Operations Team 3795,dept_08,4,emp_024709,4
team_3795,Operations Team 3796,dept_08,7,emp_024714,7
team_3796,Operations Team 3797,dept_08,5,emp_024718,5
team_3797,Operations Team 3798,dept_08,8,emp_024728,8
team_3798,Operations Team 3799,dept_08,5,emp_024734,5
team_3799,Operations Team 3800,dept_08,3,emp_024736,3
team_3800,Operations Team 3801,dept_08,7,emp_024742,7
team_3801,Operations Team 3802,dept_08,4,emp_024747,4
team_3802,Operations Team 3803,dept_08,8,emp_024755,8
team_3803,Operations Team 3804,dept_08,3,emp_024760,3
team_3804,Operations Team 3805,dept_08,8,emp_024767,8
team_3805,Operations Team 3806,dept_08,5,emp_024771,5
team_3806,Operations Team 3807,dept_08,12,emp_024775,12
team_3807,Operations Team 3808,dept_08,7,emp_024787,7
team_3808,Operations Team 3809,dept_08,10,emp_024802,10
team_3809,Operations Team 3810,dept_08,8,emp_024806,8
team_3810,Operations Team 3811,dept_08,7,emp_024815,7
team_3811,Operations Team 3812,dept_08,3,emp_024820,3
team_3812,Operations Team 3813,dept_08,9,emp_024827,9
team_3813,Operations Team 3814,dept_08,8,emp_024835,8
team_3814,Operations Team 3815,dept_08,7,emp_024840,7
team_3815,Operations Team 3816,dept_08,8,emp_024847,8
team_3816,Operations Team 3817,dept_08,7,emp_024854,7
team_3817,Operations Team 3818,dept_08,8,emp_024861,8
team_3818,Operations Team 3819,dept_08,5,emp_024869,5
team_3819,Operations Team 3820,dept_08,8,emp_024878,8
team_3820,Operations Team 3821,dept_08,5,emp_024881,5
team_3821,Operations Team 3822,dept_08,4,emp_024887,4
team_3822,Operations Team 3823,dept_08,7,emp_024890,7
team_3823,Operations Team 3824,dept_08,4,emp_024898,4
team_3824,Operations Team 3825,dept_08,6,emp_024906,6
team_3825,Operations Team 3826,dept_08,5,emp_024907,5
team_3826,Operations Team 3827,dept_08,6,emp_024916,6
team_3827,Operations Team 3828,dept_08,8,emp_024920,8
team_3828,Operations Team 3829,dept_08,7,emp_024930,7
team_3829,Operations Team 3830,dept_08,6,emp_024937,6
team_3830,Operations Team 3831,dept_08,7,emp_024939,7
team_3831,Operations Team 3832,dept_08,5,emp_024950,5
team_3832,Operations Team 3833,dept_08,8,emp_024957,8
team_3833,Operations Team 3834,dept_08,8,emp_024966,8
team_3834,Operations Team 3835,dept_08,8,emp_024972,8
team_3835,Operations Team 3836,dept_08,5,emp_024978,5
team_3836,Operations Team 3837,dept_08,7,emp_024980,7
team_3837,Operations Team 3838,dept_08,9,emp_024995,9
team_3838,Operations Team 3839,dept_08,4,emp_024996,4
