employee_id,effective_date,base_salary,bonus_target_pct,equity_value
emp_000000,2026-07-01,109715.35,0.07,11896.69
emp_000000,2025-07-01,103505.05,0.07,11223.29
emp_000001,2026-07-01,96196.73,0.05,7241.83
emp_000002,2026-07-01,203494.19,0.15,62852.0
emp_000002,2025-07-01,191975.65,0.15,59294.34
emp_000002,2024-07-01,181109.1,0.15,55938.06
emp_000003,2026-07-01,169986.06,0.15,50179.67
emp_000003,2025-07-01,160364.21,0.15,47339.31
emp_000003,2024-07-01,151286.99,0.15,44659.73
emp_000004,2026-07-01,206492.01,0.2,94724.58
emp_000004,2025-07-01,194803.78,0.2,89362.81
emp_000005,2026-07-01,150217.2,0.1,19850.43
emp_000005,2025-07-01,141714.34,0.1,18726.82
emp_000006,2026-07-01,261487.02,0.2,83211.85
emp_000006,2025-07-01,246685.87,0.2,78501.75
emp_000006,2024-07-01,232722.52,0.2,74058.25
emp_000007,2026-07-01,203979.61,0.2,58643.58
emp_000007,2025-07-01,192433.59,0.2,55324.13
emp_000008,2026-07-01,223086.63,0.2,104491.66
emp_000008,2025-07-01,210459.08,0.2,98577.04
emp_000008,2024-07-01,198546.31,0.2,92997.21
emp_000009,2026-07-01,208906.66,0.2,127336.25
emp_000009,2025-07-01,197081.75,0.2,120128.54
emp_000009,2024-07-01,185926.18,0.2,113328.81
emp_000010,2026-07-01,138484.85,0.1,20959.95
emp_000010,2025-07-01,130646.08,0.1,19773.54
emp_000011,2026-07-01,152709.52,0.12,67955.67
emp_000012,2026-07-01,188314.16,0.1,21486.5
emp_000012,2025-07-01,177654.87,0.1,20270.28
emp_000013,2026-07-01,118035.69,0.1,23163.85
emp_000013,2025-07-01,111354.42,0.1,21852.69
emp_000014,2026-07-01,323485.83,0.25,173494.0
emp_000014,2025-07-01,305175.31,0.25,163673.58
emp_000015,2026-07-01,90636.1,0.05,2840.99
emp_000016,2026-07-01,106966.99,0.07,11436.55
emp_000017,2026-07-01,351320.34,0.35,419600.18
emp_000017,2025-07-01,331434.28,0.35,395849.23
emp_000017,2024-07-01,312673.85,0.35,373442.67
emp_000018,2026-07-01,84773.67,0.05,2733.83
emp_000019,2026-07-01,106657.43,0.07,14280.36
emp_000020,2026-07-01,202363.49,0.15,102193.14
emp_000021,2026-07-01,94776.58,0.07,9083.79
emp_000021,2025-07-01,89411.87,0.07,8569.61
emp_000022,2026-07-01,117352.9,0.07,11397.69
emp_000023,2026-07-01,221053.87,0.12,45384.55
emp_000023,2025-07-01,208541.39,0.12,42815.61
emp_000023,2024-07-01,196737.16,0.12,40392.09
emp_000024,2026-07-01,84943.04,0.07,15603.34
emp_000024,2025-07-01,80134.94,0.07,14720.13
emp_000024,2024-07-01,75599.0,0.07,13886.92
emp_000025,2026-07-01,102829.08,0.07,13784.38
emp_000025,2025-07-01,97008.57,0.07,13004.13
emp_000025,2024-07-01,91517.52,0.07,12268.05
emp_000026,2026-07-01,194390.73,0.12,49460.2
emp_000026,2025-07-01,183387.48,0.12,46660.57
emp_000027,2026-07-01,155902.99,0.2,114022.46
emp_000027,2025-07-01,147078.29,0.2,107568.36
emp_000027,2024-07-01,138753.11,0.2,101479.58
emp_000028,2026-07-01,241459.26,0.25,215680.92
emp_000028,2025-07-01,227791.75,0.25,203472.57
emp_000029,2026-07-01,198493.29,0.15,110215.37
emp_000029,2025-07-01,187257.82,0.15,103976.76
emp_000030,2026-07-01,100745.07,0.07,10359.39
emp_000031,2026-07-01,147430.82,0.1,23579.78
emp_000032,2026-07-01,160974.97,0.1,34411.74
emp_000033,2026-07-01,99712.81,0.07,10949.65
emp_000034,2026-07-01,56555.62,0.05,4853.12
emp_000035,2026-07-01,88729.52,0.07,9575.75
emp_000035,2025-07-01,83707.09,0.07,9033.73
emp_000036,2026-07-01,73185.07,0.05,4195.14
emp_000036,2025-07-01,69042.52,0.05,3957.68
emp_000036,2024-07-01,65134.45,0.05,3733.66
emp_000037,2026-07-01,100478.52,0.05,5714.08
emp_000038,2026-07-01,312359.44,0.25,192808.94
emp_000038,2025-07-01,294678.72,0.25,181895.23
emp_000039,2026-07-01,589187.51,0.55,1056961.27
emp_000039,2025-07-01,555837.27,0.55,997133.27
emp_000040,2026-07-01,106306.43,0.07,14042.38
emp_000040,2025-07-01,100289.08,0.07,13247.53
emp_000040,2024-07-01,94612.34,0.07,12497.67
emp_000041,2026-07-01,185876.52,0.1,26490.7
emp_000041,2025-07-01,175355.21,0.1,24991.23
emp_000042,2026-07-01,197332.35,0.15,120791.68
emp_000042,2025-07-01,186162.59,0.15,113954.42
emp_000042,2024-07-01,175625.09,0.15,107504.17
emp_000043,2026-07-01,119871.28,0.07,14755.1
emp_000044,2026-07-01,132977.66,0.1,24876.59
emp_000045,2026-07-01,146665.96,0.15,55164.91
emp_000045,2025-07-01,138364.11,0.15,52042.37
emp_000046,2026-07-01,254336.74,0.2,109653.72
emp_000047,2026-07-01,201758.78,0.12,60615.02
emp_000047,2025-07-01,190338.47,0.12,57183.98
emp_000048,2026-07-01,175859.01,0.12,64669.54
emp_000049,2026-07-01,95514.31,0.07,8581.15
emp_000050,2026-07-01,156734.81,0.1,23868.9
emp_000050,2025-07-01,147863.03,0.1,22517.83
emp_000050,2024-07-01,139493.42,0.1,21243.24
emp_000051,2026-07-01,86746.85,0.07,10399.07
emp_000051,2025-07-01,81836.65,0.07,9810.44
emp_000052,2026-07-01,132097.41,0.1,26445.65
emp_000053,2026-07-01,95307.92,0.07,11428.77
emp_000054,2026-07-01,160711.58,0.1,19533.79
emp_000054,2025-07-01,151614.7,0.1,18428.1
emp_000054,2024-07-01,143032.73,0.1,17385.0
emp_000055,2026-07-01,130494.26,0.07,12904.54
emp_000056,2026-07-01,110491.85,0.07,14385.79
emp_000057,2026-07-01,267336.92,0.15,97304.94
emp_000057,2025-07-01,252204.64,0.15,91797.11
emp_000058,2026-07-01,68432.99,0.05,5689.51
emp_000059,2026-07-01,105454.09,0.07,12477.77
emp_000060,2026-07-01,133606.83,0.07,12543.34
emp_000060,2025-07-01,126044.18,0.07,11833.34
emp_000061,2026-07-01,137228.56,0.07,13508.31
emp_000062,2026-07-01,78545.73,0.07,10992.94
emp_000062,2025-07-01,74099.75,0.07,10370.7
emp_000063,2026-07-01,148979.67,0.1,33818.27
emp_000064,2026-07-01,113327.36,0.1,24588.45
emp_000064,2025-07-01,106912.6,0.1,23196.65
emp_000065,2026-07-01,73234.16,0.05,4955.79
emp_000066,2026-07-01,97321.73,0.07,10098.91
emp_000067,2026-07-01,187056.82,0.12,65868.97
emp_000067,2025-07-01,176468.7,0.12,62140.54
emp_000067,2024-07-01,166479.9,0.12,58623.15
emp_000068,2026-07-01,209838.56,0.2,91359.71
emp_000068,2025-07-01,197960.91,0.2,86188.41
emp_000068,2024-07-01,186755.57,0.2,81309.82
emp_000069,2026-07-01,122933.53,0.1,23361.43
emp_000069,2025-07-01,115975.03,0.1,22039.08
emp_000069,2024-07-01,109410.4,0.1,20791.59
emp_000070,2026-07-01,259467.77,0.25,206674.27
emp_000070,2025-07-01,244780.92,0.25,194975.73
emp_000071,2026-07-01,96074.31,0.05,4810.1
emp_000072,2026-07-01,156775.71,0.1,27617.23
emp_000072,2025-07-01,147901.61,0.1,26053.99
emp_000072,2024-07-01,139529.82,0.1,24579.24
emp_000073,2026-07-01,148678.28,0.1,23463.1
emp_000073,2025-07-01,140262.53,0.1,22135.0
emp_000074,2026-07-01,152183.12,0.15,47516.23
emp_000074,2025-07-01,143568.98,0.15,44826.63
emp_000074,2024-07-01,135442.44,0.15,42289.28
emp_000075,2026-07-01,192061.05,0.2,94514.06
emp_000075,2025-07-01,181189.67,0.2,89164.21
emp_000075,2024-07-01,170933.65,0.2,84117.18
emp_000076,2026-07-01,128707.06,0.1,26338.18
emp_000076,2025-07-01,121421.75,0.1,24847.34
emp_000076,2024-07-01,114548.83,0.1,23440.89
emp_000077,2026-07-01,135825.85,0.1,29861.45
emp_000077,2025-07-01,128137.59,0.1,28171.18
emp_000078,2026-07-01,153210.45,0.12,54154.17
emp_000079,2026-07-01,90592.06,0.05,5098.48
emp_000080,2026-07-01,72531.57,0.05,5440.01
emp_000081,2026-07-01,208920.23,0.2,96057.65
emp_000082,2026-07-01,213944.5,0.15,86402.34
emp_000082,2025-07-01,201834.43,0.15,81511.64
emp_000083,2026-07-01,99186.34,0.07,19815.01
emp_000083,2025-07-01,93572.02,0.07,18693.41
emp_000084,2026-07-01,108619.3,0.12,72358.29
emp_000084,2025-07-01,102471.04,0.12,68262.54
emp_000084,2024-07-01,96670.79,0.12,64398.62
emp_000085,2026-07-01,75403.89,0.05,5141.14
emp_000086,2026-07-01,131606.96,0.1,20375.46
emp_000086,2025-07-01,124157.51,0.1,19222.13
emp_000086,2024-07-01,117129.73,0.1,18134.09
emp_000087,2026-07-01,181836.46,0.12,53600.47
emp_000087,2025-07-01,171543.83,0.12,50566.48
emp_000087,2024-07-01,161833.8,0.12,47704.23
emp_000088,2026-07-01,233286.48,0.15,133654.63
emp_000088,2025-07-01,220081.58,0.15,126089.27
emp_000089,2026-07-01,224802.14,0.12,63976.68
emp_000089,2025-07-01,212077.49,0.12,60355.36
emp_000090,2026-07-01,114899.32,0.07,11751.21
emp_000090,2025-07-01,108395.58,0.07,11086.05
emp_000091,2026-07-01,277355.22,0.2,114826.52
emp_000091,2025-07-01,261655.87,0.2,108326.91
emp_000091,2024-07-01,246845.16,0.2,102195.19
emp_000092,2026-07-01,168922.19,0.15,46296.03
emp_000092,2025-07-01,159360.56,0.15,43675.5
emp_000092,2024-07-01,150340.15,0.15,41203.3
emp_000093,2026-07-01,92534.28,0.07,12175.46
emp_000094,2026-07-01,126845.38,0.07,11521.87
emp_000095,2026-07-01,164454.32,0.2,65855.86
emp_000095,2025-07-01,155145.58,0.2,62128.17
emp_000096,2026-07-01,30000.0,0.05,3849.14
emp_000097,2026-07-01,191336.64,0.15,43980.49
emp_000098,2026-07-01,217497.25,0.2,72636.54
emp_000098,2025-07-01,205186.08,0.2,68525.04
emp_000098,2024-07-01,193571.78,0.2,64646.26
emp_000099,2026-07-01,148989.61,0.12,49387.11
emp_000100,2026-07-01,279297.37,0.25,154569.21
emp_000101,2026-07-01,82621.92,0.05,2900.9
emp_000102,2026-07-01,167696.85,0.12,61030.88
emp_000102,2025-07-01,158204.58,0.12,57576.3
emp_000102,2024-07-01,149249.6,0.12,54317.27
emp_000103,2026-07-01,108558.62,0.07,9495.77
emp_000104,2026-07-01,176236.31,0.12,52747.57
emp_000104,2025-07-01,166260.67,0.12,49761.86
emp_000105,2026-07-01,212525.4,0.15,42340.66
emp_000105,2025-07-01,200495.66,0.15,39944.02
emp_000105,2024-07-01,189146.85,0.15,37683.04
emp_000106,2026-07-01,62451.72,0.05,4661.52
emp_000107,2026-07-01,184916.57,0.15,68319.34
emp_000107,2025-07-01,174449.59,0.15,64452.21
emp_000108,2026-07-01,151304.15,0.1,35008.78
emp_000109,2026-07-01,151438.09,0.1,13197.39
emp_000109,2025-07-01,142866.12,0.1,12450.37
emp_000110,2026-07-01,68370.32,0.05,4709.9
emp_000110,2025-07-01,64500.3,0.05,4443.3
emp_000110,2024-07-01,60849.34,0.05,4191.79
emp_000111,2026-07-01,101272.04,0.07,11736.06
emp_000111,2025-07-01,95539.66,0.07,11071.75
emp_000112,2026-07-01,200475.34,0.15,36154.42
emp_000113,2026-07-01,84252.04,0.05,5608.93
emp_000114,2026-07-01,77258.97,0.05,4269.17
emp_000115,2026-07-01,59333.89,0.05,4329.39
emp_000115,2025-07-01,55975.37,0.05,4084.33
emp_000115,2024-07-01,52806.95,0.05,3853.14
emp_000116,2026-07-01,118526.53,0.1,17410.04
emp_000116,2025-07-01,111817.48,0.1,16424.57
emp_000116,2024-07-01,105488.19,0.1,15494.87
emp_000117,2026-07-01,181138.15,0.12,56270.14
emp_000118,2026-07-01,68168.76,0.05,5174.02
emp_000119,2026-07-01,171238.3,0.15,37815.35
emp_000119,2025-07-01,161545.57,0.15,35674.86
emp_000120,2026-07-01,186238.28,0.15,46679.3
emp_000120,2025-07-01,175696.49,0.15,44037.08
emp_000120,2024-07-01,165751.41,0.15,41544.41
emp_000121,2026-07-01,76045.86,0.05,5835.43
emp_000122,2026-07-01,182423.45,0.2,120141.46
emp_000122,2025-07-01,172097.59,0.2,113341.0
emp_000123,2026-07-01,129717.64,0.1,14945.01
emp_000124,2026-07-01,62185.0,0.05,4828.52
emp_000125,2026-07-01,143210.57,0.1,27938.88
emp_000126,2026-07-01,182995.16,0.12,46313.62
emp_000127,2026-07-01,137464.62,0.1,31289.71
emp_000128,2026-07-01,182195.9,0.12,50068.86
emp_000128,2025-07-01,171882.92,0.12,47234.77
emp_000128,2024-07-01,162153.7,0.12,44561.11
emp_000129,2026-07-01,74496.2,0.05,6014.89
emp_000130,2026-07-01,207886.75,0.15,45431.44
emp_000130,2025-07-01,196119.58,0.15,42859.85
emp_000131,2026-07-01,229391.43,0.15,88949.26
emp_000131,2025-07-01,216407.01,0.15,83914.4
emp_000131,2024-07-01,204157.56,0.15,79164.52
emp_000132,2026-07-01,169955.31,0.15,45109.61
emp_000132,2025-07-01,160335.2,0.15,42556.24
emp_000133,2026-07-01,182952.16,0.15,47716.78
emp_000133,2025-07-01,172596.38,0.15,45015.83
emp_000133,2024-07-01,162826.77,0.15,42467.76
emp_000134,2026-07-01,155101.07,0.1,20778.05
emp_000134,2025-07-01,146321.76,0.1,19601.93
emp_000135,2026-07-01,115415.4,0.1,26987.98
emp_000135,2025-07-01,108882.45,0.1,25460.36
emp_000135,2024-07-01,102719.3,0.1,24019.21
emp_000136,2026-07-01,94805.22,0.05,6071.04
emp_000136,2025-07-01,89438.89,0.05,5727.4
emp_000137,2026-07-01,91470.59,0.07,13603.35
emp_000138,2026-07-01,162170.59,0.12,66126.28
emp_000139,2026-07-01,215349.7,0.12,76636.15
emp_000139,2025-07-01,203160.09,0.12,72298.25
emp_000140,2026-07-01,37635.0,0.07,11488.27
emp_000141,2026-07-01,128354.14,0.1,26798.77
emp_000142,2026-07-01,171761.67,0.15,45334.74
emp_000143,2026-07-01,181268.3,0.15,63169.2
emp_000143,2025-07-01,171007.83,0.15,59593.58
emp_000144,2026-07-01,126440.56,0.1,25214.92
emp_000145,2026-07-01,216840.93,0.12,55904.2
emp_000145,2025-07-01,204566.92,0.12,52739.81
emp_000145,2024-07-01,192987.66,0.12,49754.54
emp_000146,2026-07-01,239800.14,0.2,65994.25
emp_000146,2025-07-01,226226.55,0.2,62258.73
emp_000147,2026-07-01,85087.58,0.05,3879.68
emp_000147,2025-07-01,80271.3,0.05,3660.08
emp_000147,2024-07-01,75727.64,0.05,3452.9
emp_000148,2026-07-01,274557.23,0.15,144127.57
emp_000148,2025-07-01,259016.25,0.15,135969.41
emp_000149,2026-07-01,171450.33,0.15,54948.29
emp_000149,2025-07-01,161745.59,0.15,51838.01
emp_000150,2026-07-01,203347.12,0.2,103291.37
emp_000150,2025-07-01,191836.91,0.2,97444.69
emp_000151,2026-07-01,100002.39,0.07,11050.0
emp_000152,2026-07-01,132419.61,0.1,20381.6
emp_000152,2025-07-01,124924.16,0.1,19227.92
emp_000152,2024-07-01,117852.98,0.1,18139.55
emp_000153,2026-07-01,207025.23,0.12,67517.94
emp_000154,2026-07-01,149289.24,0.1,21242.34
emp_000154,2025-07-01,140838.91,0.1,20039.94
emp_000154,2024-07-01,132866.89,0.1,18905.61
emp_000155,2026-07-01,290338.28,0.25,190177.39
emp_000155,2025-07-01,273904.04,0.25,179412.63
emp_000156,2026-07-01,89173.95,0.07,11350.51
emp_000157,2026-07-01,84478.68,0.05,5302.35
emp_000157,2025-07-01,79696.87,0.05,5002.22
emp_000157,2024-07-01,75185.72,0.05,4719.07
emp_000158,2026-07-01,162845.44,0.12,52040.34
emp_000159,2026-07-01,244134.48,0.2,114674.26
emp_000159,2025-07-01,230315.55,0.2,108183.26
emp_000159,2024-07-01,217278.82,0.2,102059.68
emp_000160,2026-07-01,458006.53,0.35,375564.76
emp_000160,2025-07-01,432081.63,0.35,354306.38
emp_000160,2024-07-01,407624.18,0.35,334251.3
emp_000161,2026-07-01,30000.0,0.05,3610.94
emp_000162,2026-07-01,86429.1,0.05,5958.48
emp_000163,2026-07-01,133365.39,0.1,26298.19
emp_000163,2025-07-01,125816.41,0.1,24809.61
emp_000163,2024-07-01,118694.72,0.1,23405.3
emp_000164,2026-07-01,177718.52,0.1,26502.53
emp_000164,2025-07-01,167658.98,0.1,25002.39
emp_000164,2024-07-01,158168.85,0.1,23587.16
emp_000165,2026-07-01,157816.91,0.1,19605.37
emp_000165,2025-07-01,148883.88,0.1,18495.63
emp_000166,2026-07-01,60154.61,0.05,5661.36
emp_000166,2025-07-01,56749.63,0.05,5340.91
emp_000167,2026-07-01,203843.42,0.12,66676.99
emp_000167,2025-07-01,192305.11,0.12,62902.82
emp_000167,2024-07-01,181419.92,0.12,59342.28
emp_000168,2026-07-01,192180.32,0.1,31837.91
emp_000169,2026-07-01,232598.81,0.12,62200.02
emp_000169,2025-07-01,219432.84,0.12,58679.26
emp_000170,2026-07-01,80823.76,0.05,4251.81
emp_000170,2025-07-01,76248.83,0.05,4011.14
emp_000171,2026-07-01,129475.8,0.12,57009.64
emp_000171,2025-07-01,122146.98,0.12,53782.68
emp_000171,2024-07-01,115233.0,0.12,50738.38
emp_000172,2026-07-01,216529.74,0.15,130354.85
emp_000173,2026-07-01,284855.03,0.2,122945.82
emp_000173,2025-07-01,268731.16,0.2,115986.62
emp_000174,2026-07-01,164391.41,0.2,98522.01
emp_000174,2025-07-01,155086.24,0.2,92945.29
emp_000175,2026-07-01,82450.53,0.07,10991.7
emp_000175,2025-07-01,77783.52,0.07,10369.53
emp_000176,2026-07-01,90732.38,0.07,14101.49
emp_000177,2026-07-01,196150.88,0.2,107598.78
emp_000177,2025-07-01,185048.0,0.2,101508.28
emp_000177,2024-07-01,174573.58,0.2,95762.53
emp_000178,2026-07-01,53887.47,0.12,72717.32
emp_000178,2025-07-01,50837.24,0.12,68601.25
emp_000178,2024-07-01,47959.66,0.12,64718.16
emp_000179,2026-07-01,88554.71,0.05,5361.76
emp_000179,2025-07-01,83542.18,0.05,5058.26
emp_000179,2024-07-01,78813.38,0.05,4771.95
emp_000180,2026-07-01,164565.27,0.1,23919.66
emp_000180,2025-07-01,155250.25,0.1,22565.72
emp_000180,2024-07-01,146462.5,0.1,21288.41
emp_000181,2026-07-01,201670.67,0.15,147376.93
emp_000181,2025-07-01,190255.35,0.15,139034.84
emp_000182,2026-07-01,177604.75,0.1,22592.25
emp_000182,2025-07-01,167551.65,0.1,21313.44
emp_000183,2026-07-01,225615.48,0.15,34131.41
emp_000183,2025-07-01,212844.79,0.15,32199.44
emp_000184,2026-07-01,151681.66,0.1,29736.96
emp_000184,2025-07-01,143095.91,0.1,28053.74
emp_000185,2026-07-01,277887.53,0.15,85973.17
emp_000185,2025-07-01,262158.05,0.15,81106.76
emp_000186,2026-07-01,228244.68,0.15,43002.72
emp_000186,2025-07-01,215325.17,0.15,40568.6
emp_000186,2024-07-01,203136.95,0.15,38272.27
emp_000187,2026-07-01,123759.86,0.1,23450.4
emp_000187,2025-07-01,116754.58,0.1,22123.02
emp_000187,2024-07-01,110145.83,0.1,20870.77
emp_000188,2026-07-01,92024.43,0.07,12145.78
emp_000188,2025-07-01,86815.5,0.07,11458.28
emp_000188,2024-07-01,81901.42,0.07,10809.7
emp_000189,2026-07-01,113701.85,0.07,12142.28
emp_000189,2025-07-01,107265.9,0.07,11454.98
emp_000189,2024-07-01,101194.24,0.07,10806.59
emp_000190,2026-07-01,128170.44,0.1,22912.27
emp_000190,2025-07-01,120915.51,0.1,21615.35
emp_000191,2026-07-01,622789.26,0.55,1133011.01
emp_000191,2025-07-01,587537.04,0.55,1068878.31
emp_000191,2024-07-01,554280.22,0.55,1008375.77
emp_000192,2026-07-01,271990.95,0.15,102054.39
emp_000193,2026-07-01,191282.05,0.15,52521.12
emp_000193,2025-07-01,180454.76,0.15,49548.23
emp_000193,2024-07-01,170240.34,0.15,46743.61
emp_000194,2026-07-01,67394.75,0.05,4894.54
emp_000195,2026-07-01,280804.13,0.25,218505.61
emp_000195,2025-07-01,264909.56,0.25,206137.37
emp_000195,2024-07-01,249914.68,0.25,194469.22
emp_000196,2026-07-01,90642.08,0.05,6206.11
emp_000197,2026-07-01,66318.08,0.05,6364.2
emp_000198,2026-07-01,133346.09,0.1,22430.36
emp_000198,2025-07-01,125798.2,0.1,21160.72
emp_000198,2024-07-01,118677.55,0.1,19962.94
emp_000199,2026-07-01,161854.14,0.1,29458.75
emp_000200,2026-07-01,72086.59,0.05,4825.86
emp_000200,2025-07-01,68006.22,0.05,4552.7
emp_000200,2024-07-01,64156.81,0.05,4295.0
emp_000201,2026-07-01,273197.75,0.15,110661.66
emp_000202,2026-07-01,122676.42,0.1,27559.91
emp_000202,2025-07-01,115732.47,0.1,25999.92
emp_000203,2026-07-01,102773.44,0.07,15474.17
emp_000204,2026-07-01,192327.21,0.2,66730.95
emp_000204,2025-07-01,181440.76,0.2,62953.73
emp_000205,2026-07-01,149244.42,0.15,54934.86
emp_000205,2025-07-01,140796.62,0.15,51825.34
emp_000206,2026-07-01,252816.29,0.2,76105.33
emp_000206,2025-07-01,238505.93,0.2,71797.48
emp_000206,2024-07-01,225005.6,0.2,67733.47
emp_000207,2026-07-01,103955.12,0.07,10748.86
emp_000208,2026-07-01,67704.71,0.2,87559.47
emp_000208,2025-07-01,63872.37,0.2,82603.27
emp_000208,2024-07-01,60256.95,0.2,77927.62
emp_000209,2026-07-01,145466.49,0.1,19256.21
emp_000210,2026-07-01,107114.39,0.07,10636.32
emp_000210,2025-07-01,101051.31,0.07,10034.26
emp_000211,2026-07-01,107644.74,0.07,10905.46
emp_000212,2026-07-01,76058.86,0.05,4831.82
emp_000213,2026-07-01,203966.18,0.15,60358.92
emp_000213,2025-07-01,192420.92,0.15,56942.38
emp_000213,2024-07-01,181529.17,0.15,53719.22
emp_000214,2026-07-01,258150.11,0.2,49381.12
emp_000214,2025-07-01,243537.84,0.2,46585.96
emp_000215,2026-07-01,170411.08,0.1,23915.75
emp_000215,2025-07-01,160765.17,0.1,22562.03
emp_000215,2024-07-01,151665.25,0.1,21284.93
emp_000216,2026-07-01,268637.08,0.2,81483.84
emp_000217,2026-07-01,198707.94,0.12,52736.89
emp_000217,2025-07-01,187460.32,0.12,49751.78
emp_000217,2024-07-01,176849.36,0.12,46935.64
emp_000218,2026-07-01,168593.38,0.12,65180.65
emp_000218,2025-07-01,159050.36,0.12,61491.18
emp_000218,2024-07-01,150047.51,0.12,58010.55
emp_000219,2026-07-01,171401.67,0.1,22308.92
emp_000220,2026-07-01,158582.58,0.15,55138.14
emp_000220,2025-07-01,149606.21,0.15,52017.11
emp_000221,2026-07-01,85603.88,0.07,9999.15
emp_000221,2025-07-01,80758.38,0.07,9433.16
emp_000221,2024-07-01,76187.15,0.07,8899.21
emp_000222,2026-07-01,168463.93,0.12,77659.5
emp_000222,2025-07-01,158928.24,0.12,73263.68
emp_000222,2024-07-01,149932.3,0.12,69116.68
emp_000223,2026-07-01,75527.05,0.05,3253.27
emp_000224,2026-07-01,141375.71,0.1,24692.46
emp_000224,2025-07-01,133373.31,0.1,23294.77
emp_000224,2024-07-01,125823.88,0.1,21976.2
emp_000225,2026-07-01,118072.16,0.07,8721.36
emp_000226,2026-07-01,194434.34,0.2,110781.97
emp_000226,2025-07-01,183428.62,0.2,104511.29
emp_000226,2024-07-01,173045.87,0.2,98595.56
emp_000227,2026-07-01,213116.3,0.2,87988.83
emp_000228,2026-07-01,163322.29,0.1,28465.36
emp_000228,2025-07-01,154077.63,0.1,26854.11
emp_000228,2024-07-01,145356.26,0.1,25334.07
emp_000229,2026-07-01,145545.75,0.1,26683.31
emp_000230,2026-07-01,559593.63,0.55,1204376.58
emp_000230,2025-07-01,527918.52,0.55,1136204.32
emp_000231,2026-07-01,70272.49,0.05,5176.32
emp_000232,2026-07-01,120132.68,0.1,20940.34
emp_000233,2026-07-01,212080.59,0.2,53619.36
emp_000233,2025-07-01,200076.03,0.2,50584.3
emp_000233,2024-07-01,188750.97,0.2,47721.04
emp_000234,2026-07-01,201892.14,0.2,72783.52
emp_000234,2025-07-01,190464.28,0.2,68663.7
emp_000235,2026-07-01,114690.06,0.07,8985.88
emp_000236,2026-07-01,210644.9,0.15,97315.84
emp_000236,2025-07-01,198721.6,0.15,91807.4
emp_000237,2026-07-01,169499.68,0.12,42393.41
emp_000237,2025-07-01,159905.36,0.12,39993.78
emp_000237,2024-07-01,150854.11,0.12,37729.98
emp_000238,2026-07-01,158423.84,0.12,42424.73
emp_000238,2025-07-01,149456.45,0.12,40023.33
emp_000239,2026-07-01,143186.1,0.1,27305.8
emp_000240,2026-07-01,142823.04,0.07,11372.87
emp_000241,2026-07-01,183135.54,0.15,100130.71
emp_000242,2026-07-01,167176.66,0.1,31009.34
emp_000243,2026-07-01,74310.88,0.05,6428.06
emp_000244,2026-07-01,165764.95,0.12,68800.22
emp_000245,2026-07-01,118978.33,0.07,8845.19
emp_000245,2025-07-01,112243.71,0.07,8344.52
emp_000246,2026-07-01,122872.36,0.1,25110.97
emp_000246,2025-07-01,115917.32,0.1,23689.59
emp_000247,2026-07-01,115396.83,0.07,11987.0
emp_000248,2026-07-01,140678.34,0.15,33491.11
emp_000249,2026-07-01,102399.55,0.07,8370.24
emp_000249,2025-07-01,96603.35,0.07,7896.45
emp_000250,2026-07-01,113729.55,0.07,8308.0
emp_000250,2025-07-01,107292.03,0.07,7837.74
emp_000250,2024-07-01,101218.89,0.07,7394.09
emp_000251,2026-07-01,103834.44,0.07,10354.73
emp_000252,2026-07-01,150243.86,0.1,32395.31
emp_000252,2025-07-01,141739.49,0.1,30561.61
emp_000252,2024-07-01,133716.5,0.1,28831.71
emp_000253,2026-07-01,103868.81,0.07,15605.72
emp_000254,2026-07-01,190590.08,0.12,57182.08
emp_000254,2025-07-01,179801.96,0.12,53945.36
emp_000255,2026-07-01,170126.31,0.1,34156.85
emp_000255,2025-07-01,160496.52,0.1,32223.44
emp_000255,2024-07-01,151411.81,0.1,30399.47
emp_000256,2026-07-01,176401.06,0.12,67603.61
emp_000257,2026-07-01,215750.71,0.25,167110.06
emp_000257,2025-07-01,203538.41,0.25,157651.0
emp_000258,2026-07-01,254426.39,0.15,87924.04
emp_000258,2025-07-01,240024.9,0.15,82947.21
emp_000259,2026-07-01,126770.14,0.1,26291.32
emp_000259,2025-07-01,119594.47,0.1,24803.13
emp_000260,2026-07-01,139012.93,0.15,52183.1
emp_000260,2025-07-01,131144.27,0.15,49229.34
emp_000261,2026-07-01,90820.85,0.05,5532.5
emp_000261,2025-07-01,85680.05,0.05,5219.34
emp_000261,2024-07-01,80830.23,0.05,4923.91
emp_000262,2026-07-01,125117.39,0.07,14556.58
emp_000263,2026-07-01,331649.96,0.25,164757.98
emp_000264,2026-07-01,79532.81,0.07,11162.55
emp_000264,2025-07-01,75030.95,0.07,10530.71
emp_000265,2026-07-01,84411.54,0.07,13775.78
emp_000266,2026-07-01,69402.0,0.07,14506.29
emp_000266,2025-07-01,65473.58,0.07,13685.18
emp_000267,2026-07-01,86759.79,0.07,13289.15
emp_000268,2026-07-01,69152.32,0.05,5316.75
emp_000268,2025-07-01,65238.04,0.05,5015.8
emp_000269,2026-07-01,206600.66,0.2,89357.65
emp_000269,2025-07-01,194906.28,0.2,84299.67
emp_000269,2024-07-01,183873.85,0.2,79527.99
emp_000270,2026-07-01,181722.02,0.12,45134.18
emp_000270,2025-07-01,171435.87,0.12,42579.42
emp_000271,2026-07-01,242179.14,0.25,155314.81
emp_000271,2025-07-01,228470.89,0.25,146523.41
emp_000272,2026-07-01,185583.85,0.1,15213.5
emp_000273,2026-07-01,202523.15,0.2,60682.36
emp_000273,2025-07-01,191059.58,0.2,57247.51
emp_000274,2026-07-01,125997.18,0.1,17421.84
emp_000275,2026-07-01,119524.07,0.07,13743.12
emp_000276,2026-07-01,145368.07,0.15,43717.3
emp_000276,2025-07-01,137139.69,0.15,41242.74
emp_000276,2024-07-01,129377.06,0.15,38908.24
emp_000277,2026-07-01,150369.74,0.1,24331.63
emp_000278,2026-07-01,272098.48,0.25,194648.7
emp_000278,2025-07-01,256696.68,0.25,183630.85
emp_000279,2026-07-01,152055.95,0.1,18092.56
emp_000279,2025-07-01,143449.01,0.1,17068.45
emp_000279,2024-07-01,135329.25,0.1,16102.31
emp_000280,2026-07-01,71799.88,0.05,3939.74
emp_000280,2025-07-01,67735.74,0.05,3716.74
emp_000281,2026-07-01,84386.98,0.05,4466.56
emp_000281,2025-07-01,79610.36,0.05,4213.74
emp_000281,2024-07-01,75104.11,0.05,3975.22
emp_000282,2026-07-01,64854.49,0.05,6271.4
emp_000283,2026-07-01,151459.29,0.12,64643.55
emp_000284,2026-07-01,257171.32,0.15,101266.76
emp_000284,2025-07-01,242614.45,0.15,95534.68
emp_000285,2026-07-01,261378.85,0.2,85877.31
emp_000286,2026-07-01,195097.52,0.12,39797.29
emp_000286,2025-07-01,184054.26,0.12,37544.61
emp_000287,2026-07-01,153459.02,0.1,26781.05
emp_000288,2026-07-01,167144.57,0.15,46302.3
emp_000288,2025-07-01,157683.56,0.15,43681.42
emp_000289,2026-07-01,103881.71,0.07,15613.13
emp_000290,2026-07-01,263019.44,0.15,91760.96
emp_000291,2026-07-01,92651.86,0.05,5088.82
emp_000291,2025-07-01,87407.42,0.05,4800.77
emp_000291,2024-07-01,82459.83,0.05,4529.03
emp_000292,2026-07-01,165541.72,0.1,18662.84
emp_000293,2026-07-01,157791.09,0.15,45499.32
emp_000293,2025-07-01,148859.52,0.15,42923.89
emp_000294,2026-07-01,66643.82,0.05,5108.67
emp_000294,2025-07-01,62871.53,0.05,4819.5
emp_000294,2024-07-01,59312.76,0.05,4546.7
emp_000295,2026-07-01,143858.67,0.15,38000.08
emp_000295,2025-07-01,135715.73,0.15,35849.13
emp_000296,2026-07-01,171091.9,0.15,48661.43
emp_000296,2025-07-01,161407.45,0.15,45907.01
emp_000296,2024-07-01,152271.18,0.15,43308.5
emp_000297,2026-07-01,303619.36,0.25,191274.58
emp_000297,2025-07-01,286433.36,0.25,180447.72
emp_000297,2024-07-01,270220.15,0.25,170233.7
emp_000298,2026-07-01,196446.78,0.2,100856.24
emp_000298,2025-07-01,185327.15,0.2,95147.4
emp_000298,2024-07-01,174836.93,0.2,89761.69
emp_000299,2026-07-01,88694.99,0.05,6134.93
emp_000299,2025-07-01,83674.52,0.05,5787.67
emp_000300,2026-07-01,117189.94,0.1,27763.34
emp_000301,2026-07-01,81750.01,0.07,12305.5
emp_000302,2026-07-01,195665.24,0.15,31718.25
emp_000303,2026-07-01,408968.47,0.25,189124.22
emp_000303,2025-07-01,385819.31,0.25,178419.08
emp_000303,2024-07-01,363980.48,0.25,168319.88
emp_000304,2026-07-01,111150.73,0.07,14659.95
emp_000305,2026-07-01,109560.22,0.07,12029.08
emp_000306,2026-07-01,143753.45,0.15,49817.13
emp_000306,2025-07-01,135616.46,0.15,46997.29
emp_000306,2024-07-01,127940.06,0.15,44337.07
emp_000307,2026-07-01,114828.96,0.07,11213.05
emp_000307,2025-07-01,108329.21,0.07,10578.35
emp_000307,2024-07-01,102197.37,0.07,9979.57
emp_000308,2026-07-01,66141.03,0.05,3729.17
emp_000309,2026-07-01,75532.75,0.05,4601.28
emp_000310,2026-07-01,161424.65,0.1,21366.47
emp_000310,2025-07-01,152287.41,0.1,20157.05
emp_000310,2024-07-01,143667.36,0.1,19016.08
emp_000311,2026-07-01,115411.06,0.07,12426.84
emp_000312,2026-07-01,153944.99,0.1,20896.61
emp_000312,2025-07-01,145231.12,0.1,19713.78
emp_000313,2026-07-01,196189.39,0.2,98099.14
emp_000314,2026-07-01,68696.23,0.05,4717.38
emp_000314,2025-07-01,64807.76,0.05,4450.36
emp_000314,2024-07-01,61139.4,0.05,4198.45
emp_000315,2026-07-01,118418.53,0.07,10780.82
emp_000316,2026-07-01,148748.61,0.15,37351.66
emp_000317,2026-07-01,199811.83,0.15,37039.07
emp_000318,2026-07-01,186133.01,0.12,59335.09
emp_000318,2025-07-01,175597.18,0.12,55976.5
emp_000318,2024-07-01,165657.72,0.12,52808.02
emp_000319,2026-07-01,145767.9,0.12,42359.89
emp_000319,2025-07-01,137516.89,0.12,39962.16
emp_000319,2024-07-01,129732.91,0.12,37700.15
emp_000320,2026-07-01,95028.81,0.07,11337.94
emp_000321,2026-07-01,330723.11,0.25,168082.14
emp_000321,2025-07-01,312002.93,0.25,158568.06
emp_000321,2024-07-01,294342.39,0.25,149592.51
emp_000322,2026-07-01,202130.71,0.15,105037.44
emp_000323,2026-07-01,73391.07,0.05,3816.7
emp_000324,2026-07-01,436754.44,0.35,268870.58
emp_000324,2025-07-01,412032.49,0.35,253651.49
emp_000324,2024-07-01,388709.9,0.35,239293.86
emp_000325,2026-07-01,39818.6,0.1,22040.97
emp_000325,2025-07-01,37564.72,0.1,20793.37
emp_000325,2024-07-01,35438.41,0.1,19616.38
emp_000326,2026-07-01,146661.92,0.12,74036.73
emp_000326,2025-07-01,138360.3,0.12,69845.97
emp_000327,2026-07-01,77847.49,0.07,8377.45
emp_000327,2025-07-01,73441.03,0.07,7903.25
emp_000328,2026-07-01,84314.16,0.05,4937.39
emp_000329,2026-07-01,99256.99,0.07,11514.41
emp_000329,2025-07-01,93638.67,0.07,10862.65
emp_000330,2026-07-01,233855.55,0.12,59564.17
emp_000331,2026-07-01,212555.3,0.12,52797.62
emp_000331,2025-07-01,200523.87,0.12,49809.08
emp_000331,2024-07-01,189173.46,0.12,46989.69
emp_000332,2026-07-01,177740.67,0.15,33691.6
emp_000332,2025-07-01,167679.88,0.15,31784.53
emp_000332,2024-07-01,158188.56,0.15,29985.4
emp_000333,2026-07-01,117633.53,0.1,25108.35
emp_000333,2025-07-01,110975.03,0.1,23687.12
emp_000334,2026-07-01,159095.02,0.15,48086.98
emp_000334,2025-07-01,150089.64,0.15,45365.08
emp_000334,2024-07-01,141594.0,0.15,42797.24
emp_000335,2026-07-01,145975.07,0.1,25963.42
emp_000336,2026-07-01,91384.21,0.07,15475.37
emp_000337,2026-07-01,148950.68,0.1,27276.22
emp_000337,2025-07-01,140519.51,0.1,25732.28
emp_000337,2024-07-01,132565.57,0.1,24275.74
emp_000338,2026-07-01,175971.07,0.15,48183.82
emp_000338,2025-07-01,166010.44,0.15,45456.43
emp_000338,2024-07-01,156613.63,0.15,42883.43
emp_000339,2026-07-01,97051.97,0.07,11333.81
emp_000339,2025-07-01,91558.46,0.07,10692.27
emp_000340,2026-07-01,78330.96,0.05,4996.22
emp_000341,2026-07-01,213540.0,0.15,126957.32
emp_000341,2025-07-01,201452.83,0.15,119771.06
emp_000341,2024-07-01,190049.84,0.15,112991.56
emp_000342,2026-07-01,405330.26,0.35,562864.82
emp_000342,2025-07-01,382387.04,0.35,531004.55
emp_000343,2026-07-01,283050.3,0.25,210189.32
emp_000343,2025-07-01,267028.58,0.25,198291.81
emp_000343,2024-07-01,251913.76,0.25,187067.75
emp_000344,2026-07-01,262649.24,0.2,103257.89
emp_000344,2025-07-01,247782.3,0.2,97413.1
emp_000344,2024-07-01,233756.89,0.2,91899.15
emp_000345,2026-07-01,78935.11,0.05,5450.97
emp_000345,2025-07-01,74467.08,0.05,5142.42
emp_000345,2024-07-01,70251.97,0.05,4851.34
emp_000346,2026-07-01,30000.0,0.05,6388.96
emp_000346,2025-07-01,28301.89,0.05,6027.32
emp_000347,2026-07-01,71569.9,0.15,86088.18
emp_000347,2025-07-01,67518.77,0.15,81215.26
emp_000347,2024-07-01,63696.96,0.15,76618.17
emp_000348,2026-07-01,295835.3,0.25,185304.72
emp_000348,2025-07-01,279089.91,0.25,174815.77
emp_000348,2024-07-01,263292.36,0.25,164920.54
emp_000349,2026-07-01,122857.01,0.07,8069.86
emp_000349,2025-07-01,115902.84,0.07,7613.08
emp_000349,2024-07-01,109342.3,0.07,7182.15
emp_000350,2026-07-01,81800.23,0.07,12402.48
emp_000350,2025-07-01,77170.03,0.07,11700.45
emp_000351,2026-07-01,120400.58,0.1,17897.11
emp_000352,2026-07-01,235765.38,0.2,86277.32
emp_000352,2025-07-01,222420.17,0.2,81393.7
emp_000352,2024-07-01,209830.35,0.2,76786.51
emp_000353,2026-07-01,257992.45,0.2,90642.85
emp_000353,2025-07-01,243389.1,0.2,85512.12
emp_000353,2024-07-01,229612.36,0.2,80671.81
emp_000354,2026-07-01,160891.68,0.1,30581.03
emp_000355,2026-07-01,124615.97,0.07,11669.77
emp_000355,2025-07-01,117562.24,0.07,11009.22
emp_000355,2024-07-01,110907.77,0.07,10386.05
emp_000356,2026-07-01,159002.9,0.1,28116.04
emp_000357,2026-07-01,195541.18,0.1,30591.37
emp_000357,2025-07-01,184472.81,0.1,28859.78
emp_000358,2026-07-01,230924.4,0.15,93176.06
emp_000358,2025-07-01,217853.21,0.15,87901.94
emp_000358,2024-07-01,205521.89,0.15,82926.36
emp_000359,2026-07-01,150079.93,0.1,11981.63
emp_000359,2025-07-01,141584.84,0.1,11303.42
emp_000360,2026-07-01,183557.23,0.12,57371.39
emp_000361,2026-07-01,58436.9,0.05,4717.11
emp_000362,2026-07-01,73701.98,0.05,3489.07
emp_000362,2025-07-01,69530.17,0.05,3291.58
emp_000363,2026-07-01,182983.93,0.12,37326.56
emp_000363,2025-07-01,172626.35,0.12,35213.74
emp_000364,2026-07-01,78305.71,0.05,4999.34
emp_000364,2025-07-01,73873.31,0.05,4716.36
emp_000364,2024-07-01,69691.8,0.05,4449.39
emp_000365,2026-07-01,113550.62,0.07,8372.87
emp_000365,2025-07-01,107123.23,0.07,7898.93
emp_000365,2024-07-01,101059.65,0.07,7451.82
emp_000366,2026-07-01,82736.1,0.2,126286.24
emp_000366,2025-07-01,78052.92,0.2,119137.96
emp_000366,2024-07-01,73634.83,0.2,112394.3
emp_000367,2026-07-01,184090.57,0.15,34464.34
emp_000367,2025-07-01,173670.35,0.15,32513.53
emp_000367,2024-07-01,163839.95,0.15,30673.14
emp_000368,2026-07-01,153303.86,0.15,59345.42
emp_000368,2025-07-01,144626.28,0.15,55986.25
emp_000369,2026-07-01,125298.17,0.07,12151.54
emp_000370,2026-07-01,191330.9,0.12,45898.78
emp_000371,2026-07-01,170347.45,0.1,34478.31
emp_000371,2025-07-01,160705.14,0.1,32526.71
emp_000372,2026-07-01,89287.89,0.05,5590.02
emp_000373,2026-07-01,268218.86,0.15,81986.4
emp_000374,2026-07-01,245179.69,0.2,71033.07
emp_000374,2025-07-01,231301.59,0.2,67012.33
emp_000375,2026-07-01,93170.8,0.07,12860.62
emp_000375,2025-07-01,87896.98,0.07,12132.66
emp_000376,2026-07-01,141657.51,0.1,17926.15
emp_000376,2025-07-01,133639.16,0.1,16911.46
emp_000377,2026-07-01,319703.61,0.25,183879.65
emp_000377,2025-07-01,301607.18,0.25,173471.37
emp_000377,2024-07-01,284535.07,0.25,163652.23
emp_000378,2026-07-01,124294.45,0.07,12114.73
emp_000378,2025-07-01,117258.92,0.07,11428.99
emp_000378,2024-07-01,110621.62,0.07,10782.07
emp_000379,2026-07-01,185644.66,0.12,56301.92
emp_000379,2025-07-01,175136.47,0.12,53115.02
emp_000380,2026-07-01,187589.73,0.2,51391.7
emp_000380,2025-07-01,176971.44,0.2,48482.74
emp_000381,2026-07-01,152773.9,0.1,31907.66
emp_000381,2025-07-01,144126.32,0.1,30101.57
emp_000382,2026-07-01,521078.51,0.55,957368.37
emp_000382,2025-07-01,491583.5,0.55,903177.71
emp_000382,2024-07-01,463758.02,0.55,852054.44
emp_000383,2026-07-01,170339.84,0.2,90980.68
emp_000383,2025-07-01,160697.96,0.2,85830.83
emp_000383,2024-07-01,151601.85,0.2,80972.48
emp_000384,2026-07-01,136028.76,0.1,23480.48
emp_000384,2025-07-01,128329.02,0.1,22151.4
emp_000385,2026-07-01,58167.52,0.05,5200.13
emp_000385,2025-07-01,54875.02,0.05,4905.78
emp_000385,2024-07-01,51768.89,0.05,4628.1
emp_000386,2026-07-01,102266.09,0.07,14945.84
emp_000387,2026-07-01,208859.48,0.15,49784.96
emp_000387,2025-07-01,197037.25,0.15,46966.94
emp_000387,2024-07-01,185884.19,0.15,44308.44
emp_000388,2026-07-01,116294.11,0.07,13523.25
emp_000388,2025-07-01,109711.42,0.07,12757.78
emp_000389,2026-07-01,72273.52,0.05,5002.52
emp_000390,2026-07-01,188406.58,0.15,52064.39
emp_000390,2025-07-01,177742.06,0.15,49117.35
emp_000390,2024-07-01,167681.19,0.15,46337.12
emp_000391,2026-07-01,81397.12,0.05,4750.44
emp_000391,2025-07-01,76789.74,0.05,4481.55
emp_000391,2024-07-01,72443.15,0.05,4227.87
emp_000392,2026-07-01,79800.64,0.05,4706.1
emp_000392,2025-07-01,75283.62,0.05,4439.72
emp_000392,2024-07-01,71022.29,0.05,4188.41
emp_000393,2026-07-01,156351.31,0.12,68542.83
emp_000393,2025-07-01,147501.24,0.12,64663.05
emp_000394,2026-07-01,163528.02,0.12,51968.65
emp_000394,2025-07-01,154271.72,0.12,49027.03
emp_000394,2024-07-01,145539.36,0.12,46251.91
emp_000395,2026-07-01,213955.79,0.15,57225.89
emp_000396,2026-07-01,209886.26,0.15,126094.11
emp_000396,2025-07-01,198005.91,0.15,118956.71
emp_000396,2024-07-01,186798.02,0.15,112223.31
emp_000397,2026-07-01,136701.89,0.1,30872.08
emp_000398,2026-07-01,113297.21,0.07,15256.94
emp_000398,2025-07-01,106884.16,0.07,14393.34
emp_000399,2026-07-01,53185.33,0.15,36501.36
emp_000399,2025-07-01,50174.84,0.15,34435.25
emp_000399,2024-07-01,47334.75,0.15,32486.08
emp_000400,2026-07-01,194431.75,0.2,86288.76
emp_000400,2025-07-01,183426.18,0.2,81404.49
emp_000401,2026-07-01,236660.67,0.2,102392.07
emp_000401,2025-07-01,223264.78,0.2,96596.29
emp_000401,2024-07-01,210627.15,0.2,91128.58
emp_000402,2026-07-01,30000.0,0.05,4561.36
emp_000403,2026-07-01,188627.98,0.15,117566.43
emp_000404,2026-07-01,183955.87,0.1,24128.11
emp_000404,2025-07-01,173543.27,0.1,22762.37
emp_000404,2024-07-01,163720.07,0.1,21473.93
emp_000405,2026-07-01,156380.26,0.12,45972.09
emp_000405,2025-07-01,147528.55,0.12,43369.9
emp_000405,2024-07-01,139177.87,0.12,40915.0
emp_000406,2026-07-01,225801.7,0.2,80115.43
emp_000406,2025-07-01,213020.47,0.2,75580.59
emp_000406,2024-07-01,200962.71,0.2,71302.45
emp_000407,2026-07-01,151541.56,0.1,22860.72
emp_000408,2026-07-01,214889.41,0.2,86200.08
emp_000409,2026-07-01,173626.77,0.15,165750.24
emp_000409,2025-07-01,163798.84,0.15,156368.15
emp_000409,2024-07-01,154527.21,0.15,147517.12
emp_000410,2026-07-01,249509.51,0.15,126691.34
emp_000411,2026-07-01,175100.97,0.12,49414.82
emp_000412,2026-07-01,248890.55,0.2,81427.62
emp_000412,2025-07-01,234802.41,0.2,76818.51
emp_000412,2024-07-01,221511.7,0.2,72470.29
emp_000413,2026-07-01,80667.0,0.05,5710.39
emp_000414,2026-07-01,139647.68,0.1,17563.02
emp_000415,2026-07-01,220910.24,0.12,56759.76
emp_000416,2026-07-01,131893.91,0.07,8758.68
emp_000416,2025-07-01,124428.22,0.07,8262.91
emp_000416,2024-07-01,117385.11,0.07,7795.19
emp_000417,2026-07-01,76802.64,0.05,5381.62
emp_000417,2025-07-01,72455.32,0.05,5077.0
emp_000418,2026-07-01,161866.29,0.15,58509.95
emp_000418,2025-07-01,152704.05,0.15,55198.07
emp_000418,2024-07-01,144060.42,0.15,52073.65
emp_000419,2026-07-01,174244.82,0.2,84882.77
emp_000419,2025-07-01,164381.91,0.2,80078.08
emp_000419,2024-07-01,155077.27,0.2,75545.36
emp_000420,2026-07-01,128969.82,0.07,11149.56
emp_000421,2026-07-01,120146.92,0.15,42334.06
emp_000422,2026-07-01,202539.12,0.15,37848.48
emp_000423,2026-07-01,154471.53,0.1,34142.75
emp_000424,2026-07-01,161190.53,0.12,43203.25
emp_000424,2025-07-01,152066.54,0.12,40757.78
emp_000425,2026-07-01,30000.0,0.05,3505.69
emp_000426,2026-07-01,123761.64,0.07,8839.99
emp_000426,2025-07-01,116756.26,0.07,8339.61
emp_000426,2024-07-01,110147.42,0.07,7867.56
emp_000427,2026-07-01,360150.21,0.35,408347.21
emp_000427,2025-07-01,339764.35,0.35,385233.22
emp_000427,2024-07-01,320532.4,0.35,363427.56
emp_000428,2026-07-01,91193.53,0.07,11449.74
emp_000429,2026-07-01,134455.74,0.07,12500.29
emp_000429,2025-07-01,126845.04,0.07,11792.73
emp_000429,2024-07-01,119665.13,0.07,11125.21
emp_000430,2026-07-01,102174.39,0.07,15954.64
emp_000431,2026-07-01,85136.47,0.05,5600.24
emp_000432,2026-07-01,283009.78,0.15,146267.67
emp_000432,2025-07-01,266990.36,0.15,137988.37
emp_000433,2026-07-01,84456.51,0.05,4068.17
emp_000433,2025-07-01,79675.95,0.05,3837.9
emp_000433,2024-07-01,75165.99,0.05,3620.66
emp_000434,2026-07-01,168252.85,0.1,22402.92
emp_000435,2026-07-01,167303.7,0.12,62701.83
emp_000435,2025-07-01,157833.68,0.12,59152.67
emp_000435,2024-07-01,148899.7,0.12,55804.41
emp_000436,2026-07-01,214473.28,0.12,68633.11
emp_000436,2025-07-01,202333.28,0.12,64748.22
emp_000436,2024-07-01,190880.46,0.12,61083.22
emp_000437,2026-07-01,157819.09,0.15,55573.35
emp_000437,2025-07-01,148885.93,0.15,52427.69
emp_000438,2026-07-01,117482.19,0.07,11424.88
emp_000439,2026-07-01,122581.41,0.07,11060.03
emp_000439,2025-07-01,115642.84,0.07,10433.99
emp_000439,2024-07-01,109097.02,0.07,9843.39
emp_000440,2026-07-01,296463.16,0.15,118763.54
emp_000441,2026-07-01,169898.69,0.12,68360.08
emp_000441,2025-07-01,160281.78,0.12,64490.64
emp_000442,2026-07-01,131092.74,0.07,9446.74
emp_000443,2026-07-01,65090.73,0.05,5708.21
emp_000443,2025-07-01,61406.35,0.05,5385.1
emp_000443,2024-07-01,57930.52,0.05,5080.29
emp_000444,2026-07-01,443941.43,0.35,391917.39
emp_000444,2025-07-01,418812.67,0.35,369733.39
emp_000444,2024-07-01,395106.29,0.35,348805.08
emp_000445,2026-07-01,116881.29,0.07,10192.95
emp_000446,2026-07-01,94979.9,0.07,10672.14
emp_000447,2026-07-01,174700.47,0.12,68742.19
emp_000448,2026-07-01,171901.21,0.1,19946.73
emp_000449,2026-07-01,194261.09,0.12,64727.3
emp_000450,2026-07-01,254489.56,0.25,191693.0
emp_000450,2025-07-01,240084.49,0.25,180842.45
emp_000450,2024-07-01,226494.8,0.25,170606.09
emp_000451,2026-07-01,56680.39,0.05,6055.57
emp_000452,2026-07-01,158413.61,0.12,57769.06
emp_000452,2025-07-01,149446.8,0.12,54499.11
emp_000453,2026-07-01,285548.71,0.15,99089.71
emp_000453,2025-07-01,269385.58,0.15,93480.86
emp_000453,2024-07-01,254137.34,0.15,88189.49
emp_000454,2026-07-01,215348.84,0.15,103403.94
emp_000454,2025-07-01,203159.28,0.15,97550.89
emp_000455,2026-07-01,125127.92,0.07,10944.91
emp_000456,2026-07-01,84576.33,0.05,5487.77
emp_000456,2025-07-01,79788.99,0.05,5177.14
emp_000456,2024-07-01,75272.63,0.05,4884.1
emp_000457,2026-07-01,119039.11,0.07,12565.65
emp_000458,2026-07-01,200923.28,0.15,76506.61
emp_000459,2026-07-01,196624.26,0.12,57469.03
emp_000459,2025-07-01,185494.58,0.12,54216.07
emp_000460,2026-07-01,168958.72,0.15,32487.86
emp_000460,2025-07-01,159395.02,0.15,30648.92
emp_000460,2024-07-01,150372.66,0.15,28914.08
emp_000461,2026-07-01,31450.39,0.07,13918.76
emp_000462,2026-07-01,151119.78,0.12,55123.77
emp_000462,2025-07-01,142565.83,0.12,52003.56
emp_000463,2026-07-01,142410.68,0.15,53915.49
emp_000463,2025-07-01,134349.7,0.15,50863.67
emp_000463,2024-07-01,126745.0,0.15,47984.59
emp_000464,2026-07-01,141588.55,0.12,60413.52
emp_000464,2025-07-01,133574.1,0.12,56993.89
emp_000464,2024-07-01,126013.31,0.12,53767.82
emp_000465,2026-07-01,208379.17,0.15,92886.85
emp_000465,2025-07-01,196584.12,0.15,87629.1
emp_000465,2024-07-01,185456.72,0.15,82668.97
emp_000466,2026-07-01,83235.66,0.05,5707.97
emp_000466,2025-07-01,78524.21,0.05,5384.88
emp_000466,2024-07-01,74079.44,0.05,5080.07
emp_000467,2026-07-01,121995.5,0.07,13443.52
emp_000468,2026-07-01,210991.79,0.15,29288.1
emp_000468,2025-07-01,199048.86,0.15,27630.28
emp_000468,2024-07-01,187781.94,0.15,26066.3
emp_000469,2026-07-01,152949.74,0.15,43630.85
emp_000469,2025-07-01,144292.21,0.15,41161.18
emp_000469,2024-07-01,136124.72,0.15,38831.3
emp_000470,2026-07-01,121007.16,0.1,17978.63
emp_000470,2025-07-01,114157.7,0.1,16960.97
emp_000470,2024-07-01,107695.94,0.1,16000.92
emp_000471,2026-07-01,93776.14,0.07,12660.59
emp_000471,2025-07-01,88468.06,0.07,11943.95
emp_000471,2024-07-01,83460.43,0.07,11267.88
emp_000472,2026-07-01,216651.63,0.2,90265.93
emp_000473,2026-07-01,167096.23,0.12,58788.6
emp_000474,2026-07-01,121459.3,0.07,10707.31
emp_000474,2025-07-01,114584.25,0.07,10101.24
emp_000474,2024-07-01,108098.34,0.07,9529.47
emp_000475,2026-07-01,190461.04,0.15,49124.87
emp_000475,2025-07-01,179680.23,0.15,46344.22
emp_000476,2026-07-01,108759.74,0.07,12670.23
emp_000476,2025-07-01,102603.53,0.07,11953.05
emp_000476,2024-07-01,96795.78,0.07,11276.46
emp_000477,2026-07-01,60035.12,0.05,5110.52
emp_000477,2025-07-01,56636.91,0.05,4821.25
emp_000477,2024-07-01,53431.04,0.05,4548.34
emp_000478,2026-07-01,180746.0,0.12,75632.26
emp_000479,2026-07-01,147475.1,0.12,65646.73
emp_000479,2025-07-01,139127.45,0.12,61930.88
emp_000479,2024-07-01,131252.31,0.12,58425.36
emp_000480,2026-07-01,214709.95,0.15,49794.63
emp_000480,2025-07-01,202556.56,0.15,46976.07
emp_000481,2026-07-01,216135.43,0.15,46078.29
emp_000481,2025-07-01,203901.35,0.15,43470.08
emp_000482,2026-07-01,195267.38,0.12,68223.72
emp_000482,2025-07-01,184214.51,0.12,64362.0
emp_000482,2024-07-01,173787.27,0.12,60718.87
emp_000483,2026-07-01,63800.0,0.05,4918.55
emp_000484,2026-07-01,233678.98,0.25,176000.91
emp_000484,2025-07-01,220451.87,0.25,166038.59
emp_000484,2024-07-01,207973.46,0.25,156640.18
emp_000485,2026-07-01,170838.08,0.1,24930.66
emp_000486,2026-07-01,357899.31,0.35,268824.5
emp_000486,2025-07-01,337640.86,0.35,253608.02
emp_000486,2024-07-01,318529.11,0.35,239252.85
emp_000487,2026-07-01,163458.16,0.1,31998.19
emp_000487,2025-07-01,154205.81,0.1,30186.97
emp_000487,2024-07-01,145477.18,0.1,28478.28
emp_000488,2026-07-01,98171.37,0.07,8560.09
emp_000488,2025-07-01,92614.5,0.07,8075.56
emp_000488,2024-07-01,87372.17,0.07,7618.45
emp_000489,2026-07-01,92854.26,0.05,4268.72
emp_000489,2025-07-01,87598.36,0.05,4027.09
emp_000490,2026-07-01,361923.99,0.35,377797.27
emp_000490,2025-07-01,341437.73,0.35,356412.52
emp_000490,2024-07-01,322111.06,0.35,336238.23
emp_000491,2026-07-01,130961.19,0.07,10496.65
emp_000492,2026-07-01,415095.41,0.35,481338.99
emp_000492,2025-07-01,391599.44,0.35,454093.39
emp_000492,2024-07-01,369433.44,0.35,428389.99
emp_000493,2026-07-01,79971.07,0.05,4967.98
emp_000494,2026-07-01,87728.67,0.07,10592.69
emp_000494,2025-07-01,82762.9,0.07,9993.1
emp_000495,2026-07-01,181206.78,0.12,48176.6
emp_000496,2026-07-01,125402.0,0.1,25382.73
emp_000496,2025-07-01,118303.77,0.1,23945.97
emp_000497,2026-07-01,132911.59,0.07,11152.66
emp_000497,2025-07-01,125388.29,0.07,10521.38
emp_000497,2024-07-01,118290.84,0.07,9925.83
emp_000498,2026-07-01,115052.74,0.1,17855.86
emp_000499,2026-07-01,171024.58,0.1,27359.63
emp_000499,2025-07-01,161343.94,0.1,25810.97
emp_000500,2026-07-01,76363.44,0.05,6183.68
emp_000501,2026-07-01,130307.67,0.1,20352.6
emp_000502,2026-07-01,74839.02,0.05,5899.75
emp_000503,2026-07-01,30000.0,0.05,5600.58
emp_000504,2026-07-01,182589.95,0.1,20861.46
emp_000505,2026-07-01,127005.3,0.07,12211.22
emp_000505,2025-07-01,119816.32,0.07,11520.02
emp_000506,2026-07-01,171055.23,0.15,34157.74
emp_000507,2026-07-01,113875.25,0.07,9883.83
emp_000508,2026-07-01,343332.48,0.35,219140.48
emp_000508,2025-07-01,323898.57,0.35,206736.3
emp_000508,2024-07-01,305564.68,0.35,195034.25
emp_000509,2026-07-01,187913.23,0.2,70582.84
emp_000509,2025-07-01,177276.63,0.2,66587.58
emp_000509,2024-07-01,167242.11,0.2,62818.48
emp_000510,2026-07-01,118840.88,0.1,17644.81
emp_000510,2025-07-01,112114.04,0.1,16646.05
emp_000510,2024-07-01,105767.96,0.1,15703.82
emp_000511,2026-07-01,456200.35,0.35,441759.0
emp_000511,2025-07-01,430377.69,0.35,416753.77
emp_000511,2024-07-01,406016.69,0.35,393163.94
emp_000512,2026-07-01,246970.91,0.15,114624.25
emp_000512,2025-07-01,232991.42,0.15,108136.08
emp_000513,2026-07-01,64814.96,0.05,5860.85
emp_000514,2026-07-01,174474.43,0.15,39008.79
emp_000515,2026-07-01,142849.95,0.15,41070.95
emp_000515,2025-07-01,134764.1,0.15,38746.18
emp_000515,2024-07-01,127135.95,0.15,36553.0
emp_000516,2026-07-01,190977.73,0.2,65473.08
emp_000517,2026-07-01,199410.92,0.2,107103.78
emp_000517,2025-07-01,188123.51,0.2,101041.3
emp_000518,2026-07-01,103645.46,0.07,10653.09
emp_000518,2025-07-01,97778.74,0.07,10050.08
emp_000519,2026-07-01,85301.59,0.07,12751.22
emp_000520,2026-07-01,132570.97,0.07,9139.02
emp_000521,2026-07-01,146539.37,0.1,18671.67
emp_000522,2026-07-01,213253.06,0.2,96308.9
emp_000523,2026-07-01,58560.58,0.05,5802.48
emp_000524,2026-07-01,188253.37,0.2,113741.9
emp_000524,2025-07-01,177597.52,0.2,107303.68
emp_000525,2026-07-01,126548.42,0.07,10296.18
emp_000525,2025-07-01,119385.3,0.07,9713.38
emp_000525,2024-07-01,112627.64,0.07,9163.56
emp_000526,2026-07-01,140371.13,0.15,43863.28
emp_000526,2025-07-01,132425.59,0.15,41380.45
emp_000526,2024-07-01,124929.81,0.15,39038.16
emp_000527,2026-07-01,647223.09,0.55,1376575.66
emp_000527,2025-07-01,610587.82,0.55,1298656.28
emp_000527,2024-07-01,576026.25,0.55,1225147.44
emp_000528,2026-07-01,171606.89,0.2,83262.03
emp_000528,2025-07-01,161893.29,0.2,78549.08
emp_000528,2024-07-01,152729.52,0.2,74102.91
emp_000529,2026-07-01,414082.8,0.35,308134.36
emp_000529,2025-07-01,390644.15,0.35,290692.79
emp_000529,2024-07-01,368532.22,0.35,274238.48
emp_000530,2026-07-01,154152.93,0.1,25392.25
emp_000530,2025-07-01,145427.29,0.1,23954.95
emp_000531,2026-07-01,133952.43,0.1,21925.27
emp_000531,2025-07-01,126370.22,0.1,20684.22
emp_000531,2024-07-01,119217.19,0.1,19513.41
emp_000532,2026-07-01,234741.27,0.25,88158.72
emp_000532,2025-07-01,221454.03,0.25,83168.6
emp_000532,2024-07-01,208918.89,0.25,78460.95
emp_000533,2026-07-01,178152.16,0.15,36243.21
emp_000533,2025-07-01,168068.08,0.15,34191.71
emp_000533,2024-07-01,158554.79,0.15,32256.33
emp_000534,2026-07-01,110658.29,0.07,12841.36
emp_000534,2025-07-01,104394.61,0.07,12114.49
emp_000535,2026-07-01,111302.11,0.07,9104.08
emp_000536,2026-07-01,178926.39,0.15,51677.32
emp_000536,2025-07-01,168798.48,0.15,48752.19
emp_000536,2024-07-01,159243.85,0.15,45992.63
emp_000537,2026-07-01,257343.98,0.15,109407.77
emp_000538,2026-07-01,89059.87,0.05,5120.83
emp_000538,2025-07-01,84018.75,0.05,4830.97
emp_000538,2024-07-01,79262.97,0.05,4557.52
emp_000539,2026-07-01,163276.71,0.15,37459.92
emp_000539,2025-07-01,154034.63,0.15,35339.55
emp_000539,2024-07-01,145315.69,0.15,33339.2
emp_000540,2026-07-01,148471.7,0.1,26504.98
emp_000541,2026-07-01,62179.44,0.05,5419.84
emp_000542,2026-07-01,102557.93,0.07,14108.04
emp_000542,2025-07-01,96752.76,0.07,13309.47
emp_000542,2024-07-01,91276.19,0.07,12556.11
emp_000543,2026-07-01,135541.6,0.07,13894.46
emp_000544,2026-07-01,150021.24,0.12,52183.74
emp_000545,2026-07-01,226990.55,0.25,125035.54
emp_000545,2025-07-01,214142.03,0.25,117958.06
emp_000546,2026-07-01,146581.39,0.1,30860.62
emp_000546,2025-07-01,138284.33,0.1,29113.79
emp_000547,2026-07-01,114929.41,0.07,12417.68
emp_000548,2026-07-01,86114.49,0.05,2725.92
emp_000548,2025-07-01,81240.08,0.05,2571.62
emp_000548,2024-07-01,76641.59,0.05,2426.06
emp_000549,2026-07-01,204144.0,0.12,65886.98
emp_000549,2025-07-01,192588.68,0.12,62157.53
emp_000549,2024-07-01,181687.43,0.12,58639.18
emp_000550,2026-07-01,119454.97,0.1,29286.24
emp_000551,2026-07-01,86100.93,0.07,11990.13
emp_000551,2025-07-01,81227.29,0.07,11311.44
emp_000551,2024-07-01,76629.52,0.07,10671.17
emp_000552,2026-07-01,30000.0,0.05,4257.09
emp_000552,2025-07-01,28301.89,0.05,4016.12
emp_000552,2024-07-01,26699.89,0.05,3788.79
emp_000553,2026-07-01,95834.19,0.07,12859.94
emp_000553,2025-07-01,90409.61,0.07,12132.02
emp_000553,2024-07-01,85292.09,0.07,11445.3
emp_000554,2026-07-01,164800.02,0.15,50543.37
emp_000554,2025-07-01,155471.72,0.15,47682.42
emp_000555,2026-07-01,164964.82,0.15,114426.58
emp_000556,2026-07-01,192217.04,0.12,66089.19
emp_000557,2026-07-01,118794.05,0.07,15778.26
emp_000558,2026-07-01,121538.83,0.1,21645.96
emp_000559,2026-07-01,150485.95,0.12,57097.88
emp_000559,2025-07-01,141967.88,0.12,53865.92
emp_000559,2024-07-01,133931.96,0.12,50816.91
emp_000560,2026-07-01,154090.76,0.12,30896.89
emp_000561,2026-07-01,187550.53,0.1,26589.77
emp_000561,2025-07-01,176934.46,0.1,25084.69
emp_000561,2024-07-01,166919.3,0.1,23664.8
emp_000562,2026-07-01,80295.94,0.05,4427.0
emp_000563,2026-07-01,158986.84,0.1,21654.81
emp_000563,2025-07-01,149987.58,0.1,20429.07
emp_000564,2026-07-01,106295.88,0.07,16878.38
emp_000564,2025-07-01,100279.13,0.07,15923.0
emp_000565,2026-07-01,366090.05,0.25,166553.46
emp_000565,2025-07-01,345367.97,0.25,157125.91
emp_000565,2024-07-01,325818.84,0.25,148231.99
emp_000566,2026-07-01,171947.76,0.15,48356.28
emp_000566,2025-07-01,162214.87,0.15,45619.13
emp_000567,2026-07-01,84516.83,0.05,2807.77
emp_000568,2026-07-01,227465.68,0.2,73737.25
emp_000568,2025-07-01,214590.26,0.2,69563.44
emp_000569,2026-07-01,113271.67,0.07,7356.52
emp_000570,2026-07-01,155792.51,0.12,41313.83
emp_000570,2025-07-01,146974.07,0.12,38975.31
emp_000570,2024-07-01,138654.78,0.12,36769.16
emp_000571,2026-07-01,222302.34,0.12,50499.28
emp_000572,2026-07-01,103448.36,0.07,11215.45
emp_000572,2025-07-01,97592.79,0.07,10580.61
emp_000572,2024-07-01,92068.67,0.07,9981.71
emp_000573,2026-07-01,83812.84,0.05,2009.11
emp_000574,2026-07-01,139260.45,0.1,25128.32
emp_000575,2026-07-01,91236.95,0.05,4332.43
emp_000576,2026-07-01,67553.37,0.05,4489.6
emp_000577,2026-07-01,100063.85,0.07,10451.34
emp_000578,2026-07-01,120844.38,0.07,12471.79
emp_000578,2025-07-01,114004.13,0.07,11765.84
emp_000579,2026-07-01,124244.32,0.07,11907.84
emp_000580,2026-07-01,191167.68,0.15,50491.58
emp_000581,2026-07-01,99400.31,0.07,11669.81
emp_000582,2026-07-01,109899.34,0.07,11798.66
emp_000583,2026-07-01,380672.64,0.35,415738.53
emp_000583,2025-07-01,359125.13,0.35,392206.16
emp_000583,2024-07-01,338797.29,0.35,370005.81
emp_000584,2026-07-01,216560.53,0.15,46923.56
emp_000585,2026-07-01,123692.53,0.07,11082.81
emp_000585,2025-07-01,116691.07,0.07,10455.48
emp_000585,2024-07-01,110085.91,0.07,9863.66
emp_000586,2026-07-01,122303.28,0.07,7738.75
emp_000587,2026-07-01,117595.26,0.1,28011.9
emp_000587,2025-07-01,110938.92,0.1,26426.32
emp_000587,2024-07-01,104659.36,0.1,24930.49
emp_000588,2026-07-01,182003.35,0.12,39703.28
emp_000588,2025-07-01,171701.27,0.12,37455.92
emp_000588,2024-07-01,161982.33,0.12,35335.78
emp_000589,2026-07-01,165582.93,0.15,33902.82
emp_000589,2025-07-01,156210.31,0.15,31983.79
emp_000590,2026-07-01,96734.61,0.07,8364.32
emp_000590,2025-07-01,91259.07,0.07,7890.87
emp_000590,2024-07-01,86093.46,0.07,7444.22
emp_000591,2026-07-01,57901.62,0.12,64731.72
emp_000591,2025-07-01,54624.17,0.12,61067.66
emp_000592,2026-07-01,151537.9,0.15,51799.39
emp_000592,2025-07-01,142960.28,0.15,48867.35
emp_000593,2026-07-01,127404.77,0.1,29268.63
emp_000594,2026-07-01,128892.12,0.1,31195.93
emp_000594,2025-07-01,121596.34,0.1,29430.12
emp_000594,2024-07-01,114713.53,0.1,27764.27
emp_000595,2026-07-01,79360.51,0.07,11388.42
emp_000595,2025-07-01,74868.41,0.07,10743.79
emp_000596,2026-07-01,66483.96,0.05,6319.44
emp_000597,2026-07-01,125647.63,0.07,13464.54
emp_000598,2026-07-01,148792.93,0.12,43108.33
emp_000599,2026-07-01,106756.27,0.07,9591.19
emp_000600,2026-07-01,167393.11,0.12,52686.5
emp_000600,2025-07-01,157918.03,0.12,49704.25
emp_000601,2026-07-01,92862.73,0.07,12238.11
emp_000602,2026-07-01,202971.95,0.15,41042.54
emp_000602,2025-07-01,191482.97,0.15,38719.38
emp_000602,2024-07-01,180644.31,0.15,36527.71
emp_000603,2026-07-01,213507.7,0.12,52012.67
emp_000603,2025-07-01,201422.36,0.12,49068.56
emp_000603,2024-07-01,190021.09,0.12,46291.09
emp_000604,2026-07-01,210887.95,0.2,68992.82
emp_000604,2025-07-01,198950.9,0.2,65087.57
emp_000604,2024-07-01,187689.52,0.2,61403.36
emp_000605,2026-07-01,241536.2,0.15,139195.33
emp_000605,2025-07-01,227864.34,0.15,131316.35
emp_000606,2026-07-01,287642.27,0.25,107039.88
emp_000606,2025-07-01,271360.63,0.25,100981.02
emp_000607,2026-07-01,151617.47,0.15,42132.61
emp_000607,2025-07-01,143035.35,0.15,39747.75
emp_000607,2024-07-01,134939.01,0.15,37497.87
emp_000608,2026-07-01,92368.72,0.07,14523.35
emp_000608,2025-07-01,87140.3,0.07,13701.27
emp_000609,2026-07-01,123889.25,0.1,17500.68
emp_000609,2025-07-01,116876.65,0.1,16510.08
emp_000609,2024-07-01,110260.99,0.1,15575.54
emp_000610,2026-07-01,169311.17,0.15,60068.53
emp_000610,2025-07-01,159727.52,0.15,56668.42
emp_000610,2024-07-01,150686.34,0.15,53460.78
emp_000611,2026-07-01,163595.05,0.1,26752.53
emp_000612,2026-07-01,226441.47,0.25,207065.49
emp_000612,2025-07-01,213624.03,0.25,195344.8
emp_000612,2024-07-01,201532.1,0.25,184287.55
emp_000613,2026-07-01,117507.64,0.1,25273.58
emp_000614,2026-07-01,114668.13,0.07,12826.69
emp_000615,2026-07-01,216159.87,0.15,94924.75
emp_000615,2025-07-01,203924.41,0.15,89551.65
emp_000615,2024-07-01,192381.51,0.15,84482.69
emp_000616,2026-07-01,171123.87,0.15,46961.63
emp_000616,2025-07-01,161437.61,0.15,44303.42
emp_000616,2024-07-01,152299.64,0.15,41795.68
emp_000617,2026-07-01,66359.73,0.05,2638.32
emp_000618,2026-07-01,91076.62,0.07,13961.21
emp_000619,2026-07-01,119737.19,0.07,12218.96
emp_000620,2026-07-01,101294.58,0.07,11092.27
emp_000621,2026-07-01,196827.79,0.15,109020.25
emp_000621,2025-07-01,185686.59,0.15,102849.29
emp_000622,2026-07-01,263615.08,0.15,141238.14
emp_000622,2025-07-01,248693.47,0.15,133243.53
emp_000623,2026-07-01,114437.64,0.07,15105.48
emp_000624,2026-07-01,198439.16,0.15,116157.56
emp_000624,2025-07-01,187206.75,0.15,109582.6
emp_000624,2024-07-01,176610.15,0.15,103379.81
emp_000625,2026-07-01,367253.93,0.35,369662.19
emp_000625,2025-07-01,346465.97,0.35,348737.92
emp_000626,2026-07-01,105929.47,0.07,13344.25
emp_000627,2026-07-01,221744.65,0.2,131171.71
emp_000627,2025-07-01,209193.07,0.2,123746.9
emp_000627,2024-07-01,197351.95,0.2,116742.35
emp_000628,2026-07-01,95893.84,0.07,11730.2
emp_000629,2026-07-01,251515.78,0.2,102705.72
emp_000629,2025-07-01,237279.04,0.2,96892.19
emp_000630,2026-07-01,160521.49,0.15,48919.96
emp_000630,2025-07-01,151435.37,0.15,46150.91
emp_000630,2024-07-01,142863.55,0.15,43538.59
emp_000631,2026-07-01,213002.09,0.2,88561.58
emp_000632,2026-07-01,119817.93,0.1,22176.19
emp_000633,2026-07-01,76639.34,0.05,4116.42
emp_000634,2026-07-01,143267.73,0.1,25476.71
emp_000635,2026-07-01,185405.66,0.2,96624.4
emp_000635,2025-07-01,174911.0,0.2,91155.09
emp_000635,2024-07-01,165010.38,0.2,85995.37
emp_000636,2026-07-01,134322.55,0.1,22863.8
emp_000637,2026-07-01,60909.05,0.05,5038.29
emp_000637,2025-07-01,57461.37,0.05,4753.1
emp_000637,2024-07-01,54208.84,0.05,4484.06
emp_000638,2026-07-01,97974.17,0.07,10018.78
emp_000639,2026-07-01,204605.18,0.2,85902.21
emp_000639,2025-07-01,193023.75,0.2,81039.82
emp_000639,2024-07-01,182097.88,0.2,76452.66
emp_000640,2026-07-01,274773.72,0.15,114731.82
emp_000640,2025-07-01,259220.49,0.15,108237.57
emp_000641,2026-07-01,124747.82,0.1,34902.92
emp_000641,2025-07-01,117686.62,0.1,32927.28
emp_000641,2024-07-01,111025.12,0.1,31063.47
emp_000642,2026-07-01,111938.54,0.07,12089.92
emp_000643,2026-07-01,76723.45,0.05,6555.44
emp_000644,2026-07-01,99353.92,0.07,17314.25
emp_000644,2025-07-01,93730.11,0.07,16334.2
emp_000645,2026-07-01,114938.72,0.07,16218.74
emp_000646,2026-07-01,212278.28,0.12,51106.27
emp_000646,2025-07-01,200262.53,0.12,48213.46
emp_000646,2024-07-01,188926.91,0.12,45484.4
emp_000647,2026-07-01,63234.83,0.05,5709.93
emp_000648,2026-07-01,124386.43,0.1,24148.39
emp_000648,2025-07-01,117345.69,0.1,22781.5
emp_000648,2024-07-01,110703.48,0.1,21491.98
emp_000649,2026-07-01,129527.21,0.1,28546.79
emp_000649,2025-07-01,122195.48,0.1,26930.93
emp_000650,2026-07-01,109673.98,0.1,20336.88
emp_000650,2025-07-01,103466.02,0.1,19185.74
emp_000650,2024-07-01,97609.45,0.1,18099.75
emp_000651,2026-07-01,87257.44,0.05,2400.92
emp_000652,2026-07-01,215441.41,0.15,99959.6
emp_000653,2026-07-01,179061.66,0.12,53395.77
emp_000654,2026-07-01,89610.94,0.07,13944.6
emp_000654,2025-07-01,84538.62,0.07,13155.28
emp_000654,2024-07-01,79753.42,0.07,12410.64
emp_000655,2026-07-01,105759.25,0.07,11066.16
emp_000655,2025-07-01,99772.88,0.07,10439.77
emp_000655,2024-07-01,94125.36,0.07,9848.84
emp_000656,2026-07-01,206147.66,0.15,49783.32
emp_000657,2026-07-01,205014.76,0.12,73673.98
emp_000657,2025-07-01,193410.15,0.12,69503.75
emp_000657,2024-07-01,182462.41,0.12,65569.58
emp_000658,2026-07-01,271983.91,0.25,144461.34
emp_000658,2025-07-01,256588.59,0.25,136284.28
emp_000659,2026-07-01,150877.06,0.1,16011.84
emp_000660,2026-07-01,99555.03,0.07,10824.8
emp_000661,2026-07-01,226130.14,0.12,44171.2
emp_000662,2026-07-01,154105.61,0.15,35718.45
emp_000663,2026-07-01,125156.82,0.1,28796.86
emp_000663,2025-07-01,118072.47,0.1,27166.85
emp_000663,2024-07-01,111389.12,0.1,25629.1
emp_000664,2026-07-01,123071.38,0.1,23728.71
emp_000664,2025-07-01,116105.08,0.1,22385.58
emp_000665,2026-07-01,141887.37,0.1,16186.17
emp_000666,2026-07-01,198985.86,0.2,98704.87
emp_000667,2026-07-01,64794.69,0.05,7219.46
emp_000667,2025-07-01,61127.07,0.05,6810.81
emp_000667,2024-07-01,57667.04,0.05,6425.29
emp_000668,2026-07-01,173969.01,0.15,41227.79
emp_000669,2026-07-01,96110.23,0.07,11135.43
emp_000670,2026-07-01,66844.27,0.05,3605.88
emp_000671,2026-07-01,95587.04,0.05,4930.21
emp_000671,2025-07-01,90176.45,0.05,4651.14
emp_000671,2024-07-01,85072.13,0.05,4387.87
emp_000672,2026-07-01,33583.05,0.07,11451.16
emp_000672,2025-07-01,31682.12,0.07,10802.98
emp_000673,2026-07-01,258902.49,0.25,146068.16
emp_000673,2025-07-01,244247.63,0.25,137800.15
emp_000673,2024-07-01,230422.29,0.25,130000.14
emp_000674,2026-07-01,253489.61,0.2,109598.04
emp_000674,2025-07-01,239141.14,0.2,103394.38
emp_000674,2024-07-01,225604.85,0.2,97541.87
emp_000675,2026-07-01,165236.3,0.1,25812.72
emp_000676,2026-07-01,64478.28,0.05,3780.92
emp_000676,2025-07-01,60828.57,0.05,3566.91
emp_000676,2024-07-01,57385.44,0.05,3365.01
emp_000677,2026-07-01,190911.63,0.15,114071.21
emp_000677,2025-07-01,180105.31,0.15,107614.35
emp_000677,2024-07-01,169910.67,0.15,101522.97
emp_000678,2026-07-01,164245.93,0.1,18809.67
emp_000679,2026-07-01,188213.17,0.12,58457.28
emp_000679,2025-07-01,177559.59,0.12,55148.38
emp_000679,2024-07-01,167509.05,0.12,52026.77
emp_000680,2026-07-01,137779.44,0.15,30142.01
emp_000680,2025-07-01,129980.6,0.15,28435.86
emp_000680,2024-07-01,122623.21,0.15,26826.28
emp_000681,2026-07-01,93364.8,0.05,3814.45
emp_000681,2025-07-01,88080.0,0.05,3598.54
emp_000681,2024-07-01,83094.34,0.05,3394.85
emp_000682,2026-07-01,75475.98,0.05,5611.12
emp_000682,2025-07-01,71203.75,0.05,5293.51
emp_000683,2026-07-01,114387.55,0.07,12283.45
emp_000683,2025-07-01,107912.78,0.07,11588.16
emp_000683,2024-07-01,101804.51,0.07,10932.23
emp_000684,2026-07-01,152822.94,0.15,31036.12
emp_000684,2025-07-01,144172.58,0.15,29279.36
emp_000685,2026-07-01,183358.83,0.15,53405.58
emp_000685,2025-07-01,172980.03,0.15,50382.62
emp_000685,2024-07-01,163188.71,0.15,47530.78
emp_000686,2026-07-01,271110.82,0.25,137887.47
emp_000686,2025-07-01,255764.92,0.25,130082.52
emp_000686,2024-07-01,241287.66,0.25,122719.36
emp_000687,2026-07-01,98252.78,0.07,13907.39
emp_000687,2025-07-01,92691.3,0.07,13120.18
emp_000687,2024-07-01,87444.62,0.07,12377.53
emp_000688,2026-07-01,64177.06,0.2,87092.52
emp_000688,2025-07-01,60544.4,0.2,82162.75
emp_000688,2024-07-01,57117.35,0.2,77512.03
emp_000689,2026-07-01,265854.67,0.15,147390.0
emp_000689,2025-07-01,250806.29,0.15,139047.17
emp_000689,2024-07-01,236609.71,0.15,131176.58
emp_000690,2026-07-01,140847.93,0.1,21947.67
emp_000690,2025-07-01,132875.41,0.1,20705.35
emp_000690,2024-07-01,125354.16,0.1,19533.35
emp_000691,2026-07-01,269426.96,0.25,188198.49
emp_000691,2025-07-01,254176.38,0.25,177545.75
emp_000691,2024-07-01,239789.04,0.25,167495.99
emp_000692,2026-07-01,224520.9,0.15,120243.76
emp_000693,2026-07-01,155574.22,0.12,50630.23
emp_000693,2025-07-01,146768.13,0.12,47764.37
emp_000694,2026-07-01,165273.49,0.15,45256.47
emp_000694,2025-07-01,155918.39,0.15,42694.78
emp_000694,2024-07-01,147092.82,0.15,40278.1
emp_000695,2026-07-01,81133.16,0.07,10776.46
emp_000695,2025-07-01,76540.72,0.07,10166.47
emp_000696,2026-07-01,195688.38,0.15,101294.82
emp_000696,2025-07-01,184611.68,0.15,95561.15
emp_000696,2024-07-01,174161.96,0.15,90152.03
emp_000697,2026-07-01,191238.27,0.55,1172912.87
emp_000697,2025-07-01,180413.46,0.55,1106521.58
emp_000697,2024-07-01,170201.38,0.55,1043888.28
emp_000698,2026-07-01,191089.57,0.12,64017.65
emp_000698,2025-07-01,180273.18,0.12,60394.01
emp_000698,2024-07-01,170069.04,0.12,56975.48
emp_000699,2026-07-01,122178.77,0.07,12842.45
emp_000699,2025-07-01,115262.99,0.07,12115.52
emp_000700,2026-07-01,195787.18,0.12,55956.13
emp_000701,2026-07-01,213638.17,0.2,73891.72
emp_000701,2025-07-01,201545.44,0.2,69709.17
emp_000702,2026-07-01,215047.71,0.2,78688.92
emp_000702,2025-07-01,202875.2,0.2,74234.83
emp_000702,2024-07-01,191391.7,0.2,70032.86
emp_000703,2026-07-01,246870.1,0.2,101164.07
emp_000703,2025-07-01,232896.32,0.2,95437.8
emp_000704,2026-07-01,169838.0,0.1,14381.9
emp_000704,2025-07-01,160224.53,0.1,13567.83
emp_000705,2026-07-01,537226.26,0.55,1253836.55
emp_000705,2025-07-01,506817.23,0.55,1182864.67
emp_000705,2024-07-01,478129.46,0.55,1115910.07
emp_000706,2026-07-01,189010.45,0.12,55988.03
emp_000706,2025-07-01,178311.75,0.12,52818.9
emp_000707,2026-07-01,205569.56,0.12,42124.03
emp_000707,2025-07-01,193933.55,0.12,39739.65
emp_000708,2026-07-01,106668.86,0.07,9166.22
emp_000708,2025-07-01,100631.0,0.07,8647.38
emp_000709,2026-07-01,76883.54,0.05,6633.64
emp_000709,2025-07-01,72531.64,0.05,6258.15
emp_000709,2024-07-01,68426.08,0.05,5903.92
emp_000710,2026-07-01,170990.04,0.1,23327.73
emp_000711,2026-07-01,126903.29,0.07,16753.61
emp_000712,2026-07-01,216011.19,0.15,41870.14
emp_000712,2025-07-01,203784.14,0.15,39500.13
emp_000712,2024-07-01,192249.19,0.15,37264.28
emp_000713,2026-07-01,55266.36,0.05,6112.69
emp_000714,2026-07-01,34969.1,0.07,15291.98
emp_000714,2025-07-01,32989.72,0.07,14426.4
emp_000715,2026-07-01,102327.75,0.07,10928.26
emp_000716,2026-07-01,241717.94,0.15,120506.44
emp_000717,2026-07-01,197675.45,0.12,50538.04
emp_000717,2025-07-01,186486.27,0.12,47677.4
emp_000718,2026-07-01,136008.61,0.1,16261.01
emp_000718,2025-07-01,128310.01,0.1,15340.58
emp_000718,2024-07-01,121047.18,0.1,14472.24
emp_000719,2026-07-01,109083.61,0.07,11663.83
emp_000719,2025-07-01,102909.07,0.07,11003.61
emp_000719,2024-07-01,97084.02,0.07,10380.77
emp_000720,2026-07-01,98842.92,0.07,13852.24
emp_000721,2026-07-01,187640.56,0.15,43005.59
emp_000721,2025-07-01,177019.4,0.15,40571.31
emp_000722,2026-07-01,189733.3,0.12,63456.2
emp_000722,2025-07-01,178993.68,0.12,59864.34
emp_000723,2026-07-01,90121.12,0.07,14334.4
emp_000724,2026-07-01,86099.74,0.07,13209.7
emp_000724,2025-07-01,81226.17,0.07,12461.98
emp_000724,2024-07-01,76628.46,0.07,11756.59
emp_000725,2026-07-01,91441.02,0.07,12316.44
emp_000725,2025-07-01,86265.11,0.07,11619.28
emp_000725,2024-07-01,81382.18,0.07,10961.59
emp_000726,2026-07-01,97454.31,0.07,10371.5
emp_000726,2025-07-01,91938.03,0.07,9784.43
emp_000727,2026-07-01,123950.06,0.07,11134.4
emp_000728,2026-07-01,133280.41,0.1,33985.77
emp_000729,2026-07-01,190429.79,0.15,27897.48
emp_000729,2025-07-01,179650.75,0.15,26318.38
emp_000729,2024-07-01,169481.84,0.15,24828.66
emp_000730,2026-07-01,253934.79,0.25,203609.92
emp_000730,2025-07-01,239561.12,0.25,192084.83
emp_000730,2024-07-01,226001.06,0.25,181212.1
emp_000731,2026-07-01,58139.4,0.15,58138.83
emp_000732,2026-07-01,140507.58,0.1,25605.76
emp_000733,2026-07-01,112156.01,0.07,10158.08
emp_000734,2026-07-01,159979.53,0.15,32316.8
emp_000734,2025-07-01,150924.08,0.15,30487.55
emp_000734,2024-07-01,142381.21,0.15,28761.84
emp_000735,2026-07-01,61084.58,0.05,4366.85
emp_000735,2025-07-01,57626.96,0.05,4119.67
emp_000736,2026-07-01,59163.8,0.05,7033.91
emp_000737,2026-07-01,98510.13,0.07,11789.41
emp_000738,2026-07-01,142264.17,0.12,69394.35
emp_000739,2026-07-01,60335.8,0.12,40586.96
emp_000739,2025-07-01,56920.57,0.12,38289.58
emp_000739,2024-07-01,53698.65,0.12,36122.25
emp_000740,2026-07-01,195990.5,0.12,65220.62
emp_000741,2026-07-01,91204.55,0.07,11550.29
emp_000742,2026-07-01,237777.83,0.15,95642.96
emp_000743,2026-07-01,97921.33,0.07,14505.34
emp_000744,2026-07-01,143846.43,0.1,24008.58
emp_000745,2026-07-01,204470.74,0.15,29639.72
emp_000746,2026-07-01,98959.01,0.07,11911.11
emp_000747,2026-07-01,158433.21,0.1,20153.48
emp_000748,2026-07-01,119543.72,0.1,27652.78
emp_000748,2025-07-01,112777.09,0.1,26087.53
emp_000748,2024-07-01,106393.49,0.1,24610.88
emp_000749,2026-07-01,236339.46,0.2,90400.55
emp_000749,2025-07-01,222961.75,0.2,85283.54
emp_000750,2026-07-01,96638.84,0.07,13967.98
emp_000751,2026-07-01,61713.61,0.05,6264.82
emp_000751,2025-07-01,58220.39,0.05,5910.21
emp_000751,2024-07-01,54924.89,0.05,5575.67
emp_000752,2026-07-01,124353.99,0.07,11332.18
emp_000752,2025-07-01,117315.08,0.07,10690.74
emp_000753,2026-07-01,169146.06,0.12,53705.19
emp_000754,2026-07-01,240183.39,0.2,116787.58
emp_000754,2025-07-01,226588.1,0.2,110176.96
emp_000755,2026-07-01,113802.36,0.07,13327.43
emp_000756,2026-07-01,136511.12,0.1,26422.23
emp_000756,2025-07-01,128784.08,0.1,24926.63
emp_000756,2024-07-01,121494.41,0.1,23515.69
emp_000757,2026-07-01,115868.8,0.1,30688.96
emp_000758,2026-07-01,111412.12,0.1,27613.59
emp_000758,2025-07-01,105105.77,0.1,26050.56
emp_000758,2024-07-01,99156.39,0.1,24576.0
emp_000759,2026-07-01,129901.31,0.07,9183.37
emp_000760,2026-07-01,68408.0,0.05,6407.75
emp_000761,2026-07-01,118858.17,0.07,15209.16
emp_000762,2026-07-01,110192.79,0.07,12199.09
emp_000762,2025-07-01,103955.46,0.07,11508.58
emp_000762,2024-07-01,98071.19,0.07,10857.15
emp_000763,2026-07-01,168092.92,0.1,20050.73
emp_000763,2025-07-01,158578.23,0.1,18915.78
emp_000763,2024-07-01,149602.1,0.1,17845.08
emp_000764,2026-07-01,172442.1,0.1,24975.91
emp_000764,2025-07-01,162681.23,0.1,23562.18
emp_000764,2024-07-01,153472.86,0.1,22228.47
emp_000765,2026-07-01,85288.97,0.07,9637.97
emp_000765,2025-07-01,80461.29,0.07,9092.42
emp_000765,2024-07-01,75906.88,0.07,8577.76
emp_000766,2026-07-01,76159.82,0.05,5245.76
emp_000766,2025-07-01,71848.89,0.05,4948.83
emp_000766,2024-07-01,67781.97,0.05,4668.71
emp_000767,2026-07-01,77340.57,0.07,16298.88
emp_000767,2025-07-01,72962.8,0.07,15376.3
emp_000767,2024-07-01,68832.83,0.07,14505.95
emp_000768,2026-07-01,179761.44,0.1,23409.51
emp_000769,2026-07-01,86785.28,0.07,11287.07
emp_000770,2026-07-01,93388.35,0.07,12027.94
emp_000771,2026-07-01,67070.67,0.05,5625.79
emp_000771,2025-07-01,63274.22,0.05,5307.35
emp_000771,2024-07-01,59692.66,0.05,5006.93
emp_000772,2026-07-01,60274.28,0.12,51715.32
emp_000773,2026-07-01,205705.39,0.12,63038.77
emp_000773,2025-07-01,194061.69,0.12,59470.54
emp_000773,2024-07-01,183077.06,0.12,56104.28
emp_000774,2026-07-01,384372.51,0.35,359125.18
emp_000774,2025-07-01,362615.58,0.35,338797.34
emp_000774,2024-07-01,342090.17,0.35,319620.13
emp_000775,2026-07-01,181417.61,0.1,27075.86
emp_000775,2025-07-01,171148.69,0.1,25543.26
emp_000775,2024-07-01,161461.03,0.1,24097.42
emp_000776,2026-07-01,270321.56,0.15,106073.66
emp_000777,2026-07-01,61665.15,0.05,5230.04
emp_000778,2026-07-01,153682.61,0.15,53321.14
emp_000778,2025-07-01,144983.59,0.15,50302.96
emp_000778,2024-07-01,136776.98,0.15,47455.62
emp_000779,2026-07-01,89554.34,0.07,13944.9
emp_000779,2025-07-01,84485.23,0.07,13155.57
emp_000779,2024-07-01,79703.04,0.07,12410.91
emp_000780,2026-07-01,237498.97,0.2,96528.58
emp_000780,2025-07-01,224055.63,0.2,91064.7
emp_000780,2024-07-01,211373.24,0.2,85910.09
emp_000781,2026-07-01,70321.47,0.05,6475.73
emp_000781,2025-07-01,66341.01,0.05,6109.18
emp_000782,2026-07-01,82368.73,0.05,3894.65
emp_000783,2026-07-01,46583.17,0.1,22147.02
emp_000783,2025-07-01,43946.39,0.1,20893.42
emp_000784,2026-07-01,71769.66,0.05,4925.86
emp_000784,2025-07-01,67707.23,0.05,4647.04
emp_000785,2026-07-01,178927.66,0.2,67312.25
emp_000785,2025-07-01,168799.68,0.2,63502.12
emp_000786,2026-07-01,185429.23,0.15,32601.04
emp_000787,2026-07-01,75450.55,0.05,5703.21
emp_000788,2026-07-01,225213.3,0.12,50740.57
emp_000788,2025-07-01,212465.38,0.12,47868.46
emp_000789,2026-07-01,192492.29,0.2,110605.58
emp_000789,2025-07-01,181596.5,0.2,104344.89
emp_000789,2024-07-01,171317.45,0.2,98438.57
emp_000790,2026-07-01,321872.21,0.25,197679.44
emp_000790,2025-07-01,303653.03,0.25,186490.04
emp_000791,2026-07-01,269161.82,0.25,123043.62
emp_000791,2025-07-01,253926.25,0.25,116078.89
emp_000791,2024-07-01,239553.06,0.25,109508.38
emp_000792,2026-07-01,147898.32,0.12,41704.95
emp_000792,2025-07-01,139526.72,0.12,39344.29
emp_000793,2026-07-01,87882.7,0.05,4987.95
emp_000794,2026-07-01,129708.76,0.1,21072.19
emp_000795,2026-07-01,66870.6,0.05,3221.16
emp_000796,2026-07-01,146055.7,0.1,21514.61
emp_000796,2025-07-01,137788.4,0.1,20296.8
emp_000796,2024-07-01,129989.05,0.1,19147.93
emp_000797,2026-07-01,155017.64,0.15,27555.04
emp_000798,2026-07-01,233131.19,0.15,47561.41
emp_000798,2025-07-01,219935.08,0.15,44869.25
emp_000798,2024-07-01,207485.93,0.15,42329.49
emp_000799,2026-07-01,74962.04,0.05,6481.59
emp_000800,2026-07-01,222585.41,0.12,44815.13
emp_000800,2025-07-01,209986.24,0.12,42278.42
emp_000800,2024-07-01,198100.22,0.12,39885.31
emp_000801,2026-07-01,66274.84,0.05,5731.11
emp_000801,2025-07-01,62523.43,0.05,5406.71
emp_000802,2026-07-01,261996.54,0.2,96446.5
emp_000802,2025-07-01,247166.55,0.2,90987.26
emp_000802,2024-07-01,233175.99,0.2,85837.04
emp_000803,2026-07-01,347469.11,0.25,194075.54
emp_000803,2025-07-01,327801.05,0.25,183090.13
emp_000803,2024-07-01,309246.27,0.25,172726.54
emp_000804,2026-07-01,121302.61,0.07,13272.11
emp_000804,2025-07-01,114436.42,0.07,12520.86
emp_000805,2026-07-01,167590.39,0.15,41320.85
emp_000806,2026-07-01,196060.32,0.15,39436.07
emp_000806,2025-07-01,184962.57,0.15,37203.84
emp_000806,2024-07-01,174492.99,0.15,35097.96
emp_000807,2026-07-01,83191.81,0.05,4172.12
emp_000807,2025-07-01,78482.84,0.05,3935.96
emp_000808,2026-07-01,157644.56,0.12,60375.14
emp_000808,2025-07-01,148721.28,0.12,56957.68
emp_000808,2024-07-01,140303.1,0.12,53733.66
emp_000809,2026-07-01,127019.79,0.07,11555.18
emp_000809,2025-07-01,119829.99,0.07,10901.11
emp_000809,2024-07-01,113047.16,0.07,10284.07
emp_000810,2026-07-01,90470.73,0.07,11744.04
emp_000810,2025-07-01,85349.75,0.07,11079.28
emp_000811,2026-07-01,238794.2,0.2,94074.71
emp_000811,2025-07-01,225277.55,0.2,88749.73
emp_000812,2026-07-01,259292.86,0.2,71518.54
emp_000813,2026-07-01,252457.76,0.2,87694.48
emp_000813,2025-07-01,238167.7,0.2,82730.64
emp_000813,2024-07-01,224686.51,0.2,78047.78
emp_000814,2026-07-01,162036.25,0.15,27253.36
emp_000815,2026-07-01,144262.51,0.1,29095.68
emp_000815,2025-07-01,136096.71,0.1,27448.75
emp_000816,2026-07-01,237520.92,0.15,42719.01
emp_000816,2025-07-01,224076.34,0.15,40300.95
emp_000816,2024-07-01,211392.77,0.15,38019.77
emp_000817,2026-07-01,127264.55,0.1,33547.76
emp_000818,2026-07-01,253455.38,0.15,85323.16
emp_000818,2025-07-01,239108.85,0.15,80493.55
emp_000818,2024-07-01,225574.39,0.15,75937.31
emp_000819,2026-07-01,273890.53,0.25,246876.92
emp_000819,2025-07-01,258387.29,0.25,232902.75
emp_000820,2026-07-01,145077.67,0.1,37454.63
emp_000821,2026-07-01,149059.23,0.12,43733.71
emp_000822,2026-07-01,190018.28,0.15,55719.96
emp_000822,2025-07-01,179262.53,0.15,52566.0
emp_000822,2024-07-01,169115.59,0.15,49590.57
emp_000823,2026-07-01,100403.48,0.07,11937.77
emp_000823,2025-07-01,94720.26,0.07,11262.05
emp_000823,2024-07-01,89358.74,0.07,10624.57
emp_000824,2026-07-01,154143.89,0.15,42616.09
emp_000824,2025-07-01,145418.76,0.15,40203.86
emp_000825,2026-07-01,138082.26,0.15,47001.78
emp_000826,2026-07-01,157845.46,0.15,54797.31
emp_000826,2025-07-01,148910.81,0.15,51695.58
emp_000827,2026-07-01,97199.24,0.07,13091.18
emp_000827,2025-07-01,91697.4,0.07,12350.17
emp_000827,2024-07-01,86506.98,0.07,11651.1
emp_000828,2026-07-01,118474.09,0.07,11221.04
emp_000828,2025-07-01,111768.01,0.07,10585.89
emp_000829,2026-07-01,58425.66,0.15,31755.33
emp_000829,2025-07-01,55118.55,0.15,29957.86
emp_000829,2024-07-01,51998.63,0.15,28262.13
emp_000830,2026-07-01,142913.98,0.15,58590.89
emp_000830,2025-07-01,134824.51,0.15,55274.42
emp_000830,2024-07-01,127192.93,0.15,52145.68
emp_000831,2026-07-01,100395.32,0.07,12230.99
emp_000831,2025-07-01,94712.57,0.07,11538.67
emp_000831,2024-07-01,89351.48,0.07,10885.54
emp_000832,2026-07-01,178026.0,0.12,68196.69
emp_000833,2026-07-01,95964.14,0.07,11623.33
emp_000833,2025-07-01,90532.21,0.07,10965.41
emp_000834,2026-07-01,153938.4,0.12,63402.21
emp_000834,2025-07-01,145224.91,0.12,59813.41
emp_000834,2024-07-01,137004.63,0.12,56427.74
emp_000835,2026-07-01,204408.85,0.12,56450.95
emp_000836,2026-07-01,187988.97,0.12,81021.54
emp_000836,2025-07-01,177348.08,0.12,76435.42
emp_000837,2026-07-01,38593.99,0.07,12823.65
emp_000838,2026-07-01,93385.41,0.07,9567.92
emp_000839,2026-07-01,90673.78,0.07,14050.42
emp_000840,2026-07-01,76487.87,0.07,9192.42
emp_000840,2025-07-01,72158.37,0.07,8672.09
emp_000840,2024-07-01,68073.93,0.07,8181.22
emp_000841,2026-07-01,143837.92,0.1,29036.85
emp_000842,2026-07-01,153787.44,0.12,46287.11
emp_000843,2026-07-01,202644.37,0.2,59655.9
emp_000844,2026-07-01,203949.97,0.12,55255.49
emp_000844,2025-07-01,192405.63,0.12,52127.82
emp_000844,2024-07-01,181514.75,0.12,49177.19
emp_000845,2026-07-01,87733.08,0.05,6205.74
emp_000846,2026-07-01,173339.28,0.15,45953.73
emp_000846,2025-07-01,163527.62,0.15,43352.58
emp_000846,2024-07-01,154271.34,0.15,40898.66
emp_000847,2026-07-01,95270.96,0.07,13784.67
emp_000847,2025-07-01,89878.26,0.07,13004.41
emp_000847,2024-07-01,84790.82,0.07,12268.31
emp_000848,2026-07-01,263781.27,0.25,233485.92
emp_000848,2025-07-01,248850.25,0.25,220269.74
emp_000848,2024-07-01,234764.39,0.25,207801.64
emp_000849,2026-07-01,138257.85,0.12,57689.94
emp_000849,2025-07-01,130431.93,0.12,54424.47
emp_000850,2026-07-01,68598.26,0.05,4246.43
emp_000850,2025-07-01,64715.34,0.05,4006.07
emp_000850,2024-07-01,61052.21,0.05,3779.31
emp_000851,2026-07-01,76690.82,0.05,6009.54
emp_000852,2026-07-01,198929.61,0.12,50552.77
emp_000852,2025-07-01,187669.44,0.12,47691.29
emp_000853,2026-07-01,116337.56,0.07,8463.3
emp_000854,2026-07-01,138057.2,0.15,37566.31
emp_000854,2025-07-01,130242.64,0.15,35439.92
emp_000854,2024-07-01,122870.42,0.15,33433.88
emp_000855,2026-07-01,214748.88,0.12,54235.67
emp_000855,2025-07-01,202593.28,0.12,51165.73
emp_000856,2026-07-01,126239.0,0.07,11743.54
emp_000856,2025-07-01,119093.4,0.07,11078.81
emp_000856,2024-07-01,112352.26,0.07,10451.71
emp_000857,2026-07-01,137432.55,0.1,36516.7
emp_000857,2025-07-01,129653.35,0.1,34449.72
emp_000857,2024-07-01,122314.48,0.1,32499.73
emp_000858,2026-07-01,164824.62,0.1,19928.47
emp_000858,2025-07-01,155494.92,0.1,18800.44
emp_000859,2026-07-01,97313.65,0.07,15442.28
emp_000859,2025-07-01,91805.33,0.07,14568.19
emp_000859,2024-07-01,86608.8,0.07,13743.57
emp_000860,2026-07-01,220735.06,0.2,80837.47
emp_000860,2025-07-01,208240.62,0.2,76261.76
emp_000861,2026-07-01,97636.21,0.07,12583.39
emp_000861,2025-07-01,92109.63,0.07,11871.12
emp_000862,2026-07-01,99378.92,0.07,12832.89
emp_000863,2026-07-01,113978.51,0.07,15304.02
emp_000863,2025-07-01,107526.9,0.07,14437.75
emp_000863,2024-07-01,101440.47,0.07,13620.52
emp_000864,2026-07-01,264209.44,0.25,223395.22
emp_000864,2025-07-01,249254.19,0.25,210750.21
emp_000864,2024-07-01,235145.46,0.25,198820.95
emp_000865,2026-07-01,167476.96,0.1,20527.6
emp_000865,2025-07-01,157997.13,0.1,19365.66
emp_000865,2024-07-01,149053.9,0.1,18269.49
emp_000866,2026-07-01,154438.59,0.1,31528.47
emp_000866,2025-07-01,145696.78,0.1,29743.84
emp_000866,2024-07-01,137449.8,0.1,28060.23
emp_000867,2026-07-01,213647.66,0.15,101374.35
emp_000867,2025-07-01,201554.4,0.15,95636.18
emp_000868,2026-07-01,320937.87,0.25,183009.24
emp_000868,2025-07-01,302771.58,0.25,172650.23
emp_000869,2026-07-01,131270.34,0.1,30552.59
emp_000869,2025-07-01,123839.94,0.1,28823.2
emp_000870,2026-07-01,222900.25,0.12,58763.26
emp_000870,2025-07-01,210283.25,0.12,55437.04
emp_000870,2024-07-01,198380.43,0.12,52299.09
emp_000871,2026-07-01,353677.4,0.35,346675.83
emp_000871,2025-07-01,333657.92,0.35,327052.67
emp_000871,2024-07-01,314771.63,0.35,308540.25
emp_000872,2026-07-01,187910.13,0.15,40242.83
emp_000872,2025-07-01,177273.71,0.15,37964.93
emp_000873,2026-07-01,274305.09,0.25,174610.76
emp_000873,2025-07-01,258778.39,0.25,164727.13
emp_000873,2024-07-01,244130.55,0.25,155402.95
emp_000874,2026-07-01,113450.98,0.07,13264.12
emp_000874,2025-07-01,107029.23,0.07,12513.32
emp_000875,2026-07-01,134685.16,0.1,18032.08
emp_000876,2026-07-01,62796.13,0.05,6041.82
emp_000877,2026-07-01,162536.89,0.15,37232.49
emp_000877,2025-07-01,153336.69,0.15,35124.99
emp_000878,2026-07-01,134141.13,0.1,21214.16
emp_000878,2025-07-01,126548.24,0.1,20013.36
emp_000878,2024-07-01,119385.13,0.1,18880.53
emp_000879,2026-07-01,71779.56,0.05,3864.47
emp_000880,2026-07-01,245394.4,0.25,134266.04
emp_000880,2025-07-01,231504.15,0.25,126666.08
emp_000880,2024-07-01,218400.14,0.25,119496.3
emp_000881,2026-07-01,137911.62,0.1,29566.23
emp_000881,2025-07-01,130105.3,0.1,27892.67
emp_000882,2026-07-01,168771.62,0.12,50284.28
emp_000882,2025-07-01,159218.51,0.12,47438.0
emp_000882,2024-07-01,150206.14,0.12,44752.83
emp_000883,2026-07-01,321124.71,0.35,435924.68
emp_000883,2025-07-01,302947.84,0.35,411249.7
emp_000884,2026-07-01,207605.05,0.12,58580.71
emp_000885,2026-07-01,250850.05,0.2,102149.64
emp_000885,2025-07-01,236650.99,0.2,96367.58
emp_000885,2024-07-01,223255.65,0.2,90912.82
emp_000886,2026-07-01,227486.1,0.2,72124.27
emp_000887,2026-07-01,117444.31,0.1,21982.95
emp_000887,2025-07-01,110796.52,0.1,20738.63
emp_000888,2026-07-01,130084.59,0.1,22607.52
emp_000888,2025-07-01,122721.31,0.1,21327.85
emp_000888,2024-07-01,115774.82,0.1,20120.61
emp_000889,2026-07-01,104271.33,0.07,10622.12
emp_000890,2026-07-01,101896.37,0.07,15211.84
emp_000891,2026-07-01,57704.89,0.15,32142.72
emp_000891,2025-07-01,54438.58,0.15,30323.32
emp_000892,2026-07-01,222108.0,0.2,68953.56
emp_000892,2025-07-01,209535.85,0.2,65050.53
emp_000892,2024-07-01,197675.33,0.2,61368.42
emp_000893,2026-07-01,185660.48,0.15,50089.23
emp_000893,2025-07-01,175151.4,0.15,47253.99
emp_000893,2024-07-01,165237.17,0.15,44579.24
emp_000894,2026-07-01,329540.84,0.25,144316.68
emp_000894,2025-07-01,310887.58,0.25,136147.81
emp_000894,2024-07-01,293290.17,0.25,128441.33
emp_000895,2026-07-01,170872.37,0.12,69840.33
emp_000895,2025-07-01,161200.35,0.12,65887.1
emp_000896,2026-07-01,174514.87,0.12,53673.43
emp_000897,2026-07-01,148863.69,0.15,55743.78
emp_000897,2025-07-01,140437.44,0.15,52588.47
emp_000897,2024-07-01,132488.15,0.15,49611.77
emp_000898,2026-07-01,138434.56,0.1,28798.86
emp_000899,2026-07-01,71159.13,0.05,4764.67
emp_000900,2026-07-01,243326.73,0.2,98148.18
emp_000900,2025-07-01,229553.52,0.2,92592.62
emp_000900,2024-07-01,216559.92,0.2,87351.53
emp_000901,2026-07-01,203286.96,0.12,55437.72
emp_000902,2026-07-01,140058.03,0.1,29662.86
emp_000902,2025-07-01,132130.22,0.1,27983.83
emp_000902,2024-07-01,124651.15,0.1,26399.84
emp_000903,2026-07-01,189584.15,0.12,33679.9
emp_000903,2025-07-01,178852.97,0.12,31773.49
emp_000904,2026-07-01,30000.0,0.05,4013.37
emp_000905,2026-07-01,86435.95,0.07,10770.15
emp_000905,2025-07-01,81543.35,0.07,10160.52
emp_000905,2024-07-01,76927.69,0.07,9585.4
emp_000906,2026-07-01,92302.02,0.07,12582.31
emp_000906,2025-07-01,87077.38,0.07,11870.1
emp_000906,2024-07-01,82148.47,0.07,11198.21
emp_000907,2026-07-01,138495.22,0.1,27848.04
emp_000908,2026-07-01,156013.31,0.15,58609.02
emp_000908,2025-07-01,147182.37,0.15,55291.53
emp_000908,2024-07-01,138851.29,0.15,52161.82
emp_000909,2026-07-01,67465.1,0.05,5461.82
emp_000910,2026-07-01,146967.41,0.12,55048.65
emp_000910,2025-07-01,138648.5,0.12,51932.69
emp_000911,2026-07-01,86754.69,0.05,4576.69
emp_000912,2026-07-01,273890.29,0.25,137314.67
emp_000912,2025-07-01,258387.07,0.25,129542.14
emp_000912,2024-07-01,243761.38,0.25,122209.57
emp_000913,2026-07-01,115403.81,0.07,13194.72
emp_000913,2025-07-01,108871.52,0.07,12447.85
emp_000914,2026-07-01,151339.95,0.12,43126.34
emp_000915,2026-07-01,120262.75,0.07,10891.84
emp_000916,2026-07-01,90241.58,0.07,10667.48
emp_000916,2025-07-01,85133.57,0.07,10063.66
emp_000916,2024-07-01,80314.68,0.07,9494.02
emp_000917,2026-07-01,188389.22,0.1,25236.62
emp_000918,2026-07-01,173769.95,0.15,115715.55
emp_000918,2025-07-01,163933.92,0.15,109165.61
emp_000918,2024-07-01,154654.64,0.15,102986.43
emp_000919,2026-07-01,80760.61,0.05,4040.22
emp_000919,2025-07-01,76189.25,0.05,3811.53
emp_000920,2026-07-01,179440.01,0.12,54391.45
emp_000921,2026-07-01,91438.65,0.05,4764.71
emp_000922,2026-07-01,251319.06,0.25,127835.59
emp_000922,2025-07-01,237093.45,0.25,120599.61
emp_000922,2024-07-01,223673.07,0.25,113773.22
emp_000923,2026-07-01,136122.61,0.1,22587.26
emp_000923,2025-07-01,128417.56,0.1,21308.74
emp_000924,2026-07-01,83813.4,0.05,3007.02
emp_000924,2025-07-01,79069.25,0.05,2836.81
emp_000924,2024-07-01,74593.63,0.05,2676.24
emp_000925,2026-07-01,153109.94,0.1,21801.67
emp_000925,2025-07-01,144443.34,0.1,20567.61
emp_000925,2024-07-01,136267.3,0.1,19403.41
emp_000926,2026-07-01,293957.24,0.25,189470.01
emp_000926,2025-07-01,277318.15,0.25,178745.29
emp_000926,2024-07-01,261620.9,0.25,168627.63
emp_000927,2026-07-01,210978.58,0.12,46982.94
emp_000927,2025-07-01,199036.4,0.12,44323.53
emp_000928,2026-07-01,161883.33,0.12,65721.58
emp_000929,2026-07-01,115045.84,0.1,26109.63
emp_000929,2025-07-01,108533.81,0.1,24631.73
emp_000929,2024-07-01,102390.39,0.1,23237.48
emp_000930,2026-07-01,75764.05,0.05,4979.6
emp_000930,2025-07-01,71475.52,0.05,4697.74
emp_000931,2026-07-01,125343.58,0.07,13976.43
emp_000931,2025-07-01,118248.66,0.07,13185.31
emp_000931,2024-07-01,111555.34,0.07,12438.97
emp_000932,2026-07-01,101023.01,0.07,10079.44
emp_000932,2025-07-01,95304.73,0.07,9508.91
emp_000932,2024-07-01,89910.12,0.07,8970.67
emp_000933,2026-07-01,30000.0,0.05,3878.5
emp_000933,2025-07-01,28301.89,0.05,3658.96
emp_000933,2024-07-01,26699.89,0.05,3451.85
emp_000934,2026-07-01,61823.18,0.12,44079.63
emp_000935,2026-07-01,155301.53,0.1,23682.8
emp_000935,2025-07-01,146510.88,0.1,22342.26
emp_000935,2024-07-01,138217.81,0.1,21077.61
emp_000936,2026-07-01,134188.6,0.1,19769.99
emp_000936,2025-07-01,126593.02,0.1,18650.93
emp_000937,2026-07-01,137147.49,0.1,36018.63
emp_000938,2026-07-01,108629.67,0.07,13535.17
emp_000939,2026-07-01,53250.21,0.15,52476.86
emp_000939,2025-07-01,50236.05,0.15,49506.47
emp_000939,2024-07-01,47392.5,0.15,46704.22
emp_000940,2026-07-01,162151.99,0.15,54858.25
emp_000941,2026-07-01,125417.17,0.07,10537.42
emp_000942,2026-07-01,122912.41,0.1,21112.72
emp_000943,2026-07-01,175845.08,0.1,24543.34
emp_000944,2026-07-01,180159.39,0.15,95137.07
emp_000944,2025-07-01,169961.69,0.15,89751.95
emp_000944,2024-07-01,160341.22,0.15,84671.65
emp_000945,2026-07-01,292979.81,0.2,121489.61
emp_000946,2026-07-01,42956.89,0.1,26937.8
emp_000947,2026-07-01,126276.76,0.1,23212.32
emp_000948,2026-07-01,61620.43,0.12,15915.08
emp_000948,2025-07-01,58132.48,0.12,15014.23
emp_000948,2024-07-01,54841.96,0.12,14164.36
emp_000949,2026-07-01,122558.8,0.07,11298.37
emp_000949,2025-07-01,115621.51,0.07,10658.84
emp_000949,2024-07-01,109076.9,0.07,10055.51
emp_000950,2026-07-01,103937.04,0.07,13594.79
emp_000950,2025-07-01,98053.81,0.07,12825.27
emp_000950,2024-07-01,92503.6,0.07,12099.31
emp_000951,2026-07-01,216458.86,0.2,87120.73
emp_000951,2025-07-01,204206.47,0.2,82189.37
emp_000951,2024-07-01,192647.61,0.2,77537.14
emp_000952,2026-07-01,184043.76,0.15,43592.46
emp_000952,2025-07-01,173626.19,0.15,41124.96
emp_000952,2024-07-01,163798.29,0.15,38797.13
emp_000953,2026-07-01,91530.38,0.07,9770.28
emp_000953,2025-07-01,86349.42,0.07,9217.25
emp_000953,2024-07-01,81461.71,0.07,8695.51
emp_000954,2026-07-01,309724.58,0.25,232934.06
emp_000954,2025-07-01,292193.0,0.25,219749.11
emp_000954,2024-07-01,275653.77,0.25,207310.48
emp_000955,2026-07-01,318683.38,0.25,213166.07
emp_000955,2025-07-01,300644.7,0.25,201100.07
emp_000955,2024-07-01,283627.07,0.25,189717.04
emp_000956,2026-07-01,237406.42,0.2,65682.39
emp_000956,2025-07-01,223968.32,0.2,61964.52
emp_000956,2024-07-01,211290.87,0.2,58457.09
emp_000957,2026-07-01,185552.98,0.15,33572.03
emp_000958,2026-07-01,153337.23,0.12,57924.74
emp_000958,2025-07-01,144657.76,0.12,54645.98
emp_000958,2024-07-01,136469.59,0.12,51552.81
emp_000959,2026-07-01,104056.93,0.1,17720.91
emp_000959,2025-07-01,98166.92,0.1,16717.84
emp_000959,2024-07-01,92610.3,0.1,15771.55
emp_000960,2026-07-01,147249.06,0.1,19822.37
emp_000960,2025-07-01,138914.21,0.1,18700.35
emp_000960,2024-07-01,131051.14,0.1,17641.84
emp_000961,2026-07-01,200243.34,0.25,201463.11
emp_000961,2025-07-01,188908.81,0.25,190059.54
emp_000961,2024-07-01,178215.86,0.25,179301.45
emp_000962,2026-07-01,163868.88,0.1,29102.46
emp_000963,2026-07-01,156342.31,0.1,19539.62
emp_000964,2026-07-01,140055.45,0.07,12461.19
emp_000965,2026-07-01,59203.66,0.05,4349.27
emp_000966,2026-07-01,201107.22,0.2,59331.93
emp_000966,2025-07-01,189723.79,0.2,55973.52
emp_000966,2024-07-01,178984.71,0.2,52805.21
emp_000967,2026-07-01,129804.61,0.1,20526.35
emp_000968,2026-07-01,125093.43,0.12,73625.04
emp_000968,2025-07-01,118012.67,0.12,69457.58
emp_000968,2024-07-01,111332.71,0.12,65526.02
emp_000969,2026-07-01,75300.11,0.05,6380.9
emp_000969,2025-07-01,71037.84,0.05,6019.72
emp_000969,2024-07-01,67016.83,0.05,5678.98
emp_000970,2026-07-01,208669.78,0.12,59730.36
emp_000970,2025-07-01,196858.28,0.12,56349.4
emp_000971,2026-07-01,198322.6,0.15,109258.53
emp_000971,2025-07-01,187096.79,0.15,103074.08
emp_000971,2024-07-01,176506.41,0.15,97239.7
emp_000972,2026-07-01,96551.11,0.05,5442.22
emp_000973,2026-07-01,176026.39,0.1,14922.89
emp_000973,2025-07-01,166062.63,0.1,14078.2
emp_000973,2024-07-01,156662.86,0.1,13281.32
emp_000974,2026-07-01,107804.84,0.1,22138.35
emp_000975,2026-07-01,123533.79,0.07,10061.33
emp_000975,2025-07-01,116541.31,0.07,9491.82
emp_000976,2026-07-01,232334.97,0.15,135390.25
emp_000977,2026-07-01,246568.44,0.15,148043.97
emp_000978,2026-07-01,175545.42,0.15,32715.82
emp_000978,2025-07-01,165608.89,0.15,30863.98
emp_000978,2024-07-01,156234.8,0.15,29116.96
emp_000979,2026-07-01,95809.11,0.07,14253.44
emp_000980,2026-07-01,203872.63,0.2,70141.41
emp_000980,2025-07-01,192332.67,0.2,66171.14
emp_000980,2024-07-01,181445.91,0.2,62425.61
emp_000981,2026-07-01,174599.15,0.12,55593.5
emp_000981,2025-07-01,164716.18,0.12,52446.7
emp_000982,2026-07-01,197098.26,0.2,119673.61
emp_000982,2025-07-01,185941.75,0.2,112899.63
emp_000983,2026-07-01,86525.14,0.05,5252.58
emp_000983,2025-07-01,81627.49,0.05,4955.26
emp_000984,2026-07-01,102095.42,0.07,9830.44
emp_000984,2025-07-01,96316.43,0.07,9274.0
emp_000984,2024-07-01,90864.56,0.07,8749.06
emp_000985,2026-07-01,179432.59,0.12,44998.98
emp_000986,2026-07-01,77899.94,0.05,7043.76
emp_000986,2025-07-01,73490.51,0.05,6645.06
emp_000986,2024-07-01,69330.67,0.05,6268.92
emp_000987,2026-07-01,167588.24,0.15,42300.91
emp_000987,2025-07-01,158102.11,0.15,39906.52
emp_000988,2026-07-01,118481.17,0.07,9710.94
emp_000989,2026-07-01,164831.37,0.15,35918.41
emp_000990,2026-07-01,112311.38,0.07,10398.5
emp_000991,2026-07-01,151198.25,0.15,44256.22
emp_000992,2026-07-01,119931.21,0.07,10754.71
emp_000993,2026-07-01,275501.87,0.15,152155.64
emp_000994,2026-07-01,73698.95,0.05,6402.08
emp_000995,2026-07-01,111862.49,0.07,13319.94
emp_000995,2025-07-01,105530.65,0.07,12565.98
emp_000996,2026-07-01,153513.81,0.1,23349.14
emp_000997,2026-07-01,203684.45,0.15,33707.06
emp_000998,2026-07-01,191557.16,0.12,61579.17
emp_000998,2025-07-01,180714.3,0.12,58093.56
emp_000999,2026-07-01,64988.59,0.05,4385.68
emp_001000,2026-07-01,117552.54,0.1,19189.25
emp_001001,2026-07-01,198673.78,0.1,32827.08
emp_001002,2026-07-01,67297.2,0.05,3746.62
emp_001002,2025-07-01,63487.92,0.05,3534.55
emp_001003,2026-07-01,115861.74,0.07,12927.17
emp_001003,2025-07-01,109303.53,0.07,12195.44
emp_001003,2024-07-01,103116.54,0.07,11505.14
emp_001004,2026-07-01,108394.71,0.07,10166.86
emp_001004,2025-07-01,102259.16,0.07,9591.38
emp_001004,2024-07-01,96470.91,0.07,9048.47
emp_001005,2026-07-01,48846.82,0.1,25832.36
emp_001005,2025-07-01,46081.91,0.1,24370.15
emp_001005,2024-07-01,43473.5,0.1,22990.71
emp_001006,2026-07-01,88177.87,0.07,14674.47
emp_001006,2025-07-01,83186.67,0.07,13843.84
emp_001006,2024-07-01,78477.99,0.07,13060.23
emp_001007,2026-07-01,209515.69,0.15,112207.38
emp_001007,2025-07-01,197656.31,0.15,105856.02
emp_001008,2026-07-01,93349.75,0.05,5683.11
emp_001009,2026-07-01,70531.59,0.05,3274.26
emp_001010,2026-07-01,185800.78,0.2,99813.11
emp_001010,2025-07-01,175283.75,0.2,94163.31
emp_001010,2024-07-01,165362.03,0.2,88833.31
emp_001011,2026-07-01,112550.17,0.07,12386.93
emp_001012,2026-07-01,223962.66,0.15,101661.85
emp_001012,2025-07-01,211285.53,0.15,95907.41
emp_001013,2026-07-01,139714.07,0.15,37558.43
emp_001013,2025-07-01,131805.73,0.15,35432.48
emp_001014,2026-07-01,247477.26,0.15,107582.68
emp_001015,2026-07-01,110275.02,0.07,13943.48
emp_001015,2025-07-01,104033.04,0.07,13154.23
emp_001015,2024-07-01,98144.38,0.07,12409.65
emp_001016,2026-07-01,156950.43,0.12,37915.02
emp_001016,2025-07-01,148066.44,0.12,35768.89
emp_001016,2024-07-01,139685.32,0.12,33744.23
emp_001017,2026-07-01,140198.69,0.12,58666.72
emp_001018,2026-07-01,260930.38,0.2,99913.93
emp_001018,2025-07-01,246160.74,0.2,94258.42
emp_001018,2024-07-01,232227.11,0.2,88923.04
emp_001019,2026-07-01,77278.41,0.05,5497.99
emp_001019,2025-07-01,72904.16,0.05,5186.78
emp_001019,2024-07-01,68777.51,0.05,4893.19
emp_001020,2026-07-01,111816.54,0.1,12906.03
emp_001020,2025-07-01,105487.3,0.1,12175.5
emp_001020,2024-07-01,99516.32,0.1,11486.32
emp_001021,2026-07-01,303259.72,0.25,177632.43
emp_001022,2026-07-01,150471.66,0.1,29989.06
emp_001023,2026-07-01,349744.23,0.35,366477.44
emp_001023,2025-07-01,329947.39,0.35,345733.43
emp_001024,2026-07-01,177784.56,0.15,104626.47
emp_001024,2025-07-01,167721.28,0.15,98704.22
emp_001024,2024-07-01,158227.63,0.15,93117.19
emp_001025,2026-07-01,92322.15,0.07,13993.79
emp_001025,2025-07-01,87096.37,0.07,13201.69
emp_001025,2024-07-01,82166.38,0.07,12454.42
emp_001026,2026-07-01,425264.32,0.35,348925.15
emp_001027,2026-07-01,129257.43,0.1,19006.69
emp_001028,2026-07-01,80308.51,0.05,4674.24
emp_001028,2025-07-01,75762.75,0.05,4409.66
emp_001029,2026-07-01,259255.18,0.2,88935.16
emp_001030,2026-07-01,120858.68,0.1,22426.56
emp_001030,2025-07-01,114017.62,0.1,21157.13
emp_001030,2024-07-01,107563.79,0.1,19959.56
emp_001031,2026-07-01,192923.08,0.15,128146.88
emp_001031,2025-07-01,182002.91,0.15,120893.28
emp_001032,2026-07-01,58312.14,0.12,67284.45
emp_001032,2025-07-01,55011.45,0.12,63475.9
emp_001033,2026-07-01,251278.05,0.15,92149.01
emp_001033,2025-07-01,237054.76,0.15,86933.03
emp_001033,2024-07-01,223636.57,0.15,82012.29
emp_001034,2026-07-01,163572.79,0.15,51760.07
emp_001034,2025-07-01,154313.95,0.15,48830.25
emp_001034,2024-07-01,145579.2,0.15,46066.28
emp_001035,2026-07-01,667035.29,0.55,1067631.0
emp_001035,2025-07-01,629278.58,0.55,1007199.06
emp_001036,2026-07-01,200242.07,0.15,93347.28
emp_001036,2025-07-01,188907.61,0.15,88063.47
emp_001036,2024-07-01,178214.73,0.15,83078.75
emp_001037,2026-07-01,367143.03,0.35,510843.88
emp_001037,2025-07-01,346361.35,0.35,481928.19
emp_001037,2024-07-01,326755.99,0.35,454649.23
emp_001038,2026-07-01,76866.66,0.05,4100.33
emp_001039,2026-07-01,147439.55,0.15,45703.15
emp_001040,2026-07-01,192069.99,0.2,107446.14
emp_001040,2025-07-01,181198.1,0.2,101364.28
emp_001040,2024-07-01,170941.61,0.2,95626.68
emp_001041,2026-07-01,147857.44,0.1,20867.28
emp_001041,2025-07-01,139488.15,0.1,19686.11
emp_001041,2024-07-01,131592.6,0.1,18571.8
emp_001042,2026-07-01,151762.88,0.1,37185.47
emp_001042,2025-07-01,143172.53,0.1,35080.63
emp_001043,2026-07-01,92530.57,0.05,3394.15
emp_001043,2025-07-01,87292.99,0.05,3202.03
emp_001044,2026-07-01,123366.26,0.07,12929.46
emp_001044,2025-07-01,116383.26,0.07,12197.6
emp_001045,2026-07-01,119836.27,0.07,16846.16
emp_001046,2026-07-01,178341.31,0.15,30258.0
emp_001046,2025-07-01,168246.52,0.15,28545.28
emp_001046,2024-07-01,158723.13,0.15,26929.51
emp_001047,2026-07-01,213219.63,0.15,44128.7
emp_001047,2025-07-01,201150.59,0.15,41630.85
emp_001047,2024-07-01,189764.71,0.15,39274.39
emp_001048,2026-07-01,75147.23,0.05,4165.46
emp_001048,2025-07-01,70893.61,0.05,3929.68
emp_001048,2024-07-01,66880.77,0.05,3707.24
emp_001049,2026-07-01,242894.58,0.2,71388.22
emp_001049,2025-07-01,229145.83,0.2,67347.38
emp_001049,2024-07-01,216175.31,0.2,63535.26
emp_001050,2026-07-01,302033.3,0.35,290695.02
emp_001051,2026-07-01,297879.19,0.25,196838.48
emp_001051,2025-07-01,281018.1,0.25,185696.68
emp_001052,2026-07-01,164307.9,0.12,52285.56
emp_001052,2025-07-01,155007.45,0.12,49326.0
emp_001052,2024-07-01,146233.45,0.12,46533.96
emp_001053,2026-07-01,216232.83,0.2,60927.98
emp_001053,2025-07-01,203993.24,0.2,57479.23
emp_001054,2026-07-01,183997.33,0.12,43547.3
emp_001055,2026-07-01,153967.53,0.15,48395.56
emp_001055,2025-07-01,145252.39,0.15,45656.19
emp_001056,2026-07-01,67907.62,0.05,6567.3
emp_001056,2025-07-01,64063.79,0.05,6195.57
emp_001057,2026-07-01,393505.99,0.35,443667.81
emp_001057,2025-07-01,371232.07,0.35,418554.54
emp_001058,2026-07-01,116536.9,0.07,10710.35
emp_001059,2026-07-01,139668.48,0.15,33302.79
emp_001059,2025-07-01,131762.72,0.15,31417.73
emp_001059,2024-07-01,124304.45,0.15,29639.36
emp_001060,2026-07-01,67865.66,0.05,3525.16
emp_001060,2025-07-01,64024.21,0.05,3325.62
emp_001061,2026-07-01,219723.03,0.15,96416.12
emp_001061,2025-07-01,207285.88,0.15,90958.6
emp_001061,2024-07-01,195552.71,0.15,85810.0
emp_001062,2026-07-01,66320.72,0.05,3855.94
emp_001062,2025-07-01,62566.72,0.05,3637.68
emp_001063,2026-07-01,145748.87,0.1,25402.23
emp_001064,2026-07-01,76778.13,0.05,5890.95
emp_001064,2025-07-01,72432.2,0.05,5557.5
emp_001064,2024-07-01,68332.26,0.05,5242.92
emp_001065,2026-07-01,110974.27,0.1,22464.54
emp_001065,2025-07-01,104692.71,0.1,21192.96
emp_001066,2026-07-01,100281.1,0.07,9021.37
emp_001067,2026-07-01,84149.69,0.05,5389.01
emp_001067,2025-07-01,79386.5,0.05,5083.97
emp_001068,2026-07-01,138491.48,0.1,28868.9
emp_001069,2026-07-01,207586.83,0.15,37954.53
emp_001070,2026-07-01,204172.67,0.12,33848.54
emp_001070,2025-07-01,192615.73,0.12,31932.58
emp_001070,2024-07-01,181712.95,0.12,30125.08
emp_001071,2026-07-01,169804.73,0.15,48753.89
emp_001071,2025-07-01,160193.14,0.15,45994.24
emp_001072,2026-07-01,188815.89,0.15,149774.07
emp_001073,2026-07-01,98718.82,0.05,4583.54
emp_001074,2026-07-01,286521.75,0.25,200797.16
emp_001075,2026-07-01,217021.43,0.12,46627.25
emp_001076,2026-07-01,208032.4,0.15,48726.87
emp_001076,2025-07-01,196256.98,0.15,45968.75
emp_001076,2024-07-01,185148.1,0.15,43366.74
emp_001077,2026-07-01,205225.79,0.12,69973.91
emp_001078,2026-07-01,116384.35,0.07,11084.12
emp_001079,2026-07-01,135402.51,0.15,47066.14
emp_001079,2025-07-01,127738.22,0.15,44402.02
emp_001079,2024-07-01,120507.75,0.15,41888.7
emp_001080,2026-07-01,135533.31,0.1,29662.2
emp_001081,2026-07-01,207116.88,0.15,121201.99
emp_001082,2026-07-01,139966.68,0.1,25305.74
emp_001083,2026-07-01,123352.59,0.1,30183.09
emp_001084,2026-07-01,131213.58,0.1,25076.27
emp_001084,2025-07-01,123786.4,0.1,23656.86
emp_001085,2026-07-01,84703.46,0.05,6823.27
emp_001086,2026-07-01,151021.63,0.15,42096.99
emp_001086,2025-07-01,142473.24,0.15,39714.14
emp_001086,2024-07-01,134408.71,0.15,37466.17
emp_001087,2026-07-01,94052.56,0.07,8836.7
emp_001088,2026-07-01,178783.29,0.15,138821.86
emp_001088,2025-07-01,168663.48,0.15,130964.02
emp_001089,2026-07-01,149240.75,0.15,38019.08
emp_001089,2025-07-01,140793.16,0.15,35867.06
emp_001089,2024-07-01,132823.74,0.15,33836.85
emp_001090,2026-07-01,278100.7,0.15,78265.74
emp_001090,2025-07-01,262359.15,0.15,73835.6
emp_001091,2026-07-01,302246.29,0.15,78172.43
emp_001091,2025-07-01,285138.01,0.15,73747.58
emp_001092,2026-07-01,259704.8,0.25,138041.44
emp_001092,2025-07-01,245004.53,0.25,130227.77
emp_001092,2024-07-01,231136.35,0.25,122856.39
emp_001093,2026-07-01,50024.11,0.15,50412.41
emp_001093,2025-07-01,47192.56,0.15,47558.88
emp_001093,2024-07-01,44521.28,0.15,44866.87
emp_001094,2026-07-01,170530.44,0.1,25541.9
emp_001094,2025-07-01,160877.77,0.1,24096.13
emp_001094,2024-07-01,151771.48,0.1,22732.2
emp_001095,2026-07-01,134918.97,0.1,30282.11
emp_001095,2025-07-01,127282.05,0.1,28568.03
emp_001095,2024-07-01,120077.4,0.1,26950.97
emp_001096,2026-07-01,62270.92,0.05,5697.42
emp_001097,2026-07-01,77193.89,0.05,4187.57
emp_001098,2026-07-01,158548.13,0.1,30434.89
emp_001099,2026-07-01,238773.57,0.15,94342.18
emp_001099,2025-07-01,225258.08,0.15,89002.06
emp_001100,2026-07-01,216167.64,0.12,47332.71
emp_001101,2026-07-01,115751.88,0.1,18947.59
emp_001102,2026-07-01,161616.76,0.15,46281.32
emp_001102,2025-07-01,152468.64,0.15,43661.62
emp_001102,2024-07-01,143838.34,0.15,41190.21
emp_001103,2026-07-01,106357.02,0.07,11339.32
emp_001103,2025-07-01,100336.81,0.07,10697.47
emp_001104,2026-07-01,120466.21,0.07,13100.51
emp_001105,2026-07-01,79943.39,0.05,4193.8
emp_001106,2026-07-01,188640.83,0.15,40978.6
emp_001106,2025-07-01,177963.05,0.15,38659.06
emp_001106,2024-07-01,167889.67,0.15,36470.81
emp_001107,2026-07-01,267196.99,0.25,162818.43
emp_001107,2025-07-01,252072.63,0.25,153602.29
emp_001107,2024-07-01,237804.37,0.25,144907.82
emp_001108,2026-07-01,103300.28,0.07,11593.6
emp_001109,2026-07-01,168986.46,0.12,38890.0
emp_001109,2025-07-01,159421.19,0.12,36688.68
emp_001110,2026-07-01,92096.62,0.07,11881.95
emp_001110,2025-07-01,86883.6,0.07,11209.39
emp_001110,2024-07-01,81965.66,0.07,10574.89
emp_001111,2026-07-01,78685.52,0.07,10730.01
emp_001112,2026-07-01,104550.91,0.07,10096.85
emp_001113,2026-07-01,151561.39,0.1,23297.88
emp_001114,2026-07-01,78564.32,0.05,4576.91
emp_001114,2025-07-01,74117.28,0.05,4317.84
emp_001114,2024-07-01,69921.97,0.05,4073.43
emp_001115,2026-07-01,117007.48,0.15,41584.66
emp_001115,2025-07-01,110384.42,0.15,39230.81
emp_001116,2026-07-01,101350.86,0.07,17589.15
emp_001116,2025-07-01,95614.02,0.07,16593.54
emp_001117,2026-07-01,202508.32,0.15,54252.87
emp_001117,2025-07-01,191045.58,0.15,51181.95
emp_001117,2024-07-01,180231.68,0.15,48284.86
emp_001118,2026-07-01,275471.29,0.2,75573.18
emp_001118,2025-07-01,259878.58,0.2,71295.45
emp_001118,2024-07-01,245168.47,0.2,67259.86
emp_001119,2026-07-01,168037.54,0.12,51026.09
emp_001119,2025-07-01,158525.98,0.12,48137.82
emp_001119,2024-07-01,149552.81,0.12,45413.04
emp_001120,2026-07-01,52826.09,0.15,54488.76
emp_001121,2026-07-01,126367.21,0.07,12448.73
emp_001122,2026-07-01,133124.49,0.1,25505.4
emp_001123,2026-07-01,83415.68,0.05,6232.57
emp_001124,2026-07-01,117943.9,0.07,15834.64
emp_001125,2026-07-01,118934.81,0.15,47419.92
emp_001125,2025-07-01,112202.65,0.15,44735.77
emp_001126,2026-07-01,115791.45,0.07,14980.37
emp_001127,2026-07-01,202228.96,0.12,48504.5
emp_001127,2025-07-01,190782.04,0.12,45758.96
emp_001128,2026-07-01,420467.38,0.35,416980.64
emp_001128,2025-07-01,396667.34,0.35,393377.96
emp_001128,2024-07-01,374214.47,0.35,371111.29
emp_001129,2026-07-01,259354.56,0.25,213983.42
emp_001129,2025-07-01,244674.11,0.25,201871.15
emp_001129,2024-07-01,230824.64,0.25,190444.48
emp_001130,2026-07-01,98954.55,0.07,9565.89
emp_001131,2026-07-01,280008.19,0.2,70978.11
emp_001131,2025-07-01,264158.67,0.2,66960.48
emp_001131,2024-07-01,249206.29,0.2,63170.27
emp_001132,2026-07-01,156780.86,0.15,56349.21
emp_001132,2025-07-01,147906.47,0.15,53159.63
emp_001132,2024-07-01,139534.41,0.15,50150.6
emp_001133,2026-07-01,110309.91,0.1,25565.58
emp_001133,2025-07-01,104065.95,0.1,24118.47
emp_001134,2026-07-01,177771.41,0.15,28681.23
emp_001134,2025-07-01,167708.88,0.15,27057.76
emp_001134,2024-07-01,158215.92,0.15,25526.19
emp_001135,2026-07-01,153180.21,0.1,25259.74
emp_001135,2025-07-01,144509.63,0.1,23829.94
emp_001136,2026-07-01,165735.99,0.12,59661.95
emp_001137,2026-07-01,78707.73,0.05,5254.0
emp_001138,2026-07-01,168594.73,0.12,63860.95
emp_001138,2025-07-01,159051.63,0.12,60246.18
emp_001139,2026-07-01,64157.15,0.05,4574.32
emp_001139,2025-07-01,60525.61,0.05,4315.4
emp_001140,2026-07-01,178626.46,0.12,54171.0
emp_001140,2025-07-01,168515.53,0.12,51104.72
emp_001140,2024-07-01,158976.91,0.12,48212.0
emp_001141,2026-07-01,181735.71,0.2,77237.5
emp_001142,2026-07-01,58912.79,0.05,6145.52
emp_001143,2026-07-01,199012.84,0.15,80113.2
emp_001144,2026-07-01,145982.31,0.12,55475.36
emp_001144,2025-07-01,137719.16,0.12,52335.25
emp_001144,2024-07-01,129923.74,0.12,49372.87
emp_001145,2026-07-01,134037.73,0.1,19147.15
emp_001145,2025-07-01,126450.69,0.1,18063.35
emp_001145,2024-07-01,119293.1,0.1,17040.9
emp_001146,2026-07-01,180492.11,0.12,62970.85
emp_001147,2026-07-01,176335.31,0.15,45168.87
emp_001147,2025-07-01,166354.07,0.15,42612.14
emp_001147,2024-07-01,156937.8,0.15,40200.13
emp_001148,2026-07-01,137652.87,0.12,45910.51
emp_001148,2025-07-01,129861.2,0.12,43311.8
emp_001148,2024-07-01,122510.56,0.12,40860.19
emp_001149,2026-07-01,150156.38,0.1,28668.34
emp_001149,2025-07-01,141656.96,0.1,27045.6
emp_001149,2024-07-01,133638.64,0.1,25514.72
emp_001150,2026-07-01,120952.13,0.07,13404.93
emp_001150,2025-07-01,114105.78,0.07,12646.16
emp_001151,2026-07-01,164613.47,0.1,20550.67
emp_001152,2026-07-01,87690.28,0.07,9966.82
emp_001153,2026-07-01,79005.37,0.07,9327.66
emp_001153,2025-07-01,74533.37,0.07,8799.68
emp_001153,2024-07-01,70314.5,0.07,8301.58
emp_001154,2026-07-01,139552.33,0.07,15417.85
emp_001154,2025-07-01,131653.14,0.07,14545.14
emp_001154,2024-07-01,124201.08,0.07,13721.83
emp_001155,2026-07-01,217890.11,0.2,95728.15
emp_001155,2025-07-01,205556.71,0.2,90309.58
emp_001155,2024-07-01,193921.42,0.2,85197.71
emp_001156,2026-07-01,50485.95,0.12,71036.06
emp_001156,2025-07-01,47628.25,0.12,67015.15
emp_001157,2026-07-01,96678.29,0.07,9181.18
emp_001158,2026-07-01,106617.27,0.07,8997.61
emp_001158,2025-07-01,100582.33,0.07,8488.31
emp_001158,2024-07-01,94888.99,0.07,8007.84
emp_001159,2026-07-01,151974.5,0.1,20538.7
emp_001159,2025-07-01,143372.17,0.1,19376.13
emp_001160,2026-07-01,93820.73,0.07,15385.15
emp_001161,2026-07-01,184707.07,0.15,45868.78
emp_001161,2025-07-01,174251.95,0.15,43272.43
emp_001161,2024-07-01,164388.63,0.15,40823.05
emp_001162,2026-07-01,160202.04,0.15,54517.9
emp_001162,2025-07-01,151134.0,0.15,51431.98
emp_001163,2026-07-01,119092.64,0.1,26997.83
emp_001164,2026-07-01,36806.47,0.07,16873.92
emp_001165,2026-07-01,215252.8,0.2,99457.78
emp_001165,2025-07-01,203068.68,0.2,93828.09
emp_001165,2024-07-01,191574.23,0.2,88517.07
emp_001166,2026-07-01,202843.5,0.15,109396.31
emp_001166,2025-07-01,191361.79,0.15,103204.07
emp_001167,2026-07-01,156336.78,0.12,57153.14
emp_001168,2026-07-01,113424.84,0.07,12927.57
emp_001169,2026-07-01,91282.61,0.05,5046.48
emp_001170,2026-07-01,188275.62,0.12,75291.36
emp_001171,2026-07-01,291026.64,0.2,111343.86
emp_001171,2025-07-01,274553.43,0.2,105041.38
emp_001171,2024-07-01,259012.67,0.2,99095.64
emp_001172,2026-07-01,253712.64,0.15,65483.48
emp_001173,2026-07-01,90517.5,0.07,13648.25
emp_001173,2025-07-01,85393.87,0.07,12875.71
emp_001173,2024-07-01,80560.25,0.07,12146.89
emp_001174,2026-07-01,135432.25,0.1,24698.55
emp_001175,2026-07-01,121528.77,0.07,13942.75
emp_001176,2026-07-01,56384.35,0.05,5559.24
emp_001176,2025-07-01,53192.78,0.05,5244.57
emp_001176,2024-07-01,50181.87,0.05,4947.7
emp_001177,2026-07-01,215301.81,0.15,34252.31
emp_001178,2026-07-01,112913.55,0.07,9567.64
emp_001179,2026-07-01,233321.15,0.15,63819.94
emp_001179,2025-07-01,220114.29,0.15,60207.49
emp_001179,2024-07-01,207654.99,0.15,56799.52
emp_001180,2026-07-01,140837.29,0.15,45281.24
emp_001180,2025-07-01,132865.37,0.15,42718.15
emp_001180,2024-07-01,125344.69,0.15,40300.14
emp_001181,2026-07-01,89813.56,0.05,6531.46
emp_001182,2026-07-01,106473.52,0.1,21660.4
emp_001183,2026-07-01,235521.3,0.2,99909.86
emp_001183,2025-07-01,222189.91,0.2,94254.58
emp_001184,2026-07-01,155111.8,0.1,21158.58
emp_001184,2025-07-01,146331.89,0.1,19960.92
emp_001185,2026-07-01,112146.77,0.07,12699.9
emp_001186,2026-07-01,69872.89,0.05,4944.68
emp_001186,2025-07-01,65917.82,0.05,4664.79
emp_001186,2024-07-01,62186.62,0.05,4400.75
emp_001187,2026-07-01,298276.79,0.35,531970.48
emp_001187,2025-07-01,281393.2,0.35,501858.94
emp_001188,2026-07-01,192769.03,0.12,86008.26
emp_001189,2026-07-01,590684.97,0.55,1203563.89
emp_001189,2025-07-01,557249.97,0.55,1135437.63
emp_001189,2024-07-01,525707.52,0.55,1071167.58
emp_001190,2026-07-01,164121.17,0.15,54895.76
emp_001190,2025-07-01,154831.29,0.15,51788.45
emp_001190,2024-07-01,146067.26,0.15,48857.03
emp_001191,2026-07-01,152968.92,0.1,21981.06
emp_001191,2025-07-01,144310.3,0.1,20736.85
emp_001191,2024-07-01,136141.79,0.1,19563.07
emp_001192,2026-07-01,187281.19,0.15,31670.85
emp_001192,2025-07-01,176680.37,0.15,29878.16
emp_001193,2026-07-01,283622.83,0.15,77016.53
emp_001193,2025-07-01,267568.71,0.15,72657.1
emp_001193,2024-07-01,252423.31,0.15,68544.44
emp_001194,2026-07-01,62538.74,0.15,38520.72
emp_001194,2025-07-01,58998.81,0.15,36340.3
emp_001195,2026-07-01,179412.68,0.2,113527.85
emp_001195,2025-07-01,169257.25,0.2,107101.75
emp_001196,2026-07-01,225556.29,0.2,83025.53
emp_001196,2025-07-01,212788.95,0.2,78325.97
emp_001197,2026-07-01,117678.6,0.07,10872.46
emp_001197,2025-07-01,111017.55,0.07,10257.04
emp_001197,2024-07-01,104733.54,0.07,9676.45
emp_001198,2026-07-01,95443.77,0.07,15080.14
emp_001199,2026-07-01,122801.95,0.07,15792.36
emp_001199,2025-07-01,115850.9,0.07,14898.45
emp_001199,2024-07-01,109293.3,0.07,14055.14
emp_001200,2026-07-01,97378.36,0.07,10906.88
emp_001201,2026-07-01,230911.83,0.2,74519.97
emp_001201,2025-07-01,217841.35,0.2,70301.86
emp_001202,2026-07-01,80655.39,0.05,4773.86
emp_001203,2026-07-01,200572.4,0.12,67320.63
emp_001203,2025-07-01,189219.25,0.12,63510.03
emp_001204,2026-07-01,218302.6,0.2,83620.47
emp_001204,2025-07-01,205945.85,0.2,78887.24
emp_001204,2024-07-01,194288.54,0.2,74421.92
emp_001205,2026-07-01,145711.58,0.12,50901.09
emp_001205,2025-07-01,137463.75,0.12,48019.9
emp_001206,2026-07-01,102540.41,0.07,12428.42
emp_001207,2026-07-01,197383.46,0.15,93551.36
emp_001207,2025-07-01,186210.81,0.15,88256.0
emp_001207,2024-07-01,175670.58,0.15,83260.38
emp_001208,2026-07-01,180442.48,0.2,84585.38
emp_001208,2025-07-01,170228.75,0.2,79797.53
emp_001209,2026-07-01,87345.61,0.07,12498.88
emp_001209,2025-07-01,82401.52,0.07,11791.4
emp_001210,2026-07-01,129585.46,0.1,24876.87
emp_001211,2026-07-01,57203.72,0.05,5185.73
emp_001212,2026-07-01,101062.95,0.07,10958.93
emp_001213,2026-07-01,97268.39,0.07,9717.54
emp_001213,2025-07-01,91762.63,0.07,9167.49
emp_001213,2024-07-01,86568.52,0.07,8648.58
emp_001214,2026-07-01,191408.54,0.2,119654.25
emp_001214,2025-07-01,180574.09,0.2,112881.37
emp_001214,2024-07-01,170352.92,0.2,106491.86
emp_001215,2026-07-01,133813.58,0.1,18188.09
emp_001216,2026-07-01,99254.46,0.07,15662.22
emp_001216,2025-07-01,93636.28,0.07,14775.68
emp_001217,2026-07-01,103498.96,0.07,13884.45
emp_001217,2025-07-01,97640.53,0.07,13098.54
emp_001217,2024-07-01,92113.71,0.07,12357.11
emp_001218,2026-07-01,177091.25,0.12,50108.83
emp_001218,2025-07-01,167067.22,0.12,47272.48
emp_001219,2026-07-01,102846.89,0.07,13789.84
emp_001220,2026-07-01,212694.54,0.12,69272.21
emp_001220,2025-07-01,200655.23,0.12,65351.14
emp_001220,2024-07-01,189297.38,0.12,61652.02
emp_001221,2026-07-01,116490.22,0.1,24364.47
emp_001222,2026-07-01,277452.12,0.25,146554.02
emp_001222,2025-07-01,261747.28,0.25,138258.51
emp_001222,2024-07-01,246931.4,0.25,130432.56
emp_001223,2026-07-01,184863.13,0.12,52432.89
emp_001223,2025-07-01,174399.18,0.12,49464.99
emp_001223,2024-07-01,164527.53,0.12,46665.09
emp_001224,2026-07-01,158111.49,0.1,26476.86
emp_001225,2026-07-01,147075.89,0.12,67463.2
emp_001225,2025-07-01,138750.84,0.12,63644.53
emp_001225,2024-07-01,130897.02,0.12,60042.01
emp_001226,2026-07-01,120325.94,0.07,12387.82
emp_001226,2025-07-01,113515.04,0.07,11686.62
emp_001227,2026-07-01,203519.68,0.12,77544.85
emp_001227,2025-07-01,191999.7,0.12,73155.52
emp_001227,2024-07-01,181131.79,0.12,69014.64
emp_001228,2026-07-01,191374.83,0.12,45649.11
emp_001229,2026-07-01,282171.53,0.15,88165.4
emp_001229,2025-07-01,266199.56,0.15,83174.91
emp_001229,2024-07-01,251131.66,0.15,78466.89
emp_001230,2026-07-01,130979.57,0.07,12426.52
emp_001231,2026-07-01,115491.88,0.07,11541.09
emp_001231,2025-07-01,108954.6,0.07,10887.82
emp_001232,2026-07-01,81538.51,0.05,3623.14
emp_001232,2025-07-01,76923.12,0.05,3418.06
emp_001232,2024-07-01,72568.98,0.05,3224.58
emp_001233,2026-07-01,250824.89,0.12,51227.21
emp_001233,2025-07-01,236627.25,0.12,48327.56
emp_001233,2024-07-01,223233.26,0.12,45592.03
emp_001234,2026-07-01,115843.08,0.07,10206.12
emp_001234,2025-07-01,109285.92,0.07,9628.42
emp_001234,2024-07-01,103099.93,0.07,9083.41
emp_001235,2026-07-01,100466.99,0.07,9143.58
emp_001236,2026-07-01,150878.56,0.15,56069.9
emp_001236,2025-07-01,142338.26,0.15,52896.13
emp_001237,2026-07-01,149018.96,0.1,20688.13
emp_001238,2026-07-01,177131.27,0.1,30603.46
emp_001239,2026-07-01,111443.06,0.07,12158.11
emp_001239,2025-07-01,105134.96,0.07,11469.92
emp_001239,2024-07-01,99183.93,0.07,10820.67
emp_001240,2026-07-01,153854.78,0.1,23526.15
emp_001240,2025-07-01,145146.02,0.1,22194.48
emp_001240,2024-07-01,136930.21,0.1,20938.19
emp_001241,2026-07-01,159852.48,0.15,49849.99
emp_001242,2026-07-01,145771.07,0.15,36395.35
emp_001242,2025-07-01,137519.88,0.15,34335.24
emp_001242,2024-07-01,129735.73,0.15,32391.73
emp_001243,2026-07-01,120329.94,0.07,9448.96
emp_001243,2025-07-01,113518.81,0.07,8914.11
emp_001243,2024-07-01,107093.22,0.07,8409.54
emp_001244,2026-07-01,176740.17,0.2,72224.56
emp_001245,2026-07-01,179623.08,0.15,42976.33
emp_001245,2025-07-01,169455.74,0.15,40543.71
emp_001245,2024-07-01,159863.9,0.15,38248.78
emp_001246,2026-07-01,84703.94,0.05,4723.68
emp_001246,2025-07-01,79909.38,0.05,4456.3
emp_001246,2024-07-01,75386.21,0.05,4204.06
emp_001247,2026-07-01,96124.81,0.07,11668.59
emp_001247,2025-07-01,90683.78,0.07,11008.1
emp_001248,2026-07-01,237993.88,0.2,72018.86
emp_001248,2025-07-01,224522.53,0.2,67942.32
emp_001248,2024-07-01,211813.71,0.2,64096.53
emp_001249,2026-07-01,149799.6,0.07,8674.62
emp_001250,2026-07-01,173660.39,0.1,28087.35
emp_001250,2025-07-01,163830.56,0.1,26497.5
emp_001251,2026-07-01,187724.06,0.15,51346.31
emp_001251,2025-07-01,177098.17,0.15,48439.92
emp_001251,2024-07-01,167073.75,0.15,45698.03
emp_001252,2026-07-01,120786.92,0.1,26782.54
emp_001252,2025-07-01,113949.92,0.1,25266.55
emp_001253,2026-07-01,157953.65,0.15,46197.54
emp_001254,2026-07-01,53403.76,0.15,39554.13
emp_001255,2026-07-01,263666.96,0.25,164980.47
emp_001255,2025-07-01,248742.42,0.25,155641.95
emp_001255,2024-07-01,234662.66,0.25,146832.03
emp_001256,2026-07-01,177998.21,0.1,25043.23
emp_001256,2025-07-01,167922.84,0.1,23625.69
emp_001256,2024-07-01,158417.77,0.1,22288.39
emp_001257,2026-07-01,200325.37,0.12,57901.3
emp_001257,2025-07-01,188986.2,0.12,54623.87
emp_001257,2024-07-01,178288.87,0.12,51531.95
emp_001258,2026-07-01,104101.82,0.07,14707.65
emp_001259,2026-07-01,182722.48,0.15,55253.37
emp_001259,2025-07-01,172379.7,0.15,52125.82
emp_001259,2024-07-01,162622.36,0.15,49175.3
emp_001260,2026-07-01,180889.48,0.15,43239.3
emp_001260,2025-07-01,170650.45,0.15,40791.79
emp_001260,2024-07-01,160990.99,0.15,38482.82
emp_001261,2026-07-01,89049.98,0.07,13491.49
emp_001261,2025-07-01,84009.42,0.07,12727.82
emp_001262,2026-07-01,65234.89,0.05,4536.03
emp_001263,2026-07-01,201086.34,0.15,105974.1
emp_001264,2026-07-01,87047.54,0.07,15668.92
emp_001265,2026-07-01,187450.97,0.12,36197.52
emp_001266,2026-07-01,84152.94,0.07,13189.98
emp_001266,2025-07-01,79389.57,0.07,12443.38
emp_001266,2024-07-01,74895.82,0.07,11739.04
emp_001267,2026-07-01,38810.36,0.1,29072.45
emp_001267,2025-07-01,36613.55,0.1,27426.84
emp_001268,2026-07-01,50380.99,0.1,19568.69
emp_001269,2026-07-01,113582.7,0.1,20455.75
emp_001270,2026-07-01,128231.01,0.1,30186.26
emp_001271,2026-07-01,155941.84,0.1,22478.76
emp_001272,2026-07-01,137388.03,0.07,14175.35
emp_001272,2025-07-01,129611.35,0.07,13372.97
emp_001273,2026-07-01,195715.53,0.15,45563.95
emp_001273,2025-07-01,184637.29,0.15,42984.86
emp_001273,2024-07-01,174186.12,0.15,40551.75
emp_001274,2026-07-01,173242.79,0.15,47107.3
emp_001275,2026-07-01,565741.49,0.55,863743.33
emp_001275,2025-07-01,533718.39,0.55,814852.2
emp_001276,2026-07-01,72817.83,0.05,6215.51
emp_001276,2025-07-01,68696.07,0.05,5863.69
emp_001277,2026-07-01,154563.53,0.15,37201.01
emp_001277,2025-07-01,145814.65,0.15,35095.29
emp_001278,2026-07-01,86465.21,0.07,7706.75
emp_001279,2026-07-01,161477.1,0.1,24886.98
emp_001280,2026-07-01,76962.85,0.05,5861.21
emp_001281,2026-07-01,71104.57,0.07,15116.29
emp_001281,2025-07-01,67079.78,0.07,14260.65
emp_001282,2026-07-01,113795.39,0.07,11329.95
emp_001282,2025-07-01,107354.14,0.07,10688.63
emp_001282,2024-07-01,101277.49,0.07,10083.62
emp_001283,2026-07-01,107860.43,0.07,11748.45
emp_001284,2026-07-01,189721.95,0.12,63141.73
emp_001284,2025-07-01,178982.97,0.12,59567.67
emp_001284,2024-07-01,168851.86,0.12,56195.91
emp_001285,2026-07-01,103924.74,0.07,15266.31
emp_001286,2026-07-01,108919.96,0.07,9003.52
emp_001287,2026-07-01,86545.25,0.05,5955.92
emp_001287,2025-07-01,81646.46,0.05,5618.79
emp_001287,2024-07-01,77024.96,0.05,5300.75
emp_001288,2026-07-01,170846.27,0.12,74132.3
emp_001288,2025-07-01,161175.73,0.12,69936.13
emp_001288,2024-07-01,152052.57,0.12,65977.48
emp_001289,2026-07-01,155868.62,0.1,26529.06
emp_001289,2025-07-01,147045.87,0.1,25027.42
emp_001289,2024-07-01,138722.52,0.1,23610.77
emp_001290,2026-07-01,129719.89,0.1,16859.99
emp_001290,2025-07-01,122377.25,0.1,15905.65
emp_001290,2024-07-01,115450.24,0.1,15005.33
emp_001291,2026-07-01,103102.67,0.07,4772.01
emp_001292,2026-07-01,152538.61,0.15,44204.85
emp_001292,2025-07-01,143904.35,0.15,41702.69
emp_001292,2024-07-01,135758.82,0.15,39342.16
emp_001293,2026-07-01,116229.96,0.07,14327.13
emp_001293,2025-07-01,109650.91,0.07,13516.16
emp_001293,2024-07-01,103444.25,0.07,12751.09
emp_001294,2026-07-01,195940.37,0.12,40828.79
emp_001294,2025-07-01,184849.41,0.12,38517.73
emp_001295,2026-07-01,178618.34,0.2,75680.85
emp_001295,2025-07-01,168507.87,0.2,71397.03
emp_001296,2026-07-01,248342.4,0.15,112365.0
emp_001297,2026-07-01,196139.97,0.2,126256.26
emp_001297,2025-07-01,185037.71,0.2,119109.68
emp_001298,2026-07-01,144185.94,0.15,49176.5
emp_001298,2025-07-01,136024.47,0.15,46392.92
emp_001299,2026-07-01,103451.68,0.07,11553.36
emp_001300,2026-07-01,62747.28,0.05,4745.4
emp_001300,2025-07-01,59195.55,0.05,4476.79
emp_001301,2026-07-01,170931.29,0.1,26629.76
emp_001302,2026-07-01,221846.71,0.15,131588.03
emp_001303,2026-07-01,134021.83,0.07,5557.55
emp_001304,2026-07-01,101692.97,0.07,11166.85
emp_001304,2025-07-01,95936.76,0.07,10534.76
emp_001304,2024-07-01,90506.38,0.07,9938.46
emp_001305,2026-07-01,121098.03,0.07,13479.41
emp_001305,2025-07-01,114243.42,0.07,12716.42
emp_001306,2026-07-01,80080.94,0.05,5699.75
emp_001307,2026-07-01,64745.26,0.05,5720.86
emp_001308,2026-07-01,211767.8,0.2,95743.07
emp_001309,2026-07-01,345043.46,0.25,166874.79
emp_001309,2025-07-01,325512.7,0.25,157429.05
emp_001309,2024-07-01,307087.45,0.25,148517.97
emp_001310,2026-07-01,227074.04,0.2,91852.31
emp_001310,2025-07-01,214220.79,0.2,86653.12
emp_001311,2026-07-01,229249.48,0.25,194873.27
emp_001311,2025-07-01,216273.09,0.25,183842.71
emp_001311,2024-07-01,204031.22,0.25,173436.52
emp_001312,2026-07-01,190807.33,0.2,91735.6
emp_001312,2025-07-01,180006.92,0.2,86543.02
emp_001312,2024-07-01,169817.84,0.2,81644.36
emp_001313,2026-07-01,69147.94,0.05,4558.36
emp_001313,2025-07-01,65233.91,0.05,4300.34
emp_001314,2026-07-01,91798.31,0.07,15732.41
emp_001315,2026-07-01,93036.66,0.07,14624.88
emp_001316,2026-07-01,175427.77,0.2,87105.41
emp_001316,2025-07-01,165497.9,0.2,82174.92
emp_001317,2026-07-01,138345.25,0.1,29083.73
emp_001318,2026-07-01,159531.4,0.12,60763.92
emp_001319,2026-07-01,82638.06,0.07,11703.07
emp_001319,2025-07-01,77960.43,0.07,11040.63
emp_001320,2026-07-01,271225.58,0.2,110187.77
emp_001320,2025-07-01,255873.19,0.2,103950.73
emp_001321,2026-07-01,94159.1,0.25,204372.31
emp_001321,2025-07-01,88829.34,0.25,192804.07
emp_001322,2026-07-01,176911.42,0.12,46387.73
emp_001322,2025-07-01,166897.57,0.12,43762.01
emp_001322,2024-07-01,157450.53,0.12,41284.91
emp_001323,2026-07-01,35728.75,0.07,13066.7
emp_001323,2025-07-01,33706.37,0.07,12327.08
emp_001323,2024-07-01,31798.46,0.07,11629.32
emp_001324,2026-07-01,74463.49,0.07,7840.97
emp_001324,2025-07-01,70248.58,0.07,7397.14
emp_001325,2026-07-01,97017.55,0.07,11369.11
emp_001326,2026-07-01,170001.11,0.2,117034.0
emp_001326,2025-07-01,160378.41,0.2,110409.43
emp_001326,2024-07-01,151300.38,0.2,104159.84
emp_001327,2026-07-01,102594.61,0.07,11891.73
emp_001327,2025-07-01,96787.37,0.07,11218.61
emp_001328,2026-07-01,221993.54,0.2,89456.98
emp_001328,2025-07-01,209427.87,0.2,84393.38
emp_001328,2024-07-01,197573.46,0.2,79616.39
emp_001329,2026-07-01,82920.01,0.07,11775.01
emp_001330,2026-07-01,181902.66,0.12,37764.85
emp_001330,2025-07-01,171606.28,0.12,35627.22
emp_001330,2024-07-01,161892.72,0.12,33610.58
emp_001331,2026-07-01,136438.95,0.1,27465.09
emp_001332,2026-07-01,188808.23,0.1,27757.03
emp_001333,2026-07-01,193584.0,0.12,41190.32
emp_001333,2025-07-01,182626.42,0.12,38858.79
emp_001334,2026-07-01,210977.25,0.2,102680.31
emp_001335,2026-07-01,123299.93,0.1,24267.6
emp_001335,2025-07-01,116320.69,0.1,22893.96
emp_001335,2024-07-01,109736.5,0.1,21598.08
emp_001336,2026-07-01,193086.09,0.12,26894.93
emp_001337,2026-07-01,170215.2,0.1,23866.53
emp_001338,2026-07-01,229528.12,0.2,82590.18
emp_001338,2025-07-01,216535.96,0.2,77915.26
emp_001338,2024-07-01,204279.21,0.2,73504.97
emp_001339,2026-07-01,129281.51,0.1,27818.53
emp_001339,2025-07-01,121963.69,0.1,26243.9
emp_001340,2026-07-01,143967.93,0.15,23451.7
emp_001340,2025-07-01,135818.8,0.15,22124.25
emp_001341,2026-07-01,147512.19,0.12,39960.55
emp_001341,2025-07-01,139162.44,0.12,37698.63
emp_001342,2026-07-01,127827.91,0.1,22339.11
emp_001343,2026-07-01,165610.67,0.1,13512.65
emp_001343,2025-07-01,156236.48,0.1,12747.78
emp_001344,2026-07-01,69833.68,0.05,3973.01
emp_001344,2025-07-01,65880.83,0.05,3748.12
emp_001344,2024-07-01,62151.73,0.05,3535.96
emp_001345,2026-07-01,110346.68,0.07,13121.07
emp_001346,2026-07-01,133355.29,0.1,23726.21
emp_001346,2025-07-01,125806.88,0.1,22383.22
emp_001346,2024-07-01,118685.73,0.1,21116.24
emp_001347,2026-07-01,196519.62,0.12,49945.23
emp_001348,2026-07-01,83081.57,0.05,5004.49
emp_001348,2025-07-01,78378.84,0.05,4721.22
emp_001348,2024-07-01,73942.3,0.05,4453.98
emp_001349,2026-07-01,159069.19,0.15,36757.85
emp_001349,2025-07-01,150065.27,0.15,34677.22
emp_001350,2026-07-01,145036.96,0.07,11742.22
emp_001351,2026-07-01,89498.72,0.05,4677.09
emp_001351,2025-07-01,84432.75,0.05,4412.35
emp_001352,2026-07-01,49972.48,0.1,33631.74
emp_001353,2026-07-01,120248.97,0.07,13769.13
emp_001353,2025-07-01,113442.42,0.07,12989.75
emp_001354,2026-07-01,209136.88,0.15,152660.28
emp_001355,2026-07-01,103426.06,0.07,6032.18
emp_001355,2025-07-01,97571.75,0.07,5690.74
emp_001356,2026-07-01,225047.13,0.15,78529.58
emp_001356,2025-07-01,212308.61,0.15,74084.51
emp_001356,2024-07-01,200291.14,0.15,69891.05
emp_001357,2026-07-01,500081.63,0.55,1344765.76
emp_001357,2025-07-01,471775.12,0.55,1268646.94
emp_001357,2024-07-01,445070.87,0.55,1196836.74
emp_001358,2026-07-01,134414.47,0.1,21821.67
emp_001358,2025-07-01,126806.1,0.1,20586.48
emp_001359,2026-07-01,85447.96,0.05,4515.53
emp_001360,2026-07-01,33757.85,0.07,12105.52
emp_001361,2026-07-01,103085.16,0.07,11932.11
emp_001361,2025-07-01,97250.15,0.07,11256.71
emp_001361,2024-07-01,91745.43,0.07,10619.54
emp_001362,2026-07-01,153729.91,0.1,26716.14
emp_001362,2025-07-01,145028.22,0.1,25203.91
emp_001362,2024-07-01,136819.07,0.1,23777.27
emp_001363,2026-07-01,179489.05,0.15,42381.76
emp_001363,2025-07-01,169329.29,0.15,39982.79
emp_001363,2024-07-01,159744.62,0.15,37719.62
emp_001364,2026-07-01,115027.42,0.1,19594.13
emp_001365,2026-07-01,194378.62,0.15,34999.09
emp_001365,2025-07-01,183376.06,0.15,33018.01
emp_001365,2024-07-01,172996.28,0.15,31149.07
emp_001366,2026-07-01,116348.01,0.07,11953.51
emp_001367,2026-07-01,118746.02,0.07,11548.56
emp_001368,2026-07-01,118443.77,0.07,6487.14
emp_001369,2026-07-01,154404.5,0.1,22673.72
emp_001369,2025-07-01,145664.62,0.1,21390.3
emp_001369,2024-07-01,137419.46,0.1,20179.53
emp_001370,2026-07-01,227784.79,0.12,59164.77
emp_001370,2025-07-01,214891.31,0.12,55815.82
emp_001370,2024-07-01,202727.65,0.12,52656.43
emp_001371,2026-07-01,89427.73,0.07,12633.45
emp_001372,2026-07-01,159789.19,0.15,30725.95
emp_001372,2025-07-01,150744.52,0.15,28986.75
emp_001373,2026-07-01,55165.77,0.05,6156.81
emp_001374,2026-07-01,105248.51,0.07,12029.93
emp_001375,2026-07-01,201886.71,0.12,58792.71
emp_001375,2025-07-01,190459.16,0.12,55464.82
emp_001375,2024-07-01,179678.45,0.12,52325.3
emp_001376,2026-07-01,75695.38,0.05,4207.17
emp_001376,2025-07-01,71410.74,0.05,3969.03
emp_001377,2026-07-01,137636.1,0.12,57557.39
emp_001377,2025-07-01,129845.38,0.12,54299.42
emp_001377,2024-07-01,122495.64,0.12,51225.87
emp_001378,2026-07-01,226710.1,0.2,93424.91
emp_001378,2025-07-01,213877.45,0.2,88136.71
emp_001378,2024-07-01,201771.18,0.2,83147.84
emp_001379,2026-07-01,148451.84,0.1,25367.13
emp_001379,2025-07-01,140048.91,0.1,23931.25
emp_001380,2026-07-01,48957.6,0.1,28613.71
emp_001380,2025-07-01,46186.42,0.1,26994.07
emp_001381,2026-07-01,188861.09,0.12,71041.42
emp_001381,2025-07-01,178170.84,0.12,67020.21
emp_001381,2024-07-01,168085.7,0.12,63226.61
emp_001382,2026-07-01,153387.17,0.2,109438.6
emp_001382,2025-07-01,144704.88,0.2,103243.96
emp_001382,2024-07-01,136514.04,0.2,97399.96
emp_001383,2026-07-01,59752.91,0.05,6182.85
emp_001384,2026-07-01,100909.37,0.07,10792.62
emp_001385,2026-07-01,71128.89,0.05,4346.78
emp_001386,2026-07-01,94657.16,0.05,4052.62
emp_001387,2026-07-01,177669.61,0.1,22781.64
emp_001388,2026-07-01,208092.36,0.12,68903.06
emp_001389,2026-07-01,102978.99,0.07,13111.38
emp_001390,2026-07-01,319448.46,0.25,154602.79
emp_001390,2025-07-01,301366.47,0.25,145851.69
emp_001390,2024-07-01,284307.99,0.25,137595.93
emp_001391,2026-07-01,204260.23,0.12,56844.58
emp_001391,2025-07-01,192698.33,0.12,53626.96
emp_001391,2024-07-01,181790.88,0.12,50591.47
emp_001392,2026-07-01,82219.58,0.07,9937.46
emp_001393,2026-07-01,227204.98,0.2,124665.96
emp_001393,2025-07-01,214344.32,0.2,117609.4
emp_001394,2026-07-01,148591.52,0.1,26006.32
emp_001394,2025-07-01,140180.68,0.1,24534.26
emp_001395,2026-07-01,228310.09,0.12,43174.79
emp_001396,2026-07-01,90943.76,0.07,13247.89
emp_001396,2025-07-01,85796.0,0.07,12498.01
emp_001396,2024-07-01,80939.62,0.07,11790.57
emp_001397,2026-07-01,220831.83,0.2,73319.04
emp_001397,2025-07-01,208331.92,0.2,69168.91
emp_001397,2024-07-01,196539.54,0.2,65253.68
emp_001398,2026-07-01,253457.38,0.2,103227.26
emp_001398,2025-07-01,239110.74,0.2,97384.21
emp_001399,2026-07-01,213651.94,0.2,108539.38
emp_001399,2025-07-01,201558.43,0.2,102395.64
emp_001400,2026-07-01,125083.88,0.1,21150.59
emp_001401,2026-07-01,198324.04,0.15,38529.31
emp_001401,2025-07-01,187098.15,0.15,36348.41
emp_001401,2024-07-01,176507.69,0.15,34290.95
emp_001402,2026-07-01,110192.92,0.07,13162.18
emp_001403,2026-07-01,119568.16,0.07,8465.85
emp_001403,2025-07-01,112800.15,0.07,7986.65
emp_001404,2026-07-01,178265.37,0.12,48467.62
emp_001404,2025-07-01,168174.88,0.12,45724.17
emp_001405,2026-07-01,177940.75,0.15,45987.53
emp_001406,2026-07-01,105320.03,0.25,150034.83
emp_001406,2025-07-01,99358.52,0.25,141542.29
emp_001406,2024-07-01,93734.45,0.25,133530.46
emp_001407,2026-07-01,179273.33,0.1,24603.93
emp_001408,2026-07-01,63998.54,0.05,4285.3
emp_001409,2026-07-01,135749.79,0.1,27012.27
emp_001409,2025-07-01,128065.84,0.1,25483.27
emp_001410,2026-07-01,141553.32,0.07,12194.02
emp_001411,2026-07-01,179345.36,0.12,74994.9
emp_001411,2025-07-01,169193.74,0.12,70749.91
emp_001411,2024-07-01,159616.73,0.12,66745.19
emp_001412,2026-07-01,169829.99,0.12,42234.6
emp_001412,2025-07-01,160216.97,0.12,39843.96
emp_001413,2026-07-01,85316.21,0.05,6365.59
emp_001413,2025-07-01,80486.99,0.05,6005.27
emp_001414,2026-07-01,233355.11,0.12,22352.52
emp_001414,2025-07-01,220146.33,0.12,21087.28
emp_001414,2024-07-01,207685.22,0.12,19893.66
emp_001415,2026-07-01,153099.48,0.15,44217.48
emp_001415,2025-07-01,144433.47,0.15,41714.6
emp_001415,2024-07-01,136257.99,0.15,39353.4
emp_001416,2026-07-01,192794.02,0.15,85994.16
emp_001417,2026-07-01,548860.09,0.55,1177867.93
emp_001417,2025-07-01,517792.54,0.55,1111196.16
emp_001417,2024-07-01,488483.53,0.55,1048298.26
emp_001418,2026-07-01,177646.97,0.1,20316.79
emp_001419,2026-07-01,201687.41,0.15,34825.13
emp_001420,2026-07-01,183830.93,0.1,33807.57
emp_001421,2026-07-01,185139.14,0.15,56365.62
emp_001421,2025-07-01,174659.57,0.15,53175.11
emp_001422,2026-07-01,181975.75,0.15,57115.9
emp_001422,2025-07-01,171675.24,0.15,53882.92
emp_001422,2024-07-01,161957.77,0.15,50832.95
emp_001423,2026-07-01,218292.23,0.15,47982.15
emp_001424,2026-07-01,150003.68,0.1,28399.59
emp_001425,2026-07-01,97503.3,0.07,11021.67
emp_001425,2025-07-01,91984.25,0.07,10397.8
emp_001425,2024-07-01,86777.59,0.07,9809.25
emp_001426,2026-07-01,33946.13,0.07,10583.21
emp_001427,2026-07-01,69827.71,0.05,5985.58
emp_001427,2025-07-01,65875.2,0.05,5646.77
emp_001428,2026-07-01,58413.49,0.12,64932.07
emp_001429,2026-07-01,115330.06,0.07,11492.48
emp_001430,2026-07-01,198258.12,0.15,46882.48
emp_001430,2025-07-01,187035.96,0.15,44228.75
emp_001431,2026-07-01,181341.4,0.15,103877.56
emp_001431,2025-07-01,171076.79,0.15,97997.7
emp_001431,2024-07-01,161393.2,0.15,92450.66
emp_001432,2026-07-01,90118.3,0.05,5265.47
emp_001433,2026-07-01,164687.46,0.15,44223.44
emp_001433,2025-07-01,155365.53,0.15,41720.23
emp_001433,2024-07-01,146571.25,0.15,39358.7
emp_001434,2026-07-01,268446.7,0.25,92880.48
emp_001434,2025-07-01,253251.6,0.25,87623.09
emp_001434,2024-07-01,238916.61,0.25,82663.3
emp_001435,2026-07-01,88704.77,0.07,9695.94
emp_001435,2025-07-01,83683.75,0.07,9147.11
emp_001436,2026-07-01,183041.29,0.15,39032.23
emp_001437,2026-07-01,183091.41,0.1,24816.9
emp_001437,2025-07-01,172727.75,0.1,23412.17
emp_001437,2024-07-01,162950.7,0.1,22086.95
emp_001438,2026-07-01,170694.34,0.15,31413.06
emp_001438,2025-07-01,161032.4,0.15,29634.96
emp_001438,2024-07-01,151917.35,0.15,27957.51
emp_001439,2026-07-01,147587.32,0.1,29527.33
emp_001440,2026-07-01,212983.49,0.12,36679.9
emp_001441,2026-07-01,85544.35,0.07,11298.78
emp_001442,2026-07-01,116031.47,0.07,11926.15
emp_001442,2025-07-01,109463.65,0.07,11251.08
emp_001442,2024-07-01,103267.6,0.07,10614.23
emp_001443,2026-07-01,118595.48,0.1,28875.4
emp_001443,2025-07-01,111882.53,0.1,27240.94
emp_001444,2026-07-01,195870.18,0.15,42291.2
emp_001444,2025-07-01,184783.19,0.15,39897.36
emp_001445,2026-07-01,121754.04,0.1,20636.13
emp_001446,2026-07-01,317612.31,0.35,307396.02
emp_001446,2025-07-01,299634.25,0.35,289996.25
emp_001446,2024-07-01,282673.83,0.35,273581.36
emp_001447,2026-07-01,37556.83,0.07,10866.04
emp_001447,2025-07-01,35430.97,0.07,10250.98
emp_001447,2024-07-01,33425.44,0.07,9670.74
emp_001448,2026-07-01,168822.61,0.15,38396.31
emp_001448,2025-07-01,159266.61,0.15,36222.93
emp_001448,2024-07-01,150251.52,0.15,34172.58
emp_001449,2026-07-01,70186.16,0.05,2808.16
emp_001449,2025-07-01,66213.36,0.05,2649.21
emp_001449,2024-07-01,62465.43,0.05,2499.25
emp_001450,2026-07-01,65170.78,0.05,4240.68
emp_001450,2025-07-01,61481.87,0.05,4000.64
emp_001450,2024-07-01,58001.76,0.05,3774.19
emp_001451,2026-07-01,92559.08,0.05,4309.48
emp_001452,2026-07-01,183387.22,0.1,36417.91
emp_001453,2026-07-01,138578.69,0.1,29612.32
emp_001454,2026-07-01,130093.64,0.1,16367.58
emp_001454,2025-07-01,122729.85,0.1,15441.11
emp_001455,2026-07-01,71457.79,0.05,2126.44
emp_001456,2026-07-01,174859.42,0.15,44473.88
emp_001457,2026-07-01,172768.34,0.1,22253.13
emp_001457,2025-07-01,162989.0,0.1,20993.52
emp_001457,2024-07-01,153763.21,0.1,19805.21
emp_001458,2026-07-01,248178.84,0.2,79915.56
emp_001458,2025-07-01,234130.98,0.2,75392.04
emp_001458,2024-07-01,220878.28,0.2,71124.56
emp_001459,2026-07-01,463612.78,0.35,520500.66
emp_001459,2025-07-01,437370.55,0.35,491038.36
emp_001459,2024-07-01,412613.72,0.35,463243.73
emp_001460,2026-07-01,276707.26,0.2,111057.61
emp_001460,2025-07-01,261044.58,0.2,104771.33
emp_001460,2024-07-01,246268.48,0.2,98840.88
emp_001461,2026-07-01,114420.32,0.07,16713.26
emp_001461,2025-07-01,107943.7,0.07,15767.23
emp_001461,2024-07-01,101833.68,0.07,14874.74
emp_001462,2026-07-01,69585.09,0.05,4484.75
emp_001463,2026-07-01,91600.26,0.05,5375.07
emp_001464,2026-07-01,174912.33,0.15,46167.34
emp_001464,2025-07-01,165011.63,0.15,43554.09
emp_001464,2024-07-01,155671.35,0.15,41088.77
emp_001465,2026-07-01,147589.02,0.12,54998.74
emp_001466,2026-07-01,226762.33,0.2,62194.31
emp_001466,2025-07-01,213926.73,0.2,58673.88
emp_001467,2026-07-01,138487.48,0.1,24836.71
emp_001467,2025-07-01,130648.57,0.1,23430.86
emp_001467,2024-07-01,123253.36,0.1,22104.58
emp_001468,2026-07-01,154431.67,0.1,20622.85
emp_001468,2025-07-01,145690.25,0.1,19455.52
emp_001469,2026-07-01,121516.35,0.07,7864.09
emp_001470,2026-07-01,292239.58,0.25,152171.68
emp_001471,2026-07-01,229838.95,0.25,150116.96
emp_001471,2025-07-01,216829.2,0.25,141619.77
emp_001471,2024-07-01,204555.85,0.25,133603.56
emp_001472,2026-07-01,153439.32,0.15,44349.55
emp_001472,2025-07-01,144754.08,0.15,41839.2
emp_001472,2024-07-01,136560.45,0.15,39470.94
emp_001473,2026-07-01,167658.58,0.12,61210.56
emp_001473,2025-07-01,158168.47,0.12,57745.81
emp_001474,2026-07-01,64821.34,0.05,5898.34
emp_001474,2025-07-01,61152.21,0.05,5564.47
emp_001474,2024-07-01,57690.76,0.05,5249.5
emp_001475,2026-07-01,70406.25,0.05,5705.02
emp_001476,2026-07-01,30000.0,0.05,4057.28
emp_001476,2025-07-01,28301.89,0.05,3827.62
emp_001477,2026-07-01,68040.83,0.05,4667.3
emp_001478,2026-07-01,177438.45,0.1,16567.78
emp_001478,2025-07-01,167394.76,0.1,15629.98
emp_001478,2024-07-01,157919.59,0.1,14745.27
emp_001479,2026-07-01,108293.73,0.1,22877.96
emp_001479,2025-07-01,102163.9,0.1,21582.98
emp_001479,2024-07-01,96381.03,0.1,20361.3
emp_001480,2026-07-01,271734.34,0.2,86099.54
emp_001480,2025-07-01,256353.15,0.2,81225.98
emp_001481,2026-07-01,205648.22,0.12,60115.97
emp_001481,2025-07-01,194007.75,0.12,56713.18
emp_001481,2024-07-01,183026.18,0.12,53503.0
emp_001482,2026-07-01,127586.43,0.1,24217.55
emp_001482,2025-07-01,120364.56,0.1,22846.75
emp_001483,2026-07-01,62397.07,0.05,5013.34
emp_001483,2025-07-01,58865.16,0.05,4729.57
emp_001483,2024-07-01,55533.17,0.05,4461.85
emp_001484,2026-07-01,70898.73,0.05,4560.23
emp_001485,2026-07-01,479244.47,0.35,463371.45
emp_001485,2025-07-01,452117.42,0.35,437142.88
emp_001485,2024-07-01,426525.87,0.35,412398.94
emp_001486,2026-07-01,119583.55,0.1,22381.25
emp_001486,2025-07-01,112814.67,0.1,21114.39
emp_001486,2024-07-01,106428.93,0.1,19919.23
emp_001487,2026-07-01,127401.34,0.1,25496.97
emp_001487,2025-07-01,120189.94,0.1,24053.75
emp_001487,2024-07-01,113386.74,0.1,22692.21
emp_001488,2026-07-01,270253.16,0.25,234790.05
emp_001488,2025-07-01,254955.81,0.25,221500.05
emp_001488,2024-07-01,240524.35,0.25,208962.31
emp_001489,2026-07-01,196592.75,0.2,95131.41
emp_001489,2025-07-01,185464.86,0.2,89746.61
emp_001489,2024-07-01,174966.85,0.2,84666.62
emp_001490,2026-07-01,154911.79,0.15,28450.12
emp_001490,2025-07-01,146143.2,0.15,26839.74
emp_001490,2024-07-01,137870.94,0.15,25320.51
emp_001491,2026-07-01,80287.6,0.05,4093.55
emp_001491,2025-07-01,75743.02,0.05,3861.84
emp_001492,2026-07-01,221609.61,0.15,130154.36
emp_001492,2025-07-01,209065.67,0.15,122787.13
emp_001492,2024-07-01,197231.76,0.15,115836.92
emp_001493,2026-07-01,129138.37,0.07,10597.23
emp_001493,2025-07-01,121828.65,0.07,9997.39
emp_001493,2024-07-01,114932.69,0.07,9431.5
emp_001494,2026-07-01,128535.11,0.1,16585.71
emp_001494,2025-07-01,121259.54,0.1,15646.9
emp_001495,2026-07-01,90163.65,0.07,9383.6
emp_001496,2026-07-01,96104.5,0.05,4257.86
emp_001496,2025-07-01,90664.62,0.05,4016.85
emp_001496,2024-07-01,85532.66,0.05,3789.48
emp_001497,2026-07-01,156025.74,0.12,53452.52
emp_001497,2025-07-01,147194.09,0.12,50426.91
emp_001498,2026-07-01,182862.61,0.15,47132.26
emp_001499,2026-07-01,163703.54,0.1,22371.93
emp_001499,2025-07-01,154437.3,0.1,21105.59
emp_001500,2026-07-01,138387.31,0.1,30693.83
emp_001500,2025-07-01,130554.07,0.1,28956.44
emp_001501,2026-07-01,57034.46,0.15,44274.35
emp_001501,2025-07-01,53806.09,0.15,41768.25
emp_001501,2024-07-01,50760.47,0.15,39404.01
emp_001502,2026-07-01,68387.09,0.07,15581.63
emp_001502,2025-07-01,64516.12,0.07,14699.65
emp_001502,2024-07-01,60864.27,0.07,13867.6
emp_001503,2026-07-01,159167.55,0.15,40812.98
emp_001503,2025-07-01,150158.07,0.15,38502.81
emp_001503,2024-07-01,141658.55,0.15,36323.41
emp_001504,2026-07-01,86798.65,0.07,11995.29
emp_001504,2025-07-01,81885.52,0.07,11316.31
emp_001505,2026-07-01,100965.68,0.07,15916.81
emp_001506,2026-07-01,180925.99,0.12,61924.08
emp_001506,2025-07-01,170684.9,0.12,58418.94
emp_001507,2026-07-01,267410.74,0.25,215967.56
emp_001507,2025-07-01,252274.28,0.25,203742.98
emp_001508,2026-07-01,154173.26,0.1,27377.44
emp_001509,2026-07-01,345088.11,0.25,196674.47
emp_001509,2025-07-01,325554.82,0.25,185541.95
emp_001510,2026-07-01,127191.81,0.1,25171.44
emp_001511,2026-07-01,89058.07,0.07,14150.3
emp_001511,2025-07-01,84017.05,0.07,13349.34
emp_001512,2026-07-01,133132.52,0.1,34039.19
emp_001512,2025-07-01,125596.72,0.1,32112.44
emp_001513,2026-07-01,150755.58,0.12,49362.67
emp_001513,2025-07-01,142222.25,0.12,46568.56
emp_001514,2026-07-01,80322.78,0.05,6254.93
emp_001514,2025-07-01,75776.21,0.05,5900.88
emp_001515,2026-07-01,71288.36,0.05,6386.38
emp_001516,2026-07-01,80454.28,0.07,10806.26
emp_001517,2026-07-01,126050.82,0.15,38440.86
emp_001517,2025-07-01,118915.87,0.15,36264.96
emp_001517,2024-07-01,112184.78,0.15,34212.23
emp_001518,2026-07-01,130363.39,0.15,42407.58
emp_001519,2026-07-01,145686.42,0.1,33248.94
emp_001520,2026-07-01,126867.47,0.1,31115.03
emp_001520,2025-07-01,119686.29,0.1,29353.8
emp_001520,2024-07-01,112911.6,0.1,27692.27
emp_001521,2026-07-01,164008.4,0.12,63902.24
emp_001522,2026-07-01,123609.97,0.1,22598.41
emp_001522,2025-07-01,116613.18,0.1,21319.25
emp_001522,2024-07-01,110012.43,0.1,20112.5
emp_001523,2026-07-01,86800.03,0.07,7935.99
emp_001524,2026-07-01,145144.9,0.15,25656.76
emp_001524,2025-07-01,136929.15,0.15,24204.49
emp_001525,2026-07-01,140366.07,0.15,38053.16
emp_001525,2025-07-01,132420.82,0.15,35899.21
emp_001526,2026-07-01,212045.66,0.2,94935.74
emp_001526,2025-07-01,200043.08,0.2,89562.02
emp_001526,2024-07-01,188719.88,0.2,84492.47
emp_001527,2026-07-01,86634.03,0.05,4472.88
emp_001527,2025-07-01,81730.22,0.05,4219.7
emp_001527,2024-07-01,77103.98,0.05,3980.85
emp_001528,2026-07-01,297359.73,0.25,207031.76
emp_001528,2025-07-01,280528.05,0.25,195312.98
emp_001528,2024-07-01,264649.1,0.25,184257.53
emp_001529,2026-07-01,70339.19,0.05,4432.77
emp_001530,2026-07-01,225179.56,0.15,127638.81
emp_001531,2026-07-01,236581.38,0.25,130278.99
emp_001531,2025-07-01,223189.98,0.25,122904.71
emp_001531,2024-07-01,210556.59,0.25,115947.84
emp_001532,2026-07-01,225730.87,0.2,89806.43
emp_001532,2025-07-01,212953.65,0.2,84723.05
emp_001533,2026-07-01,104230.95,0.1,22140.03
emp_001533,2025-07-01,98331.08,0.1,20886.82
emp_001533,2024-07-01,92765.17,0.1,19704.55
emp_001534,2026-07-01,74980.71,0.05,5379.88
emp_001535,2026-07-01,156442.89,0.1,25394.93
emp_001536,2026-07-01,169355.28,0.1,29938.64
emp_001537,2026-07-01,88246.27,0.07,16457.24
emp_001537,2025-07-01,83251.2,0.07,15525.7
emp_001537,2024-07-01,78538.87,0.07,14646.89
emp_001538,2026-07-01,35980.61,0.07,11362.63
emp_001538,2025-07-01,33943.97,0.07,10719.46
emp_001539,2026-07-01,30000.0,0.05,3697.37
emp_001539,2025-07-01,28301.89,0.05,3488.08
emp_001540,2026-07-01,75217.22,0.05,5968.2
emp_001541,2026-07-01,160892.65,0.1,28599.42
emp_001541,2025-07-01,151785.52,0.1,26980.58
emp_001542,2026-07-01,206811.62,0.2,47950.23
emp_001542,2025-07-01,195105.3,0.2,45236.07
emp_001543,2026-07-01,60265.46,0.05,5634.51
emp_001544,2026-07-01,104892.19,0.07,16011.88
emp_001544,2025-07-01,98954.9,0.07,15105.55
emp_001545,2026-07-01,202733.14,0.2,63264.81
emp_001545,2025-07-01,191257.68,0.2,59683.78
emp_001546,2026-07-01,97602.85,0.07,8482.2
emp_001546,2025-07-01,92078.16,0.07,8002.08
emp_001546,2024-07-01,86866.19,0.07,7549.13
emp_001547,2026-07-01,190294.09,0.12,51675.39
emp_001547,2025-07-01,179522.73,0.12,48750.37
emp_001547,2024-07-01,169361.06,0.12,45990.91
emp_001548,2026-07-01,158341.67,0.15,45164.43
emp_001548,2025-07-01,149378.93,0.15,42607.95
emp_001548,2024-07-01,140923.52,0.15,40196.18
emp_001549,2026-07-01,89418.41,0.05,3466.93
emp_001550,2026-07-01,83081.13,0.07,11527.92
emp_001551,2026-07-01,208120.92,0.15,95570.79
emp_001551,2025-07-01,196340.49,0.15,90161.12
emp_001552,2026-07-01,100769.33,0.07,13129.99
emp_001552,2025-07-01,95065.41,0.07,12386.78
emp_001552,2024-07-01,89684.34,0.07,11685.64
emp_001553,2026-07-01,106786.12,0.07,13621.44
emp_001554,2026-07-01,236951.44,0.25,204165.06
emp_001554,2025-07-01,223539.09,0.25,192608.55
emp_001555,2026-07-01,64943.67,0.05,4947.43
emp_001555,2025-07-01,61267.61,0.05,4667.39
emp_001555,2024-07-01,57799.64,0.05,4403.2
emp_001556,2026-07-01,211516.83,0.2,110772.12
emp_001556,2025-07-01,199544.18,0.2,104502.0
emp_001557,2026-07-01,94104.25,0.07,7545.8
emp_001557,2025-07-01,88777.59,0.07,7118.68
emp_001557,2024-07-01,83752.45,0.07,6715.74
emp_001558,2026-07-01,84997.34,0.05,6990.59
emp_001558,2025-07-01,80186.17,0.05,6594.9
emp_001559,2026-07-01,156853.92,0.2,87563.43
emp_001559,2025-07-01,147975.4,0.2,82607.01
emp_001560,2026-07-01,43047.37,0.1,25678.75
emp_001560,2025-07-01,40610.73,0.1,24225.24
emp_001560,2024-07-01,38312.01,0.1,22854.0
emp_001561,2026-07-01,147692.82,0.1,20598.76
emp_001562,2026-07-01,91769.34,0.05,4645.33
emp_001563,2026-07-01,136123.29,0.07,15012.67
emp_001563,2025-07-01,128418.2,0.07,14162.9
emp_001563,2024-07-01,121149.24,0.07,13361.22
emp_001564,2026-07-01,151868.05,0.1,22451.86
emp_001564,2025-07-01,143271.75,0.1,21181.0
emp_001564,2024-07-01,135162.02,0.1,19982.08
emp_001565,2026-07-01,188407.3,0.15,53735.73
emp_001565,2025-07-01,177742.74,0.15,50694.08
emp_001565,2024-07-01,167681.83,0.15,47824.61
emp_001566,2026-07-01,70193.76,0.05,4048.9
emp_001567,2026-07-01,96934.88,0.07,13751.74
emp_001567,2025-07-01,91448.0,0.07,12973.34
emp_001567,2024-07-01,86271.7,0.07,12239.0
emp_001568,2026-07-01,301959.88,0.25,201448.86
emp_001568,2025-07-01,284867.81,0.25,190046.09
emp_001569,2026-07-01,268295.47,0.25,201648.81
emp_001569,2025-07-01,253108.93,0.25,190234.73
emp_001569,2024-07-01,238782.01,0.25,179466.72
emp_001570,2026-07-01,194200.38,0.2,69981.35
emp_001570,2025-07-01,183207.91,0.2,66020.14
emp_001570,2024-07-01,172837.65,0.2,62283.15
emp_001571,2026-07-01,165309.27,0.1,22420.31
emp_001571,2025-07-01,155952.14,0.1,21151.24
emp_001572,2026-07-01,106364.85,0.1,28870.93
emp_001572,2025-07-01,100344.2,0.1,27236.73
emp_001572,2024-07-01,94664.34,0.1,25695.02
emp_001573,2026-07-01,80633.9,0.07,10166.26
emp_001573,2025-07-01,76069.72,0.07,9590.81
emp_001573,2024-07-01,71763.88,0.07,9047.94
emp_001574,2026-07-01,157240.37,0.15,42164.19
emp_001574,2025-07-01,148339.97,0.15,39777.54
emp_001574,2024-07-01,139943.37,0.15,37525.98
emp_001575,2026-07-01,145151.32,0.1,16668.39
emp_001575,2025-07-01,136935.21,0.1,15724.9
emp_001576,2026-07-01,112253.08,0.07,11077.41
emp_001576,2025-07-01,105899.13,0.07,10450.39
emp_001577,2026-07-01,135693.73,0.15,51249.61
emp_001577,2025-07-01,128012.95,0.15,48348.69
emp_001577,2024-07-01,120766.94,0.15,45611.97
emp_001578,2026-07-01,70840.89,0.05,4292.44
emp_001579,2026-07-01,170130.49,0.15,42062.07
emp_001580,2026-07-01,96844.46,0.07,11042.15
emp_001581,2026-07-01,197988.83,0.15,117347.01
emp_001581,2025-07-01,186781.92,0.15,110704.73
emp_001581,2024-07-01,176209.35,0.15,104438.42
emp_001582,2026-07-01,168361.51,0.1,33206.92
emp_001583,2026-07-01,119111.7,0.1,20348.91
emp_001584,2026-07-01,212724.65,0.2,96093.98
emp_001585,2026-07-01,175491.5,0.1,20171.41
emp_001586,2026-07-01,150265.71,0.1,19915.57
emp_001586,2025-07-01,141760.1,0.1,18788.27
emp_001586,2024-07-01,133735.95,0.1,17724.79
emp_001587,2026-07-01,39258.6,0.1,18868.2
emp_001587,2025-07-01,37036.42,0.1,17800.19
emp_001587,2024-07-01,34940.01,0.1,16792.63
emp_001588,2026-07-01,99029.91,0.07,11701.75
emp_001589,2026-07-01,116485.88,0.07,5440.5
emp_001590,2026-07-01,174015.58,0.15,89710.88
emp_001591,2026-07-01,149396.15,0.12,51773.68
emp_001591,2025-07-01,140939.76,0.12,48843.09
emp_001591,2024-07-01,132962.04,0.12,46078.39
emp_001592,2026-07-01,66076.57,0.05,4838.88
emp_001592,2025-07-01,62336.39,0.05,4564.98
emp_001592,2024-07-01,58807.91,0.05,4306.59
emp_001593,2026-07-01,272352.9,0.2,94424.05
emp_001593,2025-07-01,256936.7,0.2,89079.29
emp_001593,2024-07-01,242393.11,0.2,84037.07
emp_001594,2026-07-01,71419.42,0.05,4609.86
emp_001595,2026-07-01,115053.9,0.07,17250.02
emp_001595,2025-07-01,108541.42,0.07,16273.6
emp_001596,2026-07-01,148855.26,0.12,42409.98
emp_001596,2025-07-01,140429.49,0.12,40009.42
emp_001597,2026-07-01,130277.17,0.1,26746.89
emp_001597,2025-07-01,122902.99,0.1,25232.92
emp_001598,2026-07-01,118465.08,0.07,10111.06
emp_001599,2026-07-01,156115.65,0.1,33856.76
emp_001599,2025-07-01,147278.92,0.1,31940.34
emp_001599,2024-07-01,138942.37,0.1,30132.4
emp_001600,2026-07-01,86870.4,0.07,11247.45
emp_001601,2026-07-01,148646.69,0.15,33623.89
emp_001601,2025-07-01,140232.73,0.15,31720.65
emp_001601,2024-07-01,132295.02,0.15,29925.14
emp_001602,2026-07-01,350895.61,0.25,165119.5
emp_001602,2025-07-01,331033.59,0.25,155773.11
emp_001603,2026-07-01,67761.21,0.05,5302.73
emp_001604,2026-07-01,91913.96,0.07,11463.0
emp_001605,2026-07-01,59648.67,0.05,5489.69
emp_001605,2025-07-01,56272.33,0.05,5178.95
emp_001605,2024-07-01,53087.1,0.05,4885.8
emp_001606,2026-07-01,193982.26,0.2,68295.89
emp_001606,2025-07-01,183002.13,0.2,64430.08
emp_001607,2026-07-01,153104.65,0.15,34327.1
emp_001608,2026-07-01,147359.92,0.12,32030.89
emp_001608,2025-07-01,139018.79,0.12,30217.82
emp_001608,2024-07-01,131149.8,0.12,28507.38
emp_001609,2026-07-01,226358.47,0.2,83920.5
emp_001609,2025-07-01,213545.73,0.2,79170.28
emp_001609,2024-07-01,201458.23,0.2,74688.95
emp_001610,2026-07-01,108472.26,0.1,26973.72
emp_001611,2026-07-01,198050.81,0.15,52863.48
emp_001611,2025-07-01,186840.39,0.15,49871.21
emp_001612,2026-07-01,162440.95,0.1,25935.3
emp_001613,2026-07-01,154651.84,0.1,26742.16
emp_001613,2025-07-01,145897.96,0.1,25228.45
emp_001614,2026-07-01,136996.78,0.1,26016.28
emp_001614,2025-07-01,129242.25,0.1,24543.66
emp_001615,2026-07-01,142860.69,0.1,24059.56
emp_001615,2025-07-01,134774.24,0.1,22697.7
emp_001615,2024-07-01,127145.51,0.1,21412.92
emp_001616,2026-07-01,83727.23,0.07,13543.83
emp_001616,2025-07-01,78987.95,0.07,12777.2
emp_001616,2024-07-01,74516.94,0.07,12053.96
emp_001617,2026-07-01,71064.85,0.05,4311.5
emp_001618,2026-07-01,125300.46,0.07,15675.16
emp_001619,2026-07-01,210471.15,0.2,54383.57
emp_001620,2026-07-01,193954.07,0.15,86840.64
emp_001620,2025-07-01,182975.54,0.15,81925.13
emp_001620,2024-07-01,172618.43,0.15,77287.86
emp_001621,2026-07-01,131678.26,0.1,22944.89
emp_001622,2026-07-01,187100.97,0.12,68175.97
emp_001623,2026-07-01,141224.73,0.1,27268.49
emp_001623,2025-07-01,133230.88,0.1,25724.99
emp_001624,2026-07-01,118337.74,0.07,15985.45
emp_001624,2025-07-01,111639.38,0.07,15080.61
emp_001624,2024-07-01,105320.17,0.07,14226.99
emp_001625,2026-07-01,116692.29,0.07,12716.86
emp_001625,2025-07-01,110087.07,0.07,11997.04
emp_001626,2026-07-01,145373.37,0.12,42291.63
emp_001626,2025-07-01,137144.69,0.12,39897.76
emp_001627,2026-07-01,131897.64,0.07,8223.22
emp_001628,2026-07-01,196389.41,0.2,101562.37
emp_001628,2025-07-01,185273.03,0.2,95813.56
emp_001628,2024-07-01,174785.88,0.2,90390.15
emp_001629,2026-07-01,159363.69,0.12,37491.56
emp_001629,2025-07-01,150343.1,0.12,35369.4
emp_001629,2024-07-01,141833.12,0.12,33367.35
emp_001630,2026-07-01,158434.08,0.15,46029.05
emp_001630,2025-07-01,149466.11,0.15,43423.63
emp_001630,2024-07-01,141005.77,0.15,40965.69
emp_001631,2026-07-01,282841.9,0.2,82258.59
emp_001631,2025-07-01,266831.98,0.2,77602.44
emp_001632,2026-07-01,74407.36,0.05,5861.55
emp_001632,2025-07-01,70195.62,0.05,5529.76
emp_001632,2024-07-01,66222.29,0.05,5216.76
emp_001633,2026-07-01,78933.08,0.05,4924.47
emp_001634,2026-07-01,154413.85,0.12,45816.28
emp_001635,2026-07-01,150882.46,0.15,36659.11
emp_001635,2025-07-01,142341.94,0.15,34584.07
emp_001635,2024-07-01,134284.85,0.15,32626.48
emp_001636,2026-07-01,142293.53,0.15,47072.33
emp_001636,2025-07-01,134239.18,0.15,44407.86
emp_001637,2026-07-01,176349.33,0.12,56308.41
emp_001637,2025-07-01,166367.29,0.12,53121.14
emp_001637,2024-07-01,156950.28,0.12,50114.28
emp_001638,2026-07-01,95071.99,0.07,13056.2
emp_001639,2026-07-01,148569.38,0.12,70283.25
emp_001639,2025-07-01,140159.79,0.12,66304.95
emp_001639,2024-07-01,132226.22,0.12,62551.84
emp_001640,2026-07-01,160953.94,0.15,37927.63
emp_001640,2025-07-01,151843.34,0.15,35780.78
emp_001641,2026-07-01,84147.67,0.05,4934.85
emp_001642,2026-07-01,188240.03,0.15,81763.39
emp_001643,2026-07-01,115632.01,0.07,14467.03
emp_001644,2026-07-01,105126.9,0.07,9964.49
emp_001644,2025-07-01,99176.32,0.07,9400.46
emp_001645,2026-07-01,150846.26,0.15,49501.53
emp_001645,2025-07-01,142307.79,0.15,46699.56
emp_001645,2024-07-01,134252.63,0.15,44056.19
emp_001646,2026-07-01,106172.14,0.07,12414.63
emp_001647,2026-07-01,59335.41,0.05,5632.17
emp_001647,2025-07-01,55976.8,0.05,5313.37
emp_001647,2024-07-01,52808.3,0.05,5012.61
emp_001648,2026-07-01,94464.23,0.07,14708.27
emp_001649,2026-07-01,132572.12,0.1,24778.93
emp_001649,2025-07-01,125068.04,0.1,23376.35
emp_001649,2024-07-01,117988.71,0.1,22053.16
emp_001650,2026-07-01,140466.79,0.12,44116.98
emp_001650,2025-07-01,132515.84,0.12,41619.79
emp_001650,2024-07-01,125014.94,0.12,39263.96
emp_001651,2026-07-01,132495.47,0.07,12419.42
emp_001652,2026-07-01,133932.43,0.1,29552.27
emp_001653,2026-07-01,140568.23,0.1,26602.57
emp_001653,2025-07-01,132611.54,0.1,25096.76
emp_001653,2024-07-01,125105.22,0.1,23676.19
emp_001654,2026-07-01,121777.91,0.07,10627.46
emp_001654,2025-07-01,114884.82,0.07,10025.91
emp_001654,2024-07-01,108381.91,0.07,9458.4
emp_001655,2026-07-01,144188.15,0.15,61804.01
emp_001655,2025-07-01,136026.56,0.15,58305.67
emp_001656,2026-07-01,163153.99,0.1,25251.43
emp_001657,2026-07-01,213996.35,0.15,37335.35
emp_001658,2026-07-01,155313.68,0.15,39458.54
emp_001659,2026-07-01,316776.88,0.25,166243.11
emp_001659,2025-07-01,298846.11,0.25,156833.12
emp_001659,2024-07-01,281930.3,0.25,147955.78
emp_001660,2026-07-01,202146.64,0.2,62810.38
emp_001660,2025-07-01,190704.38,0.2,59255.08
emp_001660,2024-07-01,179909.79,0.2,55901.01
emp_001661,2026-07-01,223051.49,0.2,87461.56
emp_001661,2025-07-01,210425.93,0.2,82510.91
emp_001662,2026-07-01,154054.65,0.1,23591.64
emp_001663,2026-07-01,183478.72,0.12,33665.86
emp_001663,2025-07-01,173093.13,0.12,31760.25
emp_001663,2024-07-01,163295.41,0.12,29962.5
emp_001664,2026-07-01,127183.14,0.1,18794.59
emp_001665,2026-07-01,80522.49,0.05,4881.99
emp_001665,2025-07-01,75964.61,0.05,4605.65
emp_001665,2024-07-01,71664.73,0.05,4344.95
emp_001666,2026-07-01,138381.1,0.1,23907.28
emp_001667,2026-07-01,206704.42,0.15,53000.07
emp_001667,2025-07-01,195004.17,0.15,50000.07
emp_001667,2024-07-01,183966.2,0.15,47169.87
emp_001668,2026-07-01,46367.08,0.1,31355.86
emp_001669,2026-07-01,93097.81,0.07,10271.15
emp_001669,2025-07-01,87828.12,0.07,9689.76
emp_001669,2024-07-01,82856.72,0.07,9141.29
emp_001670,2026-07-01,67558.11,0.2,68633.58
emp_001670,2025-07-01,63734.07,0.2,64748.66
emp_001670,2024-07-01,60126.48,0.2,61083.64
emp_001671,2026-07-01,75171.97,0.05,3826.49
emp_001672,2026-07-01,204302.3,0.2,63948.82
emp_001672,2025-07-01,192738.02,0.2,60329.08
emp_001672,2024-07-01,181828.32,0.2,56914.22
emp_001673,2026-07-01,106824.62,0.07,14424.31
emp_001674,2026-07-01,30000.0,0.07,10978.32
emp_001675,2026-07-01,88558.46,0.05,6023.09
emp_001675,2025-07-01,83545.72,0.05,5682.16
emp_001675,2024-07-01,78816.71,0.05,5360.53
emp_001676,2026-07-01,63443.87,0.05,4950.13
emp_001676,2025-07-01,59852.71,0.05,4669.93
emp_001676,2024-07-01,56464.82,0.05,4405.6
emp_001677,2026-07-01,71263.26,0.2,102282.68
emp_001677,2025-07-01,67229.49,0.2,96493.09
emp_001677,2024-07-01,63424.05,0.2,91031.22
emp_001678,2026-07-01,77079.83,0.05,5689.55
emp_001678,2025-07-01,72716.82,0.05,5367.5
emp_001678,2024-07-01,68600.77,0.05,5063.68
emp_001679,2026-07-01,115628.35,0.07,9684.38
emp_001680,2026-07-01,246948.51,0.15,114161.73
emp_001681,2026-07-01,104971.02,0.07,10215.59
emp_001681,2025-07-01,99029.26,0.07,9637.35
emp_001681,2024-07-01,93423.83,0.07,9091.84
emp_001682,2026-07-01,115703.41,0.07,12339.93
emp_001682,2025-07-01,109154.16,0.07,11641.44
emp_001682,2024-07-01,102975.62,0.07,10982.49
emp_001683,2026-07-01,108526.32,0.07,13907.66
emp_001684,2026-07-01,217796.39,0.12,70014.23
emp_001684,2025-07-01,205468.29,0.12,66051.16
emp_001685,2026-07-01,127516.56,0.1,30103.38
emp_001686,2026-07-01,223903.57,0.15,116866.59
emp_001686,2025-07-01,211229.78,0.15,110251.5
emp_001686,2024-07-01,199273.38,0.15,104010.85
emp_001687,2026-07-01,137680.52,0.2,91318.18
emp_001687,2025-07-01,129887.28,0.2,86149.23
emp_001687,2024-07-01,122535.17,0.2,81272.86
emp_001688,2026-07-01,184026.14,0.12,53728.88
emp_001689,2026-07-01,80289.32,0.07,13164.48
emp_001690,2026-07-01,134799.71,0.1,29905.97
emp_001691,2026-07-01,139628.08,0.1,24248.81
emp_001692,2026-07-01,191915.07,0.2,84434.93
emp_001692,2025-07-01,181051.95,0.2,79655.59
emp_001692,2024-07-01,170803.73,0.2,75146.79
emp_001693,2026-07-01,147202.58,0.1,33224.69
emp_001694,2026-07-01,53088.73,0.05,5143.12
emp_001695,2026-07-01,172637.24,0.1,24515.38
emp_001695,2025-07-01,162865.32,0.1,23127.72
emp_001695,2024-07-01,153646.53,0.1,21818.6
emp_001696,2026-07-01,79884.56,0.05,4163.8
emp_001697,2026-07-01,189028.88,0.15,63060.4
emp_001697,2025-07-01,178329.13,0.15,59490.94
emp_001698,2026-07-01,65586.63,0.05,3701.48
emp_001699,2026-07-01,170140.81,0.15,127212.81
emp_001700,2026-07-01,85638.15,0.05,4041.38
emp_001700,2025-07-01,80790.71,0.05,3812.62
emp_001701,2026-07-01,153914.51,0.1,30592.89
emp_001702,2026-07-01,68984.77,0.07,14112.33
emp_001703,2026-07-01,164598.65,0.15,51041.85
emp_001703,2025-07-01,155281.75,0.15,48152.69
emp_001703,2024-07-01,146492.21,0.15,45427.06
emp_001704,2026-07-01,228446.81,0.2,66796.52
emp_001704,2025-07-01,215515.86,0.2,63015.58
emp_001705,2026-07-01,69303.9,0.05,5510.13
emp_001706,2026-07-01,124408.08,0.1,25843.88
emp_001707,2026-07-01,153828.6,0.12,69997.36
emp_001707,2025-07-01,145121.32,0.12,66035.25
emp_001708,2026-07-01,93157.56,0.07,13654.97
emp_001708,2025-07-01,87884.49,0.07,12882.05
emp_001708,2024-07-01,82909.9,0.07,12152.87
emp_001709,2026-07-01,77825.25,0.05,6654.21
emp_001710,2026-07-01,145416.48,0.1,25955.84
emp_001710,2025-07-01,137185.36,0.1,24486.64
emp_001711,2026-07-01,186953.63,0.12,64319.81
emp_001711,2025-07-01,176371.35,0.12,60679.07
emp_001712,2026-07-01,56060.81,0.05,6553.53
emp_001712,2025-07-01,52887.56,0.05,6182.58
emp_001712,2024-07-01,49893.92,0.05,5832.62
emp_001713,2026-07-01,162202.13,0.1,25316.99
emp_001714,2026-07-01,64774.12,0.05,5226.76
emp_001714,2025-07-01,61107.66,0.05,4930.91
emp_001714,2024-07-01,57648.74,0.05,4651.8
emp_001715,2026-07-01,186812.69,0.12,70152.61
emp_001716,2026-07-01,63667.31,0.05,5673.62
emp_001716,2025-07-01,60063.5,0.05,5352.47
emp_001717,2026-07-01,162651.82,0.15,34240.73
emp_001717,2025-07-01,153445.11,0.15,32302.58
emp_001718,2026-07-01,233608.67,0.15,161429.63
emp_001719,2026-07-01,148150.21,0.1,28240.79
emp_001719,2025-07-01,139764.35,0.1,26642.25
emp_001719,2024-07-01,131853.16,0.1,25134.2
emp_001720,2026-07-01,115160.53,0.1,24228.38
emp_001720,2025-07-01,108642.01,0.1,22856.96
emp_001721,2026-07-01,185232.14,0.15,25834.99
emp_001722,2026-07-01,176396.3,0.1,34144.82
emp_001723,2026-07-01,88457.0,0.07,11706.03
emp_001724,2026-07-01,201882.72,0.12,42629.85
emp_001725,2026-07-01,120215.94,0.07,10554.66
emp_001726,2026-07-01,59134.35,0.05,4777.84
emp_001727,2026-07-01,136763.65,0.1,23367.38
emp_001728,2026-07-01,161296.69,0.1,26568.08
emp_001729,2026-07-01,64783.55,0.05,4791.63
emp_001730,2026-07-01,101730.37,0.07,10365.06
emp_001730,2025-07-01,95972.05,0.07,9778.36
emp_001731,2026-07-01,146074.03,0.1,16410.16
emp_001731,2025-07-01,137805.69,0.1,15481.28
emp_001731,2024-07-01,130005.37,0.1,14604.98
emp_001732,2026-07-01,222496.61,0.2,95766.75
emp_001732,2025-07-01,209902.46,0.2,90345.99
emp_001733,2026-07-01,197277.17,0.15,48793.81
emp_001733,2025-07-01,186110.54,0.15,46031.9
emp_001733,2024-07-01,175575.98,0.15,43426.32
emp_001734,2026-07-01,103407.21,0.07,11559.89
emp_001735,2026-07-01,32292.13,0.07,9541.54
emp_001735,2025-07-01,30464.27,0.07,9001.45
emp_001735,2024-07-01,28739.88,0.07,8491.94
emp_001736,2026-07-01,168660.84,0.12,66410.79
emp_001736,2025-07-01,159114.0,0.12,62651.69
emp_001736,2024-07-01,150107.55,0.12,59105.37
emp_001737,2026-07-01,169206.67,0.2,78775.41
emp_001737,2025-07-01,159628.93,0.2,74316.42
emp_001738,2026-07-01,74830.29,0.05,5324.16
emp_001739,2026-07-01,127540.78,0.07,13792.53
emp_001739,2025-07-01,120321.49,0.07,13011.82
emp_001739,2024-07-01,113510.84,0.07,12275.3
emp_001740,2026-07-01,113058.4,0.07,9569.24
emp_001741,2026-07-01,243574.49,0.25,210403.62
emp_001741,2025-07-01,229787.25,0.25,198493.98
emp_001741,2024-07-01,216780.43,0.25,187258.47
emp_001742,2026-07-01,169881.08,0.15,39945.43
emp_001743,2026-07-01,188017.79,0.15,42443.9
emp_001743,2025-07-01,177375.27,0.15,40041.42
emp_001743,2024-07-01,167335.16,0.15,37774.92
emp_001744,2026-07-01,125506.93,0.1,25280.78
emp_001745,2026-07-01,171506.04,0.1,31937.84
emp_001746,2026-07-01,66776.59,0.05,5682.92
emp_001747,2026-07-01,139747.85,0.1,29168.22
emp_001747,2025-07-01,131837.59,0.1,27517.19
emp_001747,2024-07-01,124375.09,0.1,25959.61
emp_001748,2026-07-01,236013.94,0.2,73354.52
emp_001748,2025-07-01,222654.66,0.2,69202.38
emp_001748,2024-07-01,210051.57,0.2,65285.26
emp_001749,2026-07-01,77521.99,0.05,3938.13
emp_001749,2025-07-01,73133.95,0.05,3715.22
emp_001749,2024-07-01,68994.3,0.05,3504.92
emp_001750,2026-07-01,73155.56,0.05,3738.49
emp_001750,2025-07-01,69014.68,0.05,3526.88
emp_001751,2026-07-01,102877.68,0.07,11063.89
emp_001751,2025-07-01,97054.42,0.07,10437.63
emp_001752,2026-07-01,240403.14,0.15,120538.31
emp_001752,2025-07-01,226795.42,0.15,113715.39
emp_001752,2024-07-01,213957.94,0.15,107278.67
emp_001753,2026-07-01,251805.63,0.25,222034.86
emp_001753,2025-07-01,237552.48,0.25,209466.85
emp_001753,2024-07-01,224106.11,0.25,197610.23
emp_001754,2026-07-01,119585.34,0.1,25505.52
emp_001754,2025-07-01,112816.36,0.1,24061.81
emp_001755,2026-07-01,91277.9,0.07,10777.31
emp_001755,2025-07-01,86111.23,0.07,10167.27
emp_001755,2024-07-01,81237.01,0.07,9591.77
emp_001756,2026-07-01,141008.6,0.15,34497.89
emp_001756,2025-07-01,133026.98,0.15,32545.18
emp_001756,2024-07-01,125497.15,0.15,30703.0
emp_001757,2026-07-01,119241.83,0.07,17152.11
emp_001758,2026-07-01,123808.29,0.07,5349.52
emp_001759,2026-07-01,59043.0,0.05,6001.72
emp_001760,2026-07-01,137775.12,0.1,21888.21
emp_001761,2026-07-01,116947.32,0.07,16271.48
emp_001762,2026-07-01,83089.7,0.05,3537.23
emp_001763,2026-07-01,330559.79,0.25,172077.66
emp_001763,2025-07-01,311848.86,0.25,162337.42
emp_001763,2024-07-01,294197.04,0.25,153148.5
emp_001764,2026-07-01,86872.87,0.07,11508.16
emp_001764,2025-07-01,81955.54,0.07,10856.75
emp_001764,2024-07-01,77316.55,0.07,10242.22
emp_001765,2026-07-01,210470.96,0.2,107469.66
emp_001766,2026-07-01,84492.24,0.05,6073.14
emp_001767,2026-07-01,108149.6,0.1,29369.13
emp_001767,2025-07-01,102027.92,0.1,27706.73
emp_001768,2026-07-01,82439.35,0.05,4813.22
emp_001769,2026-07-01,148264.66,0.1,26453.81
emp_001770,2026-07-01,130158.3,0.1,27543.9
emp_001771,2026-07-01,118757.43,0.1,26484.25
emp_001772,2026-07-01,110238.58,0.07,12513.88
emp_001773,2026-07-01,172314.35,0.15,51631.58
emp_001773,2025-07-01,162560.71,0.15,48709.04
emp_001773,2024-07-01,153359.16,0.15,45951.92
emp_001774,2026-07-01,187184.24,0.15,44945.69
emp_001774,2025-07-01,176588.91,0.15,42401.59
emp_001774,2024-07-01,166593.31,0.15,40001.5
emp_001775,2026-07-01,270284.1,0.2,82108.12
emp_001775,2025-07-01,254985.0,0.2,77460.49
emp_001775,2024-07-01,240551.89,0.2,73075.93
emp_001776,2026-07-01,54591.35,0.05,3044.1
emp_001777,2026-07-01,107186.52,0.07,12357.82
emp_001778,2026-07-01,142798.53,0.12,64142.3
emp_001778,2025-07-01,134715.59,0.12,60511.6
emp_001779,2026-07-01,200888.24,0.15,28063.16
emp_001780,2026-07-01,83412.36,0.07,10256.01
emp_001781,2026-07-01,146825.35,0.1,25889.53
emp_001782,2026-07-01,157718.92,0.1,18924.08
emp_001783,2026-07-01,207800.41,0.15,90513.3
emp_001783,2025-07-01,196038.12,0.15,85389.91
emp_001783,2024-07-01,184941.63,0.15,80556.51
emp_001784,2026-07-01,52951.45,0.12,51101.59
emp_001785,2026-07-01,147244.09,0.12,49475.23
emp_001785,2025-07-01,138909.52,0.12,46674.75
emp_001786,2026-07-01,155997.81,0.12,44177.82
emp_001786,2025-07-01,147167.75,0.12,41677.19
emp_001786,2024-07-01,138837.5,0.12,39318.1
emp_001787,2026-07-01,106621.59,0.07,13045.32
emp_001787,2025-07-01,100586.41,0.07,12306.91
emp_001787,2024-07-01,94892.84,0.07,11610.29
emp_001788,2026-07-01,78371.92,0.05,5532.16
emp_001789,2026-07-01,138922.38,0.12,31593.19
emp_001790,2026-07-01,215263.48,0.15,98813.71
emp_001791,2026-07-01,108137.73,0.07,11812.04
emp_001791,2025-07-01,102016.73,0.07,11143.43
emp_001791,2024-07-01,96242.19,0.07,10512.67
emp_001792,2026-07-01,123279.83,0.1,19937.91
emp_001792,2025-07-01,116301.73,0.1,18809.35
emp_001793,2026-07-01,133286.83,0.1,28906.59
emp_001794,2026-07-01,151070.74,0.15,40959.14
emp_001794,2025-07-01,142519.57,0.15,38640.7
emp_001794,2024-07-01,134452.42,0.15,36453.49
emp_001795,2026-07-01,158433.69,0.12,70446.92
emp_001795,2025-07-01,149465.75,0.12,66459.36
emp_001795,2024-07-01,141005.42,0.12,62697.51
emp_001796,2026-07-01,224867.33,0.25,202125.78
emp_001796,2025-07-01,212138.99,0.25,190684.7
emp_001797,2026-07-01,141858.42,0.1,22313.47
emp_001798,2026-07-01,88806.04,0.05,5698.55
emp_001798,2025-07-01,83779.28,0.05,5375.99
emp_001798,2024-07-01,79037.06,0.05,5071.69
emp_001799,2026-07-01,151430.64,0.1,20872.97
emp_001799,2025-07-01,142859.09,0.1,19691.48
emp_001799,2024-07-01,134772.73,0.1,18576.87
emp_001800,2026-07-01,248166.47,0.2,107123.13
emp_001800,2025-07-01,234119.31,0.2,101059.56
emp_001800,2024-07-01,220867.27,0.2,95339.2
emp_001801,2026-07-01,108744.61,0.07,9612.91
emp_001802,2026-07-01,172659.04,0.12,42218.96
emp_001802,2025-07-01,162885.89,0.12,39829.21
emp_001802,2024-07-01,153665.93,0.12,37574.72
emp_001803,2026-07-01,270524.43,0.25,142009.85
emp_001803,2025-07-01,255211.73,0.25,133971.56
emp_001803,2024-07-01,240765.78,0.25,126388.26
emp_001804,2026-07-01,249978.01,0.15,80855.95
emp_001804,2025-07-01,235828.31,0.15,76279.2
emp_001805,2026-07-01,75977.69,0.05,6786.37
emp_001806,2026-07-01,122879.64,0.1,27592.02
emp_001807,2026-07-01,267174.6,0.2,75328.41
emp_001807,2025-07-01,252051.51,0.2,71064.54
emp_001807,2024-07-01,237784.44,0.2,67042.02
emp_001808,2026-07-01,130530.6,0.1,27145.44
emp_001809,2026-07-01,379662.03,0.35,266092.09
emp_001809,2025-07-01,358171.73,0.35,251030.27
emp_001809,2024-07-01,337897.86,0.35,236821.01
emp_001810,2026-07-01,85229.97,0.07,12102.67
emp_001810,2025-07-01,80405.63,0.07,11417.61
emp_001811,2026-07-01,63952.97,0.05,4515.67
emp_001811,2025-07-01,60332.99,0.05,4260.07
emp_001812,2026-07-01,92990.04,0.07,15783.47
emp_001813,2026-07-01,171851.25,0.12,64272.59
emp_001813,2025-07-01,162123.82,0.12,60634.52
emp_001814,2026-07-01,120434.49,0.1,23686.65
emp_001814,2025-07-01,113617.44,0.1,22345.9
emp_001814,2024-07-01,107186.27,0.1,21081.03
emp_001815,2026-07-01,121983.82,0.1,24155.37
emp_001815,2025-07-01,115079.08,0.1,22788.08
emp_001816,2026-07-01,174101.23,0.1,31924.1
emp_001816,2025-07-01,164246.44,0.1,30117.08
emp_001817,2026-07-01,161109.01,0.15,49156.15
emp_001817,2025-07-01,151989.63,0.15,46373.73
emp_001818,2026-07-01,132539.55,0.1,21767.37
emp_001818,2025-07-01,125037.31,0.1,20535.25
emp_001818,2024-07-01,117959.73,0.1,19372.88
emp_001819,2026-07-01,136937.81,0.12,63177.82
emp_001819,2025-07-01,129186.61,0.12,59601.72
emp_001820,2026-07-01,133655.87,0.1,28188.18
emp_001821,2026-07-01,135597.16,0.07,12098.85
emp_001822,2026-07-01,74253.23,0.05,5808.11
emp_001822,2025-07-01,70050.22,0.05,5479.35
emp_001823,2026-07-01,133529.03,0.07,10714.4
emp_001823,2025-07-01,125970.78,0.07,10107.92
emp_001824,2026-07-01,50634.65,0.15,37749.96
emp_001825,2026-07-01,150485.49,0.1,15249.88
emp_001825,2025-07-01,141967.44,0.1,14386.68
emp_001826,2026-07-01,64136.24,0.05,6175.17
emp_001827,2026-07-01,43206.86,0.15,39212.66
emp_001828,2026-07-01,146814.61,0.15,57208.46
emp_001828,2025-07-01,138504.35,0.15,53970.25
emp_001828,2024-07-01,130664.48,0.15,50915.33
emp_001829,2026-07-01,134194.64,0.1,21793.44
emp_001829,2025-07-01,126598.72,0.1,20559.85
emp_001829,2024-07-01,119432.75,0.1,19396.08
emp_001830,2026-07-01,167479.52,0.15,33567.86
emp_001831,2026-07-01,100204.42,0.07,13696.82
emp_001832,2026-07-01,198765.55,0.15,114114.67
emp_001832,2025-07-01,187514.67,0.15,107655.35
emp_001833,2026-07-01,406681.43,0.35,428869.96
emp_001833,2025-07-01,383661.73,0.35,404594.3
emp_001834,2026-07-01,152555.83,0.1,24093.04
emp_001834,2025-07-01,143920.59,0.1,22729.28
emp_001834,2024-07-01,135774.15,0.1,21442.72
emp_001835,2026-07-01,76041.25,0.05,4460.98
emp_001835,2025-07-01,71737.03,0.05,4208.47
emp_001835,2024-07-01,67676.44,0.05,3970.26
emp_001836,2026-07-01,138116.81,0.1,24265.8
emp_001836,2025-07-01,130298.88,0.1,22892.26
emp_001836,2024-07-01,122923.47,0.1,21596.48
emp_001837,2026-07-01,80239.6,0.05,4167.52
emp_001837,2025-07-01,75697.74,0.05,3931.62
emp_001838,2026-07-01,99122.1,0.1,22640.19
emp_001839,2026-07-01,316612.42,0.25,176656.88
emp_001839,2025-07-01,298690.96,0.25,166657.43
emp_001839,2024-07-01,281783.93,0.25,157223.99
emp_001840,2026-07-01,156363.28,0.1,26944.62
emp_001840,2025-07-01,147512.53,0.1,25419.45
emp_001840,2024-07-01,139162.76,0.1,23980.62
emp_001841,2026-07-01,89356.45,0.07,12777.78
emp_001842,2026-07-01,234810.0,0.2,136614.73
emp_001842,2025-07-01,221518.87,0.2,128881.82
emp_001842,2024-07-01,208980.06,0.2,121586.62
emp_001843,2026-07-01,30000.0,0.05,5259.25
emp_001843,2025-07-01,28301.89,0.05,4961.56
emp_001844,2026-07-01,417668.56,0.35,389281.14
emp_001844,2025-07-01,394026.94,0.35,367246.36
emp_001844,2024-07-01,371723.53,0.35,346458.83
emp_001845,2026-07-01,99949.45,0.1,30100.14
emp_001846,2026-07-01,106537.85,0.07,11565.53
emp_001847,2026-07-01,139164.98,0.15,35241.45
emp_001847,2025-07-01,131287.72,0.15,33246.65
emp_001848,2026-07-01,170121.01,0.15,64339.93
emp_001849,2026-07-01,67577.16,0.05,4541.54
emp_001850,2026-07-01,147157.17,0.1,26394.63
emp_001850,2025-07-01,138827.52,0.1,24900.59
emp_001850,2024-07-01,130969.36,0.1,23491.13
emp_001851,2026-07-01,254953.47,0.15,124452.27
emp_001851,2025-07-01,240522.14,0.15,117407.8
emp_001851,2024-07-01,226907.68,0.15,110762.08
emp_001852,2026-07-01,131249.73,0.07,12436.04
emp_001852,2025-07-01,123820.5,0.07,11732.11
emp_001853,2026-07-01,114724.59,0.07,11339.58
emp_001853,2025-07-01,108230.75,0.07,10697.72
emp_001854,2026-07-01,82597.24,0.05,6768.09
emp_001854,2025-07-01,77921.92,0.05,6384.99
emp_001854,2024-07-01,73511.25,0.05,6023.58
emp_001855,2026-07-01,237450.14,0.2,104172.94
emp_001855,2025-07-01,224009.57,0.2,98276.36
emp_001856,2026-07-01,72282.82,0.05,5500.09
emp_001856,2025-07-01,68191.34,0.05,5188.76
emp_001856,2024-07-01,64331.45,0.05,4895.06
emp_001857,2026-07-01,132204.63,0.1,31289.38
emp_001857,2025-07-01,124721.35,0.1,29518.28
emp_001858,2026-07-01,82018.84,0.05,5103.27
emp_001858,2025-07-01,77376.26,0.05,4814.41
emp_001859,2026-07-01,105906.84,0.07,16664.39
emp_001859,2025-07-01,99912.11,0.07,15721.12
emp_001859,2024-07-01,94256.71,0.07,14831.25
emp_001860,2026-07-01,123048.98,0.07,14979.32
emp_001861,2026-07-01,155724.72,0.2,91183.19
emp_001861,2025-07-01,146910.11,0.2,86021.88
emp_001862,2026-07-01,107785.9,0.07,12159.36
emp_001863,2026-07-01,194411.11,0.12,71838.09
emp_001863,2025-07-01,183406.71,0.12,67771.78
emp_001863,2024-07-01,173025.2,0.12,63935.64
emp_001864,2026-07-01,220287.5,0.15,40021.23
emp_001864,2025-07-01,207818.4,0.15,37755.88
emp_001865,2026-07-01,138183.29,0.1,23477.1
emp_001865,2025-07-01,130361.59,0.1,22148.21
emp_001866,2026-07-01,54882.62,0.05,5616.17
emp_001867,2026-07-01,132309.99,0.1,32089.67
emp_001867,2025-07-01,124820.75,0.1,30273.27
emp_001868,2026-07-01,154043.76,0.1,30885.81
emp_001869,2026-07-01,137397.78,0.1,22513.61
emp_001870,2026-07-01,74408.76,0.05,4400.41
emp_001871,2026-07-01,111770.73,0.07,12123.42
emp_001872,2026-07-01,106729.94,0.07,7370.97
emp_001872,2025-07-01,100688.62,0.07,6953.75
emp_001872,2024-07-01,94989.27,0.07,6560.14
emp_001873,2026-07-01,151774.35,0.1,26305.4
emp_001874,2026-07-01,135259.7,0.1,24963.48
emp_001874,2025-07-01,127603.49,0.1,23550.45
emp_001875,2026-07-01,106651.8,0.07,12009.91
emp_001876,2026-07-01,149972.05,0.1,22999.03
emp_001876,2025-07-01,141483.07,0.1,21697.2
emp_001876,2024-07-01,133474.59,0.1,20469.05
emp_001877,2026-07-01,65909.99,0.05,4726.69
emp_001877,2025-07-01,62179.24,0.05,4459.14
emp_001877,2024-07-01,58659.66,0.05,4206.74
emp_001878,2026-07-01,153072.54,0.12,69878.4
emp_001879,2026-07-01,111792.79,0.1,24684.95
emp_001880,2026-07-01,78088.31,0.05,4325.35
emp_001881,2026-07-01,175052.78,0.15,120365.02
emp_001881,2025-07-01,165144.13,0.15,113551.91
emp_001881,2024-07-01,155796.35,0.15,107124.44
emp_001882,2026-07-01,129718.0,0.07,12442.4
emp_001883,2026-07-01,168739.45,0.2,102987.67
emp_001883,2025-07-01,159188.16,0.2,97158.18
emp_001883,2024-07-01,150177.51,0.2,91658.66
emp_001884,2026-07-01,189923.68,0.15,41650.87
emp_001884,2025-07-01,179173.28,0.15,39293.27
emp_001885,2026-07-01,71587.52,0.05,3794.55
emp_001885,2025-07-01,67535.4,0.05,3579.76
emp_001886,2026-07-01,249355.46,0.15,124487.81
emp_001886,2025-07-01,235241.0,0.15,117441.33
emp_001886,2024-07-01,221925.47,0.15,110793.71
emp_001887,2026-07-01,130905.61,0.15,34388.36
emp_001887,2025-07-01,123495.86,0.15,32441.85
emp_001888,2026-07-01,80616.27,0.07,13451.3
emp_001888,2025-07-01,76053.08,0.07,12689.91
emp_001888,2024-07-01,71748.19,0.07,11971.61
emp_001889,2026-07-01,59480.28,0.05,5964.63
emp_001890,2026-07-01,154680.46,0.15,47496.28
emp_001890,2025-07-01,145924.96,0.15,44807.81
emp_001891,2026-07-01,135039.09,0.1,25299.73
emp_001892,2026-07-01,108406.43,0.07,12271.86
emp_001892,2025-07-01,102270.22,0.07,11577.23
emp_001892,2024-07-01,96481.34,0.07,10921.91
emp_001893,2026-07-01,88619.93,0.07,13548.02
emp_001894,2026-07-01,87233.4,0.05,4052.5
emp_001895,2026-07-01,156045.51,0.15,49567.15
emp_001895,2025-07-01,147212.75,0.15,46761.46
emp_001896,2026-07-01,155127.17,0.15,52297.27
emp_001897,2026-07-01,121806.09,0.1,31088.27
emp_001897,2025-07-01,114911.41,0.1,29328.56
emp_001898,2026-07-01,74390.44,0.05,4869.0
emp_001899,2026-07-01,149990.93,0.12,70934.38
emp_001900,2026-07-01,137913.85,0.1,27147.83
emp_001900,2025-07-01,130107.41,0.1,25611.16
emp_001900,2024-07-01,122742.84,0.1,24161.47
emp_001901,2026-07-01,218949.57,0.15,128854.31
emp_001901,2025-07-01,206556.2,0.15,121560.67
emp_001902,2026-07-01,169079.01,0.15,40418.79
emp_001903,2026-07-01,126205.98,0.07,12955.78
emp_001904,2026-07-01,78497.63,0.05,6393.26
emp_001905,2026-07-01,480613.48,0.35,436014.26
emp_001905,2025-07-01,453408.94,0.35,411334.21
emp_001905,2024-07-01,427744.29,0.35,388051.14
emp_001906,2026-07-01,236959.75,0.15,115431.26
emp_001907,2026-07-01,75024.74,0.05,4838.36
emp_001908,2026-07-01,211529.25,0.15,67334.61
emp_001908,2025-07-01,199555.9,0.15,63523.22
emp_001908,2024-07-01,188260.28,0.15,59927.56
emp_001909,2026-07-01,175865.4,0.12,56842.11
emp_001909,2025-07-01,165910.75,0.12,53624.63
emp_001909,2024-07-01,156519.58,0.12,50589.28
emp_001910,2026-07-01,54311.48,0.12,51401.45
emp_001910,2025-07-01,51237.25,0.12,48491.93
emp_001910,2024-07-01,48337.02,0.12,45747.11
emp_001911,2026-07-01,46248.39,0.1,24688.12
emp_001911,2025-07-01,43630.56,0.1,23290.68
emp_001911,2024-07-01,41160.9,0.1,21972.34
emp_001912,2026-07-01,238644.52,0.2,78225.51
emp_001912,2025-07-01,225136.34,0.2,73797.65
emp_001913,2026-07-01,144910.52,0.1,15775.95
emp_001913,2025-07-01,136708.04,0.1,14882.97
emp_001914,2026-07-01,228143.36,0.15,81918.02
emp_001914,2025-07-01,215229.58,0.15,77281.15
emp_001914,2024-07-01,203046.78,0.15,72906.75
emp_001915,2026-07-01,64671.21,0.05,5861.32
emp_001915,2025-07-01,61010.58,0.05,5529.55
emp_001915,2024-07-01,57557.15,0.05,5216.55
emp_001916,2026-07-01,53177.99,0.15,50170.89
emp_001916,2025-07-01,50167.92,0.15,47331.03
emp_001916,2024-07-01,47328.22,0.15,44651.91
emp_001917,2026-07-01,144689.69,0.15,49806.28
emp_001917,2025-07-01,136499.71,0.15,46987.06
emp_001917,2024-07-01,128773.31,0.15,44327.41
emp_001918,2026-07-01,186982.48,0.2,80369.82
emp_001918,2025-07-01,176398.57,0.2,75820.58
emp_001918,2024-07-01,166413.74,0.2,71528.85
emp_001919,2026-07-01,85519.07,0.05,4438.01
emp_001920,2026-07-01,147162.78,0.1,24136.72
emp_001921,2026-07-01,108244.96,0.07,10442.49
emp_001921,2025-07-01,102117.89,0.07,9851.41
emp_001921,2024-07-01,96337.63,0.07,9293.78
emp_001922,2026-07-01,205950.86,0.12,68337.8
emp_001923,2026-07-01,92029.26,0.07,9243.27
emp_001923,2025-07-01,86820.06,0.07,8720.07
emp_001924,2026-07-01,196185.41,0.15,52264.97
emp_001925,2026-07-01,155860.34,0.1,20283.62
emp_001925,2025-07-01,147038.06,0.1,19135.49
emp_001925,2024-07-01,138715.15,0.1,18052.35
emp_001926,2026-07-01,118931.96,0.07,13830.98
emp_001927,2026-07-01,170116.43,0.12,66040.7
emp_001928,2026-07-01,213085.82,0.2,84249.36
emp_001928,2025-07-01,201024.36,0.2,79480.53
emp_001928,2024-07-01,189645.62,0.2,74981.63
emp_001929,2026-07-01,174580.96,0.12,65372.57
emp_001929,2025-07-01,164699.02,0.12,61672.24
emp_001929,2024-07-01,155376.43,0.12,58181.35
emp_001930,2026-07-01,91223.09,0.07,14062.49
emp_001931,2026-07-01,151932.49,0.1,36026.46
emp_001932,2026-07-01,175138.71,0.15,26529.67
emp_001933,2026-07-01,124315.24,0.1,28574.1
emp_001933,2025-07-01,117278.53,0.1,26956.7
emp_001933,2024-07-01,110640.12,0.1,25430.85
emp_001934,2026-07-01,266357.86,0.25,177164.35
emp_001934,2025-07-01,251281.0,0.25,167136.18
emp_001934,2024-07-01,237057.55,0.25,157675.64
emp_001935,2026-07-01,64787.44,0.05,5046.83
emp_001935,2025-07-01,61120.23,0.05,4761.16
emp_001935,2024-07-01,57660.59,0.05,4491.66
emp_001936,2026-07-01,109329.56,0.07,11962.95
emp_001937,2026-07-01,118960.76,0.07,10938.12
emp_001937,2025-07-01,112227.13,0.07,10318.98
emp_001938,2026-07-01,56264.94,0.05,5456.5
emp_001939,2026-07-01,73676.79,0.15,89173.16
emp_001939,2025-07-01,69506.41,0.15,84125.62
emp_001940,2026-07-01,180867.16,0.15,33574.34
emp_001940,2025-07-01,170629.4,0.15,31673.91
emp_001940,2024-07-01,160971.13,0.15,29881.04
emp_001941,2026-07-01,78146.89,0.05,5927.78
emp_001942,2026-07-01,172660.41,0.2,88870.41
emp_001942,2025-07-01,162887.18,0.2,83840.01
emp_001943,2026-07-01,129528.0,0.1,27254.26
emp_001944,2026-07-01,243974.78,0.25,235776.55
emp_001944,2025-07-01,230164.89,0.25,222430.71
emp_001944,2024-07-01,217136.69,0.25,209840.29
emp_001945,2026-07-01,109703.9,0.07,7922.82
emp_001946,2026-07-01,87918.38,0.07,14300.85
emp_001947,2026-07-01,210309.58,0.15,118549.78
emp_001947,2025-07-01,198405.26,0.15,111839.42
emp_001947,2024-07-01,187174.78,0.15,105508.88
emp_001948,2026-07-01,95046.39,0.05,5163.92
emp_001949,2026-07-01,80012.89,0.07,11611.95
emp_001950,2026-07-01,117378.25,0.07,13230.87
emp_001950,2025-07-01,110734.2,0.07,12481.95
emp_001950,2024-07-01,104466.22,0.07,11775.43
emp_001951,2026-07-01,188361.52,0.2,99925.02
emp_001951,2025-07-01,177699.55,0.2,94268.89
emp_001951,2024-07-01,167641.08,0.2,88932.91
emp_001952,2026-07-01,95394.39,0.07,14928.37
emp_001952,2025-07-01,89994.71,0.07,14083.37
emp_001953,2026-07-01,166054.06,0.12,69502.57
emp_001954,2026-07-01,125758.68,0.07,14376.47
emp_001954,2025-07-01,118640.26,0.07,13562.71
emp_001955,2026-07-01,102261.91,0.1,32532.46
emp_001955,2025-07-01,96473.5,0.1,30691.0
emp_001955,2024-07-01,91012.74,0.1,28953.77
emp_001956,2026-07-01,49158.31,0.05,5445.14
emp_001957,2026-07-01,106673.59,0.07,10931.53
emp_001957,2025-07-01,100635.46,0.07,10312.76
emp_001957,2024-07-01,94939.12,0.07,9729.02
emp_001958,2026-07-01,65305.24,0.05,3864.72
emp_001958,2025-07-01,61608.72,0.05,3645.96
emp_001958,2024-07-01,58121.43,0.05,3439.59
emp_001959,2026-07-01,119863.44,0.1,19915.79
emp_001960,2026-07-01,151037.02,0.12,79775.61
emp_001960,2025-07-01,142487.75,0.12,75260.01
emp_001960,2024-07-01,134422.41,0.12,71000.01
emp_001961,2026-07-01,224130.91,0.2,77215.4
emp_001962,2026-07-01,392290.73,0.35,365634.51
emp_001962,2025-07-01,370085.59,0.35,344938.22
emp_001962,2024-07-01,349137.35,0.35,325413.41
emp_001963,2026-07-01,250179.39,0.15,146208.96
emp_001964,2026-07-01,208611.37,0.12,76359.29
emp_001964,2025-07-01,196803.18,0.12,72037.07
emp_001965,2026-07-01,97851.75,0.05,4189.3
emp_001966,2026-07-01,317744.31,0.35,273644.65
emp_001966,2025-07-01,299758.78,0.35,258155.33
emp_001966,2024-07-01,282791.3,0.35,243542.76
emp_001967,2026-07-01,100240.86,0.07,15368.7
emp_001968,2026-07-01,90219.39,0.07,12195.31
emp_001968,2025-07-01,85112.63,0.07,11505.01
emp_001968,2024-07-01,80294.94,0.07,10853.78
emp_001969,2026-07-01,176092.81,0.12,61662.41
emp_001969,2025-07-01,166125.29,0.12,58172.08
emp_001969,2024-07-01,156721.97,0.12,54879.33
emp_001970,2026-07-01,148647.39,0.1,22948.21
emp_001971,2026-07-01,87524.5,0.07,11417.76
emp_001971,2025-07-01,82570.28,0.07,10771.47
emp_001971,2024-07-01,77896.49,0.07,10161.77
emp_001972,2026-07-01,153034.5,0.1,30582.61
emp_001972,2025-07-01,144372.17,0.1,28851.52
emp_001973,2026-07-01,174063.8,0.15,37917.1
emp_001973,2025-07-01,164211.13,0.15,35770.85
emp_001973,2024-07-01,154916.16,0.15,33746.08
emp_001974,2026-07-01,141649.46,0.1,23268.67
emp_001975,2026-07-01,113337.16,0.1,18835.61
emp_001975,2025-07-01,106921.85,0.1,17769.44
emp_001976,2026-07-01,219261.14,0.2,99483.6
emp_001976,2025-07-01,206850.13,0.2,93852.45
emp_001976,2024-07-01,195141.63,0.2,88540.05
emp_001977,2026-07-01,89638.1,0.07,12673.89
emp_001977,2025-07-01,84564.25,0.07,11956.5
emp_001977,2024-07-01,79777.59,0.07,11279.72
emp_001978,2026-07-01,138492.06,0.12,53011.52
emp_001979,2026-07-01,132555.4,0.1,17525.18
emp_001979,2025-07-01,125052.26,0.1,16533.19
emp_001980,2026-07-01,109645.19,0.1,26291.74
emp_001980,2025-07-01,103438.86,0.1,24803.53
emp_001980,2024-07-01,97583.83,0.1,23399.56
emp_001981,2026-07-01,79163.97,0.05,4926.27
emp_001981,2025-07-01,74682.99,0.05,4647.42
emp_001982,2026-07-01,117539.97,0.15,44525.02
emp_001982,2025-07-01,110886.76,0.15,42004.74
emp_001983,2026-07-01,56114.99,0.05,4776.44
emp_001984,2026-07-01,61886.55,0.05,4208.08
emp_001985,2026-07-01,30000.0,0.07,13824.97
emp_001985,2025-07-01,28301.89,0.07,13042.42
emp_001985,2024-07-01,26699.89,0.07,12304.17
emp_001986,2026-07-01,157239.62,0.15,55067.31
emp_001986,2025-07-01,148339.26,0.15,51950.29
emp_001986,2024-07-01,139942.7,0.15,49009.71
emp_001987,2026-07-01,192675.46,0.15,111343.79
emp_001987,2025-07-01,181769.3,0.15,105041.31
emp_001988,2026-07-01,66227.26,0.05,3344.73
emp_001988,2025-07-01,62478.55,0.05,3155.41
emp_001988,2024-07-01,58942.03,0.05,2976.8
emp_001989,2026-07-01,76571.41,0.05,4199.44
emp_001989,2025-07-01,72237.18,0.05,3961.74
emp_001989,2024-07-01,68148.28,0.05,3737.49
emp_001990,2026-07-01,63676.7,0.05,5054.44
emp_001991,2026-07-01,66011.7,0.05,4213.73
emp_001991,2025-07-01,62275.19,0.05,3975.22
emp_001992,2026-07-01,57370.98,0.05,4107.77
emp_001993,2026-07-01,30854.61,0.07,16425.52
emp_001993,2025-07-01,29108.12,0.07,15495.77
emp_001993,2024-07-01,27460.49,0.07,14618.65
emp_001994,2026-07-01,109536.96,0.1,28346.01
emp_001994,2025-07-01,103336.75,0.1,26741.52
emp_001994,2024-07-01,97487.5,0.1,25227.85
emp_001995,2026-07-01,114368.07,0.07,8917.4
emp_001995,2025-07-01,107894.41,0.07,8412.64
emp_001996,2026-07-01,156319.83,0.15,28068.88
emp_001996,2025-07-01,147471.54,0.15,26480.08
emp_001997,2026-07-01,134588.9,0.1,22451.99
emp_001998,2026-07-01,108616.85,0.07,9192.63
emp_001999,2026-07-01,202937.84,0.15,135395.49
emp_001999,2025-07-01,191450.79,0.15,127731.59
emp_001999,2024-07-01,180613.96,0.15,120501.5
emp_002000,2026-07-01,83142.16,0.07,12803.96
emp_002001,2026-07-01,159208.87,0.15,34132.25
emp_002001,2025-07-01,150197.05,0.15,32200.24
emp_002001,2024-07-01,141695.33,0.15,30377.58
emp_002002,2026-07-01,68800.8,0.05,4871.99
emp_002003,2026-07-01,133961.14,0.12,48285.22
emp_002004,2026-07-01,119492.8,0.1,31551.12
emp_002005,2026-07-01,69084.36,0.05,2828.63
emp_002005,2025-07-01,65173.92,0.05,2668.52
emp_002005,2024-07-01,61484.83,0.05,2517.47
emp_002006,2026-07-01,99544.66,0.07,15094.61
emp_002007,2026-07-01,141269.0,0.15,28786.25
emp_002007,2025-07-01,133272.64,0.15,27156.84
emp_002007,2024-07-01,125728.91,0.15,25619.66
emp_002008,2026-07-01,176035.22,0.12,55833.88
emp_002009,2026-07-01,77224.0,0.05,4225.0
emp_002009,2025-07-01,72852.83,0.05,3985.85
emp_002009,2024-07-01,68729.09,0.05,3760.23
emp_002010,2026-07-01,59281.33,0.05,6175.33
emp_002010,2025-07-01,55925.78,0.05,5825.78
emp_002011,2026-07-01,212118.2,0.15,38857.61
emp_002012,2026-07-01,62418.94,0.05,5107.71
emp_002012,2025-07-01,58885.79,0.05,4818.59
emp_002013,2026-07-01,145024.88,0.12,40395.73
emp_002013,2025-07-01,136815.92,0.12,38109.18
emp_002013,2024-07-01,129071.63,0.12,35952.06
emp_002014,2026-07-01,104099.13,0.07,14430.72
emp_002015,2026-07-01,98139.07,0.1,27802.04
emp_002016,2026-07-01,94798.98,0.07,13497.14
emp_002017,2026-07-01,86041.16,0.07,10606.75
emp_002017,2025-07-01,81170.91,0.07,10006.37
emp_002017,2024-07-01,76576.33,0.07,9439.97
emp_002018,2026-07-01,99356.54,0.07,14061.98
emp_002018,2025-07-01,93732.58,0.07,13266.02
emp_002018,2024-07-01,88426.97,0.07,12515.11
emp_002019,2026-07-01,74653.35,0.07,12898.65
emp_002019,2025-07-01,70427.69,0.07,12168.54
emp_002019,2024-07-01,66441.22,0.07,11479.75
emp_002020,2026-07-01,49616.94,0.15,33686.91
emp_002020,2025-07-01,46808.43,0.15,31780.1
emp_002021,2026-07-01,74083.39,0.07,14635.87
emp_002021,2025-07-01,69889.99,0.07,13807.42
emp_002021,2024-07-01,65933.95,0.07,13025.87
emp_002022,2026-07-01,32171.89,0.07,8509.73
emp_002023,2026-07-01,63715.41,0.2,84351.02
emp_002023,2025-07-01,60108.88,0.2,79576.43
emp_002023,2024-07-01,56706.49,0.2,75072.11
emp_002024,2026-07-01,223957.58,0.2,78938.92
emp_002025,2026-07-01,79236.91,0.07,11106.7
emp_002026,2026-07-01,80281.1,0.05,6431.31
emp_002027,2026-07-01,176530.65,0.2,92545.02
emp_002027,2025-07-01,166538.35,0.2,87306.62
emp_002027,2024-07-01,157111.65,0.2,82364.74
emp_002028,2026-07-01,108789.99,0.07,13772.95
emp_002029,2026-07-01,169786.39,0.15,113046.98
emp_002029,2025-07-01,160175.84,0.15,106648.09
emp_002029,2024-07-01,151109.28,0.15,100611.41
emp_002030,2026-07-01,149563.87,0.15,47966.15
emp_002031,2026-07-01,78607.24,0.05,5635.29
emp_002031,2025-07-01,74157.77,0.05,5316.31
emp_002032,2026-07-01,58862.35,0.05,6241.45
emp_002032,2025-07-01,55530.52,0.05,5888.16
emp_002033,2026-07-01,585999.89,0.55,1235081.23
emp_002033,2025-07-01,552830.08,0.55,1165170.97
emp_002033,2024-07-01,521537.82,0.55,1099217.9
emp_002034,2026-07-01,175665.8,0.2,110319.84
emp_002034,2025-07-01,165722.45,0.2,104075.32
emp_002035,2026-07-01,170295.46,0.2,93378.07
emp_002035,2025-07-01,160656.09,0.2,88092.52
emp_002035,2024-07-01,151562.35,0.2,83106.15
emp_002036,2026-07-01,120104.6,0.1,26233.29
emp_002037,2026-07-01,103250.66,0.1,24385.04
emp_002038,2026-07-01,75987.59,0.05,4003.42
emp_002038,2025-07-01,71686.41,0.05,3776.81
emp_002039,2026-07-01,76095.27,0.05,4185.22
emp_002040,2026-07-01,57110.7,0.05,5900.96
emp_002040,2025-07-01,53878.02,0.05,5566.94
emp_002041,2026-07-01,72988.56,0.05,3507.96
emp_002042,2026-07-01,50723.27,0.05,4826.14
emp_002043,2026-07-01,59331.64,0.07,12126.72
emp_002043,2025-07-01,55973.25,0.07,11440.3
emp_002044,2026-07-01,172196.41,0.15,50619.17
emp_002045,2026-07-01,151022.28,0.1,26542.21
emp_002045,2025-07-01,142473.85,0.1,25039.82
emp_002046,2026-07-01,145026.45,0.12,63795.45
emp_002046,2025-07-01,136817.41,0.12,60184.39
emp_002047,2026-07-01,172755.3,0.15,38837.12
emp_002048,2026-07-01,142923.68,0.1,24372.1
emp_002049,2026-07-01,111508.28,0.07,10931.93
emp_002050,2026-07-01,62074.3,0.05,4357.05
emp_002051,2026-07-01,49359.81,0.12,45857.2
emp_002052,2026-07-01,159509.15,0.15,47359.32
emp_002053,2026-07-01,61133.56,0.05,4481.5
emp_002054,2026-07-01,49461.36,0.12,51872.58
emp_002054,2025-07-01,46661.66,0.12,48936.4
emp_002054,2024-07-01,44020.43,0.12,46166.41
emp_002055,2026-07-01,102131.04,0.1,28358.66
emp_002056,2026-07-01,88095.93,0.25,222179.55
emp_002056,2025-07-01,83109.37,0.25,209603.35
emp_002056,2024-07-01,78405.06,0.25,197739.01
emp_002057,2026-07-01,121598.86,0.1,24494.67
emp_002057,2025-07-01,114715.91,0.1,23108.18
emp_002058,2026-07-01,159540.14,0.15,37113.59
emp_002058,2025-07-01,150509.57,0.15,35012.82
emp_002058,2024-07-01,141990.16,0.15,33030.96
emp_002059,2026-07-01,83196.67,0.07,10454.91
emp_002059,2025-07-01,78487.42,0.07,9863.12
emp_002059,2024-07-01,74044.74,0.07,9304.83
emp_002060,2026-07-01,173787.88,0.2,78083.01
emp_002060,2025-07-01,163950.83,0.2,73663.22
emp_002060,2024-07-01,154670.59,0.2,69493.6
emp_002061,2026-07-01,229900.02,0.2,113007.27
emp_002061,2025-07-01,216886.81,0.2,106610.63
emp_002061,2024-07-01,204610.2,0.2,100576.07
emp_002062,2026-07-01,188797.83,0.2,89367.03
emp_002062,2025-07-01,178111.16,0.2,84308.52
emp_002062,2024-07-01,168029.4,0.2,79536.34
emp_002063,2026-07-01,85220.56,0.07,10502.89
emp_002064,2026-07-01,103775.62,0.07,14506.35
emp_002065,2026-07-01,108700.45,0.1,25701.72
emp_002065,2025-07-01,102547.59,0.1,24246.91
emp_002066,2026-07-01,181683.99,0.12,45285.12
emp_002066,2025-07-01,171399.99,0.12,42721.81
emp_002066,2024-07-01,161698.1,0.12,40303.6
emp_002067,2026-07-01,177439.87,0.15,62440.35
emp_002067,2025-07-01,167396.1,0.15,58905.99
emp_002067,2024-07-01,157920.85,0.15,55571.69
emp_002068,2026-07-01,208634.4,0.2,92187.08
emp_002068,2025-07-01,196824.91,0.2,86968.94
emp_002069,2026-07-01,142933.02,0.12,52889.67
emp_002069,2025-07-01,134842.47,0.12,49895.92
emp_002069,2024-07-01,127209.88,0.12,47071.62
emp_002070,2026-07-01,123671.54,0.1,16205.95
emp_002070,2025-07-01,116671.26,0.1,15288.63
emp_002070,2024-07-01,110067.23,0.1,14423.24
emp_002071,2026-07-01,152969.69,0.12,59761.48
emp_002071,2025-07-01,144311.03,0.12,56378.75
emp_002071,2024-07-01,136142.48,0.12,53187.5
emp_002072,2026-07-01,71296.04,0.07,11089.42
emp_002073,2026-07-01,242827.15,0.2,102647.16
emp_002073,2025-07-01,229082.22,0.2,96836.94
emp_002074,2026-07-01,197720.59,0.15,53543.37
emp_002074,2025-07-01,186528.86,0.15,50512.61
emp_002074,2024-07-01,175970.62,0.15,47653.41
emp_002075,2026-07-01,183904.51,0.2,120353.58
emp_002075,2025-07-01,173494.82,0.2,113541.11
emp_002075,2024-07-01,163674.36,0.2,107114.26
emp_002076,2026-07-01,184237.93,0.15,120549.46
emp_002076,2025-07-01,173809.37,0.15,113725.91
emp_002076,2024-07-01,163971.1,0.15,107288.59
emp_002077,2026-07-01,136412.61,0.12,57149.32
emp_002077,2025-07-01,128691.14,0.12,53914.45
emp_002078,2026-07-01,152461.71,0.12,42476.21
emp_002079,2026-07-01,146140.97,0.12,60954.59
emp_002079,2025-07-01,137868.84,0.12,57504.33
emp_002079,2024-07-01,130064.94,0.12,54249.37
emp_002080,2026-07-01,215635.78,0.2,83319.58
emp_002080,2025-07-01,203429.98,0.2,78603.38
emp_002080,2024-07-01,191915.08,0.2,74154.13
emp_002081,2026-07-01,130010.76,0.1,26199.28
emp_002082,2026-07-01,115411.11,0.1,33959.62
emp_002083,2026-07-01,96187.2,0.07,11014.44
emp_002083,2025-07-01,90742.64,0.07,10390.98
emp_002083,2024-07-01,85606.27,0.07,9802.81
emp_002084,2026-07-01,157386.28,0.15,33065.26
emp_002084,2025-07-01,148477.62,0.15,31193.64
emp_002085,2026-07-01,95800.43,0.07,7329.71
emp_002085,2025-07-01,90377.76,0.07,6914.82
emp_002085,2024-07-01,85262.04,0.07,6523.42
emp_002086,2026-07-01,232490.86,0.2,109015.79
emp_002087,2026-07-01,72137.37,0.05,6051.59
emp_002088,2026-07-01,139323.72,0.1,19913.96
emp_002088,2025-07-01,131437.47,0.1,18786.75
emp_002089,2026-07-01,51666.44,0.05,6366.17
emp_002090,2026-07-01,116403.95,0.15,22390.13
emp_002090,2025-07-01,109815.05,0.15,21122.76
emp_002091,2026-07-01,96036.4,0.07,13639.23
emp_002092,2026-07-01,120158.59,0.07,12210.2
emp_002092,2025-07-01,113357.16,0.07,11519.06
emp_002092,2024-07-01,106940.72,0.07,10867.03
emp_002093,2026-07-01,154969.24,0.12,50885.89
emp_002093,2025-07-01,146197.4,0.12,48005.56
emp_002094,2026-07-01,102941.54,0.07,12976.71
emp_002095,2026-07-01,167766.46,0.12,61836.91
emp_002096,2026-07-01,118455.92,0.15,53370.96
emp_002096,2025-07-01,111750.87,0.15,50349.96
emp_002096,2024-07-01,105425.35,0.15,47499.96
emp_002097,2026-07-01,61407.5,0.05,6061.13
emp_002098,2026-07-01,245511.35,0.25,231584.79
emp_002098,2025-07-01,231614.48,0.25,218476.22
emp_002099,2026-07-01,194280.32,0.2,59659.01
emp_002099,2025-07-01,183283.32,0.2,56282.08
emp_002099,2024-07-01,172908.79,0.2,53096.31
emp_002100,2026-07-01,357676.93,0.35,392673.1
emp_002100,2025-07-01,337431.07,0.35,370446.32
emp_002100,2024-07-01,318331.19,0.35,349477.66
emp_002101,2026-07-01,107814.2,0.07,11214.77
emp_002102,2026-07-01,178205.99,0.12,49756.5
emp_002102,2025-07-01,168118.86,0.12,46940.09
emp_002102,2024-07-01,158602.7,0.12,44283.11
emp_002103,2026-07-01,88558.61,0.07,12997.94
emp_002104,2026-07-01,65389.89,0.05,5621.35
emp_002105,2026-07-01,40578.52,0.1,30865.72
emp_002105,2025-07-01,38281.62,0.1,29118.6
emp_002105,2024-07-01,36114.74,0.1,27470.38
emp_002106,2026-07-01,224600.65,0.25,110165.38
emp_002106,2025-07-01,211887.41,0.25,103929.6
emp_002106,2024-07-01,199893.78,0.25,98046.8
emp_002107,2026-07-01,153430.25,0.12,56860.38
emp_002107,2025-07-01,144745.52,0.12,53641.87
emp_002108,2026-07-01,82286.27,0.07,12071.57
emp_002108,2025-07-01,77628.56,0.07,11388.27
emp_002108,2024-07-01,73234.49,0.07,10743.65
emp_002109,2026-07-01,72925.55,0.05,4719.37
emp_002110,2026-07-01,68234.0,0.2,56295.95
emp_002110,2025-07-01,64371.7,0.2,53109.39
emp_002111,2026-07-01,179084.09,0.15,120868.14
emp_002111,2025-07-01,168947.25,0.15,114026.55
emp_002112,2026-07-01,58709.35,0.2,76463.39
emp_002112,2025-07-01,55386.18,0.2,72135.27
emp_002112,2024-07-01,52251.11,0.2,68052.14
emp_002113,2026-07-01,50108.15,0.12,51344.27
emp_002113,2025-07-01,47271.84,0.12,48437.99
emp_002114,2026-07-01,138194.18,0.1,18156.24
emp_002115,2026-07-01,107942.15,0.07,16641.85
emp_002116,2026-07-01,96051.13,0.07,10959.58
emp_002117,2026-07-01,87663.21,0.05,6121.63
emp_002117,2025-07-01,82701.14,0.05,5775.12
emp_002117,2024-07-01,78019.94,0.05,5448.23
emp_002118,2026-07-01,85220.81,0.07,13720.46
emp_002118,2025-07-01,80396.99,0.07,12943.83
emp_002119,2026-07-01,89963.08,0.07,17962.0
emp_002120,2026-07-01,76732.87,0.05,5422.88
emp_002121,2026-07-01,165685.15,0.2,86310.61
emp_002121,2025-07-01,156306.75,0.2,81425.1
emp_002122,2026-07-01,287006.65,0.25,238782.92
emp_002123,2026-07-01,84336.43,0.07,16629.29
emp_002124,2026-07-01,183243.06,0.15,49720.45
emp_002124,2025-07-01,172870.81,0.15,46906.08
emp_002124,2024-07-01,163085.67,0.15,44251.02
emp_002125,2026-07-01,117807.65,0.1,23223.98
emp_002125,2025-07-01,111139.29,0.1,21909.42
emp_002126,2026-07-01,114299.53,0.15,35234.58
emp_002126,2025-07-01,107829.75,0.15,33240.17
emp_002127,2026-07-01,122549.42,0.15,44048.31
emp_002127,2025-07-01,115612.66,0.15,41555.01
emp_002127,2024-07-01,109068.55,0.15,39202.84
emp_002128,2026-07-01,100051.74,0.07,14557.29
emp_002128,2025-07-01,94388.43,0.07,13733.29
emp_002128,2024-07-01,89045.69,0.07,12955.94
emp_002129,2026-07-01,118018.05,0.1,24720.3
emp_002129,2025-07-01,111337.78,0.1,23321.04
emp_002130,2026-07-01,62072.98,0.05,6078.37
emp_002130,2025-07-01,58559.42,0.05,5734.31
emp_002131,2026-07-01,39773.17,0.1,20038.23
emp_002132,2026-07-01,147663.6,0.12,65387.11
emp_002133,2026-07-01,98665.07,0.07,10876.49
emp_002134,2026-07-01,113617.44,0.1,24465.71
emp_002135,2026-07-01,79898.59,0.07,11325.22
emp_002136,2026-07-01,220073.22,0.2,111173.11
emp_002136,2025-07-01,207616.25,0.2,104880.29
emp_002137,2026-07-01,141418.18,0.1,35225.11
emp_002138,2026-07-01,131685.94,0.15,41634.86
emp_002138,2025-07-01,124232.02,0.15,39278.17
emp_002138,2024-07-01,117200.02,0.15,37054.88
emp_002139,2026-07-01,79608.11,0.05,4152.55
emp_002139,2025-07-01,75101.99,0.05,3917.5
emp_002139,2024-07-01,70850.93,0.05,3695.75
emp_002140,2026-07-01,167330.97,0.12,59336.79
emp_002140,2025-07-01,157859.41,0.12,55978.1
emp_002140,2024-07-01,148923.97,0.12,52809.53
emp_002141,2026-07-01,106162.0,0.1,19672.72
emp_002142,2026-07-01,111187.5,0.1,19779.09
emp_002143,2026-07-01,60724.14,0.05,4698.5
emp_002144,2026-07-01,119681.54,0.12,70680.66
emp_002145,2026-07-01,246635.65,0.25,122970.99
emp_002145,2025-07-01,232675.14,0.25,116010.37
emp_002146,2026-07-01,163386.43,0.12,53274.34
emp_002146,2025-07-01,154138.14,0.12,50258.81
emp_002147,2026-07-01,113994.49,0.1,26984.86
emp_002148,2026-07-01,92277.1,0.07,14298.99
emp_002149,2026-07-01,136166.73,0.15,48726.82
emp_002149,2025-07-01,128459.18,0.15,45968.7
emp_002149,2024-07-01,121187.9,0.15,43366.7
emp_002150,2026-07-01,181565.97,0.15,64762.19
emp_002151,2026-07-01,156264.78,0.12,67394.88
emp_002151,2025-07-01,147419.6,0.12,63580.08
emp_002151,2024-07-01,139075.1,0.12,59981.2
emp_002152,2026-07-01,81007.16,0.07,11966.07
emp_002153,2026-07-01,184067.22,0.2,93925.19
emp_002153,2025-07-01,173648.32,0.2,88608.67
emp_002153,2024-07-01,163819.17,0.2,83593.08
emp_002154,2026-07-01,93412.53,0.1,21321.31
emp_002155,2026-07-01,142782.33,0.1,24876.91
emp_002156,2026-07-01,248999.19,0.25,183303.95
emp_002156,2025-07-01,234904.9,0.25,172928.25
emp_002156,2024-07-01,221608.39,0.25,163139.86
emp_002157,2026-07-01,143935.47,0.15,57113.88
emp_002157,2025-07-01,135788.18,0.15,53881.02
emp_002157,2024-07-01,128102.06,0.15,50831.15
emp_002158,2026-07-01,161919.9,0.12,62994.84
emp_002158,2025-07-01,152754.62,0.12,59429.09
emp_002158,2024-07-01,144108.13,0.12,56065.18
emp_002159,2026-07-01,53843.78,0.05,4510.11
emp_002160,2026-07-01,182648.16,0.12,53932.75
emp_002161,2026-07-01,87216.21,0.05,5057.54
emp_002162,2026-07-01,72719.14,0.05,5491.08
emp_002162,2025-07-01,68602.96,0.05,5180.26
emp_002162,2024-07-01,64719.78,0.05,4887.04
emp_002163,2026-07-01,57367.21,0.05,4950.45
emp_002164,2026-07-01,107532.41,0.07,9557.16
emp_002164,2025-07-01,101445.67,0.07,9016.19
emp_002165,2026-07-01,111697.69,0.1,26343.87
emp_002165,2025-07-01,105375.18,0.1,24852.71
emp_002166,2026-07-01,169311.97,0.15,52005.94
emp_002166,2025-07-01,159728.27,0.15,49062.21
emp_002166,2024-07-01,150687.05,0.15,46285.1
emp_002167,2026-07-01,80585.23,0.07,18340.99
emp_002167,2025-07-01,76023.8,0.07,17302.82
emp_002167,2024-07-01,71720.57,0.07,16323.42
emp_002168,2026-07-01,356707.67,0.35,464694.4
emp_002168,2025-07-01,336516.67,0.35,438390.94
emp_002168,2024-07-01,317468.56,0.35,413576.36
emp_002169,2026-07-01,99095.22,0.07,9104.15
emp_002169,2025-07-01,93486.06,0.07,8588.82
emp_002169,2024-07-01,88194.39,0.07,8102.66
emp_002170,2026-07-01,75108.78,0.07,13059.5
emp_002171,2026-07-01,277440.27,0.25,208497.81
emp_002171,2025-07-01,261736.1,0.25,196696.05
emp_002171,2024-07-01,246920.85,0.25,185562.31
emp_002172,2026-07-01,142180.58,0.1,20340.85
emp_002172,2025-07-01,134132.62,0.1,19189.48
emp_002173,2026-07-01,99720.32,0.07,11971.94
emp_002174,2026-07-01,119917.04,0.12,56332.48
emp_002174,2025-07-01,113129.28,0.12,53143.85
emp_002175,2026-07-01,53591.99,0.12,63006.41
emp_002175,2025-07-01,50558.48,0.12,59440.01
emp_002176,2026-07-01,114693.11,0.1,29095.71
emp_002176,2025-07-01,108201.05,0.1,27448.78
emp_002177,2026-07-01,125588.2,0.1,17616.03
emp_002177,2025-07-01,118479.43,0.1,16618.9
emp_002178,2026-07-01,129525.01,0.12,74040.46
emp_002179,2026-07-01,133504.59,0.1,32907.29
emp_002179,2025-07-01,125947.73,0.1,31044.61
emp_002180,2026-07-01,189499.12,0.2,79418.95
emp_002180,2025-07-01,178772.75,0.2,74923.54
emp_002180,2024-07-01,168653.54,0.2,70682.58
emp_002181,2026-07-01,164631.43,0.12,50106.4
emp_002181,2025-07-01,155312.67,0.12,47270.19
emp_002181,2024-07-01,146521.39,0.12,44594.52
emp_002182,2026-07-01,118269.06,0.1,20451.99
emp_002182,2025-07-01,111574.58,0.1,19294.33
emp_002183,2026-07-01,87735.78,0.07,11000.38
emp_002184,2026-07-01,114483.48,0.07,11046.82
emp_002185,2026-07-01,108254.02,0.07,10621.65
emp_002186,2026-07-01,91068.98,0.07,8782.05
emp_002186,2025-07-01,85914.13,0.07,8284.95
emp_002187,2026-07-01,109890.16,0.1,11407.41
emp_002187,2025-07-01,103669.96,0.1,10761.71
emp_002187,2024-07-01,97801.85,0.1,10152.55
emp_002188,2026-07-01,140302.47,0.1,28225.08
emp_002188,2025-07-01,132360.82,0.1,26627.43
emp_002189,2026-07-01,109456.05,0.07,10701.03
emp_002189,2025-07-01,103260.42,0.07,10095.31
emp_002190,2026-07-01,150544.53,0.1,22400.76
emp_002190,2025-07-01,142023.14,0.1,21132.79
emp_002191,2026-07-01,58802.99,0.07,14638.79
emp_002191,2025-07-01,55474.52,0.07,13810.18
emp_002191,2024-07-01,52334.45,0.07,13028.47
emp_002192,2026-07-01,150301.88,0.1,26949.04
emp_002193,2026-07-01,130001.88,0.15,35679.86
emp_002193,2025-07-01,122643.28,0.15,33660.25
emp_002193,2024-07-01,115701.21,0.15,31754.95
emp_002194,2026-07-01,136997.31,0.1,25291.07
emp_002195,2026-07-01,161964.95,0.2,98773.17
emp_002195,2025-07-01,152797.12,0.2,93182.24
emp_002195,2024-07-01,144148.23,0.2,87907.77
emp_002196,2026-07-01,95200.14,0.1,19316.75
emp_002196,2025-07-01,89811.45,0.1,18223.35
emp_002196,2024-07-01,84727.79,0.1,17191.84
emp_002197,2026-07-01,191504.42,0.2,73294.09
emp_002197,2025-07-01,180664.55,0.2,69145.37
emp_002198,2026-07-01,263261.99,0.2,118853.08
emp_002198,2025-07-01,248360.37,0.2,112125.55
emp_002198,2024-07-01,234302.23,0.2,105778.82
emp_002199,2026-07-01,60985.49,0.05,6755.79
emp_002199,2025-07-01,57533.48,0.05,6373.39
emp_002200,2026-07-01,66671.7,0.05,4205.52
emp_002201,2026-07-01,59955.49,0.05,3548.51
emp_002202,2026-07-01,86200.64,0.1,24792.91
emp_002202,2025-07-01,81321.36,0.1,23389.54
emp_002202,2024-07-01,76718.26,0.1,22065.6
emp_002203,2026-07-01,84312.85,0.07,11975.24
emp_002203,2025-07-01,79540.42,0.07,11297.4
emp_002203,2024-07-01,75038.14,0.07,10657.92
emp_002204,2026-07-01,60758.18,0.05,4670.66
emp_002204,2025-07-01,57319.04,0.05,4406.28
emp_002205,2026-07-01,117255.96,0.1,20964.55
emp_002206,2026-07-01,305006.08,0.25,180677.98
emp_002206,2025-07-01,287741.58,0.25,170450.92
emp_002207,2026-07-01,131452.52,0.1,28125.25
emp_002208,2026-07-01,106556.97,0.07,10641.65
emp_002208,2025-07-01,100525.44,0.07,10039.29
emp_002209,2026-07-01,174214.21,0.15,43531.71
emp_002209,2025-07-01,164353.03,0.15,41067.65
emp_002210,2026-07-01,89540.78,0.07,11921.53
emp_002210,2025-07-01,84472.43,0.07,11246.73
emp_002211,2026-07-01,93829.8,0.07,12738.01
emp_002211,2025-07-01,88518.68,0.07,12016.99
emp_002211,2024-07-01,83508.19,0.07,11336.78
emp_002212,2026-07-01,142692.14,0.1,19114.39
emp_002212,2025-07-01,134615.23,0.1,18032.44
emp_002213,2026-07-01,227718.23,0.25,220387.38
emp_002213,2025-07-01,214828.52,0.25,207912.62
emp_002213,2024-07-01,202668.41,0.25,196143.98
emp_002214,2026-07-01,132506.03,0.07,11250.21
emp_002214,2025-07-01,125005.69,0.07,10613.41
emp_002214,2024-07-01,117929.89,0.07,10012.65
emp_002215,2026-07-01,78649.41,0.07,12650.32
emp_002215,2025-07-01,74197.56,0.07,11934.26
emp_002216,2026-07-01,226856.18,0.25,180437.76
emp_002216,2025-07-01,214015.26,0.25,170224.3
emp_002217,2026-07-01,91024.34,0.07,11563.12
emp_002218,2026-07-01,71032.56,0.05,2750.26
emp_002218,2025-07-01,67011.85,0.05,2594.58
emp_002218,2024-07-01,63218.73,0.05,2447.72
emp_002219,2026-07-01,157403.91,0.12,38743.12
emp_002220,2026-07-01,105628.94,0.1,23932.45
emp_002221,2026-07-01,200850.9,0.12,45615.13
emp_002222,2026-07-01,509563.26,0.55,1068431.67
emp_002222,2025-07-01,480720.06,0.55,1007954.41
emp_002223,2026-07-01,80659.61,0.05,3288.41
emp_002224,2026-07-01,138126.39,0.12,54455.79
emp_002224,2025-07-01,130307.92,0.12,51373.39
emp_002224,2024-07-01,122932.0,0.12,48465.46
emp_002225,2026-07-01,126203.33,0.1,25310.93
emp_002225,2025-07-01,119059.75,0.1,23878.24
emp_002225,2024-07-01,112320.51,0.1,22526.64
emp_002226,2026-07-01,97528.57,0.07,12422.73
emp_002226,2025-07-01,92008.08,0.07,11719.56
emp_002226,2024-07-01,86800.08,0.07,11056.19
emp_002227,2026-07-01,78353.8,0.05,5032.45
emp_002228,2026-07-01,42368.71,0.1,16846.82
emp_002229,2026-07-01,60578.93,0.05,4399.13
emp_002229,2025-07-01,57149.93,0.05,4150.12
emp_002230,2026-07-01,58003.36,0.05,5610.44
emp_002231,2026-07-01,73973.62,0.07,14989.32
emp_002232,2026-07-01,124539.1,0.15,54695.61
emp_002232,2025-07-01,117489.72,0.15,51599.63
emp_002232,2024-07-01,110839.36,0.15,48678.9
emp_002233,2026-07-01,169547.82,0.15,47299.6
emp_002233,2025-07-01,159950.77,0.15,44622.26
emp_002233,2024-07-01,150896.96,0.15,42096.48
emp_002234,2026-07-01,96401.0,0.07,9920.93
emp_002235,2026-07-01,280551.47,0.25,196389.42
emp_002235,2025-07-01,264671.2,0.25,185273.04
emp_002236,2026-07-01,94947.34,0.07,9758.73
emp_002237,2026-07-01,183468.98,0.15,45052.1
emp_002237,2025-07-01,173083.94,0.15,42501.98
emp_002238,2026-07-01,187635.57,0.15,69112.0
emp_002238,2025-07-01,177014.69,0.15,65200.0
emp_002238,2024-07-01,166994.99,0.15,61509.43
emp_002239,2026-07-01,137989.83,0.12,53526.63
emp_002239,2025-07-01,130179.08,0.12,50496.82
emp_002239,2024-07-01,122810.46,0.12,47638.51
emp_002240,2026-07-01,119165.93,0.1,26811.03
emp_002241,2026-07-01,160745.72,0.12,67123.02
emp_002241,2025-07-01,151646.91,0.12,63323.6
emp_002241,2024-07-01,143063.12,0.12,59739.25
emp_002242,2026-07-01,104598.55,0.07,13084.31
emp_002243,2026-07-01,66916.56,0.05,5066.64
emp_002244,2026-07-01,103277.84,0.07,13333.36
emp_002245,2026-07-01,113502.48,0.15,24926.62
emp_002245,2025-07-01,107077.81,0.15,23515.68
emp_002245,2024-07-01,101016.8,0.15,22184.6
emp_002246,2026-07-01,187621.93,0.2,78736.82
emp_002246,2025-07-01,177001.82,0.2,74280.02
emp_002246,2024-07-01,166982.85,0.2,70075.49
emp_002247,2026-07-01,127985.17,0.1,16518.92
emp_002247,2025-07-01,120740.73,0.1,15583.89
emp_002248,2026-07-01,156115.57,0.15,32863.7
emp_002248,2025-07-01,147278.84,0.15,31003.49
emp_002248,2024-07-01,138942.3,0.15,29248.58
emp_002249,2026-07-01,109175.42,0.1,22393.68
emp_002249,2025-07-01,102995.68,0.1,21126.11
emp_002249,2024-07-01,97165.74,0.1,19930.3
emp_002250,2026-07-01,79001.47,0.07,8538.7
emp_002251,2026-07-01,83169.0,0.07,9863.38
emp_002251,2025-07-01,78461.32,0.07,9305.08
emp_002252,2026-07-01,138866.63,0.1,29971.71
emp_002253,2026-07-01,86753.48,0.07,16317.39
emp_002253,2025-07-01,81842.91,0.07,15393.76
emp_002253,2024-07-01,77210.29,0.07,14522.42
emp_002254,2026-07-01,189239.9,0.12,46305.25
emp_002254,2025-07-01,178528.21,0.12,43684.2
emp_002254,2024-07-01,168422.84,0.12,41211.51
emp_002255,2026-07-01,286839.58,0.25,178139.78
emp_002255,2025-07-01,270603.38,0.25,168056.4
emp_002255,2024-07-01,255286.21,0.25,158543.77
emp_002256,2026-07-01,103092.33,0.1,17071.61
emp_002256,2025-07-01,97256.92,0.1,16105.29
emp_002256,2024-07-01,91751.81,0.1,15193.67
emp_002257,2026-07-01,111516.19,0.12,46563.95
emp_002257,2025-07-01,105203.95,0.12,43928.25
emp_002257,2024-07-01,99249.01,0.12,41441.75
emp_002258,2026-07-01,89699.11,0.07,8238.0
emp_002259,2026-07-01,170313.83,0.2,50748.88
emp_002259,2025-07-01,160673.42,0.2,47876.3
emp_002259,2024-07-01,151578.7,0.2,45166.32
emp_002260,2026-07-01,100067.77,0.07,10603.11
emp_002261,2026-07-01,210219.34,0.15,127048.2
emp_002261,2025-07-01,198320.13,0.15,119856.79
emp_002262,2026-07-01,77860.78,0.05,3917.66
emp_002262,2025-07-01,73453.57,0.05,3695.91
emp_002263,2026-07-01,179003.4,0.2,47629.88
emp_002263,2025-07-01,168871.13,0.2,44933.85
emp_002264,2026-07-01,138419.51,0.1,21503.68
emp_002264,2025-07-01,130584.44,0.1,20286.49
emp_002264,2024-07-01,123192.87,0.1,19138.2
emp_002265,2026-07-01,70670.61,0.05,6055.73
emp_002266,2026-07-01,59756.64,0.07,12306.54
emp_002266,2025-07-01,56374.19,0.07,11609.94
emp_002266,2024-07-01,53183.2,0.07,10952.78
emp_002267,2026-07-01,194450.21,0.2,87551.98
emp_002267,2025-07-01,183443.59,0.2,82596.21
emp_002268,2026-07-01,232955.54,0.2,88660.2
emp_002268,2025-07-01,219769.38,0.2,83641.7
emp_002268,2024-07-01,207329.6,0.2,78907.26
emp_002269,2026-07-01,152791.1,0.15,35426.48
emp_002269,2025-07-01,144142.55,0.15,33421.21
emp_002269,2024-07-01,135983.54,0.15,31529.44
emp_002270,2026-07-01,155569.7,0.15,55278.15
emp_002270,2025-07-01,146763.87,0.15,52149.2
emp_002270,2024-07-01,138456.48,0.15,49197.36
emp_002271,2026-07-01,80652.24,0.07,7186.8
emp_002271,2025-07-01,76087.02,0.07,6780.0
emp_002271,2024-07-01,71780.21,0.07,6396.23
emp_002272,2026-07-01,116176.35,0.1,30212.42
emp_002272,2025-07-01,109600.33,0.1,28502.28
emp_002272,2024-07-01,103396.54,0.1,26888.95
emp_002273,2026-07-01,192186.48,0.2,65253.28
emp_002273,2025-07-01,181308.0,0.2,61559.7
emp_002273,2024-07-01,171045.28,0.2,58075.19
emp_002274,2026-07-01,183208.07,0.2,79458.23
emp_002274,2025-07-01,172837.8,0.2,74960.59
emp_002274,2024-07-01,163054.53,0.2,70717.54
emp_002275,2026-07-01,107194.38,0.1,20221.65
emp_002275,2025-07-01,101126.77,0.1,19077.03
emp_002275,2024-07-01,95402.62,0.1,17997.2
emp_002276,2026-07-01,142817.22,0.12,62427.96
emp_002276,2025-07-01,134733.23,0.12,58894.3
emp_002276,2024-07-01,127106.82,0.12,55560.66
emp_002277,2026-07-01,76764.03,0.07,14043.46
emp_002278,2026-07-01,71792.22,0.05,3957.49
emp_002278,2025-07-01,67728.51,0.05,3733.48
emp_002279,2026-07-01,199253.98,0.2,83024.43
emp_002279,2025-07-01,187975.45,0.2,78324.93
emp_002279,2024-07-01,177335.33,0.2,73891.45
emp_002280,2026-07-01,73010.55,0.05,4942.44
emp_002281,2026-07-01,181863.13,0.12,55997.78
emp_002282,2026-07-01,97421.39,0.1,22141.61
emp_002283,2026-07-01,67277.5,0.05,5144.09
emp_002283,2025-07-01,63469.34,0.05,4852.92
emp_002284,2026-07-01,59560.55,0.05,3399.56
emp_002285,2026-07-01,51342.02,0.05,7208.65
emp_002285,2025-07-01,48435.87,0.05,6800.61
emp_002285,2024-07-01,45694.22,0.05,6415.67
emp_002286,2026-07-01,39317.7,0.1,19768.54
emp_002286,2025-07-01,37092.17,0.1,18649.57
emp_002286,2024-07-01,34992.61,0.1,17593.93
emp_002287,2026-07-01,172476.35,0.1,26222.18
emp_002287,2025-07-01,162713.54,0.1,24737.91
emp_002287,2024-07-01,153503.34,0.1,23337.65
emp_002288,2026-07-01,153024.85,0.12,46887.02
emp_002289,2026-07-01,105971.04,0.07,13553.12
emp_002290,2026-07-01,123907.27,0.1,21171.39
emp_002291,2026-07-01,210802.69,0.15,97722.3
emp_002291,2025-07-01,198870.46,0.15,92190.85
emp_002291,2024-07-01,187613.64,0.15,86972.5
emp_002292,2026-07-01,85561.95,0.07,13753.07
emp_002292,2025-07-01,80718.82,0.07,12974.59
emp_002292,2024-07-01,76149.83,0.07,12240.18
emp_002293,2026-07-01,109429.14,0.1,27153.82
emp_002293,2025-07-01,103235.04,0.1,25616.81
emp_002294,2026-07-01,150080.78,0.15,37587.07
emp_002295,2026-07-01,97007.22,0.07,6395.39
emp_002295,2025-07-01,91516.25,0.07,6033.39
emp_002295,2024-07-01,86336.08,0.07,5691.87
emp_002296,2026-07-01,167727.04,0.12,36568.66
emp_002296,2025-07-01,158233.06,0.12,34498.74
emp_002297,2026-07-01,94437.96,0.05,5503.83
emp_002297,2025-07-01,89092.42,0.05,5192.29
emp_002297,2024-07-01,84049.45,0.05,4898.39
emp_002298,2026-07-01,77220.1,0.07,11162.32
emp_002299,2026-07-01,156034.43,0.15,38870.25
emp_002299,2025-07-01,147202.29,0.15,36670.05
emp_002300,2026-07-01,171133.33,0.12,50573.44
emp_002301,2026-07-01,97314.61,0.07,9476.21
emp_002301,2025-07-01,91806.24,0.07,8939.82
emp_002302,2026-07-01,103065.28,0.1,14770.43
emp_002302,2025-07-01,97231.4,0.1,13934.37
emp_002302,2024-07-01,91727.73,0.1,13145.63
emp_002303,2026-07-01,250272.75,0.25,221905.76
emp_002303,2025-07-01,236106.37,0.25,209345.06
emp_002303,2024-07-01,222741.86,0.25,197495.34
emp_002304,2026-07-01,225047.82,0.2,93617.11
emp_002304,2025-07-01,212309.26,0.2,88318.03
emp_002304,2024-07-01,200291.76,0.2,83318.89
emp_002305,2026-07-01,177386.37,0.15,45175.85
emp_002305,2025-07-01,167345.63,0.15,42618.73
emp_002306,2026-07-01,199631.12,0.2,97057.12
emp_002306,2025-07-01,188331.25,0.2,91563.32
emp_002306,2024-07-01,177670.99,0.2,86380.49
emp_002307,2026-07-01,81051.14,0.05,6069.87
emp_002308,2026-07-01,131742.18,0.12,66441.04
emp_002308,2025-07-01,124285.08,0.12,62680.23
emp_002309,2026-07-01,62299.45,0.05,6680.7
emp_002310,2026-07-01,83785.18,0.05,5711.95
emp_002310,2025-07-01,79042.62,0.05,5388.63
emp_002310,2024-07-01,74568.51,0.05,5083.62
emp_002311,2026-07-01,99508.38,0.1,22248.32
emp_002311,2025-07-01,93875.83,0.1,20988.98
emp_002311,2024-07-01,88562.1,0.1,19800.93
emp_002312,2026-07-01,95474.14,0.07,13993.68
emp_002312,2025-07-01,90069.94,0.07,13201.58
emp_002312,2024-07-01,84971.64,0.07,12454.33
emp_002313,2026-07-01,83458.01,0.05,3782.15
emp_002314,2026-07-01,83997.59,0.05,4226.92
emp_002315,2026-07-01,237971.77,0.15,113555.44
emp_002315,2025-07-01,224501.67,0.15,107127.77
emp_002315,2024-07-01,211794.03,0.15,101063.94
emp_002316,2026-07-01,160926.17,0.2,92892.67
emp_002317,2026-07-01,145364.7,0.1,20263.9
emp_002318,2026-07-01,85308.21,0.07,12981.9
emp_002318,2025-07-01,80479.44,0.07,12247.08
emp_002318,2024-07-01,75924.0,0.07,11553.84
emp_002319,2026-07-01,103870.7,0.1,23610.94
emp_002319,2025-07-01,97991.23,0.1,22274.47
emp_002319,2024-07-01,92444.55,0.1,21013.65
emp_002320,2026-07-01,174848.33,0.15,39659.27
emp_002321,2026-07-01,291984.73,0.25,226232.76
emp_002321,2025-07-01,275457.29,0.25,213427.13
emp_002322,2026-07-01,68094.3,0.05,4866.71
emp_002322,2025-07-01,64239.91,0.05,4591.24
emp_002322,2024-07-01,60603.68,0.05,4331.35
emp_002323,2026-07-01,143361.15,0.1,28646.29
emp_002324,2026-07-01,91823.79,0.05,3088.49
emp_002325,2026-07-01,123507.17,0.1,17917.92
emp_002325,2025-07-01,116516.2,0.1,16903.7
emp_002325,2024-07-01,109920.94,0.1,15946.89
emp_002326,2026-07-01,146762.49,0.1,26533.56
emp_002326,2025-07-01,138455.18,0.1,25031.66
emp_002326,2024-07-01,130618.09,0.1,23614.77
emp_002327,2026-07-01,136144.97,0.15,47068.96
emp_002328,2026-07-01,101588.13,0.07,13415.67
emp_002329,2026-07-01,47995.49,0.1,26204.77
emp_002329,2025-07-01,45278.76,0.1,24721.48
emp_002329,2024-07-01,42715.82,0.1,23322.15
emp_002330,2026-07-01,129550.46,0.1,20736.69
emp_002331,2026-07-01,150588.12,0.15,37459.06
emp_002331,2025-07-01,142064.26,0.15,35338.74
emp_002331,2024-07-01,134022.89,0.15,33338.43
emp_002332,2026-07-01,325739.7,0.35,414477.17
emp_002332,2025-07-01,307301.6,0.35,391016.2
emp_002332,2024-07-01,289907.17,0.35,368883.21
emp_002333,2026-07-01,109442.7,0.07,13345.82
emp_002333,2025-07-01,103247.83,0.07,12590.4
emp_002333,2024-07-01,97403.61,0.07,11877.73
emp_002334,2026-07-01,91165.41,0.07,14008.22
emp_002334,2025-07-01,86005.1,0.07,13215.3
emp_002335,2026-07-01,98675.53,0.07,11736.26
emp_002336,2026-07-01,101969.5,0.07,10263.38
emp_002336,2025-07-01,96197.64,0.07,9682.43
emp_002337,2026-07-01,116792.52,0.07,10685.82
emp_002338,2026-07-01,92809.21,0.07,11015.86
emp_002338,2025-07-01,87555.86,0.07,10392.32
emp_002339,2026-07-01,108513.74,0.07,9826.29
emp_002339,2025-07-01,102371.45,0.07,9270.08
emp_002339,2024-07-01,96576.84,0.07,8745.36
emp_002340,2026-07-01,193168.24,0.15,33172.43
emp_002340,2025-07-01,182234.19,0.15,31294.75
emp_002340,2024-07-01,171919.05,0.15,29523.34
emp_002341,2026-07-01,113280.53,0.1,32820.41
emp_002342,2026-07-01,56098.75,0.05,6243.59
emp_002343,2026-07-01,62653.57,0.05,5069.95
emp_002343,2025-07-01,59107.14,0.05,4782.97
emp_002343,2024-07-01,55761.45,0.05,4512.24
emp_002344,2026-07-01,112447.67,0.07,9728.29
emp_002344,2025-07-01,106082.71,0.07,9177.63
emp_002344,2024-07-01,100078.03,0.07,8658.14
emp_002345,2026-07-01,108333.89,0.15,52069.89
emp_002346,2026-07-01,93159.23,0.07,7473.88
emp_002346,2025-07-01,87886.07,0.07,7050.83
emp_002346,2024-07-01,82911.38,0.07,6651.73
emp_002347,2026-07-01,144391.1,0.15,131998.49
emp_002348,2026-07-01,165534.3,0.1,24502.1
emp_002348,2025-07-01,156164.43,0.1,23115.19
emp_002348,2024-07-01,147324.94,0.1,21806.78
emp_002349,2026-07-01,86517.34,0.05,5341.62
emp_002350,2026-07-01,190032.45,0.12,50295.73
emp_002351,2026-07-01,114173.6,0.1,29937.89
emp_002351,2025-07-01,107710.94,0.1,28243.29
emp_002352,2026-07-01,147559.68,0.12,52912.89
emp_002352,2025-07-01,139207.25,0.12,49917.82
emp_002353,2026-07-01,128582.0,0.1,32459.48
emp_002353,2025-07-01,121303.77,0.1,30622.15
emp_002354,2026-07-01,168571.24,0.2,74567.37
emp_002354,2025-07-01,159029.47,0.2,70346.58
emp_002354,2024-07-01,150027.8,0.2,66364.69
emp_002355,2026-07-01,210148.57,0.25,195589.57
emp_002355,2025-07-01,198253.37,0.25,184518.46
emp_002356,2026-07-01,164777.12,0.15,50738.58
emp_002356,2025-07-01,155450.11,0.15,47866.58
emp_002356,2024-07-01,146651.05,0.15,45157.16
emp_002357,2026-07-01,115978.41,0.12,48321.92
emp_002357,2025-07-01,109413.59,0.12,45586.72
emp_002358,2026-07-01,114623.88,0.07,11512.23
emp_002358,2025-07-01,108135.74,0.07,10860.59
emp_002358,2024-07-01,102014.85,0.07,10245.84
emp_002359,2026-07-01,135496.83,0.15,55320.0
emp_002359,2025-07-01,127827.2,0.15,52188.68
emp_002360,2026-07-01,82912.85,0.07,14704.04
emp_002361,2026-07-01,79305.78,0.07,12468.39
emp_002362,2026-07-01,101297.94,0.07,14047.95
emp_002363,2026-07-01,82423.76,0.07,11533.06
emp_002363,2025-07-01,77758.26,0.07,10880.25
emp_002363,2024-07-01,73356.85,0.07,10264.38
emp_002364,2026-07-01,115951.19,0.1,31727.25
emp_002365,2026-07-01,60209.26,0.05,4152.09
emp_002365,2025-07-01,56801.19,0.05,3917.07
emp_002366,2026-07-01,106867.8,0.1,23370.02
emp_002366,2025-07-01,100818.68,0.1,22047.19
emp_002366,2024-07-01,95111.96,0.1,20799.23
emp_002367,2026-07-01,180442.46,0.15,47366.31
emp_002368,2026-07-01,109839.63,0.07,11245.05
emp_002368,2025-07-01,103622.29,0.07,10608.54
emp_002369,2026-07-01,91819.4,0.07,15267.95
emp_002370,2026-07-01,396250.3,0.35,353301.18
emp_002370,2025-07-01,373821.04,0.35,333303.0
emp_002371,2026-07-01,181770.87,0.12,48020.04
emp_002372,2026-07-01,120315.66,0.1,17293.15
emp_002372,2025-07-01,113505.34,0.1,16314.29
emp_002372,2024-07-01,107080.51,0.1,15390.84
emp_002373,2026-07-01,137424.33,0.1,27418.6
emp_002373,2025-07-01,129645.59,0.1,25866.6
emp_002374,2026-07-01,117667.92,0.1,26700.35
emp_002374,2025-07-01,111007.47,0.1,25189.01
emp_002374,2024-07-01,104724.03,0.1,23763.22
emp_002375,2026-07-01,202406.6,0.2,114754.61
emp_002375,2025-07-01,190949.62,0.2,108259.07
emp_002375,2024-07-01,180141.15,0.2,102131.19
emp_002376,2026-07-01,107559.04,0.07,11381.9
emp_002377,2026-07-01,152333.76,0.12,57926.05
emp_002378,2026-07-01,215258.39,0.15,123605.06
emp_002378,2025-07-01,203073.95,0.15,116608.55
emp_002378,2024-07-01,191579.2,0.15,110008.06
emp_002379,2026-07-01,217053.88,0.15,87547.83
emp_002380,2026-07-01,108265.32,0.07,15347.71
emp_002381,2026-07-01,177882.95,0.15,134695.3
emp_002381,2025-07-01,167814.1,0.15,127071.04
emp_002382,2026-07-01,267039.11,0.25,126460.88
emp_002382,2025-07-01,251923.69,0.25,119302.72
emp_002382,2024-07-01,237663.86,0.25,112549.73
emp_002383,2026-07-01,128773.77,0.1,21221.14
emp_002384,2026-07-01,125217.46,0.1,18903.62
emp_002385,2026-07-01,378702.64,0.35,405636.01
emp_002385,2025-07-01,357266.64,0.35,382675.48
emp_002385,2024-07-01,337044.0,0.35,361014.6
emp_002386,2026-07-01,144198.09,0.15,54074.15
emp_002386,2025-07-01,136035.93,0.15,51013.35
emp_002386,2024-07-01,128335.79,0.15,48125.8
emp_002387,2026-07-01,161739.85,0.15,53476.08
emp_002387,2025-07-01,152584.76,0.15,50449.13
emp_002387,2024-07-01,143947.89,0.15,47593.52
emp_002388,2026-07-01,85840.99,0.07,11016.76
emp_002389,2026-07-01,104943.04,0.07,13686.82
emp_002390,2026-07-01,255504.97,0.2,103986.57
emp_002390,2025-07-01,241042.42,0.2,98100.54
emp_002390,2024-07-01,227398.51,0.2,92547.68
emp_002391,2026-07-01,77234.57,0.07,13545.22
emp_002391,2025-07-01,72862.8,0.07,12778.51
emp_002392,2026-07-01,134361.09,0.1,28690.49
emp_002393,2026-07-01,95980.14,0.07,16151.9
emp_002394,2026-07-01,148075.29,0.1,30739.36
emp_002394,2025-07-01,139693.67,0.1,28999.4
emp_002395,2026-07-01,116012.45,0.1,18079.89
emp_002395,2025-07-01,109445.71,0.1,17056.5
emp_002395,2024-07-01,103250.67,0.1,16091.04
emp_002396,2026-07-01,69919.02,0.05,4993.48
emp_002397,2026-07-01,121504.48,0.1,21561.92
emp_002398,2026-07-01,182508.94,0.2,69485.03
emp_002398,2025-07-01,172178.25,0.2,65551.92
emp_002399,2026-07-01,151066.01,0.1,21434.56
emp_002399,2025-07-01,142515.1,0.1,20221.28
emp_002399,2024-07-01,134448.21,0.1,19076.68
emp_002400,2026-07-01,175891.83,0.12,43532.61
emp_002400,2025-07-01,165935.69,0.12,41068.5
emp_002401,2026-07-01,55234.66,0.12,38700.48
emp_002402,2026-07-01,118860.5,0.07,13146.86
emp_002402,2025-07-01,112132.55,0.07,12402.7
emp_002402,2024-07-01,105785.42,0.07,11700.66
emp_002403,2026-07-01,54772.72,0.05,4225.56
emp_002404,2026-07-01,123224.14,0.15,39047.23
emp_002404,2025-07-01,116249.19,0.15,36837.01
emp_002404,2024-07-01,109669.05,0.15,34751.9
emp_002405,2026-07-01,206710.35,0.15,132003.19
emp_002406,2026-07-01,164770.89,0.12,27951.75
emp_002406,2025-07-01,155444.24,0.12,26369.58
emp_002407,2026-07-01,204099.02,0.2,101370.26
emp_002407,2025-07-01,192546.25,0.2,95632.32
emp_002407,2024-07-01,181647.4,0.2,90219.17
emp_002408,2026-07-01,147999.9,0.15,40470.64
emp_002408,2025-07-01,139622.55,0.15,38179.85
emp_002408,2024-07-01,131719.38,0.15,36018.73
emp_002409,2026-07-01,74561.78,0.07,13741.97
emp_002410,2026-07-01,108890.68,0.07,6873.96
emp_002410,2025-07-01,102727.06,0.07,6484.87
emp_002410,2024-07-01,96912.32,0.07,6117.8
emp_002411,2026-07-01,161153.05,0.12,59988.76
emp_002411,2025-07-01,152031.18,0.12,56593.17
emp_002411,2024-07-01,143425.64,0.12,53389.78
emp_002412,2026-07-01,83916.33,0.05,5732.51
emp_002413,2026-07-01,113536.97,0.07,8000.88
emp_002414,2026-07-01,90359.04,0.05,4470.81
emp_002415,2026-07-01,203887.43,0.15,85994.47
emp_002415,2025-07-01,192346.63,0.15,81126.86
emp_002416,2026-07-01,206302.94,0.25,142031.59
emp_002416,2025-07-01,194625.42,0.25,133992.07
emp_002416,2024-07-01,183608.88,0.25,126407.61
emp_002417,2026-07-01,108719.17,0.07,11971.76
emp_002418,2026-07-01,212681.46,0.15,157570.45
emp_002418,2025-07-01,200642.89,0.15,148651.37
emp_002419,2026-07-01,95751.15,0.07,14109.5
emp_002420,2026-07-01,88300.17,0.07,10260.48
emp_002420,2025-07-01,83302.05,0.07,9679.7
emp_002420,2024-07-01,78586.84,0.07,9131.79
emp_002421,2026-07-01,90852.36,0.07,14244.08
emp_002421,2025-07-01,85709.77,0.07,13437.81
emp_002422,2026-07-01,61123.46,0.05,5858.64
emp_002422,2025-07-01,57663.64,0.05,5527.02
emp_002423,2026-07-01,138568.44,0.15,37529.07
emp_002423,2025-07-01,130724.94,0.15,35404.78
emp_002424,2026-07-01,152868.53,0.12,57575.13
emp_002424,2025-07-01,144215.59,0.12,54316.16
emp_002424,2024-07-01,136052.45,0.12,51241.66
emp_002425,2026-07-01,192848.33,0.12,65763.47
emp_002425,2025-07-01,181932.39,0.12,62041.01
emp_002426,2026-07-01,162755.6,0.15,53125.12
emp_002427,2026-07-01,88237.35,0.07,18035.51
emp_002427,2025-07-01,83242.78,0.07,17014.63
emp_002427,2024-07-01,78530.93,0.07,16051.54
emp_002428,2026-07-01,150553.16,0.15,44486.87
emp_002429,2026-07-01,152668.54,0.15,59252.25
emp_002429,2025-07-01,144026.92,0.15,55898.35
emp_002429,2024-07-01,135874.46,0.15,52734.29
emp_002430,2026-07-01,129629.61,0.1,26174.12
emp_002431,2026-07-01,92836.06,0.1,22830.52
emp_002432,2026-07-01,131344.2,0.1,16158.81
emp_002432,2025-07-01,123909.62,0.1,15244.16
emp_002432,2024-07-01,116895.87,0.1,14381.28
emp_002433,2026-07-01,142208.58,0.12,56483.84
emp_002433,2025-07-01,134159.04,0.12,53286.64
emp_002433,2024-07-01,126565.13,0.12,50270.42
emp_002434,2026-07-01,61446.01,0.05,5409.55
emp_002435,2026-07-01,77355.86,0.07,13388.53
emp_002436,2026-07-01,160998.5,0.15,42327.01
emp_002436,2025-07-01,151885.38,0.15,39931.14
emp_002436,2024-07-01,143288.09,0.15,37670.89
emp_002437,2026-07-01,192772.54,0.15,94804.6
emp_002437,2025-07-01,181860.89,0.15,89438.3
emp_002437,2024-07-01,171566.87,0.15,84375.76
emp_002438,2026-07-01,219619.14,0.2,57037.6
emp_002438,2025-07-01,207187.87,0.2,53809.06
emp_002439,2026-07-01,298022.56,0.25,230805.99
emp_002439,2025-07-01,281153.36,0.25,217741.5
emp_002439,2024-07-01,265239.02,0.25,205416.51
emp_002440,2026-07-01,61955.95,0.05,3985.27
emp_002440,2025-07-01,58449.01,0.05,3759.69
emp_002441,2026-07-01,76840.48,0.05,6398.03
emp_002441,2025-07-01,72491.02,0.05,6035.88
emp_002441,2024-07-01,68387.75,0.05,5694.22
emp_002442,2026-07-01,104187.39,0.1,19604.66
emp_002442,2025-07-01,98289.99,0.1,18494.96
emp_002442,2024-07-01,92726.41,0.1,17448.08
emp_002443,2026-07-01,137456.25,0.12,50755.21
emp_002444,2026-07-01,97989.04,0.07,11201.93
emp_002445,2026-07-01,193092.2,0.15,159848.43
emp_002445,2025-07-01,182162.45,0.15,150800.41
emp_002445,2024-07-01,171851.37,0.15,142264.53
emp_002446,2026-07-01,178810.11,0.12,75685.77
emp_002447,2026-07-01,103615.1,0.07,12534.89
emp_002447,2025-07-01,97750.09,0.07,11825.37
emp_002448,2026-07-01,31624.91,0.07,12848.4
emp_002448,2025-07-01,29834.82,0.07,12121.13
emp_002449,2026-07-01,182649.46,0.15,30607.13
emp_002449,2025-07-01,172310.81,0.15,28874.65
emp_002449,2024-07-01,162557.37,0.15,27240.24
emp_002450,2026-07-01,264610.59,0.25,210730.77
emp_002450,2025-07-01,249632.63,0.25,198802.61
emp_002450,2024-07-01,235502.48,0.25,187549.64
emp_002451,2026-07-01,257934.82,0.15,140404.66
emp_002451,2025-07-01,243334.74,0.15,132457.23
emp_002452,2026-07-01,82953.18,0.07,10371.64
emp_002452,2025-07-01,78257.72,0.07,9784.57
emp_002453,2026-07-01,30000.0,0.05,4962.17
emp_002454,2026-07-01,138576.56,0.12,54469.61
emp_002454,2025-07-01,130732.6,0.12,51386.42
emp_002455,2026-07-01,204816.19,0.12,44422.84
emp_002456,2026-07-01,254761.58,0.15,95021.2
emp_002456,2025-07-01,240341.11,0.15,89642.64
emp_002456,2024-07-01,226736.9,0.15,84568.53
emp_002457,2026-07-01,164805.48,0.1,27543.88
emp_002457,2025-07-01,155476.87,0.1,25984.79
emp_002457,2024-07-01,146676.29,0.1,24513.96
emp_002458,2026-07-01,301628.47,0.25,158247.43
emp_002458,2025-07-01,284555.16,0.25,149290.03
emp_002459,2026-07-01,100599.78,0.07,18321.83
emp_002459,2025-07-01,94905.45,0.07,17284.75
emp_002459,2024-07-01,89533.45,0.07,16306.36
emp_002460,2026-07-01,194350.25,0.12,33841.77
emp_002461,2026-07-01,88810.69,0.07,12775.91
emp_002462,2026-07-01,59225.11,0.05,5252.9
emp_002463,2026-07-01,223242.39,0.25,146135.76
emp_002463,2025-07-01,210606.03,0.25,137863.92
emp_002463,2024-07-01,198684.93,0.25,130060.31
emp_002464,2026-07-01,93804.0,0.07,11197.29
emp_002464,2025-07-01,88494.34,0.07,10563.48
emp_002465,2026-07-01,76505.49,0.05,6024.36
emp_002465,2025-07-01,72174.99,0.05,5683.36
emp_002466,2026-07-01,247897.71,0.2,100676.85
emp_002467,2026-07-01,86692.12,0.07,14280.12
emp_002467,2025-07-01,81785.02,0.07,13471.81
emp_002467,2024-07-01,77155.68,0.07,12709.26
emp_002468,2026-07-01,142126.32,0.12,44299.38
emp_002468,2025-07-01,134081.43,0.12,41791.87
emp_002468,2024-07-01,126491.92,0.12,39426.29
emp_002469,2026-07-01,169042.32,0.12,51315.39
emp_002469,2025-07-01,159473.89,0.12,48410.75
emp_002469,2024-07-01,150447.06,0.12,45670.51
emp_002470,2026-07-01,123713.06,0.07,13562.39
emp_002471,2026-07-01,76160.2,0.05,4665.34
emp_002472,2026-07-01,414273.62,0.35,490029.06
emp_002472,2025-07-01,390824.17,0.35,462291.57
emp_002472,2024-07-01,368702.05,0.35,436124.12
emp_002473,2026-07-01,63887.66,0.05,4064.18
emp_002474,2026-07-01,171474.28,0.15,106711.22
emp_002475,2026-07-01,115189.26,0.1,28853.88
emp_002476,2026-07-01,201512.4,0.12,38414.71
emp_002476,2025-07-01,190106.04,0.12,36240.29
emp_002476,2024-07-01,179345.32,0.12,34188.96
emp_002477,2026-07-01,150697.28,0.1,21822.2
emp_002478,2026-07-01,55263.08,0.15,67334.37
emp_002478,2025-07-01,52134.98,0.15,63522.99
emp_002478,2024-07-01,49183.94,0.15,59927.35
emp_002479,2026-07-01,97279.12,0.05,5592.63
emp_002480,2026-07-01,123136.71,0.1,20916.63
emp_002480,2025-07-01,116166.71,0.1,19732.67
emp_002480,2024-07-01,109591.23,0.1,18615.73
emp_002481,2026-07-01,68187.05,0.05,5680.29
emp_002481,2025-07-01,64327.41,0.05,5358.76
emp_002481,2024-07-01,60686.23,0.05,5055.44
emp_002482,2026-07-01,79839.74,0.07,14201.41
emp_002483,2026-07-01,155406.33,0.2,112655.96
emp_002483,2025-07-01,146609.75,0.2,106279.21
emp_002483,2024-07-01,138311.08,0.2,100263.4
emp_002484,2026-07-01,184185.77,0.2,70838.74
emp_002484,2025-07-01,173760.16,0.2,66829.0
emp_002485,2026-07-01,141539.39,0.1,30480.29
emp_002485,2025-07-01,133527.73,0.1,28754.99
emp_002485,2024-07-01,125969.55,0.1,27127.35
emp_002486,2026-07-01,104378.05,0.1,22210.72
emp_002487,2026-07-01,467309.35,0.35,371432.61
emp_002487,2025-07-01,440857.88,0.35,350408.12
emp_002487,2024-07-01,415903.66,0.35,330573.7
emp_002488,2026-07-01,168461.77,0.1,26555.51
emp_002489,2026-07-01,114929.8,0.1,19657.51
emp_002489,2025-07-01,108424.34,0.1,18544.82
emp_002489,2024-07-01,102287.11,0.1,17495.11
emp_002490,2026-07-01,139898.19,0.15,39641.96
emp_002490,2025-07-01,131979.42,0.15,37398.08
emp_002490,2024-07-01,124508.89,0.15,35281.2
emp_002491,2026-07-01,110153.19,0.1,22565.58
emp_002491,2025-07-01,103918.1,0.1,21288.28
emp_002492,2026-07-01,69273.75,0.05,1946.59
emp_002493,2026-07-01,164451.92,0.1,34646.74
emp_002493,2025-07-01,155143.32,0.1,32685.6
emp_002493,2024-07-01,146361.62,0.1,30835.48
emp_002494,2026-07-01,79686.1,0.05,5082.48
emp_002494,2025-07-01,75175.57,0.05,4794.79
emp_002494,2024-07-01,70920.35,0.05,4523.39
emp_002495,2026-07-01,131167.4,0.1,27469.32
emp_002495,2025-07-01,123742.83,0.1,25914.45
emp_002495,2024-07-01,116738.52,0.1,24447.6
emp_002496,2026-07-01,30000.0,0.05,4914.37
emp_002497,2026-07-01,113074.08,0.1,22636.51
emp_002498,2026-07-01,71014.72,0.05,4716.8
emp_002498,2025-07-01,66995.02,0.05,4449.81
emp_002498,2024-07-01,63202.85,0.05,4197.94
emp_002499,2026-07-01,81695.58,0.05,4144.05
emp_002500,2026-07-01,188307.32,0.15,123551.11
emp_002500,2025-07-01,177648.42,0.15,116557.65
emp_002501,2026-07-01,83395.21,0.07,15289.61
emp_002502,2026-07-01,105141.78,0.07,14976.07
emp_002503,2026-07-01,80836.46,0.05,5715.14
emp_002504,2026-07-01,184546.19,0.15,30218.69
emp_002505,2026-07-01,128226.94,0.1,31433.27
emp_002505,2025-07-01,120968.81,0.1,29654.03
emp_002505,2024-07-01,114121.52,0.1,27975.5
emp_002506,2026-07-01,154899.12,0.15,41036.64
emp_002506,2025-07-01,146131.25,0.15,38713.81
emp_002507,2026-07-01,36315.56,0.07,15468.48
emp_002508,2026-07-01,90683.56,0.05,5129.09
emp_002508,2025-07-01,85550.53,0.05,4838.76
emp_002509,2026-07-01,182863.68,0.12,58347.47
emp_002510,2026-07-01,145638.05,0.12,58824.69
emp_002510,2025-07-01,137394.39,0.12,55494.99
emp_002510,2024-07-01,129617.35,0.12,52353.76
emp_002511,2026-07-01,117099.83,0.1,26994.57
emp_002511,2025-07-01,110471.54,0.1,25466.58
emp_002512,2026-07-01,66421.05,0.05,3956.18
emp_002513,2026-07-01,133502.96,0.15,36032.8
emp_002513,2025-07-01,125946.19,0.15,33993.21
emp_002513,2024-07-01,118817.16,0.15,32069.06
emp_002514,2026-07-01,143391.75,0.12,50227.8
emp_002515,2026-07-01,140660.04,0.12,50875.25
emp_002515,2025-07-01,132698.15,0.12,47995.52
emp_002515,2024-07-01,125186.93,0.12,45278.79
emp_002516,2026-07-01,125471.81,0.1,31746.84
emp_002517,2026-07-01,157598.84,0.12,48654.47
emp_002517,2025-07-01,148678.15,0.12,45900.44
emp_002517,2024-07-01,140262.41,0.12,43302.31
emp_002518,2026-07-01,171957.73,0.12,45398.94
emp_002519,2026-07-01,201100.76,0.15,42997.39
emp_002520,2026-07-01,115194.81,0.1,31558.79
emp_002521,2026-07-01,63398.54,0.15,79979.46
emp_002521,2025-07-01,59809.94,0.15,75452.32
emp_002521,2024-07-01,56424.47,0.15,71181.43
emp_002522,2026-07-01,68248.0,0.05,5920.93
emp_002523,2026-07-01,195833.94,0.15,48582.24
emp_002524,2026-07-01,102627.08,0.07,9930.82
emp_002524,2025-07-01,96818.0,0.07,9368.7
emp_002524,2024-07-01,91337.74,0.07,8838.39
emp_002525,2026-07-01,197808.58,0.15,42571.81
emp_002525,2025-07-01,186611.87,0.15,40162.08
emp_002526,2026-07-01,148237.38,0.1,19366.06
emp_002526,2025-07-01,139846.58,0.1,18269.87
emp_002527,2026-07-01,204721.35,0.2,57800.08
emp_002527,2025-07-01,193133.35,0.2,54528.38
emp_002528,2026-07-01,156114.72,0.15,45940.53
emp_002529,2026-07-01,594702.36,0.55,794047.12
emp_002529,2025-07-01,561039.96,0.55,749101.06
emp_002529,2024-07-01,529282.98,0.55,706699.11
emp_002530,2026-07-01,120788.59,0.1,32929.22
emp_002531,2026-07-01,194716.64,0.15,132727.24
emp_002532,2026-07-01,97393.78,0.07,14620.68
emp_002532,2025-07-01,91880.92,0.07,13793.09
emp_002533,2026-07-01,146305.57,0.1,25363.45
emp_002533,2025-07-01,138024.12,0.1,23927.78
emp_002533,2024-07-01,130211.44,0.1,22573.38
emp_002534,2026-07-01,111348.75,0.07,11932.5
emp_002534,2025-07-01,105045.99,0.07,11257.08
emp_002535,2026-07-01,167441.47,0.15,50992.64
emp_002535,2025-07-01,157963.65,0.15,48106.26
emp_002535,2024-07-01,149022.31,0.15,45383.27
emp_002536,2026-07-01,173730.07,0.15,39629.07
emp_002536,2025-07-01,163896.29,0.15,37385.92
emp_002536,2024-07-01,154619.14,0.15,35269.73
emp_002537,2026-07-01,127699.33,0.1,24805.45
emp_002537,2025-07-01,120471.07,0.1,23401.37
emp_002537,2024-07-01,113651.95,0.1,22076.76
emp_002538,2026-07-01,62811.82,0.05,5847.74
emp_002538,2025-07-01,59256.43,0.05,5516.74
emp_002539,2026-07-01,71480.36,0.05,4092.57
emp_002540,2026-07-01,317348.05,0.25,293747.23
emp_002540,2025-07-01,299384.95,0.25,277120.03
emp_002540,2024-07-01,282438.63,0.25,261433.99
emp_002541,2026-07-01,256020.66,0.25,126508.3
emp_002541,2025-07-01,241528.92,0.25,119347.45
emp_002542,2026-07-01,203927.53,0.2,121574.49
emp_002542,2025-07-01,192384.46,0.2,114692.92
emp_002543,2026-07-01,157056.61,0.15,49054.31
emp_002543,2025-07-01,148166.61,0.15,46277.65
emp_002543,2024-07-01,139779.82,0.15,43658.16
emp_002544,2026-07-01,400706.92,0.35,441115.85
emp_002544,2025-07-01,378025.4,0.35,416147.03
emp_002544,2024-07-01,356627.73,0.35,392591.54
emp_002545,2026-07-01,107190.66,0.1,23809.7
emp_002545,2025-07-01,101123.26,0.1,22461.98
emp_002545,2024-07-01,95399.31,0.1,21190.55
emp_002546,2026-07-01,187695.67,0.15,55067.98
emp_002547,2026-07-01,104429.01,0.07,10402.35
emp_002547,2025-07-01,98517.93,0.07,9813.54
emp_002547,2024-07-01,92941.45,0.07,9258.05
emp_002548,2026-07-01,122674.1,0.1,35049.53
emp_002549,2026-07-01,74276.6,0.05,5175.94
emp_002550,2026-07-01,61188.93,0.05,4600.87
emp_002551,2026-07-01,31574.85,0.07,16096.51
emp_002551,2025-07-01,29787.59,0.07,15185.39
emp_002552,2026-07-01,32549.85,0.07,12909.4
emp_002552,2025-07-01,30707.41,0.07,12178.68
emp_002553,2026-07-01,579825.13,0.55,1366206.99
emp_002553,2025-07-01,547004.84,0.55,1288874.52
emp_002553,2024-07-01,516042.3,0.55,1215919.36
emp_002554,2026-07-01,72208.9,0.05,5789.48
emp_002555,2026-07-01,180824.62,0.15,22706.93
emp_002555,2025-07-01,170589.26,0.15,21421.63
emp_002556,2026-07-01,141172.94,0.1,16479.93
emp_002556,2025-07-01,133182.02,0.1,15547.1
emp_002556,2024-07-01,125643.41,0.1,14667.08
emp_002557,2026-07-01,164703.09,0.15,36696.42
emp_002557,2025-07-01,155380.27,0.15,34619.26
emp_002557,2024-07-01,146585.16,0.15,32659.68
emp_002558,2026-07-01,153773.57,0.1,28271.28
emp_002558,2025-07-01,145069.41,0.1,26671.02
emp_002558,2024-07-01,136857.93,0.1,25161.34
emp_002559,2026-07-01,162426.43,0.12,58481.67
emp_002559,2025-07-01,153232.48,0.12,55171.39
emp_002559,2024-07-01,144558.94,0.12,52048.48
emp_002560,2026-07-01,183458.18,0.15,73123.12
emp_002561,2026-07-01,114163.54,0.1,24669.12
emp_002562,2026-07-01,167469.36,0.15,45590.73
emp_002562,2025-07-01,157989.96,0.15,43010.12
emp_002563,2026-07-01,657706.05,0.55,1210668.35
emp_002563,2025-07-01,620477.41,0.55,1142139.95
emp_002564,2026-07-01,136843.16,0.15,51982.77
emp_002564,2025-07-01,129097.32,0.15,49040.35
emp_002565,2026-07-01,65855.73,0.2,100569.12
emp_002565,2025-07-01,62128.05,0.2,94876.53
emp_002565,2024-07-01,58611.37,0.2,89506.16
emp_002566,2026-07-01,99862.83,0.07,11398.33
emp_002566,2025-07-01,94210.22,0.07,10753.14
emp_002567,2026-07-01,183053.2,0.15,93123.19
emp_002567,2025-07-01,172691.7,0.15,87852.07
emp_002567,2024-07-01,162916.7,0.15,82879.31
emp_002568,2026-07-01,166483.56,0.15,115901.93
emp_002569,2026-07-01,80299.21,0.05,6040.6
emp_002570,2026-07-01,148011.8,0.15,39518.26
emp_002570,2025-07-01,139633.77,0.15,37281.38
emp_002571,2026-07-01,85771.1,0.07,12633.09
emp_002572,2026-07-01,164385.18,0.12,73862.42
emp_002572,2025-07-01,155080.36,0.12,69681.53
emp_002572,2024-07-01,146302.22,0.12,65737.29
emp_002573,2026-07-01,168701.96,0.15,45795.73
emp_002573,2025-07-01,159152.79,0.15,43203.52
emp_002574,2026-07-01,143838.38,0.15,47897.69
emp_002574,2025-07-01,135696.58,0.15,45186.5
emp_002574,2024-07-01,128015.65,0.15,42628.77
emp_002575,2026-07-01,206857.11,0.15,68676.72
emp_002576,2026-07-01,167833.76,0.1,36558.85
emp_002576,2025-07-01,158333.74,0.1,34489.48
emp_002577,2026-07-01,158380.22,0.15,39380.21
emp_002577,2025-07-01,149415.3,0.15,37151.14
emp_002577,2024-07-01,140957.83,0.15,35048.25
emp_002578,2026-07-01,111702.87,0.07,11340.83
emp_002579,2026-07-01,62740.54,0.05,4556.59
emp_002579,2025-07-01,59189.19,0.05,4298.67
emp_002580,2026-07-01,147035.67,0.2,89754.4
emp_002580,2025-07-01,138712.9,0.2,84673.96
emp_002580,2024-07-01,130861.22,0.2,79881.1
emp_002581,2026-07-01,124719.95,0.1,18894.07
emp_002581,2025-07-01,117660.33,0.1,17824.59
emp_002581,2024-07-01,111000.31,0.1,16815.66
emp_002582,2026-07-01,96297.89,0.07,13326.45
emp_002582,2025-07-01,90847.07,0.07,12572.12
emp_002582,2024-07-01,85704.78,0.07,11860.49
emp_002583,2026-07-01,60240.9,0.05,5551.84
emp_002584,2026-07-01,77016.75,0.05,5666.83
emp_002584,2025-07-01,72657.31,0.05,5346.07
emp_002585,2026-07-01,150463.33,0.1,21569.83
emp_002585,2025-07-01,141946.54,0.1,20348.9
emp_002586,2026-07-01,90177.31,0.07,11701.3
emp_002587,2026-07-01,149790.92,0.15,43646.36
emp_002587,2025-07-01,141312.19,0.15,41175.81
emp_002587,2024-07-01,133313.39,0.15,38845.11
emp_002588,2026-07-01,113894.9,0.1,21450.32
emp_002589,2026-07-01,80379.2,0.05,5732.79
emp_002589,2025-07-01,75829.43,0.05,5408.29
emp_002589,2024-07-01,71537.2,0.05,5102.16
emp_002590,2026-07-01,124933.78,0.1,29560.08
emp_002591,2026-07-01,77710.36,0.07,10402.77
emp_002592,2026-07-01,158324.49,0.1,26262.95
emp_002593,2026-07-01,178420.91,0.15,39724.87
emp_002593,2025-07-01,168321.61,0.15,37476.29
emp_002593,2024-07-01,158793.97,0.15,35354.99
emp_002594,2026-07-01,106323.34,0.07,13228.64
emp_002595,2026-07-01,82368.95,0.07,10364.33
emp_002596,2026-07-01,134915.93,0.1,20731.98
emp_002596,2025-07-01,127279.18,0.1,19558.47
emp_002596,2024-07-01,120074.7,0.1,18451.39
emp_002597,2026-07-01,138941.82,0.1,27062.91
emp_002597,2025-07-01,131077.19,0.1,25531.05
emp_002598,2026-07-01,323328.41,0.35,411229.31
emp_002598,2025-07-01,305026.8,0.35,387952.18
emp_002599,2026-07-01,91585.4,0.07,12683.05
emp_002599,2025-07-01,86401.32,0.07,11965.14
emp_002599,2024-07-01,81510.68,0.07,11287.87
emp_002600,2026-07-01,60649.57,0.05,6229.1
emp_002601,2026-07-01,154656.61,0.1,21244.15
emp_002602,2026-07-01,86472.73,0.07,14695.48
emp_002603,2026-07-01,206639.28,0.15,59832.44
emp_002603,2025-07-01,194942.72,0.15,56445.7
emp_002603,2024-07-01,183908.22,0.15,53250.66
emp_002604,2026-07-01,118231.04,0.07,13544.78
emp_002605,2026-07-01,148613.12,0.15,37005.88
emp_002606,2026-07-01,62205.6,0.05,2692.45
emp_002607,2026-07-01,117662.88,0.07,20433.55
emp_002607,2025-07-01,111002.72,0.07,19276.93
emp_002607,2024-07-01,104719.54,0.07,18185.79
emp_002608,2026-07-01,153212.87,0.1,24877.8
emp_002608,2025-07-01,144540.44,0.1,23469.62
emp_002609,2026-07-01,195774.31,0.2,81595.21
emp_002609,2025-07-01,184692.75,0.2,76976.61
emp_002609,2024-07-01,174238.44,0.2,72619.45
emp_002610,2026-07-01,145584.57,0.2,141892.75
emp_002610,2025-07-01,137343.93,0.2,133861.08
emp_002610,2024-07-01,129569.75,0.2,126284.04
emp_002611,2026-07-01,141776.7,0.15,36967.5
emp_002611,2025-07-01,133751.6,0.15,34875.0
emp_002612,2026-07-01,165603.25,0.12,54127.68
emp_002613,2026-07-01,184008.86,0.2,96163.88
emp_002613,2025-07-01,173593.26,0.2,90720.64
emp_002613,2024-07-01,163767.23,0.2,85585.51
emp_002614,2026-07-01,142408.08,0.1,28797.52
emp_002614,2025-07-01,134347.25,0.1,27167.47
emp_002614,2024-07-01,126742.68,0.1,25629.69
emp_002615,2026-07-01,77056.98,0.05,5070.98
emp_002616,2026-07-01,185239.32,0.12,60924.52
emp_002616,2025-07-01,174754.08,0.12,57475.96
emp_002617,2026-07-01,144728.61,0.12,53985.1
emp_002617,2025-07-01,136536.42,0.12,50929.34
emp_002617,2024-07-01,128807.95,0.12,48046.55
emp_002618,2026-07-01,111933.1,0.1,23531.26
emp_002618,2025-07-01,105597.26,0.1,22199.3
emp_002618,2024-07-01,99620.06,0.1,20942.74
emp_002619,2026-07-01,193182.31,0.12,31194.41
emp_002619,2025-07-01,182247.46,0.12,29428.69
emp_002619,2024-07-01,171931.57,0.12,27762.91
emp_002620,2026-07-01,57904.14,0.05,4638.6
emp_002621,2026-07-01,100862.64,0.07,8995.74
emp_002622,2026-07-01,106686.52,0.07,17820.5
emp_002623,2026-07-01,191087.79,0.15,47607.09
emp_002623,2025-07-01,180271.5,0.15,44912.35
emp_002623,2024-07-01,170067.45,0.15,42370.14
emp_002624,2026-07-01,70879.44,0.05,3866.73
emp_002624,2025-07-01,66867.4,0.05,3647.86
emp_002625,2026-07-01,117711.66,0.1,26429.71
emp_002625,2025-07-01,111048.74,0.1,24933.69
emp_002626,2026-07-01,125446.24,0.1,36012.55
emp_002627,2026-07-01,111143.88,0.07,15359.62
emp_002627,2025-07-01,104852.72,0.07,14490.21
emp_002627,2024-07-01,98917.66,0.07,13670.01
emp_002628,2026-07-01,152861.82,0.15,40075.77
emp_002628,2025-07-01,144209.26,0.15,37807.33
emp_002629,2026-07-01,77564.69,0.05,6345.15
emp_002630,2026-07-01,160132.83,0.1,18778.8
emp_002630,2025-07-01,151068.71,0.1,17715.85
emp_002630,2024-07-01,142517.65,0.1,16713.07
emp_002631,2026-07-01,167474.43,0.12,72855.2
emp_002631,2025-07-01,157994.75,0.12,68731.32
emp_002632,2026-07-01,89214.52,0.05,4061.78
emp_002633,2026-07-01,81684.26,0.07,12305.58
emp_002634,2026-07-01,156006.82,0.12,58843.57
emp_002635,2026-07-01,131748.77,0.1,30801.03
emp_002636,2026-07-01,42186.08,0.1,31206.93
emp_002636,2025-07-01,39798.19,0.1,29440.5
emp_002637,2026-07-01,700357.64,0.55,754114.52
emp_002637,2025-07-01,660714.75,0.55,711428.79
emp_002637,2024-07-01,623315.81,0.55,671159.24
emp_002638,2026-07-01,70420.05,0.05,4551.34
emp_002638,2025-07-01,66434.01,0.05,4293.72
emp_002639,2026-07-01,93652.96,0.07,11248.65
emp_002640,2026-07-01,135397.64,0.15,42433.2
emp_002640,2025-07-01,127733.62,0.15,40031.32
emp_002640,2024-07-01,120503.42,0.15,37765.4
emp_002641,2026-07-01,111186.61,0.07,15322.8
emp_002642,2026-07-01,128741.97,0.15,36048.53
emp_002642,2025-07-01,121454.69,0.15,34008.05
emp_002642,2024-07-01,114579.89,0.15,32083.06
emp_002643,2026-07-01,230693.42,0.2,85335.1
emp_002644,2026-07-01,196675.98,0.15,113158.06
emp_002644,2025-07-01,185543.38,0.15,106752.89
emp_002645,2026-07-01,152706.79,0.2,55548.96
emp_002645,2025-07-01,144063.01,0.2,52404.68
emp_002645,2024-07-01,135908.5,0.2,49438.38
emp_002646,2026-07-01,162430.98,0.12,52859.29
emp_002647,2026-07-01,126375.49,0.1,27044.23
emp_002648,2026-07-01,160018.32,0.1,27090.41
emp_002649,2026-07-01,156528.0,0.15,49941.7
emp_002649,2025-07-01,147667.92,0.15,47114.81
emp_002649,2024-07-01,139309.36,0.15,44447.94
emp_002650,2026-07-01,201951.15,0.15,144004.02
emp_002650,2025-07-01,190519.95,0.15,135852.85
emp_002651,2026-07-01,149736.53,0.12,53442.94
emp_002652,2026-07-01,239867.32,0.2,105810.46
emp_002652,2025-07-01,226289.92,0.2,99821.19
emp_002652,2024-07-01,213481.06,0.2,94170.93
emp_002653,2026-07-01,85169.09,0.07,13139.46
emp_002654,2026-07-01,152381.61,0.15,44125.03
emp_002654,2025-07-01,143756.24,0.15,41627.39
emp_002654,2024-07-01,135619.09,0.15,39271.12
emp_002655,2026-07-01,107910.43,0.07,10905.25
emp_002655,2025-07-01,101802.29,0.07,10287.97
emp_002655,2024-07-01,96039.9,0.07,9705.63
emp_002656,2026-07-01,176920.93,0.12,48814.54
emp_002657,2026-07-01,108961.06,0.07,14923.85
emp_002658,2026-07-01,164786.49,0.15,51004.47
emp_002658,2025-07-01,155458.95,0.15,48117.42
emp_002659,2026-07-01,44048.51,0.05,4975.35
emp_002659,2025-07-01,41555.2,0.05,4693.73
emp_002659,2024-07-01,39203.02,0.05,4428.04
emp_002660,2026-07-01,135467.83,0.1,25860.04
emp_002660,2025-07-01,127799.84,0.1,24396.26
emp_002660,2024-07-01,120565.89,0.1,23015.34
emp_002661,2026-07-01,342391.5,0.35,411253.72
emp_002661,2025-07-01,323010.85,0.35,387975.21
emp_002661,2024-07-01,304727.22,0.35,366014.35
emp_002662,2026-07-01,203785.01,0.2,88635.16
emp_002662,2025-07-01,192250.01,0.2,83618.08
emp_002663,2026-07-01,107389.72,0.07,13261.1
emp_002664,2026-07-01,91623.26,0.07,16666.73
emp_002664,2025-07-01,86437.04,0.07,15723.33
emp_002664,2024-07-01,81544.38,0.07,14833.33
emp_002665,2026-07-01,133498.19,0.1,32282.93
emp_002665,2025-07-01,125941.69,0.1,30455.59
emp_002665,2024-07-01,118812.91,0.1,28731.69
emp_002666,2026-07-01,30000.0,0.05,5228.78
emp_002667,2026-07-01,156863.85,0.12,52760.38
emp_002667,2025-07-01,147984.76,0.12,49773.94
emp_002667,2024-07-01,139608.27,0.12,46956.55
emp_002668,2026-07-01,129447.96,0.1,22576.58
emp_002668,2025-07-01,122120.72,0.1,21298.66
emp_002668,2024-07-01,115208.22,0.1,20093.08
emp_002669,2026-07-01,253656.09,0.15,105438.37
emp_002669,2025-07-01,239298.2,0.15,99470.16
emp_002669,2024-07-01,225753.02,0.15,93839.77
emp_002670,2026-07-01,288297.78,0.35,459737.18
emp_002670,2025-07-01,271979.04,0.35,433714.32
emp_002671,2026-07-01,119966.85,0.1,27681.84
emp_002671,2025-07-01,113176.27,0.1,26114.94
emp_002671,2024-07-01,106770.07,0.1,24636.74
emp_002672,2026-07-01,95407.49,0.07,9957.63
emp_002673,2026-07-01,125919.56,0.1,24512.01
emp_002674,2026-07-01,182670.92,0.15,44760.79
emp_002675,2026-07-01,236230.32,0.2,95447.58
emp_002675,2025-07-01,222858.79,0.2,90044.89
emp_002675,2024-07-01,210244.14,0.2,84948.01
emp_002676,2026-07-01,52801.75,0.12,58371.62
emp_002676,2025-07-01,49812.97,0.12,55067.57
emp_002677,2026-07-01,175605.56,0.2,100130.31
emp_002677,2025-07-01,165665.62,0.2,94462.56
emp_002678,2026-07-01,220500.16,0.2,75547.11
emp_002678,2025-07-01,208019.02,0.2,71270.86
emp_002678,2024-07-01,196244.36,0.2,67236.66
emp_002679,2026-07-01,73245.65,0.05,4977.95
emp_002679,2025-07-01,69099.67,0.05,4696.18
emp_002679,2024-07-01,65188.37,0.05,4430.36
emp_002680,2026-07-01,67894.62,0.05,5066.96
emp_002681,2026-07-01,39785.22,0.1,20690.59
emp_002681,2025-07-01,37533.23,0.1,19519.42
emp_002682,2026-07-01,58963.58,0.05,5501.96
emp_002682,2025-07-01,55626.02,0.05,5190.53
emp_002682,2024-07-01,52477.38,0.05,4896.72
emp_002683,2026-07-01,146378.83,0.12,68764.66
emp_002684,2026-07-01,95447.79,0.07,11190.99
emp_002685,2026-07-01,159896.62,0.15,48711.43
emp_002685,2025-07-01,150845.87,0.15,45954.18
emp_002685,2024-07-01,142307.42,0.15,43353.0
emp_002686,2026-07-01,299377.91,0.25,123177.26
emp_002686,2025-07-01,282431.99,0.25,116204.96
emp_002686,2024-07-01,266445.27,0.25,109627.32
emp_002687,2026-07-01,79191.57,0.07,8334.78
emp_002687,2025-07-01,74709.03,0.07,7863.0
emp_002688,2026-07-01,130620.41,0.07,12751.07
emp_002689,2026-07-01,30000.0,0.05,5087.36
emp_002690,2026-07-01,129510.57,0.15,38450.63
emp_002690,2025-07-01,122179.78,0.15,36274.18
emp_002691,2026-07-01,92039.13,0.07,9860.75
emp_002691,2025-07-01,86829.37,0.07,9302.59
emp_002691,2024-07-01,81914.5,0.07,8776.03
emp_002692,2026-07-01,123097.56,0.07,11189.33
emp_002693,2026-07-01,185597.19,0.15,48671.38
emp_002693,2025-07-01,175091.69,0.15,45916.4
emp_002693,2024-07-01,165180.84,0.15,43317.35
emp_002694,2026-07-01,74995.66,0.05,4257.63
emp_002695,2026-07-01,430885.57,0.35,310424.66
emp_002695,2025-07-01,406495.82,0.35,292853.45
emp_002696,2026-07-01,42755.62,0.1,26024.94
emp_002696,2025-07-01,40335.49,0.1,24551.83
emp_002697,2026-07-01,69423.79,0.05,5344.87
emp_002698,2026-07-01,66509.81,0.05,2584.07
emp_002698,2025-07-01,62745.1,0.05,2437.8
emp_002699,2026-07-01,145434.74,0.1,28349.37
emp_002699,2025-07-01,137202.58,0.1,26744.69
emp_002699,2024-07-01,129436.4,0.1,25230.84
emp_002700,2026-07-01,226026.98,0.15,142617.33
emp_002700,2025-07-01,213233.0,0.15,134544.65
emp_002700,2024-07-01,201163.21,0.15,126928.92
emp_002701,2026-07-01,346439.61,0.35,367799.14
emp_002701,2025-07-01,326829.82,0.35,346980.32
emp_002701,2024-07-01,308330.02,0.35,327339.93
emp_002702,2026-07-01,61399.64,0.05,5502.02
emp_002703,2026-07-01,128418.71,0.1,21348.32
emp_002704,2026-07-01,223348.98,0.2,98172.77
emp_002704,2025-07-01,210706.58,0.2,92615.82
emp_002704,2024-07-01,198779.8,0.2,87373.42
emp_002705,2026-07-01,187127.78,0.15,102699.87
emp_002705,2025-07-01,176535.64,0.15,96886.67
emp_002705,2024-07-01,166543.06,0.15,91402.52
emp_002706,2026-07-01,87490.41,0.05,5564.3
emp_002706,2025-07-01,82538.12,0.05,5249.34
emp_002706,2024-07-01,77866.15,0.05,4952.21
emp_002707,2026-07-01,229757.89,0.15,108879.17
emp_002708,2026-07-01,139236.95,0.1,29376.14
emp_002709,2026-07-01,162917.31,0.15,45906.21
emp_002709,2025-07-01,153695.58,0.15,43307.75
emp_002710,2026-07-01,124023.56,0.1,36950.46
emp_002710,2025-07-01,117003.36,0.1,34858.92
emp_002711,2026-07-01,74009.93,0.05,4881.65
emp_002711,2025-07-01,69820.69,0.05,4605.33
emp_002711,2024-07-01,65868.57,0.05,4344.65
emp_002712,2026-07-01,78026.88,0.07,14728.86
emp_002713,2026-07-01,141582.66,0.1,19374.18
emp_002713,2025-07-01,133568.55,0.1,18277.53
emp_002713,2024-07-01,126008.06,0.1,17242.95
emp_002714,2026-07-01,95906.26,0.07,11933.27
emp_002715,2026-07-01,97993.84,0.07,13320.14
emp_002715,2025-07-01,92447.02,0.07,12566.17
emp_002715,2024-07-01,87214.17,0.07,11854.88
emp_002716,2026-07-01,80272.76,0.07,9532.49
emp_002716,2025-07-01,75729.02,0.07,8992.92
emp_002716,2024-07-01,71442.47,0.07,8483.88
emp_002717,2026-07-01,144199.43,0.1,28794.4
emp_002717,2025-07-01,136037.2,0.1,27164.53
emp_002717,2024-07-01,128336.98,0.1,25626.91
emp_002718,2026-07-01,152348.74,0.1,21984.19
emp_002718,2025-07-01,143725.23,0.1,20739.8
emp_002718,2024-07-01,135589.84,0.1,19565.85
emp_002719,2026-07-01,142674.24,0.1,21453.79
emp_002719,2025-07-01,134598.34,0.1,20239.42
emp_002720,2026-07-01,69693.01,0.05,2467.13
emp_002721,2026-07-01,138120.41,0.15,50297.77
emp_002721,2025-07-01,130302.27,0.15,47450.73
emp_002721,2024-07-01,122926.67,0.15,44764.84
emp_002722,2026-07-01,236047.51,0.25,139377.69
emp_002722,2025-07-01,222686.33,0.25,131488.39
emp_002722,2024-07-01,210081.44,0.25,124045.65
emp_002723,2026-07-01,100061.58,0.07,6048.46
emp_002724,2026-07-01,109660.43,0.1,24023.39
emp_002724,2025-07-01,103453.24,0.1,22663.58
emp_002725,2026-07-01,76503.97,0.07,14945.93
emp_002725,2025-07-01,72173.56,0.07,14099.93
emp_002725,2024-07-01,68088.26,0.07,13301.82
emp_002726,2026-07-01,151145.22,0.15,62169.99
emp_002726,2025-07-01,142589.83,0.15,58650.93
emp_002726,2024-07-01,134518.71,0.15,55331.07
emp_002727,2026-07-01,186022.03,0.2,92131.02
emp_002728,2026-07-01,96849.95,0.07,7935.38
emp_002729,2026-07-01,171546.73,0.15,35474.29
emp_002729,2025-07-01,161836.54,0.15,33466.31
emp_002729,2024-07-01,152675.98,0.15,31571.99
emp_002730,2026-07-01,115984.04,0.07,11810.72
emp_002731,2026-07-01,98729.73,0.07,10879.24
emp_002732,2026-07-01,113586.67,0.07,15155.77
emp_002733,2026-07-01,71842.82,0.05,5575.74
emp_002733,2025-07-01,67776.25,0.05,5260.13
emp_002734,2026-07-01,84046.24,0.07,8610.82
emp_002734,2025-07-01,79288.91,0.07,8123.42
emp_002734,2024-07-01,74800.85,0.07,7663.6
emp_002735,2026-07-01,160126.61,0.12,52708.26
emp_002736,2026-07-01,60198.29,0.05,6564.37
emp_002737,2026-07-01,102524.95,0.07,5607.91
emp_002737,2025-07-01,96721.65,0.07,5290.48
emp_002738,2026-07-01,71853.93,0.05,6490.87
emp_002739,2026-07-01,123954.69,0.07,14777.89
emp_002739,2025-07-01,116938.39,0.07,13941.41
emp_002740,2026-07-01,72857.55,0.05,4479.93
emp_002741,2026-07-01,109848.44,0.1,19087.75
emp_002742,2026-07-01,82709.09,0.05,1755.21
emp_002743,2026-07-01,114687.9,0.07,11771.99
emp_002744,2026-07-01,108262.71,0.1,22434.99
emp_002744,2025-07-01,102134.63,0.1,21165.08
emp_002744,2024-07-01,96353.43,0.1,19967.06
emp_002745,2026-07-01,107582.46,0.07,12424.48
emp_002746,2026-07-01,136902.55,0.12,56393.67
emp_002746,2025-07-01,129153.35,0.12,53201.58
emp_002746,2024-07-01,121842.78,0.12,50190.17
emp_002747,2026-07-01,147382.34,0.15,56701.9
emp_002747,2025-07-01,139039.94,0.15,53492.36
emp_002747,2024-07-01,131169.76,0.15,50464.49
emp_002748,2026-07-01,142051.51,0.1,20178.87
emp_002749,2026-07-01,64687.71,0.05,4691.95
emp_002750,2026-07-01,84270.93,0.07,11661.49
emp_002751,2026-07-01,127552.74,0.12,75705.74
emp_002751,2025-07-01,120332.77,0.12,71420.51
emp_002752,2026-07-01,151907.09,0.15,38284.61
emp_002752,2025-07-01,143308.58,0.15,36117.56
emp_002753,2026-07-01,200257.63,0.15,39209.5
emp_002753,2025-07-01,188922.29,0.15,36990.09
emp_002754,2026-07-01,54912.01,0.05,4720.63
emp_002754,2025-07-01,51803.78,0.05,4453.42
emp_002754,2024-07-01,48871.49,0.05,4201.34
emp_002755,2026-07-01,167594.78,0.15,55290.24
emp_002755,2025-07-01,158108.28,0.15,52160.6
emp_002755,2024-07-01,149158.76,0.15,49208.12
emp_002756,2026-07-01,138644.21,0.12,65077.56
emp_002756,2025-07-01,130796.42,0.12,61393.92
emp_002756,2024-07-01,123392.85,0.12,57918.8
emp_002757,2026-07-01,346653.1,0.25,133350.51
emp_002757,2025-07-01,327031.23,0.25,125802.37
emp_002758,2026-07-01,152452.68,0.15,57758.96
emp_002758,2025-07-01,143823.28,0.15,54489.58
emp_002758,2024-07-01,135682.34,0.15,51405.27
emp_002759,2026-07-01,102391.75,0.07,15653.64
emp_002760,2026-07-01,77359.15,0.07,9453.92
emp_002761,2026-07-01,138257.25,0.15,41672.82
emp_002761,2025-07-01,130431.37,0.15,39313.98
emp_002762,2026-07-01,408944.3,0.35,403414.11
emp_002762,2025-07-01,385796.51,0.35,380579.35
emp_002762,2024-07-01,363958.97,0.35,359037.12
emp_002763,2026-07-01,52766.29,0.15,50112.78
emp_002763,2025-07-01,49779.52,0.15,47276.21
emp_002764,2026-07-01,203220.68,0.2,115265.01
emp_002765,2026-07-01,117398.2,0.1,24525.96
emp_002765,2025-07-01,110753.02,0.1,23137.7
emp_002766,2026-07-01,75261.42,0.07,4622.1
emp_002767,2026-07-01,147213.09,0.15,53384.19
emp_002767,2025-07-01,138880.27,0.15,50362.44
emp_002768,2026-07-01,66897.31,0.05,3276.37
emp_002768,2025-07-01,63110.67,0.05,3090.92
emp_002769,2026-07-01,100218.87,0.07,9782.1
emp_002769,2025-07-01,94546.1,0.07,9228.4
emp_002770,2026-07-01,128682.21,0.15,60504.77
emp_002770,2025-07-01,121398.31,0.15,57079.97
emp_002770,2024-07-01,114526.71,0.15,53849.03
emp_002771,2026-07-01,152099.3,0.12,41993.05
emp_002771,2025-07-01,143489.91,0.12,39616.08
emp_002772,2026-07-01,78102.52,0.2,70623.3
emp_002772,2025-07-01,73681.62,0.2,66625.75
emp_002772,2024-07-01,69510.96,0.2,62854.49
emp_002773,2026-07-01,54685.37,0.05,5286.94
emp_002774,2026-07-01,227456.58,0.2,97805.82
emp_002774,2025-07-01,214581.68,0.2,92269.64
emp_002774,2024-07-01,202435.55,0.2,87046.83
emp_002775,2026-07-01,109217.14,0.1,19665.94
emp_002775,2025-07-01,103035.04,0.1,18552.77
emp_002775,2024-07-01,97202.87,0.1,17502.62
emp_002776,2026-07-01,168131.87,0.2,70621.45
emp_002776,2025-07-01,158614.97,0.2,66624.01
emp_002776,2024-07-01,149636.77,0.2,62852.84
emp_002777,2026-07-01,114617.16,0.07,11519.25
emp_002778,2026-07-01,87560.37,0.07,13098.86
emp_002779,2026-07-01,132088.93,0.15,45371.18
emp_002779,2025-07-01,124612.2,0.15,42803.0
emp_002779,2024-07-01,117558.68,0.15,40380.19
emp_002780,2026-07-01,107830.59,0.07,9757.63
emp_002781,2026-07-01,84871.18,0.05,7179.59
emp_002782,2026-07-01,161787.7,0.12,50059.94
emp_002783,2026-07-01,168347.39,0.15,39456.31
emp_002784,2026-07-01,66224.67,0.05,6586.41
emp_002784,2025-07-01,62476.1,0.05,6213.59
emp_002785,2026-07-01,91584.46,0.07,13690.99
emp_002785,2025-07-01,86400.43,0.07,12916.03
emp_002786,2026-07-01,116429.42,0.07,10538.7
emp_002786,2025-07-01,109839.08,0.07,9942.17
emp_002786,2024-07-01,103621.77,0.07,9379.41
emp_002787,2026-07-01,166869.73,0.12,46648.61
emp_002788,2026-07-01,44306.62,0.1,33644.28
emp_002789,2026-07-01,96660.39,0.07,9509.35
emp_002789,2025-07-01,91189.05,0.07,8971.08
emp_002789,2024-07-01,86027.4,0.07,8463.29
emp_002790,2026-07-01,120789.63,0.1,24054.25
emp_002790,2025-07-01,113952.48,0.1,22692.69
emp_002791,2026-07-01,153106.25,0.1,29924.83
emp_002792,2026-07-01,199082.18,0.15,99514.4
emp_002792,2025-07-01,187813.38,0.15,93881.51
emp_002793,2026-07-01,61854.63,0.05,5223.14
emp_002793,2025-07-01,58353.42,0.05,4927.49
emp_002794,2026-07-01,384673.35,0.35,428343.53
emp_002794,2025-07-01,362899.39,0.35,404097.67
emp_002794,2024-07-01,342357.91,0.35,381224.22
emp_002795,2026-07-01,93465.76,0.07,15006.36
emp_002796,2026-07-01,47418.38,0.15,44886.93
emp_002796,2025-07-01,44734.32,0.15,42346.16
emp_002796,2024-07-01,42202.19,0.15,39949.21
emp_002797,2026-07-01,121030.58,0.12,55166.71
emp_002798,2026-07-01,211676.47,0.2,81355.98
emp_002798,2025-07-01,199694.78,0.2,76750.92
emp_002799,2026-07-01,202845.7,0.12,46825.1
emp_002799,2025-07-01,191363.87,0.12,44174.62
emp_002799,2024-07-01,180531.95,0.12,41674.17
emp_002800,2026-07-01,50885.2,0.05,6739.87
emp_002800,2025-07-01,48004.91,0.05,6358.37
emp_002800,2024-07-01,45287.65,0.05,5998.46
emp_002801,2026-07-01,179629.8,0.15,56462.52
emp_002802,2026-07-01,99429.33,0.07,14768.86
emp_002803,2026-07-01,30000.0,0.05,5022.1
emp_002803,2025-07-01,28301.89,0.05,4737.83
emp_002803,2024-07-01,26699.89,0.05,4469.65
emp_002804,2026-07-01,239932.38,0.25,167905.2
emp_002804,2025-07-01,226351.3,0.25,158401.13
emp_002804,2024-07-01,213538.96,0.25,149435.03
emp_002805,2026-07-01,70310.59,0.05,3727.29
emp_002806,2026-07-01,101474.95,0.07,12125.85
emp_002807,2026-07-01,88732.93,0.07,12438.0
emp_002808,2026-07-01,81048.4,0.07,9844.33
emp_002809,2026-07-01,92882.03,0.07,14708.89
emp_002810,2026-07-01,151973.25,0.1,20193.96
emp_002810,2025-07-01,143370.99,0.1,19050.91
emp_002810,2024-07-01,135255.65,0.1,17972.55
emp_002811,2026-07-01,137165.91,0.12,51715.48
emp_002811,2025-07-01,129401.8,0.12,48788.19
emp_002811,2024-07-01,122077.17,0.12,46026.59
emp_002812,2026-07-01,235676.85,0.2,122026.43
emp_002812,2025-07-01,222336.65,0.2,115119.27
emp_002813,2026-07-01,444279.89,0.35,350424.47
emp_002813,2025-07-01,419131.97,0.35,330589.12
emp_002813,2024-07-01,395407.52,0.35,311876.53
emp_002814,2026-07-01,66434.25,0.05,4775.62
emp_002815,2026-07-01,75077.65,0.07,13393.57
emp_002816,2026-07-01,87757.37,0.07,8248.62
emp_002816,2025-07-01,82789.97,0.07,7781.72
emp_002817,2026-07-01,133478.0,0.12,46626.16
emp_002817,2025-07-01,125922.64,0.12,43986.94
emp_002818,2026-07-01,168950.06,0.12,71435.22
emp_002818,2025-07-01,159386.85,0.12,67391.72
emp_002819,2026-07-01,36987.9,0.1,23316.94
emp_002819,2025-07-01,34894.25,0.1,21997.11
emp_002819,2024-07-01,32919.1,0.1,20751.99
emp_002820,2026-07-01,130396.91,0.15,58875.2
emp_002820,2025-07-01,123015.95,0.15,55542.64
emp_002820,2024-07-01,116052.79,0.15,52398.72
emp_002821,2026-07-01,103059.9,0.07,9911.79
emp_002822,2026-07-01,83868.56,0.07,13753.9
emp_002823,2026-07-01,151996.13,0.15,53359.64
emp_002824,2026-07-01,115191.73,0.1,34131.15
emp_002824,2025-07-01,108671.44,0.1,32199.2
emp_002824,2024-07-01,102520.23,0.1,30376.6
emp_002825,2026-07-01,136380.31,0.1,23157.43
emp_002825,2025-07-01,128660.67,0.1,21846.63
emp_002826,2026-07-01,122096.91,0.07,8266.33
emp_002826,2025-07-01,115185.76,0.07,7798.42
emp_002827,2026-07-01,225010.24,0.15,114039.7
emp_002828,2026-07-01,143800.63,0.15,38094.58
emp_002828,2025-07-01,135660.97,0.15,35938.28
emp_002828,2024-07-01,127982.05,0.15,33904.04
emp_002829,2026-07-01,101539.68,0.07,12345.39
emp_002830,2026-07-01,70763.4,0.05,2815.63
emp_002831,2026-07-01,95925.34,0.07,7596.67
emp_002832,2026-07-01,266577.68,0.2,112115.09
emp_002833,2026-07-01,67972.69,0.05,5134.81
emp_002833,2025-07-01,64125.18,0.05,4844.16
emp_002833,2024-07-01,60495.45,0.05,4569.96
emp_002834,2026-07-01,155657.77,0.1,31400.81
emp_002834,2025-07-01,146846.95,0.1,29623.41
emp_002835,2026-07-01,219278.46,0.2,66024.26
emp_002835,2025-07-01,206866.47,0.2,62287.04
emp_002836,2026-07-01,75261.67,0.05,4416.53
emp_002836,2025-07-01,71001.58,0.05,4166.54
emp_002836,2024-07-01,66982.62,0.05,3930.7
emp_002837,2026-07-01,175129.77,0.15,46429.0
emp_002837,2025-07-01,165216.76,0.15,43800.94
emp_002837,2024-07-01,155864.87,0.15,41321.64
emp_002838,2026-07-01,190828.16,0.15,127194.19
emp_002838,2025-07-01,180026.57,0.15,119994.52
emp_002839,2026-07-01,131723.92,0.1,26621.41
emp_002839,2025-07-01,124267.85,0.1,25114.54
emp_002840,2026-07-01,92736.51,0.07,10907.86
emp_002840,2025-07-01,87487.27,0.07,10290.43
emp_002840,2024-07-01,82535.16,0.07,9707.96
emp_002841,2026-07-01,157412.9,0.15,43214.44
emp_002841,2025-07-01,148502.74,0.15,40768.34
emp_002841,2024-07-01,140096.92,0.15,38460.7
emp_002842,2026-07-01,160856.1,0.15,49451.73
emp_002842,2025-07-01,151751.04,0.15,46652.58
emp_002842,2024-07-01,143161.36,0.15,44011.86
emp_002843,2026-07-01,245938.65,0.15,106953.87
emp_002843,2025-07-01,232017.59,0.15,100899.88
emp_002843,2024-07-01,218884.52,0.15,95188.56
emp_002844,2026-07-01,119385.1,0.1,28843.25
emp_002845,2026-07-01,111732.69,0.07,11275.95
emp_002845,2025-07-01,105408.2,0.07,10637.69
emp_002845,2024-07-01,99441.7,0.07,10035.56
emp_002846,2026-07-01,70731.03,0.07,12230.25
emp_002846,2025-07-01,66727.39,0.07,11537.97
emp_002847,2026-07-01,123567.45,0.07,9068.38
emp_002847,2025-07-01,116573.07,0.07,8555.08
emp_002847,2024-07-01,109974.59,0.07,8070.83
emp_002848,2026-07-01,183183.6,0.2,89197.26
emp_002848,2025-07-01,172814.72,0.2,84148.36
emp_002849,2026-07-01,58752.39,0.05,4611.07
emp_002850,2026-07-01,109131.25,0.07,15429.9
emp_002851,2026-07-01,124491.11,0.1,13556.9
emp_002852,2026-07-01,71602.14,0.05,3689.89
emp_002852,2025-07-01,67549.19,0.05,3481.03
emp_002852,2024-07-01,63725.65,0.05,3283.99
emp_002853,2026-07-01,86713.95,0.05,3812.77
emp_002854,2026-07-01,143432.1,0.15,42862.71
emp_002854,2025-07-01,135313.3,0.15,40436.52
emp_002854,2024-07-01,127654.06,0.15,38147.66
emp_002855,2026-07-01,214643.75,0.2,107078.66
emp_002855,2025-07-01,202494.1,0.2,101017.6
emp_002856,2026-07-01,123234.07,0.15,40591.71
emp_002856,2025-07-01,116258.56,0.15,38294.07
emp_002857,2026-07-01,160874.11,0.12,37387.05
emp_002857,2025-07-01,151768.03,0.12,35270.8
emp_002857,2024-07-01,143177.39,0.12,33274.34
emp_002858,2026-07-01,85542.16,0.07,11211.27
emp_002859,2026-07-01,180655.01,0.12,59435.92
emp_002859,2025-07-01,170429.25,0.12,56071.62
emp_002859,2024-07-01,160782.32,0.12,52897.76
emp_002860,2026-07-01,176703.56,0.2,103008.53
emp_002860,2025-07-01,166701.47,0.2,97177.86
emp_002860,2024-07-01,157265.54,0.2,91677.22
emp_002861,2026-07-01,180730.01,0.15,46645.48
emp_002862,2026-07-01,124368.57,0.07,12997.57
emp_002862,2025-07-01,117328.84,0.07,12261.86
emp_002862,2024-07-01,110687.58,0.07,11567.79
emp_002863,2026-07-01,111254.86,0.07,12643.38
emp_002863,2025-07-01,104957.42,0.07,11927.72
emp_002864,2026-07-01,89616.67,0.07,8987.1
emp_002865,2026-07-01,92776.78,0.07,12384.31
emp_002866,2026-07-01,66928.78,0.05,5370.39
emp_002866,2025-07-01,63140.36,0.05,5066.41
emp_002866,2024-07-01,59566.38,0.05,4779.63
emp_002867,2026-07-01,121897.91,0.1,27623.5
emp_002867,2025-07-01,114998.03,0.1,26059.91
emp_002867,2024-07-01,108488.71,0.1,24584.82
emp_002868,2026-07-01,194566.09,0.15,102686.33
emp_002868,2025-07-01,183552.92,0.15,96873.9
emp_002868,2024-07-01,173163.13,0.15,91390.47
emp_002869,2026-07-01,65848.94,0.05,3517.4
emp_002870,2026-07-01,178242.44,0.12,58106.35
emp_002870,2025-07-01,168153.25,0.12,54817.31
emp_002870,2024-07-01,158635.14,0.12,51714.44
emp_002871,2026-07-01,193957.59,0.12,80382.98
emp_002872,2026-07-01,151872.34,0.1,18294.82
emp_002872,2025-07-01,143275.79,0.1,17259.26
emp_002873,2026-07-01,131129.06,0.1,29541.54
emp_002874,2026-07-01,110890.33,0.07,13110.46
emp_002875,2026-07-01,78759.31,0.07,10751.36
emp_002876,2026-07-01,220566.27,0.15,119127.1
emp_002876,2025-07-01,208081.39,0.15,112384.06
emp_002876,2024-07-01,196303.2,0.15,106022.69
emp_002877,2026-07-01,177571.81,0.15,40391.77
emp_002877,2025-07-01,167520.58,0.15,38105.44
emp_002877,2024-07-01,158038.28,0.15,35948.53
emp_002878,2026-07-01,55422.21,0.12,72532.74
emp_002879,2026-07-01,125358.74,0.1,16007.55
emp_002879,2025-07-01,118262.96,0.1,15101.46
emp_002880,2026-07-01,134187.69,0.1,31936.54
emp_002881,2026-07-01,96459.72,0.07,9734.68
emp_002881,2025-07-01,90999.74,0.07,9183.66
emp_002882,2026-07-01,269721.71,0.25,191804.79
emp_002882,2025-07-01,254454.44,0.25,180947.92
emp_002883,2026-07-01,65209.42,0.05,3156.33
emp_002884,2026-07-01,182738.32,0.12,67982.43
emp_002884,2025-07-01,172394.64,0.12,64134.37
emp_002884,2024-07-01,162636.45,0.12,60504.12
emp_002885,2026-07-01,253962.54,0.25,153358.4
emp_002885,2025-07-01,239587.3,0.25,144677.74
emp_002886,2026-07-01,125281.17,0.1,27644.93
emp_002886,2025-07-01,118189.78,0.1,26080.12
emp_002887,2026-07-01,124440.07,0.1,26584.97
emp_002888,2026-07-01,188496.68,0.15,37492.89
emp_002888,2025-07-01,177827.06,0.15,35370.65
emp_002889,2026-07-01,95333.94,0.07,8216.13
emp_002890,2026-07-01,91473.15,0.07,11140.38
emp_002891,2026-07-01,161241.28,0.15,45746.09
emp_002891,2025-07-01,152114.42,0.15,43156.69
emp_002892,2026-07-01,59125.38,0.05,5540.46
emp_002893,2026-07-01,180589.17,0.12,53271.09
emp_002894,2026-07-01,180654.64,0.12,64749.63
emp_002894,2025-07-01,170428.91,0.12,61084.56
emp_002895,2026-07-01,299497.87,0.25,189512.46
emp_002895,2025-07-01,282545.16,0.25,178785.34
emp_002895,2024-07-01,266552.04,0.25,168665.41
emp_002896,2026-07-01,147779.96,0.1,34871.59
emp_002896,2025-07-01,139415.06,0.1,32897.73
emp_002897,2026-07-01,73951.43,0.07,12378.91
emp_002897,2025-07-01,69765.5,0.07,11678.22
emp_002898,2026-07-01,165758.39,0.12,44115.15
emp_002898,2025-07-01,156375.84,0.12,41618.07
emp_002899,2026-07-01,244804.85,0.15,179008.73
emp_002900,2026-07-01,198578.7,0.15,134459.33
emp_002900,2025-07-01,187338.4,0.15,126848.42
emp_002901,2026-07-01,173001.61,0.15,36843.59
emp_002901,2025-07-01,163209.07,0.15,34758.1
emp_002902,2026-07-01,159773.11,0.15,45383.55
emp_002902,2025-07-01,150729.35,0.15,42814.67
emp_002903,2026-07-01,202122.36,0.15,33599.28
emp_002903,2025-07-01,190681.47,0.15,31697.43
emp_002903,2024-07-01,179888.18,0.15,29903.24
emp_002904,2026-07-01,202126.41,0.12,54764.84
emp_002904,2025-07-01,190685.29,0.12,51664.94
emp_002905,2026-07-01,228352.72,0.15,94948.41
emp_002905,2025-07-01,215427.09,0.15,89573.97
emp_002905,2024-07-01,203233.11,0.15,84503.75
emp_002906,2026-07-01,144496.83,0.1,21714.94
emp_002906,2025-07-01,136317.76,0.1,20485.79
emp_002907,2026-07-01,84701.05,0.07,11345.22
emp_002907,2025-07-01,79906.65,0.07,10703.04
emp_002908,2026-07-01,116671.93,0.1,23138.54
emp_002908,2025-07-01,110067.86,0.1,21828.81
emp_002908,2024-07-01,103837.6,0.1,20593.22
emp_002909,2026-07-01,95114.98,0.07,14386.0
emp_002910,2026-07-01,139393.32,0.15,50873.61
emp_002911,2026-07-01,68133.93,0.05,5340.78
emp_002912,2026-07-01,118627.33,0.07,13556.21
emp_002913,2026-07-01,166433.44,0.1,26152.24
emp_002914,2026-07-01,93823.22,0.07,10073.61
emp_002915,2026-07-01,201210.5,0.2,115528.06
emp_002916,2026-07-01,97066.71,0.07,12964.87
emp_002916,2025-07-01,91572.37,0.07,12231.01
emp_002916,2024-07-01,86389.03,0.07,11538.69
emp_002917,2026-07-01,92473.78,0.07,13377.43
emp_002917,2025-07-01,87239.42,0.07,12620.22
emp_002917,2024-07-01,82301.33,0.07,11905.87
emp_002918,2026-07-01,182379.73,0.2,98366.68
emp_002919,2026-07-01,96895.26,0.1,21388.42
emp_002919,2025-07-01,91410.62,0.1,20177.75
emp_002919,2024-07-01,86236.44,0.1,19035.62
emp_002920,2026-07-01,30000.0,0.07,11175.02
emp_002921,2026-07-01,120840.13,0.07,12492.8
emp_002921,2025-07-01,114000.12,0.07,11785.66
emp_002922,2026-07-01,168539.93,0.15,96922.23
emp_002922,2025-07-01,158999.93,0.15,91436.07
emp_002922,2024-07-01,149999.94,0.15,86260.44
emp_002923,2026-07-01,153874.14,0.1,34712.34
emp_002923,2025-07-01,145164.28,0.1,32747.49
emp_002924,2026-07-01,145302.43,0.1,31125.76
emp_002924,2025-07-01,137077.76,0.1,29363.92
emp_002924,2024-07-01,129318.65,0.1,27701.82
emp_002925,2026-07-01,209050.88,0.2,78828.99
emp_002925,2025-07-01,197217.81,0.2,74366.97
emp_002926,2026-07-01,218888.29,0.2,23447.15
emp_002926,2025-07-01,206498.39,0.2,22119.95
emp_002926,2024-07-01,194809.8,0.2,20867.88
emp_002927,2026-07-01,138360.71,0.12,50602.3
emp_002927,2025-07-01,130528.97,0.12,47738.02
emp_002928,2026-07-01,159685.08,0.15,45535.21
emp_002928,2025-07-01,150646.3,0.15,42957.75
emp_002929,2026-07-01,78536.48,0.05,3249.95
emp_002930,2026-07-01,162147.7,0.12,42053.98
emp_002931,2026-07-01,119648.59,0.1,23130.44
emp_002931,2025-07-01,112876.03,0.1,21821.17
emp_002932,2026-07-01,103664.31,0.07,12443.69
emp_002933,2026-07-01,102195.46,0.07,9865.41
emp_002933,2025-07-01,96410.81,0.07,9306.99
emp_002933,2024-07-01,90953.6,0.07,8780.18
emp_002934,2026-07-01,206226.45,0.15,61255.53
emp_002934,2025-07-01,194553.25,0.15,57788.24
emp_002934,2024-07-01,183540.81,0.15,54517.2
emp_002935,2026-07-01,105511.88,0.1,25482.12
emp_002936,2026-07-01,53270.88,0.05,5619.21
emp_002937,2026-07-01,104713.08,0.07,11871.14
emp_002938,2026-07-01,181758.36,0.2,89531.12
emp_002938,2025-07-01,171470.15,0.2,84463.32
emp_002938,2024-07-01,161764.29,0.2,79682.38
emp_002939,2026-07-01,127285.75,0.15,39845.48
emp_002939,2025-07-01,120080.9,0.15,37590.08
emp_002939,2024-07-01,113283.86,0.15,35462.34
emp_002940,2026-07-01,95285.91,0.07,16649.96
emp_002941,2026-07-01,77987.41,0.05,4025.22
emp_002941,2025-07-01,73573.03,0.05,3797.38
emp_002941,2024-07-01,69408.52,0.05,3582.43
emp_002942,2026-07-01,196327.52,0.12,67455.83
emp_002943,2026-07-01,137065.31,0.1,25460.93
emp_002944,2026-07-01,127022.48,0.1,27305.55
emp_002944,2025-07-01,119832.53,0.1,25759.95
emp_002944,2024-07-01,113049.56,0.1,24301.84
emp_002945,2026-07-01,107088.56,0.07,8718.08
emp_002945,2025-07-01,101026.94,0.07,8224.6
emp_002946,2026-07-01,57842.56,0.05,5048.56
emp_002947,2026-07-01,194810.7,0.12,62512.38
emp_002948,2026-07-01,69525.52,0.07,11404.63
emp_002949,2026-07-01,174197.96,0.15,62836.36
emp_002949,2025-07-01,164337.7,0.15,59279.58
emp_002950,2026-07-01,85618.79,0.07,12209.47
emp_002950,2025-07-01,80772.44,0.07,11518.37
emp_002950,2024-07-01,76200.42,0.07,10866.38
emp_002951,2026-07-01,179203.13,0.12,66720.77
emp_002952,2026-07-01,74151.12,0.05,4631.13
emp_002953,2026-07-01,186322.86,0.2,89163.42
emp_002953,2025-07-01,175776.28,0.2,84116.43
emp_002953,2024-07-01,165826.68,0.2,79355.13
emp_002954,2026-07-01,128220.44,0.15,49867.54
emp_002954,2025-07-01,120962.68,0.15,47044.85
emp_002954,2024-07-01,114115.74,0.15,44381.93
emp_002955,2026-07-01,51273.5,0.15,52697.15
emp_002955,2025-07-01,48371.23,0.15,49714.29
emp_002956,2026-07-01,156179.44,0.12,53265.21
emp_002956,2025-07-01,147339.09,0.12,50250.2
emp_002956,2024-07-01,138999.15,0.12,47405.85
emp_002957,2026-07-01,101573.83,0.07,13144.43
emp_002957,2025-07-01,95824.37,0.07,12400.41
emp_002958,2026-07-01,158910.54,0.15,43283.43
emp_002958,2025-07-01,149915.6,0.15,40833.42
emp_002958,2024-07-01,141429.81,0.15,38522.1
emp_002959,2026-07-01,107275.8,0.1,24641.7
emp_002959,2025-07-01,101203.58,0.1,23246.89
emp_002959,2024-07-01,95475.08,0.1,21931.03
emp_002960,2026-07-01,114070.42,0.07,14681.33
emp_002960,2025-07-01,107613.6,0.07,13850.31
emp_002961,2026-07-01,121532.54,0.1,26541.79
emp_002961,2025-07-01,114653.34,0.1,25039.42
emp_002962,2026-07-01,55215.21,0.05,4538.4
emp_002962,2025-07-01,52089.82,0.05,4281.51
emp_002963,2026-07-01,103254.48,0.1,25482.18
emp_002964,2026-07-01,188913.38,0.12,63903.13
emp_002964,2025-07-01,178220.17,0.12,60285.97
emp_002965,2026-07-01,247138.95,0.25,167195.07
emp_002965,2025-07-01,233149.95,0.25,157731.2
emp_002966,2026-07-01,110807.1,0.1,22890.74
emp_002966,2025-07-01,104535.0,0.1,21595.04
emp_002967,2026-07-01,60868.37,0.05,4932.6
emp_002968,2026-07-01,88133.92,0.07,12487.63
emp_002969,2026-07-01,56039.57,0.05,4766.11
emp_002970,2026-07-01,77250.31,0.07,9793.37
emp_002971,2026-07-01,140964.47,0.1,31671.68
emp_002972,2026-07-01,86942.58,0.07,13769.74
emp_002973,2026-07-01,201721.33,0.15,94978.62
emp_002973,2025-07-01,190303.14,0.15,89602.47
emp_002974,2026-07-01,91645.93,0.07,15230.0
emp_002975,2026-07-01,152118.79,0.1,15066.91
emp_002975,2025-07-01,143508.29,0.1,14214.07
emp_002975,2024-07-01,135385.18,0.1,13409.5
emp_002976,2026-07-01,150696.29,0.15,60635.55
emp_002977,2026-07-01,133402.43,0.1,25106.62
emp_002978,2026-07-01,135873.96,0.1,25412.74
emp_002979,2026-07-01,301939.07,0.25,215176.7
emp_002979,2025-07-01,284848.18,0.25,202996.89
emp_002980,2026-07-01,109415.75,0.1,22418.24
emp_002981,2026-07-01,147596.26,0.1,31005.5
emp_002981,2025-07-01,139241.75,0.1,29250.47
emp_002982,2026-07-01,418614.51,0.35,462045.74
emp_002982,2025-07-01,394919.35,0.35,435892.21
emp_002982,2024-07-01,372565.42,0.35,411219.06
emp_002983,2026-07-01,131026.25,0.1,22801.94
emp_002984,2026-07-01,96906.63,0.1,18905.19
emp_002984,2025-07-01,91421.35,0.1,17835.08
emp_002984,2024-07-01,86246.56,0.1,16825.55
emp_002985,2026-07-01,116951.93,0.1,21426.03
emp_002985,2025-07-01,110332.01,0.1,20213.24
emp_002985,2024-07-01,104086.8,0.1,19069.09
emp_002986,2026-07-01,102113.14,0.1,22412.57
emp_002987,2026-07-01,210064.89,0.15,125811.13
emp_002987,2025-07-01,198174.42,0.15,118689.75
emp_002987,2024-07-01,186957.0,0.15,111971.46
emp_002988,2026-07-01,58061.89,0.05,5330.73
emp_002988,2025-07-01,54775.37,0.05,5028.99
emp_002988,2024-07-01,51674.88,0.05,4744.33
emp_002989,2026-07-01,98038.22,0.07,11615.38
emp_002990,2026-07-01,87381.98,0.07,13731.03
emp_002991,2026-07-01,82541.04,0.05,4905.35
emp_002992,2026-07-01,496224.06,0.55,1298106.4
emp_002992,2025-07-01,468135.91,0.55,1224628.68
emp_002992,2024-07-01,441637.65,0.55,1155310.07
emp_002993,2026-07-01,233399.77,0.25,160188.89
emp_002993,2025-07-01,220188.46,0.25,151121.59
emp_002993,2024-07-01,207724.96,0.25,142567.54
emp_002994,2026-07-01,75304.45,0.07,14618.16
emp_002994,2025-07-01,71041.93,0.07,13790.72
emp_002994,2024-07-01,67020.69,0.07,13010.11
emp_002995,2026-07-01,119188.11,0.1,24838.79
emp_002996,2026-07-01,161652.35,0.15,51242.16
emp_002996,2025-07-01,152502.22,0.15,48341.66
emp_002996,2024-07-01,143870.02,0.15,45605.34
emp_002997,2026-07-01,150152.52,0.12,56140.92
emp_002997,2025-07-01,141653.32,0.12,52963.13
emp_002998,2026-07-01,115205.63,0.07,12776.58
emp_002999,2026-07-01,406374.58,0.35,442136.33
emp_002999,2025-07-01,383372.25,0.35,417109.75
emp_002999,2024-07-01,361671.93,0.35,393499.76
emp_003000,2026-07-01,103211.45,0.07,13429.32
emp_003000,2025-07-01,97369.29,0.07,12669.17
emp_003000,2024-07-01,91857.82,0.07,11952.05
emp_003001,2026-07-01,127305.12,0.1,21955.15
emp_003002,2026-07-01,103387.96,0.1,27028.73
emp_003002,2025-07-01,97535.81,0.1,25498.8
emp_003002,2024-07-01,92014.92,0.1,24055.47
emp_003003,2026-07-01,153255.63,0.15,46666.32
emp_003003,2025-07-01,144580.78,0.15,44024.83
emp_003004,2026-07-01,150805.8,0.15,163840.75
emp_003005,2026-07-01,166428.44,0.12,58750.38
emp_003005,2025-07-01,157007.96,0.12,55424.89
emp_003006,2026-07-01,75727.14,0.07,10176.83
emp_003006,2025-07-01,71440.7,0.07,9600.78
emp_003007,2026-07-01,126203.8,0.12,58978.11
emp_003008,2026-07-01,266318.41,0.25,136795.41
emp_003008,2025-07-01,251243.78,0.25,129052.27
emp_003009,2026-07-01,173829.74,0.15,46041.45
emp_003009,2025-07-01,163990.32,0.15,43435.33
emp_003010,2026-07-01,260486.53,0.25,148499.45
emp_003010,2025-07-01,245742.01,0.25,140093.82
emp_003010,2024-07-01,231832.08,0.25,132163.98
emp_003011,2026-07-01,81791.73,0.05,6093.2
emp_003012,2026-07-01,307858.46,0.25,132972.69
emp_003012,2025-07-01,290432.51,0.25,125445.93
emp_003012,2024-07-01,273992.93,0.25,118345.22
emp_003013,2026-07-01,77811.83,0.05,5057.95
emp_003013,2025-07-01,73407.39,0.05,4771.65
emp_003014,2026-07-01,70468.06,0.05,4854.86
emp_003015,2026-07-01,102876.83,0.07,12140.87
emp_003016,2026-07-01,143103.51,0.15,48344.02
emp_003017,2026-07-01,333010.85,0.35,519934.41
emp_003017,2025-07-01,314161.18,0.35,490504.16
emp_003017,2024-07-01,296378.47,0.35,462739.77
emp_003018,2026-07-01,231206.6,0.2,91344.71
emp_003018,2025-07-01,218119.43,0.2,86174.25
emp_003018,2024-07-01,205773.05,0.2,81296.47
emp_003019,2026-07-01,172872.83,0.12,64389.05
emp_003020,2026-07-01,53987.35,0.12,37886.87
emp_003021,2026-07-01,109686.66,0.07,11300.37
emp_003021,2025-07-01,103477.98,0.07,10660.73
emp_003021,2024-07-01,97620.74,0.07,10057.29
emp_003022,2026-07-01,168656.27,0.15,102818.85
emp_003022,2025-07-01,159109.69,0.15,96998.92
emp_003023,2026-07-01,182723.25,0.15,41678.94
emp_003023,2025-07-01,172380.42,0.15,39319.75
emp_003023,2024-07-01,162623.04,0.15,37094.11
emp_003024,2026-07-01,141143.46,0.1,21390.17
emp_003024,2025-07-01,133154.21,0.1,20179.41
emp_003024,2024-07-01,125617.18,0.1,19037.18
emp_003025,2026-07-01,118720.86,0.1,31389.21
emp_003026,2026-07-01,91054.7,0.07,14498.0
emp_003026,2025-07-01,85900.66,0.07,13677.36
emp_003026,2024-07-01,81038.36,0.07,12903.17
emp_003027,2026-07-01,86611.71,0.07,14060.17
emp_003027,2025-07-01,81709.16,0.07,13264.31
emp_003027,2024-07-01,77084.11,0.07,12513.5
emp_003028,2026-07-01,67029.92,0.15,110495.43
emp_003028,2025-07-01,63235.77,0.15,104240.97
emp_003028,2024-07-01,59656.39,0.15,98340.54
emp_003029,2026-07-01,189762.04,0.12,32725.9
emp_003029,2025-07-01,179020.79,0.12,30873.49
emp_003029,2024-07-01,168887.54,0.12,29125.93
emp_003030,2026-07-01,418445.97,0.35,533722.05
emp_003030,2025-07-01,394760.35,0.35,503511.37
emp_003031,2026-07-01,112120.04,0.07,11040.3
emp_003032,2026-07-01,156380.14,0.1,26844.4
emp_003033,2026-07-01,199315.46,0.12,50782.1
emp_003033,2025-07-01,188033.45,0.12,47907.64
emp_003033,2024-07-01,177390.05,0.12,45195.89
emp_003034,2026-07-01,78935.52,0.05,4932.79
emp_003034,2025-07-01,74467.47,0.05,4653.58
emp_003035,2026-07-01,132690.39,0.12,50109.71
emp_003035,2025-07-01,125179.61,0.12,47273.31
emp_003036,2026-07-01,180731.56,0.25,162658.93
emp_003036,2025-07-01,170501.47,0.25,153451.82
emp_003037,2026-07-01,198405.73,0.25,128009.44
emp_003037,2025-07-01,187175.22,0.25,120763.62
emp_003037,2024-07-01,176580.39,0.25,113927.95
emp_003038,2026-07-01,88019.85,0.07,8234.65
emp_003038,2025-07-01,83037.59,0.07,7768.54
emp_003039,2026-07-01,88719.38,0.07,10667.67
emp_003040,2026-07-01,179466.07,0.12,57124.71
emp_003040,2025-07-01,169307.61,0.12,53891.24
emp_003040,2024-07-01,159724.16,0.12,50840.79
emp_003041,2026-07-01,261098.41,0.15,163874.24
emp_003041,2025-07-01,246319.25,0.15,154598.34
emp_003042,2026-07-01,181651.01,0.2,97526.87
emp_003042,2025-07-01,171368.88,0.2,92006.48
emp_003042,2024-07-01,161668.75,0.2,86798.57
emp_003043,2026-07-01,161215.65,0.2,95875.37
emp_003043,2025-07-01,152090.24,0.2,90448.46
emp_003044,2026-07-01,194934.88,0.12,46919.07
emp_003045,2026-07-01,163113.26,0.12,34543.54
emp_003046,2026-07-01,197916.65,0.2,97338.29
emp_003046,2025-07-01,186713.82,0.2,91828.58
emp_003046,2024-07-01,176145.11,0.2,86630.73
emp_003047,2026-07-01,366680.0,0.35,419182.21
emp_003047,2025-07-01,345924.53,0.35,395454.92
emp_003047,2024-07-01,326343.89,0.35,373070.67
emp_003048,2026-07-01,156220.16,0.12,61123.08
emp_003049,2026-07-01,128207.27,0.1,28452.93
emp_003050,2026-07-01,187535.88,0.15,34713.78
emp_003051,2026-07-01,101232.51,0.07,10851.81
emp_003052,2026-07-01,53756.48,0.12,65131.26
emp_003052,2025-07-01,50713.66,0.12,61444.58
emp_003052,2024-07-01,47843.08,0.12,57966.59
emp_003053,2026-07-01,97540.44,0.07,12426.4
emp_003054,2026-07-01,215716.52,0.15,117201.32
emp_003054,2025-07-01,203506.15,0.15,110567.28
emp_003054,2024-07-01,191986.93,0.15,104308.76
emp_003055,2026-07-01,76243.99,0.07,14541.06
emp_003055,2025-07-01,71928.29,0.07,13717.98
emp_003056,2026-07-01,120139.68,0.1,22869.98
emp_003057,2026-07-01,552497.55,0.55,1139949.5
emp_003057,2025-07-01,521224.1,0.55,1075424.06
emp_003057,2024-07-01,491720.85,0.55,1014551.0
emp_003058,2026-07-01,197790.65,0.15,87723.84
emp_003058,2025-07-01,186594.95,0.15,82758.34
emp_003059,2026-07-01,76809.2,0.05,5678.26
emp_003059,2025-07-01,72461.51,0.05,5356.85
emp_003060,2026-07-01,117757.94,0.07,12961.19
emp_003060,2025-07-01,111092.4,0.07,12227.54
emp_003061,2026-07-01,315817.21,0.35,485530.5
emp_003061,2025-07-01,297940.76,0.35,458047.64
emp_003061,2024-07-01,281076.19,0.35,432120.42
emp_003062,2026-07-01,206282.9,0.2,71954.07
emp_003062,2025-07-01,194606.51,0.2,67881.2
emp_003062,2024-07-01,183591.05,0.2,64038.87
emp_003063,2026-07-01,174520.02,0.12,45409.0
emp_003064,2026-07-01,151326.01,0.1,30557.14
emp_003064,2025-07-01,142760.39,0.1,28827.49
emp_003065,2026-07-01,138496.55,0.12,60452.68
emp_003065,2025-07-01,130657.12,0.12,57030.83
emp_003065,2024-07-01,123261.44,0.12,53802.67
emp_003066,2026-07-01,64765.31,0.05,3806.26
emp_003066,2025-07-01,61099.35,0.05,3590.81
emp_003067,2026-07-01,171249.51,0.12,50237.38
emp_003067,2025-07-01,161556.14,0.12,47393.75
emp_003068,2026-07-01,128685.15,0.12,51052.3
emp_003068,2025-07-01,121401.08,0.12,48162.55
emp_003068,2024-07-01,114529.33,0.12,45436.37
emp_003069,2026-07-01,150881.29,0.12,50246.42
emp_003069,2025-07-01,142340.84,0.12,47402.28
emp_003069,2024-07-01,134283.81,0.12,44719.13
emp_003070,2026-07-01,133800.18,0.12,74872.1
emp_003071,2026-07-01,61095.21,0.05,3859.27
emp_003072,2026-07-01,71463.26,0.07,8269.33
emp_003073,2026-07-01,97147.47,0.07,10539.62
emp_003073,2025-07-01,91648.56,0.07,9943.04
emp_003073,2024-07-01,86460.9,0.07,9380.22
emp_003074,2026-07-01,83124.63,0.07,11642.64
emp_003074,2025-07-01,78419.46,0.07,10983.62
emp_003075,2026-07-01,128827.82,0.1,16758.2
emp_003075,2025-07-01,121535.68,0.1,15809.62
emp_003075,2024-07-01,114656.3,0.1,14914.74
emp_003076,2026-07-01,135984.34,0.1,22535.77
emp_003076,2025-07-01,128287.11,0.1,21260.16
emp_003076,2024-07-01,121025.58,0.1,20056.76
emp_003077,2026-07-01,126515.07,0.12,61048.02
emp_003077,2025-07-01,119353.84,0.12,57592.47
emp_003077,2024-07-01,112597.96,0.12,54332.52
emp_003078,2026-07-01,122747.8,0.1,19163.81
emp_003078,2025-07-01,115799.81,0.1,18079.07
emp_003078,2024-07-01,109245.11,0.1,17055.72
emp_003079,2026-07-01,105211.18,0.15,52183.96
emp_003079,2025-07-01,99255.83,0.15,49230.15
emp_003080,2026-07-01,87888.53,0.07,11582.65
emp_003081,2026-07-01,101484.55,0.1,26505.87
emp_003082,2026-07-01,191323.03,0.2,100790.57
emp_003082,2025-07-01,180493.42,0.2,95085.44
emp_003082,2024-07-01,170276.82,0.2,89703.25
emp_003083,2026-07-01,109622.9,0.1,31218.88
emp_003083,2025-07-01,103417.83,0.1,29451.77
emp_003083,2024-07-01,97563.99,0.1,27784.69
emp_003084,2026-07-01,135051.6,0.12,78072.75
emp_003084,2025-07-01,127407.17,0.12,73653.54
emp_003084,2024-07-01,120195.44,0.12,69484.47
emp_003085,2026-07-01,37550.02,0.1,24960.38
emp_003085,2025-07-01,35424.55,0.1,23547.53
emp_003085,2024-07-01,33419.38,0.1,22214.65
emp_003086,2026-07-01,104421.65,0.12,63953.36
emp_003086,2025-07-01,98510.99,0.12,60333.36
emp_003086,2024-07-01,92934.9,0.12,56918.26
emp_003087,2026-07-01,48897.19,0.05,3632.21
emp_003088,2026-07-01,108984.7,0.1,24668.9
emp_003089,2026-07-01,120574.03,0.1,14680.61
emp_003089,2025-07-01,113749.08,0.1,13849.63
emp_003089,2024-07-01,107310.46,0.1,13065.69
emp_003090,2026-07-01,74554.63,0.07,11780.38
emp_003091,2026-07-01,88791.87,0.07,10262.48
emp_003092,2026-07-01,134225.25,0.15,55970.67
emp_003092,2025-07-01,126627.59,0.15,52802.52
emp_003093,2026-07-01,231018.89,0.35,352782.69
emp_003093,2025-07-01,217942.35,0.35,332813.86
emp_003093,2024-07-01,205605.99,0.35,313975.34
emp_003094,2026-07-01,99911.77,0.1,20425.48
emp_003094,2025-07-01,94256.39,0.1,19269.32
emp_003094,2024-07-01,88921.12,0.1,18178.6
emp_003095,2026-07-01,73739.21,0.07,15104.35
emp_003095,2025-07-01,69565.29,0.07,14249.39
emp_003096,2026-07-01,165554.85,0.12,52531.1
emp_003096,2025-07-01,156183.82,0.12,49557.64
emp_003096,2024-07-01,147343.23,0.12,46752.49
emp_003097,2026-07-01,289569.42,0.35,282283.47
emp_003097,2025-07-01,273178.7,0.35,266305.16
emp_003097,2024-07-01,257715.75,0.35,251231.28
emp_003098,2026-07-01,467016.97,0.55,1007826.15
emp_003098,2025-07-01,440582.05,0.55,950779.39
emp_003098,2024-07-01,415643.44,0.55,896961.69
emp_003099,2026-07-01,134606.65,0.12,53971.07
emp_003099,2025-07-01,126987.41,0.12,50916.1
emp_003100,2026-07-01,219588.68,0.15,134672.86
emp_003100,2025-07-01,207159.13,0.15,127049.87
emp_003100,2024-07-01,195433.14,0.15,119858.37
emp_003101,2026-07-01,134261.46,0.12,24054.84
emp_003102,2026-07-01,131969.11,0.1,33475.26
emp_003102,2025-07-01,124499.16,0.1,31580.43
emp_003102,2024-07-01,117452.04,0.1,29792.86
emp_003103,2026-07-01,75532.22,0.25,151008.67
emp_003103,2025-07-01,71256.81,0.25,142461.01
emp_003103,2024-07-01,67223.41,0.25,134397.18
emp_003104,2026-07-01,176990.9,0.15,141872.75
emp_003104,2025-07-01,166972.55,0.15,133842.22
emp_003105,2026-07-01,75069.75,0.05,4205.39
emp_003106,2026-07-01,73770.25,0.07,13112.45
emp_003106,2025-07-01,69594.58,0.07,12370.24
emp_003107,2026-07-01,252379.1,0.25,166564.84
emp_003107,2025-07-01,238093.49,0.25,157136.64
emp_003108,2026-07-01,133657.64,0.1,20380.65
emp_003109,2026-07-01,360802.43,0.35,441951.61
emp_003109,2025-07-01,340379.65,0.35,416935.48
emp_003109,2024-07-01,321112.88,0.35,393335.36
emp_003110,2026-07-01,109263.85,0.1,17474.35
emp_003110,2025-07-01,103079.1,0.1,16485.24
emp_003110,2024-07-01,97244.44,0.1,15552.11
emp_003111,2026-07-01,211845.14,0.2,70437.28
emp_003111,2025-07-01,199853.91,0.2,66450.26
emp_003111,2024-07-01,188541.42,0.2,62688.93
emp_003112,2026-07-01,77297.53,0.07,11951.58
emp_003112,2025-07-01,72922.2,0.07,11275.08
emp_003112,2024-07-01,68794.53,0.07,10636.86
emp_003113,2026-07-01,82699.32,0.07,9877.98
emp_003114,2026-07-01,65854.87,0.05,4735.88
emp_003114,2025-07-01,62127.24,0.05,4467.81
emp_003114,2024-07-01,58610.6,0.05,4214.92
emp_003115,2026-07-01,174861.85,0.2,107553.77
emp_003115,2025-07-01,164964.01,0.2,101465.82
emp_003116,2026-07-01,47311.5,0.05,2401.66
emp_003117,2026-07-01,82312.59,0.07,16137.19
emp_003117,2025-07-01,77653.39,0.07,15223.76
emp_003117,2024-07-01,73257.91,0.07,14362.04
emp_003118,2026-07-01,87728.03,0.1,19878.18
emp_003118,2025-07-01,82762.29,0.1,18753.0
emp_003118,2024-07-01,78077.63,0.1,17691.51
emp_003119,2026-07-01,165171.13,0.2,130508.05
emp_003119,2025-07-01,155821.82,0.2,123120.8
emp_003119,2024-07-01,147001.72,0.2,116151.7
emp_003120,2026-07-01,273808.67,0.25,176665.54
emp_003120,2025-07-01,258310.07,0.25,166665.6
emp_003121,2026-07-01,56887.92,0.05,4998.94
emp_003121,2025-07-01,53667.85,0.05,4715.98
emp_003122,2026-07-01,123188.02,0.15,49517.26
emp_003122,2025-07-01,116215.11,0.15,46714.4
emp_003122,2024-07-01,109636.9,0.15,44070.19
emp_003123,2026-07-01,145067.18,0.12,55154.91
emp_003123,2025-07-01,136855.83,0.12,52032.93
emp_003124,2026-07-01,284658.66,0.25,105768.46
emp_003124,2025-07-01,268545.91,0.25,99781.57
emp_003125,2026-07-01,93612.09,0.1,19532.86
emp_003126,2026-07-01,93674.64,0.1,18512.5
emp_003126,2025-07-01,88372.3,0.1,17464.62
emp_003126,2024-07-01,83370.1,0.1,16476.06
emp_003127,2026-07-01,146072.27,0.12,52653.04
emp_003127,2025-07-01,137804.03,0.12,49672.68
emp_003128,2026-07-01,178095.65,0.25,119214.16
emp_003128,2025-07-01,168014.76,0.25,112466.19
emp_003129,2026-07-01,93320.22,0.1,22649.04
emp_003130,2026-07-01,134865.69,0.12,48236.12
emp_003130,2025-07-01,127231.78,0.12,45505.77
emp_003131,2026-07-01,142434.3,0.1,29221.42
emp_003131,2025-07-01,134371.98,0.1,27567.38
emp_003132,2026-07-01,140114.4,0.1,28540.8
emp_003133,2026-07-01,72014.75,0.07,13116.62
emp_003134,2026-07-01,119186.02,0.1,20405.21
emp_003134,2025-07-01,112439.64,0.1,19250.2
emp_003135,2026-07-01,99558.45,0.1,28442.66
emp_003136,2026-07-01,165115.83,0.2,76958.92
emp_003137,2026-07-01,153376.98,0.12,51053.8
emp_003137,2025-07-01,144695.26,0.12,48163.96
emp_003138,2026-07-01,131489.46,0.15,43179.95
emp_003138,2025-07-01,124046.66,0.15,40735.8
emp_003138,2024-07-01,117025.15,0.15,38430.0
emp_003139,2026-07-01,53961.68,0.05,4731.53
emp_003139,2025-07-01,50907.25,0.05,4463.71
emp_003139,2024-07-01,48025.7,0.05,4211.04
emp_003140,2026-07-01,154175.98,0.12,58982.93
emp_003140,2025-07-01,145449.04,0.12,55644.27
emp_003141,2026-07-01,208990.56,0.25,132366.84
emp_003141,2025-07-01,197160.91,0.25,124874.38
emp_003141,2024-07-01,186000.85,0.25,117806.02
emp_003142,2026-07-01,86573.36,0.07,15029.7
emp_003142,2025-07-01,81672.98,0.07,14178.96
emp_003143,2026-07-01,92007.54,0.07,12006.07
emp_003144,2026-07-01,54064.41,0.2,82452.83
emp_003144,2025-07-01,51004.16,0.2,77785.69
emp_003144,2024-07-01,48117.13,0.2,73382.73
emp_003145,2026-07-01,304284.04,0.25,120941.1
emp_003145,2025-07-01,287060.42,0.25,114095.38
emp_003146,2026-07-01,147171.18,0.15,29001.98
emp_003146,2025-07-01,138840.74,0.15,27360.36
emp_003146,2024-07-01,130981.83,0.15,25811.66
emp_003147,2026-07-01,197634.41,0.15,128548.68
emp_003147,2025-07-01,186447.56,0.15,121272.34
emp_003148,2026-07-01,167914.07,0.12,50559.09
emp_003148,2025-07-01,158409.5,0.12,47697.25
emp_003148,2024-07-01,149442.92,0.12,44997.41
emp_003149,2026-07-01,217391.95,0.25,206732.47
emp_003149,2025-07-01,205086.75,0.25,195030.63
emp_003149,2024-07-01,193478.06,0.25,183991.16
emp_003150,2026-07-01,68972.21,0.05,5678.9
emp_003150,2025-07-01,65068.12,0.05,5357.45
emp_003151,2026-07-01,85082.09,0.07,10227.13
emp_003151,2025-07-01,80266.12,0.07,9648.24
emp_003152,2026-07-01,202680.66,0.15,155677.09
emp_003152,2025-07-01,191208.17,0.15,146865.18
emp_003152,2024-07-01,180385.07,0.15,138552.06
emp_003153,2026-07-01,78491.5,0.05,7464.06
emp_003154,2026-07-01,77944.19,0.07,15263.31
emp_003155,2026-07-01,197066.83,0.15,125220.79
emp_003155,2025-07-01,185912.1,0.15,118132.82
emp_003155,2024-07-01,175388.78,0.15,111446.06
emp_003156,2026-07-01,120049.41,0.15,54508.53
emp_003156,2025-07-01,113254.16,0.15,51423.14
emp_003156,2024-07-01,106843.55,0.15,48512.4
emp_003157,2026-07-01,297939.35,0.35,384759.28
emp_003157,2025-07-01,281074.86,0.35,362980.45
emp_003157,2024-07-01,265164.96,0.35,342434.39
emp_003158,2026-07-01,126009.43,0.1,23968.98
emp_003158,2025-07-01,118876.82,0.1,22612.25
emp_003159,2026-07-01,54873.86,0.05,5953.03
emp_003160,2026-07-01,223018.45,0.25,152556.12
emp_003160,2025-07-01,210394.76,0.25,143920.87
emp_003160,2024-07-01,198485.63,0.25,135774.4
emp_003161,2026-07-01,179122.63,0.2,89337.22
emp_003161,2025-07-01,168983.61,0.2,84280.4
emp_003162,2026-07-01,196523.32,0.2,82660.45
emp_003162,2025-07-01,185399.36,0.2,77981.56
emp_003162,2024-07-01,174905.06,0.2,73567.51
emp_003163,2026-07-01,106055.69,0.1,23627.6
emp_003164,2026-07-01,113341.85,0.15,46634.42
emp_003164,2025-07-01,106926.27,0.15,43994.74
emp_003165,2026-07-01,174684.29,0.12,50994.34
emp_003165,2025-07-01,164796.5,0.12,48107.87
emp_003165,2024-07-01,155468.4,0.12,45384.78
emp_003166,2026-07-01,103220.67,0.1,24117.54
emp_003166,2025-07-01,97377.99,0.1,22752.4
emp_003166,2024-07-01,91866.03,0.1,21464.52
emp_003167,2026-07-01,89917.61,0.07,9787.34
emp_003168,2026-07-01,78448.46,0.07,9210.7
emp_003168,2025-07-01,74007.98,0.07,8689.34
emp_003169,2026-07-01,216013.63,0.25,236836.87
emp_003169,2025-07-01,203786.44,0.25,223431.01
emp_003169,2024-07-01,192251.36,0.25,210783.97
emp_003170,2026-07-01,169520.52,0.15,34871.17
emp_003170,2025-07-01,159925.02,0.15,32897.33
emp_003170,2024-07-01,150872.66,0.15,31035.22
emp_003171,2026-07-01,107967.12,0.1,30907.32
emp_003171,2025-07-01,101855.77,0.1,29157.85
emp_003172,2026-07-01,166570.95,0.2,73200.69
emp_003172,2025-07-01,157142.41,0.2,69057.25
emp_003172,2024-07-01,148247.55,0.2,65148.35
emp_003173,2026-07-01,76152.99,0.07,10453.52
emp_003173,2025-07-01,71842.44,0.07,9861.81
emp_003174,2026-07-01,43696.69,0.12,49454.18
emp_003175,2026-07-01,134564.09,0.15,43182.65
emp_003175,2025-07-01,126947.25,0.15,40738.35
emp_003176,2026-07-01,63833.13,0.05,6334.39
emp_003177,2026-07-01,288111.77,0.35,349864.29
emp_003177,2025-07-01,271803.56,0.35,330060.65
emp_003177,2024-07-01,256418.45,0.35,311377.97
emp_003178,2026-07-01,212913.41,0.2,89285.12
emp_003178,2025-07-01,200861.71,0.2,84231.25
emp_003179,2026-07-01,72909.94,0.07,12074.08
emp_003179,2025-07-01,68782.96,0.07,11390.64
emp_003179,2024-07-01,64889.59,0.07,10745.89
emp_003180,2026-07-01,84634.33,0.07,8225.78
emp_003180,2025-07-01,79843.71,0.07,7760.17
emp_003181,2026-07-01,145293.67,0.15,44392.24
emp_003182,2026-07-01,171695.22,0.15,107375.81
emp_003182,2025-07-01,161976.62,0.15,101297.93
emp_003182,2024-07-01,152808.13,0.15,95564.09
emp_003183,2026-07-01,172020.33,0.12,57712.5
emp_003183,2025-07-01,162283.33,0.12,54445.75
emp_003184,2026-07-01,75200.7,0.07,10803.88
emp_003185,2026-07-01,72343.31,0.07,11471.2
emp_003186,2026-07-01,87562.34,0.07,15618.85
emp_003186,2025-07-01,82605.98,0.07,14734.76
emp_003186,2024-07-01,77930.17,0.07,13900.72
emp_003187,2026-07-01,176736.98,0.15,100384.34
emp_003187,2025-07-01,166733.0,0.15,94702.21
emp_003187,2024-07-01,157295.28,0.15,89341.71
emp_003188,2026-07-01,160511.52,0.15,42699.63
emp_003188,2025-07-01,151425.96,0.15,40282.67
emp_003188,2024-07-01,142854.68,0.15,38002.52
emp_003189,2026-07-01,49010.22,0.05,5867.01
emp_003189,2025-07-01,46236.06,0.05,5534.92
emp_003189,2024-07-01,43618.92,0.05,5221.62
emp_003190,2026-07-01,92021.93,0.07,11594.84
emp_003190,2025-07-01,86813.14,0.07,10938.53
emp_003190,2024-07-01,81899.19,0.07,10319.37
emp_003191,2026-07-01,140114.54,0.1,25634.17
emp_003191,2025-07-01,132183.53,0.1,24183.18
emp_003191,2024-07-01,124701.44,0.1,22814.32
emp_003192,2026-07-01,93692.26,0.07,14855.48
emp_003192,2025-07-01,88388.92,0.07,14014.6
emp_003192,2024-07-01,83385.78,0.07,13221.32
emp_003193,2026-07-01,204808.18,0.15,102109.9
emp_003193,2025-07-01,193215.26,0.15,96330.09
emp_003193,2024-07-01,182278.55,0.15,90877.45
emp_003194,2026-07-01,119507.24,0.1,26210.55
emp_003194,2025-07-01,112742.68,0.1,24726.93
emp_003194,2024-07-01,106361.02,0.1,23327.3
emp_003195,2026-07-01,179919.65,0.15,47021.77
emp_003195,2025-07-01,169735.52,0.15,44360.16
emp_003195,2024-07-01,160127.85,0.15,41849.21
emp_003196,2026-07-01,151035.37,0.2,85377.13
emp_003196,2025-07-01,142486.2,0.2,80544.46
emp_003196,2024-07-01,134420.94,0.2,75985.34
emp_003197,2026-07-01,113210.6,0.1,27791.78
emp_003197,2025-07-01,106802.45,0.1,26218.66
emp_003197,2024-07-01,100757.03,0.1,24734.59
emp_003198,2026-07-01,67536.33,0.05,4047.45
emp_003198,2025-07-01,63713.52,0.05,3818.35
emp_003198,2024-07-01,60107.09,0.05,3602.22
emp_003199,2026-07-01,224173.24,0.25,215353.1
emp_003199,2025-07-01,211484.19,0.25,203163.3
emp_003200,2026-07-01,84681.12,0.07,11033.86
emp_003200,2025-07-01,79887.85,0.07,10409.3
emp_003200,2024-07-01,75365.9,0.07,9820.1
emp_003201,2026-07-01,493409.22,0.55,1123468.06
emp_003201,2025-07-01,465480.4,0.55,1059875.53
emp_003201,2024-07-01,439132.45,0.55,999882.57
emp_003202,2026-07-01,158960.67,0.15,34119.7
emp_003202,2025-07-01,149962.9,0.15,32188.4
emp_003202,2024-07-01,141474.43,0.15,30366.41
emp_003203,2026-07-01,145472.8,0.15,102387.21
emp_003203,2025-07-01,137238.49,0.15,96591.71
emp_003203,2024-07-01,129470.27,0.15,91124.25
emp_003204,2026-07-01,209994.57,0.2,94089.2
emp_003204,2025-07-01,198108.08,0.2,88763.4
emp_003204,2024-07-01,186894.42,0.2,83739.05
emp_003205,2026-07-01,120641.91,0.1,15459.47
emp_003205,2025-07-01,113813.12,0.1,14584.41
emp_003205,2024-07-01,107370.87,0.1,13758.87
emp_003206,2026-07-01,184595.49,0.15,130046.14
emp_003206,2025-07-01,174146.69,0.15,122685.04
emp_003206,2024-07-01,164289.33,0.15,115740.6
emp_003207,2026-07-01,181071.7,0.15,124019.93
emp_003207,2025-07-01,170822.36,0.15,116999.93
emp_003207,2024-07-01,161153.17,0.15,110377.3
emp_003208,2026-07-01,74994.72,0.07,12252.19
emp_003208,2025-07-01,70749.74,0.07,11558.67
emp_003209,2026-07-01,257405.36,0.25,169335.31
emp_003209,2025-07-01,242835.25,0.25,159750.29
emp_003209,2024-07-01,229089.85,0.25,150707.82
emp_003210,2026-07-01,76277.74,0.05,6553.55
emp_003210,2025-07-01,71960.13,0.05,6182.59
emp_003210,2024-07-01,67886.92,0.05,5832.64
emp_003211,2026-07-01,68174.34,0.07,11872.76
emp_003211,2025-07-01,64315.42,0.07,11200.72
emp_003212,2026-07-01,107126.94,0.1,23625.19
emp_003213,2026-07-01,148704.72,0.12,50387.12
emp_003214,2026-07-01,108451.16,0.1,23190.42
emp_003214,2025-07-01,102312.42,0.1,21877.75
emp_003214,2024-07-01,96521.15,0.1,20639.39
emp_003215,2026-07-01,152126.35,0.15,57333.55
emp_003215,2025-07-01,143515.42,0.15,54088.25
emp_003216,2026-07-01,44807.19,0.12,58317.93
emp_003216,2025-07-01,42270.93,0.12,55016.92
emp_003216,2024-07-01,39878.24,0.12,51902.75
emp_003217,2026-07-01,68162.15,0.05,4894.37
emp_003218,2026-07-01,78902.33,0.05,5551.02
emp_003219,2026-07-01,157150.7,0.12,54996.89
emp_003219,2025-07-01,148255.38,0.12,51883.86
emp_003220,2026-07-01,226351.07,0.15,116051.69
emp_003220,2025-07-01,213538.75,0.15,109482.73
emp_003220,2024-07-01,201451.65,0.15,103285.59
emp_003221,2026-07-01,145390.21,0.15,33141.45
emp_003221,2025-07-01,137160.58,0.15,31265.52
emp_003221,2024-07-01,129396.77,0.15,29495.77
emp_003222,2026-07-01,82741.64,0.07,12379.37
emp_003222,2025-07-01,78058.15,0.07,11678.65
emp_003222,2024-07-01,73639.77,0.07,11017.6
emp_003223,2026-07-01,76065.64,0.07,9740.3
emp_003224,2026-07-01,136468.34,0.1,28248.61
emp_003225,2026-07-01,113575.05,0.1,23195.7
emp_003225,2025-07-01,107146.27,0.1,21882.74
emp_003225,2024-07-01,101081.39,0.1,20644.09
emp_003226,2026-07-01,130095.58,0.1,29526.98
emp_003227,2026-07-01,116517.42,0.1,31078.86
emp_003228,2026-07-01,149649.88,0.15,47481.23
emp_003228,2025-07-01,141179.13,0.15,44793.61
emp_003229,2026-07-01,166936.49,0.15,36687.82
emp_003229,2025-07-01,157487.25,0.15,34611.15
emp_003230,2026-07-01,46196.32,0.05,4494.27
emp_003231,2026-07-01,55867.96,0.05,6269.81
emp_003231,2025-07-01,52705.62,0.05,5914.92
emp_003232,2026-07-01,94745.61,0.1,25338.32
emp_003232,2025-07-01,89382.65,0.1,23904.08
emp_003233,2026-07-01,138201.45,0.15,28766.68
emp_003234,2026-07-01,51227.01,0.05,5926.38
emp_003235,2026-07-01,112707.83,0.12,73650.78
emp_003236,2026-07-01,169716.01,0.15,66428.58
emp_003236,2025-07-01,160109.44,0.15,62668.47
emp_003236,2024-07-01,151046.64,0.15,59121.2
emp_003237,2026-07-01,166206.6,0.15,76115.84
emp_003238,2026-07-01,168531.54,0.15,60350.74
emp_003239,2026-07-01,92709.47,0.07,11334.55
emp_003239,2025-07-01,87461.76,0.07,10692.97
emp_003240,2026-07-01,120826.05,0.15,53545.16
emp_003241,2026-07-01,175988.56,0.15,112314.87
emp_003241,2025-07-01,166026.94,0.15,105957.42
emp_003242,2026-07-01,195714.95,0.2,97057.88
emp_003242,2025-07-01,184636.75,0.2,91564.04
emp_003242,2024-07-01,174185.61,0.2,86381.17
emp_003243,2026-07-01,81899.48,0.07,14486.98
emp_003243,2025-07-01,77263.66,0.07,13666.96
emp_003243,2024-07-01,72890.25,0.07,12893.36
emp_003244,2026-07-01,141364.74,0.12,54103.42
emp_003244,2025-07-01,133362.96,0.12,51040.96
emp_003245,2026-07-01,97348.62,0.1,24115.54
emp_003245,2025-07-01,91838.32,0.1,22750.51
emp_003246,2026-07-01,99898.98,0.1,23233.09
emp_003247,2026-07-01,331955.93,0.35,325892.07
emp_003247,2025-07-01,313165.97,0.35,307445.35
emp_003247,2024-07-01,295439.6,0.35,290042.78
emp_003248,2026-07-01,76728.29,0.07,15224.89
emp_003249,2026-07-01,217926.53,0.25,202308.9
emp_003249,2025-07-01,205591.07,0.25,190857.45
emp_003249,2024-07-01,193953.84,0.25,180054.2
emp_003250,2026-07-01,78977.03,0.07,12926.2
emp_003250,2025-07-01,74506.63,0.07,12194.53
emp_003251,2026-07-01,30000.0,0.07,8727.85
emp_003252,2026-07-01,165570.13,0.12,53810.05
emp_003252,2025-07-01,156198.24,0.12,50764.2
emp_003252,2024-07-01,147356.83,0.12,47890.75
emp_003253,2026-07-01,39745.41,0.1,29164.05
emp_003253,2025-07-01,37495.67,0.1,27513.25
emp_003253,2024-07-01,35373.27,0.1,25955.9
emp_003254,2026-07-01,152632.26,0.15,42518.15
emp_003255,2026-07-01,138730.85,0.1,21571.41
emp_003256,2026-07-01,158981.19,0.2,71600.73
emp_003256,2025-07-01,149982.25,0.2,67547.86
emp_003257,2026-07-01,35846.46,0.1,35937.56
emp_003258,2026-07-01,164253.37,0.2,108640.03
emp_003258,2025-07-01,154956.01,0.2,102490.59
emp_003259,2026-07-01,170402.42,0.15,55976.87
emp_003259,2025-07-01,160757.0,0.15,52808.37
emp_003260,2026-07-01,96913.99,0.1,21994.62
emp_003260,2025-07-01,91428.29,0.1,20749.64
emp_003260,2024-07-01,86253.11,0.1,19575.13
emp_003261,2026-07-01,168010.35,0.2,74434.7
emp_003261,2025-07-01,158500.33,0.2,70221.42
emp_003262,2026-07-01,188006.53,0.15,114713.0
emp_003263,2026-07-01,80812.18,0.05,4288.07
emp_003264,2026-07-01,102258.04,0.1,26944.92
emp_003264,2025-07-01,96469.85,0.1,25419.74
emp_003264,2024-07-01,91009.29,0.1,23980.88
emp_003265,2026-07-01,71575.23,0.05,3356.87
emp_003265,2025-07-01,67523.8,0.05,3166.86
emp_003266,2026-07-01,54299.12,0.05,5113.68
emp_003266,2025-07-01,51225.58,0.05,4824.23
emp_003267,2026-07-01,59917.2,0.07,14035.55
emp_003268,2026-07-01,84954.33,0.07,11551.2
emp_003269,2026-07-01,142904.07,0.1,23181.48
emp_003270,2026-07-01,186274.45,0.2,92988.56
emp_003270,2025-07-01,175730.61,0.2,87725.06
emp_003270,2024-07-01,165783.6,0.2,82759.49
emp_003271,2026-07-01,57685.08,0.05,7880.68
emp_003271,2025-07-01,54419.89,0.05,7434.6
emp_003272,2026-07-01,108961.88,0.1,20179.53
emp_003273,2026-07-01,133377.29,0.1,19619.46
emp_003273,2025-07-01,125827.63,0.1,18508.92
emp_003273,2024-07-01,118705.31,0.1,17461.25
emp_003274,2026-07-01,69121.23,0.05,4748.8
emp_003274,2025-07-01,65208.71,0.05,4480.0
emp_003274,2024-07-01,61517.65,0.05,4226.42
emp_003275,2026-07-01,128882.0,0.12,52027.34
emp_003275,2025-07-01,121586.79,0.12,49082.4
emp_003276,2026-07-01,162635.22,0.12,53553.02
emp_003276,2025-07-01,153429.45,0.12,50521.72
emp_003276,2024-07-01,144744.77,0.12,47662.0
emp_003277,2026-07-01,220627.47,0.15,100231.36
emp_003278,2026-07-01,87910.96,0.07,9819.99
emp_003279,2026-07-01,89276.59,0.07,12547.12
emp_003279,2025-07-01,84223.2,0.07,11836.91
emp_003279,2024-07-01,79455.85,0.07,11166.89
emp_003280,2026-07-01,84457.55,0.1,27040.18
emp_003280,2025-07-01,79676.93,0.1,25509.6
emp_003280,2024-07-01,75166.92,0.1,24065.66
emp_003281,2026-07-01,124325.81,0.1,30069.01
emp_003282,2026-07-01,165622.25,0.12,59529.24
emp_003282,2025-07-01,156247.41,0.12,56159.66
emp_003283,2026-07-01,122860.2,0.12,59527.99
emp_003283,2025-07-01,115905.85,0.12,56158.48
emp_003283,2024-07-01,109345.14,0.12,52979.7
emp_003284,2026-07-01,75929.88,0.07,14847.47
emp_003284,2025-07-01,71631.96,0.07,14007.05
emp_003284,2024-07-01,67577.32,0.07,13214.2
emp_003285,2026-07-01,203861.02,0.15,104569.23
emp_003286,2026-07-01,101280.53,0.1,29876.08
emp_003287,2026-07-01,66997.29,0.05,4605.01
emp_003287,2025-07-01,63204.99,0.05,4344.35
emp_003287,2024-07-01,59627.35,0.05,4098.44
emp_003288,2026-07-01,121871.36,0.12,53403.48
emp_003288,2025-07-01,114972.98,0.12,50380.64
emp_003289,2026-07-01,131142.9,0.1,20179.2
emp_003290,2026-07-01,143786.08,0.1,16567.96
emp_003290,2025-07-01,135647.25,0.1,15630.15
emp_003291,2026-07-01,82868.83,0.07,9161.28
emp_003291,2025-07-01,78178.14,0.07,8642.72
emp_003292,2026-07-01,47209.21,0.05,5073.61
emp_003293,2026-07-01,59962.87,0.05,3590.23
emp_003293,2025-07-01,56568.75,0.05,3387.01
emp_003293,2024-07-01,53366.74,0.05,3195.29
emp_003294,2026-07-01,80037.62,0.07,11971.96
emp_003294,2025-07-01,75507.19,0.07,11294.3
emp_003295,2026-07-01,181037.46,0.2,77188.83
emp_003295,2025-07-01,170790.06,0.2,72819.65
emp_003295,2024-07-01,161122.69,0.2,68697.78
emp_003296,2026-07-01,120707.76,0.15,36035.06
emp_003297,2026-07-01,71919.59,0.07,12611.0
emp_003298,2026-07-01,118746.12,0.15,30194.61
emp_003299,2026-07-01,76113.01,0.07,3536.72
emp_003299,2025-07-01,71804.73,0.07,3336.53
emp_003299,2024-07-01,67740.31,0.07,3147.67
emp_003300,2026-07-01,99817.38,0.07,11013.05
emp_003301,2026-07-01,30000.0,0.07,10057.14
emp_003302,2026-07-01,120621.07,0.1,23896.89
emp_003302,2025-07-01,113793.46,0.1,22544.24
emp_003303,2026-07-01,105869.68,0.1,14555.38
emp_003304,2026-07-01,65741.68,0.05,3459.77
emp_003304,2025-07-01,62020.45,0.05,3263.93
emp_003304,2024-07-01,58509.86,0.05,3079.18
emp_003305,2026-07-01,133413.77,0.12,59153.48
emp_003305,2025-07-01,125862.05,0.12,55805.17
emp_003305,2024-07-01,118737.78,0.12,52646.39
emp_003306,2026-07-01,65003.3,0.05,4646.51
emp_003306,2025-07-01,61323.87,0.05,4383.5
emp_003306,2024-07-01,57852.71,0.05,4135.38
emp_003307,2026-07-01,95298.97,0.07,10740.97
emp_003307,2025-07-01,89904.69,0.07,10132.99
emp_003307,2024-07-01,84815.74,0.07,9559.43
emp_003308,2026-07-01,77009.01,0.07,13926.55
emp_003309,2026-07-01,88569.39,0.07,7180.35
emp_003309,2025-07-01,83556.03,0.07,6773.92
emp_003309,2024-07-01,78826.44,0.07,6390.49
emp_003310,2026-07-01,259317.37,0.25,190483.54
emp_003310,2025-07-01,244639.03,0.25,179701.45
emp_003310,2024-07-01,230791.54,0.25,169529.67
emp_003311,2026-07-01,67303.75,0.07,12402.05
emp_003312,2026-07-01,30000.0,0.07,11535.2
emp_003312,2025-07-01,28301.89,0.07,10882.26
emp_003313,2026-07-01,65091.79,0.05,5492.93
emp_003314,2026-07-01,198992.6,0.25,243956.48
emp_003314,2025-07-01,187728.87,0.25,230147.62
emp_003314,2024-07-01,177102.71,0.25,217120.4
emp_003315,2026-07-01,108865.19,0.07,9436.09
emp_003316,2026-07-01,138906.87,0.12,58729.04
emp_003317,2026-07-01,185416.13,0.15,105160.62
emp_003317,2025-07-01,174920.88,0.15,99208.13
emp_003317,2024-07-01,165019.7,0.15,93592.58
emp_003318,2026-07-01,52986.82,0.05,5000.63
emp_003318,2025-07-01,49987.57,0.05,4717.58
emp_003319,2026-07-01,160377.17,0.15,121459.98
emp_003319,2025-07-01,151299.22,0.15,114584.89
emp_003319,2024-07-01,142735.11,0.15,108098.95
emp_003320,2026-07-01,123416.66,0.1,21589.14
emp_003320,2025-07-01,116430.81,0.1,20367.11
emp_003321,2026-07-01,182932.17,0.15,73267.83
emp_003321,2025-07-01,172577.52,0.15,69120.59
emp_003321,2024-07-01,162808.98,0.15,65208.11
emp_003322,2026-07-01,211091.43,0.15,101819.91
emp_003322,2025-07-01,199142.86,0.15,96056.52
emp_003323,2026-07-01,36553.4,0.1,24456.63
emp_003324,2026-07-01,124817.84,0.15,44799.96
emp_003324,2025-07-01,117752.68,0.15,42264.11
emp_003325,2026-07-01,54936.25,0.05,3984.8
emp_003326,2026-07-01,146213.21,0.15,62823.26
emp_003326,2025-07-01,137936.99,0.15,59267.23
emp_003326,2024-07-01,130129.24,0.15,55912.48
emp_003327,2026-07-01,146922.83,0.12,75462.64
emp_003327,2025-07-01,138606.44,0.12,71191.17
emp_003327,2024-07-01,130760.8,0.12,67161.48
emp_003328,2026-07-01,35699.08,0.1,34619.77
emp_003328,2025-07-01,33678.38,0.1,32660.16
emp_003329,2026-07-01,69839.83,0.07,11525.85
emp_003329,2025-07-01,65886.63,0.07,10873.44
emp_003329,2024-07-01,62157.2,0.07,10257.97
emp_003330,2026-07-01,129352.84,0.1,28207.88
emp_003331,2026-07-01,101624.91,0.07,11418.75
emp_003332,2026-07-01,104797.9,0.15,55747.74
emp_003332,2025-07-01,98865.94,0.15,52592.21
emp_003332,2024-07-01,93269.76,0.15,49615.29
emp_003333,2026-07-01,101976.61,0.1,29668.83
emp_003333,2025-07-01,96204.35,0.1,27989.46
emp_003334,2026-07-01,161259.22,0.15,143487.56
emp_003334,2025-07-01,152131.34,0.15,135365.62
emp_003335,2026-07-01,208673.52,0.25,149045.21
emp_003335,2025-07-01,196861.81,0.25,140608.69
emp_003335,2024-07-01,185718.69,0.25,132649.71
emp_003336,2026-07-01,214119.11,0.2,104747.31
emp_003336,2025-07-01,201999.16,0.2,98818.22
emp_003336,2024-07-01,190565.25,0.2,93224.73
emp_003337,2026-07-01,137033.01,0.12,44337.25
emp_003338,2026-07-01,157955.14,0.15,26017.49
emp_003339,2026-07-01,91624.5,0.1,27295.94
emp_003339,2025-07-01,86438.21,0.1,25750.89
emp_003339,2024-07-01,81545.48,0.1,24293.29
emp_003340,2026-07-01,36537.27,0.1,33090.87
emp_003340,2025-07-01,34469.12,0.1,31217.8
emp_003341,2026-07-01,158462.8,0.2,64220.32
emp_003341,2025-07-01,149493.21,0.2,60585.21
emp_003341,2024-07-01,141031.33,0.2,57155.86
emp_003342,2026-07-01,71056.02,0.05,4802.3
emp_003342,2025-07-01,67033.98,0.05,4530.47
emp_003342,2024-07-01,63239.6,0.05,4274.03
emp_003343,2026-07-01,125163.47,0.1,26368.64
emp_003343,2025-07-01,118078.75,0.1,24876.08
emp_003343,2024-07-01,111395.04,0.1,23468.0
emp_003344,2026-07-01,114782.93,0.1,28355.61
emp_003344,2025-07-01,108285.78,0.1,26750.58
emp_003344,2024-07-01,102156.4,0.1,25236.39
emp_003345,2026-07-01,87897.53,0.07,14406.52
emp_003345,2025-07-01,82922.2,0.07,13591.06
emp_003345,2024-07-01,78228.49,0.07,12821.75
emp_003346,2026-07-01,75273.44,0.07,12703.04
emp_003347,2026-07-01,181783.51,0.12,56653.53
emp_003348,2026-07-01,175552.3,0.2,87683.22
emp_003349,2026-07-01,126485.26,0.1,28769.58
emp_003349,2025-07-01,119325.72,0.1,27141.11
emp_003350,2026-07-01,85693.3,0.07,15727.62
emp_003351,2026-07-01,86354.35,0.05,6185.11
emp_003352,2026-07-01,233009.82,0.25,234780.37
emp_003352,2025-07-01,219820.58,0.25,221490.92
emp_003352,2024-07-01,207377.91,0.25,208953.69
emp_003353,2026-07-01,203154.5,0.25,166358.45
emp_003353,2025-07-01,191655.19,0.25,156941.93
emp_003354,2026-07-01,57380.58,0.05,4326.44
emp_003355,2026-07-01,130191.32,0.1,23033.16
emp_003355,2025-07-01,122822.0,0.1,21729.4
emp_003356,2026-07-01,184622.25,0.2,128931.13
emp_003356,2025-07-01,174171.93,0.2,121633.14
emp_003356,2024-07-01,164313.15,0.2,114748.25
emp_003357,2026-07-01,342659.72,0.35,473533.95
emp_003357,2025-07-01,323263.89,0.35,446730.14
emp_003357,2024-07-01,304965.93,0.35,421443.53
emp_003358,2026-07-01,172859.13,0.15,33205.46
emp_003358,2025-07-01,163074.65,0.15,31325.91
emp_003358,2024-07-01,153844.01,0.15,29552.74
emp_003359,2026-07-01,54473.33,0.05,4457.46
emp_003359,2025-07-01,51389.93,0.05,4205.15
emp_003359,2024-07-01,48481.07,0.05,3967.12
emp_003360,2026-07-01,98251.94,0.1,19310.26
emp_003360,2025-07-01,92690.51,0.1,18217.23
emp_003360,2024-07-01,87443.88,0.1,17186.06
emp_003361,2026-07-01,159916.27,0.12,45589.28
emp_003361,2025-07-01,150864.41,0.12,43008.75
emp_003361,2024-07-01,142324.91,0.12,40574.3
emp_003362,2026-07-01,89202.51,0.07,16684.03
emp_003362,2025-07-01,84153.31,0.07,15739.65
emp_003362,2024-07-01,79389.92,0.07,14848.73
emp_003363,2026-07-01,30000.0,0.05,5060.12
emp_003363,2025-07-01,28301.89,0.05,4773.7
emp_003364,2026-07-01,164518.72,0.15,140281.41
emp_003365,2026-07-01,60776.21,0.05,4145.39
emp_003365,2025-07-01,57336.05,0.05,3910.75
emp_003365,2024-07-01,54090.61,0.05,3689.38
emp_003366,2026-07-01,92935.72,0.1,22790.61
emp_003366,2025-07-01,87675.21,0.1,21500.58
emp_003366,2024-07-01,82712.46,0.1,20283.56
emp_003367,2026-07-01,177781.17,0.15,154161.01
emp_003368,2026-07-01,203012.5,0.2,90292.51
emp_003368,2025-07-01,191521.23,0.2,85181.61
emp_003369,2026-07-01,162633.28,0.12,54681.97
emp_003370,2026-07-01,72642.31,0.07,8726.82
emp_003371,2026-07-01,116680.76,0.1,29001.15
emp_003371,2025-07-01,110076.19,0.1,27359.58
emp_003371,2024-07-01,103845.46,0.1,25810.92
emp_003372,2026-07-01,110113.23,0.1,26332.29
emp_003372,2025-07-01,103880.41,0.1,24841.78
emp_003372,2024-07-01,98000.38,0.1,23435.64
emp_003373,2026-07-01,56914.45,0.05,6545.65
emp_003373,2025-07-01,53692.88,0.05,6175.14
emp_003374,2026-07-01,183352.78,0.2,105502.11
emp_003374,2025-07-01,172974.32,0.2,99530.29
emp_003374,2024-07-01,163183.32,0.2,93896.5
emp_003375,2026-07-01,133350.27,0.12,49329.73
emp_003375,2025-07-01,125802.14,0.12,46537.48
emp_003375,2024-07-01,118681.27,0.12,43903.28
emp_003376,2026-07-01,96718.4,0.07,5847.25
emp_003377,2026-07-01,31761.23,0.07,13357.69
emp_003377,2025-07-01,29963.42,0.07,12601.59
emp_003378,2026-07-01,122891.49,0.12,76128.12
emp_003378,2025-07-01,115935.37,0.12,71818.98
emp_003378,2024-07-01,109372.99,0.12,67753.76
emp_003379,2026-07-01,76206.35,0.07,14535.2
emp_003379,2025-07-01,71892.78,0.07,13712.45
emp_003380,2026-07-01,179014.37,0.2,111400.63
emp_003380,2025-07-01,168881.48,0.2,105094.93
emp_003380,2024-07-01,159322.15,0.2,99146.16
emp_003381,2026-07-01,62014.66,0.05,4130.43
emp_003382,2026-07-01,211114.95,0.2,80497.69
emp_003382,2025-07-01,199165.05,0.2,75941.22
emp_003382,2024-07-01,187891.55,0.2,71642.66
emp_003383,2026-07-01,378358.4,0.35,393575.35
emp_003383,2025-07-01,356941.89,0.35,371297.5
emp_003384,2026-07-01,165228.71,0.15,38828.83
emp_003384,2025-07-01,155876.14,0.15,36630.97
emp_003385,2026-07-01,67070.05,0.05,5747.49
emp_003386,2026-07-01,67791.55,0.05,4007.54
emp_003386,2025-07-01,63954.29,0.05,3780.7
emp_003387,2026-07-01,106374.44,0.1,19096.07
emp_003387,2025-07-01,100353.25,0.1,18015.16
emp_003388,2026-07-01,164260.45,0.15,65922.43
emp_003388,2025-07-01,154962.69,0.15,62190.97
emp_003389,2026-07-01,92802.82,0.07,16582.14
emp_003389,2025-07-01,87549.83,0.07,15643.53
emp_003390,2026-07-01,113246.92,0.15,26599.0
emp_003390,2025-07-01,106836.72,0.15,25093.4
emp_003391,2026-07-01,119845.82,0.1,27802.14
emp_003391,2025-07-01,113062.09,0.1,26228.43
emp_003391,2024-07-01,106662.35,0.1,24743.81
emp_003392,2026-07-01,147644.96,0.15,119602.07
emp_003393,2026-07-01,207357.09,0.2,63255.66
emp_003393,2025-07-01,195619.9,0.2,59675.15
emp_003394,2026-07-01,136488.34,0.15,45501.23
emp_003394,2025-07-01,128762.58,0.15,42925.69
emp_003394,2024-07-01,121474.14,0.15,40495.93
emp_003395,2026-07-01,148454.97,0.15,55833.82
emp_003395,2025-07-01,140051.86,0.15,52673.42
emp_003395,2024-07-01,132124.39,0.15,49691.9
emp_003396,2026-07-01,72209.76,0.07,6620.2
emp_003396,2025-07-01,68122.42,0.07,6245.47
emp_003396,2024-07-01,64266.43,0.07,5891.95
emp_003397,2026-07-01,164137.43,0.12,80401.0
emp_003397,2025-07-01,154846.63,0.12,75850.0
emp_003397,2024-07-01,146081.73,0.12,71556.6
emp_003398,2026-07-01,237590.87,0.25,205840.58
emp_003398,2025-07-01,224142.33,0.25,194189.23
emp_003398,2024-07-01,211455.03,0.25,183197.38
emp_003399,2026-07-01,30000.0,0.05,5083.62
emp_003399,2025-07-01,28301.89,0.05,4795.87
emp_003399,2024-07-01,26699.89,0.05,4524.4
emp_003400,2026-07-01,72340.56,0.05,5431.73
emp_003401,2026-07-01,188436.41,0.15,100874.63
emp_003401,2025-07-01,177770.2,0.15,95164.75
emp_003402,2026-07-01,144400.56,0.15,36130.76
emp_003402,2025-07-01,136226.94,0.15,34085.62
emp_003403,2026-07-01,83210.79,0.07,13692.11
emp_003403,2025-07-01,78500.75,0.07,12917.08
emp_003404,2026-07-01,341164.05,0.35,322560.73
emp_003404,2025-07-01,321852.88,0.35,304302.58
emp_003404,2024-07-01,303634.79,0.35,287077.9
emp_003405,2026-07-01,270241.56,0.35,346918.66
emp_003405,2025-07-01,254944.87,0.35,327281.75
emp_003405,2024-07-01,240514.03,0.35,308756.37
emp_003406,2026-07-01,63969.7,0.05,5485.32
emp_003407,2026-07-01,67957.74,0.07,8933.14
emp_003408,2026-07-01,74219.9,0.07,13014.42
emp_003409,2026-07-01,147494.02,0.1,28064.52
emp_003409,2025-07-01,139145.3,0.1,26475.96
emp_003410,2026-07-01,129667.39,0.1,27958.18
emp_003410,2025-07-01,122327.73,0.1,26375.64
emp_003411,2026-07-01,165333.47,0.15,43463.17
emp_003411,2025-07-01,155974.97,0.15,41002.99
emp_003411,2024-07-01,147146.2,0.15,38682.07
emp_003412,2026-07-01,120479.99,0.12,46366.93
emp_003412,2025-07-01,113660.37,0.12,43742.39
emp_003412,2024-07-01,107226.76,0.12,41266.4
emp_003413,2026-07-01,60409.11,0.05,5344.53
emp_003414,2026-07-01,137886.38,0.15,47975.08
emp_003414,2025-07-01,130081.49,0.15,45259.51
emp_003414,2024-07-01,122718.39,0.15,42697.65
emp_003415,2026-07-01,84058.19,0.07,13328.13
emp_003416,2026-07-01,114804.26,0.1,12452.35
emp_003416,2025-07-01,108305.91,0.1,11747.5
emp_003417,2026-07-01,136945.0,0.15,44474.78
emp_003418,2026-07-01,113954.83,0.15,57522.08
emp_003418,2025-07-01,107504.56,0.15,54266.11
emp_003419,2026-07-01,79093.08,0.07,8547.91
emp_003420,2026-07-01,95936.38,0.07,12732.51
emp_003421,2026-07-01,129939.55,0.12,62462.41
emp_003421,2025-07-01,122584.48,0.12,58926.8
emp_003421,2024-07-01,115645.74,0.12,55591.32
emp_003422,2026-07-01,46172.5,0.05,4885.63
emp_003423,2026-07-01,151287.29,0.1,27642.7
emp_003424,2026-07-01,67908.68,0.05,5458.18
emp_003424,2025-07-01,64064.79,0.05,5149.23
emp_003425,2026-07-01,66381.13,0.05,5048.9
emp_003426,2026-07-01,104171.16,0.1,18552.58
emp_003427,2026-07-01,149210.65,0.15,81408.02
emp_003428,2026-07-01,175906.81,0.2,103212.09
emp_003428,2025-07-01,165949.82,0.2,97369.9
emp_003428,2024-07-01,156556.43,0.2,91858.39
emp_003429,2026-07-01,132626.35,0.1,28643.03
emp_003429,2025-07-01,125119.2,0.1,27021.73
emp_003429,2024-07-01,118036.98,0.1,25492.19
emp_003430,2026-07-01,60109.49,0.05,6002.46
emp_003430,2025-07-01,56707.07,0.05,5662.7
emp_003431,2026-07-01,234400.36,0.25,165104.61
emp_003432,2026-07-01,179334.86,0.2,136217.8
emp_003432,2025-07-01,169183.83,0.2,128507.36
emp_003432,2024-07-01,159607.39,0.2,121233.36
emp_003433,2026-07-01,129265.02,0.15,52712.72
emp_003433,2025-07-01,121948.13,0.15,49728.98
emp_003434,2026-07-01,117665.73,0.1,22579.77
emp_003435,2026-07-01,30000.0,0.07,12627.56
emp_003436,2026-07-01,30000.0,0.05,3405.26
emp_003437,2026-07-01,109462.91,0.15,43776.64
emp_003437,2025-07-01,103266.9,0.15,41298.72
emp_003438,2026-07-01,97424.2,0.07,15300.9
emp_003439,2026-07-01,231964.98,0.15,132564.8
emp_003439,2025-07-01,218834.89,0.15,125061.13
emp_003439,2024-07-01,206448.01,0.15,117982.2
emp_003440,2026-07-01,152483.01,0.2,102575.52
emp_003440,2025-07-01,143851.9,0.2,96769.36
emp_003440,2024-07-01,135709.34,0.2,91291.85
emp_003441,2026-07-01,106798.73,0.1,17511.6
emp_003441,2025-07-01,100753.52,0.1,16520.38
emp_003441,2024-07-01,95050.49,0.1,15585.26
emp_003442,2026-07-01,64813.81,0.07,12282.98
emp_003442,2025-07-01,61145.1,0.07,11587.72
emp_003442,2024-07-01,57684.06,0.07,10931.81
emp_003443,2026-07-01,113917.84,0.15,39095.91
emp_003443,2025-07-01,107469.66,0.15,36882.93
emp_003443,2024-07-01,101386.47,0.15,34795.22
emp_003444,2026-07-01,101983.15,0.07,13471.77
emp_003444,2025-07-01,96210.52,0.07,12709.22
emp_003444,2024-07-01,90764.64,0.07,11989.83
emp_003445,2026-07-01,164885.85,0.25,203497.16
emp_003445,2025-07-01,155552.69,0.25,191978.45
emp_003445,2024-07-01,146747.82,0.25,181111.75
emp_003446,2026-07-01,95051.4,0.07,13163.65
emp_003446,2025-07-01,89671.13,0.07,12418.54
emp_003446,2024-07-01,84595.41,0.07,11715.6
emp_003447,2026-07-01,118746.65,0.1,27536.78
emp_003447,2025-07-01,112025.14,0.1,25978.09
emp_003448,2026-07-01,83408.5,0.07,10696.96
emp_003449,2026-07-01,124156.23,0.12,61124.04
emp_003450,2026-07-01,130127.92,0.15,64501.37
emp_003450,2025-07-01,122762.19,0.15,60850.35
emp_003450,2024-07-01,115813.39,0.15,57405.99
emp_003451,2026-07-01,156527.81,0.12,46823.58
emp_003451,2025-07-01,147667.75,0.12,44173.19
emp_003452,2026-07-01,77229.05,0.1,34734.85
emp_003452,2025-07-01,72857.59,0.1,32768.73
emp_003453,2026-07-01,105705.5,0.12,51128.15
emp_003453,2025-07-01,99722.17,0.12,48234.1
emp_003453,2024-07-01,94077.52,0.12,45503.87
emp_003454,2026-07-01,147698.79,0.15,49424.17
emp_003454,2025-07-01,139338.48,0.15,46626.58
emp_003455,2026-07-01,75069.38,0.07,11170.24
emp_003455,2025-07-01,70820.17,0.07,10537.96
emp_003455,2024-07-01,66811.48,0.07,9941.47
emp_003456,2026-07-01,124098.02,0.15,41745.16
emp_003456,2025-07-01,117073.6,0.15,39382.23
emp_003457,2026-07-01,98742.09,0.07,14009.98
emp_003458,2026-07-01,251565.75,0.25,178047.18
emp_003458,2025-07-01,237326.18,0.25,167969.04
emp_003458,2024-07-01,223892.62,0.25,158461.36
emp_003459,2026-07-01,218368.06,0.15,88072.58
emp_003459,2025-07-01,206007.6,0.15,83087.34
emp_003459,2024-07-01,194346.8,0.15,78384.28
emp_003460,2026-07-01,65452.11,0.05,3716.21
emp_003461,2026-07-01,89903.16,0.1,25022.81
emp_003461,2025-07-01,84814.3,0.1,23606.42
emp_003462,2026-07-01,140946.96,0.12,25054.89
emp_003462,2025-07-01,132968.83,0.12,23636.69
emp_003462,2024-07-01,125442.29,0.12,22298.76
emp_003463,2026-07-01,315984.51,0.35,452581.34
emp_003463,2025-07-01,298098.59,0.35,426963.53
emp_003463,2024-07-01,281225.09,0.35,402795.78
emp_003464,2026-07-01,88929.04,0.07,10678.73
emp_003465,2026-07-01,30000.0,0.05,7263.28
emp_003465,2025-07-01,28301.89,0.05,6852.15
emp_003465,2024-07-01,26699.89,0.05,6464.29
emp_003466,2026-07-01,155086.66,0.2,118339.43
emp_003466,2025-07-01,146308.17,0.2,111640.97
emp_003467,2026-07-01,56723.98,0.05,4588.3
emp_003467,2025-07-01,53513.19,0.05,4328.58
emp_003467,2024-07-01,50484.14,0.05,4083.57
emp_003468,2026-07-01,105848.3,0.1,30899.59
emp_003468,2025-07-01,99856.89,0.1,29150.56
emp_003469,2026-07-01,77619.58,0.07,15784.08
emp_003469,2025-07-01,73226.02,0.07,14890.64
emp_003469,2024-07-01,69081.15,0.07,14047.78
emp_003470,2026-07-01,131526.06,0.15,43188.28
emp_003470,2025-07-01,124081.19,0.15,40743.66
emp_003471,2026-07-01,138155.34,0.15,42710.73
emp_003471,2025-07-01,130335.23,0.15,40293.14
emp_003472,2026-07-01,133021.9,0.12,61528.32
emp_003473,2026-07-01,100771.3,0.07,14605.87
emp_003474,2026-07-01,83959.7,0.07,12890.9
emp_003475,2026-07-01,139686.15,0.15,32521.79
emp_003476,2026-07-01,54298.2,0.07,9951.03
emp_003477,2026-07-01,328600.97,0.35,352281.55
emp_003477,2025-07-01,310000.92,0.35,332341.08
emp_003478,2026-07-01,142688.62,0.15,37653.51
emp_003478,2025-07-01,134611.91,0.15,35522.18
emp_003478,2024-07-01,126992.36,0.15,33511.49
emp_003479,2026-07-01,130568.98,0.1,25013.22
emp_003479,2025-07-01,123178.28,0.1,23597.38
emp_003480,2026-07-01,130854.12,0.12,61875.5
emp_003481,2026-07-01,75373.91,0.05,5287.01
emp_003482,2026-07-01,165336.94,0.12,61093.05
emp_003482,2025-07-01,155978.25,0.12,57634.95
emp_003482,2024-07-01,147149.29,0.12,54372.6
emp_003483,2026-07-01,177436.53,0.15,113080.69
emp_003483,2025-07-01,167392.95,0.15,106679.9
emp_003484,2026-07-01,128191.05,0.12,47099.12
emp_003485,2026-07-01,122008.19,0.12,78064.24
emp_003486,2026-07-01,64348.14,0.05,4335.32
emp_003486,2025-07-01,60705.79,0.05,4089.92
emp_003486,2024-07-01,57269.62,0.05,3858.42
emp_003487,2026-07-01,144637.62,0.1,24171.63
emp_003488,2026-07-01,77313.13,0.07,9338.91
emp_003489,2026-07-01,98758.56,0.1,24253.77
emp_003489,2025-07-01,93168.45,0.1,22880.92
emp_003490,2026-07-01,68013.84,0.07,11049.36
emp_003490,2025-07-01,64164.0,0.07,10423.92
emp_003491,2026-07-01,107317.95,0.1,24019.16
emp_003491,2025-07-01,101243.35,0.1,22659.58
emp_003492,2026-07-01,118427.92,0.1,17232.09
emp_003493,2026-07-01,30000.0,0.05,3923.99
emp_003494,2026-07-01,168646.81,0.15,120682.56
emp_003494,2025-07-01,159100.76,0.15,113851.47
emp_003495,2026-07-01,157997.14,0.12,66201.72
emp_003495,2025-07-01,149053.91,0.12,62454.45
emp_003496,2026-07-01,188312.49,0.25,205681.61
emp_003496,2025-07-01,177653.29,0.25,194039.25
emp_003497,2026-07-01,183115.79,0.15,101153.46
emp_003498,2026-07-01,79923.54,0.07,10887.17
emp_003499,2026-07-01,59308.2,0.05,4837.8
emp_003500,2026-07-01,93499.31,0.07,8907.58
emp_003501,2026-07-01,82607.95,0.07,9892.11
emp_003501,2025-07-01,77932.03,0.07,9332.18
emp_003502,2026-07-01,156372.73,0.12,88256.48
emp_003503,2026-07-01,158793.85,0.15,62049.56
emp_003503,2025-07-01,149805.52,0.15,58537.32
emp_003503,2024-07-01,141325.96,0.15,55223.89
emp_003504,2026-07-01,282011.81,0.25,169326.7
emp_003504,2025-07-01,266048.88,0.25,159742.17
emp_003504,2024-07-01,250989.51,0.25,150700.16
emp_003505,2026-07-01,69007.98,0.07,13128.67
emp_003505,2025-07-01,65101.87,0.07,12385.54
emp_003505,2024-07-01,61416.86,0.07,11684.47
emp_003506,2026-07-01,91935.01,0.07,8974.35
emp_003506,2025-07-01,86731.14,0.07,8466.37
emp_003507,2026-07-01,63692.83,0.05,3701.53
emp_003507,2025-07-01,60087.58,0.05,3492.01
emp_003507,2024-07-01,56686.39,0.05,3294.35
emp_003508,2026-07-01,71778.69,0.07,11886.98
emp_003509,2026-07-01,140935.89,0.12,62853.69
emp_003509,2025-07-01,132958.39,0.12,59295.93
emp_003510,2026-07-01,65444.14,0.05,3956.21
emp_003510,2025-07-01,61739.75,0.05,3732.27
emp_003510,2024-07-01,58245.05,0.05,3521.01
emp_003511,2026-07-01,147189.41,0.15,49903.47
emp_003511,2025-07-01,138857.93,0.15,47078.75
emp_003512,2026-07-01,151190.65,0.15,45125.66
emp_003512,2025-07-01,142632.69,0.15,42571.38
emp_003513,2026-07-01,495618.58,0.55,1243666.45
emp_003513,2025-07-01,467564.7,0.55,1173270.24
emp_003513,2024-07-01,441098.77,0.55,1106858.71
emp_003514,2026-07-01,132289.8,0.12,55830.58
emp_003514,2025-07-01,124801.7,0.12,52670.36
emp_003515,2026-07-01,120116.62,0.1,23853.5
emp_003516,2026-07-01,88074.5,0.07,11279.57
emp_003517,2026-07-01,117180.07,0.12,51219.67
emp_003517,2025-07-01,110547.24,0.12,48320.44
emp_003517,2024-07-01,104289.85,0.12,45585.32
emp_003518,2026-07-01,82460.77,0.07,17748.12
emp_003519,2026-07-01,73055.66,0.07,11531.5
emp_003520,2026-07-01,83732.67,0.07,10037.23
emp_003520,2025-07-01,78993.08,0.07,9469.08
emp_003521,2026-07-01,41377.5,0.1,21908.51
emp_003522,2026-07-01,76157.43,0.05,4517.94
emp_003522,2025-07-01,71846.63,0.05,4262.21
emp_003522,2024-07-01,67779.84,0.05,4020.95
emp_003523,2026-07-01,93962.56,0.07,13732.98
emp_003523,2025-07-01,88643.92,0.07,12955.64
emp_003524,2026-07-01,145248.23,0.2,114530.51
emp_003524,2025-07-01,137026.63,0.2,108047.65
emp_003524,2024-07-01,129270.41,0.2,101931.75
emp_003525,2026-07-01,30000.0,0.07,11831.89
emp_003526,2026-07-01,98952.17,0.1,26161.58
emp_003526,2025-07-01,93351.1,0.1,24680.74
emp_003526,2024-07-01,88067.08,0.1,23283.71
emp_003527,2026-07-01,141525.82,0.1,22605.33
emp_003527,2025-07-01,133514.92,0.1,21325.78
emp_003528,2026-07-01,68954.12,0.05,5420.69
emp_003529,2026-07-01,100916.32,0.1,20560.2
emp_003530,2026-07-01,154932.2,0.15,148260.64
emp_003531,2026-07-01,98702.1,0.1,29309.23
emp_003531,2025-07-01,93115.19,0.1,27650.22
emp_003531,2024-07-01,87844.52,0.1,26085.11
emp_003532,2026-07-01,102008.33,0.07,13884.89
emp_003533,2026-07-01,154312.44,0.12,59154.26
emp_003533,2025-07-01,145577.77,0.12,55805.91
emp_003534,2026-07-01,158955.76,0.2,109024.13
emp_003534,2025-07-01,149958.26,0.2,102852.95
emp_003534,2024-07-01,141470.06,0.2,97031.09
emp_003535,2026-07-01,100623.41,0.07,12030.26
emp_003536,2026-07-01,63947.18,0.05,5523.3
emp_003536,2025-07-01,60327.53,0.05,5210.66
emp_003537,2026-07-01,143751.14,0.15,121583.92
emp_003537,2025-07-01,135614.28,0.15,114701.81
emp_003537,2024-07-01,127938.0,0.15,108209.26
emp_003538,2026-07-01,193435.94,0.2,84695.23
emp_003538,2025-07-01,182486.74,0.2,79901.16
emp_003538,2024-07-01,172157.3,0.2,75378.45
emp_003539,2026-07-01,191430.39,0.15,93417.29
emp_003539,2025-07-01,180594.71,0.15,88129.52
emp_003540,2026-07-01,199953.44,0.2,111898.8
emp_003540,2025-07-01,188635.32,0.2,105564.91
emp_003541,2026-07-01,130086.66,0.12,63326.17
emp_003541,2025-07-01,122723.26,0.12,59741.67
emp_003542,2026-07-01,391574.3,0.35,295200.0
emp_003542,2025-07-01,369409.72,0.35,278490.57
emp_003542,2024-07-01,348499.73,0.35,262726.95
emp_003543,2026-07-01,166211.33,0.15,95980.07
emp_003543,2025-07-01,156803.14,0.15,90547.24
emp_003543,2024-07-01,147927.49,0.15,85421.92
emp_003544,2026-07-01,146797.29,0.2,74966.07
emp_003545,2026-07-01,160729.6,0.15,116913.83
emp_003545,2025-07-01,151631.7,0.15,110296.07
emp_003545,2024-07-01,143048.77,0.15,104052.89
emp_003546,2026-07-01,61473.48,0.05,3997.49
emp_003547,2026-07-01,133585.24,0.12,61001.05
emp_003547,2025-07-01,126023.81,0.12,57548.16
emp_003547,2024-07-01,118890.39,0.12,54290.72
emp_003548,2026-07-01,226260.91,0.2,95210.89
emp_003548,2025-07-01,213453.69,0.2,89821.59
emp_003548,2024-07-01,201371.4,0.2,84737.35
emp_003549,2026-07-01,91504.25,0.07,14150.95
emp_003550,2026-07-01,95189.12,0.07,13291.67
emp_003550,2025-07-01,89801.06,0.07,12539.31
emp_003550,2024-07-01,84717.98,0.07,11829.54
emp_003551,2026-07-01,98815.2,0.1,19908.87
emp_003551,2025-07-01,93221.89,0.1,18781.95
emp_003552,2026-07-01,250948.54,0.25,258883.01
emp_003552,2025-07-01,236743.91,0.25,244229.25
emp_003552,2024-07-01,223343.31,0.25,230404.96
emp_003553,2026-07-01,228954.91,0.25,185290.9
emp_003553,2025-07-01,215995.2,0.25,174802.74
emp_003554,2026-07-01,124179.27,0.12,38096.43
emp_003554,2025-07-01,117150.25,0.12,35940.03
emp_003555,2026-07-01,173874.05,0.2,102137.64
emp_003555,2025-07-01,164032.12,0.2,96356.26
emp_003555,2024-07-01,154747.29,0.2,90902.14
emp_003556,2026-07-01,81159.4,0.07,12357.32
emp_003557,2026-07-01,160195.37,0.12,60703.56
emp_003558,2026-07-01,112365.02,0.1,27710.21
emp_003558,2025-07-01,106004.74,0.1,26141.71
emp_003559,2026-07-01,74156.11,0.07,10511.51
emp_003559,2025-07-01,69958.59,0.07,9916.52
emp_003559,2024-07-01,65998.67,0.07,9355.21
emp_003560,2026-07-01,175088.03,0.15,43200.5
emp_003560,2025-07-01,165177.39,0.15,40755.19
emp_003560,2024-07-01,155827.72,0.15,38448.29
emp_003561,2026-07-01,99242.78,0.07,13985.25
emp_003561,2025-07-01,93625.26,0.07,13193.63
emp_003561,2024-07-01,88325.72,0.07,12446.82
emp_003562,2026-07-01,210859.54,0.2,109337.83
emp_003563,2026-07-01,142476.15,0.12,58053.17
emp_003563,2025-07-01,134411.46,0.12,54767.14
emp_003564,2026-07-01,30000.0,0.05,4148.35
emp_003565,2026-07-01,73259.56,0.07,14883.33
emp_003566,2026-07-01,96813.82,0.1,15392.08
emp_003566,2025-07-01,91333.79,0.1,14520.83
emp_003567,2026-07-01,63311.35,0.07,9505.23
emp_003567,2025-07-01,59727.69,0.07,8967.2
emp_003567,2024-07-01,56346.88,0.07,8459.62
emp_003568,2026-07-01,105252.52,0.12,55364.14
emp_003569,2026-07-01,134558.09,0.12,45282.37
emp_003569,2025-07-01,126941.59,0.12,42719.22
emp_003570,2026-07-01,164178.12,0.15,36738.38
emp_003570,2025-07-01,154885.02,0.15,34658.85
emp_003570,2024-07-01,146117.94,0.15,32697.03
emp_003571,2026-07-01,146421.38,0.15,34194.0
emp_003571,2025-07-01,138133.38,0.15,32258.49
emp_003572,2026-07-01,135229.21,0.1,28547.11
emp_003572,2025-07-01,127574.73,0.1,26931.24
emp_003572,2024-07-01,120353.52,0.1,25406.83
emp_003573,2026-07-01,171160.09,0.15,55164.96
emp_003573,2025-07-01,161471.78,0.15,52042.42
emp_003574,2026-07-01,78709.05,0.07,11140.91
emp_003575,2026-07-01,238507.86,0.15,135679.41
emp_003575,2025-07-01,225007.42,0.15,127999.44
emp_003575,2024-07-01,212271.15,0.15,120754.19
emp_003576,2026-07-01,53046.8,0.05,4534.08
emp_003576,2025-07-01,50044.15,0.05,4277.43
emp_003576,2024-07-01,47211.46,0.05,4035.32
emp_003577,2026-07-01,152642.07,0.15,42841.15
emp_003577,2025-07-01,144001.95,0.15,40416.18
emp_003577,2024-07-01,135850.9,0.15,38128.47
emp_003578,2026-07-01,30000.0,0.07,10479.2
emp_003578,2025-07-01,28301.89,0.07,9886.04
emp_003579,2026-07-01,91919.91,0.07,9121.7
emp_003580,2026-07-01,115902.21,0.1,22097.68
emp_003580,2025-07-01,109341.71,0.1,20846.87
emp_003581,2026-07-01,100208.0,0.07,12007.42
emp_003581,2025-07-01,94535.85,0.07,11327.75
emp_003581,2024-07-01,89184.76,0.07,10686.56
emp_003582,2026-07-01,145096.27,0.12,37564.63
emp_003582,2025-07-01,136883.27,0.12,35438.33
emp_003583,2026-07-01,103113.81,0.07,14796.56
emp_003583,2025-07-01,97277.18,0.07,13959.02
emp_003584,2026-07-01,66726.21,0.05,5885.62
emp_003585,2026-07-01,157416.97,0.12,50492.14
emp_003585,2025-07-01,148506.58,0.12,47634.09
emp_003585,2024-07-01,140100.54,0.12,44937.82
emp_003586,2026-07-01,69713.71,0.07,11455.04
emp_003587,2026-07-01,50650.96,0.05,6683.48
emp_003588,2026-07-01,185604.25,0.12,58089.14
emp_003589,2026-07-01,92836.49,0.1,28130.66
emp_003589,2025-07-01,87581.59,0.1,26538.36
emp_003590,2026-07-01,83478.36,0.07,14688.69
emp_003590,2025-07-01,78753.17,0.07,13857.25
emp_003591,2026-07-01,146915.43,0.15,132762.79
emp_003592,2026-07-01,67421.49,0.07,12278.56
emp_003593,2026-07-01,54570.96,0.05,4437.61
emp_003594,2026-07-01,138205.96,0.12,65045.42
emp_003594,2025-07-01,130382.98,0.12,61363.6
emp_003595,2026-07-01,30000.0,0.07,11508.79
emp_003595,2025-07-01,28301.89,0.07,10857.35
emp_003596,2026-07-01,66685.85,0.05,3725.11
emp_003596,2025-07-01,62911.18,0.05,3514.25
emp_003597,2026-07-01,94041.12,0.07,17170.92
emp_003598,2026-07-01,106847.76,0.1,23714.61
emp_003598,2025-07-01,100799.77,0.1,22372.27
emp_003598,2024-07-01,95094.13,0.1,21105.92
emp_003599,2026-07-01,72035.33,0.05,5575.9
emp_003600,2026-07-01,109623.24,0.1,25387.94
emp_003601,2026-07-01,129109.83,0.15,49932.09
emp_003601,2025-07-01,121801.73,0.15,47105.75
emp_003601,2024-07-01,114907.29,0.15,44439.38
emp_003602,2026-07-01,104337.39,0.1,29374.29
emp_003603,2026-07-01,75095.79,0.07,8500.49
emp_003603,2025-07-01,70845.08,0.07,8019.33
emp_003603,2024-07-01,66834.99,0.07,7565.41
emp_003604,2026-07-01,53080.63,0.05,5791.41
emp_003604,2025-07-01,50076.07,0.05,5463.59
emp_003604,2024-07-01,47241.57,0.05,5154.33
emp_003605,2026-07-01,134259.56,0.12,75944.9
emp_003605,2025-07-01,126659.96,0.12,71646.13
emp_003606,2026-07-01,69431.99,0.07,12143.2
emp_003607,2026-07-01,120208.25,0.15,38425.88
emp_003607,2025-07-01,113404.01,0.15,36250.83
emp_003607,2024-07-01,106984.91,0.15,34198.9
emp_003608,2026-07-01,190109.05,0.25,171088.81
emp_003608,2025-07-01,179348.16,0.25,161404.54
emp_003608,2024-07-01,169196.38,0.25,152268.43
emp_003609,2026-07-01,51827.03,0.05,4387.57
emp_003609,2025-07-01,48893.42,0.05,4139.22
emp_003609,2024-07-01,46125.87,0.05,3904.92
emp_003610,2026-07-01,169653.41,0.15,121336.96
emp_003611,2026-07-01,116994.35,0.12,48248.15
emp_003612,2026-07-01,78864.42,0.07,14000.16
emp_003612,2025-07-01,74400.4,0.07,13207.7
emp_003612,2024-07-01,70189.05,0.07,12460.09
emp_003613,2026-07-01,84368.19,0.07,16173.31
emp_003614,2026-07-01,72576.42,0.07,13884.18
emp_003614,2025-07-01,68468.32,0.07,13098.28
emp_003614,2024-07-01,64592.76,0.07,12356.87
emp_003615,2026-07-01,152020.4,0.15,45837.8
emp_003615,2025-07-01,143415.47,0.15,43243.21
emp_003616,2026-07-01,102005.33,0.1,30353.63
emp_003616,2025-07-01,96231.44,0.1,28635.5
emp_003616,2024-07-01,90784.38,0.1,27014.62
emp_003617,2026-07-01,61085.61,0.05,4709.05
emp_003618,2026-07-01,118646.78,0.12,32824.15
emp_003618,2025-07-01,111930.92,0.12,30966.18
emp_003618,2024-07-01,105595.21,0.12,29213.38
emp_003619,2026-07-01,54163.84,0.05,5713.31
emp_003619,2025-07-01,51097.96,0.05,5389.92
emp_003620,2026-07-01,159971.71,0.2,100980.38
emp_003620,2025-07-01,150916.71,0.2,95264.51
emp_003620,2024-07-01,142374.25,0.2,89872.18
emp_003621,2026-07-01,102278.03,0.1,20653.12
emp_003621,2025-07-01,96488.71,0.1,19484.08
emp_003621,2024-07-01,91027.08,0.1,18381.2
emp_003622,2026-07-01,48749.77,0.05,4223.54
emp_003622,2025-07-01,45990.35,0.05,3984.47
emp_003623,2026-07-01,138150.51,0.1,24495.65
emp_003623,2025-07-01,130330.67,0.1,23109.1
emp_003624,2026-07-01,42128.05,0.15,43150.3
emp_003624,2025-07-01,39743.44,0.15,40707.83
emp_003624,2024-07-01,37493.81,0.15,38403.61
emp_003625,2026-07-01,176982.45,0.15,117349.77
emp_003626,2026-07-01,133389.51,0.12,59121.64
emp_003626,2025-07-01,125839.16,0.12,55775.13
emp_003626,2024-07-01,118716.19,0.12,52618.05
emp_003627,2026-07-01,139140.26,0.12,58362.7
emp_003628,2026-07-01,86842.87,0.07,13111.43
emp_003629,2026-07-01,53358.94,0.05,6300.98
emp_003630,2026-07-01,70185.59,0.07,16059.01
emp_003631,2026-07-01,274671.05,0.35,324066.23
emp_003631,2025-07-01,259123.63,0.35,305722.86
emp_003631,2024-07-01,244456.26,0.35,288417.79
emp_003632,2026-07-01,109803.11,0.15,37358.7
emp_003632,2025-07-01,103587.84,0.15,35244.06
emp_003632,2024-07-01,97724.38,0.15,33249.11
emp_003633,2026-07-01,162375.55,0.15,60091.34
emp_003633,2025-07-01,153184.48,0.15,56689.94
emp_003634,2026-07-01,110413.55,0.1,22192.97
emp_003635,2026-07-01,128580.46,0.12,57603.15
emp_003635,2025-07-01,121302.32,0.12,54342.59
emp_003635,2024-07-01,114436.15,0.12,51266.6
emp_003636,2026-07-01,99526.72,0.07,16528.3
emp_003636,2025-07-01,93893.13,0.07,15592.74
emp_003636,2024-07-01,88578.43,0.07,14710.13
emp_003637,2026-07-01,119939.76,0.15,42170.37
emp_003637,2025-07-01,113150.72,0.15,39783.37
emp_003637,2024-07-01,106745.96,0.15,37531.48
emp_003638,2026-07-01,97643.4,0.07,10701.57
emp_003639,2026-07-01,64838.88,0.07,11118.63
emp_003640,2026-07-01,79881.58,0.07,9573.96
emp_003640,2025-07-01,75359.98,0.07,9032.04
emp_003640,2024-07-01,71094.32,0.07,8520.79
emp_003641,2026-07-01,152901.32,0.15,76586.41
emp_003641,2025-07-01,144246.53,0.15,72251.33
emp_003641,2024-07-01,136081.63,0.15,68161.63
emp_003642,2026-07-01,106198.69,0.1,35340.18
emp_003642,2025-07-01,100187.44,0.1,33339.79
emp_003643,2026-07-01,177579.2,0.2,66236.95
emp_003643,2025-07-01,167527.55,0.2,62487.69
emp_003644,2026-07-01,117076.37,0.12,29538.85
emp_003644,2025-07-01,110449.41,0.12,27866.84
emp_003645,2026-07-01,145345.7,0.15,46302.35
emp_003645,2025-07-01,137118.58,0.15,43681.46
emp_003646,2026-07-01,110993.61,0.15,51843.61
emp_003646,2025-07-01,104710.95,0.15,48909.07
emp_003647,2026-07-01,125514.32,0.15,44522.06
emp_003648,2026-07-01,123852.49,0.15,56634.42
emp_003648,2025-07-01,116841.97,0.15,53428.7
emp_003648,2024-07-01,110228.28,0.15,50404.43
emp_003649,2026-07-01,83058.85,0.07,10656.82
emp_003650,2026-07-01,98723.11,0.07,12467.95
emp_003650,2025-07-01,93135.01,0.07,11762.22
emp_003651,2026-07-01,90215.61,0.07,11469.43
emp_003651,2025-07-01,85109.07,0.07,10820.22
emp_003651,2024-07-01,80291.57,0.07,10207.75
emp_003652,2026-07-01,75133.01,0.05,4555.26
emp_003653,2026-07-01,51637.59,0.05,4658.67
emp_003653,2025-07-01,48714.71,0.05,4394.97
emp_003653,2024-07-01,45957.27,0.05,4146.2
emp_003654,2026-07-01,43557.73,0.1,14476.06
emp_003655,2026-07-01,114524.09,0.1,12470.13
emp_003656,2026-07-01,126307.91,0.15,47605.88
emp_003657,2026-07-01,118849.96,0.1,22395.55
emp_003657,2025-07-01,112122.6,0.1,21127.88
emp_003657,2024-07-01,105776.04,0.1,19931.96
emp_003658,2026-07-01,101788.7,0.1,29413.65
emp_003659,2026-07-01,128599.2,0.15,45933.01
emp_003659,2025-07-01,121320.0,0.15,43333.03
emp_003660,2026-07-01,82852.46,0.07,11695.28
emp_003660,2025-07-01,78162.7,0.07,11033.28
emp_003661,2026-07-01,160445.52,0.12,63716.75
emp_003662,2026-07-01,118695.6,0.1,23865.78
emp_003662,2025-07-01,111976.98,0.1,22514.89
emp_003662,2024-07-01,105638.66,0.1,21240.46
emp_003663,2026-07-01,100150.14,0.07,14603.95
emp_003664,2026-07-01,130137.94,0.12,72731.08
emp_003665,2026-07-01,121097.19,0.15,38874.72
emp_003665,2025-07-01,114242.63,0.15,36674.26
emp_003666,2026-07-01,79184.96,0.07,11489.84
emp_003666,2025-07-01,74702.79,0.07,10839.47
emp_003667,2026-07-01,124064.91,0.1,29673.06
emp_003667,2025-07-01,117042.37,0.1,27993.45
emp_003668,2026-07-01,81314.13,0.07,16247.21
emp_003668,2025-07-01,76711.44,0.07,15327.56
emp_003668,2024-07-01,72369.29,0.07,14459.96
emp_003669,2026-07-01,52888.26,0.05,5893.38
emp_003669,2025-07-01,49894.58,0.05,5559.79
emp_003669,2024-07-01,47070.36,0.05,5245.09
emp_003670,2026-07-01,101489.1,0.12,67276.33
emp_003670,2025-07-01,95744.43,0.12,63468.24
emp_003670,2024-07-01,90324.94,0.12,59875.69
emp_003671,2026-07-01,92487.8,0.07,9019.61
emp_003672,2026-07-01,79669.79,0.07,11324.91
emp_003673,2026-07-01,53474.99,0.05,5843.44
emp_003673,2025-07-01,50448.1,0.05,5512.68
emp_003673,2024-07-01,47592.55,0.05,5200.64
emp_003674,2026-07-01,62714.76,0.05,3820.8
emp_003674,2025-07-01,59164.87,0.05,3604.53
emp_003674,2024-07-01,55815.91,0.05,3400.5
emp_003675,2026-07-01,163468.5,0.12,64704.18
emp_003675,2025-07-01,154215.57,0.12,61041.68
emp_003675,2024-07-01,145486.38,0.12,57586.49
emp_003676,2026-07-01,194471.02,0.15,124716.4
emp_003677,2026-07-01,51358.65,0.05,5025.14
emp_003678,2026-07-01,77431.48,0.07,12222.88
emp_003678,2025-07-01,73048.57,0.07,11531.02
emp_003678,2024-07-01,68913.74,0.07,10878.32
emp_003679,2026-07-01,64520.93,0.2,91966.55
emp_003680,2026-07-01,129610.35,0.12,42137.46
emp_003680,2025-07-01,122273.92,0.12,39752.32
emp_003681,2026-07-01,122711.6,0.1,32486.42
emp_003681,2025-07-01,115765.66,0.1,30647.57
emp_003682,2026-07-01,70906.09,0.07,13236.15
emp_003683,2026-07-01,135831.57,0.12,60814.29
emp_003683,2025-07-01,128142.99,0.12,57371.97
emp_003684,2026-07-01,202907.4,0.2,101449.39
emp_003685,2026-07-01,118489.87,0.12,62570.8
emp_003685,2025-07-01,111782.9,0.12,59029.06
emp_003685,2024-07-01,105455.56,0.12,55687.79
emp_003686,2026-07-01,120947.19,0.12,44852.06
emp_003687,2026-07-01,45758.21,0.05,6021.4
emp_003687,2025-07-01,43168.12,0.05,5680.57
emp_003687,2024-07-01,40724.64,0.05,5359.02
emp_003688,2026-07-01,137153.65,0.1,29792.52
emp_003688,2025-07-01,129390.24,0.1,28106.15
emp_003689,2026-07-01,71061.53,0.07,15541.0
emp_003690,2026-07-01,41817.66,0.12,51360.24
emp_003690,2025-07-01,39450.62,0.12,48453.06
emp_003690,2024-07-01,37217.57,0.12,45710.43
emp_003691,2026-07-01,143537.61,0.2,100712.74
emp_003691,2025-07-01,135412.84,0.2,95012.02
emp_003691,2024-07-01,127747.96,0.2,89633.98
emp_003692,2026-07-01,100560.03,0.15,60584.36
emp_003692,2025-07-01,94867.95,0.15,57155.06
emp_003693,2026-07-01,127318.5,0.15,88937.21
emp_003693,2025-07-01,120111.79,0.15,83903.03
emp_003693,2024-07-01,113313.01,0.15,79153.8
emp_003694,2026-07-01,140619.35,0.15,42412.99
emp_003694,2025-07-01,132659.76,0.15,40012.25
emp_003694,2024-07-01,125150.72,0.15,37747.41
emp_003695,2026-07-01,82296.31,0.1,30015.57
emp_003695,2025-07-01,77638.03,0.1,28316.58
emp_003695,2024-07-01,73243.42,0.1,26713.75
emp_003696,2026-07-01,93088.26,0.1,22002.38
emp_003697,2026-07-01,142854.55,0.12,61073.83
emp_003698,2026-07-01,82582.04,0.07,12225.58
emp_003699,2026-07-01,152285.93,0.12,36555.4
emp_003699,2025-07-01,143665.97,0.12,34486.23
emp_003700,2026-07-01,171198.93,0.15,54068.46
emp_003700,2025-07-01,161508.42,0.15,51007.98
emp_003701,2026-07-01,116368.38,0.07,11250.74
emp_003701,2025-07-01,109781.49,0.07,10613.91
emp_003701,2024-07-01,103567.44,0.07,10013.12
emp_003702,2026-07-01,160460.58,0.15,59171.56
emp_003703,2026-07-01,73695.23,0.05,4692.13
emp_003704,2026-07-01,124181.2,0.12,61653.87
emp_003705,2026-07-01,217041.64,0.25,134669.67
emp_003705,2025-07-01,204756.26,0.25,127046.86
emp_003705,2024-07-01,193166.29,0.25,119855.53
emp_003706,2026-07-01,160841.45,0.15,39526.17
emp_003706,2025-07-01,151737.22,0.15,37288.84
emp_003707,2026-07-01,78124.78,0.07,12367.49
emp_003707,2025-07-01,73702.62,0.07,11667.44
emp_003707,2024-07-01,69530.78,0.07,11007.02
emp_003708,2026-07-01,71041.04,0.05,4550.52
emp_003708,2025-07-01,67019.85,0.05,4292.94
emp_003708,2024-07-01,63226.27,0.05,4049.95
emp_003709,2026-07-01,235547.28,0.25,223966.58
emp_003709,2025-07-01,222214.42,0.25,211289.23
emp_003709,2024-07-01,209636.24,0.25,199329.46
emp_003710,2026-07-01,211304.72,0.2,86250.0
emp_003711,2026-07-01,119941.43,0.12,51277.71
emp_003712,2026-07-01,61508.06,0.05,6569.38
emp_003712,2025-07-01,58026.47,0.05,6197.53
emp_003712,2024-07-01,54741.95,0.05,5846.72
emp_003713,2026-07-01,31778.24,0.1,27956.33
emp_003713,2025-07-01,29979.47,0.1,26373.9
emp_003714,2026-07-01,158240.94,0.15,25252.46
emp_003714,2025-07-01,149283.91,0.15,23823.08
emp_003714,2024-07-01,140833.87,0.15,22474.6
emp_003715,2026-07-01,153670.57,0.12,47937.72
emp_003715,2025-07-01,144972.24,0.12,45224.26
emp_003715,2024-07-01,136766.26,0.12,42664.4
emp_003716,2026-07-01,203415.53,0.15,92190.46
emp_003717,2026-07-01,115879.49,0.1,15423.69
emp_003717,2025-07-01,109320.27,0.1,14550.65
emp_003717,2024-07-01,103132.33,0.1,13727.03
emp_003718,2026-07-01,101937.16,0.1,22837.35
emp_003719,2026-07-01,119631.99,0.15,45667.26
emp_003719,2025-07-01,112860.37,0.15,43082.32
emp_003720,2026-07-01,127750.28,0.1,22999.33
emp_003721,2026-07-01,128718.71,0.1,30328.83
emp_003722,2026-07-01,96041.94,0.07,13488.56
emp_003722,2025-07-01,90605.6,0.07,12725.06
emp_003722,2024-07-01,85476.98,0.07,12004.77
emp_003723,2026-07-01,219326.96,0.25,167813.69
emp_003723,2025-07-01,206912.23,0.25,158314.8
emp_003723,2024-07-01,195200.21,0.25,149353.59
emp_003724,2026-07-01,56602.08,0.05,4033.65
emp_003725,2026-07-01,226327.7,0.25,215552.5
emp_003725,2025-07-01,213516.7,0.25,203351.42
emp_003726,2026-07-01,68137.36,0.07,11874.41
emp_003727,2026-07-01,45458.52,0.05,6670.49
emp_003727,2025-07-01,42885.4,0.05,6292.92
emp_003727,2024-07-01,40457.92,0.05,5936.71
emp_003728,2026-07-01,51834.11,0.05,4794.85
emp_003729,2026-07-01,124619.41,0.12,60710.26
emp_003729,2025-07-01,117565.48,0.12,57273.83
emp_003730,2026-07-01,60104.4,0.05,6154.52
emp_003730,2025-07-01,56702.26,0.05,5806.15
emp_003730,2024-07-01,53492.7,0.05,5477.5
emp_003731,2026-07-01,107834.17,0.12,55493.43
emp_003732,2026-07-01,114244.2,0.07,12883.37
emp_003733,2026-07-01,86041.25,0.07,11829.98
emp_003734,2026-07-01,148466.12,0.15,28103.4
emp_003734,2025-07-01,140062.38,0.15,26512.64
emp_003735,2026-07-01,79716.82,0.07,10417.68
emp_003735,2025-07-01,75204.55,0.07,9828.0
emp_003736,2026-07-01,81762.67,0.07,10082.52
emp_003737,2026-07-01,212430.33,0.2,116724.1
emp_003737,2025-07-01,200405.97,0.2,110117.08
emp_003737,2024-07-01,189062.24,0.2,103884.03
emp_003738,2026-07-01,106110.96,0.1,29297.86
emp_003738,2025-07-01,100104.68,0.1,27639.49
emp_003739,2026-07-01,146069.33,0.12,55921.41
emp_003739,2025-07-01,137801.25,0.12,52756.05
emp_003740,2026-07-01,137663.08,0.15,52788.79
emp_003740,2025-07-01,129870.83,0.15,49800.75
emp_003740,2024-07-01,122519.65,0.15,46981.84
emp_003741,2026-07-01,61583.99,0.07,14504.8
emp_003742,2026-07-01,137523.54,0.12,64466.84
emp_003742,2025-07-01,129739.19,0.12,60817.77
emp_003743,2026-07-01,72110.45,0.07,11657.67
emp_003744,2026-07-01,66293.71,0.07,11032.01
emp_003744,2025-07-01,62541.24,0.07,10407.56
emp_003745,2026-07-01,136098.04,0.15,52284.65
emp_003745,2025-07-01,128394.38,0.15,49325.14
emp_003745,2024-07-01,121126.77,0.15,46533.15
emp_003746,2026-07-01,91242.61,0.1,18039.5
emp_003746,2025-07-01,86077.93,0.1,17018.4
emp_003746,2024-07-01,81205.6,0.1,16055.09
emp_003747,2026-07-01,114506.04,0.12,63642.82
emp_003747,2025-07-01,108024.57,0.12,60040.4
emp_003747,2024-07-01,101909.97,0.12,56641.88
emp_003748,2026-07-01,132628.02,0.2,77363.05
emp_003748,2025-07-01,125120.77,0.2,72984.01
emp_003748,2024-07-01,118038.47,0.2,68852.84
emp_003749,2026-07-01,30000.0,0.05,4994.86
emp_003750,2026-07-01,120062.82,0.12,60831.98
emp_003751,2026-07-01,83753.72,0.07,15048.87
emp_003751,2025-07-01,79012.94,0.07,14197.05
emp_003752,2026-07-01,109804.15,0.12,48105.46
emp_003753,2026-07-01,56670.48,0.05,7260.1
emp_003753,2025-07-01,53462.72,0.05,6849.15
emp_003753,2024-07-01,50436.53,0.05,6461.46
emp_003754,2026-07-01,114966.52,0.12,58958.23
emp_003754,2025-07-01,108458.98,0.12,55620.97
emp_003754,2024-07-01,102319.79,0.12,52472.61
emp_003755,2026-07-01,64035.89,0.07,6027.73
emp_003755,2025-07-01,60411.22,0.07,5686.54
emp_003755,2024-07-01,56991.71,0.07,5364.66
emp_003756,2026-07-01,92927.97,0.1,21039.11
emp_003756,2025-07-01,87667.9,0.1,19848.22
emp_003756,2024-07-01,82705.56,0.1,18724.73
emp_003757,2026-07-01,95934.03,0.1,37300.21
emp_003757,2025-07-01,90503.8,0.1,35188.88
emp_003757,2024-07-01,85380.95,0.1,33197.05
emp_003758,2026-07-01,95331.11,0.07,12322.41
emp_003758,2025-07-01,89935.01,0.07,11624.92
emp_003758,2024-07-01,84844.35,0.07,10966.9
emp_003759,2026-07-01,128014.58,0.2,94011.48
emp_003759,2025-07-01,120768.47,0.2,88690.08
emp_003760,2026-07-01,140392.16,0.12,59160.73
emp_003761,2026-07-01,135859.4,0.15,40629.06
emp_003761,2025-07-01,128169.25,0.15,38329.3
emp_003761,2024-07-01,120914.38,0.15,36159.72
emp_003762,2026-07-01,147473.1,0.12,37329.87
emp_003762,2025-07-01,139125.57,0.12,35216.86
emp_003762,2024-07-01,131250.53,0.12,33223.45
emp_003763,2026-07-01,82527.94,0.07,12006.34
emp_003764,2026-07-01,57209.86,0.05,4961.54
emp_003765,2026-07-01,106415.28,0.15,46096.12
emp_003765,2025-07-01,100391.77,0.15,43486.91
emp_003766,2026-07-01,52744.21,0.05,6148.49
emp_003766,2025-07-01,49758.69,0.05,5800.46
emp_003767,2026-07-01,144856.7,0.1,29239.93
emp_003768,2026-07-01,111616.04,0.15,21614.66
emp_003769,2026-07-01,165075.73,0.15,98492.32
emp_003769,2025-07-01,155731.82,0.15,92917.28
emp_003770,2026-07-01,180069.58,0.25,212413.54
emp_003770,2025-07-01,169876.96,0.25,200390.13
emp_003771,2026-07-01,86850.24,0.1,39742.3
emp_003772,2026-07-01,176932.18,0.15,129612.91
emp_003772,2025-07-01,166917.15,0.15,122276.33
emp_003773,2026-07-01,99292.88,0.1,22315.39
emp_003773,2025-07-01,93672.53,0.1,21052.25
emp_003774,2026-07-01,210978.74,0.2,96605.63
emp_003774,2025-07-01,199036.55,0.2,91137.39
emp_003774,2024-07-01,187770.33,0.2,85978.67
emp_003775,2026-07-01,67658.51,0.07,10376.02
emp_003776,2026-07-01,138082.68,0.15,54039.69
emp_003777,2026-07-01,76462.66,0.07,8139.49
emp_003778,2026-07-01,277190.89,0.25,185395.82
emp_003778,2025-07-01,261500.84,0.25,174901.72
emp_003779,2026-07-01,55945.97,0.05,5143.62
emp_003779,2025-07-01,52779.22,0.05,4852.47
emp_003779,2024-07-01,49791.71,0.05,4577.8
emp_003780,2026-07-01,118450.15,0.15,54573.2
emp_003780,2025-07-01,111745.42,0.15,51484.15
emp_003781,2026-07-01,113572.85,0.1,28596.92
emp_003781,2025-07-01,107144.2,0.1,26978.23
emp_003781,2024-07-01,101079.43,0.1,25451.16
emp_003782,2026-07-01,124446.83,0.12,54493.43
emp_003782,2025-07-01,117402.67,0.12,51408.9
emp_003782,2024-07-01,110757.24,0.12,48498.96
emp_003783,2026-07-01,56384.13,0.05,5801.28
emp_003783,2025-07-01,53192.58,0.05,5472.91
emp_003783,2024-07-01,50181.67,0.05,5163.12
emp_003784,2026-07-01,62824.37,0.05,5868.08
emp_003785,2026-07-01,171591.2,0.15,89516.97
emp_003785,2025-07-01,161878.49,0.15,84449.97
emp_003786,2026-07-01,95930.33,0.07,12660.42
emp_003786,2025-07-01,90500.31,0.07,11943.79
emp_003786,2024-07-01,85377.65,0.07,11267.73
emp_003787,2026-07-01,123030.41,0.12,60507.2
emp_003788,2026-07-01,128234.95,0.1,18361.5
emp_003789,2026-07-01,72205.26,0.07,11928.48
emp_003789,2025-07-01,68118.17,0.07,11253.28
emp_003789,2024-07-01,64262.42,0.07,10616.3
emp_003790,2026-07-01,91583.46,0.07,19692.52
emp_003790,2025-07-01,86399.49,0.07,18577.85
emp_003791,2026-07-01,131546.64,0.12,49489.1
emp_003791,2025-07-01,124100.6,0.12,46687.83
emp_003791,2024-07-01,117076.04,0.12,44045.12
emp_003792,2026-07-01,154015.45,0.15,98669.73
emp_003792,2025-07-01,145297.59,0.15,93084.65
emp_003793,2026-07-01,100626.91,0.1,26460.96
emp_003793,2025-07-01,94931.05,0.1,24963.17
emp_003793,2024-07-01,89557.59,0.1,23550.16
emp_003794,2026-07-01,164702.33,0.15,102357.02
emp_003794,2025-07-01,155379.56,0.15,96563.23
emp_003794,2024-07-01,146584.49,0.15,91097.38
emp_003795,2026-07-01,177640.47,0.12,45791.32
emp_003795,2025-07-01,167585.35,0.12,43199.36
emp_003796,2026-07-01,153738.44,0.15,52035.71
emp_003796,2025-07-01,145036.26,0.15,49090.29
emp_003796,2024-07-01,136826.66,0.15,46311.6
emp_003797,2026-07-01,145253.27,0.12,55753.92
emp_003798,2026-07-01,227261.85,0.25,154695.07
emp_003798,2025-07-01,214397.97,0.25,145938.75
emp_003799,2026-07-01,59427.61,0.05,5766.11
emp_003800,2026-07-01,279113.07,0.35,416871.15
emp_003800,2025-07-01,263314.22,0.35,393274.67
emp_003800,2024-07-01,248409.64,0.35,371013.84
emp_003801,2026-07-01,54133.55,0.05,4396.06
emp_003801,2025-07-01,51069.39,0.05,4147.23
emp_003802,2026-07-01,57132.1,0.07,17173.35
emp_003803,2026-07-01,157106.33,0.12,41283.9
emp_003803,2025-07-01,148213.52,0.12,38947.08
emp_003803,2024-07-01,139824.07,0.12,36742.52
emp_003804,2026-07-01,118074.12,0.1,24951.56
emp_003804,2025-07-01,111390.68,0.1,23539.21
emp_003805,2026-07-01,62187.8,0.07,14704.8
emp_003805,2025-07-01,58667.74,0.07,13872.45
emp_003805,2024-07-01,55346.92,0.07,13087.22
emp_003806,2026-07-01,118939.8,0.1,29822.17
emp_003806,2025-07-01,112207.36,0.1,28134.12
emp_003807,2026-07-01,109268.37,0.1,34027.95
emp_003807,2025-07-01,103083.37,0.1,32101.84
emp_003808,2026-07-01,528300.58,0.55,1294790.75
emp_003808,2025-07-01,498396.77,0.55,1221500.71
emp_003808,2024-07-01,470185.64,0.55,1152359.16
emp_003809,2026-07-01,77844.85,0.07,10099.14
emp_003810,2026-07-01,139715.46,0.1,23388.93
emp_003811,2026-07-01,127703.22,0.15,46014.32
emp_003811,2025-07-01,120474.74,0.15,43409.74
emp_003812,2026-07-01,149164.48,0.15,34767.3
emp_003812,2025-07-01,140721.21,0.15,32799.34
emp_003812,2024-07-01,132755.86,0.15,30942.77
emp_003813,2026-07-01,115920.58,0.15,42750.79
emp_003813,2025-07-01,109359.04,0.15,40330.93
emp_003813,2024-07-01,103168.9,0.15,38048.05
emp_003814,2026-07-01,35605.91,0.1,16947.94
emp_003814,2025-07-01,33590.48,0.1,15988.62
emp_003814,2024-07-01,31689.13,0.1,15083.61
emp_003815,2026-07-01,120812.47,0.1,24463.23
emp_003816,2026-07-01,109333.08,0.1,22511.22
emp_003816,2025-07-01,103144.42,0.1,21237.0
emp_003817,2026-07-01,117315.86,0.1,29305.41
emp_003817,2025-07-01,110675.34,0.1,27646.61
emp_003817,2024-07-01,104410.7,0.1,26081.71
emp_003818,2026-07-01,269594.63,0.25,188279.41
emp_003818,2025-07-01,254334.56,0.25,177622.08
emp_003818,2024-07-01,239938.26,0.25,167568.0
emp_003819,2026-07-01,227825.88,0.25,153595.77
emp_003819,2025-07-01,214930.08,0.25,144901.67
emp_003819,2024-07-01,202764.22,0.25,136699.69
emp_003820,2026-07-01,125833.09,0.1,25891.09
emp_003821,2026-07-01,129926.49,0.12,76121.02
emp_003822,2026-07-01,82178.5,0.07,11540.49
emp_003822,2025-07-01,77526.89,0.07,10887.25
emp_003823,2026-07-01,57961.4,0.05,5467.25
emp_003823,2025-07-01,54680.57,0.05,5157.78
emp_003823,2024-07-01,51585.44,0.05,4865.83
emp_003824,2026-07-01,70183.82,0.07,14660.85
emp_003825,2026-07-01,161058.52,0.2,87126.69
emp_003826,2026-07-01,30000.0,0.05,4687.29
emp_003826,2025-07-01,28301.89,0.05,4421.97
emp_003826,2024-07-01,26699.89,0.05,4171.67
emp_003827,2026-07-01,108278.46,0.12,48876.04
emp_003828,2026-07-01,30000.0,0.05,7993.89
emp_003829,2026-07-01,120557.42,0.1,24824.13
emp_003830,2026-07-01,159753.19,0.12,66018.38
emp_003831,2026-07-01,159461.02,0.2,104779.08
emp_003831,2025-07-01,150434.92,0.2,98848.19
emp_003831,2024-07-01,141919.74,0.2,93253.01
emp_003832,2026-07-01,64256.61,0.15,130992.7
emp_003832,2025-07-01,60619.44,0.15,123578.02
emp_003832,2024-07-01,57188.15,0.15,116583.04
emp_003833,2026-07-01,178027.62,0.2,76668.83
emp_003833,2025-07-01,167950.58,0.2,72329.08
emp_003834,2026-07-01,42418.08,0.12,78651.54
emp_003834,2025-07-01,40017.06,0.12,74199.57
emp_003835,2026-07-01,78276.22,0.07,12059.48
emp_003836,2026-07-01,155450.57,0.12,30596.99
emp_003837,2026-07-01,52315.35,0.05,5534.84
emp_003838,2026-07-01,136923.21,0.12,33379.73
emp_003839,2026-07-01,152643.11,0.2,67975.89
emp_003839,2025-07-01,144002.93,0.2,64128.2
emp_003840,2026-07-01,176138.35,0.2,95059.67
emp_003840,2025-07-01,166168.25,0.2,89678.93
emp_003840,2024-07-01,156762.5,0.2,84602.77
emp_003841,2026-07-01,68799.44,0.05,5233.74
emp_003842,2026-07-01,56637.58,0.05,5146.83
emp_003842,2025-07-01,53431.68,0.05,4855.5
emp_003843,2026-07-01,215069.49,0.25,203874.53
emp_003843,2025-07-01,202895.75,0.25,192334.46
emp_003843,2024-07-01,191411.08,0.25,181447.61
emp_003844,2026-07-01,164714.68,0.15,101939.92
emp_003845,2026-07-01,71324.88,0.05,5679.2
emp_003846,2026-07-01,51215.16,0.05,5634.98
emp_003846,2025-07-01,48316.19,0.05,5316.02
emp_003846,2024-07-01,45581.31,0.05,5015.11
emp_003847,2026-07-01,125419.53,0.12,56059.88
emp_003847,2025-07-01,118320.31,0.12,52886.68
emp_003848,2026-07-01,91137.47,0.07,11605.25
emp_003848,2025-07-01,85978.75,0.07,10948.35
emp_003849,2026-07-01,135959.12,0.1,25428.55
emp_003849,2025-07-01,128263.32,0.1,23989.2
emp_003850,2026-07-01,126358.21,0.1,32733.65
emp_003850,2025-07-01,119205.86,0.1,30880.8
emp_003851,2026-07-01,122321.26,0.15,47620.55
emp_003851,2025-07-01,115397.42,0.15,44925.05
emp_003852,2026-07-01,89248.21,0.1,18825.25
emp_003852,2025-07-01,84196.42,0.1,17759.67
emp_003853,2026-07-01,279216.81,0.25,193325.2
emp_003853,2025-07-01,263412.08,0.25,182382.26
emp_003853,2024-07-01,248501.97,0.25,172058.74
emp_003854,2026-07-01,239216.73,0.25,174346.32
emp_003854,2025-07-01,225676.16,0.25,164477.66
emp_003855,2026-07-01,129936.74,0.1,21995.67
emp_003856,2026-07-01,54382.07,0.2,96286.07
emp_003856,2025-07-01,51303.84,0.2,90835.92
emp_003856,2024-07-01,48399.85,0.2,85694.26
emp_003857,2026-07-01,56363.58,0.05,5104.29
emp_003857,2025-07-01,53173.19,0.05,4815.37
emp_003857,2024-07-01,50163.39,0.05,4542.8
emp_003858,2026-07-01,99587.61,0.1,26302.55
emp_003858,2025-07-01,93950.58,0.1,24813.73
emp_003859,2026-07-01,447879.76,0.55,1386251.81
emp_003859,2025-07-01,422528.08,0.55,1307784.73
emp_003859,2024-07-01,398611.39,0.55,1233759.18
emp_003860,2026-07-01,175796.42,0.12,60777.18
emp_003861,2026-07-01,43878.72,0.05,3676.81
emp_003861,2025-07-01,41395.02,0.05,3468.69
emp_003861,2024-07-01,39051.9,0.05,3272.35
emp_003862,2026-07-01,74645.08,0.07,10155.1
emp_003863,2026-07-01,96117.25,0.1,28627.45
emp_003863,2025-07-01,90676.65,0.1,27007.03
emp_003863,2024-07-01,85544.01,0.1,25478.33
emp_003864,2026-07-01,82059.55,0.07,9591.97
emp_003865,2026-07-01,145936.12,0.12,53234.97
emp_003866,2026-07-01,149546.24,0.15,57320.01
emp_003866,2025-07-01,141081.36,0.15,54075.48
emp_003867,2026-07-01,47022.36,0.05,4965.57
emp_003867,2025-07-01,44360.72,0.05,4684.5
emp_003867,2024-07-01,41849.73,0.05,4419.34
emp_003868,2026-07-01,154990.75,0.15,90626.64
emp_003868,2025-07-01,146217.69,0.15,85496.83
emp_003868,2024-07-01,137941.22,0.15,80657.39
emp_003869,2026-07-01,325273.5,0.35,331541.57
emp_003869,2025-07-01,306861.79,0.35,312775.07
emp_003869,2024-07-01,289492.26,0.35,295070.82
emp_003870,2026-07-01,145555.91,0.15,47622.7
emp_003870,2025-07-01,137316.9,0.15,44927.08
emp_003870,2024-07-01,129544.24,0.15,42384.03
emp_003871,2026-07-01,54703.68,0.05,4652.96
emp_003871,2025-07-01,51607.25,0.05,4389.58
emp_003871,2024-07-01,48686.08,0.05,4141.12
emp_003872,2026-07-01,326851.13,0.35,362303.06
emp_003872,2025-07-01,308350.12,0.35,341795.34
emp_003873,2026-07-01,132922.3,0.15,43521.55
emp_003874,2026-07-01,115771.98,0.15,33525.66
emp_003874,2025-07-01,109218.85,0.15,31627.98
emp_003875,2026-07-01,109818.86,0.1,30078.98
emp_003876,2026-07-01,126900.73,0.1,27248.24
emp_003876,2025-07-01,119717.67,0.1,25705.89
emp_003876,2024-07-01,112941.2,0.1,24250.84
emp_003877,2026-07-01,152722.12,0.2,98488.82
emp_003877,2025-07-01,144077.47,0.2,92913.98
emp_003877,2024-07-01,135922.14,0.2,87654.7
emp_003878,2026-07-01,34647.08,0.1,25590.27
emp_003879,2026-07-01,80956.5,0.07,12141.6
emp_003879,2025-07-01,76374.06,0.07,11454.34
emp_003880,2026-07-01,99071.11,0.1,30110.94
emp_003881,2026-07-01,167432.37,0.2,66891.85
emp_003881,2025-07-01,157955.07,0.2,63105.52
emp_003881,2024-07-01,149014.21,0.2,59533.51
emp_003882,2026-07-01,51579.09,0.15,111296.36
emp_003882,2025-07-01,48659.52,0.15,104996.57
emp_003882,2024-07-01,45905.21,0.15,99053.36
emp_003883,2026-07-01,39252.8,0.05,5923.09
emp_003884,2026-07-01,205565.0,0.2,59573.22
emp_003884,2025-07-01,193929.25,0.2,56201.15
emp_003884,2024-07-01,182952.12,0.2,53019.95
emp_003885,2026-07-01,81566.36,0.07,10054.99
emp_003886,2026-07-01,93594.44,0.1,24202.94
emp_003886,2025-07-01,88296.64,0.1,22832.96
emp_003886,2024-07-01,83298.72,0.1,21540.53
emp_003887,2026-07-01,82204.34,0.07,16545.33
emp_003888,2026-07-01,73287.27,0.07,14597.22
emp_003888,2025-07-01,69138.93,0.07,13770.96
emp_003888,2024-07-01,65225.41,0.07,12991.47
emp_003889,2026-07-01,42050.46,0.15,38397.78
emp_003889,2025-07-01,39670.25,0.15,36224.32
emp_003889,2024-07-01,37424.76,0.15,34173.89
emp_003890,2026-07-01,71973.15,0.07,8641.28
emp_003890,2025-07-01,67899.2,0.07,8152.15
emp_003890,2024-07-01,64055.85,0.07,7690.71
emp_003891,2026-07-01,116831.16,0.15,47547.52
emp_003891,2025-07-01,110218.08,0.15,44856.15
emp_003891,2024-07-01,103979.32,0.15,42317.12
emp_003892,2026-07-01,128131.6,0.15,45760.05
emp_003893,2026-07-01,79157.97,0.07,14422.78
emp_003894,2026-07-01,75244.03,0.07,13042.75
emp_003894,2025-07-01,70984.93,0.07,12304.48
emp_003895,2026-07-01,77653.34,0.35,375417.39
emp_003895,2025-07-01,73257.87,0.35,354167.35
emp_003895,2024-07-01,69111.2,0.35,334120.14
emp_003896,2026-07-01,114092.79,0.1,36515.12
emp_003897,2026-07-01,128526.39,0.15,39090.45
emp_003897,2025-07-01,121251.31,0.15,36877.78
emp_003897,2024-07-01,114388.03,0.15,34790.36
emp_003898,2026-07-01,170007.38,0.2,118616.88
emp_003899,2026-07-01,62730.51,0.07,13345.11
emp_003899,2025-07-01,59179.73,0.07,12589.73
emp_003900,2026-07-01,143806.66,0.15,39849.75
emp_003901,2026-07-01,206462.45,0.2,99392.96
emp_003901,2025-07-01,194775.9,0.2,93766.94
emp_003901,2024-07-01,183750.85,0.2,88459.38
emp_003902,2026-07-01,30000.0,0.07,15406.36
emp_003903,2026-07-01,126541.44,0.1,16728.55
emp_003903,2025-07-01,119378.72,0.1,15781.65
emp_003904,2026-07-01,127327.37,0.15,37338.31
emp_003904,2025-07-01,120120.16,0.15,35224.82
emp_003904,2024-07-01,113320.91,0.15,33230.96
emp_003905,2026-07-01,104537.74,0.07,13256.04
emp_003906,2026-07-01,119559.2,0.12,37644.61
emp_003906,2025-07-01,112791.7,0.12,35513.78
emp_003906,2024-07-01,106407.26,0.12,33503.57
emp_003907,2026-07-01,129233.99,0.12,69059.36
emp_003907,2025-07-01,121918.86,0.12,65150.34
emp_003908,2026-07-01,106737.84,0.12,48079.44
emp_003909,2026-07-01,138080.52,0.12,55655.7
emp_003909,2025-07-01,130264.64,0.12,52505.38
emp_003909,2024-07-01,122891.17,0.12,49533.37
emp_003910,2026-07-01,103173.51,0.15,38198.58
emp_003910,2025-07-01,97333.5,0.15,36036.4
emp_003910,2024-07-01,91824.06,0.15,33996.6
emp_003911,2026-07-01,76553.07,0.25,224258.39
emp_003911,2025-07-01,72219.88,0.25,211564.52
emp_003911,2024-07-01,68131.96,0.25,199589.17
emp_003912,2026-07-01,96568.97,0.07,13457.48
emp_003913,2026-07-01,85234.55,0.07,11302.79
emp_003914,2026-07-01,137122.56,0.12,46197.8
emp_003915,2026-07-01,114591.92,0.07,12586.49
emp_003916,2026-07-01,53650.74,0.05,5317.62
emp_003916,2025-07-01,50613.91,0.05,5016.62
emp_003916,2024-07-01,47748.97,0.05,4732.66
emp_003917,2026-07-01,111555.54,0.15,35856.28
emp_003917,2025-07-01,105241.08,0.15,33826.68
emp_003917,2024-07-01,99284.03,0.15,31911.96
emp_003918,2026-07-01,72830.42,0.05,5410.04
emp_003918,2025-07-01,68707.94,0.05,5103.81
emp_003918,2024-07-01,64818.81,0.05,4814.92
emp_003919,2026-07-01,150507.74,0.12,73088.58
emp_003919,2025-07-01,141988.43,0.12,68951.49
emp_003919,2024-07-01,133951.35,0.12,65048.58
emp_003920,2026-07-01,216190.44,0.2,135407.33
emp_003920,2025-07-01,203953.25,0.2,127742.76
emp_003920,2024-07-01,192408.72,0.2,120512.04
emp_003921,2026-07-01,86070.51,0.1,29611.0
emp_003921,2025-07-01,81198.59,0.1,27934.91
emp_003921,2024-07-01,76602.45,0.1,26353.68
emp_003922,2026-07-01,140149.99,0.15,38652.34
emp_003922,2025-07-01,132216.97,0.15,36464.47
emp_003922,2024-07-01,124732.99,0.15,34400.44
emp_003923,2026-07-01,168727.68,0.15,92212.37
emp_003923,2025-07-01,159177.06,0.15,86992.8
emp_003923,2024-07-01,150167.03,0.15,82068.68
emp_003924,2026-07-01,281094.91,0.25,164381.28
emp_003924,2025-07-01,265183.88,0.25,155076.68
emp_003924,2024-07-01,250173.47,0.25,146298.75
emp_003925,2026-07-01,51201.16,0.05,5979.39
emp_003926,2026-07-01,89823.68,0.1,35969.33
emp_003926,2025-07-01,84739.32,0.1,33933.33
emp_003926,2024-07-01,79942.76,0.1,32012.58
emp_003927,2026-07-01,104673.5,0.1,21231.14
emp_003927,2025-07-01,98748.58,0.1,20029.38
emp_003927,2024-07-01,93159.04,0.1,18895.64
emp_003928,2026-07-01,68895.87,0.05,5692.84
emp_003929,2026-07-01,42996.79,0.05,6458.13
emp_003930,2026-07-01,124784.89,0.15,45166.11
emp_003930,2025-07-01,117721.59,0.15,42609.54
emp_003930,2024-07-01,111058.11,0.15,40197.68
emp_003931,2026-07-01,220796.59,0.25,161078.06
emp_003931,2025-07-01,208298.67,0.25,151960.43
emp_003931,2024-07-01,196508.18,0.25,143358.9
emp_003932,2026-07-01,86288.52,0.07,11276.39
emp_003933,2026-07-01,86472.31,0.07,14389.82
emp_003934,2026-07-01,114760.17,0.15,100502.03
emp_003934,2025-07-01,108264.31,0.15,94813.24
emp_003935,2026-07-01,136834.95,0.15,59898.94
emp_003935,2025-07-01,129089.58,0.15,56508.43
emp_003935,2024-07-01,121782.62,0.15,53309.84
emp_003936,2026-07-01,81509.74,0.07,10154.02
emp_003937,2026-07-01,72204.92,0.07,13033.09
emp_003937,2025-07-01,68117.85,0.07,12295.37
emp_003938,2026-07-01,30000.0,0.07,11261.25
emp_003939,2026-07-01,97562.83,0.1,27131.26
emp_003939,2025-07-01,92040.41,0.1,25595.53
emp_003940,2026-07-01,108728.88,0.15,34029.68
emp_003940,2025-07-01,102574.42,0.15,32103.47
emp_003940,2024-07-01,96768.32,0.15,30286.29
emp_003941,2026-07-01,352016.09,0.35,348436.93
emp_003941,2025-07-01,332090.65,0.35,328714.08
emp_003941,2024-07-01,313293.07,0.35,310107.63
emp_003942,2026-07-01,157032.04,0.15,115844.72
emp_003942,2025-07-01,148143.43,0.15,109287.47
emp_003942,2024-07-01,139757.96,0.15,103101.39
emp_003943,2026-07-01,102416.37,0.1,27905.97
emp_003944,2026-07-01,184513.95,0.25,102961.37
emp_003944,2025-07-01,174069.76,0.25,97133.37
emp_003945,2026-07-01,77527.5,0.07,8649.59
emp_003946,2026-07-01,46556.12,0.05,6311.87
emp_003947,2026-07-01,105825.27,0.15,50682.99
emp_003947,2025-07-01,99835.16,0.15,47814.14
emp_003948,2026-07-01,79257.18,0.07,12634.85
emp_003949,2026-07-01,134467.38,0.12,62725.48
emp_003950,2026-07-01,224953.12,0.15,99821.44
emp_003950,2025-07-01,212219.92,0.15,94171.17
emp_003951,2026-07-01,160034.11,0.15,112984.65
emp_003951,2025-07-01,150975.58,0.15,106589.29
emp_003951,2024-07-01,142429.79,0.15,100555.94
emp_003952,2026-07-01,112095.65,0.15,55441.31
emp_003953,2026-07-01,59866.07,0.05,5832.58
emp_003953,2025-07-01,56477.42,0.05,5502.43
emp_003953,2024-07-01,53280.59,0.05,5190.98
emp_003954,2026-07-01,44078.28,0.05,3948.81
emp_003955,2026-07-01,109282.66,0.1,21420.18
emp_003956,2026-07-01,190838.59,0.15,106570.37
emp_003956,2025-07-01,180036.41,0.15,100538.08
emp_003956,2024-07-01,169845.67,0.15,94847.25
emp_003957,2026-07-01,61833.83,0.07,13431.65
emp_003957,2025-07-01,58333.8,0.07,12671.37
emp_003957,2024-07-01,55031.89,0.07,11954.12
emp_003958,2026-07-01,207703.17,0.25,172659.47
emp_003958,2025-07-01,195946.39,0.25,162886.29
emp_003959,2026-07-01,121243.92,0.12,57807.22
emp_003959,2025-07-01,114381.06,0.12,54535.11
emp_003960,2026-07-01,80465.88,0.07,13954.03
emp_003961,2026-07-01,173405.84,0.2,88126.31
emp_003961,2025-07-01,163590.42,0.2,83138.03
emp_003961,2024-07-01,154330.58,0.2,78432.1
emp_003962,2026-07-01,130381.22,0.15,34087.17
emp_003963,2026-07-01,60598.5,0.05,5978.88
emp_003964,2026-07-01,111136.48,0.1,23830.27
emp_003965,2026-07-01,59963.08,0.05,4216.08
emp_003966,2026-07-01,112383.45,0.1,22675.57
emp_003967,2026-07-01,113316.83,0.1,23735.65
emp_003968,2026-07-01,78556.84,0.07,14386.8
emp_003969,2026-07-01,211117.61,0.2,100623.93
emp_003969,2025-07-01,199167.56,0.2,94928.24
emp_003970,2026-07-01,129254.7,0.12,51035.87
emp_003970,2025-07-01,121938.4,0.12,48147.05
emp_003970,2024-07-01,115036.22,0.12,45421.74
emp_003971,2026-07-01,169136.36,0.12,44157.19
emp_003971,2025-07-01,159562.6,0.12,41657.73
emp_003971,2024-07-01,150530.76,0.12,39299.74
emp_003972,2026-07-01,192971.65,0.2,83095.18
emp_003972,2025-07-01,182048.73,0.2,78391.68
emp_003972,2024-07-01,171744.08,0.2,73954.41
emp_003973,2026-07-01,129456.56,0.12,62839.19
emp_003974,2026-07-01,134353.25,0.15,40729.28
emp_003975,2026-07-01,46594.99,0.15,71383.3
emp_003976,2026-07-01,117897.2,0.1,14736.48
emp_003977,2026-07-01,168785.17,0.15,125477.7
emp_003977,2025-07-01,159231.29,0.15,118375.19
emp_003977,2024-07-01,150218.2,0.15,111674.71
emp_003978,2026-07-01,94900.56,0.1,21532.04
emp_003978,2025-07-01,89528.83,0.1,20313.25
emp_003978,2024-07-01,84461.16,0.1,19163.44
emp_003979,2026-07-01,134404.44,0.15,35008.49
emp_003979,2025-07-01,126796.64,0.15,33026.88
emp_003979,2024-07-01,119619.47,0.15,31157.43
emp_003980,2026-07-01,160939.08,0.2,80504.15
emp_003981,2026-07-01,89644.44,0.07,10788.33
emp_003982,2026-07-01,117864.23,0.1,27117.27
emp_003983,2026-07-01,64342.03,0.05,4751.83
emp_003984,2026-07-01,167582.12,0.15,39505.03
emp_003984,2025-07-01,158096.34,0.15,37268.9
emp_003985,2026-07-01,57511.84,0.05,2891.07
emp_003986,2026-07-01,158196.18,0.2,51254.97
emp_003986,2025-07-01,149241.68,0.2,48353.75
emp_003987,2026-07-01,128378.73,0.12,51719.52
emp_003987,2025-07-01,121112.01,0.12,48792.0
emp_003987,2024-07-01,114256.61,0.12,46030.19
emp_003988,2026-07-01,135982.92,0.12,47115.89
emp_003989,2026-07-01,121409.65,0.1,30429.97
emp_003989,2025-07-01,114537.41,0.1,28707.52
emp_003990,2026-07-01,55047.27,0.05,4462.41
emp_003991,2026-07-01,179898.99,0.2,98612.63
emp_003991,2025-07-01,169716.03,0.2,93030.78
emp_003991,2024-07-01,160109.46,0.2,87764.89
emp_003992,2026-07-01,127838.54,0.1,21848.84
emp_003992,2025-07-01,120602.4,0.1,20612.11
emp_003993,2026-07-01,133665.08,0.15,41949.85
emp_003993,2025-07-01,126099.13,0.15,39575.33
emp_003993,2024-07-01,118961.45,0.15,37335.22
emp_003994,2026-07-01,56492.37,0.05,4581.32
emp_003995,2026-07-01,30000.0,0.07,7133.46
emp_003995,2025-07-01,28301.89,0.07,6729.68
emp_003996,2026-07-01,71969.24,0.07,11986.06
emp_003997,2026-07-01,72815.32,0.07,8510.65
emp_003998,2026-07-01,39560.49,0.15,35709.5
emp_003999,2026-07-01,59519.45,0.05,5598.21
emp_004000,2026-07-01,91851.5,0.07,11504.36
emp_004001,2026-07-01,97006.94,0.07,6139.71
emp_004001,2025-07-01,91515.98,0.07,5792.18
emp_004002,2026-07-01,161359.66,0.12,54454.15
emp_004003,2026-07-01,71480.46,0.05,3600.7
emp_004003,2025-07-01,67434.4,0.05,3396.89
emp_004004,2026-07-01,164244.48,0.15,46008.12
emp_004004,2025-07-01,154947.62,0.15,43403.89
emp_004005,2026-07-01,128816.14,0.15,38562.37
emp_004005,2025-07-01,121524.66,0.15,36379.59
emp_004005,2024-07-01,114645.91,0.15,34320.37
emp_004006,2026-07-01,39851.18,0.12,52065.68
emp_004006,2025-07-01,37595.45,0.12,49118.57
emp_004007,2026-07-01,84840.64,0.07,8972.12
emp_004008,2026-07-01,83060.17,0.07,12029.94
emp_004009,2026-07-01,95711.82,0.07,16255.9
emp_004010,2026-07-01,69885.17,0.05,6019.94
emp_004010,2025-07-01,65929.41,0.05,5679.19
emp_004011,2026-07-01,223810.79,0.15,113234.33
emp_004011,2025-07-01,211142.25,0.15,106824.84
emp_004012,2026-07-01,155299.85,0.15,34940.67
emp_004012,2025-07-01,146509.29,0.15,32962.9
emp_004012,2024-07-01,138216.31,0.15,31097.07
emp_004013,2026-07-01,118470.61,0.1,24145.39
emp_004013,2025-07-01,111764.73,0.1,22778.67
emp_004014,2026-07-01,55484.5,0.05,3966.29
emp_004015,2026-07-01,97450.47,0.07,15484.49
emp_004016,2026-07-01,277510.75,0.25,182836.56
emp_004016,2025-07-01,261802.59,0.25,172487.32
emp_004017,2026-07-01,66863.53,0.07,11721.18
emp_004017,2025-07-01,63078.8,0.07,11057.72
emp_004018,2026-07-01,105833.78,0.1,20096.72
emp_004019,2026-07-01,118047.6,0.12,56723.84
emp_004020,2026-07-01,154720.88,0.2,93614.21
emp_004020,2025-07-01,145963.09,0.2,88315.29
emp_004020,2024-07-01,137701.03,0.2,83316.31
emp_004021,2026-07-01,72989.71,0.07,10214.62
emp_004022,2026-07-01,186878.98,0.2,72659.89
emp_004022,2025-07-01,176300.92,0.2,68547.07
emp_004022,2024-07-01,166321.63,0.2,64667.04
emp_004023,2026-07-01,209016.48,0.15,133793.01
emp_004023,2025-07-01,197185.36,0.15,126219.82
emp_004024,2026-07-01,116702.57,0.15,49329.89
emp_004024,2025-07-01,110096.76,0.15,46537.63
emp_004025,2026-07-01,68684.97,0.05,5149.27
emp_004026,2026-07-01,132631.82,0.15,41796.53
emp_004026,2025-07-01,125124.36,0.15,39430.69
emp_004026,2024-07-01,118041.85,0.15,37198.76
emp_004027,2026-07-01,46594.18,0.05,6210.65
emp_004028,2026-07-01,149171.37,0.15,53060.26
emp_004028,2025-07-01,140727.71,0.15,50056.85
emp_004029,2026-07-01,113573.92,0.1,29284.84
emp_004029,2025-07-01,107145.21,0.1,27627.21
emp_004030,2026-07-01,116293.77,0.1,28612.12
emp_004030,2025-07-01,109711.1,0.1,26992.57
emp_004030,2024-07-01,103501.04,0.1,25464.68
emp_004031,2026-07-01,118801.02,0.12,55256.56
emp_004031,2025-07-01,112076.43,0.12,52128.83
emp_004031,2024-07-01,105732.48,0.12,49178.14
emp_004032,2026-07-01,56389.1,0.05,4783.31
emp_004033,2026-07-01,84232.86,0.07,10429.82
emp_004034,2026-07-01,105395.42,0.07,18749.14
emp_004034,2025-07-01,99429.64,0.07,17687.87
emp_004034,2024-07-01,93801.55,0.07,16686.67
emp_004035,2026-07-01,66365.98,0.05,4439.95
emp_004035,2025-07-01,62609.42,0.05,4188.63
emp_004035,2024-07-01,59065.49,0.05,3951.54
emp_004036,2026-07-01,142470.07,0.12,59121.37
emp_004036,2025-07-01,134405.73,0.12,55774.88
emp_004037,2026-07-01,63409.49,0.07,11955.67
emp_004038,2026-07-01,52705.01,0.05,5545.69
emp_004039,2026-07-01,66675.81,0.07,10140.29
emp_004040,2026-07-01,132362.76,0.1,21373.89
emp_004041,2026-07-01,77776.49,0.07,12434.34
emp_004041,2025-07-01,73374.05,0.07,11730.51
emp_004041,2024-07-01,69220.8,0.07,11066.52
emp_004042,2026-07-01,159369.69,0.15,42260.69
emp_004043,2026-07-01,160144.53,0.12,72211.95
emp_004044,2026-07-01,83393.47,0.07,9098.34
emp_004044,2025-07-01,78673.08,0.07,8583.34
emp_004045,2026-07-01,109955.2,0.07,14130.92
emp_004045,2025-07-01,103731.32,0.07,13331.06
emp_004045,2024-07-01,97859.74,0.07,12576.47
emp_004046,2026-07-01,223073.92,0.12,45189.5
emp_004047,2026-07-01,87782.49,0.07,14169.01
emp_004047,2025-07-01,82813.67,0.07,13366.99
emp_004047,2024-07-01,78126.1,0.07,12610.37
emp_004048,2026-07-01,199172.18,0.15,89864.53
emp_004048,2025-07-01,187898.28,0.15,84777.86
emp_004048,2024-07-01,177262.53,0.15,79979.11
emp_004049,2026-07-01,218211.61,0.15,118989.29
emp_004049,2025-07-01,205860.01,0.15,112254.05
emp_004049,2024-07-01,194207.56,0.15,105900.04
emp_004050,2026-07-01,66203.72,0.05,3452.33
emp_004051,2026-07-01,120448.27,0.1,22515.1
emp_004051,2025-07-01,113630.44,0.1,21240.66
emp_004051,2024-07-01,107198.53,0.1,20038.36
emp_004052,2026-07-01,260860.63,0.2,97241.12
emp_004052,2025-07-01,246094.93,0.2,91736.91
emp_004052,2024-07-01,232165.03,0.2,86544.25
emp_004053,2026-07-01,163005.37,0.15,43651.2
emp_004053,2025-07-01,153778.65,0.15,41180.38
emp_004053,2024-07-01,145074.2,0.15,38849.41
emp_004054,2026-07-01,60146.46,0.05,4667.58
emp_004055,2026-07-01,50179.11,0.12,42338.55
emp_004055,2025-07-01,47338.78,0.12,39942.03
emp_004055,2024-07-01,44659.23,0.12,37681.16
emp_004056,2026-07-01,114380.59,0.07,12536.22
emp_004057,2026-07-01,75349.38,0.05,6004.37
emp_004058,2026-07-01,30000.0,0.07,10543.3
emp_004058,2025-07-01,28301.89,0.07,9946.51
emp_004059,2026-07-01,111059.6,0.07,12558.65
emp_004059,2025-07-01,104773.21,0.07,11847.78
emp_004059,2024-07-01,98842.65,0.07,11177.15
emp_004060,2026-07-01,75621.05,0.07,15687.26
emp_004061,2026-07-01,159893.99,0.12,54499.93
emp_004061,2025-07-01,150843.39,0.12,51415.03
emp_004062,2026-07-01,143345.12,0.12,72563.8
emp_004063,2026-07-01,64391.31,0.05,4698.97
emp_004063,2025-07-01,60746.52,0.05,4432.99
emp_004063,2024-07-01,57308.04,0.05,4182.07
emp_004064,2026-07-01,131472.29,0.15,34922.34
emp_004064,2025-07-01,124030.46,0.15,32945.6
emp_004065,2026-07-01,164489.07,0.12,55202.82
emp_004065,2025-07-01,155178.37,0.12,52078.13
emp_004065,2024-07-01,146394.69,0.12,49130.31
emp_004066,2026-07-01,122322.45,0.1,29692.91
emp_004067,2026-07-01,80259.7,0.07,14364.85
emp_004068,2026-07-01,90470.68,0.07,12581.4
emp_004068,2025-07-01,85349.7,0.07,11869.25
emp_004069,2026-07-01,146745.04,0.12,63987.45
emp_004069,2025-07-01,138438.72,0.12,60365.52
emp_004070,2026-07-01,193438.98,0.15,44285.09
emp_004070,2025-07-01,182489.6,0.15,41778.39
emp_004071,2026-07-01,124769.63,0.12,77282.54
emp_004071,2025-07-01,117707.2,0.12,72908.06
emp_004072,2026-07-01,233445.24,0.15,139545.71
emp_004072,2025-07-01,220231.36,0.15,131646.9
emp_004073,2026-07-01,77302.88,0.07,10635.62
emp_004073,2025-07-01,72927.25,0.07,10033.6
emp_004073,2024-07-01,68799.29,0.07,9465.66
emp_004074,2026-07-01,88743.62,0.07,14770.93
emp_004074,2025-07-01,83720.4,0.07,13934.84
emp_004075,2026-07-01,81452.48,0.07,9961.3
emp_004075,2025-07-01,76841.96,0.07,9397.45
emp_004075,2024-07-01,72492.42,0.07,8865.52
emp_004076,2026-07-01,52431.76,0.05,6621.7
emp_004077,2026-07-01,92268.32,0.1,25185.35
emp_004078,2026-07-01,324334.45,0.25,99050.71
emp_004078,2025-07-01,305975.9,0.25,93444.07
emp_004078,2024-07-01,288656.51,0.25,88154.78
emp_004079,2026-07-01,67397.93,0.05,5063.96
emp_004079,2025-07-01,63582.95,0.05,4777.32
emp_004080,2026-07-01,88060.93,0.07,9335.99
emp_004080,2025-07-01,83076.35,0.07,8807.54
emp_004081,2026-07-01,80131.83,0.07,7964.99
emp_004081,2025-07-01,75596.07,0.07,7514.14
emp_004081,2024-07-01,71317.04,0.07,7088.81
emp_004082,2026-07-01,215752.88,0.15,83579.61
emp_004082,2025-07-01,203540.45,0.15,78848.69
emp_004082,2024-07-01,192019.3,0.15,74385.56
emp_004083,2026-07-01,164459.62,0.15,64743.33
emp_004083,2025-07-01,155150.58,0.15,61078.61
emp_004083,2024-07-01,146368.48,0.15,57621.33
emp_004084,2026-07-01,93989.35,0.07,14681.52
emp_004084,2025-07-01,88669.2,0.07,13850.49
emp_004084,2024-07-01,83650.19,0.07,13066.5
emp_004085,2026-07-01,203146.58,0.15,129703.73
emp_004085,2025-07-01,191647.72,0.15,122362.01
emp_004086,2026-07-01,46178.48,0.05,4743.52
emp_004086,2025-07-01,43564.6,0.05,4475.02
emp_004086,2024-07-01,41098.68,0.05,4221.72
emp_004087,2026-07-01,126704.58,0.1,33223.97
emp_004087,2025-07-01,119532.62,0.1,31343.37
emp_004088,2026-07-01,160395.35,0.15,48352.71
emp_004088,2025-07-01,151316.37,0.15,45615.76
emp_004088,2024-07-01,142751.29,0.15,43033.74
emp_004089,2026-07-01,110832.78,0.07,12154.67
emp_004090,2026-07-01,175523.95,0.15,28810.98
emp_004090,2025-07-01,165588.63,0.15,27180.17
emp_004090,2024-07-01,156215.69,0.15,25641.67
emp_004091,2026-07-01,210549.41,0.2,92386.45
emp_004091,2025-07-01,198631.52,0.2,87157.03
emp_004091,2024-07-01,187388.23,0.2,82223.61
emp_004092,2026-07-01,147696.71,0.1,32080.3
emp_004092,2025-07-01,139336.52,0.1,30264.43
emp_004093,2026-07-01,162962.51,0.2,52623.69
emp_004094,2026-07-01,82401.8,0.07,11053.8
emp_004095,2026-07-01,96914.27,0.07,14166.6
emp_004096,2026-07-01,83953.59,0.05,4277.25
emp_004097,2026-07-01,66848.58,0.05,6694.42
emp_004098,2026-07-01,272430.15,0.15,140708.55
emp_004098,2025-07-01,257009.58,0.15,132743.92
emp_004098,2024-07-01,242461.86,0.15,125230.11
emp_004099,2026-07-01,87354.17,0.07,10710.1
emp_004100,2026-07-01,161352.58,0.15,38854.05
emp_004100,2025-07-01,152219.42,0.15,36654.76
emp_004101,2026-07-01,113705.6,0.1,23771.3
emp_004101,2025-07-01,107269.43,0.1,22425.75
emp_004102,2026-07-01,104812.52,0.1,20429.57
emp_004103,2026-07-01,227514.76,0.2,100808.5
emp_004103,2025-07-01,214636.57,0.2,95102.36
emp_004104,2026-07-01,148890.73,0.15,41597.43
emp_004104,2025-07-01,140462.95,0.15,39242.86
emp_004104,2024-07-01,132512.22,0.15,37021.56
emp_004105,2026-07-01,166526.82,0.15,41126.86
emp_004105,2025-07-01,157100.77,0.15,38798.92
emp_004105,2024-07-01,148208.28,0.15,36602.76
emp_004106,2026-07-01,104748.89,0.07,8148.99
emp_004106,2025-07-01,98819.71,0.07,7687.73
emp_004107,2026-07-01,68388.12,0.05,4943.54
emp_004107,2025-07-01,64517.09,0.05,4663.72
emp_004107,2024-07-01,60865.18,0.05,4399.73
emp_004108,2026-07-01,120398.14,0.1,25042.93
emp_004109,2026-07-01,68208.8,0.05,3631.54
emp_004110,2026-07-01,62658.92,0.05,4763.84
emp_004110,2025-07-01,59112.19,0.05,4494.19
emp_004111,2026-07-01,227611.18,0.2,112217.94
emp_004111,2025-07-01,214727.53,0.2,105865.98
emp_004112,2026-07-01,399104.9,0.35,372983.08
emp_004112,2025-07-01,376514.06,0.35,351870.83
emp_004112,2024-07-01,355201.94,0.35,331953.61
emp_004113,2026-07-01,30000.0,0.05,6362.67
emp_004114,2026-07-01,63926.08,0.05,6151.95
emp_004115,2026-07-01,179092.27,0.12,49193.17
emp_004116,2026-07-01,75211.55,0.07,9747.71
emp_004117,2026-07-01,256699.95,0.2,110073.43
emp_004118,2026-07-01,102456.38,0.1,31421.24
emp_004118,2025-07-01,96656.96,0.1,29642.68
emp_004118,2024-07-01,91185.81,0.1,27964.79
emp_004119,2026-07-01,113261.2,0.07,18084.87
emp_004119,2025-07-01,106850.19,0.07,17061.2
emp_004120,2026-07-01,101263.45,0.1,22710.31
emp_004120,2025-07-01,95531.56,0.1,21424.82
emp_004121,2026-07-01,46511.33,0.15,47412.88
emp_004121,2025-07-01,43878.61,0.15,44729.13
emp_004121,2024-07-01,41394.92,0.15,42197.29
emp_004122,2026-07-01,164196.33,0.15,37071.79
emp_004122,2025-07-01,154902.2,0.15,34973.39
emp_004122,2024-07-01,146134.15,0.15,32993.76
emp_004123,2026-07-01,108420.01,0.1,24234.18
emp_004123,2025-07-01,102283.03,0.1,22862.43
emp_004124,2026-07-01,175642.43,0.2,115097.23
emp_004124,2025-07-01,165700.41,0.2,108582.29
emp_004125,2026-07-01,193955.73,0.15,139494.69
emp_004125,2025-07-01,182977.1,0.15,131598.76
emp_004126,2026-07-01,61088.13,0.05,3913.83
emp_004127,2026-07-01,180437.87,0.2,73896.27
emp_004127,2025-07-01,170224.41,0.2,69713.46
emp_004128,2026-07-01,133833.72,0.15,35480.2
emp_004128,2025-07-01,126258.23,0.15,33471.89
emp_004128,2024-07-01,119111.53,0.15,31577.25
emp_004129,2026-07-01,164298.6,0.12,54042.22
emp_004130,2026-07-01,194707.2,0.15,111261.93
emp_004130,2025-07-01,183686.04,0.15,104964.08
emp_004130,2024-07-01,173288.71,0.15,99022.72
emp_004131,2026-07-01,150010.59,0.15,134667.03
emp_004131,2025-07-01,141519.42,0.15,127044.37
emp_004131,2024-07-01,133508.89,0.15,119853.18
emp_004132,2026-07-01,93710.49,0.07,8821.26
emp_004132,2025-07-01,88406.12,0.07,8321.94
emp_004133,2026-07-01,75043.18,0.05,5832.39
emp_004133,2025-07-01,70795.45,0.05,5502.25
emp_004134,2026-07-01,144863.75,0.15,41625.94
emp_004134,2025-07-01,136663.92,0.15,39269.75
emp_004135,2026-07-01,92797.22,0.07,10343.8
emp_004136,2026-07-01,148412.18,0.15,40177.94
emp_004136,2025-07-01,140011.49,0.15,37903.72
emp_004137,2026-07-01,155942.49,0.1,29223.39
emp_004138,2026-07-01,239144.08,0.25,209436.36
emp_004138,2025-07-01,225607.62,0.25,197581.47
emp_004138,2024-07-01,212837.38,0.25,186397.61
emp_004139,2026-07-01,70210.77,0.05,4196.21
emp_004139,2025-07-01,66236.58,0.05,3958.69
emp_004139,2024-07-01,62487.34,0.05,3734.61
emp_004140,2026-07-01,175789.97,0.15,132515.39
emp_004140,2025-07-01,165839.59,0.15,125014.52
emp_004141,2026-07-01,67364.1,0.05,6137.92
emp_004141,2025-07-01,63551.04,0.05,5790.49
emp_004142,2026-07-01,73518.35,0.05,4075.66
emp_004143,2026-07-01,54713.17,0.05,4639.76
emp_004144,2026-07-01,45657.51,0.05,5800.66
emp_004144,2025-07-01,43073.12,0.05,5472.32
emp_004144,2024-07-01,40635.02,0.05,5162.57
emp_004145,2026-07-01,128725.32,0.1,27704.75
emp_004146,2026-07-01,75922.08,0.05,4452.97
emp_004146,2025-07-01,71624.6,0.05,4200.92
emp_004147,2026-07-01,62819.28,0.05,6237.56
emp_004147,2025-07-01,59263.47,0.05,5884.49
emp_004148,2026-07-01,167791.39,0.2,107549.72
emp_004148,2025-07-01,158293.76,0.2,101462.0
emp_004148,2024-07-01,149333.74,0.2,95718.87
emp_004149,2026-07-01,142685.17,0.12,43311.69
emp_004149,2025-07-01,134608.65,0.12,40860.08
emp_004150,2026-07-01,94041.53,0.07,10108.58
emp_004151,2026-07-01,162812.93,0.12,60013.79
emp_004151,2025-07-01,153597.1,0.12,56616.78
emp_004151,2024-07-01,144902.93,0.12,53412.06
emp_004152,2026-07-01,294314.04,0.35,362196.9
emp_004152,2025-07-01,277654.75,0.35,341695.19
emp_004152,2024-07-01,261938.45,0.35,322353.95
emp_004153,2026-07-01,61864.36,0.05,4222.95
emp_004154,2026-07-01,205610.06,0.15,113034.27
emp_004154,2025-07-01,193971.75,0.15,106636.1
emp_004155,2026-07-01,207165.56,0.2,81362.1
emp_004155,2025-07-01,195439.21,0.2,76756.7
emp_004155,2024-07-01,184376.61,0.2,72411.98
emp_004156,2026-07-01,121429.66,0.15,50252.53
emp_004156,2025-07-01,114556.28,0.15,47408.05
emp_004156,2024-07-01,108071.97,0.15,44724.57
emp_004157,2026-07-01,99628.38,0.1,28697.6
emp_004158,2026-07-01,99159.05,0.07,11071.73
emp_004159,2026-07-01,69095.05,0.05,4743.3
emp_004160,2026-07-01,190371.76,0.2,114802.51
emp_004160,2025-07-01,179596.0,0.2,108304.25
emp_004160,2024-07-01,169430.19,0.2,102173.83
emp_004161,2026-07-01,78570.51,0.05,6348.96
emp_004162,2026-07-01,93604.72,0.07,16149.39
emp_004162,2025-07-01,88306.34,0.07,15235.27
emp_004163,2026-07-01,117713.98,0.1,25403.31
emp_004164,2026-07-01,134513.55,0.15,35760.25
emp_004165,2026-07-01,127572.14,0.1,28647.42
emp_004166,2026-07-01,71818.99,0.05,3513.6
emp_004166,2025-07-01,67753.76,0.05,3314.72
emp_004167,2026-07-01,154654.95,0.12,45565.31
emp_004168,2026-07-01,169616.18,0.2,64819.13
emp_004168,2025-07-01,160015.26,0.2,61150.12
emp_004168,2024-07-01,150957.8,0.2,57688.79
emp_004169,2026-07-01,63996.49,0.05,4220.73
emp_004169,2025-07-01,60374.05,0.05,3981.82
emp_004170,2026-07-01,129171.08,0.1,25303.1
emp_004170,2025-07-01,121859.51,0.1,23870.85
emp_004170,2024-07-01,114961.8,0.1,22519.67
emp_004171,2026-07-01,170649.38,0.12,72962.72
emp_004172,2026-07-01,130509.81,0.1,20168.11
emp_004173,2026-07-01,227680.4,0.15,96848.81
emp_004173,2025-07-01,214792.83,0.15,91366.8
emp_004174,2026-07-01,103695.49,0.07,11442.5
emp_004175,2026-07-01,111917.33,0.1,28999.77
emp_004176,2026-07-01,190669.99,0.2,80973.13
emp_004176,2025-07-01,179877.35,0.2,76389.75
emp_004176,2024-07-01,169695.61,0.2,72065.8
emp_004177,2026-07-01,111605.82,0.1,33569.96
emp_004177,2025-07-01,105288.51,0.1,31669.77
emp_004177,2024-07-01,99328.78,0.1,29877.14
emp_004178,2026-07-01,120413.64,0.1,17182.8
emp_004178,2025-07-01,113597.77,0.1,16210.19
emp_004178,2024-07-01,107167.71,0.1,15292.63
emp_004179,2026-07-01,269414.41,0.25,132089.14
emp_004179,2025-07-01,254164.54,0.25,124612.4
emp_004179,2024-07-01,239777.87,0.25,117558.86
emp_004180,2026-07-01,105462.93,0.1,27347.37
emp_004180,2025-07-01,99493.33,0.1,25799.41
emp_004181,2026-07-01,110553.44,0.1,34597.07
emp_004181,2025-07-01,104295.7,0.1,32638.75
emp_004182,2026-07-01,30000.0,0.05,6099.5
emp_004183,2026-07-01,179060.3,0.12,21917.35
emp_004183,2025-07-01,168924.81,0.12,20676.75
emp_004183,2024-07-01,159363.03,0.12,19506.36
emp_004184,2026-07-01,197770.0,0.12,59967.46
emp_004184,2025-07-01,186575.47,0.12,56573.08
emp_004185,2026-07-01,182091.61,0.12,58805.15
emp_004185,2025-07-01,171784.54,0.12,55476.56
emp_004185,2024-07-01,162060.88,0.12,52336.37
emp_004186,2026-07-01,301219.29,0.35,403365.69
emp_004186,2025-07-01,284169.14,0.35,380533.67
emp_004187,2026-07-01,169451.2,0.2,69583.51
emp_004187,2025-07-01,159859.62,0.2,65644.82
emp_004188,2026-07-01,98582.65,0.07,12860.85
emp_004188,2025-07-01,93002.5,0.07,12132.88
emp_004189,2026-07-01,213563.12,0.25,176850.95
emp_004189,2025-07-01,201474.64,0.25,166840.52
emp_004189,2024-07-01,190070.42,0.25,157396.72
emp_004190,2026-07-01,113308.7,0.1,28285.57
emp_004191,2026-07-01,248736.77,0.15,107467.81
emp_004191,2025-07-01,234657.33,0.15,101384.73
emp_004191,2024-07-01,221374.84,0.15,95645.97
emp_004192,2026-07-01,97106.26,0.07,13503.64
emp_004192,2025-07-01,91609.68,0.07,12739.28
emp_004192,2024-07-01,86424.23,0.07,12018.19
emp_004193,2026-07-01,136982.16,0.1,22306.53
emp_004194,2026-07-01,253818.42,0.25,169842.53
emp_004194,2025-07-01,239451.34,0.25,160228.8
emp_004195,2026-07-01,145411.6,0.15,44370.11
emp_004195,2025-07-01,137180.75,0.15,41858.59
emp_004196,2026-07-01,182160.2,0.15,125905.27
emp_004196,2025-07-01,171849.25,0.15,118778.56
emp_004197,2026-07-01,210616.54,0.2,74605.9
emp_004197,2025-07-01,198694.85,0.2,70382.92
emp_004198,2026-07-01,77380.48,0.07,11697.57
emp_004198,2025-07-01,73000.45,0.07,11035.44
emp_004198,2024-07-01,68868.35,0.07,10410.8
emp_004199,2026-07-01,72202.19,0.05,7131.93
emp_004200,2026-07-01,78018.1,0.07,10176.27
emp_004200,2025-07-01,73601.98,0.07,9600.25
emp_004200,2024-07-01,69435.83,0.07,9056.84
emp_004201,2026-07-01,190760.81,0.15,102582.61
emp_004202,2026-07-01,229193.65,0.2,125253.51
emp_004202,2025-07-01,216220.42,0.2,118163.69
emp_004202,2024-07-01,203981.53,0.2,111475.18
emp_004203,2026-07-01,86690.76,0.07,13229.31
emp_004203,2025-07-01,81783.74,0.07,12480.48
emp_004203,2024-07-01,77154.47,0.07,11774.04
emp_004204,2026-07-01,119179.75,0.1,24912.5
emp_004204,2025-07-01,112433.73,0.1,23502.36
emp_004204,2024-07-01,106069.55,0.1,22172.04
emp_004205,2026-07-01,165883.1,0.15,102873.33
emp_004205,2025-07-01,156493.49,0.15,97050.31
emp_004206,2026-07-01,121015.11,0.1,33150.13
emp_004207,2026-07-01,163702.4,0.2,98884.98
emp_004207,2025-07-01,154436.23,0.2,93287.72
emp_004207,2024-07-01,145694.55,0.2,88007.28
emp_004208,2026-07-01,253571.95,0.25,199799.72
emp_004208,2025-07-01,239218.82,0.25,188490.3
emp_004209,2026-07-01,62346.26,0.05,5202.22
emp_004209,2025-07-01,58817.23,0.05,4907.75
emp_004210,2026-07-01,162848.39,0.12,42876.91
emp_004211,2026-07-01,85874.54,0.07,11294.61
emp_004211,2025-07-01,81013.72,0.07,10655.29
emp_004211,2024-07-01,76428.03,0.07,10052.16
emp_004212,2026-07-01,112398.71,0.1,19237.82
emp_004213,2026-07-01,37157.72,0.1,26860.53
emp_004214,2026-07-01,30000.0,0.05,6391.08
emp_004215,2026-07-01,83393.82,0.05,5207.5
emp_004216,2026-07-01,30000.0,0.05,4599.02
emp_004216,2025-07-01,28301.89,0.05,4338.7
emp_004217,2026-07-01,143547.56,0.1,25589.67
emp_004218,2026-07-01,141687.85,0.15,41300.33
emp_004218,2025-07-01,133667.78,0.15,38962.58
emp_004219,2026-07-01,151970.32,0.15,39622.28
emp_004220,2026-07-01,179151.93,0.15,49928.38
emp_004221,2026-07-01,116392.44,0.1,26237.23
emp_004221,2025-07-01,109804.19,0.1,24752.1
emp_004222,2026-07-01,155229.48,0.12,49396.84
emp_004223,2026-07-01,117478.51,0.07,10899.5
emp_004223,2025-07-01,110828.78,0.07,10282.55
emp_004223,2024-07-01,104555.46,0.07,9700.52
emp_004224,2026-07-01,146507.25,0.1,32715.09
emp_004224,2025-07-01,138214.39,0.1,30863.29
emp_004224,2024-07-01,130390.93,0.1,29116.31
emp_004225,2026-07-01,148856.17,0.12,51763.74
emp_004225,2025-07-01,140430.35,0.12,48833.72
emp_004226,2026-07-01,123518.65,0.1,20722.19
emp_004226,2025-07-01,116527.03,0.1,19549.24
emp_004226,2024-07-01,109931.16,0.1,18442.68
emp_004227,2026-07-01,76756.52,0.07,10154.26
emp_004228,2026-07-01,138068.9,0.2,101035.46
emp_004228,2025-07-01,130253.68,0.2,95316.47
emp_004229,2026-07-01,126113.49,0.1,19438.61
emp_004229,2025-07-01,118974.99,0.1,18338.31
emp_004230,2026-07-01,191518.9,0.2,94313.56
emp_004230,2025-07-01,180678.21,0.2,88975.06
emp_004231,2026-07-01,142120.61,0.12,70161.51
emp_004232,2026-07-01,93346.56,0.1,25174.8
emp_004232,2025-07-01,88062.79,0.1,23749.81
emp_004232,2024-07-01,83078.11,0.1,22405.48
emp_004233,2026-07-01,135956.79,0.1,21550.52
emp_004234,2026-07-01,117005.08,0.1,32602.65
emp_004235,2026-07-01,125633.52,0.15,47861.1
emp_004236,2026-07-01,191739.1,0.12,22819.92
emp_004236,2025-07-01,180885.94,0.12,21528.23
emp_004236,2024-07-01,170647.12,0.12,20309.65
emp_004237,2026-07-01,163091.48,0.15,54937.83
emp_004237,2025-07-01,153859.89,0.15,51828.14
emp_004237,2024-07-01,145150.84,0.15,48894.47
emp_004238,2026-07-01,118532.35,0.12,60183.58
emp_004239,2026-07-01,81907.02,0.07,8545.77
emp_004240,2026-07-01,56061.14,0.05,3547.84
emp_004241,2026-07-01,68598.96,0.05,5042.9
emp_004242,2026-07-01,127798.55,0.1,25306.15
emp_004242,2025-07-01,120564.67,0.1,23873.73
emp_004242,2024-07-01,113740.25,0.1,22522.38
emp_004243,2026-07-01,173325.13,0.12,66203.05
emp_004243,2025-07-01,163514.27,0.12,62455.71
emp_004243,2024-07-01,154258.75,0.12,58920.48
emp_004244,2026-07-01,149206.31,0.12,53867.29
emp_004244,2025-07-01,140760.67,0.12,50818.2
emp_004244,2024-07-01,132793.08,0.12,47941.7
emp_004245,2026-07-01,75133.64,0.07,15797.43
emp_004245,2025-07-01,70880.79,0.07,14903.24
emp_004245,2024-07-01,66868.67,0.07,14059.66
emp_004246,2026-07-01,51380.76,0.05,5873.04
emp_004246,2025-07-01,48472.42,0.05,5540.6
emp_004247,2026-07-01,195571.66,0.15,107638.56
emp_004247,2025-07-01,184501.57,0.15,101545.81
emp_004248,2026-07-01,30000.0,0.05,4833.12
emp_004249,2026-07-01,127098.35,0.1,22372.36
emp_004249,2025-07-01,119904.1,0.1,21106.0
emp_004249,2024-07-01,113117.08,0.1,19911.32
emp_004250,2026-07-01,103247.71,0.07,12801.34
emp_004251,2026-07-01,154464.95,0.15,39196.94
emp_004251,2025-07-01,145721.65,0.15,36978.25
emp_004251,2024-07-01,137473.26,0.15,34885.14
emp_004252,2026-07-01,75690.69,0.05,4088.0
emp_004253,2026-07-01,97747.75,0.1,24168.52
emp_004254,2026-07-01,101899.86,0.07,15228.14
emp_004255,2026-07-01,101758.2,0.1,29172.95
emp_004256,2026-07-01,110604.51,0.07,8870.03
emp_004257,2026-07-01,95034.85,0.07,7758.62
emp_004258,2026-07-01,156530.46,0.15,85396.1
emp_004259,2026-07-01,149250.41,0.15,48114.42
emp_004260,2026-07-01,60316.07,0.05,3462.71
emp_004261,2026-07-01,197139.08,0.2,103191.83
emp_004262,2026-07-01,117514.89,0.1,18367.71
emp_004263,2026-07-01,74004.26,0.05,5313.7
emp_004263,2025-07-01,69815.34,0.05,5012.92
emp_004263,2024-07-01,65863.53,0.05,4729.17
emp_004264,2026-07-01,78119.08,0.07,14992.62
emp_004265,2026-07-01,70671.7,0.05,4974.1
emp_004265,2025-07-01,66671.42,0.05,4692.55
emp_004266,2026-07-01,200787.15,0.12,65577.71
emp_004266,2025-07-01,189421.84,0.12,61865.76
emp_004266,2024-07-01,178699.85,0.12,58363.93
emp_004267,2026-07-01,131188.1,0.1,14879.08
emp_004268,2026-07-01,153783.08,0.1,27559.25
emp_004268,2025-07-01,145078.38,0.1,25999.29
emp_004269,2026-07-01,179654.54,0.2,94919.76
emp_004270,2026-07-01,161090.95,0.1,31393.49
emp_004271,2026-07-01,201909.02,0.15,119776.85
emp_004272,2026-07-01,102718.67,0.07,11003.96
emp_004272,2025-07-01,96904.41,0.07,10381.09
emp_004272,2024-07-01,91419.25,0.07,9793.49
emp_004273,2026-07-01,104855.85,0.07,10684.23
emp_004274,2026-07-01,99013.12,0.07,12393.23
emp_004274,2025-07-01,93408.6,0.07,11691.73
emp_004274,2024-07-01,88121.32,0.07,11029.93
emp_004275,2026-07-01,226448.51,0.25,167045.63
emp_004276,2026-07-01,208707.37,0.2,113877.99
emp_004276,2025-07-01,196893.75,0.2,107432.07
emp_004276,2024-07-01,185748.82,0.2,101351.01
emp_004277,2026-07-01,112364.97,0.1,23763.36
emp_004278,2026-07-01,136819.61,0.15,38320.84
emp_004278,2025-07-01,129075.1,0.15,36151.74
emp_004278,2024-07-01,121768.97,0.15,34105.41
emp_004279,2026-07-01,164475.69,0.15,43395.16
emp_004279,2025-07-01,155165.75,0.15,40938.83
emp_004279,2024-07-01,146382.78,0.15,38621.54
emp_004280,2026-07-01,134932.52,0.1,28274.38
emp_004280,2025-07-01,127294.83,0.1,26673.94
emp_004281,2026-07-01,157543.26,0.1,22464.21
emp_004281,2025-07-01,148625.72,0.1,21192.65
emp_004281,2024-07-01,140212.94,0.1,19993.07
emp_004282,2026-07-01,203628.17,0.25,233953.73
emp_004282,2025-07-01,192102.05,0.25,220711.07
emp_004282,2024-07-01,181228.35,0.25,208217.99
emp_004283,2026-07-01,176155.41,0.12,43695.14
emp_004284,2026-07-01,151884.68,0.1,28289.25
emp_004284,2025-07-01,143287.43,0.1,26687.97
emp_004285,2026-07-01,58598.36,0.05,4795.94
emp_004285,2025-07-01,55281.47,0.05,4524.47
emp_004286,2026-07-01,92045.7,0.07,8250.94
emp_004286,2025-07-01,86835.57,0.07,7783.91
emp_004286,2024-07-01,81920.35,0.07,7343.31
emp_004287,2026-07-01,150865.73,0.1,24428.97
emp_004288,2026-07-01,104726.57,0.07,15208.15
emp_004289,2026-07-01,198628.19,0.15,126005.12
emp_004290,2026-07-01,197521.84,0.15,121137.9
emp_004291,2026-07-01,113936.46,0.12,65989.8
emp_004292,2026-07-01,175569.92,0.12,47380.19
emp_004292,2025-07-01,165632.0,0.12,44698.29
emp_004292,2024-07-01,156256.6,0.12,42168.2
emp_004293,2026-07-01,102815.77,0.1,29531.11
emp_004294,2026-07-01,57284.32,0.05,3421.79
emp_004295,2026-07-01,178253.51,0.15,122196.5
emp_004295,2025-07-01,168163.69,0.15,115279.72
emp_004296,2026-07-01,150403.36,0.15,124236.99
emp_004297,2026-07-01,103574.51,0.07,13439.3
emp_004297,2025-07-01,97711.8,0.07,12678.58
emp_004298,2026-07-01,165036.76,0.2,99626.18
emp_004298,2025-07-01,155695.06,0.2,93986.96
emp_004298,2024-07-01,146882.13,0.2,88666.95
emp_004299,2026-07-01,199229.14,0.2,103878.36
emp_004299,2025-07-01,187952.02,0.2,97998.45
emp_004300,2026-07-01,187874.13,0.2,81925.22
emp_004300,2025-07-01,177239.75,0.2,77287.94
emp_004300,2024-07-01,167207.31,0.2,72913.15
emp_004301,2026-07-01,80257.63,0.1,23827.3
emp_004301,2025-07-01,75714.75,0.1,22478.58
emp_004302,2026-07-01,202258.08,0.15,107599.85
emp_004303,2026-07-01,95713.17,0.07,12506.44
emp_004303,2025-07-01,90295.44,0.07,11798.53
emp_004303,2024-07-01,85184.38,0.07,11130.69
emp_004304,2026-07-01,109942.19,0.1,20639.09
emp_004304,2025-07-01,103719.05,0.1,19470.84
emp_004304,2024-07-01,97848.16,0.1,18368.72
emp_004305,2026-07-01,179781.75,0.12,53224.58
emp_004306,2026-07-01,125566.53,0.12,67179.75
emp_004306,2025-07-01,118458.99,0.12,63377.12
emp_004307,2026-07-01,62136.35,0.05,5281.55
emp_004308,2026-07-01,161675.69,0.12,62536.01
emp_004308,2025-07-01,152524.24,0.12,58996.24
emp_004308,2024-07-01,143890.79,0.12,55656.83
emp_004309,2026-07-01,38165.95,0.15,48164.01
emp_004310,2026-07-01,64537.88,0.07,13404.63
emp_004311,2026-07-01,129394.86,0.15,36402.62
emp_004311,2025-07-01,122070.62,0.15,34342.09
emp_004312,2026-07-01,104505.75,0.1,29586.18
emp_004313,2026-07-01,272023.8,0.35,454671.98
emp_004313,2025-07-01,256626.23,0.35,428935.83
emp_004314,2026-07-01,141094.73,0.15,50502.21
emp_004315,2026-07-01,117149.03,0.12,48950.55
emp_004315,2025-07-01,110517.95,0.12,46179.76
emp_004315,2024-07-01,104262.22,0.12,43565.82
emp_004316,2026-07-01,114339.39,0.1,29824.91
emp_004316,2025-07-01,107867.35,0.1,28136.71
emp_004316,2024-07-01,101761.65,0.1,26544.06
emp_004317,2026-07-01,55779.19,0.15,103197.03
emp_004317,2025-07-01,52621.88,0.15,97355.69
emp_004317,2024-07-01,49643.28,0.15,91844.99
emp_004318,2026-07-01,97781.37,0.1,21982.58
emp_004319,2026-07-01,133244.71,0.12,45513.18
emp_004320,2026-07-01,175130.41,0.15,88985.4
emp_004320,2025-07-01,165217.37,0.15,83948.49
emp_004321,2026-07-01,118323.25,0.12,47768.11
emp_004322,2026-07-01,36247.28,0.1,23313.56
emp_004322,2025-07-01,34195.55,0.1,21993.92
emp_004322,2024-07-01,32259.95,0.1,20748.99
emp_004323,2026-07-01,213002.66,0.15,82414.16
emp_004324,2026-07-01,242419.62,0.15,104356.83
emp_004325,2026-07-01,72408.07,0.07,15203.34
emp_004325,2025-07-01,68309.5,0.07,14342.77
emp_004325,2024-07-01,64442.92,0.07,13530.92
emp_004326,2026-07-01,124339.3,0.12,56311.81
emp_004326,2025-07-01,117301.23,0.12,53124.35
emp_004327,2026-07-01,159159.38,0.12,38572.14
emp_004327,2025-07-01,150150.36,0.12,36388.81
emp_004327,2024-07-01,141651.28,0.12,34329.07
emp_004328,2026-07-01,42048.68,0.05,6011.05
emp_004329,2026-07-01,171908.49,0.15,43038.65
emp_004329,2025-07-01,162177.82,0.15,40602.5
emp_004330,2026-07-01,117720.46,0.1,23044.31
emp_004330,2025-07-01,111057.04,0.1,21739.92
emp_004330,2024-07-01,104770.79,0.1,20509.35
emp_004331,2026-07-01,183132.3,0.12,37029.19
emp_004332,2026-07-01,30000.0,0.07,11808.81
emp_004332,2025-07-01,28301.89,0.07,11140.39
emp_004333,2026-07-01,75399.54,0.07,11087.49
emp_004333,2025-07-01,71131.64,0.07,10459.9
emp_004333,2024-07-01,67105.32,0.07,9867.83
emp_004334,2026-07-01,154043.56,0.12,53007.95
emp_004334,2025-07-01,145324.11,0.12,50007.5
emp_004334,2024-07-01,137098.22,0.12,47176.89
emp_004335,2026-07-01,141742.78,0.15,37068.94
emp_004335,2025-07-01,133719.6,0.15,34970.7
emp_004336,2026-07-01,80208.19,0.07,7882.81
emp_004336,2025-07-01,75668.1,0.07,7436.61
emp_004336,2024-07-01,71385.0,0.07,7015.67
emp_004337,2026-07-01,138236.74,0.15,35468.48
emp_004337,2025-07-01,130412.02,0.15,33460.83
emp_004338,2026-07-01,185382.76,0.15,99788.68
emp_004338,2025-07-01,174889.4,0.15,94140.26
emp_004338,2024-07-01,164990.0,0.15,88811.57
emp_004339,2026-07-01,80749.62,0.07,9182.96
emp_004340,2026-07-01,509529.33,0.55,788894.59
emp_004340,2025-07-01,480688.05,0.55,744240.18
emp_004340,2024-07-01,453479.29,0.55,702113.38
emp_004341,2026-07-01,97230.99,0.07,11747.98
emp_004341,2025-07-01,91727.35,0.07,11083.0
emp_004341,2024-07-01,86535.23,0.07,10455.66
emp_004342,2026-07-01,456485.77,0.55,938903.46
emp_004342,2025-07-01,430646.95,0.55,885757.98
emp_004342,2024-07-01,406270.71,0.55,835620.74
emp_004343,2026-07-01,106468.16,0.07,10377.77
emp_004343,2025-07-01,100441.66,0.07,9790.35
emp_004343,2024-07-01,94756.28,0.07,9236.18
emp_004344,2026-07-01,208510.83,0.25,195975.1
emp_004344,2025-07-01,196708.33,0.25,184882.17
emp_004345,2026-07-01,281363.02,0.25,188862.63
emp_004345,2025-07-01,265436.81,0.25,178172.29
emp_004345,2024-07-01,250412.09,0.25,168087.07
emp_004346,2026-07-01,83428.7,0.07,15263.3
emp_004347,2026-07-01,124350.02,0.15,58943.39
emp_004348,2026-07-01,95901.74,0.1,28385.82
emp_004348,2025-07-01,90473.34,0.1,26779.08
emp_004348,2024-07-01,85352.21,0.1,25263.28
emp_004349,2026-07-01,189432.79,0.25,183109.59
emp_004349,2025-07-01,178710.18,0.25,172744.9
emp_004350,2026-07-01,183299.55,0.15,115958.3
emp_004351,2026-07-01,92069.92,0.1,33945.07
emp_004352,2026-07-01,147933.11,0.12,58346.8
emp_004352,2025-07-01,139559.54,0.12,55044.15
emp_004352,2024-07-01,131659.94,0.12,51928.44
emp_004353,2026-07-01,81831.79,0.07,11988.72
emp_004354,2026-07-01,141864.03,0.2,80107.29
emp_004354,2025-07-01,133833.99,0.2,75572.92
emp_004354,2024-07-01,126258.48,0.2,71295.2
emp_004355,2026-07-01,90577.32,0.1,22611.6
emp_004355,2025-07-01,85450.3,0.1,21331.7
emp_004355,2024-07-01,80613.49,0.1,20124.24
emp_004356,2026-07-01,374045.62,0.35,357286.68
emp_004356,2025-07-01,352873.23,0.35,337062.91
emp_004357,2026-07-01,104527.67,0.1,21829.61
emp_004357,2025-07-01,98611.01,0.1,20593.97
emp_004358,2026-07-01,91354.41,0.07,11062.84
emp_004358,2025-07-01,86183.41,0.07,10436.64
emp_004358,2024-07-01,81305.1,0.07,9845.89
emp_004359,2026-07-01,140714.85,0.12,49884.56
emp_004360,2026-07-01,152168.59,0.12,56140.53
emp_004361,2026-07-01,101839.49,0.12,49513.76
emp_004361,2025-07-01,96074.99,0.12,46711.09
emp_004362,2026-07-01,110160.05,0.15,46993.73
emp_004362,2025-07-01,103924.58,0.15,44333.71
emp_004363,2026-07-01,103295.11,0.1,17943.32
emp_004363,2025-07-01,97448.22,0.1,16927.66
emp_004363,2024-07-01,91932.28,0.1,15969.49
emp_004364,2026-07-01,221422.6,0.25,166748.73
emp_004364,2025-07-01,208889.25,0.25,157310.12
emp_004365,2026-07-01,126985.29,0.12,57187.68
emp_004366,2026-07-01,198305.36,0.15,108978.02
emp_004366,2025-07-01,187080.53,0.15,102809.45
emp_004366,2024-07-01,176491.06,0.15,96990.05
emp_004367,2026-07-01,108891.68,0.1,30460.95
emp_004368,2026-07-01,77280.32,0.07,13676.04
emp_004368,2025-07-01,72905.96,0.07,12901.92
emp_004369,2026-07-01,82826.27,0.07,15096.32
emp_004370,2026-07-01,95739.15,0.07,9641.9
emp_004370,2025-07-01,90319.95,0.07,9096.13
emp_004370,2024-07-01,85207.5,0.07,8581.26
emp_004371,2026-07-01,94552.65,0.07,11412.86
emp_004372,2026-07-01,134415.53,0.1,28646.72
emp_004373,2026-07-01,71944.18,0.07,12845.42
emp_004374,2026-07-01,142412.31,0.12,65387.69
emp_004375,2026-07-01,152664.99,0.12,67086.05
emp_004376,2026-07-01,66071.28,0.05,5607.02
emp_004377,2026-07-01,144236.01,0.15,43140.93
emp_004377,2025-07-01,136071.71,0.15,40698.99
emp_004378,2026-07-01,81430.9,0.07,14534.79
emp_004379,2026-07-01,241666.42,0.25,133058.94
emp_004379,2025-07-01,227987.19,0.25,125527.3
emp_004379,2024-07-01,215082.25,0.25,118421.98
emp_004380,2026-07-01,517015.1,0.55,1238148.21
emp_004380,2025-07-01,487750.09,0.55,1168064.35
emp_004380,2024-07-01,460141.6,0.55,1101947.5
emp_004381,2026-07-01,61469.51,0.05,2683.7
emp_004381,2025-07-01,57990.1,0.05,2531.79
emp_004382,2026-07-01,132268.9,0.12,73163.29
emp_004383,2026-07-01,165584.09,0.15,122731.52
emp_004383,2025-07-01,156211.41,0.15,115784.45
emp_004383,2024-07-01,147369.25,0.15,109230.62
emp_004384,2026-07-01,58531.15,0.05,4906.34
emp_004385,2026-07-01,55304.99,0.05,6873.13
emp_004386,2026-07-01,92886.8,0.1,23230.15
emp_004387,2026-07-01,132853.23,0.12,67276.58
emp_004387,2025-07-01,125333.24,0.12,63468.47
emp_004388,2026-07-01,160154.3,0.12,56952.65
emp_004388,2025-07-01,151088.96,0.12,53728.92
emp_004389,2026-07-01,104511.87,0.1,25822.15
emp_004389,2025-07-01,98596.1,0.1,24360.52
emp_004389,2024-07-01,93015.19,0.1,22981.62
emp_004390,2026-07-01,63199.72,0.05,5398.96
emp_004390,2025-07-01,59622.38,0.05,5093.36
emp_004391,2026-07-01,89404.56,0.07,16086.02
emp_004391,2025-07-01,84343.92,0.07,15175.49
emp_004391,2024-07-01,79569.74,0.07,14316.5
emp_004392,2026-07-01,155424.94,0.2,128874.36
emp_004392,2025-07-01,146627.3,0.2,121579.58
emp_004393,2026-07-01,155651.65,0.15,67156.9
emp_004393,2025-07-01,146841.18,0.15,63355.57
emp_004394,2026-07-01,52916.72,0.05,4798.04
emp_004395,2026-07-01,156508.23,0.2,78717.34
emp_004395,2025-07-01,147649.27,0.2,74261.64
emp_004396,2026-07-01,47364.12,0.05,4896.78
emp_004397,2026-07-01,158310.22,0.2,81712.56
emp_004397,2025-07-01,149349.26,0.2,77087.32
emp_004397,2024-07-01,140895.53,0.2,72723.89
emp_004398,2026-07-01,138009.06,0.15,37853.71
emp_004398,2025-07-01,130197.23,0.15,35711.05
emp_004398,2024-07-01,122827.57,0.15,33689.67
emp_004399,2026-07-01,141105.73,0.1,30092.44
emp_004399,2025-07-01,133118.61,0.1,28389.09
emp_004400,2026-07-01,128059.82,0.12,52994.12
emp_004401,2026-07-01,74505.11,0.07,15547.41
emp_004402,2026-07-01,59348.91,0.05,5639.5
emp_004403,2026-07-01,139996.09,0.12,39045.38
emp_004403,2025-07-01,132071.78,0.12,36835.26
emp_004403,2024-07-01,124596.02,0.12,34750.25
emp_004404,2026-07-01,160565.16,0.15,45417.6
emp_004405,2026-07-01,93108.95,0.07,10892.04
emp_004406,2026-07-01,153227.14,0.12,32200.43
emp_004406,2025-07-01,144553.91,0.12,30377.76
emp_004406,2024-07-01,136371.61,0.12,28658.27
emp_004407,2026-07-01,171357.75,0.2,88235.48
emp_004407,2025-07-01,161658.25,0.2,83241.02
emp_004407,2024-07-01,152507.79,0.2,78529.26
emp_004408,2026-07-01,174896.81,0.2,88639.15
emp_004408,2025-07-01,164996.99,0.2,83621.84
emp_004408,2024-07-01,155657.54,0.2,78888.53
emp_004409,2026-07-01,165846.57,0.15,45393.98
emp_004409,2025-07-01,156459.03,0.15,42824.51
emp_004410,2026-07-01,76484.64,0.07,8865.32
emp_004410,2025-07-01,72155.32,0.07,8363.51
emp_004410,2024-07-01,68071.06,0.07,7890.1
emp_004411,2026-07-01,93909.52,0.07,9423.04
emp_004412,2026-07-01,141271.43,0.1,25070.44
emp_004413,2026-07-01,73840.15,0.07,13854.21
emp_004413,2025-07-01,69660.52,0.07,13070.01
emp_004413,2024-07-01,65717.47,0.07,12330.2
emp_004414,2026-07-01,140565.07,0.1,23243.26
emp_004414,2025-07-01,132608.56,0.1,21927.6
emp_004414,2024-07-01,125102.41,0.1,20686.42
emp_004415,2026-07-01,114462.74,0.12,60721.72
emp_004415,2025-07-01,107983.72,0.12,57284.64
emp_004416,2026-07-01,148172.23,0.12,57340.66
emp_004417,2026-07-01,264247.05,0.35,463220.49
emp_004417,2025-07-01,249289.67,0.35,437000.46
emp_004417,2024-07-01,235178.93,0.35,412264.59
emp_004418,2026-07-01,59852.48,0.05,4760.94
emp_004418,2025-07-01,56464.6,0.05,4491.45
emp_004418,2024-07-01,53268.49,0.05,4237.22
emp_004419,2026-07-01,138073.9,0.12,38894.77
emp_004419,2025-07-01,130258.4,0.12,36693.18
emp_004420,2026-07-01,45988.71,0.05,3714.14
emp_004420,2025-07-01,43385.58,0.05,3503.91
emp_004421,2026-07-01,129194.05,0.12,47278.29
emp_004421,2025-07-01,121881.18,0.12,44602.16
emp_004421,2024-07-01,114982.24,0.12,42077.51
emp_004422,2026-07-01,207803.32,0.25,176102.81
emp_004422,2025-07-01,196040.87,0.25,166134.73
emp_004422,2024-07-01,184944.22,0.25,156730.87
emp_004423,2026-07-01,68129.29,0.05,3507.05
emp_004423,2025-07-01,64272.92,0.05,3308.54
emp_004423,2024-07-01,60634.83,0.05,3121.26
emp_004424,2026-07-01,187423.89,0.15,90384.93
emp_004424,2025-07-01,176814.99,0.15,85268.8
emp_004424,2024-07-01,166806.59,0.15,80442.27
emp_004425,2026-07-01,73844.52,0.07,11818.57
emp_004426,2026-07-01,230683.3,0.25,199856.94
emp_004427,2026-07-01,45349.59,0.05,4975.64
emp_004428,2026-07-01,174510.96,0.12,60844.35
emp_004428,2025-07-01,164632.98,0.12,57400.33
emp_004428,2024-07-01,155314.13,0.12,54151.25
emp_004429,2026-07-01,534644.5,0.55,914295.96
emp_004429,2025-07-01,504381.6,0.55,862543.36
emp_004430,2026-07-01,162340.31,0.2,91580.69
emp_004430,2025-07-01,153151.24,0.2,86396.88
emp_004430,2024-07-01,144482.3,0.2,81506.49
emp_004431,2026-07-01,70603.32,0.05,5108.25
emp_004432,2026-07-01,121534.83,0.1,27136.27
emp_004433,2026-07-01,144708.56,0.2,108162.02
emp_004433,2025-07-01,136517.51,0.2,102039.64
emp_004433,2024-07-01,128790.1,0.2,96263.81
emp_004434,2026-07-01,148024.75,0.12,53721.13
emp_004434,2025-07-01,139645.99,0.12,50680.31
emp_004435,2026-07-01,122605.47,0.1,33167.01
emp_004436,2026-07-01,115651.21,0.12,55917.66
emp_004436,2025-07-01,109104.92,0.12,52752.51
emp_004437,2026-07-01,121252.19,0.1,22718.95
emp_004438,2026-07-01,126614.54,0.1,23248.07
emp_004439,2026-07-01,213474.8,0.25,176739.2
emp_004439,2025-07-01,201391.32,0.25,166735.09
emp_004439,2024-07-01,189991.81,0.25,157297.26
emp_004440,2026-07-01,212153.35,0.25,226544.34
emp_004440,2025-07-01,200144.67,0.25,213721.08
emp_004440,2024-07-01,188815.73,0.25,201623.66
emp_004441,2026-07-01,87399.4,0.07,13755.01
emp_004441,2025-07-01,82452.26,0.07,12976.42
emp_004441,2024-07-01,77785.15,0.07,12241.91
emp_004442,2026-07-01,125351.69,0.1,16002.63
emp_004443,2026-07-01,91586.44,0.1,29038.2
emp_004443,2025-07-01,86402.3,0.1,27394.53
emp_004444,2026-07-01,287687.26,0.35,486778.42
emp_004444,2025-07-01,271403.08,0.35,459224.92
emp_004444,2024-07-01,256040.64,0.35,433231.06
emp_004445,2026-07-01,86587.74,0.07,9926.97
emp_004445,2025-07-01,81686.55,0.07,9365.07
emp_004445,2024-07-01,77062.78,0.07,8834.97
emp_004446,2026-07-01,165359.98,0.2,100969.68
emp_004446,2025-07-01,155999.98,0.2,95254.42
emp_004446,2024-07-01,147169.79,0.2,89862.66
emp_004447,2026-07-01,265932.64,0.25,162640.39
emp_004447,2025-07-01,250879.85,0.25,153434.33
emp_004447,2024-07-01,236679.1,0.25,144749.37
emp_004448,2026-07-01,205240.0,0.2,90355.72
emp_004448,2025-07-01,193622.64,0.2,85241.25
emp_004449,2026-07-01,216096.28,0.2,47028.63
emp_004449,2025-07-01,203864.42,0.2,44366.63
emp_004449,2024-07-01,192324.92,0.2,41855.31
emp_004450,2026-07-01,51751.74,0.05,4322.95
emp_004450,2025-07-01,48822.4,0.05,4078.25
emp_004451,2026-07-01,39175.2,0.1,34808.86
emp_004451,2025-07-01,36957.74,0.1,32838.55
emp_004452,2026-07-01,75067.57,0.05,5929.4
emp_004452,2025-07-01,70818.46,0.05,5593.77
emp_004452,2024-07-01,66809.87,0.05,5277.14
emp_004453,2026-07-01,72631.49,0.07,14861.03
emp_004453,2025-07-01,68520.27,0.07,14019.84
emp_004453,2024-07-01,64641.77,0.07,13226.26
emp_004454,2026-07-01,66090.78,0.07,11196.37
emp_004454,2025-07-01,62349.79,0.07,10562.61
emp_004454,2024-07-01,58820.56,0.07,9964.73
emp_004455,2026-07-01,105569.33,0.1,29351.15
emp_004455,2025-07-01,99593.71,0.1,27689.76
emp_004455,2024-07-01,93956.33,0.1,26122.42
emp_004456,2026-07-01,180278.08,0.15,103170.26
emp_004456,2025-07-01,170073.66,0.15,97330.43
emp_004457,2026-07-01,184468.3,0.2,118031.29
emp_004458,2026-07-01,120655.82,0.1,23023.71
emp_004459,2026-07-01,196984.78,0.15,95169.82
emp_004459,2025-07-01,185834.7,0.15,89782.85
emp_004460,2026-07-01,78185.82,0.07,14973.41
emp_004460,2025-07-01,73760.21,0.07,14125.86
emp_004460,2024-07-01,69585.1,0.07,13326.28
emp_004461,2026-07-01,199910.55,0.15,111777.06
emp_004461,2025-07-01,188594.86,0.15,105450.06
emp_004461,2024-07-01,177919.68,0.15,99481.19
emp_004462,2026-07-01,53578.0,0.05,5816.88
emp_004463,2026-07-01,189465.62,0.15,105168.43
emp_004463,2025-07-01,178741.15,0.15,99215.5
emp_004463,2024-07-01,168623.73,0.15,93599.53
emp_004464,2026-07-01,89670.7,0.1,9724.15
emp_004465,2026-07-01,87465.48,0.1,26344.1
emp_004465,2025-07-01,82514.6,0.1,24852.92
emp_004466,2026-07-01,154523.14,0.12,60020.5
emp_004466,2025-07-01,145776.55,0.12,56623.11
emp_004467,2026-07-01,30000.0,0.07,11829.98
emp_004467,2025-07-01,28301.89,0.07,11160.36
emp_004467,2024-07-01,26699.89,0.07,10528.64
emp_004468,2026-07-01,247905.78,0.35,224616.6
emp_004468,2025-07-01,233873.38,0.35,211902.45
emp_004468,2024-07-01,220635.26,0.35,199907.97
emp_004469,2026-07-01,115086.54,0.1,32377.44
emp_004470,2026-07-01,123996.89,0.1,22887.38
emp_004471,2026-07-01,111809.8,0.15,55511.33
emp_004471,2025-07-01,105480.94,0.15,52369.18
emp_004471,2024-07-01,99510.32,0.15,49404.89
emp_004472,2026-07-01,188655.73,0.2,116544.12
emp_004473,2026-07-01,40887.77,0.1,23841.55
emp_004474,2026-07-01,53885.56,0.05,6483.08
emp_004475,2026-07-01,90913.32,0.07,13498.74
emp_004475,2025-07-01,85767.28,0.07,12734.66
emp_004476,2026-07-01,73914.06,0.07,9708.19
emp_004477,2026-07-01,87168.59,0.07,13745.82
emp_004477,2025-07-01,82234.52,0.07,12967.75
emp_004478,2026-07-01,177160.65,0.12,70387.65
emp_004478,2025-07-01,167132.69,0.12,66403.44
emp_004478,2024-07-01,157672.35,0.12,62644.76
emp_004479,2026-07-01,95530.65,0.07,12921.88
emp_004479,2025-07-01,90123.25,0.07,12190.45
emp_004479,2024-07-01,85021.94,0.07,11500.43
emp_004480,2026-07-01,80054.65,0.07,11193.52
emp_004480,2025-07-01,75523.25,0.07,10559.92
emp_004481,2026-07-01,51747.69,0.05,4467.67
emp_004482,2026-07-01,78482.79,0.07,9169.77
emp_004483,2026-07-01,62295.2,0.15,72635.43
emp_004483,2025-07-01,58769.06,0.15,68523.99
emp_004484,2026-07-01,81851.29,0.1,24971.55
emp_004484,2025-07-01,77218.2,0.1,23558.07
emp_004485,2026-07-01,30000.0,0.07,15659.54
emp_004485,2025-07-01,28301.89,0.07,14773.15
emp_004485,2024-07-01,26699.89,0.07,13936.93
emp_004486,2026-07-01,71049.27,0.05,3148.36
emp_004487,2026-07-01,132705.52,0.15,46450.6
emp_004487,2025-07-01,125193.89,0.15,43821.32
emp_004487,2024-07-01,118107.44,0.15,41340.87
emp_004488,2026-07-01,68914.7,0.05,2808.41
emp_004488,2025-07-01,65013.87,0.05,2649.44
emp_004488,2024-07-01,61333.84,0.05,2499.47
emp_004489,2026-07-01,248988.07,0.25,233505.72
emp_004489,2025-07-01,234894.41,0.25,220288.42
emp_004489,2024-07-01,221598.5,0.25,207819.26
emp_004490,2026-07-01,98279.13,0.07,10066.51
emp_004490,2025-07-01,92716.16,0.07,9496.71
emp_004490,2024-07-01,87468.08,0.07,8959.16
emp_004491,2026-07-01,138812.54,0.15,43234.27
emp_004491,2025-07-01,130955.23,0.15,40787.05
emp_004491,2024-07-01,123542.67,0.15,38478.35
emp_004492,2026-07-01,181588.27,0.15,89865.36
emp_004493,2026-07-01,178503.3,0.12,48025.96
emp_004494,2026-07-01,138409.0,0.15,39525.15
emp_004495,2026-07-01,139643.07,0.12,40847.33
emp_004496,2026-07-01,52829.58,0.05,3776.12
emp_004497,2026-07-01,147322.52,0.12,66835.51
emp_004497,2025-07-01,138983.51,0.12,63052.37
emp_004497,2024-07-01,131116.52,0.12,59483.37
emp_004498,2026-07-01,169053.58,0.12,50853.9
emp_004498,2025-07-01,159484.51,0.12,47975.38
emp_004499,2026-07-01,131549.42,0.12,62495.88
emp_004500,2026-07-01,65474.41,0.05,4964.44
emp_004501,2026-07-01,132864.79,0.15,51814.85
emp_004501,2025-07-01,125344.14,0.15,48881.93
emp_004501,2024-07-01,118249.19,0.15,46115.03
emp_004502,2026-07-01,139863.67,0.15,43633.45
emp_004503,2026-07-01,145414.88,0.15,23378.75
emp_004503,2025-07-01,137183.85,0.15,22055.42
emp_004504,2026-07-01,156653.32,0.12,57588.33
emp_004504,2025-07-01,147786.15,0.12,54328.61
emp_004504,2024-07-01,139420.9,0.12,51253.41
emp_004505,2026-07-01,149592.87,0.15,35147.17
emp_004505,2025-07-01,141125.35,0.15,33157.71
emp_004505,2024-07-01,133137.12,0.15,31280.86
emp_004506,2026-07-01,157155.57,0.15,38867.35
emp_004506,2025-07-01,148259.97,0.15,36667.31
emp_004506,2024-07-01,139867.9,0.15,34591.8
emp_004507,2026-07-01,135361.45,0.15,33493.95
emp_004507,2025-07-01,127699.48,0.15,31598.07
emp_004508,2026-07-01,57343.52,0.05,4927.44
emp_004509,2026-07-01,123062.06,0.1,17386.15
emp_004509,2025-07-01,116096.28,0.1,16402.03
emp_004509,2024-07-01,109524.8,0.1,15473.61
emp_004510,2026-07-01,72323.77,0.07,14882.89
emp_004510,2025-07-01,68229.97,0.07,14040.46
emp_004510,2024-07-01,64367.9,0.07,13245.72
emp_004511,2026-07-01,182800.27,0.15,49377.04
emp_004511,2025-07-01,172453.08,0.15,46582.11
emp_004512,2026-07-01,157084.91,0.12,50532.63
emp_004513,2026-07-01,62512.4,0.07,12990.63
emp_004514,2026-07-01,206012.03,0.15,97821.33
emp_004514,2025-07-01,194350.97,0.15,92284.27
emp_004515,2026-07-01,99623.92,0.07,13959.32
emp_004515,2025-07-01,93984.83,0.07,13169.17
emp_004515,2024-07-01,88664.93,0.07,12423.75
emp_004516,2026-07-01,38706.93,0.1,26068.5
emp_004516,2025-07-01,36515.97,0.1,24592.92
emp_004516,2024-07-01,34449.03,0.1,23200.87
emp_004517,2026-07-01,273037.56,0.25,186165.45
emp_004517,2025-07-01,257582.6,0.25,175627.78
emp_004517,2024-07-01,243002.46,0.25,165686.59
emp_004518,2026-07-01,77212.59,0.07,12461.56
emp_004518,2025-07-01,72842.07,0.07,11756.19
emp_004519,2026-07-01,148196.2,0.15,33290.67
emp_004519,2025-07-01,139807.74,0.15,31406.29
emp_004520,2026-07-01,86890.5,0.07,13778.07
emp_004520,2025-07-01,81972.17,0.07,12998.18
emp_004520,2024-07-01,77332.24,0.07,12262.43
emp_004521,2026-07-01,48941.32,0.05,6032.26
emp_004521,2025-07-01,46171.06,0.05,5690.81
emp_004521,2024-07-01,43557.6,0.05,5368.69
emp_004522,2026-07-01,175681.67,0.15,83221.69
emp_004523,2026-07-01,153764.13,0.2,103275.93
emp_004523,2025-07-01,145060.5,0.2,97430.12
emp_004524,2026-07-01,103037.06,0.15,53906.0
emp_004525,2026-07-01,132795.12,0.12,50247.99
emp_004525,2025-07-01,125278.42,0.12,47403.76
emp_004526,2026-07-01,102115.03,0.07,11494.74
emp_004526,2025-07-01,96334.93,0.07,10844.09
emp_004527,2026-07-01,149401.72,0.15,91312.78
emp_004527,2025-07-01,140945.02,0.15,86144.13
emp_004527,2024-07-01,132967.0,0.15,81268.05
emp_004528,2026-07-01,147527.22,0.12,64310.37
emp_004528,2025-07-01,139176.62,0.12,60670.16
emp_004529,2026-07-01,116936.0,0.1,26781.94
emp_004529,2025-07-01,110316.98,0.1,25265.98
emp_004529,2024-07-01,104072.62,0.1,23835.83
emp_004530,2026-07-01,56234.89,0.05,4632.83
emp_004531,2026-07-01,150509.07,0.15,46914.51
emp_004531,2025-07-01,141989.69,0.15,44258.97
emp_004532,2026-07-01,67088.75,0.05,4313.67
emp_004533,2026-07-01,111838.03,0.1,25352.07
emp_004534,2026-07-01,142200.53,0.1,23266.9
emp_004535,2026-07-01,85730.15,0.07,12755.33
emp_004536,2026-07-01,162131.14,0.2,107599.88
emp_004536,2025-07-01,152953.91,0.2,101509.32
emp_004536,2024-07-01,144296.14,0.2,95763.51
emp_004537,2026-07-01,88454.64,0.07,15217.32
emp_004538,2026-07-01,93308.34,0.12,57129.06
emp_004539,2026-07-01,43144.47,0.05,5433.97
emp_004539,2025-07-01,40702.33,0.05,5126.39
emp_004539,2024-07-01,38398.42,0.05,4836.21
emp_004540,2026-07-01,163728.46,0.12,55392.62
emp_004541,2026-07-01,127691.11,0.1,18805.75
emp_004542,2026-07-01,112238.55,0.15,43108.86
emp_004542,2025-07-01,105885.42,0.15,40668.74
emp_004542,2024-07-01,99891.91,0.15,38366.73
emp_004543,2026-07-01,206683.94,0.2,99775.71
emp_004544,2026-07-01,75673.12,0.07,11179.17
emp_004545,2026-07-01,116865.63,0.1,27941.9
emp_004545,2025-07-01,110250.59,0.1,26360.28
emp_004545,2024-07-01,104009.99,0.1,24868.19
emp_004546,2026-07-01,173337.71,0.2,129142.98
emp_004546,2025-07-01,163526.14,0.2,121833.0
emp_004547,2026-07-01,72933.55,0.05,4959.95
emp_004548,2026-07-01,81833.07,0.07,7339.58
emp_004549,2026-07-01,103315.65,0.1,21856.33
emp_004550,2026-07-01,230266.56,0.25,210897.68
emp_004550,2025-07-01,217232.6,0.25,198960.08
emp_004551,2026-07-01,114079.58,0.1,20999.51
emp_004551,2025-07-01,107622.25,0.1,19810.86
emp_004552,2026-07-01,50240.79,0.05,5525.48
emp_004553,2026-07-01,117081.32,0.15,45183.44
emp_004554,2026-07-01,50355.1,0.05,5716.25
emp_004554,2025-07-01,47504.81,0.05,5392.69
emp_004554,2024-07-01,44815.86,0.05,5087.44
emp_004555,2026-07-01,54448.0,0.05,4176.29
emp_004555,2025-07-01,51366.04,0.05,3939.9
emp_004556,2026-07-01,132368.18,0.1,31223.82
emp_004556,2025-07-01,124875.64,0.1,29456.43
emp_004556,2024-07-01,117807.21,0.1,27789.09
emp_004557,2026-07-01,63841.37,0.05,4605.88
emp_004558,2026-07-01,274771.25,0.25,210026.48
emp_004559,2026-07-01,136941.29,0.15,47177.79
emp_004559,2025-07-01,129189.9,0.15,44507.35
emp_004560,2026-07-01,155604.36,0.15,35623.63
emp_004560,2025-07-01,146796.57,0.15,33607.2
emp_004560,2024-07-01,138487.33,0.15,31704.9
emp_004561,2026-07-01,30000.0,0.05,5109.83
emp_004562,2026-07-01,334786.33,0.35,350463.3
emp_004562,2025-07-01,315836.16,0.35,330625.75
emp_004563,2026-07-01,137852.64,0.15,30599.05
emp_004563,2025-07-01,130049.66,0.15,28867.03
emp_004563,2024-07-01,122688.36,0.15,27233.05
emp_004564,2026-07-01,79289.87,0.07,15798.91
emp_004565,2026-07-01,221340.9,0.2,83282.41
emp_004565,2025-07-01,208812.17,0.2,78568.31
emp_004565,2024-07-01,196992.61,0.2,74121.05
emp_004566,2026-07-01,126055.78,0.15,101124.38
emp_004567,2026-07-01,168784.81,0.15,46943.14
emp_004567,2025-07-01,159230.95,0.15,44285.98
emp_004567,2024-07-01,150217.88,0.15,41779.23
emp_004568,2026-07-01,74973.45,0.25,197283.58
emp_004568,2025-07-01,70729.67,0.25,186116.58
emp_004568,2024-07-01,66726.1,0.25,175581.68
emp_004569,2026-07-01,91830.94,0.07,12894.14
emp_004570,2026-07-01,66628.32,0.05,5144.39
emp_004571,2026-07-01,98669.4,0.15,48420.94
emp_004572,2026-07-01,64636.5,0.05,3871.13
emp_004573,2026-07-01,151454.74,0.15,125840.4
emp_004573,2025-07-01,142881.83,0.15,118717.36
emp_004574,2026-07-01,47362.18,0.05,5560.81
emp_004575,2026-07-01,108123.66,0.1,21640.0
emp_004575,2025-07-01,102003.45,0.1,20415.09
emp_004575,2024-07-01,96229.67,0.1,19259.52
emp_004576,2026-07-01,373515.9,0.35,416514.98
emp_004576,2025-07-01,352373.49,0.35,392938.66
emp_004576,2024-07-01,332427.82,0.35,370696.85
emp_004577,2026-07-01,108247.17,0.1,26451.25
emp_004578,2026-07-01,76382.95,0.07,12613.7
emp_004578,2025-07-01,72059.39,0.07,11899.72
emp_004578,2024-07-01,67980.55,0.07,11226.15
emp_004579,2026-07-01,94527.81,0.07,10209.14
emp_004579,2025-07-01,89177.18,0.07,9631.26
emp_004580,2026-07-01,70482.04,0.07,13762.03
emp_004580,2025-07-01,66492.49,0.07,12983.05
emp_004580,2024-07-01,62728.76,0.07,12248.16
emp_004581,2026-07-01,100329.46,0.1,27714.01
emp_004581,2025-07-01,94650.43,0.1,26145.29
emp_004581,2024-07-01,89292.86,0.1,24665.37
emp_004582,2026-07-01,55304.7,0.05,4115.65
emp_004582,2025-07-01,52174.25,0.05,3882.69
emp_004583,2026-07-01,63655.77,0.15,113340.46
emp_004584,2026-07-01,103626.3,0.15,51167.35
emp_004584,2025-07-01,97760.66,0.15,48271.08
emp_004584,2024-07-01,92227.04,0.15,45538.76
emp_004585,2026-07-01,116971.96,0.1,22495.19
emp_004585,2025-07-01,110350.91,0.1,21221.88
emp_004585,2024-07-01,104104.63,0.1,20020.64
emp_004586,2026-07-01,108133.18,0.1,27363.06
emp_004587,2026-07-01,138817.73,0.12,47041.49
emp_004587,2025-07-01,130960.12,0.12,44378.76
emp_004587,2024-07-01,123547.29,0.12,41866.76
emp_004588,2026-07-01,196505.55,0.2,75415.16
emp_004589,2026-07-01,59045.09,0.2,88888.5
emp_004589,2025-07-01,55702.92,0.2,83857.08
emp_004589,2024-07-01,52549.92,0.2,79110.45
emp_004590,2026-07-01,164950.45,0.12,58214.22
emp_004590,2025-07-01,155613.63,0.12,54919.08
emp_004590,2024-07-01,146805.31,0.12,51810.45
emp_004591,2026-07-01,68747.93,0.07,15000.0
emp_004592,2026-07-01,49736.55,0.05,4994.09
emp_004593,2026-07-01,30000.0,0.1,28835.02
emp_004594,2026-07-01,30000.0,0.07,11827.81
emp_004594,2025-07-01,28301.89,0.07,11158.31
emp_004594,2024-07-01,26699.89,0.07,10526.71
emp_004595,2026-07-01,55001.96,0.05,4660.78
emp_004596,2026-07-01,124901.31,0.12,46634.46
emp_004597,2026-07-01,131980.09,0.15,36663.83
emp_004598,2026-07-01,84662.17,0.07,12334.24
emp_004598,2025-07-01,79869.97,0.07,11636.08
emp_004598,2024-07-01,75349.03,0.07,10977.43
emp_004599,2026-07-01,79466.27,0.07,12588.45
emp_004599,2025-07-01,74968.18,0.07,11875.9
emp_004600,2026-07-01,83067.6,0.07,11249.78
emp_004601,2026-07-01,60788.16,0.07,11080.05
emp_004601,2025-07-01,57347.32,0.07,10452.88
emp_004602,2026-07-01,161000.24,0.15,40215.43
emp_004602,2025-07-01,151887.02,0.15,37939.08
emp_004603,2026-07-01,45798.93,0.05,6238.36
emp_004604,2026-07-01,123821.95,0.12,51929.29
emp_004604,2025-07-01,116813.16,0.12,48989.9
emp_004604,2024-07-01,110201.09,0.12,46216.88
emp_004605,2026-07-01,30000.0,0.05,4429.93
emp_004605,2025-07-01,28301.89,0.05,4179.18
emp_004606,2026-07-01,77819.43,0.07,9065.17
emp_004606,2025-07-01,73414.56,0.07,8552.05
emp_004606,2024-07-01,69259.02,0.07,8067.97
emp_004607,2026-07-01,135149.55,0.15,54272.11
emp_004607,2025-07-01,127499.58,0.15,51200.1
emp_004607,2024-07-01,120282.62,0.15,48301.98
emp_004608,2026-07-01,91857.27,0.07,14153.0
emp_004608,2025-07-01,86657.8,0.07,13351.89
emp_004609,2026-07-01,147701.91,0.12,44599.56
emp_004610,2026-07-01,92239.33,0.07,12447.69
emp_004610,2025-07-01,87018.24,0.07,11743.1
emp_004610,2024-07-01,82092.68,0.07,11078.4
emp_004611,2026-07-01,203311.82,0.25,187609.85
emp_004611,2025-07-01,191803.6,0.25,176990.42
emp_004611,2024-07-01,180946.8,0.25,166972.1
emp_004612,2026-07-01,97210.4,0.1,27536.64
emp_004613,2026-07-01,176440.75,0.12,46103.68
emp_004614,2026-07-01,30000.0,0.05,3929.33
emp_004614,2025-07-01,28301.89,0.05,3706.92
emp_004615,2026-07-01,82915.38,0.07,14541.73
emp_004615,2025-07-01,78222.06,0.07,13718.61
emp_004616,2026-07-01,193231.17,0.2,101253.95
emp_004616,2025-07-01,182293.56,0.2,95522.59
emp_004617,2026-07-01,57748.46,0.05,4614.86
emp_004618,2026-07-01,93026.75,0.07,20132.57
emp_004618,2025-07-01,87761.08,0.07,18992.99
emp_004619,2026-07-01,58813.91,0.05,4240.54
emp_004619,2025-07-01,55484.82,0.05,4000.51
emp_004619,2024-07-01,52344.17,0.05,3774.07
emp_004620,2026-07-01,60240.42,0.07,8606.01
emp_004620,2025-07-01,56830.58,0.07,8118.88
emp_004620,2024-07-01,53613.76,0.07,7659.32
emp_004621,2026-07-01,104830.47,0.07,9959.41
emp_004621,2025-07-01,98896.67,0.07,9395.67
emp_004621,2024-07-01,93298.75,0.07,8863.84
emp_004622,2026-07-01,114978.92,0.15,49402.81
emp_004622,2025-07-01,108470.68,0.15,46606.42
emp_004622,2024-07-01,102330.83,0.15,43968.33
emp_004623,2026-07-01,124037.65,0.1,28194.86
emp_004623,2025-07-01,117016.65,0.1,26598.92
emp_004624,2026-07-01,59534.2,0.05,4030.91
emp_004624,2025-07-01,56164.34,0.05,3802.75
emp_004625,2026-07-01,179541.04,0.12,35631.84
emp_004625,2025-07-01,169378.34,0.12,33614.94
emp_004626,2026-07-01,100593.47,0.07,8945.63
emp_004626,2025-07-01,94899.5,0.07,8439.27
emp_004627,2026-07-01,295172.88,0.35,300283.72
emp_004627,2025-07-01,278464.98,0.35,283286.53
emp_004627,2024-07-01,262702.81,0.35,267251.44
emp_004628,2026-07-01,80913.76,0.07,12586.26
emp_004629,2026-07-01,92699.65,0.07,10460.83
emp_004630,2026-07-01,215302.64,0.25,165483.97
emp_004630,2025-07-01,203115.7,0.25,156116.95
emp_004631,2026-07-01,150863.42,0.1,25721.99
emp_004631,2025-07-01,142323.98,0.1,24266.03
emp_004631,2024-07-01,134267.91,0.1,22892.48
emp_004632,2026-07-01,59936.12,0.05,4423.37
emp_004633,2026-07-01,159701.13,0.12,51529.55
emp_004633,2025-07-01,150661.44,0.12,48612.78
emp_004633,2024-07-01,142133.44,0.12,45861.12
emp_004634,2026-07-01,153513.47,0.2,99100.34
emp_004634,2025-07-01,144824.03,0.2,93490.89
emp_004635,2026-07-01,98704.81,0.1,21714.79
emp_004635,2025-07-01,93117.75,0.1,20485.65
emp_004635,2024-07-01,87846.93,0.1,19326.09
emp_004636,2026-07-01,99396.47,0.1,25528.94
emp_004637,2026-07-01,114436.42,0.15,36264.61
emp_004637,2025-07-01,107958.89,0.15,34211.9
emp_004638,2026-07-01,30000.0,0.07,11760.5
emp_004639,2026-07-01,65732.11,0.05,5380.79
emp_004640,2026-07-01,106393.72,0.1,31229.59
emp_004641,2026-07-01,60437.4,0.05,4730.28
emp_004642,2026-07-01,98323.94,0.1,23115.76
emp_004642,2025-07-01,92758.43,0.1,21807.32
emp_004642,2024-07-01,87507.96,0.1,20572.94
emp_004643,2026-07-01,48440.16,0.05,4371.16
emp_004643,2025-07-01,45698.26,0.05,4123.74
emp_004643,2024-07-01,43111.57,0.05,3890.32
emp_004644,2026-07-01,82330.82,0.07,10459.02
emp_004645,2026-07-01,105182.2,0.07,13746.98
emp_004645,2025-07-01,99228.49,0.07,12968.85
emp_004646,2026-07-01,48242.01,0.05,5317.2
emp_004647,2026-07-01,145271.65,0.15,46145.89
emp_004647,2025-07-01,137048.73,0.15,43533.86
emp_004647,2024-07-01,129291.25,0.15,41069.68
emp_004648,2026-07-01,76748.76,0.05,4629.71
emp_004649,2026-07-01,72480.33,0.07,9120.97
emp_004649,2025-07-01,68377.67,0.07,8604.69
emp_004650,2026-07-01,51840.36,0.05,5145.26
emp_004651,2026-07-01,74420.73,0.07,17262.01
emp_004651,2025-07-01,70208.24,0.07,16284.92
emp_004652,2026-07-01,101394.3,0.07,13041.26
emp_004652,2025-07-01,95655.0,0.07,12303.08
emp_004652,2024-07-01,90240.57,0.07,11606.67
emp_004653,2026-07-01,235681.38,0.25,153917.45
emp_004653,2025-07-01,222340.92,0.25,145205.14
emp_004654,2026-07-01,170774.56,0.15,129694.65
emp_004654,2025-07-01,161108.08,0.15,122353.44
emp_004654,2024-07-01,151988.75,0.15,115427.78
emp_004655,2026-07-01,188304.66,0.12,64510.04
emp_004656,2026-07-01,118531.68,0.1,34479.36
emp_004656,2025-07-01,111822.34,0.1,32527.7
emp_004656,2024-07-01,105492.77,0.1,30686.51
emp_004657,2026-07-01,139940.16,0.12,74815.28
emp_004657,2025-07-01,132019.02,0.12,70580.45
emp_004658,2026-07-01,49567.53,0.05,5846.19
emp_004659,2026-07-01,51288.81,0.05,4356.05
emp_004659,2025-07-01,48385.67,0.05,4109.48
emp_004659,2024-07-01,45646.86,0.05,3876.87
emp_004660,2026-07-01,58192.0,0.05,4756.14
emp_004660,2025-07-01,54898.11,0.05,4486.92
emp_004661,2026-07-01,122093.99,0.12,46341.16
emp_004662,2026-07-01,216877.85,0.25,218070.23
emp_004662,2025-07-01,204601.75,0.25,205726.63
emp_004662,2024-07-01,193020.51,0.25,194081.73
emp_004663,2026-07-01,177041.44,0.12,69516.84
emp_004663,2025-07-01,167020.23,0.12,65581.92
emp_004663,2024-07-01,157566.25,0.12,61869.74
emp_004664,2026-07-01,49805.45,0.05,5273.92
emp_004665,2026-07-01,41532.62,0.15,43767.85
emp_004665,2025-07-01,39181.72,0.15,41290.42
emp_004666,2026-07-01,83911.91,0.07,10291.64
emp_004666,2025-07-01,79162.18,0.07,9709.09
emp_004667,2026-07-01,72897.9,0.07,12511.54
emp_004667,2025-07-01,68771.6,0.07,11803.34
emp_004667,2024-07-01,64878.87,0.07,11135.23
emp_004668,2026-07-01,113583.81,0.12,56509.43
emp_004668,2025-07-01,107154.54,0.12,53310.78
emp_004668,2024-07-01,101089.19,0.12,50293.19
emp_004669,2026-07-01,115940.6,0.15,57907.36
emp_004669,2025-07-01,109377.92,0.15,54629.58
emp_004669,2024-07-01,103186.72,0.15,51537.34
emp_004670,2026-07-01,288864.39,0.35,356669.18
emp_004670,2025-07-01,272513.58,0.35,336480.36
emp_004670,2024-07-01,257088.28,0.35,317434.3
emp_004671,2026-07-01,48149.66,0.05,5027.16
emp_004671,2025-07-01,45424.21,0.05,4742.6
emp_004671,2024-07-01,42853.03,0.05,4474.15
emp_004672,2026-07-01,85935.42,0.1,23726.43
emp_004673,2026-07-01,76966.5,0.07,15599.49
emp_004673,2025-07-01,72609.91,0.07,14716.5
emp_004674,2026-07-01,100705.11,0.07,11847.18
emp_004674,2025-07-01,95004.82,0.07,11176.58
emp_004674,2024-07-01,89627.19,0.07,10543.95
emp_004675,2026-07-01,209086.81,0.15,105872.54
emp_004675,2025-07-01,197251.71,0.15,99879.75
emp_004675,2024-07-01,186086.52,0.15,94226.18
emp_004676,2026-07-01,132906.86,0.15,62317.68
emp_004676,2025-07-01,125383.83,0.15,58790.26
emp_004677,2026-07-01,47186.26,0.2,94918.37
emp_004678,2026-07-01,68008.57,0.05,4702.7
emp_004679,2026-07-01,73098.31,0.07,10303.43
emp_004679,2025-07-01,68960.67,0.07,9720.22
emp_004680,2026-07-01,130589.46,0.15,52524.47
emp_004681,2026-07-01,68737.17,0.07,10242.73
emp_004682,2026-07-01,70191.1,0.07,9083.25
emp_004683,2026-07-01,30000.0,0.07,13139.52
emp_004684,2026-07-01,61628.74,0.05,4221.31
emp_004684,2025-07-01,58140.32,0.05,3982.37
emp_004684,2024-07-01,54849.36,0.05,3756.95
emp_004685,2026-07-01,60982.12,0.05,4887.84
emp_004685,2025-07-01,57530.3,0.05,4611.17
emp_004686,2026-07-01,50656.83,0.05,4373.73
emp_004687,2026-07-01,87457.79,0.07,11459.79
emp_004688,2026-07-01,54496.12,0.05,7451.19
emp_004689,2026-07-01,110210.93,0.1,19709.87
emp_004689,2025-07-01,103972.58,0.1,18594.22
emp_004689,2024-07-01,98087.34,0.1,17541.71
emp_004690,2026-07-01,129305.2,0.1,21964.57
emp_004690,2025-07-01,121986.04,0.1,20721.29
emp_004690,2024-07-01,115081.17,0.1,19548.39
emp_004691,2026-07-01,107508.86,0.1,28184.07
emp_004691,2025-07-01,101423.45,0.1,26588.75
emp_004692,2026-07-01,156314.54,0.2,67043.72
emp_004692,2025-07-01,147466.55,0.2,63248.79
emp_004693,2026-07-01,86788.01,0.07,16246.29
emp_004694,2026-07-01,112558.93,0.15,40515.14
emp_004695,2026-07-01,65784.65,0.07,10118.68
emp_004696,2026-07-01,47563.57,0.05,4298.19
emp_004697,2026-07-01,30000.0,0.07,15916.37
emp_004698,2026-07-01,120499.66,0.1,28282.63
emp_004698,2025-07-01,113678.92,0.1,26681.73
emp_004699,2026-07-01,113852.25,0.15,46156.55
emp_004699,2025-07-01,107407.78,0.15,43543.92
emp_004699,2024-07-01,101328.1,0.15,41079.17
emp_004700,2026-07-01,90407.4,0.1,25205.59
emp_004701,2026-07-01,70168.38,0.05,3666.03
emp_004702,2026-07-01,73588.09,0.07,11902.21
emp_004703,2026-07-01,121478.51,0.1,25208.09
emp_004703,2025-07-01,114602.37,0.1,23781.22
emp_004703,2024-07-01,108115.44,0.1,22435.11
emp_004704,2026-07-01,190987.64,0.15,113629.61
emp_004704,2025-07-01,180177.02,0.15,107197.75
emp_004705,2026-07-01,53889.64,0.05,5774.43
emp_004705,2025-07-01,50839.28,0.05,5447.58
emp_004706,2026-07-01,87871.85,0.07,14497.35
emp_004706,2025-07-01,82897.97,0.07,13676.75
emp_004706,2024-07-01,78205.63,0.07,12902.59
emp_004707,2026-07-01,138274.97,0.12,48406.33
emp_004708,2026-07-01,44498.28,0.12,69400.56
emp_004708,2025-07-01,41979.51,0.12,65472.23
emp_004709,2026-07-01,159572.47,0.15,49336.34
emp_004709,2025-07-01,150540.07,0.15,46543.72
emp_004709,2024-07-01,142018.93,0.15,43909.17
emp_004710,2026-07-01,196808.11,0.2,81315.92
emp_004710,2025-07-01,185668.03,0.2,76713.13
emp_004710,2024-07-01,175158.52,0.2,72370.88
emp_004711,2026-07-01,88045.43,0.1,21290.72
emp_004712,2026-07-01,187413.12,0.12,49153.23
emp_004712,2025-07-01,176804.83,0.12,46370.97
emp_004712,2024-07-01,166797.01,0.12,43746.2
emp_004713,2026-07-01,116936.54,0.1,21536.69
emp_004713,2025-07-01,110317.49,0.1,20317.63
emp_004713,2024-07-01,104073.1,0.1,19167.58
emp_004714,2026-07-01,69936.2,0.07,12758.46
emp_004714,2025-07-01,65977.55,0.07,12036.28
emp_004714,2024-07-01,62242.97,0.07,11354.98
emp_004715,2026-07-01,96158.65,0.1,20700.68
emp_004716,2026-07-01,62257.7,0.2,76482.65
emp_004716,2025-07-01,58733.68,0.2,72153.44
emp_004716,2024-07-01,55409.13,0.2,68069.29
emp_004717,2026-07-01,156199.14,0.12,41581.27
emp_004717,2025-07-01,147357.68,0.12,39227.61
emp_004717,2024-07-01,139016.68,0.12,37007.18
emp_004718,2026-07-01,82769.59,0.07,14322.89
emp_004719,2026-07-01,135640.8,0.15,60975.05
emp_004720,2026-07-01,276830.89,0.25,114328.53
emp_004720,2025-07-01,261161.22,0.25,107857.1
emp_004721,2026-07-01,291340.14,0.35,410246.59
emp_004722,2026-07-01,153404.06,0.12,43672.59
emp_004723,2026-07-01,79943.2,0.07,9536.27
emp_004723,2025-07-01,75418.11,0.07,8996.48
emp_004724,2026-07-01,139065.93,0.12,59093.34
emp_004725,2026-07-01,53279.75,0.05,5483.75
emp_004725,2025-07-01,50263.92,0.05,5173.35
emp_004726,2026-07-01,140823.33,0.12,78834.16
emp_004727,2026-07-01,191970.56,0.15,99999.62
emp_004727,2025-07-01,181104.3,0.15,94339.26
emp_004727,2024-07-01,170853.11,0.15,88999.31
emp_004728,2026-07-01,104268.03,0.1,31840.56
emp_004729,2026-07-01,135175.79,0.1,26069.18
emp_004730,2026-07-01,194958.01,0.2,97625.79
emp_004731,2026-07-01,58609.83,0.07,15378.46
emp_004732,2026-07-01,207192.32,0.15,124780.17
emp_004733,2026-07-01,55831.93,0.05,4901.09
emp_004733,2025-07-01,52671.63,0.05,4623.67
emp_004733,2024-07-01,49690.22,0.05,4361.95
emp_004734,2026-07-01,150184.98,0.15,34965.97
emp_004734,2025-07-01,141683.94,0.15,32986.76
emp_004734,2024-07-01,133664.1,0.15,31119.59
emp_004735,2026-07-01,90936.12,0.07,13630.93
emp_004735,2025-07-01,85788.79,0.07,12859.37
emp_004735,2024-07-01,80932.82,0.07,12131.48
emp_004736,2026-07-01,47448.49,0.05,4901.1
emp_004736,2025-07-01,44762.73,0.05,4623.68
emp_004736,2024-07-01,42228.99,0.05,4361.96
emp_004737,2026-07-01,53326.22,0.05,6485.92
emp_004738,2026-07-01,63059.94,0.05,5646.03
emp_004739,2026-07-01,140451.79,0.12,64505.2
emp_004740,2026-07-01,113603.95,0.1,24626.36
emp_004741,2026-07-01,64644.96,0.05,3732.54
emp_004742,2026-07-01,120512.14,0.15,39540.72
emp_004742,2025-07-01,113690.7,0.15,37302.57
emp_004743,2026-07-01,70797.39,0.07,9966.7
emp_004744,2026-07-01,141594.77,0.15,42312.56
emp_004745,2026-07-01,80103.41,0.1,30845.2
emp_004746,2026-07-01,74849.88,0.07,11408.64
emp_004747,2026-07-01,116901.66,0.15,48168.67
emp_004747,2025-07-01,110284.58,0.15,45442.14
emp_004747,2024-07-01,104042.06,0.15,42869.94
emp_004748,2026-07-01,157901.11,0.15,39460.12
emp_004748,2025-07-01,148963.31,0.15,37226.53
emp_004749,2026-07-01,73694.91,0.07,10881.92
emp_004750,2026-07-01,91118.9,0.1,28843.75
emp_004751,2026-07-01,129566.48,0.1,17811.25
emp_004751,2025-07-01,122232.53,0.1,16803.07
emp_004751,2024-07-01,115313.71,0.1,15851.95
emp_004752,2026-07-01,133417.29,0.12,75314.42
emp_004752,2025-07-01,125865.37,0.12,71051.34
emp_004753,2026-07-01,102290.77,0.07,13216.21
emp_004754,2026-07-01,69646.62,0.05,2312.68
emp_004754,2025-07-01,65704.36,0.05,2181.77
emp_004754,2024-07-01,61985.24,0.05,2058.28
emp_004755,2026-07-01,118490.51,0.15,43789.45
emp_004755,2025-07-01,111783.5,0.15,41310.8
emp_004755,2024-07-01,105456.13,0.15,38972.45
emp_004756,2026-07-01,178481.91,0.2,92393.15
emp_004756,2025-07-01,168379.16,0.2,87163.35
emp_004757,2026-07-01,72323.24,0.07,17449.59
emp_004758,2026-07-01,117964.85,0.12,67230.5
emp_004759,2026-07-01,150268.92,0.15,43622.22
emp_004759,2025-07-01,141763.13,0.15,41153.04
emp_004760,2026-07-01,102965.59,0.1,21598.76
emp_004761,2026-07-01,170018.27,0.15,44812.45
emp_004761,2025-07-01,160394.59,0.15,42275.9
emp_004761,2024-07-01,151315.66,0.15,39882.92
emp_004762,2026-07-01,84485.08,0.07,13274.93
emp_004763,2026-07-01,116595.48,0.15,30273.75
emp_004763,2025-07-01,109995.74,0.15,28560.14
emp_004763,2024-07-01,103769.56,0.15,26943.53
emp_004764,2026-07-01,30000.0,0.05,6751.21
emp_004765,2026-07-01,204631.21,0.15,151695.86
emp_004765,2025-07-01,193048.31,0.15,143109.3
emp_004766,2026-07-01,184568.65,0.15,38221.46
emp_004766,2025-07-01,174121.37,0.15,36057.98
emp_004766,2024-07-01,164265.44,0.15,34016.96
emp_004767,2026-07-01,122172.01,0.1,31605.8
emp_004767,2025-07-01,115256.61,0.1,29816.79
emp_004768,2026-07-01,97102.96,0.1,24379.66
emp_004768,2025-07-01,91606.57,0.1,22999.68
emp_004768,2024-07-01,86421.29,0.1,21697.81
emp_004769,2026-07-01,97414.45,0.1,18265.98
emp_004769,2025-07-01,91900.42,0.1,17232.06
emp_004769,2024-07-01,86698.51,0.1,16256.66
emp_004770,2026-07-01,71832.76,0.07,9058.47
emp_004770,2025-07-01,67766.75,0.07,8545.73
emp_004771,2026-07-01,214457.12,0.25,193146.11
emp_004771,2025-07-01,202318.04,0.25,182213.31
emp_004771,2024-07-01,190866.07,0.25,171899.35
emp_004772,2026-07-01,59373.28,0.05,4142.73
emp_004773,2026-07-01,112372.16,0.1,19164.22
emp_004773,2025-07-01,106011.47,0.1,18079.45
emp_004774,2026-07-01,126864.38,0.1,32984.66
emp_004775,2026-07-01,111296.89,0.15,55992.72
emp_004775,2025-07-01,104997.07,0.15,52823.32
emp_004775,2024-07-01,99053.84,0.15,49833.32
emp_004776,2026-07-01,129672.48,0.1,14614.99
emp_004777,2026-07-01,47827.76,0.15,42521.69
emp_004777,2025-07-01,45120.53,0.15,40114.8
emp_004777,2024-07-01,42566.54,0.15,37844.15
emp_004778,2026-07-01,116615.57,0.1,26467.88
emp_004778,2025-07-01,110014.69,0.1,24969.7
emp_004779,2026-07-01,116749.34,0.15,52824.52
emp_004779,2025-07-01,110140.89,0.15,49834.45
emp_004780,2026-07-01,56205.67,0.2,104875.06
emp_004780,2025-07-01,53024.22,0.2,98938.74
emp_004780,2024-07-01,50022.85,0.2,93338.43
emp_004781,2026-07-01,95054.88,0.1,19267.35
emp_004782,2026-07-01,67956.48,0.05,4895.59
emp_004782,2025-07-01,64109.89,0.05,4618.48
emp_004782,2024-07-01,60481.03,0.05,4357.06
emp_004783,2026-07-01,131744.8,0.1,25815.17
emp_004783,2025-07-01,124287.55,0.1,24353.93
emp_004783,2024-07-01,117252.4,0.1,22975.41
emp_004784,2026-07-01,114359.71,0.12,58280.77
emp_004784,2025-07-01,107886.52,0.12,54981.86
emp_004784,2024-07-01,101779.73,0.12,51869.68
emp_004785,2026-07-01,36076.1,0.1,27261.08
emp_004785,2025-07-01,34034.06,0.1,25718.0
emp_004786,2026-07-01,76003.68,0.07,13873.11
emp_004786,2025-07-01,71701.58,0.07,13087.84
emp_004786,2024-07-01,67643.0,0.07,12347.02
emp_004787,2026-07-01,161464.29,0.2,101275.42
emp_004788,2026-07-01,122809.93,0.1,30401.85
emp_004788,2025-07-01,115858.42,0.1,28680.99
emp_004788,2024-07-01,109300.4,0.1,27057.54
emp_004789,2026-07-01,159920.53,0.2,102645.61
emp_004790,2026-07-01,156979.57,0.15,149961.35
emp_004790,2025-07-01,148093.93,0.15,141472.97
emp_004790,2024-07-01,139711.26,0.15,133465.07
emp_004791,2026-07-01,193017.05,0.2,73347.1
emp_004791,2025-07-01,182091.56,0.2,69195.38
emp_004791,2024-07-01,171784.49,0.2,65278.66
emp_004792,2026-07-01,65011.55,0.05,4272.92
emp_004793,2026-07-01,162982.61,0.12,54480.15
emp_004794,2026-07-01,59532.67,0.05,6263.53
emp_004795,2026-07-01,52690.24,0.05,5055.76
emp_004795,2025-07-01,49707.77,0.05,4769.58
emp_004796,2026-07-01,30000.0,0.05,4858.72
emp_004797,2026-07-01,188486.5,0.15,154190.35
emp_004797,2025-07-01,177817.45,0.15,145462.59
emp_004797,2024-07-01,167752.31,0.15,137228.86
emp_004798,2026-07-01,106509.85,0.15,36357.59
emp_004798,2025-07-01,100480.99,0.15,34299.61
emp_004799,2026-07-01,178973.87,0.15,118735.26
emp_004799,2025-07-01,168843.27,0.15,112014.4
emp_004799,2024-07-01,159286.11,0.15,105673.96
emp_004800,2026-07-01,131668.47,0.12,40173.21
emp_004800,2025-07-01,124215.54,0.12,37899.25
emp_004800,2024-07-01,117184.47,0.12,35754.01
emp_004801,2026-07-01,126011.39,0.15,40046.77
emp_004801,2025-07-01,118878.67,0.15,37779.97
emp_004802,2026-07-01,65983.56,0.05,2984.5
emp_004803,2026-07-01,97723.19,0.1,28988.54
emp_004803,2025-07-01,92191.69,0.1,27347.68
emp_004803,2024-07-01,86973.29,0.1,25799.7
emp_004804,2026-07-01,79874.94,0.07,10018.39
emp_004805,2026-07-01,93484.42,0.07,11084.96
emp_004805,2025-07-01,88192.85,0.07,10457.51
emp_004806,2026-07-01,69517.01,0.07,10895.61
emp_004806,2025-07-01,65582.08,0.07,10278.88
emp_004807,2026-07-01,84863.86,0.07,12493.67
emp_004807,2025-07-01,80060.25,0.07,11786.48
emp_004808,2026-07-01,73201.28,0.07,16048.62
emp_004809,2026-07-01,110859.13,0.15,54500.65
emp_004810,2026-07-01,116214.77,0.1,34371.42
emp_004811,2026-07-01,121516.7,0.1,30130.34
emp_004812,2026-07-01,60866.93,0.05,4939.58
emp_004812,2025-07-01,57421.63,0.05,4659.98
emp_004812,2024-07-01,54171.35,0.05,4396.21
emp_004813,2026-07-01,67300.75,0.05,3936.7
emp_004814,2026-07-01,119920.15,0.12,55901.56
emp_004815,2026-07-01,157881.75,0.2,102148.47
emp_004815,2025-07-01,148945.05,0.2,96366.48
emp_004815,2024-07-01,140514.2,0.2,90911.77
emp_004816,2026-07-01,209946.01,0.25,142548.88
emp_004816,2025-07-01,198062.27,0.25,134480.08
emp_004816,2024-07-01,186851.2,0.25,126868.0
emp_004817,2026-07-01,135589.58,0.15,40130.88
emp_004817,2025-07-01,127914.7,0.15,37859.32
emp_004818,2026-07-01,82862.25,0.07,10864.95
emp_004819,2026-07-01,92642.77,0.07,12544.42
emp_004819,2025-07-01,87398.84,0.07,11834.36
emp_004819,2024-07-01,82451.74,0.07,11164.49
emp_004820,2026-07-01,209832.6,0.25,276153.85
emp_004820,2025-07-01,197955.28,0.25,260522.5
emp_004820,2024-07-01,186750.27,0.25,245775.94
emp_004821,2026-07-01,184510.09,0.15,99771.37
emp_004822,2026-07-01,49253.63,0.05,3763.12
emp_004823,2026-07-01,65788.89,0.05,5097.01
emp_004824,2026-07-01,123417.53,0.1,26323.87
emp_004824,2025-07-01,116431.63,0.1,24833.84
emp_004824,2024-07-01,109841.16,0.1,23428.15
emp_004825,2026-07-01,60027.82,0.05,4042.56
emp_004826,2026-07-01,67666.06,0.05,2675.8
emp_004827,2026-07-01,89625.17,0.07,11223.0
emp_004827,2025-07-01,84552.05,0.07,10587.74
emp_004828,2026-07-01,125695.75,0.12,61849.8
emp_004828,2025-07-01,118580.9,0.12,58348.87
emp_004829,2026-07-01,107159.16,0.1,29851.78
emp_004830,2026-07-01,111806.55,0.1,22113.55
emp_004831,2026-07-01,110537.51,0.1,17575.98
emp_004832,2026-07-01,154831.95,0.15,54880.54
emp_004832,2025-07-01,146067.88,0.15,51774.09
emp_004832,2024-07-01,137799.88,0.15,48843.49
emp_004833,2026-07-01,128112.19,0.1,28401.07
emp_004834,2026-07-01,120537.43,0.15,46430.99
emp_004834,2025-07-01,113714.56,0.15,43802.82
emp_004835,2026-07-01,110805.72,0.1,20094.86
emp_004836,2026-07-01,127977.28,0.1,29166.82
emp_004836,2025-07-01,120733.28,0.1,27515.87
emp_004837,2026-07-01,364463.45,0.35,337603.15
emp_004837,2025-07-01,343833.44,0.35,318493.54
emp_004837,2024-07-01,324371.17,0.35,300465.6
emp_004838,2026-07-01,125137.17,0.12,63352.12
emp_004838,2025-07-01,118053.93,0.12,59766.15
emp_004839,2026-07-01,42997.81,0.05,5641.62
emp_004840,2026-07-01,159255.9,0.2,83541.54
emp_004840,2025-07-01,150241.42,0.2,78812.77
emp_004841,2026-07-01,163441.58,0.12,57584.16
emp_004841,2025-07-01,154190.17,0.12,54324.68
emp_004842,2026-07-01,85061.31,0.07,11105.74
emp_004843,2026-07-01,195512.78,0.2,67348.62
emp_004843,2025-07-01,184446.02,0.2,63536.43
emp_004843,2024-07-01,174005.68,0.2,59940.03
emp_004844,2026-07-01,125984.49,0.1,29792.42
emp_004845,2026-07-01,128950.17,0.1,28490.8
emp_004845,2025-07-01,121651.1,0.1,26878.11
emp_004846,2026-07-01,139641.74,0.15,47218.67
emp_004846,2025-07-01,131737.49,0.15,44545.92
emp_004846,2024-07-01,124280.65,0.15,42024.45
emp_004847,2026-07-01,96746.92,0.1,30287.65
emp_004848,2026-07-01,42069.81,0.15,49388.05
emp_004848,2025-07-01,39688.5,0.15,46592.5
emp_004848,2024-07-01,37441.98,0.15,43955.19
emp_004849,2026-07-01,305750.5,0.35,344668.72
emp_004849,2025-07-01,288443.87,0.35,325159.17
emp_004849,2024-07-01,272116.86,0.35,306753.93
emp_004850,2026-07-01,223525.96,0.25,244572.28
emp_004850,2025-07-01,210873.55,0.25,230728.57
emp_004850,2024-07-01,198937.31,0.25,217668.46
emp_004851,2026-07-01,73593.26,0.05,4099.45
emp_004852,2026-07-01,146654.38,0.2,91884.2
emp_004852,2025-07-01,138353.19,0.2,86683.21
emp_004852,2024-07-01,130521.88,0.2,81776.61
emp_004853,2026-07-01,109950.86,0.1,19751.52
emp_004854,2026-07-01,74512.31,0.07,8895.07
emp_004854,2025-07-01,70294.63,0.07,8391.58
emp_004855,2026-07-01,50077.52,0.05,3004.66
emp_004856,2026-07-01,145042.84,0.15,45374.35
emp_004857,2026-07-01,99040.71,0.07,16749.34
emp_004858,2026-07-01,162993.07,0.12,48700.61
emp_004858,2025-07-01,153767.05,0.12,45943.97
emp_004858,2024-07-01,145063.25,0.12,43343.37
emp_004859,2026-07-01,125172.41,0.12,38417.52
emp_004859,2025-07-01,118087.18,0.12,36242.94
emp_004860,2026-07-01,84654.87,0.07,14830.52
emp_004860,2025-07-01,79863.08,0.07,13991.06
emp_004860,2024-07-01,75342.53,0.07,13199.11
emp_004861,2026-07-01,156132.98,0.2,93412.65
emp_004861,2025-07-01,147295.26,0.2,88125.14
emp_004862,2026-07-01,158560.42,0.15,43694.53
emp_004862,2025-07-01,149585.3,0.15,41221.25
emp_004862,2024-07-01,141118.21,0.15,38887.98
emp_004863,2026-07-01,94424.15,0.07,13574.48
emp_004863,2025-07-01,89079.39,0.07,12806.11
emp_004864,2026-07-01,54372.01,0.05,5874.95
emp_004864,2025-07-01,51294.35,0.05,5542.41
emp_004864,2024-07-01,48390.9,0.05,5228.68
emp_004865,2026-07-01,171655.21,0.12,44402.04
emp_004865,2025-07-01,161938.88,0.12,41888.72
emp_004865,2024-07-01,152772.53,0.12,39517.66
emp_004866,2026-07-01,68603.51,0.07,12978.21
emp_004866,2025-07-01,64720.29,0.07,12243.59
emp_004866,2024-07-01,61056.88,0.07,11550.56
emp_004867,2026-07-01,138348.99,0.1,27458.37
emp_004867,2025-07-01,130517.92,0.1,25904.12
emp_004868,2026-07-01,309092.45,0.25,130755.68
emp_004868,2025-07-01,291596.65,0.25,123354.42
emp_004869,2026-07-01,112220.66,0.07,10445.97
emp_004870,2026-07-01,132030.55,0.1,21593.89
emp_004871,2026-07-01,94208.57,0.1,31265.37
emp_004871,2025-07-01,88876.01,0.1,29495.63
emp_004872,2026-07-01,90831.92,0.07,12653.52
emp_004872,2025-07-01,85690.49,0.07,11937.28
emp_004873,2026-07-01,120857.74,0.12,47124.11
emp_004873,2025-07-01,114016.74,0.12,44456.71
emp_004873,2024-07-01,107562.96,0.12,41940.29
emp_004874,2026-07-01,64238.88,0.07,8039.2
emp_004875,2026-07-01,163878.85,0.12,52709.5
emp_004876,2026-07-01,152551.25,0.15,29037.67
emp_004876,2025-07-01,143916.27,0.15,27394.03
emp_004876,2024-07-01,135770.07,0.15,25843.42
emp_004877,2026-07-01,161263.34,0.15,45304.72
emp_004877,2025-07-01,152135.23,0.15,42740.3
emp_004877,2024-07-01,143523.8,0.15,40321.04
emp_004878,2026-07-01,92417.19,0.07,12715.67
emp_004879,2026-07-01,84282.55,0.07,13696.09
emp_004879,2025-07-01,79511.84,0.07,12920.84
emp_004879,2024-07-01,75011.17,0.07,12189.47
emp_004880,2026-07-01,112454.31,0.1,29456.05
emp_004881,2026-07-01,60106.35,0.05,3462.49
emp_004881,2025-07-01,56704.1,0.05,3266.5
emp_004881,2024-07-01,53494.44,0.05,3081.6
emp_004882,2026-07-01,171156.77,0.12,65691.27
emp_004882,2025-07-01,161468.65,0.12,61972.9
emp_004883,2026-07-01,104173.92,0.1,30532.57
emp_004883,2025-07-01,98277.28,0.1,28804.31
emp_004884,2026-07-01,115044.79,0.1,12022.02
emp_004884,2025-07-01,108532.82,0.1,11341.53
emp_004884,2024-07-01,102389.45,0.1,10699.56
emp_004885,2026-07-01,30000.0,0.07,6818.42
emp_004886,2026-07-01,95965.04,0.07,13813.93
emp_004886,2025-07-01,90533.06,0.07,13032.01
emp_004886,2024-07-01,85408.54,0.07,12294.35
emp_004887,2026-07-01,124987.91,0.1,28967.55
emp_004888,2026-07-01,94574.02,0.07,15918.38
emp_004889,2026-07-01,176672.35,0.15,97649.61
emp_004889,2025-07-01,166672.03,0.15,92122.27
emp_004890,2026-07-01,163352.7,0.2,71481.3
emp_004890,2025-07-01,154106.32,0.2,67435.19
emp_004891,2026-07-01,86939.28,0.07,13293.1
emp_004891,2025-07-01,82018.19,0.07,12540.66
emp_004891,2024-07-01,77375.65,0.07,11830.81
emp_004892,2026-07-01,63006.94,0.07,13172.06
emp_004892,2025-07-01,59440.51,0.07,12426.47
emp_004893,2026-07-01,118641.97,0.15,32550.83
emp_004893,2025-07-01,111926.39,0.15,30708.33
emp_004893,2024-07-01,105590.93,0.15,28970.12
emp_004894,2026-07-01,48553.49,0.05,4270.77
emp_004895,2026-07-01,76830.72,0.07,13689.4
emp_004896,2026-07-01,75526.84,0.07,9551.41
emp_004897,2026-07-01,88987.5,0.07,11545.11
emp_004897,2025-07-01,83950.47,0.07,10891.61
emp_004897,2024-07-01,79198.56,0.07,10275.11
emp_004898,2026-07-01,138863.71,0.12,55626.31
emp_004899,2026-07-01,162764.83,0.15,37981.03
emp_004899,2025-07-01,153551.73,0.15,35831.16
emp_004900,2026-07-01,89056.42,0.07,13399.12
emp_004901,2026-07-01,89700.01,0.07,15296.42
emp_004902,2026-07-01,113254.68,0.1,21703.24
emp_004902,2025-07-01,106844.04,0.1,20474.75
emp_004902,2024-07-01,100796.26,0.1,19315.81
emp_004903,2026-07-01,232403.99,0.25,147007.33
emp_004903,2025-07-01,219249.05,0.25,138686.16
emp_004904,2026-07-01,189293.17,0.2,91002.97
emp_004905,2026-07-01,172070.27,0.15,113881.37
emp_004906,2026-07-01,100257.54,0.1,28293.58
emp_004907,2026-07-01,121316.58,0.12,47891.0
emp_004907,2025-07-01,114449.6,0.12,45180.19
emp_004907,2024-07-01,107971.32,0.12,42622.82
emp_004908,2026-07-01,109977.36,0.1,28736.86
emp_004909,2026-07-01,96032.06,0.1,25757.85
emp_004909,2025-07-01,90596.28,0.1,24299.86
emp_004910,2026-07-01,152177.73,0.2,64009.82
emp_004910,2025-07-01,143563.9,0.2,60386.62
emp_004910,2024-07-01,135437.64,0.2,56968.51
emp_004911,2026-07-01,132163.86,0.12,71741.02
emp_004911,2025-07-01,124682.89,0.12,67680.21
emp_004912,2026-07-01,89823.44,0.07,10601.41
emp_004912,2025-07-01,84739.09,0.07,10001.33
emp_004912,2024-07-01,79942.54,0.07,9435.22
emp_004913,2026-07-01,111812.84,0.1,30051.55
emp_004913,2025-07-01,105483.81,0.1,28350.52
emp_004914,2026-07-01,114145.39,0.15,43688.6
emp_004914,2025-07-01,107684.33,0.15,41215.66
emp_004914,2024-07-01,101588.99,0.15,38882.7
emp_004915,2026-07-01,92387.38,0.07,14845.16
emp_004916,2026-07-01,52473.28,0.05,4395.76
emp_004916,2025-07-01,49503.09,0.05,4146.94
emp_004916,2024-07-01,46701.03,0.05,3912.21
emp_004917,2026-07-01,130891.08,0.15,46336.47
emp_004917,2025-07-01,123482.15,0.15,43713.65
emp_004917,2024-07-01,116492.6,0.15,41239.29
emp_004918,2026-07-01,100967.87,0.1,33489.73
emp_004918,2025-07-01,95252.71,0.1,31594.08
emp_004918,2024-07-01,89861.04,0.1,29805.74
emp_004919,2026-07-01,114912.67,0.1,25364.22
emp_004919,2025-07-01,108408.18,0.1,23928.51
emp_004919,2024-07-01,102271.87,0.1,22574.07
emp_004920,2026-07-01,127587.27,0.15,36292.83
emp_004920,2025-07-01,120365.35,0.15,34238.52
emp_004920,2024-07-01,113552.22,0.15,32300.49
emp_004921,2026-07-01,30000.0,0.07,12675.22
emp_004922,2026-07-01,75824.8,0.07,15671.56
emp_004923,2026-07-01,103902.0,0.1,27364.39
emp_004923,2025-07-01,98020.75,0.1,25815.46
emp_004923,2024-07-01,92472.41,0.1,24354.21
emp_004924,2026-07-01,161390.54,0.12,59854.29
emp_004925,2026-07-01,156300.5,0.12,33808.21
emp_004926,2026-07-01,172603.2,0.15,53367.42
emp_004926,2025-07-01,162833.21,0.15,50346.62
emp_004927,2026-07-01,106486.76,0.1,41310.65
emp_004927,2025-07-01,100459.21,0.1,38972.31
emp_004927,2024-07-01,94772.84,0.1,36766.33
emp_004928,2026-07-01,135704.05,0.12,46308.45
emp_004929,2026-07-01,144614.93,0.15,97883.99
emp_004929,2025-07-01,136429.18,0.15,92343.39
emp_004929,2024-07-01,128706.77,0.15,87116.4
emp_004930,2026-07-01,79895.31,0.07,9816.8
emp_004930,2025-07-01,75372.93,0.07,9261.13
emp_004931,2026-07-01,128592.0,0.15,50096.48
emp_004931,2025-07-01,121313.21,0.15,47260.83
emp_004932,2026-07-01,113911.69,0.1,33105.36
emp_004933,2026-07-01,60742.89,0.05,3760.94
emp_004933,2025-07-01,57304.61,0.05,3548.06
emp_004933,2024-07-01,54060.96,0.05,3347.22
emp_004934,2026-07-01,85912.51,0.07,14503.16
emp_004935,2026-07-01,126474.42,0.1,17666.45
emp_004935,2025-07-01,119315.49,0.1,16666.46
emp_004936,2026-07-01,54144.71,0.05,3730.42
emp_004936,2025-07-01,51079.92,0.05,3519.26
emp_004937,2026-07-01,115120.97,0.1,16964.05
emp_004937,2025-07-01,108604.69,0.1,16003.82
emp_004937,2024-07-01,102457.25,0.1,15097.94
emp_004938,2026-07-01,96443.89,0.07,13826.57
emp_004939,2026-07-01,151136.04,0.12,50741.3
emp_004939,2025-07-01,142581.17,0.12,47869.15
emp_004939,2024-07-01,134510.54,0.12,45159.58
emp_004940,2026-07-01,192811.13,0.15,134952.8
emp_004940,2025-07-01,181897.29,0.15,127313.96
emp_004940,2024-07-01,171601.22,0.15,120107.51
emp_004941,2026-07-01,173119.3,0.15,34429.37
emp_004941,2025-07-01,163320.09,0.15,32480.54
emp_004941,2024-07-01,154075.56,0.15,30642.02
emp_004942,2026-07-01,161046.38,0.15,48868.16
emp_004942,2025-07-01,151930.55,0.15,46102.04
emp_004943,2026-07-01,146729.74,0.2,93686.96
emp_004943,2025-07-01,138424.28,0.2,88383.92
emp_004944,2026-07-01,74944.92,0.07,9961.85
emp_004944,2025-07-01,70702.75,0.07,9397.97
emp_004945,2026-07-01,73881.99,0.07,13936.67
emp_004945,2025-07-01,69699.99,0.07,13147.8
emp_004946,2026-07-01,153827.49,0.12,40991.37
emp_004946,2025-07-01,145120.27,0.12,38671.1
emp_004947,2026-07-01,141369.91,0.2,99036.25
emp_004947,2025-07-01,133367.84,0.2,93430.42
emp_004947,2024-07-01,125818.72,0.2,88141.91
emp_004948,2026-07-01,95531.32,0.1,30916.29
emp_004948,2025-07-01,90123.89,0.1,29166.31
emp_004948,2024-07-01,85022.53,0.1,27515.39
emp_004949,2026-07-01,65066.65,0.07,9125.21
emp_004950,2026-07-01,81636.64,0.07,12580.55
emp_004950,2025-07-01,77015.7,0.07,11868.44
emp_004950,2024-07-01,72656.32,0.07,11196.64
emp_004951,2026-07-01,169151.89,0.2,69992.98
emp_004951,2025-07-01,159577.25,0.2,66031.11
emp_004951,2024-07-01,150544.58,0.2,62293.5
emp_004952,2026-07-01,164153.77,0.2,81073.16
emp_004953,2026-07-01,178996.29,0.2,98083.95
emp_004953,2025-07-01,168864.42,0.2,92532.03
emp_004953,2024-07-01,159306.06,0.2,87294.37
emp_004954,2026-07-01,232659.62,0.25,178513.81
emp_004954,2025-07-01,219490.21,0.25,168409.25
emp_004954,2024-07-01,207066.23,0.25,158876.66
emp_004955,2026-07-01,79866.09,0.1,18094.57
emp_004956,2026-07-01,96837.13,0.1,31697.69
emp_004956,2025-07-01,91355.78,0.1,29903.48
emp_004956,2024-07-01,86184.7,0.1,28210.83
emp_004957,2026-07-01,78943.38,0.07,10958.76
emp_004957,2025-07-01,74474.89,0.07,10338.45
emp_004957,2024-07-01,70259.33,0.07,9753.26
emp_004958,2026-07-01,125782.01,0.15,26998.97
emp_004958,2025-07-01,118662.27,0.15,25470.73
emp_004958,2024-07-01,111945.54,0.15,24028.99
emp_004959,2026-07-01,115185.54,0.1,21470.88
emp_004960,2026-07-01,59848.69,0.05,5784.6
emp_004961,2026-07-01,139248.0,0.15,34259.11
emp_004962,2026-07-01,79923.09,0.07,11108.68
emp_004963,2026-07-01,138988.31,0.12,62883.45
emp_004963,2025-07-01,131121.05,0.12,59324.01
emp_004964,2026-07-01,163276.87,0.2,61166.05
emp_004964,2025-07-01,154034.78,0.2,57703.82
emp_004964,2024-07-01,145315.83,0.2,54437.57
emp_004965,2026-07-01,67148.74,0.05,3700.68
emp_004966,2026-07-01,107005.53,0.1,27213.14
emp_004967,2026-07-01,129097.93,0.15,53718.04
emp_004967,2025-07-01,121790.5,0.15,50677.4
emp_004968,2026-07-01,83776.79,0.07,9725.77
emp_004968,2025-07-01,79034.71,0.07,9175.25
emp_004969,2026-07-01,68599.66,0.07,10990.5
emp_004970,2026-07-01,56415.18,0.05,4529.03
emp_004971,2026-07-01,30000.0,0.07,11904.16
emp_004972,2026-07-01,128502.84,0.12,52922.5
emp_004972,2025-07-01,121229.09,0.12,49926.89
emp_004972,2024-07-01,114367.07,0.12,47100.84
emp_004973,2026-07-01,292662.67,0.25,199441.05
emp_004973,2025-07-01,276096.86,0.25,188151.93
emp_004974,2026-07-01,103244.19,0.15,41408.44
emp_004974,2025-07-01,97400.18,0.15,39064.57
emp_004975,2026-07-01,65719.61,0.07,9148.51
emp_004976,2026-07-01,61047.15,0.07,16987.63
emp_004976,2025-07-01,57591.65,0.07,16026.07
emp_004976,2024-07-01,54331.75,0.07,15118.93
emp_004977,2026-07-01,77038.82,0.07,15280.14
emp_004978,2026-07-01,116681.4,0.1,20399.14
emp_004979,2026-07-01,48479.86,0.15,54288.46
emp_004980,2026-07-01,51477.23,0.05,4041.28
emp_004981,2026-07-01,120007.14,0.1,24528.44
emp_004981,2025-07-01,113214.28,0.1,23140.04
emp_004981,2024-07-01,106805.93,0.1,21830.22
emp_004982,2026-07-01,53768.29,0.05,6199.53
emp_004983,2026-07-01,155745.5,0.2,131454.76
emp_004983,2025-07-01,146929.72,0.2,124013.92
emp_004983,2024-07-01,138612.94,0.2,116994.27
emp_004984,2026-07-01,74692.98,0.07,12153.11
emp_004984,2025-07-01,70465.08,0.07,11465.2
emp_004985,2026-07-01,261842.9,0.25,140596.64
emp_004985,2025-07-01,247021.6,0.25,132638.34
emp_004985,2024-07-01,233039.25,0.25,125130.51
emp_004986,2026-07-01,187698.56,0.2,94818.14
emp_004986,2025-07-01,177074.11,0.2,89451.08
emp_004986,2024-07-01,167051.05,0.2,84387.81
emp_004987,2026-07-01,193719.71,0.2,77456.49
emp_004987,2025-07-01,182754.44,0.2,73072.16
emp_004987,2024-07-01,172409.85,0.2,68936.0
emp_004988,2026-07-01,59270.29,0.05,5310.38
emp_004989,2026-07-01,118876.91,0.15,38451.19
emp_004989,2025-07-01,112148.03,0.15,36274.71
emp_004989,2024-07-01,105800.03,0.15,34221.42
emp_004990,2026-07-01,68460.57,0.05,5574.59
emp_004991,2026-07-01,88148.53,0.07,14809.48
emp_004991,2025-07-01,83158.99,0.07,13971.21
emp_004992,2026-07-01,88943.83,0.07,12253.98
emp_004992,2025-07-01,83909.27,0.07,11560.36
emp_004992,2024-07-01,79159.69,0.07,10906.0
emp_004993,2026-07-01,108474.86,0.15,53112.16
emp_004994,2026-07-01,79862.06,0.07,9136.61
emp_004995,2026-07-01,167140.31,0.15,138081.47
emp_004996,2026-07-01,238656.18,0.35,441001.9
emp_004996,2025-07-01,225147.34,0.35,416039.53
emp_004996,2024-07-01,212403.15,0.35,392490.12
emp_004997,2026-07-01,96338.46,0.1,18488.84
emp_004998,2026-07-01,81648.93,0.07,12795.63
emp_004999,2026-07-01,165687.15,0.15,84404.21
emp_004999,2025-07-01,156308.63,0.15,79626.61
emp_004999,2024-07-01,147460.97,0.15,75119.45
