employee_id,hire_date,hire_source
emp_000000,2024-07-01,referral
emp_000001,2024-11-30,linkedin
emp_000002,2021-06-01,boomerang
emp_000003,2022-10-01,company_site
emp_000004,2024-03-01,linkedin
emp_000005,2024-03-01,linkedin
emp_000006,2019-07-02,conference
emp_000007,2024-05-31,recruiter
emp_000008,2023-01-30,recruiter
emp_000009,2022-07-01,referral
emp_000010,2024-07-01,linkedin
emp_000011,2025-04-01,conference
emp_000012,2024-05-01,referral
emp_000013,2023-09-01,company_site
emp_000014,2023-10-31,referral
emp_000015,2026-06-01,university
emp_000016,2024-08-31,linkedin
emp_000017,2020-08-31,company_site
emp_000018,2025-08-01,recruiter
emp_000019,2025-06-01,referral
emp_000020,2024-08-31,recruiter
emp_000021,2023-08-01,referral
emp_000022,2024-12-31,linkedin
emp_000023,2022-07-01,referral
emp_000024,2023-06-01,recruiter
emp_000025,2021-08-01,company_site
emp_000026,2023-12-31,referral
emp_000027,2022-07-01,linkedin
emp_000028,2024-03-01,conference
emp_000029,2023-12-01,company_site
emp_000030,2025-08-31,university
emp_000031,2024-10-31,company_site
emp_000032,2025-03-01,referral
emp_000033,2025-11-30,referral
emp_000034,2024-08-31,recruiter
emp_000035,2024-07-01,linkedin
emp_000036,2022-10-01,referral
emp_000037,2025-03-01,recruiter
emp_000038,2024-07-01,linkedin
emp_000039,2024-03-01,referral
emp_000040,2022-10-01,linkedin
emp_000041,2023-12-01,company_site
emp_000042,2021-08-31,recruiter
emp_000043,2026-05-02,linkedin
emp_000044,2024-11-30,referral
emp_000045,2023-12-31,university
emp_000046,2024-09-30,conference
emp_000047,2024-04-01,referral
emp_000048,2025-01-30,recruiter
emp_000049,2025-10-01,linkedin
emp_000050,2022-08-01,linkedin
emp_000051,2024-03-01,recruiter
emp_000052,2025-12-31,linkedin
emp_000053,2025-10-31,referral
emp_000054,2019-01-30,referral
emp_000055,2025-07-01,recruiter
emp_000056,2025-10-01,linkedin
emp_000057,2024-07-01,recruiter
emp_000058,2025-03-01,referral
emp_000059,2025-04-01,recruiter
emp_000060,2024-01-31,recruiter
emp_000061,2025-08-01,conference
emp_000062,2024-07-01,referral
emp_000063,2025-03-01,referral
emp_000064,2024-05-31,linkedin
emp_000065,2025-04-01,referral
emp_000066,2025-12-31,referral
emp_000067,2023-07-02,referral
emp_000068,2021-08-01,recruiter
emp_000069,2020-07-01,company_site
emp_000070,2023-10-01,referral
emp_000071,2025-11-30,company_site
emp_000072,2023-04-01,referral
emp_000073,2024-07-01,referral
emp_000074,2022-10-01,linkedin
emp_000075,2022-08-01,boomerang
emp_000076,2022-12-01,referral
emp_000077,2023-12-01,linkedin
emp_000078,2025-01-30,referral
emp_000079,2025-05-01,linkedin
emp_000080,2025-05-01,referral
emp_000081,2024-10-31,university
emp_000082,2024-07-01,referral
emp_000083,2024-05-31,linkedin
emp_000084,2022-10-31,recruiter
emp_000085,2024-09-30,university
emp_000086,2021-06-01,boomerang
emp_000087,2022-08-01,university
emp_000088,2023-12-31,company_site
emp_000089,2024-05-31,linkedin
emp_000090,2024-04-01,recruiter
emp_000091,2020-12-30,referral
emp_000092,2020-09-30,referral
emp_000093,2025-08-01,referral
emp_000094,2025-06-01,linkedin
emp_000095,2024-05-01,company_site
emp_000096,2025-03-01,referral
emp_000097,2024-07-31,recruiter
emp_000098,2021-03-01,linkedin
emp_000099,2024-07-31,linkedin
emp_000100,2024-07-31,recruiter
emp_000101,2025-03-01,recruiter
emp_000102,2023-03-02,recruiter
emp_000103,2024-12-31,recruiter
emp_000104,2023-10-01,referral
emp_000105,2020-07-01,university
emp_000106,2026-07-01,linkedin
emp_000107,2023-12-31,linkedin
emp_000108,2024-11-30,conference
emp_000109,2023-09-01,university
emp_000110,2023-06-01,boomerang
emp_000111,2023-08-01,recruiter
emp_000112,2025-01-30,referral
emp_000113,2025-10-31,company_site
emp_000114,2026-01-30,company_site
emp_000115,2021-09-30,university
emp_000116,2021-04-01,referral
emp_000117,2024-11-30,recruiter
emp_000118,2026-04-01,referral
emp_000119,2024-01-31,referral
emp_000120,2022-05-01,company_site
emp_000121,2025-12-31,referral
emp_000122,2024-05-01,linkedin
emp_000123,2025-05-01,recruiter
emp_000124,2024-08-31,company_site
emp_000125,2025-04-01,company_site
emp_000126,2024-11-30,referral
emp_000127,2025-11-30,company_site
emp_000128,2023-07-02,referral
emp_000129,2026-04-01,linkedin
emp_000130,2023-12-31,company_site
emp_000131,2021-03-01,linkedin
emp_000132,2023-08-01,referral
emp_000133,2023-06-01,linkedin
emp_000134,2024-05-31,company_site
emp_000135,2019-08-01,university
emp_000136,2024-03-01,boomerang
emp_000137,2026-01-30,linkedin
emp_000138,2024-10-31,recruiter
emp_000139,2024-05-01,company_site
emp_000140,2025-04-01,linkedin
emp_000141,2025-03-01,university
emp_000142,2024-11-30,university
emp_000143,2024-03-01,company_site
emp_000144,2025-05-01,referral
emp_000145,2022-03-02,referral
emp_000146,2024-07-01,company_site
emp_000147,2020-05-31,university
emp_000148,2024-05-31,company_site
emp_000149,2024-05-31,recruiter
emp_000150,2024-07-01,referral
emp_000151,2025-08-31,linkedin
emp_000152,2018-11-30,referral
emp_000153,2025-03-01,recruiter
emp_000154,2021-08-01,linkedin
emp_000155,2023-12-31,recruiter
emp_000156,2025-06-01,referral
emp_000157,2022-03-02,university
emp_000158,2024-08-31,linkedin
emp_000159,2022-05-01,company_site
emp_000160,2022-10-01,recruiter
emp_000161,2025-08-01,recruiter
emp_000162,2026-01-30,linkedin
emp_000163,2019-08-31,linkedin
emp_000164,2023-07-02,referral
emp_000165,2024-04-01,recruiter
emp_000166,2024-05-31,company_site
emp_000167,2021-10-31,recruiter
emp_000168,2025-01-30,referral
emp_000169,2024-05-01,recruiter
emp_000170,2024-03-01,recruiter
emp_000171,2021-10-31,referral
emp_000172,2024-08-31,recruiter
emp_000173,2024-05-31,referral
emp_000174,2023-08-01,company_site
emp_000175,2024-07-01,company_site
emp_000176,2025-10-31,recruiter
emp_000177,2020-05-01,linkedin
emp_000178,2021-10-31,referral
emp_000179,2021-12-31,company_site
emp_000180,2022-10-01,recruiter
emp_000181,2023-09-01,referral
emp_000182,2023-12-01,referral
emp_000183,2023-09-01,recruiter
emp_000184,2023-12-31,recruiter
emp_000185,2024-04-01,referral
emp_000186,2022-12-31,linkedin
emp_000187,2019-08-31,linkedin
emp_000188,2020-11-30,university
emp_000189,2018-05-01,referral
emp_000190,2024-07-01,company_site
emp_000191,2021-06-01,linkedin
emp_000192,2024-10-31,referral
emp_000193,2022-12-01,recruiter
emp_000194,2025-04-01,referral
emp_000195,2020-07-01,recruiter
emp_000196,2025-06-01,referral
emp_000197,2026-07-01,referral
emp_000198,2022-06-01,university
emp_000199,2025-03-01,university
emp_000200,2022-06-01,recruiter
emp_000201,2024-08-31,university
emp_000202,2023-10-31,conference
emp_000203,2025-10-01,recruiter
emp_000204,2023-12-31,company_site
emp_000205,2024-05-01,conference
emp_000206,2018-03-01,linkedin
emp_000207,2025-07-01,linkedin
emp_000208,2023-04-01,referral
emp_000209,2025-04-01,company_site
emp_000210,2024-05-31,recruiter
emp_000211,2024-11-30,linkedin
emp_000212,2025-07-01,company_site
emp_000213,2023-06-01,boomerang
emp_000214,2024-05-31,referral
emp_000215,2021-07-01,referral
emp_000216,2024-07-31,boomerang
emp_000217,2023-05-02,referral
emp_000218,2010-10-31,linkedin
emp_000219,2025-05-01,recruiter
emp_000220,2024-07-01,referral
emp_000221,2023-06-01,referral
emp_000222,2020-07-01,recruiter
emp_000223,2026-01-30,conference
emp_000224,2021-12-31,referral
emp_000225,2025-11-30,recruiter
emp_000226,2021-11-30,referral
emp_000227,2024-07-31,referral
emp_000228,2021-11-30,linkedin
emp_000229,2025-05-01,recruiter
emp_000230,2023-10-01,referral
emp_000231,2025-10-31,company_site
emp_000232,2025-08-31,boomerang
emp_000233,2022-12-31,referral
emp_000234,2024-07-01,boomerang
emp_000235,2024-08-31,referral
emp_000236,2023-12-01,linkedin
emp_000237,2023-05-02,company_site
emp_000238,2023-10-01,linkedin
emp_000239,2024-09-30,recruiter
emp_000240,2024-10-31,referral
emp_000241,2024-08-31,referral
emp_000242,2025-04-01,university
emp_000243,2026-01-30,company_site
emp_000244,2025-01-30,referral
emp_000245,2023-09-01,recruiter
emp_000246,2024-04-01,recruiter
emp_000247,2025-07-01,referral
emp_000248,2024-11-30,university
emp_000249,2024-05-31,referral
emp_000250,2021-09-30,referral
emp_000251,2026-07-01,referral
emp_000252,2023-01-30,university
emp_000253,2026-05-02,referral
emp_000254,2023-08-01,company_site
emp_000255,2022-12-01,conference
emp_000256,2025-10-01,linkedin
emp_000257,2023-12-01,linkedin
emp_000258,2023-10-31,referral
emp_000259,2024-07-01,referral
emp_000260,2023-12-01,company_site
emp_000261,2023-04-01,company_site
emp_000262,2024-10-31,referral
emp_000263,2024-08-31,linkedin
emp_000264,2023-08-01,recruiter
emp_000265,2025-04-01,linkedin
emp_000266,2023-12-01,company_site
emp_000267,2025-05-01,recruiter
emp_000268,2023-10-01,referral
emp_000269,2019-10-01,university
emp_000270,2024-05-01,referral
emp_000271,2024-04-01,linkedin
emp_000272,2024-08-31,recruiter
emp_000273,2024-05-31,recruiter
emp_000274,2025-08-01,referral
emp_000275,2025-05-01,referral
emp_000276,2021-04-01,company_site
emp_000277,2024-10-31,referral
emp_000278,2024-05-01,recruiter
emp_000279,2023-07-02,recruiter
emp_000280,2023-10-01,referral
emp_000281,2023-05-02,recruiter
emp_000282,2025-12-31,company_site
emp_000283,2025-05-01,boomerang
emp_000284,2023-10-01,recruiter
emp_000285,2024-08-31,recruiter
emp_000286,2024-04-01,conference
emp_000287,2024-08-31,linkedin
emp_000288,2023-08-01,referral
emp_000289,2025-05-01,recruiter
emp_000290,2025-04-01,referral
emp_000291,2021-09-30,linkedin
emp_000292,2025-10-31,recruiter
emp_000293,2024-03-01,conference
emp_000294,2023-07-02,linkedin
emp_000295,2023-10-31,recruiter
emp_000296,2023-03-02,recruiter
emp_000297,2023-06-01,linkedin
emp_000298,2023-03-02,referral
emp_000299,2023-08-01,referral
emp_000300,2025-08-01,linkedin
emp_000301,2025-01-30,university
emp_000302,2025-06-01,recruiter
emp_000303,2023-03-02,recruiter
emp_000304,2025-08-31,referral
emp_000305,2024-12-31,linkedin
emp_000306,2023-06-01,referral
emp_000307,2018-12-31,recruiter
emp_000308,2025-10-31,recruiter
emp_000309,2025-06-01,linkedin
emp_000310,2021-01-30,conference
emp_000311,2025-06-01,linkedin
emp_000312,2023-10-01,boomerang
emp_000313,2024-09-30,company_site
emp_000314,2021-05-01,linkedin
emp_000315,2025-08-01,linkedin
emp_000316,2024-09-30,linkedin
emp_000317,2024-09-30,company_site
emp_000318,2019-12-01,conference
emp_000319,2017-10-31,company_site
emp_000320,2025-05-01,boomerang
emp_000321,2023-01-30,referral
emp_000322,2025-03-01,company_site
emp_000323,2024-11-30,referral
emp_000324,2023-06-01,referral
emp_000325,2023-01-30,referral
emp_000326,2024-03-01,referral
emp_000327,2024-03-01,referral
emp_000328,2025-08-01,recruiter
emp_000329,2023-12-31,recruiter
emp_000330,2025-07-01,linkedin
emp_000331,2023-01-30,referral
emp_000332,2021-10-31,linkedin
emp_000333,2023-10-01,referral
emp_000334,2021-09-30,recruiter
emp_000335,2025-03-01,recruiter
emp_000336,2024-12-31,referral
emp_000337,2022-04-01,conference
emp_000338,2022-05-01,company_site
emp_000339,2024-05-01,referral
emp_000340,2026-04-01,referral
emp_000341,2020-07-31,conference
emp_000342,2024-05-01,linkedin
emp_000343,2023-01-30,referral
emp_000344,2018-08-01,recruiter
emp_000345,2023-05-02,referral
emp_000346,2023-09-01,linkedin
emp_000347,2021-09-30,referral
emp_000348,2022-08-01,conference
emp_000349,2022-08-01,referral
emp_000350,2024-04-01,linkedin
emp_000351,2025-06-01,linkedin
emp_000352,2023-04-01,recruiter
emp_000353,2020-05-31,referral
emp_000354,2025-10-31,referral
emp_000355,2023-03-02,company_site
emp_000356,2025-03-01,recruiter
emp_000357,2024-07-01,linkedin
emp_000358,2020-10-31,recruiter
emp_000359,2023-12-01,referral
emp_000360,2024-08-31,referral
emp_000361,2024-12-31,company_site
emp_000362,2023-10-31,boomerang
emp_000363,2023-12-31,company_site
emp_000364,2020-09-30,linkedin
emp_000365,2021-11-30,linkedin
emp_000366,2023-05-02,recruiter
emp_000367,2020-11-30,company_site
emp_000368,2024-05-01,recruiter
emp_000369,2025-11-30,university
emp_000370,2024-09-30,boomerang
emp_000371,2024-01-31,recruiter
emp_000372,2025-08-01,linkedin
emp_000373,2024-11-30,linkedin
emp_000374,2023-09-01,company_site
emp_000375,2023-12-01,linkedin
emp_000376,2023-12-01,linkedin
emp_000377,2022-08-01,linkedin
emp_000378,2022-08-31,recruiter
emp_000379,2024-01-31,linkedin
emp_000380,2024-03-01,referral
emp_000381,2024-04-01,referral
emp_000382,2022-12-31,referral
emp_000383,2021-08-01,linkedin
emp_000384,2024-07-01,boomerang
emp_000385,2021-05-01,referral
emp_000386,2025-10-01,company_site
emp_000387,2018-10-01,linkedin
emp_000388,2024-04-01,company_site
emp_000389,2025-03-01,university
emp_000390,2021-11-30,company_site
emp_000391,2020-10-31,referral
emp_000392,2022-08-31,boomerang
emp_000393,2024-03-01,linkedin
emp_000394,2022-07-01,university
emp_000395,2024-09-30,linkedin
emp_000396,2020-09-30,recruiter
emp_000397,2025-04-01,recruiter
emp_000398,2023-09-01,university
emp_000399,2021-04-01,referral
emp_000400,2024-07-01,company_site
emp_000401,2023-03-02,linkedin
emp_000402,2025-06-01,conference
emp_000403,2024-08-31,company_site
emp_000404,2021-09-30,referral
emp_000405,2023-03-02,referral
emp_000406,2023-04-01,recruiter
emp_000407,2025-06-01,recruiter
emp_000408,2025-01-30,linkedin
emp_000409,2021-01-30,referral
emp_000410,2025-01-30,referral
emp_000411,2024-12-31,referral
emp_000412,2023-06-01,linkedin
emp_000413,2025-07-01,company_site
emp_000414,2025-08-31,recruiter
emp_000415,2025-11-30,referral
emp_000416,2022-04-01,recruiter
emp_000417,2024-03-01,referral
emp_000418,2021-04-01,linkedin
emp_000419,2022-06-01,recruiter
emp_000420,2026-01-30,linkedin
emp_000421,2024-12-31,linkedin
emp_000422,2024-11-30,recruiter
emp_000423,2025-06-01,company_site
emp_000424,2024-01-31,linkedin
emp_000425,2024-09-30,recruiter
emp_000426,2023-06-01,company_site
emp_000427,2021-07-01,conference
emp_000428,2025-12-31,recruiter
emp_000429,2023-07-02,referral
emp_000430,2025-08-31,recruiter
emp_000431,2025-08-31,boomerang
emp_000432,2023-09-01,referral
emp_000433,2022-08-01,referral
emp_000434,2024-07-31,conference
emp_000435,2021-04-01,referral
emp_000436,2022-08-01,linkedin
emp_000437,2023-08-01,referral
emp_000438,2025-11-30,recruiter
emp_000439,2022-08-01,recruiter
emp_000440,2024-08-31,referral
emp_000441,2023-09-01,company_site
emp_000442,2025-03-01,boomerang
emp_000443,2021-11-30,recruiter
emp_000444,2023-05-02,conference
emp_000445,2026-01-30,linkedin
emp_000446,2025-03-01,company_site
emp_000447,2025-05-01,linkedin
emp_000448,2025-03-01,linkedin
emp_000449,2024-10-31,recruiter
emp_000450,2023-05-02,company_site
emp_000451,2025-01-30,recruiter
emp_000452,2024-03-01,linkedin
emp_000453,2022-10-31,linkedin
emp_000454,2024-04-01,conference
emp_000455,2026-01-30,linkedin
emp_000456,2021-08-31,recruiter
emp_000457,2025-08-01,referral
emp_000458,2024-11-30,university
emp_000459,2023-10-01,referral
emp_000460,2019-12-01,recruiter
emp_000461,2025-11-30,referral
emp_000462,2023-08-01,linkedin
emp_000463,2021-12-31,university
emp_000464,2021-01-30,referral
emp_000465,2022-10-01,referral
emp_000466,2023-05-02,referral
emp_000467,2025-11-30,recruiter
emp_000468,2017-03-01,university
emp_000469,2023-01-30,university
emp_000470,2023-06-01,recruiter
emp_000471,2019-10-31,company_site
emp_000472,2025-01-30,referral
emp_000473,2025-04-01,recruiter
emp_000474,2022-08-31,linkedin
emp_000475,2023-09-01,linkedin
emp_000476,2022-03-02,recruiter
emp_000477,2021-10-31,referral
emp_000478,2025-06-01,university
emp_000479,2020-08-31,recruiter
emp_000480,2024-04-01,linkedin
emp_000481,2023-09-01,referral
emp_000482,2021-04-01,linkedin
emp_000483,2025-05-01,recruiter
emp_000484,2021-11-30,referral
emp_000485,2024-11-30,referral
emp_000486,2022-05-01,conference
emp_000487,2022-10-31,recruiter
emp_000488,2021-04-01,referral
emp_000489,2023-08-01,conference
emp_000490,2023-07-02,boomerang
emp_000491,2026-05-02,linkedin
emp_000492,2021-10-31,conference
emp_000493,2026-01-30,recruiter
emp_000494,2023-10-31,company_site
emp_000495,2025-11-30,referral
emp_000496,2024-04-01,university
emp_000497,2021-08-31,recruiter
emp_000498,2024-12-31,referral
emp_000499,2024-05-01,recruiter
emp_000500,2026-06-01,linkedin
emp_000501,2025-08-01,linkedin
emp_000502,2024-10-31,conference
emp_000503,2025-08-01,company_site
emp_000504,2025-07-01,referral
emp_000505,2024-07-01,referral
emp_000506,2024-10-31,linkedin
emp_000507,2025-05-01,recruiter
emp_000508,2022-10-31,linkedin
emp_000509,2023-07-02,referral
emp_000510,2019-12-31,company_site
emp_000511,2022-12-31,linkedin
emp_000512,2024-04-01,recruiter
emp_000513,2026-06-01,referral
emp_000514,2024-08-31,recruiter
emp_000515,2023-04-01,university
emp_000516,2024-07-31,referral
emp_000517,2024-04-01,referral
emp_000518,2024-01-31,recruiter
emp_000519,2026-07-01,referral
emp_000520,2025-08-01,linkedin
emp_000521,2025-10-31,university
emp_000522,2025-04-01,recruiter
emp_000523,2026-04-01,linkedin
emp_000524,2024-05-01,referral
emp_000525,2018-07-01,linkedin
emp_000526,2021-04-01,referral
emp_000527,2019-06-01,referral
emp_000528,2023-06-01,referral
emp_000529,2021-11-30,linkedin
emp_000530,2024-01-31,company_site
emp_000531,2023-06-01,recruiter
emp_000532,2020-10-31,linkedin
emp_000533,2019-10-01,referral
emp_000534,2024-07-01,linkedin
emp_000535,2025-01-30,company_site
emp_000536,2020-05-31,referral
emp_000537,2024-10-31,referral
emp_000538,2018-08-01,boomerang
emp_000539,2019-12-31,linkedin
emp_000540,2025-06-01,linkedin
emp_000541,2026-06-01,linkedin
emp_000542,2023-01-30,company_site
emp_000543,2024-11-30,recruiter
emp_000544,2024-08-31,linkedin
emp_000545,2023-12-01,university
emp_000546,2024-05-01,linkedin
emp_000547,2025-12-31,recruiter
emp_000548,2022-10-31,referral
emp_000549,2022-10-31,referral
emp_000550,2024-10-31,linkedin
emp_000551,2022-05-01,linkedin
emp_000552,2022-01-30,university
emp_000553,2022-12-01,company_site
emp_000554,2023-09-01,company_site
emp_000555,2024-12-31,referral
emp_000556,2025-06-01,company_site
emp_000557,2025-04-01,linkedin
emp_000558,2025-10-01,referral
emp_000559,2023-04-01,university
emp_000560,2024-07-31,recruiter
emp_000561,2022-08-31,referral
emp_000562,2024-10-31,referral
emp_000563,2024-01-31,referral
emp_000564,2023-10-31,university
emp_000565,2022-08-31,linkedin
emp_000566,2024-05-31,referral
emp_000567,2026-05-02,university
emp_000568,2024-04-01,university
emp_000569,2025-10-01,linkedin
emp_000570,2022-01-30,recruiter
emp_000571,2024-10-31,linkedin
emp_000572,2023-04-01,referral
emp_000573,2025-12-31,linkedin
emp_000574,2025-10-31,recruiter
emp_000575,2025-06-01,company_site
emp_000576,2025-11-30,referral
emp_000577,2025-01-30,linkedin
emp_000578,2024-03-01,referral
emp_000579,2024-09-30,linkedin
emp_000580,2025-05-01,recruiter
emp_000581,2025-07-01,recruiter
emp_000582,2025-06-01,recruiter
emp_000583,2020-05-31,recruiter
emp_000584,2024-08-31,linkedin
emp_000585,2022-01-30,recruiter
emp_000586,2025-08-01,linkedin
emp_000587,2021-12-31,referral
emp_000588,2023-03-02,referral
emp_000589,2024-07-01,boomerang
emp_000590,2020-07-31,recruiter
emp_000591,2024-03-01,recruiter
emp_000592,2023-10-01,linkedin
emp_000593,2024-11-30,company_site
emp_000594,2022-10-01,company_site
emp_000595,2023-10-01,university
emp_000596,2024-10-31,company_site
emp_000597,2025-03-01,linkedin
emp_000598,2024-12-31,conference
emp_000599,2026-04-01,referral
emp_000600,2024-05-01,referral
emp_000601,2025-01-30,conference
emp_000602,2022-08-01,referral
emp_000603,2020-10-31,company_site
emp_000604,2020-10-31,linkedin
emp_000605,2024-05-01,university
emp_000606,2023-12-01,referral
emp_000607,2021-10-31,company_site
emp_000608,2024-01-31,linkedin
emp_000609,2020-07-01,university
emp_000610,2016-10-30,linkedin
emp_000611,2025-04-01,recruiter
emp_000612,2021-01-30,recruiter
emp_000613,2024-12-31,recruiter
emp_000614,2026-05-02,university
emp_000615,2021-08-01,referral
emp_000616,2022-01-30,referral
emp_000617,2025-11-30,university
emp_000618,2025-08-01,company_site
emp_000619,2025-06-01,conference
emp_000620,2024-09-30,linkedin
emp_000621,2024-03-01,company_site
emp_000622,2023-10-01,referral
emp_000623,2024-10-31,recruiter
emp_000624,2023-05-02,conference
emp_000625,2023-10-31,company_site
emp_000626,2024-08-31,linkedin
emp_000627,2023-04-01,linkedin
emp_000628,2025-10-31,linkedin
emp_000629,2023-08-01,linkedin
emp_000630,2019-12-31,company_site
emp_000631,2024-08-31,referral
emp_000632,2025-08-01,linkedin
emp_000633,2025-12-31,referral
emp_000634,2024-08-31,linkedin
emp_000635,2022-10-01,referral
emp_000636,2025-10-31,company_site
emp_000637,2020-07-31,company_site
emp_000638,2025-06-01,company_site
emp_000639,2023-06-01,recruiter
emp_000640,2023-10-01,conference
emp_000641,2022-08-31,referral
emp_000642,2024-11-30,recruiter
emp_000643,2025-08-31,linkedin
emp_000644,2024-01-31,recruiter
emp_000645,2024-08-31,referral
emp_000646,2023-01-30,linkedin
emp_000647,2024-10-31,referral
emp_000648,2019-12-31,recruiter
emp_000649,2024-07-01,linkedin
emp_000650,2020-09-30,recruiter
emp_000651,2026-03-02,linkedin
emp_000652,2025-06-01,recruiter
emp_000653,2025-08-31,linkedin
emp_000654,2023-07-02,boomerang
emp_000655,2020-09-30,referral
emp_000656,2024-07-31,recruiter
emp_000657,2023-03-02,university
emp_000658,2024-05-01,recruiter
emp_000659,2024-10-31,linkedin
emp_000660,2024-12-31,linkedin
emp_000661,2025-06-01,referral
emp_000662,2024-07-31,linkedin
emp_000663,2023-03-02,university
emp_000664,2024-05-31,university
emp_000665,2025-08-31,company_site
emp_000666,2024-09-30,linkedin
emp_000667,2019-08-31,recruiter
emp_000668,2025-05-01,recruiter
emp_000669,2025-04-01,referral
emp_000670,2025-04-01,referral
emp_000671,2022-08-01,linkedin
emp_000672,2023-12-31,company_site
emp_000673,2022-04-01,linkedin
emp_000674,2021-06-01,linkedin
emp_000675,2024-12-31,company_site
emp_000676,2021-07-01,university
emp_000677,2023-04-01,recruiter
emp_000678,2025-01-30,referral
emp_000679,2020-09-30,linkedin
emp_000680,2021-09-30,referral
emp_000681,2020-11-30,referral
emp_000682,2024-05-31,boomerang
emp_000683,2020-05-31,referral
emp_000684,2023-09-01,recruiter
emp_000685,2021-05-01,linkedin
emp_000686,2022-01-30,university
emp_000687,2012-05-31,company_site
emp_000688,2015-07-01,recruiter
emp_000689,2023-03-02,linkedin
emp_000690,2022-05-01,recruiter
emp_000691,2022-04-01,linkedin
emp_000692,2025-04-01,linkedin
emp_000693,2024-07-01,recruiter
emp_000694,2011-01-30,conference
emp_000695,2023-10-31,boomerang
emp_000696,2023-03-02,boomerang
emp_000697,2019-12-31,recruiter
emp_000698,2021-04-01,referral
emp_000699,2024-05-31,referral
emp_000700,2024-12-31,referral
emp_000701,2023-12-31,recruiter
emp_000702,2022-10-01,linkedin
emp_000703,2023-08-01,referral
emp_000704,2024-07-01,linkedin
emp_000705,2017-07-01,recruiter
emp_000706,2023-12-01,recruiter
emp_000707,2023-12-01,recruiter
emp_000708,2024-01-31,boomerang
emp_000709,2023-06-01,linkedin
emp_000710,2025-04-01,company_site
emp_000711,2024-10-31,recruiter
emp_000712,2023-06-01,referral
emp_000713,2025-07-01,linkedin
emp_000714,2023-10-01,company_site
emp_000715,2024-08-31,boomerang
emp_000716,2024-08-31,recruiter
emp_000717,2024-05-31,recruiter
emp_000718,2018-07-01,conference
emp_000719,2023-03-02,boomerang
emp_000720,2024-07-31,boomerang
emp_000721,2023-09-01,linkedin
emp_000722,2024-01-31,linkedin
emp_000723,2025-10-31,company_site
emp_000724,2023-07-02,referral
emp_000725,2021-04-01,recruiter
emp_000726,2023-08-01,boomerang
emp_000727,2025-07-01,referral
emp_000728,2025-03-01,company_site
emp_000729,2021-04-01,recruiter
emp_000730,2023-05-02,linkedin
emp_000731,2024-09-30,referral
emp_000732,2025-06-01,recruiter
emp_000733,2025-01-30,boomerang
emp_000734,2021-09-30,referral
emp_000735,2023-08-01,linkedin
emp_000736,2026-07-01,referral
emp_000737,2025-11-30,recruiter
emp_000738,2025-03-01,recruiter
emp_000739,2021-05-01,boomerang
emp_000740,2025-07-01,company_site
emp_000741,2025-10-31,referral
emp_000742,2025-11-30,referral
emp_000743,2026-06-01,referral
emp_000744,2025-03-01,company_site
emp_000745,2024-10-31,boomerang
emp_000746,2025-11-30,referral
emp_000747,2024-09-30,company_site
emp_000748,2023-01-30,recruiter
emp_000749,2024-04-01,recruiter
emp_000750,2025-08-01,conference
emp_000751,2021-05-01,university
emp_000752,2024-04-01,linkedin
emp_000753,2024-08-31,recruiter
emp_000754,2024-05-31,linkedin
emp_000755,2024-12-31,recruiter
emp_000756,2023-03-02,linkedin
emp_000757,2025-08-01,linkedin
emp_000758,2018-05-01,recruiter
emp_000759,2025-10-31,recruiter
emp_000760,2025-03-01,referral
emp_000761,2025-05-01,company_site
emp_000762,2016-05-01,recruiter
emp_000763,2023-03-02,referral
emp_000764,2022-03-02,company_site
emp_000765,2022-05-01,company_site
emp_000766,2023-06-01,referral
emp_000767,2022-01-30,referral
emp_000768,2025-07-01,linkedin
emp_000769,2025-01-30,referral
emp_000770,2025-08-31,referral
emp_000771,2021-08-31,company_site
emp_000772,2024-10-31,referral
emp_000773,2023-01-30,linkedin
emp_000774,2022-12-01,referral
emp_000775,2020-01-31,recruiter
emp_000776,2025-07-01,referral
emp_000777,2026-07-01,company_site
emp_000778,2022-10-31,recruiter
emp_000779,2022-08-01,recruiter
emp_000780,2022-12-01,recruiter
emp_000781,2024-03-01,referral
emp_000782,2026-03-02,recruiter
emp_000783,2024-03-01,linkedin
emp_000784,2024-05-01,linkedin
emp_000785,2024-03-01,recruiter
emp_000786,2025-01-30,company_site
emp_000787,2025-11-30,recruiter
emp_000788,2024-05-31,linkedin
emp_000789,2018-03-01,linkedin
emp_000790,2024-01-31,conference
emp_000791,2022-12-31,recruiter
emp_000792,2024-01-31,conference
emp_000793,2026-07-01,university
emp_000794,2025-08-01,company_site
emp_000795,2024-12-31,linkedin
emp_000796,2022-03-02,linkedin
emp_000797,2025-01-30,linkedin
emp_000798,2023-05-02,university
emp_000799,2025-06-01,boomerang
emp_000800,2023-07-02,boomerang
emp_000801,2024-05-31,company_site
emp_000802,2020-09-30,company_site
emp_000803,2018-01-30,referral
emp_000804,2023-10-31,linkedin
emp_000805,2024-07-31,company_site
emp_000806,2022-03-02,linkedin
emp_000807,2024-01-31,linkedin
emp_000808,2023-03-02,linkedin
emp_000809,2019-10-31,referral
emp_000810,2024-03-01,linkedin
emp_000811,2023-10-01,linkedin
emp_000812,2024-10-31,conference
emp_000813,2021-05-01,linkedin
emp_000814,2024-11-30,recruiter
emp_000815,2023-08-01,referral
emp_000816,2020-12-30,recruiter
emp_000817,2025-06-01,referral
emp_000818,2023-05-02,linkedin
emp_000819,2023-12-01,linkedin
emp_000820,2024-12-31,recruiter
emp_000821,2024-07-31,recruiter
emp_000822,2021-05-01,company_site
emp_000823,2022-12-31,recruiter
emp_000824,2023-09-01,linkedin
emp_000825,2024-10-31,referral
emp_000826,2024-03-01,company_site
emp_000827,2022-12-31,company_site
emp_000828,2024-01-31,recruiter
emp_000829,2020-05-31,recruiter
emp_000830,2023-05-02,referral
emp_000831,2022-10-01,recruiter
emp_000832,2024-10-31,referral
emp_000833,2024-07-01,referral
emp_000834,2010-07-01,conference
emp_000835,2025-04-01,referral
emp_000836,2023-09-01,company_site
emp_000837,2025-04-01,boomerang
emp_000838,2025-07-01,recruiter
emp_000839,2025-12-31,university
emp_000840,2022-10-01,referral
emp_000841,2024-10-31,recruiter
emp_000842,2025-05-01,referral
emp_000843,2024-12-31,referral
emp_000844,2015-12-31,linkedin
emp_000845,2025-05-01,linkedin
emp_000846,2019-07-02,referral
emp_000847,2023-04-01,referral
emp_000848,2022-08-31,company_site
emp_000849,2024-01-31,boomerang
emp_000850,2022-10-01,referral
emp_000851,2025-08-31,recruiter
emp_000852,2023-09-01,linkedin
emp_000853,2024-09-30,referral
emp_000854,2019-10-01,referral
emp_000855,2024-01-31,recruiter
emp_000856,2023-01-30,referral
emp_000857,2022-12-31,referral
emp_000858,2024-05-01,boomerang
emp_000859,2023-06-01,linkedin
emp_000860,2023-12-01,company_site
emp_000861,2024-03-01,referral
emp_000862,2025-03-01,linkedin
emp_000863,2022-03-02,recruiter
emp_000864,2021-09-30,referral
emp_000865,2023-05-02,university
emp_000866,2020-12-30,referral
emp_000867,2024-03-01,conference
emp_000868,2023-10-01,linkedin
emp_000869,2023-10-31,recruiter
emp_000870,2022-12-31,recruiter
emp_000871,2021-01-30,linkedin
emp_000872,2023-12-01,company_site
emp_000873,2020-05-31,linkedin
emp_000874,2024-01-31,recruiter
emp_000875,2025-04-01,referral
emp_000876,2025-03-01,recruiter
emp_000877,2024-03-01,company_site
emp_000878,2022-12-01,referral
emp_000879,2025-08-31,linkedin
emp_000880,2020-11-30,linkedin
emp_000881,2023-09-01,linkedin
emp_000882,2017-05-01,company_site
emp_000883,2024-05-31,linkedin
emp_000884,2025-08-01,recruiter
emp_000885,2019-01-30,conference
emp_000886,2024-07-31,referral
emp_000887,2024-05-01,recruiter
emp_000888,2022-01-30,company_site
emp_000889,2025-03-01,recruiter
emp_000890,2024-12-31,university
emp_000891,2024-04-01,recruiter
emp_000892,2020-07-31,recruiter
emp_000893,2022-06-01,conference
emp_000894,2022-06-01,referral
emp_000895,2023-10-01,company_site
emp_000896,2024-11-30,conference
emp_000897,2023-04-01,company_site
emp_000898,2025-08-31,linkedin
emp_000899,2026-01-30,referral
emp_000900,2020-12-30,university
emp_000901,2024-11-30,recruiter
emp_000902,2023-01-30,recruiter
emp_000903,2024-01-31,recruiter
emp_000904,2025-08-31,linkedin
emp_000905,2023-03-02,university
emp_000906,2023-07-02,conference
emp_000907,2025-08-01,referral
emp_000908,2023-06-01,linkedin
emp_000909,2025-07-01,referral
emp_000910,2023-12-01,recruiter
emp_000911,2026-01-30,linkedin
emp_000912,2020-08-31,linkedin
emp_000913,2024-07-01,boomerang
emp_000914,2025-01-30,referral
emp_000915,2026-01-30,recruiter
emp_000916,2022-07-01,referral
emp_000917,2025-04-01,referral
emp_000918,2022-01-30,university
emp_000919,2024-07-01,referral
emp_000920,2024-09-30,referral
emp_000921,2025-10-01,linkedin
emp_000922,2022-08-31,recruiter
emp_000923,2024-04-01,linkedin
emp_000924,2022-07-01,recruiter
emp_000925,2016-09-30,linkedin
emp_000926,2018-11-30,university
emp_000927,2023-12-31,university
emp_000928,2025-10-01,referral
emp_000929,2020-08-31,linkedin
emp_000930,2024-04-01,recruiter
emp_000931,2022-04-01,recruiter
emp_000932,2021-12-31,referral
emp_000933,2023-05-02,linkedin
emp_000934,2025-06-01,linkedin
emp_000935,2020-05-01,company_site
emp_000936,2024-03-01,linkedin
emp_000937,2024-12-31,company_site
emp_000938,2024-10-31,referral
emp_000939,2020-09-30,company_site
emp_000940,2024-11-30,linkedin
emp_000941,2025-04-01,linkedin
emp_000942,2025-10-01,referral
emp_000943,2025-05-01,linkedin
emp_000944,2017-06-01,recruiter
emp_000945,2024-11-30,university
emp_000946,2025-11-30,linkedin
emp_000947,2025-11-30,referral
emp_000948,2011-07-01,recruiter
emp_000949,2020-10-31,company_site
emp_000950,2021-08-31,boomerang
emp_000951,2014-08-01,referral
emp_000952,2023-04-01,company_site
emp_000953,2020-11-30,conference
emp_000954,2023-04-01,boomerang
emp_000955,2023-04-01,linkedin
emp_000956,2022-08-01,referral
emp_000957,2024-09-30,company_site
emp_000958,2021-07-01,linkedin
emp_000959,2021-10-31,linkedin
emp_000960,2020-07-31,linkedin
emp_000961,2022-01-30,linkedin
emp_000962,2025-08-01,linkedin
emp_000963,2024-09-30,referral
emp_000964,2026-01-30,company_site
emp_000965,2024-11-30,referral
emp_000966,2022-07-01,referral
emp_000967,2026-04-01,linkedin
emp_000968,2021-04-01,referral
emp_000969,2021-11-30,recruiter
emp_000970,2023-12-31,referral
emp_000971,2023-01-30,university
emp_000972,2024-11-30,linkedin
emp_000973,2019-10-31,boomerang
emp_000974,2024-08-31,company_site
emp_000975,2024-07-01,linkedin
emp_000976,2025-05-01,referral
emp_000977,2025-05-01,linkedin
emp_000978,2023-07-02,company_site
emp_000979,2024-07-31,linkedin
emp_000980,2017-07-31,referral
emp_000981,2023-10-01,referral
emp_000982,2023-10-31,referral
emp_000983,2024-05-31,company_site
emp_000984,2020-01-31,company_site
emp_000985,2025-08-01,referral
emp_000986,2017-07-31,conference
emp_000987,2023-12-01,linkedin
emp_000988,2026-01-30,recruiter
emp_000989,2025-04-01,referral
emp_000990,2025-06-01,company_site
emp_000991,2025-01-30,referral
emp_000992,2025-07-01,recruiter
emp_000993,2024-07-31,referral
emp_000994,2025-10-01,referral
emp_000995,2024-01-31,university
emp_000996,2025-06-01,company_site
emp_000997,2024-07-31,referral
emp_000998,2024-04-01,recruiter
emp_000999,2025-07-01,referral
emp_001000,2025-07-01,recruiter
emp_001001,2024-08-31,referral
emp_001002,2024-01-31,linkedin
emp_001003,2021-12-31,company_site
emp_001004,2022-08-01,recruiter
emp_001005,2021-11-30,recruiter
emp_001006,2023-06-01,company_site
emp_001007,2024-01-31,referral
emp_001008,2026-06-01,linkedin
emp_001009,2025-12-31,referral
emp_001010,2018-10-01,recruiter
emp_001011,2025-05-01,company_site
emp_001012,2023-12-31,company_site
emp_001013,2023-10-01,company_site
emp_001014,2025-10-01,linkedin
emp_001015,2022-07-01,referral
emp_001016,2021-06-01,company_site
emp_001017,2024-10-31,linkedin
emp_001018,2018-10-31,linkedin
emp_001019,2023-03-02,referral
emp_001020,2021-01-30,linkedin
emp_001021,2024-07-31,linkedin
emp_001022,2025-04-01,recruiter
emp_001023,2023-10-31,linkedin
emp_001024,2023-01-30,recruiter
emp_001025,2022-05-01,linkedin
emp_001026,2025-03-01,linkedin
emp_001027,2024-11-30,linkedin
emp_001028,2023-08-01,boomerang
emp_001029,2024-09-30,referral
emp_001030,2021-08-31,linkedin
emp_001031,2023-12-01,referral
emp_001032,2023-12-31,linkedin
emp_001033,2023-03-02,referral
emp_001034,2020-05-01,recruiter
emp_001035,2024-03-01,linkedin
emp_001036,2023-01-30,boomerang
emp_001037,2023-05-02,university
emp_001038,2025-03-01,linkedin
emp_001039,2025-04-01,referral
emp_001040,2022-03-02,conference
emp_001041,2022-12-31,linkedin
emp_001042,2024-05-31,referral
emp_001043,2024-03-01,linkedin
emp_001044,2024-07-01,referral
emp_001045,2025-08-31,referral
emp_001046,2022-08-31,referral
emp_001047,2022-08-31,boomerang
emp_001048,2023-03-02,company_site
emp_001049,2021-08-31,linkedin
emp_001050,2024-07-31,referral
emp_001051,2024-05-01,referral
emp_001052,2023-03-02,referral
emp_001053,2023-10-01,recruiter
emp_001054,2025-05-01,recruiter
emp_001055,2024-01-31,referral
emp_001056,2023-09-01,referral
emp_001057,2023-10-31,company_site
emp_001058,2026-07-01,linkedin
emp_001059,2022-10-31,company_site
emp_001060,2024-05-31,referral
emp_001061,2023-05-02,referral
emp_001062,2023-09-01,referral
emp_001063,2024-09-30,company_site
emp_001064,2023-05-02,company_site
emp_001065,2023-12-01,company_site
emp_001066,2025-08-31,recruiter
emp_001067,2023-10-01,referral
emp_001068,2025-03-01,referral
emp_001069,2024-10-31,referral
emp_001070,2023-05-02,referral
emp_001071,2024-03-01,company_site
emp_001072,2025-07-01,referral
emp_001073,2026-06-01,company_site
emp_001074,2024-09-30,linkedin
emp_001075,2025-06-01,linkedin
emp_001076,2021-12-31,referral
emp_001077,2025-04-01,linkedin
emp_001078,2026-03-02,university
emp_001079,2020-05-31,referral
emp_001080,2024-10-31,recruiter
emp_001081,2025-06-01,university
emp_001082,2024-11-30,conference
emp_001083,2025-10-31,company_site
emp_001084,2024-01-31,conference
emp_001085,2025-10-31,referral
emp_001086,2023-07-02,recruiter
emp_001087,2024-10-31,recruiter
emp_001088,2024-04-01,university
emp_001089,2022-10-31,referral
emp_001090,2023-10-01,recruiter
emp_001091,2023-08-01,referral
emp_001092,2022-03-02,linkedin
emp_001093,2021-10-31,university
emp_001094,2019-10-01,recruiter
emp_001095,2023-05-02,linkedin
emp_001096,2025-08-01,linkedin
emp_001097,2025-04-01,linkedin
emp_001098,2025-08-01,company_site
emp_001099,2024-07-01,referral
emp_001100,2024-09-30,referral
emp_001101,2026-01-30,linkedin
emp_001102,2019-12-31,linkedin
emp_001103,2023-09-01,referral
emp_001104,2024-08-31,company_site
emp_001105,2026-01-30,linkedin
emp_001106,2022-12-31,recruiter
emp_001107,2017-08-31,company_site
emp_001108,2024-08-31,linkedin
emp_001109,2023-10-31,recruiter
emp_001110,2022-08-01,company_site
emp_001111,2025-06-01,recruiter
emp_001112,2025-08-31,recruiter
emp_001113,2025-10-01,recruiter
emp_001114,2022-12-01,boomerang
emp_001115,2024-04-01,referral
emp_001116,2024-04-01,conference
emp_001117,2022-12-31,referral
emp_001118,2021-11-30,referral
emp_001119,2021-05-01,boomerang
emp_001120,2025-06-01,linkedin
emp_001121,2025-10-01,recruiter
emp_001122,2024-10-31,referral
emp_001123,2024-08-31,boomerang
emp_001124,2024-12-31,referral
emp_001125,2024-05-31,referral
emp_001126,2026-03-02,conference
emp_001127,2023-08-01,university
emp_001128,2021-09-30,linkedin
emp_001129,2021-06-01,linkedin
emp_001130,2026-06-01,referral
emp_001131,2023-03-02,recruiter
emp_001132,2022-10-01,recruiter
emp_001133,2023-12-01,linkedin
emp_001134,2023-05-02,company_site
emp_001135,2023-10-31,company_site
emp_001136,2024-10-31,referral
emp_001137,2024-11-30,linkedin
emp_001138,2023-12-01,referral
emp_001139,2024-03-01,linkedin
emp_001140,2023-03-02,referral
emp_001141,2025-01-30,referral
emp_001142,2024-10-31,company_site
emp_001143,2025-06-01,referral
emp_001144,2021-08-31,referral
emp_001145,2021-08-01,recruiter
emp_001146,2025-01-30,linkedin
emp_001147,2023-01-30,linkedin
emp_001148,2023-04-01,recruiter
emp_001149,2022-12-01,referral
emp_001150,2023-12-31,linkedin
emp_001151,2024-11-30,recruiter
emp_001152,2024-09-30,university
emp_001153,2023-04-01,linkedin
emp_001154,2023-06-01,referral
emp_001155,2013-10-31,company_site
emp_001156,2023-09-01,recruiter
emp_001157,2024-07-31,company_site
emp_001158,2022-08-31,referral
emp_001159,2024-05-01,linkedin
emp_001160,2026-07-01,university
emp_001161,2023-01-30,recruiter
emp_001162,2024-05-31,referral
emp_001163,2025-03-01,university
emp_001164,2025-12-31,recruiter
emp_001165,2020-10-31,recruiter
emp_001166,2024-07-01,recruiter
emp_001167,2025-06-01,linkedin
emp_001168,2024-12-31,referral
emp_001169,2025-08-01,linkedin
emp_001170,2024-11-30,recruiter
emp_001171,2021-01-30,referral
emp_001172,2025-04-01,recruiter
emp_001173,2020-05-01,referral
emp_001174,2026-06-01,linkedin
emp_001175,2026-04-01,referral
emp_001176,2017-05-01,referral
emp_001177,2024-08-31,referral
emp_001178,2025-10-01,linkedin
emp_001179,2022-12-01,recruiter
emp_001180,2022-08-01,referral
emp_001181,2026-01-30,recruiter
emp_001182,2025-03-01,referral
emp_001183,2024-03-01,company_site
emp_001184,2023-10-31,recruiter
emp_001185,2024-08-31,boomerang
emp_001186,2021-01-30,referral
emp_001187,2023-09-01,referral
emp_001188,2025-08-31,company_site
emp_001189,2022-12-01,referral
emp_001190,2020-11-30,referral
emp_001191,2023-01-30,referral
emp_001192,2024-03-01,company_site
emp_001193,2021-09-30,recruiter
emp_001194,2023-10-31,recruiter
emp_001195,2024-04-01,referral
emp_001196,2024-04-01,company_site
emp_001197,2022-04-01,recruiter
emp_001198,2025-04-01,university
emp_001199,2021-07-01,referral
emp_001200,2025-11-30,referral
emp_001201,2023-12-31,recruiter
emp_001202,2025-10-31,recruiter
emp_001203,2024-05-01,referral
emp_001204,2022-10-31,company_site
emp_001205,2024-07-01,referral
emp_001206,2025-01-30,university
emp_001207,2022-12-31,recruiter
emp_001208,2024-03-01,recruiter
emp_001209,2024-05-31,conference
emp_001210,2026-01-30,company_site
emp_001211,2025-11-30,company_site
emp_001212,2024-11-30,recruiter
emp_001213,2020-10-31,referral
emp_001214,2021-05-01,referral
emp_001215,2025-01-30,company_site
emp_001216,2024-03-01,recruiter
emp_001217,2022-12-31,referral
emp_001218,2024-05-01,conference
emp_001219,2025-06-01,company_site
emp_001220,2014-06-01,company_site
emp_001221,2025-08-01,recruiter
emp_001222,2022-12-31,linkedin
emp_001223,2021-08-31,referral
emp_001224,2024-09-30,recruiter
emp_001225,2023-01-30,referral
emp_001226,2023-12-01,recruiter
emp_001227,2021-03-01,company_site
emp_001228,2024-09-30,linkedin
emp_001229,2022-12-31,company_site
emp_001230,2025-07-01,referral
emp_001231,2023-12-31,referral
emp_001232,2021-06-01,conference
emp_001233,2022-05-01,linkedin
emp_001234,2022-03-02,recruiter
emp_001235,2025-10-01,recruiter
emp_001236,2024-05-31,recruiter
emp_001237,2025-08-01,recruiter
emp_001238,2024-09-30,company_site
emp_001239,2022-06-01,referral
emp_001240,2019-10-31,linkedin
emp_001241,2024-10-31,referral
emp_001242,2020-01-31,referral
emp_001243,2021-11-30,recruiter
emp_001244,2025-01-30,linkedin
emp_001245,2023-07-02,university
emp_001246,2021-04-01,linkedin
emp_001247,2023-08-01,linkedin
emp_001248,2022-10-01,referral
emp_001249,2025-01-30,linkedin
emp_001250,2024-05-31,recruiter
emp_001251,2021-08-31,linkedin
emp_001252,2024-03-01,linkedin
emp_001253,2025-03-01,referral
emp_001254,2025-04-01,referral
emp_001255,2023-07-02,university
emp_001256,2022-08-01,linkedin
emp_001257,2022-05-01,recruiter
emp_001258,2025-06-01,recruiter
emp_001259,2022-03-02,referral
emp_001260,2023-01-30,linkedin
emp_001261,2024-07-01,linkedin
emp_001262,2025-10-31,company_site
emp_001263,2024-10-31,recruiter
emp_001264,2025-11-30,company_site
emp_001265,2024-07-31,conference
emp_001266,2020-05-01,university
emp_001267,2023-12-31,referral
emp_001268,2024-12-31,company_site
emp_001269,2024-10-31,referral
emp_001270,2025-10-31,recruiter
emp_001271,2024-08-31,referral
emp_001272,2023-10-31,linkedin
emp_001273,2023-03-02,boomerang
emp_001274,2024-07-31,referral
emp_001275,2024-04-01,company_site
emp_001276,2024-03-01,referral
emp_001277,2024-01-31,recruiter
emp_001278,2025-08-31,recruiter
emp_001279,2024-11-30,conference
emp_001280,2025-10-31,recruiter
emp_001281,2023-12-31,referral
emp_001282,2018-08-01,recruiter
emp_001283,2025-07-01,recruiter
emp_001284,2021-05-01,recruiter
emp_001285,2025-01-30,university
emp_001286,2026-01-30,company_site
emp_001287,2022-10-31,referral
emp_001288,2021-09-30,conference
emp_001289,2020-08-31,linkedin
emp_001290,2018-03-01,linkedin
emp_001291,2025-06-01,linkedin
emp_001292,2022-07-01,linkedin
emp_001293,2022-05-01,company_site
emp_001294,2024-05-31,conference
emp_001295,2024-07-01,linkedin
emp_001296,2024-10-31,linkedin
emp_001297,2023-12-31,university
emp_001298,2023-09-01,linkedin
emp_001299,2025-06-01,university
emp_001300,2024-03-01,referral
emp_001301,2025-08-01,recruiter
emp_001302,2024-07-31,linkedin
emp_001303,2025-11-30,recruiter
emp_001304,2022-07-01,linkedin
emp_001305,2023-09-01,linkedin
emp_001306,2026-04-01,university
emp_001307,2025-04-01,recruiter
emp_001308,2024-11-30,referral
emp_001309,2022-05-01,referral
emp_001310,2024-05-31,boomerang
emp_001311,2022-12-31,recruiter
emp_001312,2019-04-01,linkedin
emp_001313,2023-10-31,referral
emp_001314,2025-08-01,linkedin
emp_001315,2025-08-01,university
emp_001316,2024-05-01,referral
emp_001317,2025-03-01,linkedin
emp_001318,2024-12-31,linkedin
emp_001319,2023-10-01,linkedin
emp_001320,2024-03-01,linkedin
emp_001321,2024-05-31,recruiter
emp_001322,2019-10-01,referral
emp_001323,2022-08-31,university
emp_001324,2024-05-31,referral
emp_001325,2024-08-31,conference
emp_001326,2021-05-01,referral
emp_001327,2023-08-01,recruiter
emp_001328,2020-07-31,linkedin
emp_001329,2025-05-01,referral
emp_001330,2022-08-01,referral
emp_001331,2024-11-30,recruiter
emp_001332,2025-08-01,linkedin
emp_001333,2024-05-01,university
emp_001334,2024-10-31,referral
emp_001335,2019-10-01,company_site
emp_001336,2025-08-31,conference
emp_001337,2024-11-30,referral
emp_001338,2023-03-02,conference
emp_001339,2024-07-01,university
emp_001340,2023-12-01,recruiter
emp_001341,2024-03-01,recruiter
emp_001342,2025-04-01,company_site
emp_001343,2023-08-01,recruiter
emp_001344,2021-05-01,university
emp_001345,2024-11-30,referral
emp_001346,2020-07-01,referral
emp_001347,2024-08-31,linkedin
emp_001348,2022-01-30,referral
emp_001349,2024-05-31,company_site
emp_001350,2025-06-01,recruiter
emp_001351,2023-08-01,linkedin
emp_001352,2025-04-01,referral
emp_001353,2023-12-31,recruiter
emp_001354,2025-03-01,linkedin
emp_001355,2023-12-01,linkedin
emp_001356,2021-11-30,conference
emp_001357,2019-10-01,recruiter
emp_001358,2024-04-01,university
emp_001359,2025-08-01,university
emp_001360,2025-03-01,conference
emp_001361,2022-10-01,conference
emp_001362,2019-04-01,recruiter
emp_001363,2023-07-02,referral
emp_001364,2025-05-01,linkedin
emp_001365,2022-06-01,boomerang
emp_001366,2025-03-01,company_site
emp_001367,2026-01-30,boomerang
emp_001368,2026-01-30,recruiter
emp_001369,2021-05-01,referral
emp_001370,2020-11-30,recruiter
emp_001371,2024-07-31,referral
emp_001372,2024-05-01,linkedin
emp_001373,2024-07-31,recruiter
emp_001374,2025-12-31,linkedin
emp_001375,2022-03-02,linkedin
emp_001376,2023-09-01,referral
emp_001377,2022-06-01,university
emp_001378,2020-08-31,company_site
emp_001379,2024-04-01,company_site
emp_001380,2024-01-31,linkedin
emp_001381,2021-06-01,recruiter
emp_001382,2022-12-31,referral
emp_001383,2026-01-30,referral
emp_001384,2024-11-30,recruiter
emp_001385,2024-11-30,university
emp_001386,2026-06-01,company_site
emp_001387,2025-01-30,referral
emp_001388,2025-05-01,company_site
emp_001389,2024-12-31,conference
emp_001390,2021-05-01,recruiter
emp_001391,2023-03-02,university
emp_001392,2025-03-01,company_site
emp_001393,2023-08-01,linkedin
emp_001394,2024-07-01,recruiter
emp_001395,2025-05-01,linkedin
emp_001396,2021-09-30,linkedin
emp_001397,2022-10-01,referral
emp_001398,2024-07-01,company_site
emp_001399,2023-09-01,referral
emp_001400,2024-10-31,referral
emp_001401,2022-12-31,referral
emp_001402,2024-09-30,recruiter
emp_001403,2024-04-01,referral
emp_001404,2024-05-31,university
emp_001405,2024-11-30,referral
emp_001406,2022-01-30,referral
emp_001407,2025-12-31,referral
emp_001408,2024-09-30,referral
emp_001409,2024-04-01,boomerang
emp_001410,2024-10-31,linkedin
emp_001411,2023-07-02,company_site
emp_001412,2023-08-01,referral
emp_001413,2024-07-01,linkedin
emp_001414,2019-07-02,referral
emp_001415,2022-07-01,recruiter
emp_001416,2024-09-30,recruiter
emp_001417,2021-09-30,referral
emp_001418,2025-04-01,university
emp_001419,2025-08-01,referral
emp_001420,2025-12-31,linkedin
emp_001421,2023-12-01,company_site
emp_001422,2022-10-31,linkedin
emp_001423,2025-01-30,recruiter
emp_001424,2025-08-31,university
emp_001425,2020-12-30,company_site
emp_001426,2026-07-01,recruiter
emp_001427,2023-09-01,recruiter
emp_001428,2026-01-30,referral
emp_001429,2025-12-31,linkedin
emp_001430,2023-12-01,recruiter
emp_001431,2022-10-01,referral
emp_001432,2025-03-01,recruiter
emp_001433,2021-04-01,university
emp_001434,2023-01-30,referral
emp_001435,2024-03-01,linkedin
emp_001436,2025-01-30,linkedin
emp_001437,2021-04-01,recruiter
emp_001438,2022-04-01,linkedin
emp_001439,2025-04-01,recruiter
emp_001440,2024-12-31,referral
emp_001441,2024-12-31,linkedin
emp_001442,2016-01-30,recruiter
emp_001443,2024-07-01,referral
emp_001444,2024-04-01,university
emp_001445,2024-11-30,linkedin
emp_001446,2023-06-01,linkedin
emp_001447,2019-03-02,linkedin
emp_001448,2022-07-01,referral
emp_001449,2022-10-31,boomerang
emp_001450,2022-08-01,linkedin
emp_001451,2025-10-31,recruiter
emp_001452,2025-06-01,linkedin
emp_001453,2025-05-01,referral
emp_001454,2024-04-01,linkedin
emp_001455,2025-10-31,linkedin
emp_001456,2024-07-31,referral
emp_001457,2022-12-31,referral
emp_001458,2022-08-01,referral
emp_001459,2020-01-31,referral
emp_001460,2023-05-02,company_site
emp_001461,2023-07-02,conference
emp_001462,2025-08-01,referral
emp_001463,2024-08-31,company_site
emp_001464,2021-07-01,company_site
emp_001465,2024-07-31,recruiter
emp_001466,2024-05-31,recruiter
emp_001467,2021-03-01,recruiter
emp_001468,2024-03-01,company_site
emp_001469,2025-08-01,company_site
emp_001470,2024-12-31,recruiter
emp_001471,2023-06-01,referral
emp_001472,2022-04-01,linkedin
emp_001473,2024-05-01,company_site
emp_001474,2023-05-02,linkedin
emp_001475,2025-08-31,university
emp_001476,2023-09-01,referral
emp_001477,2024-07-31,linkedin
emp_001478,2022-07-01,company_site
emp_001479,2019-04-01,referral
emp_001480,2023-08-01,recruiter
emp_001481,2021-07-01,linkedin
emp_001482,2024-04-01,conference
emp_001483,2022-03-02,recruiter
emp_001484,2026-07-01,referral
emp_001485,2022-08-01,recruiter
emp_001486,2022-10-01,recruiter
emp_001487,2023-04-01,company_site
emp_001488,2023-07-02,university
emp_001489,2021-03-01,referral
emp_001490,2023-05-02,company_site
emp_001491,2024-04-01,recruiter
emp_001492,2022-12-01,recruiter
emp_001493,2020-07-01,linkedin
emp_001494,2023-09-01,conference
emp_001495,2025-07-01,recruiter
emp_001496,2019-12-31,linkedin
emp_001497,2024-01-31,university
emp_001498,2025-05-01,university
emp_001499,2023-12-01,company_site
emp_001500,2024-05-01,recruiter
emp_001501,2022-08-01,recruiter
emp_001502,2021-08-01,linkedin
emp_001503,2023-03-02,company_site
emp_001504,2023-10-31,referral
emp_001505,2024-11-30,linkedin
emp_001506,2024-05-31,referral
emp_001507,2024-07-01,recruiter
emp_001508,2024-07-31,referral
emp_001509,2023-10-01,linkedin
emp_001510,2025-05-01,recruiter
emp_001511,2024-05-31,referral
emp_001512,2024-01-31,recruiter
emp_001513,2024-03-01,company_site
emp_001514,2024-01-31,recruiter
emp_001515,2025-08-31,recruiter
emp_001516,2024-12-31,referral
emp_001517,2022-01-30,boomerang
emp_001518,2025-04-01,linkedin
emp_001519,2025-01-30,recruiter
emp_001520,2020-01-31,university
emp_001521,2025-04-01,referral
emp_001522,2021-08-31,linkedin
emp_001523,2026-04-01,company_site
emp_001524,2024-07-01,recruiter
emp_001525,2023-12-31,company_site
emp_001526,2017-12-31,university
emp_001527,2023-05-02,recruiter
emp_001528,2022-12-01,recruiter
emp_001529,2025-11-30,linkedin
emp_001530,2024-07-31,referral
emp_001531,2022-05-01,linkedin
emp_001532,2023-10-01,recruiter
emp_001533,2022-10-01,referral
emp_001534,2026-04-01,boomerang
emp_001535,2024-12-31,recruiter
emp_001536,2025-10-31,referral
emp_001537,2015-04-01,referral
emp_001538,2023-10-01,linkedin
emp_001539,2023-09-01,company_site
emp_001540,2025-04-01,linkedin
emp_001541,2024-03-01,company_site
emp_001542,2023-09-01,linkedin
emp_001543,2025-03-01,referral
emp_001544,2024-07-01,referral
emp_001545,2024-05-31,linkedin
emp_001546,2023-07-02,linkedin
emp_001547,2018-12-31,referral
emp_001548,2019-10-01,referral
emp_001549,2026-04-01,linkedin
emp_001550,2024-08-31,referral
emp_001551,2024-07-01,referral
emp_001552,2022-12-01,linkedin
emp_001553,2025-06-01,referral
emp_001554,2023-09-01,referral
emp_001555,2023-03-02,recruiter
emp_001556,2024-04-01,referral
emp_001557,2020-08-31,linkedin
emp_001558,2024-07-01,boomerang
emp_001559,2023-10-31,company_site
emp_001560,2023-06-01,linkedin
emp_001561,2025-10-31,boomerang
emp_001562,2026-06-01,linkedin
emp_001563,2019-05-02,referral
emp_001564,2023-03-02,linkedin
emp_001565,2023-06-01,recruiter
emp_001566,2024-08-31,company_site
emp_001567,2019-03-02,company_site
emp_001568,2024-07-01,company_site
emp_001569,2022-06-01,boomerang
emp_001570,2023-04-01,referral
emp_001571,2024-05-31,university
emp_001572,2021-10-31,conference
emp_001573,2022-10-01,referral
emp_001574,2022-10-31,recruiter
emp_001575,2024-05-01,recruiter
emp_001576,2023-12-31,university
emp_001577,2022-08-01,university
emp_001578,2025-08-01,referral
emp_001579,2024-09-30,company_site
emp_001580,2024-10-31,referral
emp_001581,2023-01-30,company_site
emp_001582,2025-01-30,recruiter
emp_001583,2024-10-31,referral
emp_001584,2024-08-31,company_site
emp_001585,2025-06-01,university
emp_001586,2021-06-01,recruiter
emp_001587,2015-12-01,linkedin
emp_001588,2024-07-31,linkedin
emp_001589,2025-10-31,referral
emp_001590,2024-11-30,recruiter
emp_001591,2019-03-02,linkedin
emp_001592,2021-01-30,referral
emp_001593,2022-06-01,recruiter
emp_001594,2026-07-01,referral
emp_001595,2023-10-31,linkedin
emp_001596,2024-05-31,linkedin
emp_001597,2023-10-31,referral
emp_001598,2025-11-30,company_site
emp_001599,2022-06-01,recruiter
emp_001600,2024-07-31,recruiter
emp_001601,2023-04-01,university
emp_001602,2024-07-01,linkedin
emp_001603,2025-07-01,referral
emp_001604,2025-10-01,referral
emp_001605,2021-09-30,recruiter
emp_001606,2023-10-31,company_site
emp_001607,2024-12-31,referral
emp_001608,2021-03-01,linkedin
emp_001609,2023-01-30,referral
emp_001610,2024-10-31,referral
emp_001611,2024-03-01,recruiter
emp_001612,2024-11-30,boomerang
emp_001613,2023-09-01,referral
emp_001614,2023-12-01,linkedin
emp_001615,2022-07-01,conference
emp_001616,2022-06-01,recruiter
emp_001617,2025-12-31,referral
emp_001618,2026-03-02,company_site
emp_001619,2025-01-30,company_site
emp_001620,2022-07-01,university
emp_001621,2024-12-31,recruiter
emp_001622,2025-10-01,university
emp_001623,2024-07-01,company_site
emp_001624,2019-12-31,linkedin
emp_001625,2024-05-31,recruiter
emp_001626,2024-04-01,linkedin
emp_001627,2025-08-01,referral
emp_001628,2023-05-02,conference
emp_001629,2023-03-02,linkedin
emp_001630,2020-11-30,recruiter
emp_001631,2023-08-01,linkedin
emp_001632,2022-12-31,referral
emp_001633,2025-12-31,linkedin
emp_001634,2024-07-31,company_site
emp_001635,2017-12-31,company_site
emp_001636,2023-12-31,recruiter
emp_001637,2022-05-01,university
emp_001638,2025-05-01,referral
emp_001639,2022-08-31,referral
emp_001640,2023-10-01,university
emp_001641,2024-10-31,linkedin
emp_001642,2024-10-31,company_site
emp_001643,2025-11-30,referral
emp_001644,2023-10-01,referral
emp_001645,2023-03-02,company_site
emp_001646,2025-07-01,linkedin
emp_001647,2022-07-01,company_site
emp_001648,2025-05-01,linkedin
emp_001649,2023-07-02,university
emp_001650,2022-08-01,referral
emp_001651,2025-10-31,recruiter
emp_001652,2025-10-31,recruiter
emp_001653,2022-08-31,university
emp_001654,2020-10-31,recruiter
emp_001655,2024-05-01,boomerang
emp_001656,2024-10-31,referral
emp_001657,2024-07-31,linkedin
emp_001658,2025-04-01,recruiter
emp_001659,2023-01-30,referral
emp_001660,2020-05-01,linkedin
emp_001661,2024-07-01,boomerang
emp_001662,2025-08-31,company_site
emp_001663,2022-07-01,linkedin
emp_001664,2025-08-01,referral
emp_001665,2021-06-01,university
emp_001666,2024-07-31,referral
emp_001667,2022-07-01,university
emp_001668,2025-05-01,linkedin
emp_001669,2017-10-31,boomerang
emp_001670,2022-07-01,company_site
emp_001671,2024-09-30,linkedin
emp_001672,2020-10-31,referral
emp_001673,2024-07-31,recruiter
emp_001674,2024-12-31,linkedin
emp_001675,2023-05-02,recruiter
emp_001676,2021-08-31,boomerang
emp_001677,2022-12-31,referral
emp_001678,2021-10-31,referral
emp_001679,2026-04-01,referral
emp_001680,2025-06-01,university
emp_001681,2020-12-30,referral
emp_001682,2023-06-01,recruiter
emp_001683,2025-10-31,university
emp_001684,2024-03-01,company_site
emp_001685,2025-10-01,referral
emp_001686,2021-06-01,company_site
emp_001687,2022-08-31,university
emp_001688,2024-11-30,recruiter
emp_001689,2025-08-31,linkedin
emp_001690,2024-12-31,referral
emp_001691,2026-06-01,referral
emp_001692,2019-04-01,linkedin
emp_001693,2025-03-01,referral
emp_001694,2026-01-30,linkedin
emp_001695,2020-11-30,referral
emp_001696,2025-07-01,boomerang
emp_001697,2024-04-01,recruiter
emp_001698,2025-10-31,university
emp_001699,2025-07-01,referral
emp_001700,2023-08-01,linkedin
emp_001701,2025-03-01,referral
emp_001702,2025-08-01,recruiter
emp_001703,2019-04-01,boomerang
emp_001704,2024-04-01,university
emp_001705,2025-10-01,recruiter
emp_001706,2025-01-30,university
emp_001707,2024-07-01,company_site
emp_001708,2022-10-31,recruiter
emp_001709,2025-08-01,referral
emp_001710,2023-09-01,referral
emp_001711,2023-09-01,linkedin
emp_001712,2023-05-02,recruiter
emp_001713,2025-07-01,referral
emp_001714,2018-05-01,linkedin
emp_001715,2024-10-31,university
emp_001716,2023-12-01,company_site
emp_001717,2023-12-31,recruiter
emp_001718,2025-08-01,referral
emp_001719,2019-05-02,recruiter
emp_001720,2024-07-01,referral
emp_001721,2024-11-30,linkedin
emp_001722,2026-04-01,linkedin
emp_001723,2026-07-01,company_site
emp_001724,2025-08-31,recruiter
emp_001725,2025-08-31,referral
emp_001726,2024-11-30,boomerang
emp_001727,2025-07-01,linkedin
emp_001728,2025-01-30,linkedin
emp_001729,2024-09-30,conference
emp_001730,2024-01-31,linkedin
emp_001731,2022-08-31,recruiter
emp_001732,2023-09-01,referral
emp_001733,2023-05-02,university
emp_001734,2025-01-30,company_site
emp_001735,2022-03-02,conference
emp_001736,2014-11-30,boomerang
emp_001737,2024-01-31,recruiter
emp_001738,2025-01-30,university
emp_001739,2021-10-31,university
emp_001740,2025-04-01,referral
emp_001741,2022-01-30,company_site
emp_001742,2024-08-31,referral
emp_001743,2022-08-31,referral
emp_001744,2025-05-01,linkedin
emp_001745,2024-11-30,company_site
emp_001746,2025-11-30,recruiter
emp_001747,2022-06-01,recruiter
emp_001748,2017-07-01,company_site
emp_001749,2019-06-01,referral
emp_001750,2023-12-31,linkedin
emp_001751,2024-05-31,referral
emp_001752,2021-12-31,company_site
emp_001753,2021-11-30,recruiter
emp_001754,2024-05-01,referral
emp_001755,2020-11-30,boomerang
emp_001756,2021-01-30,boomerang
emp_001757,2025-08-31,company_site
emp_001758,2025-01-30,company_site
emp_001759,2026-07-01,linkedin
emp_001760,2025-12-31,university
emp_001761,2025-03-01,linkedin
emp_001762,2024-10-31,linkedin
emp_001763,2023-03-02,referral
emp_001764,2020-08-31,recruiter
emp_001765,2024-08-31,linkedin
emp_001766,2025-01-30,referral
emp_001767,2023-12-31,linkedin
emp_001768,2025-06-01,referral
emp_001769,2025-08-31,referral
emp_001770,2024-11-30,referral
emp_001771,2025-03-01,linkedin
emp_001772,2025-12-31,linkedin
emp_001773,2022-07-01,referral
emp_001774,2018-07-01,conference
emp_001775,2020-11-30,referral
emp_001776,2025-11-30,university
emp_001777,2025-10-01,company_site
emp_001778,2024-04-01,linkedin
emp_001779,2024-07-31,linkedin
emp_001780,2026-04-01,referral
emp_001781,2025-10-01,referral
emp_001782,2024-09-30,company_site
emp_001783,2022-03-02,referral
emp_001784,2025-10-31,referral
emp_001785,2023-12-01,linkedin
emp_001786,2015-07-01,recruiter
emp_001787,2010-03-01,linkedin
emp_001788,2026-07-01,linkedin
emp_001789,2025-11-30,recruiter
emp_001790,2024-09-30,linkedin
emp_001791,2023-05-02,referral
emp_001792,2024-07-01,referral
emp_001793,2025-08-31,referral
emp_001794,2021-11-30,linkedin
emp_001795,2022-10-31,referral
emp_001796,2024-05-01,company_site
emp_001797,2024-09-30,conference
emp_001798,2021-04-01,linkedin
emp_001799,2021-07-01,boomerang
emp_001800,2022-04-01,recruiter
emp_001801,2025-08-31,boomerang
emp_001802,2023-01-30,university
emp_001803,2021-12-31,linkedin
emp_001804,2023-12-31,company_site
emp_001805,2024-09-30,referral
emp_001806,2024-09-30,company_site
emp_001807,2023-04-01,recruiter
emp_001808,2024-09-30,linkedin
emp_001809,2020-12-30,referral
emp_001810,2023-09-01,company_site
emp_001811,2024-07-01,linkedin
emp_001812,2024-07-31,linkedin
emp_001813,2024-05-01,linkedin
emp_001814,2023-03-02,referral
emp_001815,2023-09-01,referral
emp_001816,2023-09-01,recruiter
emp_001817,2024-04-01,recruiter
emp_001818,2022-06-01,linkedin
emp_001819,2024-05-31,recruiter
emp_001820,2025-08-01,conference
emp_001821,2024-12-31,recruiter
emp_001822,2024-05-01,recruiter
emp_001823,2023-09-01,referral
emp_001824,2024-08-31,referral
emp_001825,2023-10-31,referral
emp_001826,2025-06-01,recruiter
emp_001827,2024-11-30,university
emp_001828,2016-08-31,linkedin
emp_001829,2019-04-01,linkedin
emp_001830,2025-01-30,company_site
emp_001831,2025-10-31,recruiter
emp_001832,2024-07-01,referral
emp_001833,2024-01-31,company_site
emp_001834,2022-10-01,company_site
emp_001835,2020-07-31,conference
emp_001836,2023-06-01,referral
emp_001837,2023-08-01,referral
emp_001838,2025-06-01,linkedin
emp_001839,2023-01-30,university
emp_001840,2023-04-01,referral
emp_001841,2025-08-01,referral
emp_001842,2022-08-31,recruiter
emp_001843,2023-12-01,referral
emp_001844,2020-09-30,university
emp_001845,2024-10-31,referral
emp_001846,2025-08-01,university
emp_001847,2023-12-01,recruiter
emp_001848,2024-10-31,recruiter
emp_001849,2024-07-31,recruiter
emp_001850,2019-10-31,referral
emp_001851,2021-08-31,linkedin
emp_001852,2024-01-31,linkedin
emp_001853,2023-10-31,linkedin
emp_001854,2020-08-31,referral
emp_001855,2023-10-01,referral
emp_001856,2023-01-30,university
emp_001857,2023-12-31,recruiter
emp_001858,2024-03-01,linkedin
emp_001859,2020-07-31,company_site
emp_001860,2024-12-31,linkedin
emp_001861,2024-05-01,referral
emp_001862,2025-11-30,company_site
emp_001863,2020-11-30,referral
emp_001864,2024-07-01,referral
emp_001865,2023-12-01,boomerang
emp_001866,2024-08-31,boomerang
emp_001867,2023-09-01,referral
emp_001868,2025-10-31,referral
emp_001869,2025-11-30,linkedin
emp_001870,2024-10-31,referral
emp_001871,2024-08-31,linkedin
emp_001872,2019-12-31,conference
emp_001873,2024-11-30,recruiter
emp_001874,2023-10-01,linkedin
emp_001875,2025-12-31,referral
emp_001876,2020-11-30,referral
emp_001877,2019-08-31,boomerang
emp_001878,2024-09-30,recruiter
emp_001879,2024-12-31,referral
emp_001880,2024-07-31,recruiter
emp_001881,2022-12-01,recruiter
emp_001882,2026-07-01,referral
emp_001883,2020-03-01,linkedin
emp_001884,2024-04-01,company_site
emp_001885,2023-09-01,company_site
emp_001886,2017-12-31,referral
emp_001887,2023-09-01,referral
emp_001888,2021-12-31,company_site
emp_001889,2025-08-01,referral
emp_001890,2024-03-01,recruiter
emp_001891,2024-07-31,linkedin
emp_001892,2019-12-31,university
emp_001893,2024-11-30,linkedin
emp_001894,2025-04-01,linkedin
emp_001895,2023-10-01,recruiter
emp_001896,2024-11-30,recruiter
emp_001897,2024-07-01,referral
emp_001898,2025-08-01,company_site
emp_001899,2024-11-30,referral
emp_001900,2022-08-31,recruiter
emp_001901,2023-09-01,linkedin
emp_001902,2024-12-31,recruiter
emp_001903,2024-11-30,company_site
emp_001904,2025-08-01,linkedin
emp_001905,2015-10-31,referral
emp_001906,2024-08-31,recruiter
emp_001907,2025-05-01,company_site
emp_001908,2020-07-31,referral
emp_001909,2023-03-02,linkedin
emp_001910,2023-03-02,referral
emp_001911,2017-01-30,university
emp_001912,2023-10-01,referral
emp_001913,2024-01-31,referral
emp_001914,2022-10-31,university
emp_001915,2022-08-31,referral
emp_001916,2023-03-02,company_site
emp_001917,2023-07-02,linkedin
emp_001918,2017-03-01,university
emp_001919,2024-08-31,recruiter
emp_001920,2025-06-01,linkedin
emp_001921,2022-12-31,referral
emp_001922,2024-12-31,company_site
emp_001923,2023-09-01,referral
emp_001924,2024-10-31,recruiter
emp_001925,2022-10-31,referral
emp_001926,2025-10-01,referral
emp_001927,2025-10-31,boomerang
emp_001928,2022-12-31,referral
emp_001929,2021-11-30,referral
emp_001930,2024-09-30,recruiter
emp_001931,2024-11-30,recruiter
emp_001932,2024-11-30,recruiter
emp_001933,2021-04-01,referral
emp_001934,2023-06-01,referral
emp_001935,2022-12-01,linkedin
emp_001936,2026-01-30,linkedin
emp_001937,2023-10-31,university
emp_001938,2024-11-30,recruiter
emp_001939,2024-01-31,boomerang
emp_001940,2020-09-30,linkedin
emp_001941,2025-06-01,referral
emp_001942,2024-04-01,referral
emp_001943,2026-03-02,boomerang
emp_001944,2020-07-01,referral
emp_001945,2024-12-31,linkedin
emp_001946,2024-11-30,referral
emp_001947,2022-01-30,recruiter
emp_001948,2025-07-01,company_site
emp_001949,2024-11-30,linkedin
emp_001950,2020-07-01,referral
emp_001951,2023-07-02,university
emp_001952,2023-08-01,linkedin
emp_001953,2024-11-30,linkedin
emp_001954,2024-03-01,university
emp_001955,2022-10-31,recruiter
emp_001956,2025-10-01,recruiter
emp_001957,2020-09-30,linkedin
emp_001958,2021-01-30,recruiter
emp_001959,2025-06-01,referral
emp_001960,2022-07-01,linkedin
emp_001961,2024-10-31,referral
emp_001962,2022-07-01,company_site
emp_001963,2024-11-30,boomerang
emp_001964,2024-01-31,referral
emp_001965,2026-04-01,recruiter
emp_001966,2022-03-02,recruiter
emp_001967,2024-07-31,recruiter
emp_001968,2018-10-01,recruiter
emp_001969,2023-01-30,linkedin
emp_001970,2024-10-31,conference
emp_001971,2022-08-31,referral
emp_001972,2023-09-01,linkedin
emp_001973,2022-06-01,referral
emp_001974,2024-09-30,linkedin
emp_001975,2023-12-01,company_site
emp_001976,2019-03-02,linkedin
emp_001977,2020-11-30,company_site
emp_001978,2025-01-30,recruiter
emp_001979,2024-05-01,linkedin
emp_001980,2021-05-01,linkedin
emp_001981,2024-05-01,linkedin
emp_001982,2023-12-01,company_site
emp_001983,2026-03-02,referral
emp_001984,2026-03-02,conference
emp_001985,2023-05-02,linkedin
emp_001986,2018-01-30,referral
emp_001987,2023-10-01,referral
emp_001988,2023-01-30,recruiter
emp_001989,2021-05-01,boomerang
emp_001990,2024-09-30,referral
emp_001991,2024-03-01,linkedin
emp_001992,2026-01-30,referral
emp_001993,2020-07-31,linkedin
emp_001994,2021-09-30,referral
emp_001995,2023-10-31,recruiter
emp_001996,2024-05-01,recruiter
emp_001997,2025-08-31,recruiter
emp_001998,2024-11-30,referral
emp_001999,2023-05-02,referral
emp_002000,2024-08-31,referral
emp_002001,2019-01-30,linkedin
emp_002002,2026-03-02,referral
emp_002003,2024-08-31,recruiter
emp_002004,2024-08-31,company_site
emp_002005,2021-12-31,company_site
emp_002006,2025-05-01,referral
emp_002007,2022-12-31,recruiter
emp_002008,2024-11-30,referral
emp_002009,2023-07-02,referral
emp_002010,2024-07-01,linkedin
emp_002011,2024-09-30,company_site
emp_002012,2024-05-31,referral
emp_002013,2023-04-01,company_site
emp_002014,2025-08-01,referral
emp_002015,2024-09-30,boomerang
emp_002016,2024-07-31,referral
emp_002017,2022-10-01,referral
emp_002018,2020-08-31,recruiter
emp_002019,2023-06-01,company_site
emp_002020,2023-08-01,university
emp_002021,2022-08-31,linkedin
emp_002022,2025-08-01,boomerang
emp_002023,2016-01-30,linkedin
emp_002024,2024-08-31,linkedin
emp_002025,2025-10-01,university
emp_002026,2025-12-31,university
emp_002027,2023-01-30,recruiter
emp_002028,2024-09-30,company_site
emp_002029,2022-03-02,referral
emp_002030,2024-09-30,linkedin
emp_002031,2024-07-01,recruiter
emp_002032,2023-12-31,referral
emp_002033,2023-01-30,referral
emp_002034,2024-01-31,university
emp_002035,2022-08-01,university
emp_002036,2025-06-01,referral
emp_002037,2025-01-30,company_site
emp_002038,2024-03-01,company_site
emp_002039,2025-10-31,recruiter
emp_002040,2024-07-01,referral
emp_002041,2025-11-30,referral
emp_002042,2024-08-31,company_site
emp_002043,2024-04-01,recruiter
emp_002044,2025-03-01,recruiter
emp_002045,2024-04-01,linkedin
emp_002046,2024-07-01,referral
emp_002047,2024-10-31,university
emp_002048,2025-01-30,referral
emp_002049,2025-01-30,recruiter
emp_002050,2025-11-30,referral
emp_002051,2024-08-31,recruiter
emp_002052,2024-08-31,company_site
emp_002053,2024-09-30,referral
emp_002054,2020-05-01,linkedin
emp_002055,2025-05-01,company_site
emp_002056,2022-12-31,linkedin
emp_002057,2024-01-31,linkedin
emp_002058,2021-11-30,referral
emp_002059,2022-12-01,boomerang
emp_002060,2021-08-31,company_site
emp_002061,2022-10-31,linkedin
emp_002062,2020-03-31,referral
emp_002063,2025-10-01,linkedin
emp_002064,2025-06-01,referral
emp_002065,2024-05-01,referral
emp_002066,2020-03-01,linkedin
emp_002067,2021-08-31,recruiter
emp_002068,2024-01-31,referral
emp_002069,2020-09-30,linkedin
emp_002070,2022-05-01,company_site
emp_002071,2022-10-31,linkedin
emp_002072,2025-07-01,company_site
emp_002073,2024-05-31,referral
emp_002074,2022-05-01,recruiter
emp_002075,2022-06-01,referral
emp_002076,2021-12-31,recruiter
emp_002077,2023-10-31,boomerang
emp_002078,2024-07-31,referral
emp_002079,2016-03-31,recruiter
emp_002080,2021-09-30,boomerang
emp_002081,2025-05-01,referral
emp_002082,2024-12-31,university
emp_002083,2018-10-31,university
emp_002084,2023-12-01,recruiter
emp_002085,2023-06-01,recruiter
emp_002086,2025-06-01,university
emp_002087,2026-03-02,company_site
emp_002088,2024-07-01,referral
emp_002089,2025-08-31,linkedin
emp_002090,2024-05-31,linkedin
emp_002091,2025-04-01,referral
emp_002092,2017-07-01,linkedin
emp_002093,2024-07-01,linkedin
emp_002094,2024-12-31,conference
emp_002095,2024-07-31,referral
emp_002096,2020-03-31,linkedin
emp_002097,2026-01-30,linkedin
emp_002098,2023-12-01,company_site
emp_002099,2019-01-30,linkedin
emp_002100,2022-10-31,referral
emp_002101,2026-04-01,linkedin
emp_002102,2023-01-30,referral
emp_002103,2025-05-01,university
emp_002104,2025-06-01,company_site
emp_002105,2022-06-01,linkedin
emp_002106,2018-10-01,company_site
emp_002107,2023-12-01,linkedin
emp_002108,2022-08-31,linkedin
emp_002109,2025-08-31,linkedin
emp_002110,2023-10-31,referral
emp_002111,2023-09-01,company_site
emp_002112,2022-05-01,university
emp_002113,2023-12-01,referral
emp_002114,2025-01-30,university
emp_002115,2024-10-31,referral
emp_002116,2026-01-30,linkedin
emp_002117,2022-10-01,referral
emp_002118,2023-12-01,company_site
emp_002119,2026-03-02,referral
emp_002120,2025-07-01,company_site
emp_002121,2024-05-01,referral
emp_002122,2024-07-31,recruiter
emp_002123,2025-11-30,university
emp_002124,2021-05-01,linkedin
emp_002125,2023-10-01,referral
emp_002126,2024-05-01,linkedin
emp_002127,2022-08-01,linkedin
emp_002128,2023-07-02,linkedin
emp_002129,2023-12-31,company_site
emp_002130,2023-12-31,referral
emp_002131,2024-09-30,recruiter
emp_002132,2024-10-31,linkedin
emp_002133,2026-03-02,referral
emp_002134,2024-10-31,referral
emp_002135,2025-08-01,linkedin
emp_002136,2024-05-01,linkedin
emp_002137,2024-09-30,recruiter
emp_002138,2023-03-02,linkedin
emp_002139,2023-05-02,linkedin
emp_002140,2022-10-31,referral
emp_002141,2024-11-30,referral
emp_002142,2024-10-31,referral
emp_002143,2026-05-02,linkedin
emp_002144,2024-09-30,linkedin
emp_002145,2023-08-01,recruiter
emp_002146,2024-03-01,boomerang
emp_002147,2025-11-30,recruiter
emp_002148,2025-03-01,recruiter
emp_002149,2022-12-01,referral
emp_002150,2024-07-31,linkedin
emp_002151,2022-10-01,linkedin
emp_002152,2025-07-01,university
emp_002153,2021-06-01,referral
emp_002154,2024-12-31,university
emp_002155,2024-11-30,referral
emp_002156,2023-04-01,referral
emp_002157,2022-08-01,linkedin
emp_002158,2023-04-01,recruiter
emp_002159,2024-09-30,referral
emp_002160,2025-10-01,company_site
emp_002161,2024-08-31,recruiter
emp_002162,2023-06-01,recruiter
emp_002163,2026-01-30,company_site
emp_002164,2023-12-31,referral
emp_002165,2024-04-01,university
emp_002166,2022-06-01,referral
emp_002167,2018-01-30,company_site
emp_002168,2021-09-30,conference
emp_002169,2017-06-01,company_site
emp_002170,2025-01-30,conference
emp_002171,2021-03-01,boomerang
emp_002172,2024-05-01,referral
emp_002173,2024-12-31,recruiter
emp_002174,2023-10-01,referral
emp_002175,2024-04-01,recruiter
emp_002176,2023-12-31,recruiter
emp_002177,2023-12-31,recruiter
emp_002178,2025-07-01,referral
emp_002179,2024-01-31,conference
emp_002180,2023-06-01,university
emp_002181,2022-12-31,linkedin
emp_002182,2023-08-01,linkedin
emp_002183,2025-08-01,linkedin
emp_002184,2024-10-31,boomerang
emp_002185,2025-05-01,linkedin
emp_002186,2023-10-31,referral
emp_002187,2022-08-31,university
emp_002188,2024-05-01,linkedin
emp_002189,2024-05-01,referral
emp_002190,2024-04-01,referral
emp_002191,2022-12-01,company_site
emp_002192,2025-04-01,linkedin
emp_002193,2022-05-01,linkedin
emp_002194,2025-10-01,recruiter
emp_002195,2022-06-01,recruiter
emp_002196,2015-07-01,company_site
emp_002197,2024-04-01,company_site
emp_002198,2022-03-02,company_site
emp_002199,2024-07-01,linkedin
emp_002200,2025-05-01,university
emp_002201,2026-05-02,company_site
emp_002202,2022-07-01,referral
emp_002203,2023-03-02,conference
emp_002204,2024-01-31,recruiter
emp_002205,2025-10-31,linkedin
emp_002206,2024-04-01,company_site
emp_002207,2025-10-01,referral
emp_002208,2024-03-01,linkedin
emp_002209,2023-10-01,referral
emp_002210,2023-09-01,university
emp_002211,2023-01-30,recruiter
emp_002212,2023-10-31,recruiter
emp_002213,2022-10-01,company_site
emp_002214,2022-08-01,recruiter
emp_002215,2023-12-01,referral
emp_002216,2024-05-31,company_site
emp_002217,2025-08-31,referral
emp_002218,2019-03-02,referral
emp_002219,2025-03-01,company_site
emp_002220,2024-11-30,linkedin
emp_002221,2025-05-01,recruiter
emp_002222,2023-10-01,linkedin
emp_002223,2025-10-31,linkedin
emp_002224,2022-04-01,recruiter
emp_002225,2023-04-01,linkedin
emp_002226,2022-08-31,company_site
emp_002227,2025-01-30,referral
emp_002228,2025-10-31,recruiter
emp_002229,2024-01-31,referral
emp_002230,2024-09-30,university
emp_002231,2025-03-01,recruiter
emp_002232,2023-06-01,referral
emp_002233,2022-04-01,recruiter
emp_002234,2025-03-01,linkedin
emp_002235,2024-04-01,linkedin
emp_002236,2025-06-01,recruiter
emp_002237,2024-04-01,referral
emp_002238,2022-04-01,recruiter
emp_002239,2023-03-02,recruiter
emp_002240,2025-04-01,university
emp_002241,2020-10-31,recruiter
emp_002242,2025-08-31,conference
emp_002243,2026-01-30,recruiter
emp_002244,2025-10-01,referral
emp_002245,2022-12-01,referral
emp_002246,2021-05-01,referral
emp_002247,2023-10-31,linkedin
emp_002248,2020-05-31,linkedin
emp_002249,2023-06-01,recruiter
emp_002250,2025-07-01,referral
emp_002251,2024-01-31,linkedin
emp_002252,2024-09-30,referral
emp_002253,2022-01-30,referral
emp_002254,2022-04-01,linkedin
emp_002255,2021-09-30,recruiter
emp_002256,2021-12-31,university
emp_002257,2021-05-01,linkedin
emp_002258,2025-07-01,university
emp_002259,2022-12-01,referral
emp_002260,2024-07-31,conference
emp_002261,2024-01-31,referral
emp_002262,2024-07-01,recruiter
emp_002263,2024-03-01,referral
emp_002264,2022-12-31,linkedin
emp_002265,2025-12-31,referral
emp_002266,2022-10-01,linkedin
emp_002267,2023-08-01,referral
emp_002268,2020-11-30,recruiter
emp_002269,2022-08-31,linkedin
emp_002270,2021-09-30,recruiter
emp_002271,2022-04-01,university
emp_002272,2019-01-30,company_site
emp_002273,2019-12-01,recruiter
emp_002274,2023-03-02,referral
emp_002275,2023-01-30,referral
emp_002276,2023-05-02,recruiter
emp_002277,2026-06-01,linkedin
emp_002278,2023-09-01,conference
emp_002279,2022-08-31,recruiter
emp_002280,2026-07-01,company_site
emp_002281,2024-07-31,company_site
emp_002282,2024-07-31,linkedin
emp_002283,2024-04-01,company_site
emp_002284,2025-10-31,linkedin
emp_002285,2021-08-01,university
emp_002286,2020-11-30,recruiter
emp_002287,2023-03-02,referral
emp_002288,2024-08-31,referral
emp_002289,2025-01-30,linkedin
emp_002290,2024-09-30,linkedin
emp_002291,2021-09-30,referral
emp_002292,2022-07-01,linkedin
emp_002293,2023-10-31,company_site
emp_002294,2024-07-31,referral
emp_002295,2020-05-31,recruiter
emp_002296,2023-10-31,company_site
emp_002297,2016-05-31,linkedin
emp_002298,2025-08-31,linkedin
emp_002299,2023-10-01,boomerang
emp_002300,2025-08-31,linkedin
emp_002301,2024-04-01,recruiter
emp_002302,2021-12-31,recruiter
emp_002303,2022-06-01,recruiter
emp_002304,2022-01-30,referral
emp_002305,2024-05-01,recruiter
emp_002306,2021-12-31,university
emp_002307,2025-08-01,referral
emp_002308,2024-05-31,company_site
emp_002309,2025-08-01,linkedin
emp_002310,2022-10-01,referral
emp_002311,2023-04-01,recruiter
emp_002312,2021-08-31,university
emp_002313,2024-12-31,university
emp_002314,2025-12-31,linkedin
emp_002315,2022-10-01,recruiter
emp_002316,2025-04-01,recruiter
emp_002317,2025-05-01,company_site
emp_002318,2022-12-31,linkedin
emp_002319,2021-08-31,university
emp_002320,2024-07-31,linkedin
emp_002321,2023-08-01,recruiter
emp_002322,2022-04-01,referral
emp_002323,2025-05-01,linkedin
emp_002324,2025-01-30,company_site
emp_002325,2022-10-01,linkedin
emp_002326,2020-12-30,boomerang
emp_002327,2025-05-01,company_site
emp_002328,2024-10-31,linkedin
emp_002329,2021-08-01,recruiter
emp_002330,2025-08-31,referral
emp_002331,2023-07-02,referral
emp_002332,2022-10-31,referral
emp_002333,2023-01-30,recruiter
emp_002334,2024-01-31,recruiter
emp_002335,2025-11-30,linkedin
emp_002336,2023-12-31,recruiter
emp_002337,2025-12-31,recruiter
emp_002338,2024-04-01,company_site
emp_002339,2021-05-01,recruiter
emp_002340,2022-10-31,referral
emp_002341,2025-05-01,linkedin
emp_002342,2025-04-01,linkedin
emp_002343,2020-03-31,company_site
emp_002344,2022-08-01,conference
emp_002345,2024-07-31,referral
emp_002346,2022-08-31,recruiter
emp_002347,2025-04-01,company_site
emp_002348,2023-04-01,company_site
emp_002349,2025-08-01,linkedin
emp_002350,2024-12-31,referral
emp_002351,2024-05-31,referral
emp_002352,2024-05-31,recruiter
emp_002353,2024-03-01,linkedin
emp_002354,2022-08-01,referral
emp_002355,2024-05-31,recruiter
emp_002356,2022-07-01,company_site
emp_002357,2024-05-01,referral
emp_002358,2019-10-31,recruiter
emp_002359,2023-08-01,recruiter
emp_002360,2025-01-30,recruiter
emp_002361,2025-05-01,boomerang
emp_002362,2025-01-30,recruiter
emp_002363,2021-07-01,referral
emp_002364,2024-10-31,recruiter
emp_002365,2023-08-01,referral
emp_002366,2022-12-31,referral
emp_002367,2024-08-31,conference
emp_002368,2024-04-01,company_site
emp_002369,2024-07-31,linkedin
emp_002370,2024-01-31,recruiter
emp_002371,2024-11-30,conference
emp_002372,2023-03-02,referral
emp_002373,2024-07-01,university
emp_002374,2023-05-02,boomerang
emp_002375,2020-07-31,linkedin
emp_002376,2025-03-01,linkedin
emp_002377,2024-11-30,referral
emp_002378,2021-11-30,linkedin
emp_002379,2024-11-30,referral
emp_002380,2025-08-31,recruiter
emp_002381,2023-12-01,referral
emp_002382,2023-06-01,company_site
emp_002383,2025-10-01,linkedin
emp_002384,2025-12-31,boomerang
emp_002385,2023-04-01,company_site
emp_002386,2017-04-01,company_site
emp_002387,2019-12-01,linkedin
emp_002388,2024-10-31,boomerang
emp_002389,2025-03-01,linkedin
emp_002390,2020-11-30,referral
emp_002391,2024-03-01,referral
emp_002392,2024-12-31,university
emp_002393,2024-08-31,company_site
emp_002394,2023-10-31,university
emp_002395,2022-05-01,recruiter
emp_002396,2025-06-01,linkedin
emp_002397,2024-11-30,referral
emp_002398,2023-10-31,company_site
emp_002399,2022-06-01,referral
emp_002400,2024-07-01,conference
emp_002401,2024-08-31,referral
emp_002402,2022-05-01,recruiter
emp_002403,2025-10-01,company_site
emp_002404,2023-04-01,recruiter
emp_002405,2024-08-31,boomerang
emp_002406,2024-07-01,linkedin
emp_002407,2021-03-01,recruiter
emp_002408,2020-03-31,recruiter
emp_002409,2025-08-01,company_site
emp_002410,2023-07-02,company_site
emp_002411,2021-06-01,university
emp_002412,2025-07-01,referral
emp_002413,2024-09-30,recruiter
emp_002414,2025-11-30,boomerang
emp_002415,2023-08-01,company_site
emp_002416,2022-08-31,boomerang
emp_002417,2024-09-30,university
emp_002418,2023-12-01,referral
emp_002419,2026-03-02,conference
emp_002420,2023-03-02,referral
emp_002421,2024-04-01,referral
emp_002422,2024-04-01,conference
emp_002423,2024-07-01,university
emp_002424,2021-07-01,linkedin
emp_002425,2024-05-31,referral
emp_002426,2024-07-31,referral
emp_002427,2018-11-30,conference
emp_002428,2024-08-31,company_site
emp_002429,2018-11-30,company_site
emp_002430,2024-10-31,referral
emp_002431,2024-09-30,recruiter
emp_002432,2019-10-01,boomerang
emp_002433,2018-12-31,referral
emp_002434,2026-06-01,linkedin
emp_002435,2025-01-30,referral
emp_002436,2019-08-01,linkedin
emp_002437,2021-08-01,recruiter
emp_002438,2024-05-01,referral
emp_002439,2023-04-01,company_site
emp_002440,2024-04-01,linkedin
emp_002441,2021-08-01,university
emp_002442,2023-03-02,linkedin
emp_002443,2024-09-30,university
emp_002444,2025-10-31,referral
emp_002445,2022-12-01,recruiter
emp_002446,2025-05-01,referral
emp_002447,2023-12-01,conference
emp_002448,2023-10-31,referral
emp_002449,2021-12-31,conference
emp_002450,2021-01-30,recruiter
emp_002451,2023-10-31,linkedin
emp_002452,2024-04-01,referral
emp_002453,2024-12-31,recruiter
emp_002454,2023-12-01,referral
emp_002455,2024-09-30,referral
emp_002456,2023-03-02,referral
emp_002457,2021-08-01,linkedin
emp_002458,2024-07-01,referral
emp_002459,2023-07-02,referral
emp_002460,2024-10-31,conference
emp_002461,2025-11-30,conference
emp_002462,2025-03-01,linkedin
emp_002463,2023-07-02,linkedin
emp_002464,2024-05-01,linkedin
emp_002465,2024-04-01,linkedin
emp_002466,2025-03-01,recruiter
emp_002467,2022-01-30,referral
emp_002468,2023-07-02,company_site
emp_002469,2018-06-01,linkedin
emp_002470,2024-07-31,boomerang
emp_002471,2026-04-01,company_site
emp_002472,2023-05-02,linkedin
emp_002473,2025-05-01,company_site
emp_002474,2024-12-31,referral
emp_002475,2024-10-31,linkedin
emp_002476,2021-12-31,recruiter
emp_002477,2025-01-30,linkedin
emp_002478,2020-05-01,linkedin
emp_002479,2025-10-31,boomerang
emp_002480,2023-05-02,referral
emp_002481,2021-09-30,recruiter
emp_002482,2025-12-31,recruiter
emp_002483,2023-06-01,referral
emp_002484,2023-10-01,referral
emp_002485,2021-01-30,referral
emp_002486,2024-08-31,conference
emp_002487,2020-07-01,referral
emp_002488,2025-07-01,company_site
emp_002489,2022-06-01,university
emp_002490,2022-05-01,linkedin
emp_002491,2023-10-31,referral
emp_002492,2025-06-01,recruiter
emp_002493,2020-01-31,linkedin
emp_002494,2022-03-02,company_site
emp_002495,2021-08-31,referral
emp_002496,2025-08-01,recruiter
emp_002497,2025-03-01,linkedin
emp_002498,2022-04-01,recruiter
emp_002499,2025-07-01,linkedin
emp_002500,2024-07-01,university
emp_002501,2024-11-30,linkedin
emp_002502,2026-03-02,linkedin
emp_002503,2025-06-01,linkedin
emp_002504,2025-03-01,university
emp_002505,2022-05-01,boomerang
emp_002506,2023-09-01,linkedin
emp_002507,2025-06-01,recruiter
emp_002508,2023-12-01,linkedin
emp_002509,2024-09-30,company_site
emp_002510,2023-04-01,university
emp_002511,2023-09-01,referral
emp_002512,2026-01-30,referral
emp_002513,2018-12-31,recruiter
emp_002514,2025-04-01,recruiter
emp_002515,2023-07-02,recruiter
emp_002516,2024-07-31,recruiter
emp_002517,2020-03-31,linkedin
emp_002518,2024-12-31,company_site
emp_002519,2024-07-31,recruiter
emp_002520,2025-01-30,university
emp_002521,2023-07-02,recruiter
emp_002522,2026-05-02,referral
emp_002523,2024-08-31,linkedin
emp_002524,2022-04-01,linkedin
emp_002525,2024-05-31,referral
emp_002526,2023-08-01,referral
emp_002527,2023-12-31,referral
emp_002528,2025-01-30,referral
emp_002529,2022-08-31,recruiter
emp_002530,2025-03-01,linkedin
emp_002531,2025-03-01,recruiter
emp_002532,2023-10-31,company_site
emp_002533,2022-04-01,recruiter
emp_002534,2024-03-01,company_site
emp_002535,2022-07-01,referral
emp_002536,2020-09-30,recruiter
emp_002537,2023-07-02,referral
emp_002538,2024-05-31,linkedin
emp_002539,2026-07-01,recruiter
emp_002540,2016-01-30,company_site
emp_002541,2024-01-31,company_site
emp_002542,2024-04-01,company_site
emp_002543,2023-04-01,linkedin
emp_002544,2022-05-01,referral
emp_002545,2020-10-31,referral
emp_002546,2025-01-30,linkedin
emp_002547,2022-08-01,boomerang
emp_002548,2025-08-01,company_site
emp_002549,2025-10-31,company_site
emp_002550,2026-03-02,recruiter
emp_002551,2024-07-01,linkedin
emp_002552,2023-12-31,recruiter
emp_002553,2022-10-01,referral
emp_002554,2025-08-31,referral
emp_002555,2024-04-01,referral
emp_002556,2021-08-31,referral
emp_002557,2015-12-01,company_site
emp_002558,2022-05-01,linkedin
emp_002559,2023-03-02,linkedin
emp_002560,2024-07-31,recruiter
emp_002561,2025-06-01,referral
emp_002562,2024-05-01,recruiter
emp_002563,2023-12-31,company_site
emp_002564,2023-12-01,university
emp_002565,2023-05-02,referral
emp_002566,2024-07-01,recruiter
emp_002567,2022-08-01,recruiter
emp_002568,2024-07-31,company_site
emp_002569,2024-12-31,referral
emp_002570,2023-08-01,referral
emp_002571,2025-11-30,conference
emp_002572,2023-06-01,linkedin
emp_002573,2024-04-01,linkedin
emp_002574,2021-12-31,referral
emp_002575,2024-09-30,company_site
emp_002576,2024-05-01,company_site
emp_002577,2022-08-01,linkedin
emp_002578,2024-08-31,company_site
emp_002579,2024-01-31,recruiter
emp_002580,2021-10-31,university
emp_002581,2022-12-01,linkedin
emp_002582,2022-12-01,conference
emp_002583,2024-07-31,referral
emp_002584,2024-03-01,referral
emp_002585,2024-05-31,university
emp_002586,2026-04-01,referral
emp_002587,2022-05-01,linkedin
emp_002588,2025-04-01,referral
emp_002589,2020-03-31,referral
emp_002590,2025-08-01,university
emp_002591,2026-01-30,referral
emp_002592,2025-10-31,linkedin
emp_002593,2020-05-31,referral
emp_002594,2026-03-02,referral
emp_002595,2025-10-31,referral
emp_002596,2023-05-02,referral
emp_002597,2024-01-31,boomerang
emp_002598,2024-05-01,linkedin
emp_002599,2017-05-01,linkedin
emp_002600,2025-10-01,referral
emp_002601,2025-04-01,recruiter
emp_002602,2025-06-01,company_site
emp_002603,2019-08-31,company_site
emp_002604,2026-03-02,referral
emp_002605,2025-01-30,conference
emp_002606,2024-08-31,referral
emp_002607,2023-05-02,referral
emp_002608,2024-03-01,recruiter
emp_002609,2022-10-01,university
emp_002610,2023-01-30,linkedin
emp_002611,2023-12-31,recruiter
emp_002612,2025-03-01,linkedin
emp_002613,2023-07-02,referral
emp_002614,2023-04-01,referral
emp_002615,2025-06-01,company_site
emp_002616,2024-03-01,linkedin
emp_002617,2021-10-31,linkedin
emp_002618,2023-04-01,linkedin
emp_002619,2022-08-31,referral
emp_002620,2024-08-31,recruiter
emp_002621,2025-11-30,linkedin
emp_002622,2024-10-31,referral
emp_002623,2023-03-02,linkedin
emp_002624,2024-07-01,linkedin
emp_002625,2023-09-01,linkedin
emp_002626,2025-01-30,university
emp_002627,2017-03-01,recruiter
emp_002628,2024-01-31,linkedin
emp_002629,2025-12-31,recruiter
emp_002630,2021-08-01,referral
emp_002631,2023-09-01,company_site
emp_002632,2024-10-31,linkedin
emp_002633,2025-01-30,recruiter
emp_002634,2025-05-01,referral
emp_002635,2025-01-30,recruiter
emp_002636,2024-05-01,linkedin
emp_002637,2022-04-01,linkedin
emp_002638,2023-10-31,university
emp_002639,2024-10-31,linkedin
emp_002640,2022-10-01,recruiter
emp_002641,2025-07-01,recruiter
emp_002642,2021-11-30,recruiter
emp_002643,2024-08-31,recruiter
emp_002644,2024-05-31,referral
emp_002645,2021-04-01,referral
emp_002646,2024-10-31,linkedin
emp_002647,2024-11-30,recruiter
emp_002648,2026-03-02,linkedin
emp_002649,2022-04-01,recruiter
emp_002650,2024-05-31,company_site
emp_002651,2025-05-01,company_site
emp_002652,2021-07-01,linkedin
emp_002653,2025-03-01,recruiter
emp_002654,2021-06-01,university
emp_002655,2022-06-01,recruiter
emp_002656,2025-01-30,referral
emp_002657,2025-10-31,linkedin
emp_002658,2024-01-31,recruiter
emp_002659,2023-06-01,company_site
emp_002660,2019-04-01,referral
emp_002661,2022-12-01,university
emp_002662,2024-01-31,referral
emp_002663,2025-08-01,referral
emp_002664,2022-05-01,referral
emp_002665,2020-08-31,boomerang
emp_002666,2025-04-01,university
emp_002667,2023-05-02,company_site
emp_002668,2021-09-30,recruiter
emp_002669,2020-11-30,recruiter
emp_002670,2023-10-01,referral
emp_002671,2022-03-02,recruiter
emp_002672,2025-06-01,company_site
emp_002673,2024-07-31,company_site
emp_002674,2025-03-01,company_site
emp_002675,2020-01-31,recruiter
emp_002676,2023-10-01,referral
emp_002677,2023-12-31,referral
emp_002678,2022-10-01,company_site
emp_002679,2022-05-01,linkedin
emp_002680,2024-07-31,referral
emp_002681,2023-12-31,company_site
emp_002682,2023-07-02,referral
emp_002683,2024-09-30,linkedin
emp_002684,2024-10-31,linkedin
emp_002685,2023-06-01,linkedin
emp_002686,2021-12-31,recruiter
emp_002687,2024-03-01,linkedin
emp_002688,2025-07-01,referral
emp_002689,2025-10-31,referral
emp_002690,2024-01-31,university
emp_002691,2019-10-31,linkedin
emp_002692,2025-10-31,company_site
emp_002693,2023-01-30,recruiter
emp_002694,2025-08-01,referral
emp_002695,2023-09-01,recruiter
emp_002696,2024-07-01,referral
emp_002697,2026-07-01,referral
emp_002698,2023-09-01,referral
emp_002699,2023-04-01,recruiter
emp_002700,2021-09-30,company_site
emp_002701,2019-05-02,referral
emp_002702,2024-07-31,linkedin
emp_002703,2025-05-01,boomerang
emp_002704,2021-04-01,linkedin
emp_002705,2022-10-01,company_site
emp_002706,2022-12-01,university
emp_002707,2025-04-01,company_site
emp_002708,2024-07-31,university
emp_002709,2023-12-01,company_site
emp_002710,2023-09-01,university
emp_002711,2022-12-01,company_site
emp_002712,2024-11-30,conference
emp_002713,2020-12-30,linkedin
emp_002714,2025-10-31,recruiter
emp_002715,2022-08-01,referral
emp_002716,2023-04-01,referral
emp_002717,2023-05-02,referral
emp_002718,2021-03-01,linkedin
emp_002719,2024-01-31,referral
emp_002720,2025-12-31,recruiter
emp_002721,2023-01-30,company_site
emp_002722,2021-06-01,conference
emp_002723,2025-12-31,referral
emp_002724,2024-05-01,boomerang
emp_002725,2022-10-31,referral
emp_002726,2022-10-01,linkedin
emp_002727,2024-09-30,referral
emp_002728,2025-11-30,referral
emp_002729,2023-07-02,linkedin
emp_002730,2025-04-01,linkedin
emp_002731,2024-11-30,recruiter
emp_002732,2026-07-01,recruiter
emp_002733,2023-08-01,university
emp_002734,2018-12-31,company_site
emp_002735,2024-10-31,referral
emp_002736,2024-12-31,university
emp_002737,2024-05-01,university
emp_002738,2024-09-30,referral
emp_002739,2023-12-01,conference
emp_002740,2025-08-31,linkedin
emp_002741,2025-07-01,company_site
emp_002742,2024-09-30,boomerang
emp_002743,2025-12-31,recruiter
emp_002744,2020-07-01,recruiter
emp_002745,2025-08-01,linkedin
emp_002746,2020-10-31,referral
emp_002747,2022-04-01,recruiter
emp_002748,2026-01-30,recruiter
emp_002749,2025-08-31,referral
emp_002750,2024-08-31,boomerang
emp_002751,2024-01-31,recruiter
emp_002752,2023-08-01,university
emp_002753,2024-04-01,referral
emp_002754,2021-07-01,linkedin
emp_002755,2023-05-02,referral
emp_002756,2023-05-02,university
emp_002757,2023-10-01,conference
emp_002758,2021-08-31,university
emp_002759,2026-03-02,referral
emp_002760,2026-06-01,referral
emp_002761,2024-07-01,referral
emp_002762,2010-03-01,referral
emp_002763,2024-05-31,referral
emp_002764,2024-07-31,recruiter
emp_002765,2023-10-31,conference
emp_002766,2026-04-01,boomerang
emp_002767,2024-05-31,linkedin
emp_002768,2024-01-31,boomerang
emp_002769,2024-03-01,referral
emp_002770,2022-10-31,company_site
emp_002771,2023-12-01,company_site
emp_002772,2022-12-31,recruiter
emp_002773,2025-12-31,company_site
emp_002774,2020-10-31,company_site
emp_002775,2020-05-01,linkedin
emp_002776,2023-01-30,linkedin
emp_002777,2026-03-02,university
emp_002778,2026-01-30,university
emp_002779,2021-12-31,recruiter
emp_002780,2025-10-31,company_site
emp_002781,2026-01-30,linkedin
emp_002782,2025-05-01,referral
emp_002783,2024-08-31,university
emp_002784,2023-12-01,boomerang
emp_002785,2024-05-01,boomerang
emp_002786,2022-08-01,recruiter
emp_002787,2025-06-01,linkedin
emp_002788,2024-10-31,recruiter
emp_002789,2022-12-31,recruiter
emp_002790,2024-01-31,linkedin
emp_002791,2025-01-30,university
emp_002792,2023-08-01,conference
emp_002793,2023-08-01,company_site
emp_002794,2023-01-30,company_site
emp_002795,2026-04-01,conference
emp_002796,2019-06-01,recruiter
emp_002797,2024-07-31,referral
emp_002798,2024-04-01,university
emp_002799,2022-12-31,recruiter
emp_002800,2021-11-30,referral
emp_002801,2024-07-31,recruiter
emp_002802,2025-08-31,university
emp_002803,2010-07-01,linkedin
emp_002804,2022-10-31,company_site
emp_002805,2025-04-01,linkedin
emp_002806,2025-01-30,recruiter
emp_002807,2025-05-01,recruiter
emp_002808,2025-04-01,referral
emp_002809,2025-12-31,recruiter
emp_002810,2021-12-31,referral
emp_002811,2023-01-30,recruiter
emp_002812,2023-08-01,referral
emp_002813,2021-05-01,company_site
emp_002814,2024-07-31,referral
emp_002815,2025-10-01,linkedin
emp_002816,2023-12-31,company_site
emp_002817,2023-10-31,recruiter
emp_002818,2023-09-01,linkedin
emp_002819,2022-01-30,company_site
emp_002820,2022-08-31,referral
emp_002821,2025-08-01,recruiter
emp_002822,2025-11-30,referral
emp_002823,2024-09-30,recruiter
emp_002824,2022-08-31,university
emp_002825,2024-04-01,company_site
emp_002826,2024-07-01,linkedin
emp_002827,2025-04-01,linkedin
emp_002828,2016-08-31,linkedin
emp_002829,2025-10-01,university
emp_002830,2024-12-31,company_site
emp_002831,2026-06-01,university
emp_002832,2025-07-01,referral
emp_002833,2019-08-01,company_site
emp_002834,2024-05-01,linkedin
emp_002835,2023-10-31,university
emp_002836,2017-04-01,referral
emp_002837,2020-07-01,company_site
emp_002838,2023-08-01,referral
emp_002839,2024-01-31,linkedin
emp_002840,2022-01-30,recruiter
emp_002841,2023-03-02,recruiter
emp_002842,2023-06-01,conference
emp_002843,2023-04-01,referral
emp_002844,2025-10-01,recruiter
emp_002845,2021-01-30,referral
emp_002846,2024-03-01,referral
emp_002847,2021-10-31,university
emp_002848,2024-05-01,linkedin
emp_002849,2025-10-31,company_site
emp_002850,2025-03-01,university
emp_002851,2025-10-01,linkedin
emp_002852,2023-01-30,university
emp_002853,2026-03-02,university
emp_002854,2021-10-31,university
emp_002855,2023-10-31,recruiter
emp_002856,2024-05-31,linkedin
emp_002857,2021-04-01,linkedin
emp_002858,2025-03-01,company_site
emp_002859,2021-06-01,university
emp_002860,2017-09-30,referral
emp_002861,2024-11-30,referral
emp_002862,2022-08-31,referral
emp_002863,2024-05-01,boomerang
emp_002864,2025-12-31,recruiter
emp_002865,2026-01-30,conference
emp_002866,2023-03-02,linkedin
emp_002867,2017-11-30,referral
emp_002868,2019-08-31,linkedin
emp_002869,2025-08-31,company_site
emp_002870,2020-05-01,linkedin
emp_002871,2024-11-30,referral
emp_002872,2023-10-01,linkedin
emp_002873,2024-08-31,linkedin
emp_002874,2025-06-01,company_site
emp_002875,2025-08-31,linkedin
emp_002876,2023-01-30,company_site
emp_002877,2023-06-01,linkedin
emp_002878,2025-10-31,company_site
emp_002879,2023-10-31,referral
emp_002880,2024-12-31,linkedin
emp_002881,2024-05-31,recruiter
emp_002882,2024-05-31,university
emp_002883,2025-03-01,recruiter
emp_002884,2020-12-30,recruiter
emp_002885,2024-05-01,referral
emp_002886,2024-07-01,company_site
emp_002887,2025-08-31,boomerang
emp_002888,2023-08-01,boomerang
emp_002889,2025-11-30,recruiter
emp_002890,2026-06-01,recruiter
emp_002891,2023-09-01,university
emp_002892,2025-10-01,linkedin
emp_002893,2025-04-01,recruiter
emp_002894,2024-03-01,linkedin
emp_002895,2022-12-01,company_site
emp_002896,2023-12-01,recruiter
emp_002897,2023-08-01,referral
emp_002898,2023-10-01,company_site
emp_002899,2025-03-01,linkedin
emp_002900,2024-05-31,linkedin
emp_002901,2024-01-31,referral
emp_002902,2023-12-01,linkedin
emp_002903,2019-10-01,linkedin
emp_002904,2024-07-01,referral
emp_002905,2022-08-01,linkedin
emp_002906,2024-03-01,referral
emp_002907,2023-10-01,boomerang
emp_002908,2020-12-30,referral
emp_002909,2025-05-01,company_site
emp_002910,2025-03-01,university
emp_002911,2026-04-01,referral
emp_002912,2024-10-31,referral
emp_002913,2025-01-30,recruiter
emp_002914,2025-12-31,company_site
emp_002915,2025-03-01,company_site
emp_002916,2020-01-31,recruiter
emp_002917,2023-05-02,linkedin
emp_002918,2024-11-30,recruiter
emp_002919,2020-07-31,linkedin
emp_002920,2026-04-01,referral
emp_002921,2024-05-31,conference
emp_002922,2022-07-01,recruiter
emp_002923,2023-10-01,linkedin
emp_002924,2019-05-02,boomerang
emp_002925,2024-03-01,company_site
emp_002926,2022-10-31,company_site
emp_002927,2023-10-01,recruiter
emp_002928,2024-01-31,referral
emp_002929,2026-07-01,recruiter
emp_002930,2024-08-31,referral
emp_002931,2023-10-31,university
emp_002932,2025-05-01,recruiter
emp_002933,2022-04-01,recruiter
emp_002934,2021-07-01,referral
emp_002935,2024-09-30,recruiter
emp_002936,2025-08-01,recruiter
emp_002937,2024-09-30,boomerang
emp_002938,2022-06-01,university
emp_002939,2021-11-30,recruiter
emp_002940,2025-04-01,referral
emp_002941,2018-06-01,linkedin
emp_002942,2025-04-01,recruiter
emp_002943,2024-10-31,recruiter
emp_002944,2023-03-02,referral
emp_002945,2023-12-01,linkedin
emp_002946,2025-04-01,company_site
emp_002947,2024-08-31,company_site
emp_002948,2025-11-30,linkedin
emp_002949,2024-07-01,linkedin
emp_002950,2021-05-01,referral
emp_002951,2025-06-01,recruiter
emp_002952,2025-10-01,linkedin
emp_002953,2021-06-01,linkedin
emp_002954,2022-08-31,referral
emp_002955,2024-07-01,company_site
emp_002956,2021-10-31,conference
emp_002957,2024-03-01,referral
emp_002958,2021-04-01,referral
emp_002959,2022-07-01,referral
emp_002960,2023-10-31,linkedin
emp_002961,2024-01-31,referral
emp_002962,2024-05-31,linkedin
emp_002963,2024-11-30,recruiter
emp_002964,2024-04-01,company_site
emp_002965,2024-01-31,referral
emp_002966,2023-08-01,referral
emp_002967,2025-06-01,university
emp_002968,2025-07-01,linkedin
emp_002969,2025-08-01,referral
emp_002970,2025-12-31,referral
emp_002971,2025-07-01,referral
emp_002972,2025-06-01,referral
emp_002973,2023-12-31,university
emp_002974,2024-10-31,referral
emp_002975,2023-05-02,linkedin
emp_002976,2024-10-31,linkedin
emp_002977,2025-06-01,company_site
emp_002978,2025-03-01,referral
emp_002979,2024-05-31,recruiter
emp_002980,2025-01-30,company_site
emp_002981,2023-10-01,referral
emp_002982,2020-12-30,referral
emp_002983,2025-03-01,referral
emp_002984,2018-08-01,referral
emp_002985,2021-01-30,university
emp_002986,2024-11-30,referral
emp_002987,2021-10-31,university
emp_002988,2016-12-30,recruiter
emp_002989,2024-11-30,boomerang
emp_002990,2025-11-30,referral
emp_002991,2025-12-31,boomerang
emp_002992,2019-12-01,company_site
emp_002993,2023-05-02,referral
emp_002994,2022-10-01,referral
emp_002995,2024-12-31,referral
emp_002996,2021-10-31,linkedin
emp_002997,2023-08-01,company_site
emp_002998,2026-05-02,conference
emp_002999,2021-07-01,company_site
emp_003000,2019-12-31,referral
emp_003001,2025-03-01,referral
emp_003002,2022-08-31,recruiter
emp_003003,2024-05-01,university
emp_003004,2024-12-31,linkedin
emp_003005,2024-07-01,university
emp_003006,2024-07-01,company_site
emp_003007,2024-07-31,linkedin
emp_003008,2023-10-01,boomerang
emp_003009,2024-04-01,boomerang
emp_003010,2022-10-01,company_site
emp_003011,2024-11-30,university
emp_003012,2023-04-01,recruiter
emp_003013,2023-09-01,referral
emp_003014,2024-07-31,referral
emp_003015,2024-10-31,university
emp_003016,2024-12-31,linkedin
emp_003017,2020-12-30,linkedin
emp_003018,2022-10-31,recruiter
emp_003019,2024-08-31,university
emp_003020,2024-10-31,referral
emp_003021,2022-12-01,company_site
emp_003022,2024-07-01,linkedin
emp_003023,2022-01-30,linkedin
emp_003024,2020-09-30,referral
emp_003025,2024-10-31,linkedin
emp_003026,2022-12-01,university
emp_003027,2015-08-31,linkedin
emp_003028,2022-08-01,linkedin
emp_003029,2023-06-01,referral
emp_003030,2023-09-01,company_site
emp_003031,2024-07-31,referral
emp_003032,2025-11-30,referral
emp_003033,2022-01-30,linkedin
emp_003034,2023-09-01,referral
emp_003035,2024-05-31,linkedin
emp_003036,2023-12-01,company_site
emp_003037,2023-01-30,recruiter
emp_003038,2023-12-31,university
emp_003039,2025-03-01,company_site
emp_003040,2023-05-02,conference
emp_003041,2023-12-01,company_site
emp_003042,2023-06-01,referral
emp_003043,2023-08-01,conference
emp_003044,2025-06-01,company_site
emp_003045,2024-11-30,conference
emp_003046,2021-09-30,recruiter
emp_003047,2021-08-31,linkedin
emp_003048,2025-11-30,university
emp_003049,2025-10-01,referral
emp_003050,2025-04-01,conference
emp_003051,2025-11-30,recruiter
emp_003052,2023-05-02,referral
emp_003053,2024-12-31,referral
emp_003054,2022-07-01,company_site
emp_003055,2024-05-31,recruiter
emp_003056,2025-06-01,referral
emp_003057,2020-03-01,university
emp_003058,2024-05-31,recruiter
emp_003059,2024-03-01,linkedin
emp_003060,2023-08-01,referral
emp_003061,2022-03-02,referral
emp_003062,2021-03-01,conference
emp_003063,2025-08-31,recruiter
emp_003064,2024-05-31,referral
emp_003065,2020-03-01,referral
emp_003066,2024-05-31,recruiter
emp_003067,2024-05-01,linkedin
emp_003068,2020-09-30,company_site
emp_003069,2018-10-31,company_site
emp_003070,2025-05-01,company_site
emp_003071,2026-07-01,company_site
emp_003072,2025-08-01,linkedin
emp_003073,2018-08-31,company_site
emp_003074,2024-03-01,referral
emp_003075,2023-04-01,recruiter
emp_003076,2013-12-30,linkedin
emp_003077,2023-07-02,company_site
emp_003078,2022-06-01,company_site
emp_003079,2023-08-01,referral
emp_003080,2025-08-31,recruiter
emp_003081,2025-03-01,referral
emp_003082,2021-07-01,linkedin
emp_003083,2021-12-31,referral
emp_003084,2020-12-30,linkedin
emp_003085,2020-07-01,referral
emp_003086,2018-12-31,company_site
emp_003087,2026-04-01,recruiter
emp_003088,2025-08-01,boomerang
emp_003089,2023-04-01,referral
emp_003090,2025-07-01,recruiter
emp_003091,2024-07-31,linkedin
emp_003092,2024-01-31,linkedin
emp_003093,2022-05-01,referral
emp_003094,2020-01-31,company_site
emp_003095,2024-05-31,referral
emp_003096,2022-05-01,referral
emp_003097,2023-07-02,referral
emp_003098,2023-01-30,referral
emp_003099,2023-12-01,university
emp_003100,2022-08-01,recruiter
emp_003101,2025-03-01,recruiter
emp_003102,2023-06-01,recruiter
emp_003103,2018-08-01,recruiter
emp_003104,2024-04-01,linkedin
emp_003105,2024-12-31,recruiter
emp_003106,2024-07-01,referral
emp_003107,2023-12-31,recruiter
emp_003108,2024-11-30,company_site
emp_003109,2019-12-01,recruiter
emp_003110,2021-12-31,referral
emp_003111,2020-12-30,recruiter
emp_003112,2022-07-01,referral
emp_003113,2024-11-30,linkedin
emp_003114,2023-01-30,university
emp_003115,2024-05-01,university
emp_003116,2026-01-30,referral
emp_003117,2020-07-01,linkedin
emp_003118,2021-11-30,linkedin
emp_003119,2021-06-01,referral
emp_003120,2024-03-01,company_site
emp_003121,2024-05-01,linkedin
emp_003122,2022-08-01,recruiter
emp_003123,2023-08-01,boomerang
emp_003124,2023-10-01,company_site
emp_003125,2026-07-01,boomerang
emp_003126,2023-04-01,recruiter
emp_003127,2023-09-01,linkedin
emp_003128,2023-12-01,university
emp_003129,2024-10-31,recruiter
emp_003130,2024-05-31,recruiter
emp_003131,2024-04-01,company_site
emp_003132,2025-08-31,recruiter
emp_003133,2025-05-01,university
emp_003134,2024-01-31,linkedin
emp_003135,2025-08-31,recruiter
emp_003136,2024-07-31,linkedin
emp_003137,2024-04-01,recruiter
emp_003138,2021-12-31,recruiter
emp_003139,2022-08-31,referral
emp_003140,2023-10-31,referral
emp_003141,2022-01-30,boomerang
emp_003142,2024-03-01,linkedin
emp_003143,2026-01-30,recruiter
emp_003144,2023-03-02,referral
emp_003145,2023-12-01,referral
emp_003146,2023-04-01,conference
emp_003147,2024-07-01,referral
emp_003148,2020-12-30,company_site
emp_003149,2020-07-31,referral
emp_003150,2024-04-01,recruiter
emp_003151,2024-03-01,referral
emp_003152,2019-05-02,linkedin
emp_003153,2025-06-01,recruiter
emp_003154,2026-03-02,recruiter
emp_003155,2022-05-01,company_site
emp_003156,2022-12-01,referral
emp_003157,2021-08-01,company_site
emp_003158,2024-05-31,referral
emp_003159,2025-10-01,conference
emp_003160,2022-10-01,recruiter
emp_003161,2024-05-01,referral
emp_003162,2023-04-01,recruiter
emp_003163,2024-09-30,referral
emp_003164,2024-05-31,referral
emp_003165,2022-03-02,referral
emp_003166,2019-08-01,company_site
emp_003167,2026-06-01,referral
emp_003168,2024-05-01,referral
emp_003169,2022-08-31,referral
emp_003170,2022-10-31,referral
emp_003171,2023-12-31,linkedin
emp_003172,2018-10-01,referral
emp_003173,2024-05-31,recruiter
emp_003174,2025-10-01,linkedin
emp_003175,2024-01-31,linkedin
emp_003176,2025-06-01,recruiter
emp_003177,2021-12-31,company_site
emp_003178,2023-09-01,conference
emp_003179,2022-08-01,linkedin
emp_003180,2023-10-01,referral
emp_003181,2024-09-30,linkedin
emp_003182,2022-10-31,recruiter
emp_003183,2024-05-31,company_site
emp_003184,2026-03-02,university
emp_003185,2025-06-01,recruiter
emp_003186,2017-07-01,company_site
emp_003187,2022-01-30,linkedin
emp_003188,2018-03-01,university
emp_003189,2023-01-30,linkedin
emp_003190,2021-01-30,university
emp_003191,2020-01-31,linkedin
emp_003192,2018-05-01,recruiter
emp_003193,2021-07-01,company_site
emp_003194,2023-05-02,recruiter
emp_003195,2019-12-01,boomerang
emp_003196,2022-06-01,company_site
emp_003197,2022-10-01,university
emp_003198,2021-11-30,linkedin
emp_003199,2023-10-31,linkedin
emp_003200,2023-06-01,company_site
emp_003201,2019-04-01,boomerang
emp_003202,2016-03-01,university
emp_003203,2022-05-01,referral
emp_003204,2023-05-02,referral
emp_003205,2022-08-01,recruiter
emp_003206,2021-09-30,university
emp_003207,2017-08-31,referral
emp_003208,2023-08-01,referral
emp_003209,2021-11-30,linkedin
emp_003210,2017-09-30,conference
emp_003211,2023-12-31,university
emp_003212,2024-12-31,recruiter
emp_003213,2025-05-01,company_site
emp_003214,2022-12-31,referral
emp_003215,2023-12-31,recruiter
emp_003216,2018-01-30,recruiter
emp_003217,2025-01-30,linkedin
emp_003218,2025-08-01,linkedin
emp_003219,2024-05-01,referral
emp_003220,2022-12-01,company_site
emp_003221,2019-12-31,boomerang
emp_003222,2020-05-01,university
emp_003223,2025-08-31,referral
emp_003224,2025-07-01,referral
emp_003225,2021-11-30,company_site
emp_003226,2024-08-31,linkedin
emp_003227,2025-06-01,recruiter
emp_003228,2024-03-01,recruiter
emp_003229,2024-07-01,recruiter
emp_003230,2026-05-02,university
emp_003231,2024-05-01,linkedin
emp_003232,2023-12-01,linkedin
emp_003233,2025-04-01,referral
emp_003234,2026-06-01,linkedin
emp_003235,2024-12-31,referral
emp_003236,2022-10-01,recruiter
emp_003237,2024-11-30,recruiter
emp_003238,2024-11-30,linkedin
emp_003239,2024-04-01,referral
emp_003240,2025-06-01,company_site
emp_003241,2024-05-01,referral
emp_003242,2010-11-30,recruiter
emp_003243,2023-04-01,linkedin
emp_003244,2023-09-01,referral
emp_003245,2023-09-01,linkedin
emp_003246,2024-12-31,recruiter
emp_003247,2020-07-31,company_site
emp_003248,2025-05-01,referral
emp_003249,2019-12-01,university
emp_003250,2023-10-31,company_site
emp_003251,2026-07-01,company_site
emp_003252,2020-11-30,linkedin
emp_003253,2019-12-01,boomerang
emp_003254,2024-07-31,referral
emp_003255,2025-04-01,linkedin
emp_003256,2023-10-01,recruiter
emp_003257,2024-08-31,university
emp_003258,2023-12-01,recruiter
emp_003259,2024-04-01,linkedin
emp_003260,2022-10-01,recruiter
emp_003261,2023-09-01,referral
emp_003262,2024-12-31,boomerang
emp_003263,2025-08-01,referral
emp_003264,2022-12-31,referral
emp_003265,2023-10-31,recruiter
emp_003266,2023-12-31,recruiter
emp_003267,2025-05-01,linkedin
emp_003268,2025-07-01,company_site
emp_003269,2024-10-31,referral
emp_003270,2015-03-02,recruiter
emp_003271,2023-10-01,linkedin
emp_003272,2025-03-01,linkedin
emp_003273,2020-05-31,linkedin
emp_003274,2022-06-01,linkedin
emp_003275,2023-12-31,linkedin
emp_003276,2023-05-02,referral
emp_003277,2024-08-31,referral
emp_003278,2025-10-31,referral
emp_003279,2023-06-01,linkedin
emp_003280,2022-12-01,referral
emp_003281,2024-11-30,recruiter
emp_003282,2023-08-01,referral
emp_003283,2022-12-01,recruiter
emp_003284,2020-12-30,company_site
emp_003285,2024-08-31,company_site
emp_003286,2025-05-01,linkedin
emp_003287,2022-06-01,company_site
emp_003288,2023-09-01,recruiter
emp_003289,2025-07-01,linkedin
emp_003290,2023-08-01,linkedin
emp_003291,2024-03-01,referral
emp_003292,2026-01-30,university
emp_003293,2022-12-31,university
emp_003294,2024-03-01,recruiter
emp_003295,2021-09-30,company_site
emp_003296,2024-09-30,recruiter
emp_003297,2025-01-30,referral
emp_003298,2024-07-31,referral
emp_003299,2018-10-31,company_site
emp_003300,2025-08-31,referral
emp_003301,2025-05-01,referral
emp_003302,2024-07-01,referral
emp_003303,2025-07-01,recruiter
emp_003304,2017-05-01,recruiter
emp_003305,2022-07-01,referral
emp_003306,2023-03-02,recruiter
emp_003307,2023-07-02,linkedin
emp_003308,2025-01-30,recruiter
emp_003309,2019-08-31,boomerang
emp_003310,2020-03-01,referral
emp_003311,2024-09-30,recruiter
emp_003312,2023-10-01,referral
emp_003313,2025-05-01,recruiter
emp_003314,2022-01-30,company_site
emp_003315,2025-10-31,linkedin
emp_003316,2024-09-30,linkedin
emp_003317,2021-09-30,referral
emp_003318,2024-04-01,university
emp_003319,2022-08-31,conference
emp_003320,2024-05-01,recruiter
emp_003321,2019-12-01,referral
emp_003322,2024-01-31,linkedin
emp_003323,2025-06-01,company_site
emp_003324,2024-03-01,recruiter
emp_003325,2025-07-01,university
emp_003326,2023-06-01,referral
emp_003327,2021-03-01,conference
emp_003328,2024-05-31,company_site
emp_003329,2020-05-01,referral
emp_003330,2024-07-31,referral
emp_003331,2026-05-02,linkedin
emp_003332,2022-07-01,referral
emp_003333,2024-05-31,linkedin
emp_003334,2024-03-01,boomerang
emp_003335,2020-07-31,boomerang
emp_003336,2018-03-01,company_site
emp_003337,2024-12-31,linkedin
emp_003338,2024-11-30,linkedin
emp_003339,2020-01-31,linkedin
emp_003340,2023-10-01,company_site
emp_003341,2019-08-01,university
emp_003342,2022-04-01,linkedin
emp_003343,2023-06-01,university
emp_003344,2023-07-02,company_site
emp_003345,2023-03-02,referral
emp_003346,2024-08-31,conference
emp_003347,2025-10-01,referral
emp_003348,2024-09-30,boomerang
emp_003349,2023-12-01,linkedin
emp_003350,2025-01-30,recruiter
emp_003351,2026-05-02,company_site
emp_003352,2020-10-31,referral
emp_003353,2023-12-01,university
emp_003354,2026-06-01,company_site
emp_003355,2023-12-31,conference
emp_003356,2022-07-01,company_site
emp_003357,2023-06-01,linkedin
emp_003358,2020-07-31,recruiter
emp_003359,2023-04-01,referral
emp_003360,2020-05-01,linkedin
emp_003361,2023-07-02,recruiter
emp_003362,2022-04-01,recruiter
emp_003363,2023-10-31,referral
emp_003364,2025-01-30,referral
emp_003365,2022-12-01,conference
emp_003366,2023-05-02,referral
emp_003367,2024-09-30,conference
emp_003368,2023-08-01,university
emp_003369,2025-10-01,referral
emp_003370,2026-04-01,linkedin
emp_003371,2020-05-01,recruiter
emp_003372,2022-03-02,company_site
emp_003373,2024-07-01,boomerang
emp_003374,2023-07-02,conference
emp_003375,2021-01-30,recruiter
emp_003376,2024-08-31,university
emp_003377,2023-09-01,linkedin
emp_003378,2021-08-01,linkedin
emp_003379,2024-01-31,referral
emp_003380,2019-12-01,linkedin
emp_003381,2025-01-30,company_site
emp_003382,2023-04-01,referral
emp_003383,2023-10-31,referral
emp_003384,2023-10-01,linkedin
emp_003385,2024-07-31,referral
emp_003386,2024-01-31,referral
emp_003387,2024-05-31,referral
emp_003388,2024-04-01,linkedin
emp_003389,2024-05-01,referral
emp_003390,2024-03-01,referral
emp_003391,2010-07-31,recruiter
emp_003392,2025-06-01,recruiter
emp_003393,2024-03-01,linkedin
emp_003394,2022-12-01,referral
emp_003395,2022-12-01,referral
emp_003396,2021-12-31,linkedin
emp_003397,2023-04-01,university
emp_003398,2022-10-01,referral
emp_003399,2021-07-01,referral
emp_003400,2025-10-01,recruiter
emp_003401,2023-12-31,linkedin
emp_003402,2024-05-01,referral
emp_003403,2023-12-31,company_site
emp_003404,2022-06-01,referral
emp_003405,2022-12-31,recruiter
emp_003406,2025-10-01,referral
emp_003407,2025-03-01,conference
emp_003408,2025-05-01,company_site
emp_003409,2024-05-31,recruiter
emp_003410,2023-10-31,conference
emp_003411,2020-12-30,linkedin
emp_003412,2020-12-30,linkedin
emp_003413,2025-07-01,linkedin
emp_003414,2022-03-02,referral
emp_003415,2025-03-01,linkedin
emp_003416,2023-08-01,referral
emp_003417,2024-10-31,recruiter
emp_003418,2024-05-01,recruiter
emp_003419,2026-04-01,company_site
emp_003420,2025-08-01,linkedin
emp_003421,2023-04-01,recruiter
emp_003422,2024-10-31,referral
emp_003423,2025-11-30,recruiter
emp_003424,2023-09-01,referral
emp_003425,2026-06-01,recruiter
emp_003426,2025-01-30,linkedin
emp_003427,2025-05-01,recruiter
emp_003428,2023-03-02,company_site
emp_003429,2023-01-30,linkedin
emp_003430,2024-03-01,linkedin
emp_003431,2024-09-30,recruiter
emp_003432,2021-06-01,university
emp_003433,2024-03-01,referral
emp_003434,2024-07-31,company_site
emp_003435,2026-03-02,company_site
emp_003436,2025-06-01,company_site
emp_003437,2024-01-31,recruiter
emp_003438,2025-04-01,company_site
emp_003439,2022-04-01,recruiter
emp_003440,2020-09-30,university
emp_003441,2022-12-31,company_site
emp_003442,2023-06-01,linkedin
emp_003443,2023-06-01,referral
emp_003444,2021-11-30,recruiter
emp_003445,2009-03-31,linkedin
emp_003446,2019-10-01,conference
emp_003447,2024-07-01,recruiter
emp_003448,2025-10-01,referral
emp_003449,2025-10-01,referral
emp_003450,2019-10-01,linkedin
emp_003451,2023-09-01,linkedin
emp_003452,2023-12-31,university
emp_003453,2022-10-31,recruiter
emp_003454,2023-09-01,company_site
emp_003455,2018-03-01,recruiter
emp_003456,2024-07-01,recruiter
emp_003457,2024-11-30,company_site
emp_003458,2017-11-30,university
emp_003459,2019-07-02,referral
emp_003460,2025-08-01,linkedin
emp_003461,2023-12-01,company_site
emp_003462,2022-03-02,university
emp_003463,2018-08-01,recruiter
emp_003464,2025-07-01,conference
emp_003465,2021-07-01,linkedin
emp_003466,2023-12-01,linkedin
emp_003467,2022-06-01,conference
emp_003468,2023-08-01,linkedin
emp_003469,2012-10-30,referral
emp_003470,2024-04-01,referral
emp_003471,2024-04-01,referral
emp_003472,2025-04-01,referral
emp_003473,2025-10-31,linkedin
emp_003474,2024-11-30,referral
emp_003475,2024-11-30,linkedin
emp_003476,2025-12-31,recruiter
emp_003477,2024-05-01,university
emp_003478,2023-04-01,referral
emp_003479,2023-12-31,university
emp_003480,2025-11-30,referral
emp_003481,2025-12-31,recruiter
emp_003482,2021-05-01,referral
emp_003483,2023-08-01,referral
emp_003484,2025-10-31,referral
emp_003485,2024-11-30,company_site
emp_003486,2023-01-30,linkedin
emp_003487,2025-11-30,recruiter
emp_003488,2025-01-30,boomerang
emp_003489,2024-07-01,linkedin
emp_003490,2024-03-01,recruiter
emp_003491,2024-04-01,recruiter
emp_003492,2024-10-31,referral
emp_003493,2026-03-02,referral
emp_003494,2023-09-01,referral
emp_003495,2024-01-31,linkedin
emp_003496,2024-03-01,boomerang
emp_003497,2025-05-01,recruiter
emp_003498,2025-04-01,linkedin
emp_003499,2024-09-30,conference
emp_003500,2025-07-01,linkedin
emp_003501,2024-07-01,recruiter
emp_003502,2024-07-31,recruiter
emp_003503,2023-04-01,linkedin
emp_003504,2021-10-31,linkedin
emp_003505,2021-06-01,conference
emp_003506,2024-07-01,recruiter
emp_003507,2021-07-01,company_site
emp_003508,2024-11-30,recruiter
emp_003509,2023-12-31,recruiter
emp_003510,2023-01-30,referral
emp_003511,2024-07-01,recruiter
emp_003512,2024-04-01,linkedin
emp_003513,2022-12-31,boomerang
emp_003514,2024-03-01,referral
emp_003515,2025-11-30,company_site
emp_003516,2024-12-31,linkedin
emp_003517,2022-05-01,conference
emp_003518,2024-11-30,recruiter
emp_003519,2024-08-31,company_site
emp_003520,2024-05-01,conference
emp_003521,2025-01-30,referral
emp_003522,2023-07-02,linkedin
emp_003523,2023-12-31,linkedin
emp_003524,2023-04-01,referral
emp_003525,2024-07-31,recruiter
emp_003526,2022-12-31,boomerang
emp_003527,2023-09-01,linkedin
emp_003528,2024-10-31,linkedin
emp_003529,2024-11-30,company_site
emp_003530,2025-04-01,linkedin
emp_003531,2023-01-30,referral
emp_003532,2025-04-01,company_site
emp_003533,2023-12-31,recruiter
emp_003534,2023-06-01,company_site
emp_003535,2024-09-30,referral
emp_003536,2023-12-01,linkedin
emp_003537,2022-12-01,linkedin
emp_003538,2018-08-01,recruiter
emp_003539,2024-07-01,recruiter
emp_003540,2024-01-31,linkedin
emp_003541,2023-12-31,recruiter
emp_003542,2022-03-02,referral
emp_003543,2021-08-31,referral
emp_003544,2024-07-31,linkedin
emp_003545,2021-03-01,university
emp_003546,2025-08-31,company_site
emp_003547,2018-05-01,referral
emp_003548,2022-07-01,linkedin
emp_003549,2024-07-31,referral
emp_003550,2016-11-30,referral
emp_003551,2023-08-01,linkedin
emp_003552,2022-07-01,linkedin
emp_003553,2023-12-31,conference
emp_003554,2024-03-01,linkedin
emp_003555,2021-12-31,linkedin
emp_003556,2024-07-31,boomerang
emp_003557,2024-09-30,company_site
emp_003558,2024-05-31,linkedin
emp_003559,2022-12-01,company_site
emp_003560,2023-07-02,company_site
emp_003561,2023-03-02,company_site
emp_003562,2025-06-01,linkedin
emp_003563,2023-09-01,referral
emp_003564,2025-05-01,university
emp_003565,2026-01-30,linkedin
emp_003566,2023-10-31,conference
emp_003567,2021-07-01,boomerang
emp_003568,2024-08-31,university
emp_003569,2024-04-01,university
emp_003570,2023-06-01,referral
emp_003571,2024-05-31,company_site
emp_003572,2022-08-31,recruiter
emp_003573,2023-10-31,referral
emp_003574,2024-08-31,conference
emp_003575,2022-03-02,recruiter
emp_003576,2023-03-02,recruiter
emp_003577,2023-03-02,referral
emp_003578,2024-07-01,boomerang
emp_003579,2024-12-31,company_site
emp_003580,2024-01-31,company_site
emp_003581,2021-08-01,linkedin
emp_003582,2023-09-01,recruiter
emp_003583,2023-12-31,referral
emp_003584,2025-06-01,referral
emp_003585,2022-07-01,university
emp_003586,2025-12-31,company_site
emp_003587,2025-12-31,linkedin
emp_003588,2025-05-01,linkedin
emp_003589,2024-05-01,recruiter
emp_003590,2024-05-01,company_site
emp_003591,2025-01-30,recruiter
emp_003592,2026-07-01,referral
emp_003593,2025-03-01,recruiter
emp_003594,2024-07-01,linkedin
emp_003595,2023-08-01,referral
emp_003596,2023-09-01,company_site
emp_003597,2025-07-01,company_site
emp_003598,2022-08-01,recruiter
emp_003599,2025-03-01,conference
emp_003600,2025-01-30,recruiter
emp_003601,2022-03-02,recruiter
emp_003602,2024-12-31,referral
emp_003603,2021-09-30,referral
emp_003604,2021-08-01,referral
emp_003605,2023-09-01,company_site
emp_003606,2025-12-31,referral
emp_003607,2022-10-31,referral
emp_003608,2015-07-01,linkedin
emp_003609,2021-07-01,referral
emp_003610,2025-03-01,referral
emp_003611,2024-09-30,linkedin
emp_003612,2018-11-30,linkedin
emp_003613,2026-07-01,linkedin
emp_003614,2020-05-31,recruiter
emp_003615,2024-05-01,linkedin
emp_003616,2022-01-30,company_site
emp_003617,2025-03-01,company_site
emp_003618,2020-12-30,recruiter
emp_003619,2024-05-01,recruiter
emp_003620,2021-10-31,recruiter
emp_003621,2021-08-31,recruiter
emp_003622,2024-07-01,linkedin
emp_003623,2024-05-01,referral
emp_003624,2023-07-02,conference
emp_003625,2025-04-01,linkedin
emp_003626,2022-06-01,referral
emp_003627,2024-10-31,referral
emp_003628,2025-01-30,company_site
emp_003629,2026-01-30,company_site
emp_003630,2024-08-31,referral
emp_003631,2016-11-30,recruiter
emp_003632,2022-10-31,company_site
emp_003633,2024-05-01,company_site
emp_003634,2025-08-01,boomerang
emp_003635,2021-08-01,recruiter
emp_003636,2022-08-31,referral
emp_003637,2022-01-30,company_site
emp_003638,2026-01-30,company_site
emp_003639,2025-12-31,company_site
emp_003640,2020-01-31,company_site
emp_003641,2022-12-31,referral
emp_003642,2024-01-31,linkedin
emp_003643,2024-05-01,referral
emp_003644,2023-10-31,company_site
emp_003645,2024-01-31,referral
emp_003646,2023-10-31,recruiter
emp_003647,2024-09-30,recruiter
emp_003648,2022-10-31,recruiter
emp_003649,2025-08-01,university
emp_003650,2024-04-01,referral
emp_003651,2021-01-30,referral
emp_003652,2025-01-30,company_site
emp_003653,2021-01-30,referral
emp_003654,2026-05-02,linkedin
emp_003655,2024-11-30,company_site
emp_003656,2024-11-30,recruiter
emp_003657,2011-06-01,recruiter
emp_003658,2025-06-01,university
emp_003659,2023-10-31,linkedin
emp_003660,2024-05-01,referral
emp_003661,2025-03-01,university
emp_003662,2019-10-01,recruiter
emp_003663,2025-04-01,linkedin
emp_003664,2025-04-01,university
emp_003665,2023-12-31,linkedin
emp_003666,2024-01-31,referral
emp_003667,2023-09-01,company_site
emp_003668,2017-07-31,company_site
emp_003669,2022-08-01,company_site
emp_003670,2023-01-30,linkedin
emp_003671,2025-10-31,recruiter
emp_003672,2024-07-31,referral
emp_003673,2022-10-31,boomerang
emp_003674,2021-03-01,boomerang
emp_003675,2021-06-01,recruiter
emp_003676,2024-08-31,linkedin
emp_003677,2026-01-30,linkedin
emp_003678,2018-04-01,university
emp_003679,2024-07-31,recruiter
emp_003680,2023-12-31,university
emp_003681,2024-03-01,company_site
emp_003682,2025-11-30,recruiter
emp_003683,2023-10-31,recruiter
emp_003684,2024-08-31,linkedin
emp_003685,2023-07-02,referral
emp_003686,2024-07-31,company_site
emp_003687,2020-03-31,company_site
emp_003688,2024-05-31,company_site
emp_003689,2025-10-31,linkedin
emp_003690,2022-06-01,boomerang
emp_003691,2020-05-31,company_site
emp_003692,2023-08-01,recruiter
emp_003693,2023-05-02,referral
emp_003694,2022-10-01,linkedin
emp_003695,2022-12-31,university
emp_003696,2025-08-01,recruiter
emp_003697,2024-09-30,recruiter
emp_003698,2025-11-30,linkedin
emp_003699,2024-05-31,conference
emp_003700,2023-09-01,recruiter
emp_003701,2018-10-01,company_site
emp_003702,2024-08-31,linkedin
emp_003703,2025-06-01,university
emp_003704,2025-06-01,company_site
emp_003705,2014-11-30,referral
emp_003706,2024-01-31,referral
emp_003707,2023-07-02,company_site
emp_003708,2019-07-02,linkedin
emp_003709,2022-05-01,conference
emp_003710,2025-04-01,recruiter
emp_003711,2025-10-01,company_site
emp_003712,2023-07-02,company_site
emp_003713,2023-12-01,linkedin
emp_003714,2023-07-02,referral
emp_003715,2021-08-31,linkedin
emp_003716,2025-03-01,recruiter
emp_003717,2023-06-01,company_site
emp_003718,2026-01-30,recruiter
emp_003719,2024-04-01,linkedin
emp_003720,2025-06-01,referral
emp_003721,2025-08-01,company_site
emp_003722,2022-06-01,referral
emp_003723,2021-04-01,referral
emp_003724,2025-04-01,referral
emp_003725,2024-01-31,university
emp_003726,2025-08-01,referral
emp_003727,2023-01-30,conference
emp_003728,2024-11-30,linkedin
emp_003729,2024-05-31,referral
emp_003730,2015-10-01,company_site
emp_003731,2025-08-01,linkedin
emp_003732,2025-06-01,recruiter
emp_003733,2024-07-31,recruiter
emp_003734,2023-10-31,recruiter
emp_003735,2024-03-01,recruiter
emp_003736,2026-01-30,linkedin
emp_003737,2023-04-01,university
emp_003738,2023-12-31,boomerang
emp_003739,2024-01-31,referral
emp_003740,2023-01-30,company_site
emp_003741,2025-03-01,linkedin
emp_003742,2024-05-31,linkedin
emp_003743,2024-11-30,recruiter
emp_003744,2023-10-01,referral
emp_003745,2021-09-30,referral
emp_003746,2022-07-01,referral
emp_003747,2021-11-30,referral
emp_003748,2023-07-02,recruiter
emp_003749,2025-07-01,linkedin
emp_003750,2025-06-01,linkedin
emp_003751,2024-05-01,company_site
emp_003752,2025-01-30,referral
emp_003753,2022-08-01,referral
emp_003754,2023-03-02,recruiter
emp_003755,2021-12-31,referral
emp_003756,2023-03-02,referral
emp_003757,2017-10-31,linkedin
emp_003758,2021-07-01,company_site
emp_003759,2023-10-01,linkedin
emp_003760,2024-09-30,referral
emp_003761,2017-07-31,referral
emp_003762,2018-04-01,university
emp_003763,2025-07-01,recruiter
emp_003764,2025-03-01,referral
emp_003765,2023-12-31,referral
emp_003766,2023-08-01,recruiter
emp_003767,2024-10-31,referral
emp_003768,2024-10-31,referral
emp_003769,2023-10-31,company_site
emp_003770,2023-10-31,referral
emp_003771,2024-08-31,university
emp_003772,2023-12-01,university
emp_003773,2024-01-31,referral
emp_003774,2015-08-31,referral
emp_003775,2026-01-30,linkedin
emp_003776,2024-07-31,company_site
emp_003777,2025-06-01,company_site
emp_003778,2023-10-01,linkedin
emp_003779,2023-05-02,company_site
emp_003780,2023-09-01,recruiter
emp_003781,2023-03-02,linkedin
emp_003782,2020-11-30,referral
emp_003783,2023-07-02,linkedin
emp_003784,2025-06-01,referral
emp_003785,2023-12-01,boomerang
emp_003786,2023-04-01,linkedin
emp_003787,2025-06-01,recruiter
emp_003788,2025-03-01,boomerang
emp_003789,2018-10-31,conference
emp_003790,2023-10-31,linkedin
emp_003791,2023-06-01,recruiter
emp_003792,2023-12-31,company_site
emp_003793,2023-04-01,recruiter
emp_003794,2023-07-02,university
emp_003795,2023-10-31,company_site
emp_003796,2013-07-01,referral
emp_003797,2025-10-01,referral
emp_003798,2024-04-01,referral
emp_003799,2026-06-01,referral
emp_003800,2022-12-01,recruiter
emp_003801,2024-05-31,recruiter
emp_003802,2025-08-01,company_site
emp_003803,2020-07-31,recruiter
emp_003804,2024-05-31,referral
emp_003805,2023-03-02,company_site
emp_003806,2023-12-01,recruiter
emp_003807,2024-03-01,university
emp_003808,2023-07-02,referral
emp_003809,2025-11-30,referral
emp_003810,2024-07-31,conference
emp_003811,2024-05-01,company_site
emp_003812,2018-05-01,referral
emp_003813,2023-07-02,referral
emp_003814,2021-07-01,recruiter
emp_003815,2025-10-01,referral
emp_003816,2024-07-01,referral
emp_003817,2023-05-02,company_site
emp_003818,2021-03-01,recruiter
emp_003819,2023-01-30,recruiter
emp_003820,2025-01-30,linkedin
emp_003821,2025-10-01,referral
emp_003822,2024-01-31,recruiter
emp_003823,2019-08-31,company_site
emp_003824,2025-05-01,linkedin
emp_003825,2024-08-31,referral
emp_003826,2022-03-02,university
emp_003827,2024-07-31,linkedin
emp_003828,2025-10-31,referral
emp_003829,2025-08-01,recruiter
emp_003830,2025-08-01,referral
emp_003831,2019-12-01,recruiter
emp_003832,2023-05-02,referral
emp_003833,2024-05-01,referral
emp_003834,2024-07-01,linkedin
emp_003835,2025-08-31,referral
emp_003836,2025-05-01,referral
emp_003837,2025-06-01,referral
emp_003838,2025-08-31,referral
emp_003839,2024-01-31,linkedin
emp_003840,2021-10-31,company_site
emp_003841,2025-06-01,referral
emp_003842,2023-12-31,company_site
emp_003843,2021-06-01,linkedin
emp_003844,2024-10-31,referral
emp_003845,2026-06-01,linkedin
emp_003846,2022-07-01,referral
emp_003847,2024-07-01,recruiter
emp_003848,2023-09-01,linkedin
emp_003849,2024-03-01,recruiter
emp_003850,2023-09-01,university
emp_003851,2024-03-01,linkedin
emp_003852,2024-04-01,university
emp_003853,2019-08-01,linkedin
emp_003854,2023-10-31,company_site
emp_003855,2025-05-01,linkedin
emp_003856,2012-12-30,linkedin
emp_003857,2022-12-01,conference
emp_003858,2024-01-31,recruiter
emp_003859,2022-12-01,boomerang
emp_003860,2024-07-31,linkedin
emp_003861,2016-08-31,referral
emp_003862,2025-12-31,conference
emp_003863,2023-01-30,linkedin
emp_003864,2025-04-01,linkedin
emp_003865,2024-09-30,recruiter
emp_003866,2024-04-01,recruiter
emp_003867,2020-05-31,recruiter
emp_003868,2020-07-31,referral
emp_003869,2020-07-01,recruiter
emp_003870,2018-08-01,recruiter
emp_003871,2020-07-31,linkedin
emp_003872,2024-05-31,linkedin
emp_003873,2025-01-30,linkedin
emp_003874,2023-12-01,linkedin
emp_003875,2024-10-31,recruiter
emp_003876,2020-03-31,recruiter
emp_003877,2018-08-31,referral
emp_003878,2025-05-01,referral
emp_003879,2023-12-31,company_site
emp_003880,2024-09-30,linkedin
emp_003881,2021-07-01,referral
emp_003882,2022-06-01,referral
emp_003883,2024-09-30,referral
emp_003884,2022-08-01,linkedin
emp_003885,2025-05-01,referral
emp_003886,2023-07-02,company_site
emp_003887,2026-01-30,company_site
emp_003888,2021-12-31,university
emp_003889,2020-07-31,referral
emp_003890,2021-05-01,recruiter
emp_003891,2023-03-02,company_site
emp_003892,2025-05-01,linkedin
emp_003893,2025-06-01,company_site
emp_003894,2023-08-01,linkedin
emp_003895,2022-01-30,recruiter
emp_003896,2024-12-31,linkedin
emp_003897,2021-01-30,recruiter
emp_003898,2024-11-30,university
emp_003899,2024-07-01,recruiter
emp_003900,2025-03-01,referral
emp_003901,2016-03-31,linkedin
emp_003902,2025-06-01,referral
emp_003903,2023-09-01,company_site
emp_003904,2016-09-30,linkedin
emp_003905,2025-07-01,linkedin
emp_003906,2022-08-01,recruiter
emp_003907,2024-01-31,conference
emp_003908,2024-12-31,referral
emp_003909,2023-05-02,referral
emp_003910,2019-04-01,referral
emp_003911,2021-04-01,university
emp_003912,2025-10-31,company_site
emp_003913,2025-05-01,referral
emp_003914,2025-05-01,company_site
emp_003915,2024-11-30,linkedin
emp_003916,2022-08-31,recruiter
emp_003917,2023-07-02,linkedin
emp_003918,2022-01-30,recruiter
emp_003919,2022-03-02,recruiter
emp_003920,2023-05-02,referral
emp_003921,2021-03-01,university
emp_003922,2022-10-31,linkedin
emp_003923,2023-06-01,linkedin
emp_003924,2021-09-30,university
emp_003925,2026-05-02,university
emp_003926,2016-07-31,boomerang
emp_003927,2022-08-01,referral
emp_003928,2024-11-30,university
emp_003929,2026-03-02,linkedin
emp_003930,2022-04-01,recruiter
emp_003931,2021-11-30,linkedin
emp_003932,2025-10-31,linkedin
emp_003933,2025-03-01,referral
emp_003934,2024-03-01,linkedin
emp_003935,2022-10-31,linkedin
emp_003936,2026-04-01,recruiter
emp_003937,2023-10-31,referral
emp_003938,2025-03-01,recruiter
emp_003939,2023-09-01,recruiter
emp_003940,2023-05-02,referral
emp_003941,2018-10-01,linkedin
emp_003942,2023-04-01,referral
emp_003943,2024-10-31,referral
emp_003944,2023-09-01,recruiter
emp_003945,2024-10-31,company_site
emp_003946,2025-10-31,company_site
emp_003947,2024-05-01,university
emp_003948,2024-07-31,referral
emp_003949,2025-01-30,referral
emp_003950,2023-12-01,company_site
emp_003951,2020-05-01,referral
emp_003952,2024-10-31,company_site
emp_003953,2023-06-01,recruiter
emp_003954,2024-10-31,company_site
emp_003955,2025-04-01,linkedin
emp_003956,2017-09-30,university
emp_003957,2022-08-01,referral
emp_003958,2023-12-01,company_site
emp_003959,2023-12-01,recruiter
emp_003960,2024-11-30,referral
emp_003961,2017-06-01,linkedin
emp_003962,2024-10-31,referral
emp_003963,2025-11-30,conference
emp_003964,2025-10-01,conference
emp_003965,2025-07-01,recruiter
emp_003966,2025-01-30,referral
emp_003967,2025-04-01,recruiter
emp_003968,2026-03-02,referral
emp_003969,2023-12-01,referral
emp_003970,2019-12-01,referral
emp_003971,2022-06-01,referral
emp_003972,2022-07-01,company_site
emp_003973,2024-11-30,boomerang
emp_003974,2025-01-30,conference
emp_003975,2025-01-30,university
emp_003976,2025-10-01,referral
emp_003977,2022-10-01,university
emp_003978,2021-06-01,linkedin
emp_003979,2022-10-31,linkedin
emp_003980,2024-08-31,company_site
emp_003981,2025-08-31,company_site
emp_003982,2025-11-30,referral
emp_003983,2024-12-31,conference
emp_003984,2024-07-01,linkedin
emp_003985,2025-07-01,referral
emp_003986,2023-12-01,linkedin
emp_003987,2021-08-01,linkedin
emp_003988,2024-12-31,company_site
emp_003989,2023-12-01,recruiter
emp_003990,2025-08-01,referral
emp_003991,2021-08-31,recruiter
emp_003992,2023-12-31,linkedin
emp_003993,2021-06-01,referral
emp_003994,2025-08-31,company_site
emp_003995,2023-08-01,recruiter
emp_003996,2025-08-01,recruiter
emp_003997,2024-12-31,linkedin
emp_003998,2024-10-31,university
emp_003999,2025-04-01,referral
emp_004000,2025-04-01,company_site
emp_004001,2024-01-31,recruiter
emp_004002,2025-05-01,referral
emp_004003,2024-05-01,referral
emp_004004,2023-09-01,referral
emp_004005,2023-05-02,referral
emp_004006,2023-10-31,linkedin
emp_004007,2024-07-31,linkedin
emp_004008,2025-11-30,referral
emp_004009,2025-08-31,recruiter
emp_004010,2024-03-01,referral
emp_004011,2023-12-31,linkedin
emp_004012,2022-12-31,referral
emp_004013,2024-01-31,linkedin
emp_004014,2025-07-01,referral
emp_004015,2025-03-01,referral
emp_004016,2023-08-01,recruiter
emp_004017,2024-04-01,company_site
emp_004018,2024-07-31,university
emp_004019,2024-10-31,linkedin
emp_004020,2022-08-01,linkedin
emp_004021,2024-11-30,referral
emp_004022,2021-05-01,referral
emp_004023,2023-10-01,recruiter
emp_004024,2024-05-31,linkedin
emp_004025,2025-08-01,linkedin
emp_004026,2023-04-01,university
emp_004027,2026-03-02,linkedin
emp_004028,2023-08-01,referral
emp_004029,2024-04-01,recruiter
emp_004030,2021-07-01,referral
emp_004031,2021-06-01,referral
emp_004032,2026-03-02,referral
emp_004033,2025-08-31,referral
emp_004034,2018-08-01,university
emp_004035,2022-01-30,referral
emp_004036,2023-08-01,linkedin
emp_004037,2025-08-01,linkedin
emp_004038,2025-11-30,company_site
emp_004039,2024-11-30,university
emp_004040,2024-07-31,university
emp_004041,2023-04-01,referral
emp_004042,2024-09-30,referral
emp_004043,2025-01-30,referral
emp_004044,2023-12-31,recruiter
emp_004045,2020-12-30,linkedin
emp_004046,2025-07-01,recruiter
emp_004047,2023-04-01,linkedin
emp_004048,2022-08-31,recruiter
emp_004049,2021-10-31,university
emp_004050,2025-07-01,company_site
emp_004051,2017-12-31,company_site
emp_004052,2022-12-01,referral
emp_004053,2022-12-31,referral
emp_004054,2026-03-02,company_site
emp_004055,2023-01-30,linkedin
emp_004056,2024-12-31,referral
emp_004057,2026-01-30,company_site
emp_004058,2024-03-01,referral
emp_004059,2019-12-31,recruiter
emp_004060,2025-08-01,recruiter
emp_004061,2023-12-31,boomerang
emp_004062,2025-05-01,referral
emp_004063,2023-01-30,linkedin
emp_004064,2024-07-01,referral
emp_004065,2017-04-01,university
emp_004066,2025-08-31,recruiter
emp_004067,2025-04-01,company_site
emp_004068,2024-05-31,conference
emp_004069,2024-05-31,company_site
emp_004070,2024-03-01,referral
emp_004071,2023-10-01,linkedin
emp_004072,2023-10-01,referral
emp_004073,2022-07-01,referral
emp_004074,2024-05-01,boomerang
emp_004075,2017-05-01,recruiter
emp_004076,2025-11-30,referral
emp_004077,2025-07-01,referral
emp_004078,2013-09-30,linkedin
emp_004079,2024-01-31,company_site
emp_004080,2023-10-31,recruiter
emp_004081,2021-10-31,recruiter
emp_004082,2019-10-31,recruiter
emp_004083,2023-03-02,linkedin
emp_004084,2023-05-02,referral
emp_004085,2024-05-31,referral
emp_004086,2021-05-01,referral
emp_004087,2024-05-31,boomerang
emp_004088,2020-03-01,linkedin
emp_004089,2025-11-30,referral
emp_004090,2021-10-31,referral
emp_004091,2023-04-01,university
emp_004092,2024-05-31,linkedin
emp_004093,2024-08-31,referral
emp_004094,2025-03-01,referral
emp_004095,2026-05-02,recruiter
emp_004096,2025-04-01,company_site
emp_004097,2026-03-02,university
emp_004098,2019-08-01,linkedin
emp_004099,2024-11-30,linkedin
emp_004100,2023-09-01,recruiter
emp_004101,2023-12-01,referral
emp_004102,2025-06-01,referral
emp_004103,2024-03-01,referral
emp_004104,2022-01-30,referral
emp_004105,2020-03-01,referral
emp_004106,2024-01-31,linkedin
emp_004107,2023-04-01,university
emp_004108,2024-10-31,recruiter
emp_004109,2025-12-31,company_site
emp_004110,2024-05-01,referral
emp_004111,2023-12-01,referral
emp_004112,2023-01-30,linkedin
emp_004113,2025-08-01,company_site
emp_004114,2025-08-31,linkedin
emp_004115,2024-12-31,referral
emp_004116,2025-10-01,recruiter
emp_004117,2025-01-30,referral
emp_004118,2021-11-30,referral
emp_004119,2024-04-01,recruiter
emp_004120,2024-05-01,linkedin
emp_004121,2021-09-30,linkedin
emp_004122,2014-08-01,referral
emp_004123,2023-12-31,recruiter
emp_004124,2024-07-01,referral
emp_004125,2023-08-01,referral
emp_004126,2026-07-01,referral
emp_004127,2023-10-31,company_site
emp_004128,2017-10-31,company_site
emp_004129,2025-04-01,recruiter
emp_004130,2022-10-31,recruiter
emp_004131,2023-03-02,referral
emp_004132,2024-03-01,referral
emp_004133,2024-01-31,linkedin
emp_004134,2023-09-01,recruiter
emp_004135,2025-03-01,company_site
emp_004136,2023-10-31,referral
emp_004137,2025-03-01,linkedin
emp_004138,2020-07-31,linkedin
emp_004139,2022-03-02,company_site
emp_004140,2023-10-31,referral
emp_004141,2024-04-01,recruiter
emp_004142,2025-12-31,recruiter
emp_004143,2026-07-01,referral
emp_004144,2023-07-02,referral
emp_004145,2025-11-30,recruiter
emp_004146,2024-05-31,referral
emp_004147,2024-01-31,linkedin
emp_004148,2023-04-01,boomerang
emp_004149,2023-10-01,recruiter
emp_004150,2024-10-31,referral
emp_004151,2019-08-31,linkedin
emp_004152,2019-10-31,recruiter
emp_004153,2025-06-01,recruiter
emp_004154,2023-08-01,referral
emp_004155,2022-07-01,linkedin
emp_004156,2022-07-01,recruiter
emp_004157,2025-01-30,recruiter
emp_004158,2024-12-31,company_site
emp_004159,2024-08-31,recruiter
emp_004160,2022-12-01,linkedin
emp_004161,2025-08-31,recruiter
emp_004162,2023-12-31,university
emp_004163,2025-07-01,recruiter
emp_004164,2024-08-31,linkedin
emp_004165,2025-08-01,linkedin
emp_004166,2024-01-31,university
emp_004167,2025-05-01,referral
emp_004168,2021-10-31,university
emp_004169,2024-05-01,recruiter
emp_004170,2022-08-31,recruiter
emp_004171,2025-03-01,referral
emp_004172,2024-12-31,referral
emp_004173,2024-07-01,recruiter
emp_004174,2025-10-01,university
emp_004175,2025-06-01,recruiter
emp_004176,2021-03-01,recruiter
emp_004177,2021-04-01,university
emp_004178,2021-05-01,boomerang
emp_004179,2022-05-01,company_site
emp_004180,2023-09-01,recruiter
emp_004181,2023-09-01,university
emp_004182,2024-10-31,referral
emp_004183,2019-10-31,recruiter
emp_004184,2024-01-31,linkedin
emp_004185,2023-04-01,linkedin
emp_004186,2023-10-01,recruiter
emp_004187,2024-07-01,company_site
emp_004188,2024-01-31,referral
emp_004189,2022-08-01,company_site
emp_004190,2025-10-01,recruiter
emp_004191,2023-07-02,linkedin
emp_004192,2020-08-31,recruiter
emp_004193,2024-11-30,referral
emp_004194,2024-04-01,recruiter
emp_004195,2024-01-31,referral
emp_004196,2023-08-01,university
emp_004197,2023-09-01,referral
emp_004198,2022-04-01,company_site
emp_004199,2025-11-30,conference
emp_004200,2018-07-01,referral
emp_004201,2024-08-31,recruiter
emp_004202,2023-06-01,linkedin
emp_004203,2022-05-01,referral
emp_004204,2022-03-02,recruiter
emp_004205,2024-04-01,linkedin
emp_004206,2025-10-01,company_site
emp_004207,2022-05-01,linkedin
emp_004208,2024-03-01,recruiter
emp_004209,2023-12-31,linkedin
emp_004210,2025-07-01,referral
emp_004211,2022-08-31,recruiter
emp_004212,2025-03-01,referral
emp_004213,2026-04-01,referral
emp_004214,2024-08-31,company_site
emp_004215,2025-08-31,referral
emp_004216,2023-08-01,linkedin
emp_004217,2025-04-01,university
emp_004218,2023-12-31,linkedin
emp_004219,2025-01-30,linkedin
emp_004220,2024-12-31,boomerang
emp_004221,2023-10-31,referral
emp_004222,2025-03-01,recruiter
emp_004223,2023-05-02,recruiter
emp_004224,2023-03-02,company_site
emp_004225,2023-08-01,linkedin
emp_004226,2022-12-31,recruiter
emp_004227,2026-04-01,linkedin
emp_004228,2024-04-01,recruiter
emp_004229,2023-08-01,referral
emp_004230,2023-12-01,referral
emp_004231,2024-07-31,linkedin
emp_004232,2022-08-01,recruiter
emp_004233,2025-01-30,referral
emp_004234,2025-10-31,linkedin
emp_004235,2025-04-01,recruiter
emp_004236,2022-07-01,referral
emp_004237,2021-04-01,referral
emp_004238,2024-12-31,linkedin
emp_004239,2025-04-01,referral
emp_004240,2025-04-01,conference
emp_004241,2026-04-01,university
emp_004242,2022-04-01,recruiter
emp_004243,2021-06-01,company_site
emp_004244,2023-01-30,recruiter
emp_004245,2014-08-01,recruiter
emp_004246,2023-08-01,linkedin
emp_004247,2024-03-01,conference
emp_004248,2024-11-30,recruiter
emp_004249,2021-08-01,referral
emp_004250,2025-08-01,company_site
emp_004251,2022-05-01,linkedin
emp_004252,2025-11-30,referral
emp_004253,2026-04-01,referral
emp_004254,2025-10-01,linkedin
emp_004255,2025-01-30,recruiter
emp_004256,2024-10-31,referral
emp_004257,2025-08-01,linkedin
emp_004258,2024-07-31,university
emp_004259,2024-11-30,referral
emp_004260,2025-08-01,recruiter
emp_004261,2024-12-31,recruiter
emp_004262,2025-10-01,recruiter
emp_004263,2022-07-01,university
emp_004264,2025-03-01,linkedin
emp_004265,2023-09-01,referral
emp_004266,2023-01-30,referral
emp_004267,2024-12-31,referral
emp_004268,2023-12-01,referral
emp_004269,2024-08-31,linkedin
emp_004270,2026-04-01,recruiter
emp_004271,2024-10-31,linkedin
emp_004272,2018-12-31,university
emp_004273,2025-03-01,university
emp_004274,2017-11-30,university
emp_004275,2024-08-31,company_site
emp_004276,2020-11-30,conference
emp_004277,2025-07-01,company_site
emp_004278,2021-03-01,recruiter
emp_004279,2022-12-31,referral
emp_004280,2024-05-31,referral
emp_004281,2018-05-01,recruiter
emp_004282,2022-05-01,university
emp_004283,2025-05-01,university
emp_004284,2024-04-01,company_site
emp_004285,2023-12-31,company_site
emp_004286,2020-05-31,recruiter
emp_004287,2024-09-30,company_site
emp_004288,2024-09-30,linkedin
emp_004289,2024-07-31,company_site
emp_004290,2024-12-31,university
emp_004291,2025-05-01,referral
emp_004292,2023-05-02,referral
emp_004293,2024-11-30,linkedin
emp_004294,2026-01-30,boomerang
emp_004295,2024-03-01,recruiter
emp_004296,2025-03-01,referral
emp_004297,2023-10-31,referral
emp_004298,2019-10-31,recruiter
emp_004299,2024-05-01,university
emp_004300,2020-12-30,university
emp_004301,2024-03-01,recruiter
emp_004302,2024-07-31,linkedin
emp_004303,2020-03-31,referral
emp_004304,2021-01-30,referral
emp_004305,2024-12-31,university
emp_004306,2024-07-01,recruiter
emp_004307,2026-03-02,linkedin
emp_004308,2022-10-31,referral
emp_004309,2024-10-31,company_site
emp_004310,2024-08-31,company_site
emp_004311,2023-09-01,referral
emp_004312,2025-11-30,recruiter
emp_004313,2023-12-31,university
emp_004314,2025-01-30,company_site
emp_004315,2017-09-30,company_site
emp_004316,2021-07-01,linkedin
emp_004317,2022-05-01,company_site
emp_004318,2025-08-01,linkedin
emp_004319,2025-01-30,linkedin
emp_004320,2024-05-01,company_site
emp_004321,2024-09-30,referral
emp_004322,2020-03-01,company_site
emp_004323,2025-07-01,referral
emp_004324,2025-01-30,recruiter
emp_004325,2014-09-30,recruiter
emp_004326,2023-10-31,university
emp_004327,2021-11-30,linkedin
emp_004328,2025-05-01,referral
emp_004329,2024-03-01,boomerang
emp_004330,2019-05-02,referral
emp_004331,2025-08-31,boomerang
emp_004332,2024-04-01,linkedin
emp_004333,2022-08-01,referral
emp_004334,2021-06-01,university
emp_004335,2024-03-01,recruiter
emp_004336,2021-10-31,company_site
emp_004337,2024-05-31,linkedin
emp_004338,2022-06-01,company_site
emp_004339,2025-01-30,linkedin
emp_004340,2023-06-01,recruiter
emp_004341,2023-07-02,linkedin
emp_004342,2016-07-31,company_site
emp_004343,2021-06-01,boomerang
emp_004344,2023-12-01,company_site
emp_004345,2018-12-31,company_site
emp_004346,2025-05-01,linkedin
emp_004347,2024-09-30,referral
emp_004348,2018-05-01,linkedin
emp_004349,2023-12-31,linkedin
emp_004350,2025-01-30,conference
emp_004351,2025-03-01,referral
emp_004352,2022-06-01,recruiter
emp_004353,2025-01-30,company_site
emp_004354,2021-03-01,referral
emp_004355,2022-12-31,linkedin
emp_004356,2023-12-01,conference
emp_004357,2024-01-31,company_site
emp_004358,2022-03-02,company_site
emp_004359,2025-05-01,company_site
emp_004360,2025-07-01,company_site
emp_004361,2024-01-31,referral
emp_004362,2024-05-01,university
emp_004363,2021-06-01,conference
emp_004364,2023-10-31,boomerang
emp_004365,2024-11-30,linkedin
emp_004366,2019-03-02,recruiter
emp_004367,2025-06-01,referral
emp_004368,2024-04-01,referral
emp_004369,2025-08-31,linkedin
emp_004370,2022-10-31,referral
emp_004371,2025-05-01,company_site
emp_004372,2025-04-01,recruiter
emp_004373,2024-07-31,university
emp_004374,2025-04-01,referral
emp_004375,2024-12-31,linkedin
emp_004376,2025-05-01,referral
emp_004377,2024-01-31,linkedin
emp_004378,2024-10-31,referral
emp_004379,2023-06-01,referral
emp_004380,2016-08-31,recruiter
emp_004381,2023-12-31,recruiter
emp_004382,2025-07-01,referral
emp_004383,2020-05-01,referral
emp_004384,2025-07-01,linkedin
emp_004385,2025-04-01,company_site
emp_004386,2025-05-01,linkedin
emp_004387,2023-10-01,boomerang
emp_004388,2023-12-01,recruiter
emp_004389,2022-12-31,referral
emp_004390,2023-10-31,recruiter
emp_004391,2023-05-02,referral
emp_004392,2024-05-01,referral
emp_004393,2024-05-01,linkedin
emp_004394,2025-10-31,referral
emp_004395,2023-12-01,linkedin
emp_004396,2025-06-01,conference
emp_004397,2023-06-01,linkedin
emp_004398,2023-06-01,recruiter
emp_004399,2023-12-31,referral
emp_004400,2024-07-31,company_site
emp_004401,2026-01-30,referral
emp_004402,2026-04-01,university
emp_004403,2022-10-31,recruiter
emp_004404,2024-12-31,recruiter
emp_004405,2025-07-01,company_site
emp_004406,2022-03-02,referral
emp_004407,2022-01-30,referral
emp_004408,2022-12-31,recruiter
emp_004409,2024-07-01,referral
emp_004410,2020-05-01,recruiter
emp_004411,2026-01-30,referral
emp_004412,2025-08-01,recruiter
emp_004413,2012-07-31,university
emp_004414,2021-04-01,company_site
emp_004415,2023-10-31,company_site
emp_004416,2024-10-31,referral
emp_004417,2020-08-31,university
emp_004418,2022-03-02,linkedin
emp_004419,2023-10-31,university
emp_004420,2023-08-01,referral
emp_004421,2022-03-02,recruiter
emp_004422,2021-09-30,referral
emp_004423,2022-08-01,referral
emp_004424,2023-07-02,company_site
emp_004425,2025-04-01,linkedin
emp_004426,2024-09-30,linkedin
emp_004427,2024-09-30,referral
emp_004428,2022-06-01,referral
emp_004429,2023-10-31,university
emp_004430,2023-03-02,recruiter
emp_004431,2025-04-01,university
emp_004432,2024-08-31,recruiter
emp_004433,2022-12-31,referral
emp_004434,2023-12-01,recruiter
emp_004435,2024-12-31,university
emp_004436,2023-08-01,referral
emp_004437,2025-08-01,referral
emp_004438,2025-10-01,boomerang
emp_004439,2022-10-01,linkedin
emp_004440,2021-01-30,recruiter
emp_004441,2023-06-01,company_site
emp_004442,2025-08-31,referral
emp_004443,2024-05-01,referral
emp_004444,2017-09-30,linkedin
emp_004445,2023-04-01,university
emp_004446,2023-03-02,linkedin
emp_004447,2019-10-31,recruiter
emp_004448,2023-10-01,recruiter
emp_004449,2019-05-02,referral
emp_004450,2024-07-01,linkedin
emp_004451,2023-12-01,referral
emp_004452,2023-05-02,linkedin
emp_004453,2022-05-01,conference
emp_004454,2020-05-31,referral
emp_004455,2019-03-02,linkedin
emp_004456,2023-10-01,recruiter
emp_004457,2024-09-30,linkedin
emp_004458,2025-11-30,referral
emp_004459,2023-10-31,recruiter
emp_004460,2021-03-01,linkedin
emp_004461,2022-10-31,referral
emp_004462,2025-12-31,recruiter
emp_004463,2021-07-01,recruiter
emp_004464,2024-09-30,recruiter
emp_004465,2024-03-01,recruiter
emp_004466,2024-05-31,university
emp_004467,2022-08-01,university
emp_004468,2020-11-30,referral
emp_004469,2025-08-01,recruiter
emp_004470,2024-10-31,referral
emp_004471,2019-12-31,linkedin
emp_004472,2024-10-31,company_site
emp_004473,2025-10-31,linkedin
emp_004474,2026-06-01,university
emp_004475,2024-04-01,referral
emp_004476,2024-10-31,referral
emp_004477,2023-10-31,referral
emp_004478,2022-04-01,company_site
emp_004479,2018-05-01,company_site
emp_004480,2024-05-01,referral
emp_004481,2025-10-31,recruiter
emp_004482,2024-08-31,company_site
emp_004483,2024-05-31,company_site
emp_004484,2023-12-31,recruiter
emp_004485,2023-07-02,referral
emp_004486,2025-05-01,referral
emp_004487,2021-06-01,recruiter
emp_004488,2022-12-01,company_site
emp_004489,2021-06-01,referral
emp_004490,2023-06-01,recruiter
emp_004491,2020-09-30,boomerang
emp_004492,2024-11-30,referral
emp_004493,2024-09-30,referral
emp_004494,2024-07-31,recruiter
emp_004495,2025-01-30,company_site
emp_004496,2026-07-01,linkedin
emp_004497,2022-12-01,linkedin
emp_004498,2023-09-01,linkedin
emp_004499,2024-07-31,recruiter
emp_004500,2026-07-01,recruiter
emp_004501,2022-05-01,recruiter
emp_004502,2024-11-30,referral
emp_004503,2024-05-31,referral
emp_004504,2017-05-01,recruiter
emp_004505,2022-12-01,recruiter
emp_004506,2022-07-01,referral
emp_004507,2023-12-31,referral
emp_004508,2024-10-31,university
emp_004509,2022-07-01,recruiter
emp_004510,2013-03-01,recruiter
emp_004511,2023-12-31,recruiter
emp_004512,2024-08-31,referral
emp_004513,2025-08-31,conference
emp_004514,2023-08-01,company_site
emp_004515,2023-04-01,boomerang
emp_004516,2022-07-01,linkedin
emp_004517,2021-01-30,linkedin
emp_004518,2023-09-01,recruiter
emp_004519,2024-07-01,linkedin
emp_004520,2017-04-01,linkedin
emp_004521,2018-10-01,referral
emp_004522,2025-01-30,recruiter
emp_004523,2024-07-01,referral
emp_004524,2025-03-01,company_site
emp_004525,2023-08-01,referral
emp_004526,2024-05-01,linkedin
emp_004527,2020-10-31,recruiter
emp_004528,2023-10-01,recruiter
emp_004529,2022-04-01,referral
emp_004530,2025-08-01,recruiter
emp_004531,2024-04-01,referral
emp_004532,2025-08-01,referral
emp_004533,2024-07-31,referral
emp_004534,2025-01-30,linkedin
emp_004535,2025-01-30,company_site
emp_004536,2012-11-30,linkedin
emp_004537,2025-12-31,linkedin
emp_004538,2025-05-01,company_site
emp_004539,2023-05-02,recruiter
emp_004540,2025-08-01,recruiter
emp_004541,2025-05-01,recruiter
emp_004542,2020-08-31,linkedin
emp_004543,2024-08-31,referral
emp_004544,2025-08-31,company_site
emp_004545,2019-10-01,referral
emp_004546,2024-04-01,recruiter
emp_004547,2024-11-30,company_site
emp_004548,2024-08-31,company_site
emp_004549,2025-05-01,recruiter
emp_004550,2023-12-01,boomerang
emp_004551,2024-07-01,recruiter
emp_004552,2024-08-31,referral
emp_004553,2024-11-30,referral
emp_004554,2020-08-31,referral
emp_004555,2023-09-01,referral
emp_004556,2020-07-01,referral
emp_004557,2025-10-01,company_site
emp_004558,2024-08-31,referral
emp_004559,2023-10-01,company_site
emp_004560,2022-12-31,referral
emp_004561,2024-08-31,recruiter
emp_004562,2023-12-01,recruiter
emp_004563,2018-11-30,referral
emp_004564,2024-10-31,referral
emp_004565,2020-05-31,referral
emp_004566,2024-08-31,boomerang
emp_004567,2020-05-31,recruiter
emp_004568,2012-03-01,referral
emp_004569,2025-11-30,linkedin
emp_004570,2025-04-01,conference
emp_004571,2024-07-31,linkedin
emp_004572,2026-05-02,boomerang
emp_004573,2023-12-31,university
emp_004574,2024-12-31,company_site
emp_004575,2021-12-31,referral
emp_004576,2021-11-30,company_site
emp_004577,2024-10-31,recruiter
emp_004578,2022-01-30,linkedin
emp_004579,2023-10-01,linkedin
emp_004580,2023-03-02,linkedin
emp_004581,2021-09-30,referral
emp_004582,2023-12-01,linkedin
emp_004583,2024-07-31,recruiter
emp_004584,2022-08-31,recruiter
emp_004585,2020-07-01,recruiter
emp_004586,2026-03-02,conference
emp_004587,2022-05-01,recruiter
emp_004588,2024-08-31,company_site
emp_004589,2023-03-02,linkedin
emp_004590,2021-07-01,referral
emp_004591,2024-12-31,linkedin
emp_004592,2026-03-02,university
emp_004593,2025-04-01,recruiter
emp_004594,2023-07-02,company_site
emp_004595,2026-07-01,linkedin
emp_004596,2025-05-01,linkedin
emp_004597,2024-12-31,referral
emp_004598,2023-01-30,referral
emp_004599,2023-10-31,referral
emp_004600,2024-09-30,recruiter
emp_004601,2023-10-01,company_site
emp_004602,2024-07-01,recruiter
emp_004603,2026-01-30,linkedin
emp_004604,2022-12-31,recruiter
emp_004605,2023-12-01,referral
emp_004606,2020-03-01,recruiter
emp_004607,2022-12-31,conference
emp_004608,2023-10-31,referral
emp_004609,2025-05-01,recruiter
emp_004610,2019-08-31,conference
emp_004611,2021-09-30,linkedin
emp_004612,2025-07-01,conference
emp_004613,2025-06-01,university
emp_004614,2023-12-31,linkedin
emp_004615,2024-03-01,recruiter
emp_004616,2024-04-01,linkedin
emp_004617,2026-06-01,linkedin
emp_004618,2023-12-01,linkedin
emp_004619,2021-08-31,recruiter
emp_004620,2018-06-01,referral
emp_004621,2021-12-31,referral
emp_004622,2021-08-31,referral
emp_004623,2023-10-01,recruiter
emp_004624,2023-12-31,university
emp_004625,2023-08-01,referral
emp_004626,2024-05-31,referral
emp_004627,2022-01-30,company_site
emp_004628,2024-11-30,company_site
emp_004629,2025-06-01,linkedin
emp_004630,2024-07-01,recruiter
emp_004631,2019-12-01,boomerang
emp_004632,2024-10-31,company_site
emp_004633,2020-03-31,company_site
emp_004634,2023-09-01,company_site
emp_004635,2016-12-30,recruiter
emp_004636,2024-11-30,linkedin
emp_004637,2024-05-31,university
emp_004638,2025-08-01,recruiter
emp_004639,2025-06-01,recruiter
emp_004640,2025-01-30,recruiter
emp_004641,2025-06-01,company_site
emp_004642,2018-08-31,referral
emp_004643,2022-12-01,recruiter
emp_004644,2024-10-31,recruiter
emp_004645,2023-12-31,linkedin
emp_004646,2024-10-31,company_site
emp_004647,2020-03-01,company_site
emp_004648,2025-05-01,referral
emp_004649,2023-09-01,linkedin
emp_004650,2024-09-30,boomerang
emp_004651,2024-01-31,recruiter
emp_004652,2023-04-01,linkedin
emp_004653,2023-10-01,recruiter
emp_004654,2023-03-02,university
emp_004655,2024-12-31,linkedin
emp_004656,2015-10-31,referral
emp_004657,2024-03-01,referral
emp_004658,2024-12-31,company_site
emp_004659,2021-01-30,company_site
emp_004660,2023-09-01,referral
emp_004661,2025-05-01,linkedin
emp_004662,2021-06-01,linkedin
emp_004663,2022-10-01,company_site
emp_004664,2025-05-01,recruiter
emp_004665,2023-12-31,company_site
emp_004666,2024-05-31,boomerang
emp_004667,2022-05-01,university
emp_004668,2020-07-01,referral
emp_004669,2021-01-30,university
emp_004670,2022-10-31,referral
emp_004671,2022-12-01,referral
emp_004672,2024-08-31,recruiter
emp_004673,2024-03-01,company_site
emp_004674,2016-09-30,recruiter
emp_004675,2023-01-30,referral
emp_004676,2024-03-01,linkedin
emp_004677,2025-01-30,recruiter
emp_004678,2026-03-02,conference
emp_004679,2024-01-31,linkedin
emp_004680,2024-08-31,company_site
emp_004681,2026-01-30,company_site
emp_004682,2025-05-01,university
emp_004683,2024-09-30,referral
emp_004684,2022-04-01,recruiter
emp_004685,2023-10-31,recruiter
emp_004686,2024-07-31,referral
emp_004687,2026-03-02,linkedin
emp_004688,2024-12-31,linkedin
emp_004689,2023-06-01,referral
emp_004690,2021-01-30,company_site
emp_004691,2023-09-01,company_site
emp_004692,2023-09-01,conference
emp_004693,2026-01-30,linkedin
emp_004694,2024-07-31,linkedin
emp_004695,2025-10-31,linkedin
emp_004696,2025-11-30,referral
emp_004697,2025-06-01,conference
emp_004698,2024-05-01,linkedin
emp_004699,2021-01-30,linkedin
emp_004700,2025-08-31,linkedin
emp_004701,2026-03-02,company_site
emp_004702,2026-05-02,university
emp_004703,2023-07-02,boomerang
emp_004704,2023-10-01,university
emp_004705,2024-07-01,recruiter
emp_004706,2021-12-31,recruiter
emp_004707,2025-03-01,linkedin
emp_004708,2023-12-31,recruiter
emp_004709,2021-09-30,linkedin
emp_004710,2020-07-01,company_site
emp_004711,2025-05-01,conference
emp_004712,2023-04-01,recruiter
emp_004713,2022-08-01,recruiter
emp_004714,2022-12-01,university
emp_004715,2025-01-30,company_site
emp_004716,2017-05-01,referral
emp_004717,2021-01-30,recruiter
emp_004718,2025-01-30,referral
emp_004719,2025-01-30,recruiter
emp_004720,2024-03-01,referral
emp_004721,2024-07-31,university
emp_004722,2025-06-01,company_site
emp_004723,2023-12-31,referral
emp_004724,2024-11-30,company_site
emp_004725,2023-12-31,recruiter
emp_004726,2025-04-01,linkedin
emp_004727,2022-12-01,referral
emp_004728,2025-07-01,referral
emp_004729,2025-08-31,referral
emp_004730,2024-07-31,referral
emp_004731,2024-11-30,linkedin
emp_004732,2024-07-31,recruiter
emp_004733,2018-08-31,boomerang
emp_004734,2020-03-01,linkedin
emp_004735,2021-03-01,recruiter
emp_004736,2023-01-30,company_site
emp_004737,2026-05-02,recruiter
emp_004738,2026-01-30,referral
emp_004739,2025-06-01,recruiter
emp_004740,2025-10-01,linkedin
emp_004741,2025-06-01,referral
emp_004742,2024-01-31,university
emp_004743,2024-09-30,boomerang
emp_004744,2024-09-30,recruiter
emp_004745,2025-08-01,company_site
emp_004746,2025-10-31,linkedin
emp_004747,2017-10-31,linkedin
emp_004748,2024-05-31,referral
emp_004749,2025-08-31,linkedin
emp_004750,2025-05-01,recruiter
emp_004751,2022-07-01,company_site
emp_004752,2023-10-31,university
emp_004753,2024-11-30,referral
emp_004754,2023-05-02,university
emp_004755,2022-12-31,recruiter
emp_004756,2024-05-31,conference
emp_004757,2025-04-01,company_site
emp_004758,2025-03-01,referral
emp_004759,2024-04-01,linkedin
emp_004760,2024-08-31,recruiter
emp_004761,2021-11-30,recruiter
emp_004762,2025-08-31,linkedin
emp_004763,2021-12-31,linkedin
emp_004764,2025-07-01,referral
emp_004765,2023-12-31,linkedin
emp_004766,2022-08-01,referral
emp_004767,2023-09-01,linkedin
emp_004768,2022-10-01,recruiter
emp_004769,2022-01-30,linkedin
emp_004770,2023-10-01,referral
emp_004771,2023-01-30,recruiter
emp_004772,2025-04-01,recruiter
emp_004773,2024-05-31,conference
emp_004774,2024-11-30,linkedin
emp_004775,2023-04-01,recruiter
emp_004776,2024-07-31,university
emp_004777,2023-01-30,linkedin
emp_004778,2023-12-01,referral
emp_004779,2023-12-01,linkedin
emp_004780,2023-04-01,recruiter
emp_004781,2025-08-01,company_site
emp_004782,2017-04-01,referral
emp_004783,2023-04-01,referral
emp_004784,2019-06-01,university
emp_004785,2023-10-01,linkedin
emp_004786,2022-12-01,linkedin
emp_004787,2025-01-30,referral
emp_004788,2020-08-31,recruiter
emp_004789,2025-03-01,referral
emp_004790,2023-04-01,linkedin
emp_004791,2022-08-31,recruiter
emp_004792,2024-10-31,recruiter
emp_004793,2025-04-01,linkedin
emp_004794,2025-03-01,referral
emp_004795,2023-10-31,company_site
emp_004796,2025-01-30,recruiter
emp_004797,2021-06-01,conference
emp_004798,2023-10-31,referral
emp_004799,2023-05-02,boomerang
emp_004800,2022-08-31,recruiter
emp_004801,2024-07-01,university
emp_004802,2024-10-31,referral
emp_004803,2020-11-30,recruiter
emp_004804,2025-05-01,recruiter
emp_004805,2023-12-31,linkedin
emp_004806,2024-05-31,recruiter
emp_004807,2023-12-01,referral
emp_004808,2025-08-01,company_site
emp_004809,2024-09-30,referral
emp_004810,2024-10-31,university
emp_004811,2025-03-01,referral
emp_004812,2022-04-01,referral
emp_004813,2026-01-30,recruiter
emp_004814,2025-08-31,referral
emp_004815,2022-06-01,linkedin
emp_004816,2022-12-31,referral
emp_004817,2023-12-31,referral
emp_004818,2025-10-01,recruiter
emp_004819,2018-10-01,referral
emp_004820,2022-06-01,company_site
emp_004821,2024-08-31,linkedin
emp_004822,2025-08-01,referral
emp_004823,2024-11-30,recruiter
emp_004824,2018-08-31,referral
emp_004825,2025-01-30,recruiter
emp_004826,2026-03-02,company_site
emp_004827,2024-05-31,university
emp_004828,2023-12-01,recruiter
emp_004829,2024-08-31,linkedin
emp_004830,2025-04-01,linkedin
emp_004831,2024-12-31,recruiter
emp_004832,2021-05-01,company_site
emp_004833,2024-07-31,referral
emp_004834,2024-01-31,referral
emp_004835,2025-04-01,conference
emp_004836,2024-04-01,linkedin
emp_004837,2022-12-01,linkedin
emp_004838,2023-08-01,university
emp_004839,2024-12-31,university
emp_004840,2023-10-31,company_site
emp_004841,2024-05-31,linkedin
emp_004842,2025-10-31,recruiter
emp_004843,2021-04-01,recruiter
emp_004844,2024-10-31,linkedin
emp_004845,2023-12-01,boomerang
emp_004846,2016-05-31,company_site
emp_004847,2025-10-01,referral
emp_004848,2022-07-01,referral
emp_004849,2021-11-30,company_site
emp_004850,2021-09-30,company_site
emp_004851,2026-03-02,recruiter
emp_004852,2022-06-01,university
emp_004853,2025-08-31,recruiter
emp_004854,2023-10-31,referral
emp_004855,2025-12-31,boomerang
emp_004856,2025-01-30,referral
emp_004857,2025-10-01,recruiter
emp_004858,2023-07-02,company_site
emp_004859,2024-01-31,recruiter
emp_004860,2023-06-01,referral
emp_004861,2023-12-01,linkedin
emp_004862,2022-08-01,company_site
emp_004863,2024-05-01,recruiter
emp_004864,2022-01-30,recruiter
emp_004865,2020-07-01,referral
emp_004866,2021-07-01,linkedin
emp_004867,2024-05-31,linkedin
emp_004868,2023-10-01,referral
emp_004869,2025-07-01,recruiter
emp_004870,2025-08-01,referral
emp_004871,2023-12-31,referral
emp_004872,2024-04-01,referral
emp_004873,2021-05-01,recruiter
emp_004874,2026-04-01,referral
emp_004875,2024-11-30,referral
emp_004876,2020-07-31,company_site
emp_004877,2021-08-01,conference
emp_004878,2025-08-31,referral
emp_004879,2020-03-31,referral
emp_004880,2024-08-31,linkedin
emp_004881,2022-10-01,recruiter
emp_004882,2024-07-01,referral
emp_004883,2023-12-31,university
emp_004884,2023-07-02,referral
emp_004885,2024-09-30,referral
emp_004886,2018-03-01,referral
emp_004887,2025-05-01,linkedin
emp_004888,2024-09-30,university
emp_004889,2024-01-31,linkedin
emp_004890,2024-03-01,recruiter
emp_004891,2020-05-01,recruiter
emp_004892,2024-04-01,referral
emp_004893,2022-01-30,recruiter
emp_004894,2026-01-30,linkedin
emp_004895,2026-01-30,university
emp_004896,2025-01-30,referral
emp_004897,2020-09-30,university
emp_004898,2025-04-01,boomerang
emp_004899,2023-12-31,company_site
emp_004900,2025-08-31,referral
emp_004901,2025-12-31,recruiter
emp_004902,2021-08-01,linkedin
emp_004903,2023-10-01,referral
emp_004904,2025-01-30,company_site
emp_004905,2024-09-30,referral
emp_004906,2025-10-31,linkedin
emp_004907,2023-07-02,company_site
emp_004908,2024-10-31,company_site
emp_004909,2023-10-31,recruiter
emp_004910,2023-03-02,linkedin
emp_004911,2024-07-01,linkedin
emp_004912,2021-08-31,recruiter
emp_004913,2023-08-01,linkedin
emp_004914,2022-06-01,recruiter
emp_004915,2025-04-01,linkedin
emp_004916,2019-10-31,referral
emp_004917,2021-08-31,boomerang
emp_004918,2020-11-30,recruiter
emp_004919,2023-01-30,referral
emp_004920,2022-08-01,linkedin
emp_004921,2026-05-02,company_site
emp_004922,2025-10-01,boomerang
emp_004923,2022-12-31,referral
emp_004924,2024-11-30,referral
emp_004925,2025-08-31,linkedin
emp_004926,2024-05-01,referral
emp_004927,2019-08-01,recruiter
emp_004928,2024-12-31,referral
emp_004929,2019-10-31,linkedin
emp_004930,2024-01-31,referral
emp_004931,2024-05-31,referral
emp_004932,2025-07-01,linkedin
emp_004933,2020-08-31,linkedin
emp_004934,2025-05-01,referral
emp_004935,2024-07-01,recruiter
emp_004936,2024-07-01,referral
emp_004937,2019-10-31,company_site
emp_004938,2025-08-31,conference
emp_004939,2022-10-31,university
emp_004940,2020-12-30,conference
emp_004941,2023-03-02,referral
emp_004942,2024-05-01,company_site
emp_004943,2023-10-01,company_site
emp_004944,2024-05-01,recruiter
emp_004945,2023-12-31,referral
emp_004946,2023-12-31,recruiter
emp_004947,2023-06-01,company_site
emp_004948,2023-05-02,referral
emp_004949,2026-01-30,recruiter
emp_004950,2023-04-01,recruiter
emp_004951,2020-07-01,linkedin
emp_004952,2024-10-31,linkedin
emp_004953,2021-11-30,university
emp_004954,2022-08-31,referral
emp_004955,2026-03-02,linkedin
emp_004956,2019-10-31,boomerang
emp_004957,2020-12-30,university
emp_004958,2015-12-01,linkedin
emp_004959,2024-07-31,linkedin
emp_004960,2025-08-31,linkedin
emp_004961,2024-10-31,university
emp_004962,2025-08-31,recruiter
emp_004963,2023-10-31,recruiter
emp_004964,2022-12-31,boomerang
emp_004965,2026-07-01,company_site
emp_004966,2025-06-01,recruiter
emp_004967,2024-07-01,recruiter
emp_004968,2024-04-01,referral
emp_004969,2025-12-31,recruiter
emp_004970,2025-06-01,university
emp_004971,2026-06-01,recruiter
emp_004972,2023-06-01,conference
emp_004973,2023-12-01,company_site
emp_004974,2024-05-31,university
emp_004975,2024-09-30,recruiter
emp_004976,2023-06-01,recruiter
emp_004977,2025-05-01,company_site
emp_004978,2025-03-01,referral
emp_004979,2025-04-01,recruiter
emp_004980,2025-10-01,company_site
emp_004981,2021-09-30,referral
emp_004982,2025-10-31,linkedin
emp_004983,2020-10-31,linkedin
emp_004984,2024-05-01,linkedin
emp_004985,2019-08-31,recruiter
emp_004986,2023-03-02,company_site
emp_004987,2022-05-01,conference
emp_004988,2024-11-30,linkedin
emp_004989,2020-08-31,company_site
emp_004990,2024-11-30,referral
emp_004991,2024-05-31,linkedin
emp_004992,2022-10-01,referral
emp_004993,2025-04-01,referral
emp_004994,2025-01-30,linkedin
emp_004995,2025-10-31,recruiter
emp_004996,2021-11-30,recruiter
emp_004997,2025-11-30,recruiter
emp_004998,2025-11-30,referral
emp_004999,2022-12-31,linkedin
