employee_id,quarter_end,rating
emp_000000,2026-04-02,4.13
emp_000000,2026-01-02,4.34
emp_000000,2025-10-04,3.59
emp_000000,2025-07-06,3.79
emp_000000,2025-04-07,3.91
emp_000000,2025-01-07,3.87
emp_000000,2024-10-09,3.36
emp_000000,2024-07-11,4.23
emp_000001,2026-04-02,3.72
emp_000001,2026-01-02,3.46
emp_000001,2025-10-04,3.41
emp_000001,2025-07-06,3.29
emp_000001,2025-04-07,3.06
emp_000001,2025-01-07,3.86
emp_000002,2026-04-02,4.13
emp_000002,2026-01-02,4.36
emp_000002,2025-10-04,4.0
emp_000002,2025-07-06,3.8
emp_000002,2025-04-07,4.16
emp_000002,2025-01-07,4.29
emp_000002,2024-10-09,3.53
emp_000002,2024-07-11,3.82
emp_000003,2026-04-02,3.68
emp_000003,2026-01-02,3.98
emp_000003,2025-10-04,3.58
emp_000003,2025-07-06,3.24
emp_000003,2025-04-07,3.43
emp_000003,2025-01-07,3.51
emp_000003,2024-10-09,2.99
emp_000003,2024-07-11,2.68
emp_000004,2026-04-02,3.94
emp_000004,2026-01-02,3.92
emp_000004,2025-10-04,4.39
emp_000004,2025-07-06,3.83
emp_000004,2025-04-07,4.07
emp_000004,2025-01-07,4.06
emp_000004,2024-10-09,3.74
emp_000004,2024-07-11,4.11
emp_000005,2026-04-02,4.26
emp_000005,2026-01-02,3.84
emp_000005,2025-10-04,4.41
emp_000005,2025-07-06,4.33
emp_000005,2025-04-07,4.64
emp_000005,2025-01-07,4.06
emp_000005,2024-10-09,4.27
emp_000005,2024-07-11,3.63
emp_000006,2026-04-02,3.28
emp_000006,2026-01-02,3.31
emp_000006,2025-10-04,4.34
emp_000006,2025-07-06,3.96
emp_000006,2025-04-07,3.48
emp_000006,2025-01-07,4.02
emp_000006,2024-10-09,4.4
emp_000006,2024-07-11,4.07
emp_000007,2026-04-02,3.35
emp_000007,2026-01-02,2.89
emp_000007,2025-10-04,3.2
emp_000007,2025-07-06,3.95
emp_000007,2025-04-07,3.19
emp_000007,2025-01-07,3.67
emp_000007,2024-10-09,3.39
emp_000007,2024-07-11,3.4
emp_000008,2026-04-02,5.0
emp_000008,2026-01-02,4.1
emp_000008,2025-10-04,4.41
emp_000008,2025-07-06,4.1
emp_000008,2025-04-07,4.36
emp_000008,2025-01-07,4.12
emp_000008,2024-10-09,4.43
emp_000008,2024-07-11,4.0
emp_000009,2026-04-02,4.2
emp_000009,2026-01-02,3.98
emp_000009,2025-10-04,4.26
emp_000009,2025-07-06,3.57
emp_000009,2025-04-07,4.0
emp_000009,2025-01-07,3.58
emp_000009,2024-10-09,4.15
emp_000009,2024-07-11,3.55
emp_000010,2026-04-02,3.7
emp_000010,2026-01-02,3.41
emp_000010,2025-10-04,4.18
emp_000010,2025-07-06,3.3
emp_000010,2025-04-07,4.18
emp_000010,2025-01-07,4.48
emp_000010,2024-10-09,3.97
emp_000010,2024-07-11,4.17
emp_000011,2026-04-02,3.76
emp_000011,2026-01-02,3.8
emp_000011,2025-10-04,4.2
emp_000011,2025-07-06,4.17
emp_000011,2025-04-07,3.97
emp_000012,2026-04-02,3.06
emp_000012,2026-01-02,3.44
emp_000012,2025-10-04,3.93
emp_000012,2025-07-06,4.23
emp_000012,2025-04-07,4.13
emp_000012,2025-01-07,4.59
emp_000012,2024-10-09,4.07
emp_000012,2024-07-11,4.09
emp_000013,2026-04-02,3.62
emp_000013,2026-01-02,3.62
emp_000013,2025-10-04,3.78
emp_000013,2025-07-06,3.05
emp_000013,2025-04-07,3.01
emp_000013,2025-01-07,3.62
emp_000013,2024-10-09,3.73
emp_000013,2024-07-11,3.46
emp_000014,2026-04-02,3.74
emp_000014,2026-01-02,4.21
emp_000014,2025-10-04,3.54
emp_000014,2025-07-06,3.86
emp_000014,2025-04-07,3.54
emp_000014,2025-01-07,3.97
emp_000014,2024-10-09,3.41
emp_000014,2024-07-11,3.49
emp_000016,2026-04-02,3.14
emp_000016,2026-01-02,3.39
emp_000016,2025-10-04,3.51
emp_000016,2025-07-06,3.39
emp_000016,2025-04-07,3.65
emp_000016,2025-01-07,3.74
emp_000016,2024-10-09,3.35
emp_000017,2026-04-02,4.1
emp_000017,2026-01-02,3.94
emp_000017,2025-10-04,4.42
emp_000017,2025-07-06,3.42
emp_000017,2025-04-07,4.38
emp_000017,2025-01-07,4.45
emp_000017,2024-10-09,3.99
emp_000017,2024-07-11,3.79
emp_000018,2026-04-02,3.42
emp_000018,2026-01-02,3.05
emp_000018,2025-10-04,3.32
emp_000019,2026-04-02,4.61
emp_000019,2026-01-02,3.72
emp_000019,2025-10-04,3.33
emp_000019,2025-07-06,2.75
emp_000020,2026-04-02,4.51
emp_000020,2026-01-02,3.86
emp_000020,2025-10-04,3.57
emp_000020,2025-07-06,4.61
emp_000020,2025-04-07,3.63
emp_000020,2025-01-07,3.86
emp_000020,2024-10-09,3.68
emp_000021,2026-04-02,3.93
emp_000021,2026-01-02,4.64
emp_000021,2025-10-04,3.33
emp_000021,2025-07-06,4.22
emp_000021,2025-04-07,4.7
emp_000021,2025-01-07,3.77
emp_000021,2024-10-09,4.12
emp_000021,2024-07-11,4.15
emp_000022,2026-04-02,4.08
emp_000022,2026-01-02,3.48
emp_000022,2025-10-04,3.33
emp_000022,2025-07-06,3.05
emp_000022,2025-04-07,3.98
emp_000022,2025-01-07,3.83
emp_000023,2026-04-02,3.93
emp_000023,2026-01-02,3.95
emp_000023,2025-10-04,3.38
emp_000023,2025-07-06,3.53
emp_000023,2025-04-07,4.38
emp_000023,2025-01-07,2.86
emp_000023,2024-10-09,3.84
emp_000023,2024-07-11,3.4
emp_000024,2026-04-02,3.29
emp_000024,2026-01-02,3.12
emp_000024,2025-10-04,3.55
emp_000024,2025-07-06,3.21
emp_000024,2025-04-07,3.63
emp_000024,2025-01-07,4.26
emp_000024,2024-10-09,3.56
emp_000024,2024-07-11,3.05
emp_000025,2026-04-02,3.73
emp_000025,2026-01-02,4.13
emp_000025,2025-10-04,3.5
emp_000025,2025-07-06,3.21
emp_000025,2025-04-07,3.13
emp_000025,2025-01-07,3.13
emp_000025,2024-10-09,3.1
emp_000025,2024-07-11,3.4
emp_000026,2026-04-02,3.84
emp_000026,2026-01-02,4.44
emp_000026,2025-10-04,3.83
emp_000026,2025-07-06,4.64
emp_000026,2025-04-07,3.86
emp_000026,2025-01-07,3.5
emp_000026,2024-10-09,4.22
emp_000026,2024-07-11,4.08
emp_000027,2026-04-02,4.43
emp_000027,2026-01-02,4.13
emp_000027,2025-10-04,3.76
emp_000027,2025-07-06,5.0
emp_000027,2025-04-07,4.46
emp_000027,2025-01-07,4.32
emp_000027,2024-10-09,4.84
emp_000027,2024-07-11,4.46
emp_000028,2026-04-02,4.04
emp_000028,2026-01-02,4.1
emp_000028,2025-10-04,4.66
emp_000028,2025-07-06,3.8
emp_000028,2025-04-07,3.9
emp_000028,2025-01-07,4.51
emp_000028,2024-10-09,4.69
emp_000028,2024-07-11,4.2
emp_000029,2026-04-02,4.03
emp_000029,2026-01-02,3.18
emp_000029,2025-10-04,2.84
emp_000029,2025-07-06,3.71
emp_000029,2025-04-07,3.86
emp_000029,2025-01-07,3.08
emp_000029,2024-10-09,3.23
emp_000029,2024-07-11,2.9
emp_000030,2026-04-02,3.65
emp_000030,2026-01-02,3.77
emp_000030,2025-10-04,3.65
emp_000031,2026-04-02,3.98
emp_000031,2026-01-02,3.63
emp_000031,2025-10-04,4.22
emp_000031,2025-07-06,3.77
emp_000031,2025-04-07,3.51
emp_000031,2025-01-07,3.39
emp_000032,2026-04-02,3.94
emp_000032,2026-01-02,4.06
emp_000032,2025-10-04,4.38
emp_000032,2025-07-06,4.32
emp_000032,2025-04-07,3.68
emp_000033,2026-04-02,4.17
emp_000033,2026-01-02,4.29
emp_000034,2026-04-02,4.45
emp_000034,2026-01-02,4.88
emp_000034,2025-10-04,4.34
emp_000034,2025-07-06,4.36
emp_000034,2025-04-07,4.69
emp_000034,2025-01-07,4.21
emp_000034,2024-10-09,3.94
emp_000035,2026-04-02,3.07
emp_000035,2026-01-02,3.32
emp_000035,2025-10-04,3.39
emp_000035,2025-07-06,2.74
emp_000035,2025-04-07,3.6
emp_000035,2025-01-07,3.18
emp_000035,2024-10-09,3.56
emp_000035,2024-07-11,3.31
emp_000036,2026-04-02,4.54
emp_000036,2026-01-02,4.07
emp_000036,2025-10-04,4.23
emp_000036,2025-07-06,3.83
emp_000036,2025-04-07,4.34
emp_000036,2025-01-07,3.66
emp_000036,2024-10-09,3.96
emp_000036,2024-07-11,3.51
emp_000037,2026-04-02,3.89
emp_000037,2026-01-02,4.11
emp_000037,2025-10-04,4.02
emp_000037,2025-07-06,4.16
emp_000037,2025-04-07,3.76
emp_000038,2026-04-02,3.67
emp_000038,2026-01-02,4.62
emp_000038,2025-10-04,3.9
emp_000038,2025-07-06,3.45
emp_000038,2025-04-07,3.92
emp_000038,2025-01-07,3.39
emp_000038,2024-10-09,4.6
emp_000038,2024-07-11,3.53
emp_000039,2026-04-02,3.93
emp_000039,2026-01-02,4.41
emp_000039,2025-10-04,3.97
emp_000039,2025-07-06,4.17
emp_000039,2025-04-07,4.43
emp_000039,2025-01-07,4.31
emp_000039,2024-10-09,3.77
emp_000039,2024-07-11,4.36
emp_000040,2026-04-02,4.8
emp_000040,2026-01-02,3.73
emp_000040,2025-10-04,3.63
emp_000040,2025-07-06,4.2
emp_000040,2025-04-07,3.44
emp_000040,2025-01-07,4.66
emp_000040,2024-10-09,3.75
emp_000040,2024-07-11,4.44
emp_000041,2026-04-02,3.66
emp_000041,2026-01-02,4.27
emp_000041,2025-10-04,3.81
emp_000041,2025-07-06,3.34
emp_000041,2025-04-07,3.76
emp_000041,2025-01-07,3.44
emp_000041,2024-10-09,4.24
emp_000041,2024-07-11,3.2
emp_000042,2026-04-02,3.68
emp_000042,2026-01-02,4.1
emp_000042,2025-10-04,3.57
emp_000042,2025-07-06,3.85
emp_000042,2025-04-07,3.86
emp_000042,2025-01-07,3.17
emp_000042,2024-10-09,3.45
emp_000042,2024-07-11,4.02
emp_000044,2026-04-02,4.01
emp_000044,2026-01-02,4.3
emp_000044,2025-10-04,3.74
emp_000044,2025-07-06,4.86
emp_000044,2025-04-07,3.4
emp_000044,2025-01-07,4.09
emp_000045,2026-04-02,3.81
emp_000045,2026-01-02,4.08
emp_000045,2025-10-04,3.84
emp_000045,2025-07-06,3.55
emp_000045,2025-04-07,3.4
emp_000045,2025-01-07,3.6
emp_000045,2024-10-09,3.62
emp_000045,2024-07-11,3.47
emp_000046,2026-04-02,3.03
emp_000046,2026-01-02,2.73
emp_000046,2025-10-04,2.71
emp_000046,2025-07-06,2.07
emp_000046,2025-04-07,3.1
emp_000046,2025-01-07,2.81
emp_000046,2024-10-09,3.13
emp_000047,2026-04-02,4.08
emp_000047,2026-01-02,4.28
emp_000047,2025-10-04,4.08
emp_000047,2025-07-06,4.26
emp_000047,2025-04-07,3.43
emp_000047,2025-01-07,4.03
emp_000047,2024-10-09,3.25
emp_000047,2024-07-11,3.34
emp_000048,2026-04-02,2.91
emp_000048,2026-01-02,3.32
emp_000048,2025-10-04,3.19
emp_000048,2025-07-06,3.27
emp_000048,2025-04-07,3.4
emp_000049,2026-04-02,3.96
emp_000049,2026-01-02,3.57
emp_000049,2025-10-04,3.73
emp_000050,2026-04-02,4.13
emp_000050,2026-01-02,4.05
emp_000050,2025-10-04,4.17
emp_000050,2025-07-06,3.45
emp_000050,2025-04-07,3.43
emp_000050,2025-01-07,3.82
emp_000050,2024-10-09,3.4
emp_000050,2024-07-11,3.33
emp_000051,2026-04-02,4.29
emp_000051,2026-01-02,3.53
emp_000051,2025-10-04,4.1
emp_000051,2025-07-06,3.7
emp_000051,2025-04-07,3.49
emp_000051,2025-01-07,3.25
emp_000051,2024-10-09,3.87
emp_000051,2024-07-11,3.9
emp_000052,2026-04-02,3.65
emp_000052,2026-01-02,4.48
emp_000053,2026-04-02,3.58
emp_000053,2026-01-02,3.2
emp_000054,2026-04-02,4.17
emp_000054,2026-01-02,3.98
emp_000054,2025-10-04,3.84
emp_000054,2025-07-06,3.33
emp_000054,2025-04-07,3.59
emp_000054,2025-01-07,4.0
emp_000054,2024-10-09,3.56
emp_000054,2024-07-11,5.0
emp_000055,2026-04-02,4.89
emp_000055,2026-01-02,4.13
emp_000055,2025-10-04,5.0
emp_000055,2025-07-06,4.49
emp_000056,2026-04-02,3.81
emp_000056,2026-01-02,3.15
emp_000056,2025-10-04,3.62
emp_000057,2026-04-02,4.06
emp_000057,2026-01-02,3.78
emp_000057,2025-10-04,3.53
emp_000057,2025-07-06,3.78
emp_000057,2025-04-07,3.93
emp_000057,2025-01-07,3.71
emp_000057,2024-10-09,3.69
emp_000057,2024-07-11,3.81
emp_000058,2026-04-02,4.3
emp_000058,2026-01-02,4.27
emp_000058,2025-10-04,3.93
emp_000058,2025-07-06,4.12
emp_000058,2025-04-07,4.15
emp_000059,2026-04-02,3.85
emp_000059,2026-01-02,3.56
emp_000059,2025-10-04,3.64
emp_000059,2025-07-06,4.27
emp_000059,2025-04-07,3.41
emp_000060,2026-04-02,3.93
emp_000060,2026-01-02,3.47
emp_000060,2025-10-04,4.07
emp_000060,2025-07-06,3.99
emp_000060,2025-04-07,3.86
emp_000060,2025-01-07,4.22
emp_000060,2024-10-09,3.71
emp_000060,2024-07-11,4.3
emp_000061,2026-04-02,4.46
emp_000061,2026-01-02,4.59
emp_000061,2025-10-04,3.97
emp_000062,2026-04-02,4.27
emp_000062,2026-01-02,4.11
emp_000062,2025-10-04,3.23
emp_000062,2025-07-06,3.8
emp_000062,2025-04-07,3.55
emp_000062,2025-01-07,3.42
emp_000062,2024-10-09,3.6
emp_000062,2024-07-11,3.79
emp_000063,2026-04-02,4.39
emp_000063,2026-01-02,4.04
emp_000063,2025-10-04,4.43
emp_000063,2025-07-06,5.0
emp_000063,2025-04-07,4.93
emp_000064,2026-04-02,3.47
emp_000064,2026-01-02,4.09
emp_000064,2025-10-04,3.65
emp_000064,2025-07-06,3.27
emp_000064,2025-04-07,4.21
emp_000064,2025-01-07,2.99
emp_000064,2024-10-09,3.26
emp_000064,2024-07-11,3.61
emp_000065,2026-04-02,4.39
emp_000065,2026-01-02,4.52
emp_000065,2025-10-04,4.26
emp_000065,2025-07-06,4.1
emp_000065,2025-04-07,4.08
emp_000066,2026-04-02,3.56
emp_000066,2026-01-02,4.34
emp_000067,2026-04-02,4.24
emp_000067,2026-01-02,4.17
emp_000067,2025-10-04,4.19
emp_000067,2025-07-06,3.76
emp_000067,2025-04-07,4.23
emp_000067,2025-01-07,3.99
emp_000067,2024-10-09,3.79
emp_000067,2024-07-11,4.35
emp_000068,2026-04-02,4.2
emp_000068,2026-01-02,4.39
emp_000068,2025-10-04,4.23
emp_000068,2025-07-06,4.21
emp_000068,2025-04-07,4.55
emp_000068,2025-01-07,3.98
emp_000068,2024-10-09,3.76
emp_000068,2024-07-11,3.54
emp_000069,2026-04-02,3.65
emp_000069,2026-01-02,4.0
emp_000069,2025-10-04,3.45
emp_000069,2025-07-06,4.46
emp_000069,2025-04-07,3.39
emp_000069,2025-01-07,3.69
emp_000069,2024-10-09,3.2
emp_000069,2024-07-11,3.16
emp_000070,2026-04-02,3.75
emp_000070,2026-01-02,3.44
emp_000070,2025-10-04,3.61
emp_000070,2025-07-06,3.37
emp_000070,2025-04-07,4.37
emp_000070,2025-01-07,3.8
emp_000070,2024-10-09,3.27
emp_000070,2024-07-11,4.36
emp_000071,2026-04-02,3.85
emp_000071,2026-01-02,4.5
emp_000072,2026-04-02,3.42
emp_000072,2026-01-02,3.32
emp_000072,2025-10-04,4.13
emp_000072,2025-07-06,3.98
emp_000072,2025-04-07,4.09
emp_000072,2025-01-07,3.98
emp_000072,2024-10-09,3.44
emp_000072,2024-07-11,4.18
emp_000073,2026-04-02,4.46
emp_000073,2026-01-02,4.06
emp_000073,2025-10-04,3.77
emp_000073,2025-07-06,3.74
emp_000073,2025-04-07,4.43
emp_000073,2025-01-07,3.85
emp_000073,2024-10-09,4.78
emp_000073,2024-07-11,4.53
emp_000074,2026-04-02,3.68
emp_000074,2026-01-02,3.69
emp_000074,2025-10-04,3.84
emp_000074,2025-07-06,3.86
emp_000074,2025-04-07,4.1
emp_000074,2025-01-07,3.31
emp_000074,2024-10-09,3.79
emp_000074,2024-07-11,4.09
emp_000075,2026-04-02,3.74
emp_000075,2026-01-02,4.06
emp_000075,2025-10-04,3.4
emp_000075,2025-07-06,3.48
emp_000075,2025-04-07,3.86
emp_000075,2025-01-07,4.34
emp_000075,2024-10-09,3.82
emp_000075,2024-07-11,4.29
emp_000076,2026-04-02,3.98
emp_000076,2026-01-02,4.45
emp_000076,2025-10-04,3.86
emp_000076,2025-07-06,3.9
emp_000076,2025-04-07,4.54
emp_000076,2025-01-07,3.87
emp_000076,2024-10-09,3.77
emp_000076,2024-07-11,4.19
emp_000077,2026-04-02,3.91
emp_000077,2026-01-02,3.46
emp_000077,2025-10-04,3.66
emp_000077,2025-07-06,3.76
emp_000077,2025-04-07,4.31
emp_000077,2025-01-07,4.07
emp_000077,2024-10-09,3.53
emp_000077,2024-07-11,3.66
emp_000078,2026-04-02,3.91
emp_000078,2026-01-02,3.6
emp_000078,2025-10-04,3.49
emp_000078,2025-07-06,4.19
emp_000078,2025-04-07,3.74
emp_000079,2026-04-02,3.63
emp_000079,2026-01-02,2.98
emp_000079,2025-10-04,3.76
emp_000079,2025-07-06,3.23
emp_000080,2026-04-02,3.89
emp_000080,2026-01-02,3.36
emp_000080,2025-10-04,3.25
emp_000080,2025-07-06,3.98
emp_000081,2026-04-02,3.9
emp_000081,2026-01-02,4.13
emp_000081,2025-10-04,4.44
emp_000081,2025-07-06,3.59
emp_000081,2025-04-07,3.77
emp_000081,2025-01-07,4.03
emp_000082,2026-04-02,3.82
emp_000082,2026-01-02,4.12
emp_000082,2025-10-04,4.31
emp_000082,2025-07-06,4.02
emp_000082,2025-04-07,4.1
emp_000082,2025-01-07,3.7
emp_000082,2024-10-09,4.02
emp_000082,2024-07-11,4.02
emp_000083,2026-04-02,4.29
emp_000083,2026-01-02,4.79
emp_000083,2025-10-04,4.71
emp_000083,2025-07-06,4.87
emp_000083,2025-04-07,4.43
emp_000083,2025-01-07,4.79
emp_000083,2024-10-09,4.13
emp_000083,2024-07-11,4.86
emp_000084,2026-04-02,3.48
emp_000084,2026-01-02,3.28
emp_000084,2025-10-04,3.41
emp_000084,2025-07-06,3.95
emp_000084,2025-04-07,3.45
emp_000084,2025-01-07,3.86
emp_000084,2024-10-09,3.74
emp_000084,2024-07-11,4.06
emp_000085,2026-04-02,3.7
emp_000085,2026-01-02,4.01
emp_000085,2025-10-04,4.32
emp_000085,2025-07-06,3.73
emp_000085,2025-04-07,4.4
emp_000085,2025-01-07,4.77
emp_000085,2024-10-09,4.14
emp_000086,2026-04-02,4.2
emp_000086,2026-01-02,4.32
emp_000086,2025-10-04,3.12
emp_000086,2025-07-06,3.66
emp_000086,2025-04-07,3.65
emp_000086,2025-01-07,3.74
emp_000086,2024-10-09,3.84
emp_000086,2024-07-11,3.64
emp_000087,2026-04-02,2.67
emp_000087,2026-01-02,2.94
emp_000087,2025-10-04,3.45
emp_000087,2025-07-06,3.49
emp_000087,2025-04-07,3.16
emp_000087,2025-01-07,3.51
emp_000087,2024-10-09,2.81
emp_000087,2024-07-11,3.25
emp_000088,2026-04-02,3.98
emp_000088,2026-01-02,3.57
emp_000088,2025-10-04,4.42
emp_000088,2025-07-06,4.06
emp_000088,2025-04-07,3.86
emp_000088,2025-01-07,3.99
emp_000088,2024-10-09,4.28
emp_000088,2024-07-11,3.64
emp_000089,2026-04-02,3.69
emp_000089,2026-01-02,3.61
emp_000089,2025-10-04,3.4
emp_000089,2025-07-06,4.02
emp_000089,2025-04-07,3.66
emp_000089,2025-01-07,3.98
emp_000089,2024-10-09,3.66
emp_000089,2024-07-11,3.92
emp_000090,2026-04-02,4.86
emp_000090,2026-01-02,3.81
emp_000090,2025-10-04,3.42
emp_000090,2025-07-06,4.16
emp_000090,2025-04-07,4.2
emp_000090,2025-01-07,3.85
emp_000090,2024-10-09,3.71
emp_000090,2024-07-11,4.08
emp_000091,2026-04-02,3.89
emp_000091,2026-01-02,3.68
emp_000091,2025-10-04,4.01
emp_000091,2025-07-06,3.59
emp_000091,2025-04-07,3.87
emp_000091,2025-01-07,3.82
emp_000091,2024-10-09,3.77
emp_000091,2024-07-11,4.2
emp_000092,2026-04-02,3.82
emp_000092,2026-01-02,4.57
emp_000092,2025-10-04,4.07
emp_000092,2025-07-06,4.06
emp_000092,2025-04-07,4.23
emp_000092,2025-01-07,3.79
emp_000092,2024-10-09,4.22
emp_000092,2024-07-11,4.79
emp_000093,2026-04-02,2.93
emp_000093,2026-01-02,3.77
emp_000093,2025-10-04,3.17
emp_000094,2026-04-02,4.04
emp_000094,2026-01-02,4.27
emp_000094,2025-10-04,4.13
emp_000094,2025-07-06,4.96
emp_000095,2026-04-02,3.89
emp_000095,2026-01-02,4.09
emp_000095,2025-10-04,4.13
emp_000095,2025-07-06,3.05
emp_000095,2025-04-07,4.34
emp_000095,2025-01-07,3.65
emp_000095,2024-10-09,3.79
emp_000095,2024-07-11,3.36
emp_000096,2026-04-02,5.0
emp_000096,2026-01-02,4.44
emp_000096,2025-10-04,3.99
emp_000096,2025-07-06,4.12
emp_000096,2025-04-07,4.01
emp_000097,2026-04-02,3.89
emp_000097,2026-01-02,3.6
emp_000097,2025-10-04,4.33
emp_000097,2025-07-06,4.39
emp_000097,2025-04-07,3.62
emp_000097,2025-01-07,4.2
emp_000097,2024-10-09,3.79
emp_000098,2026-04-02,3.95
emp_000098,2026-01-02,4.22
emp_000098,2025-10-04,4.17
emp_000098,2025-07-06,3.8
emp_000098,2025-04-07,4.42
emp_000098,2025-01-07,3.73
emp_000098,2024-10-09,3.81
emp_000098,2024-07-11,3.73
emp_000099,2026-04-02,4.09
emp_000099,2026-01-02,3.87
emp_000099,2025-10-04,3.58
emp_000099,2025-07-06,3.54
emp_000099,2025-04-07,3.86
emp_000099,2025-01-07,4.01
emp_000099,2024-10-09,3.51
emp_000100,2026-04-02,3.63
emp_000100,2026-01-02,3.95
emp_000100,2025-10-04,4.05
emp_000100,2025-07-06,3.77
emp_000100,2025-04-07,4.02
emp_000100,2025-01-07,3.61
emp_000100,2024-10-09,3.87
emp_000101,2026-04-02,3.98
emp_000101,2026-01-02,3.19
emp_000101,2025-10-04,3.87
emp_000101,2025-07-06,3.07
emp_000101,2025-04-07,3.79
emp_000102,2026-04-02,3.99
emp_000102,2026-01-02,3.68
emp_000102,2025-10-04,4.0
emp_000102,2025-07-06,3.0
emp_000102,2025-04-07,3.41
emp_000102,2025-01-07,3.86
emp_000102,2024-10-09,4.5
emp_000102,2024-07-11,3.56
emp_000103,2026-04-02,4.42
emp_000103,2026-01-02,3.69
emp_000103,2025-10-04,3.23
emp_000103,2025-07-06,4.13
emp_000103,2025-04-07,4.32
emp_000103,2025-01-07,4.5
emp_000104,2026-04-02,4.43
emp_000104,2026-01-02,4.04
emp_000104,2025-10-04,4.67
emp_000104,2025-07-06,4.19
emp_000104,2025-04-07,4.75
emp_000104,2025-01-07,4.29
emp_000104,2024-10-09,4.22
emp_000104,2024-07-11,4.6
emp_000105,2026-04-02,3.69
emp_000105,2026-01-02,3.82
emp_000105,2025-10-04,3.61
emp_000105,2025-07-06,3.89
emp_000105,2025-04-07,3.19
emp_000105,2025-01-07,3.64
emp_000105,2024-10-09,3.27
emp_000105,2024-07-11,4.39
emp_000107,2026-04-02,3.79
emp_000107,2026-01-02,3.64
emp_000107,2025-10-04,4.04
emp_000107,2025-07-06,3.64
emp_000107,2025-04-07,4.29
emp_000107,2025-01-07,3.92
emp_000107,2024-10-09,4.06
emp_000107,2024-07-11,3.46
emp_000108,2026-04-02,4.48
emp_000108,2026-01-02,3.85
emp_000108,2025-10-04,4.04
emp_000108,2025-07-06,3.73
emp_000108,2025-04-07,4.27
emp_000108,2025-01-07,4.16
emp_000109,2026-04-02,2.75
emp_000109,2026-01-02,3.55
emp_000109,2025-10-04,3.02
emp_000109,2025-07-06,3.29
emp_000109,2025-04-07,3.31
emp_000109,2025-01-07,3.5
emp_000109,2024-10-09,2.81
emp_000109,2024-07-11,3.46
emp_000110,2026-04-02,4.64
emp_000110,2026-01-02,3.79
emp_000110,2025-10-04,3.87
emp_000110,2025-07-06,4.48
emp_000110,2025-04-07,4.35
emp_000110,2025-01-07,4.17
emp_000110,2024-10-09,3.95
emp_000110,2024-07-11,3.76
emp_000111,2026-04-02,3.57
emp_000111,2026-01-02,4.25
emp_000111,2025-10-04,4.04
emp_000111,2025-07-06,4.0
emp_000111,2025-04-07,4.09
emp_000111,2025-01-07,4.24
emp_000111,2024-10-09,4.0
emp_000111,2024-07-11,4.32
emp_000112,2026-04-02,3.1
emp_000112,2026-01-02,3.05
emp_000112,2025-10-04,3.13
emp_000112,2025-07-06,3.14
emp_000112,2025-04-07,3.78
emp_000113,2026-04-02,3.49
emp_000113,2026-01-02,4.59
emp_000114,2026-04-02,3.96
emp_000115,2026-04-02,3.73
emp_000115,2026-01-02,4.14
emp_000115,2025-10-04,3.76
emp_000115,2025-07-06,3.9
emp_000115,2025-04-07,4.27
emp_000115,2025-01-07,3.4
emp_000115,2024-10-09,3.82
emp_000115,2024-07-11,3.71
emp_000116,2026-04-02,2.93
emp_000116,2026-01-02,3.63
emp_000116,2025-10-04,3.07
emp_000116,2025-07-06,3.19
emp_000116,2025-04-07,2.99
emp_000116,2025-01-07,3.62
emp_000116,2024-10-09,3.9
emp_000116,2024-07-11,3.28
emp_000117,2026-04-02,3.75
emp_000117,2026-01-02,3.21
emp_000117,2025-10-04,3.47
emp_000117,2025-07-06,3.56
emp_000117,2025-04-07,4.28
emp_000117,2025-01-07,3.72
emp_000118,2026-04-02,3.86
emp_000119,2026-04-02,3.91
emp_000119,2026-01-02,3.2
emp_000119,2025-10-04,3.58
emp_000119,2025-07-06,3.81
emp_000119,2025-04-07,4.08
emp_000119,2025-01-07,4.41
emp_000119,2024-10-09,3.58
emp_000119,2024-07-11,3.03
emp_000120,2026-04-02,3.21
emp_000120,2026-01-02,3.15
emp_000120,2025-10-04,3.46
emp_000120,2025-07-06,4.29
emp_000120,2025-04-07,3.94
emp_000120,2025-01-07,4.0
emp_000120,2024-10-09,3.93
emp_000120,2024-07-11,3.82
emp_000121,2026-04-02,3.96
emp_000121,2026-01-02,3.92
emp_000122,2026-04-02,3.15
emp_000122,2026-01-02,4.02
emp_000122,2025-10-04,3.49
emp_000122,2025-07-06,3.68
emp_000122,2025-04-07,4.01
emp_000122,2025-01-07,4.14
emp_000122,2024-10-09,3.72
emp_000122,2024-07-11,3.66
emp_000123,2026-04-02,4.09
emp_000123,2026-01-02,2.98
emp_000123,2025-10-04,3.45
emp_000123,2025-07-06,3.89
emp_000124,2026-04-02,3.34
emp_000124,2026-01-02,2.96
emp_000124,2025-10-04,3.29
emp_000124,2025-07-06,2.65
emp_000124,2025-04-07,3.39
emp_000124,2025-01-07,3.17
emp_000124,2024-10-09,3.26
emp_000125,2026-04-02,3.65
emp_000125,2026-01-02,3.83
emp_000125,2025-10-04,4.03
emp_000125,2025-07-06,3.75
emp_000125,2025-04-07,4.54
emp_000126,2026-04-02,3.68
emp_000126,2026-01-02,3.78
emp_000126,2025-10-04,3.6
emp_000126,2025-07-06,3.85
emp_000126,2025-04-07,3.86
emp_000126,2025-01-07,3.86
emp_000127,2026-04-02,4.0
emp_000127,2026-01-02,4.15
emp_000128,2026-04-02,3.67
emp_000128,2026-01-02,4.03
emp_000128,2025-10-04,4.2
emp_000128,2025-07-06,3.57
emp_000128,2025-04-07,3.4
emp_000128,2025-01-07,3.97
emp_000128,2024-10-09,3.21
emp_000128,2024-07-11,3.55
emp_000129,2026-04-02,5.0
emp_000130,2026-04-02,3.5
emp_000130,2026-01-02,4.67
emp_000130,2025-10-04,4.21
emp_000130,2025-07-06,4.25
emp_000130,2025-04-07,4.19
emp_000130,2025-01-07,4.27
emp_000130,2024-10-09,4.75
emp_000130,2024-07-11,3.81
emp_000131,2026-04-02,3.79
emp_000131,2026-01-02,4.13
emp_000131,2025-10-04,4.07
emp_000131,2025-07-06,3.83
emp_000131,2025-04-07,3.68
emp_000131,2025-01-07,4.27
emp_000131,2024-10-09,4.79
emp_000131,2024-07-11,3.73
emp_000132,2026-04-02,3.74
emp_000132,2026-01-02,4.03
emp_000132,2025-10-04,3.77
emp_000132,2025-07-06,4.26
emp_000132,2025-04-07,3.66
emp_000132,2025-01-07,3.95
emp_000132,2024-10-09,4.02
emp_000132,2024-07-11,3.38
emp_000133,2026-04-02,4.47
emp_000133,2026-01-02,3.49
emp_000133,2025-10-04,3.74
emp_000133,2025-07-06,4.47
emp_000133,2025-04-07,3.78
emp_000133,2025-01-07,4.91
emp_000133,2024-10-09,4.14
emp_000133,2024-07-11,4.3
emp_000134,2026-04-02,3.43
emp_000134,2026-01-02,4.5
emp_000134,2025-10-04,3.78
emp_000134,2025-07-06,3.45
emp_000134,2025-04-07,4.16
emp_000134,2025-01-07,4.23
emp_000134,2024-10-09,4.07
emp_000134,2024-07-11,3.81
emp_000135,2026-04-02,3.83
emp_000135,2026-01-02,3.92
emp_000135,2025-10-04,3.92
emp_000135,2025-07-06,3.32
emp_000135,2025-04-07,3.42
emp_000135,2025-01-07,3.64
emp_000135,2024-10-09,3.6
emp_000135,2024-07-11,3.59
emp_000136,2026-04-02,4.41
emp_000136,2026-01-02,3.8
emp_000136,2025-10-04,3.4
emp_000136,2025-07-06,3.64
emp_000136,2025-04-07,3.13
emp_000136,2025-01-07,4.1
emp_000136,2024-10-09,3.98
emp_000136,2024-07-11,3.61
emp_000137,2026-04-02,3.21
emp_000138,2026-04-02,3.73
emp_000138,2026-01-02,4.1
emp_000138,2025-10-04,4.11
emp_000138,2025-07-06,3.63
emp_000138,2025-04-07,4.75
emp_000138,2025-01-07,3.7
emp_000139,2026-04-02,3.24
emp_000139,2026-01-02,4.21
emp_000139,2025-10-04,3.66
emp_000139,2025-07-06,4.35
emp_000139,2025-04-07,3.96
emp_000139,2025-01-07,3.95
emp_000139,2024-10-09,3.49
emp_000139,2024-07-11,4.31
emp_000140,2026-04-02,3.92
emp_000140,2026-01-02,4.61
emp_000140,2025-10-04,3.93
emp_000140,2025-07-06,4.33
emp_000140,2025-04-07,4.05
emp_000141,2026-04-02,2.75
emp_000141,2026-01-02,3.19
emp_000141,2025-10-04,4.09
emp_000141,2025-07-06,3.34
emp_000141,2025-04-07,3.61
emp_000142,2026-04-02,3.74
emp_000142,2026-01-02,3.75
emp_000142,2025-10-04,3.44
emp_000142,2025-07-06,3.24
emp_000142,2025-04-07,3.75
emp_000142,2025-01-07,4.28
emp_000143,2026-04-02,4.03
emp_000143,2026-01-02,3.64
emp_000143,2025-10-04,3.6
emp_000143,2025-07-06,3.76
emp_000143,2025-04-07,3.74
emp_000143,2025-01-07,3.25
emp_000143,2024-10-09,3.86
emp_000143,2024-07-11,3.99
emp_000144,2026-04-02,3.99
emp_000144,2026-01-02,3.98
emp_000144,2025-10-04,3.96
emp_000144,2025-07-06,4.37
emp_000145,2026-04-02,3.47
emp_000145,2026-01-02,3.5
emp_000145,2025-10-04,3.47
emp_000145,2025-07-06,3.94
emp_000145,2025-04-07,3.9
emp_000145,2025-01-07,3.74
emp_000145,2024-10-09,4.35
emp_000145,2024-07-11,4.13
emp_000146,2026-04-02,4.36
emp_000146,2026-01-02,3.15
emp_000146,2025-10-04,4.25
emp_000146,2025-07-06,3.72
emp_000146,2025-04-07,3.52
emp_000146,2025-01-07,3.59
emp_000146,2024-10-09,3.55
emp_000146,2024-07-11,4.56
emp_000147,2026-04-02,3.86
emp_000147,2026-01-02,4.61
emp_000147,2025-10-04,3.64
emp_000147,2025-07-06,4.38
emp_000147,2025-04-07,4.21
emp_000147,2025-01-07,4.39
emp_000147,2024-10-09,4.39
emp_000147,2024-07-11,4.58
emp_000148,2026-04-02,3.98
emp_000148,2026-01-02,3.37
emp_000148,2025-10-04,4.24
emp_000148,2025-07-06,3.77
emp_000148,2025-04-07,3.89
emp_000148,2025-01-07,3.86
emp_000148,2024-10-09,3.33
emp_000148,2024-07-11,4.35
emp_000149,2026-04-02,3.55
emp_000149,2026-01-02,3.64
emp_000149,2025-10-04,2.8
emp_000149,2025-07-06,3.08
emp_000149,2025-04-07,3.55
emp_000149,2025-01-07,3.57
emp_000149,2024-10-09,3.49
emp_000149,2024-07-11,2.99
emp_000150,2026-04-02,4.22
emp_000150,2026-01-02,4.34
emp_000150,2025-10-04,4.15
emp_000150,2025-07-06,3.64
emp_000150,2025-04-07,4.48
emp_000150,2025-01-07,3.62
emp_000150,2024-10-09,3.94
emp_000150,2024-07-11,3.71
emp_000151,2026-04-02,3.62
emp_000151,2026-01-02,4.27
emp_000151,2025-10-04,3.93
emp_000152,2026-04-02,3.63
emp_000152,2026-01-02,3.53
emp_000152,2025-10-04,3.57
emp_000152,2025-07-06,3.62
emp_000152,2025-04-07,3.92
emp_000152,2025-01-07,3.6
emp_000152,2024-10-09,3.84
emp_000152,2024-07-11,3.64
emp_000153,2026-04-02,3.89
emp_000153,2026-01-02,4.12
emp_000153,2025-10-04,4.09
emp_000153,2025-07-06,4.34
emp_000153,2025-04-07,4.99
emp_000154,2026-04-02,3.77
emp_000154,2026-01-02,3.37
emp_000154,2025-10-04,3.94
emp_000154,2025-07-06,4.05
emp_000154,2025-04-07,3.75
emp_000154,2025-01-07,4.07
emp_000154,2024-10-09,3.74
emp_000154,2024-07-11,3.68
emp_000155,2026-04-02,3.75
emp_000155,2026-01-02,3.65
emp_000155,2025-10-04,3.41
emp_000155,2025-07-06,4.01
emp_000155,2025-04-07,4.21
emp_000155,2025-01-07,4.5
emp_000155,2024-10-09,3.9
emp_000155,2024-07-11,3.58
emp_000156,2026-04-02,4.74
emp_000156,2026-01-02,3.41
emp_000156,2025-10-04,3.84
emp_000156,2025-07-06,3.58
emp_000157,2026-04-02,4.09
emp_000157,2026-01-02,3.55
emp_000157,2025-10-04,2.79
emp_000157,2025-07-06,3.5
emp_000157,2025-04-07,3.34
emp_000157,2025-01-07,3.2
emp_000157,2024-10-09,3.52
emp_000157,2024-07-11,3.57
emp_000158,2026-04-02,2.93
emp_000158,2026-01-02,3.21
emp_000158,2025-10-04,3.11
emp_000158,2025-07-06,2.88
emp_000158,2025-04-07,3.09
emp_000158,2025-01-07,3.12
emp_000158,2024-10-09,3.38
emp_000159,2026-04-02,3.99
emp_000159,2026-01-02,3.4
emp_000159,2025-10-04,3.81
emp_000159,2025-07-06,4.27
emp_000159,2025-04-07,4.38
emp_000159,2025-01-07,3.97
emp_000159,2024-10-09,4.05
emp_000159,2024-07-11,4.17
emp_000160,2026-04-02,2.7
emp_000160,2026-01-02,3.1
emp_000160,2025-10-04,3.48
emp_000160,2025-07-06,3.92
emp_000160,2025-04-07,3.05
emp_000160,2025-01-07,2.66
emp_000160,2024-10-09,3.63
emp_000160,2024-07-11,3.4
emp_000161,2026-04-02,3.81
emp_000161,2026-01-02,3.87
emp_000161,2025-10-04,3.47
emp_000162,2026-04-02,3.62
emp_000163,2026-04-02,3.93
emp_000163,2026-01-02,3.67
emp_000163,2025-10-04,3.93
emp_000163,2025-07-06,3.91
emp_000163,2025-04-07,4.01
emp_000163,2025-01-07,3.72
emp_000163,2024-10-09,3.57
emp_000163,2024-07-11,4.52
emp_000164,2026-04-02,2.41
emp_000164,2026-01-02,3.05
emp_000164,2025-10-04,3.24
emp_000164,2025-07-06,2.82
emp_000164,2025-04-07,2.63
emp_000164,2025-01-07,2.77
emp_000164,2024-10-09,2.97
emp_000164,2024-07-11,3.58
emp_000165,2026-04-02,3.49
emp_000165,2026-01-02,3.54
emp_000165,2025-10-04,3.68
emp_000165,2025-07-06,3.21
emp_000165,2025-04-07,3.01
emp_000165,2025-01-07,4.45
emp_000165,2024-10-09,3.92
emp_000165,2024-07-11,2.99
emp_000166,2026-04-02,3.26
emp_000166,2026-01-02,3.51
emp_000166,2025-10-04,3.13
emp_000166,2025-07-06,3.38
emp_000166,2025-04-07,3.07
emp_000166,2025-01-07,3.74
emp_000166,2024-10-09,3.75
emp_000166,2024-07-11,3.39
emp_000167,2026-04-02,2.94
emp_000167,2026-01-02,3.72
emp_000167,2025-10-04,4.19
emp_000167,2025-07-06,3.12
emp_000167,2025-04-07,3.51
emp_000167,2025-01-07,3.83
emp_000167,2024-10-09,3.23
emp_000167,2024-07-11,3.7
emp_000168,2026-04-02,3.94
emp_000168,2026-01-02,4.24
emp_000168,2025-10-04,4.31
emp_000168,2025-07-06,4.23
emp_000168,2025-04-07,4.55
emp_000169,2026-04-02,4.25
emp_000169,2026-01-02,2.75
emp_000169,2025-10-04,3.43
emp_000169,2025-07-06,3.87
emp_000169,2025-04-07,3.34
emp_000169,2025-01-07,4.03
emp_000169,2024-10-09,3.6
emp_000169,2024-07-11,3.61
emp_000170,2026-04-02,4.01
emp_000170,2026-01-02,4.29
emp_000170,2025-10-04,4.13
emp_000170,2025-07-06,4.96
emp_000170,2025-04-07,4.05
emp_000170,2025-01-07,4.13
emp_000170,2024-10-09,4.14
emp_000170,2024-07-11,4.49
emp_000171,2026-04-02,3.23
emp_000171,2026-01-02,2.75
emp_000171,2025-10-04,3.79
emp_000171,2025-07-06,2.95
emp_000171,2025-04-07,3.56
emp_000171,2025-01-07,2.72
emp_000171,2024-10-09,3.84
emp_000171,2024-07-11,3.32
emp_000172,2026-04-02,4.05
emp_000172,2026-01-02,3.44
emp_000172,2025-10-04,4.14
emp_000172,2025-07-06,4.26
emp_000172,2025-04-07,4.11
emp_000172,2025-01-07,4.4
emp_000172,2024-10-09,4.18
emp_000173,2026-04-02,4.57
emp_000173,2026-01-02,4.01
emp_000173,2025-10-04,3.51
emp_000173,2025-07-06,3.81
emp_000173,2025-04-07,3.61
emp_000173,2025-01-07,4.02
emp_000173,2024-10-09,4.12
emp_000173,2024-07-11,4.23
emp_000174,2026-04-02,3.92
emp_000174,2026-01-02,3.24
emp_000174,2025-10-04,4.21
emp_000174,2025-07-06,4.24
emp_000174,2025-04-07,3.69
emp_000174,2025-01-07,3.73
emp_000174,2024-10-09,4.22
emp_000174,2024-07-11,4.43
emp_000175,2026-04-02,3.18
emp_000175,2026-01-02,3.25
emp_000175,2025-10-04,2.88
emp_000175,2025-07-06,2.97
emp_000175,2025-04-07,3.28
emp_000175,2025-01-07,3.09
emp_000175,2024-10-09,2.96
emp_000175,2024-07-11,2.15
emp_000176,2026-04-02,3.87
emp_000176,2026-01-02,4.75
emp_000177,2026-04-02,3.8
emp_000177,2026-01-02,4.29
emp_000177,2025-10-04,4.98
emp_000177,2025-07-06,3.92
emp_000177,2025-04-07,4.65
emp_000177,2025-01-07,3.99
emp_000177,2024-10-09,4.02
emp_000177,2024-07-11,4.09
emp_000178,2026-04-02,3.38
emp_000178,2026-01-02,3.97
emp_000178,2025-10-04,3.65
emp_000178,2025-07-06,3.82
emp_000178,2025-04-07,3.11
emp_000178,2025-01-07,3.24
emp_000178,2024-10-09,3.6
emp_000178,2024-07-11,3.73
emp_000179,2026-04-02,3.99
emp_000179,2026-01-02,3.9
emp_000179,2025-10-04,4.26
emp_000179,2025-07-06,4.42
emp_000179,2025-04-07,4.85
emp_000179,2025-01-07,4.62
emp_000179,2024-10-09,3.89
emp_000179,2024-07-11,3.93
emp_000180,2026-04-02,3.27
emp_000180,2026-01-02,3.34
emp_000180,2025-10-04,3.18
emp_000180,2025-07-06,3.25
emp_000180,2025-04-07,4.26
emp_000180,2025-01-07,3.91
emp_000180,2024-10-09,3.62
emp_000180,2024-07-11,3.42
emp_000181,2026-04-02,3.93
emp_000181,2026-01-02,3.01
emp_000181,2025-10-04,2.99
emp_000181,2025-07-06,3.0
emp_000181,2025-04-07,3.35
emp_000181,2025-01-07,3.54
emp_000181,2024-10-09,3.45
emp_000181,2024-07-11,3.97
emp_000182,2026-04-02,2.56
emp_000182,2026-01-02,3.76
emp_000182,2025-10-04,4.09
emp_000182,2025-07-06,3.7
emp_000182,2025-04-07,4.08
emp_000182,2025-01-07,2.73
emp_000182,2024-10-09,3.47
emp_000182,2024-07-11,4.04
emp_000183,2026-04-02,3.35
emp_000183,2026-01-02,4.6
emp_000183,2025-10-04,3.97
emp_000183,2025-07-06,4.34
emp_000183,2025-04-07,4.13
emp_000183,2025-01-07,3.64
emp_000183,2024-10-09,4.25
emp_000183,2024-07-11,3.33
emp_000184,2026-04-02,3.72
emp_000184,2026-01-02,3.65
emp_000184,2025-10-04,4.39
emp_000184,2025-07-06,4.37
emp_000184,2025-04-07,4.2
emp_000184,2025-01-07,4.07
emp_000184,2024-10-09,4.0
emp_000184,2024-07-11,4.48
emp_000185,2026-04-02,3.69
emp_000185,2026-01-02,3.8
emp_000185,2025-10-04,3.85
emp_000185,2025-07-06,3.41
emp_000185,2025-04-07,3.67
emp_000185,2025-01-07,3.78
emp_000185,2024-10-09,3.84
emp_000185,2024-07-11,3.63
emp_000186,2026-04-02,4.29
emp_000186,2026-01-02,3.6
emp_000186,2025-10-04,3.86
emp_000186,2025-07-06,4.27
emp_000186,2025-04-07,3.9
emp_000186,2025-01-07,4.0
emp_000186,2024-10-09,4.07
emp_000186,2024-07-11,3.51
emp_000187,2026-04-02,4.38
emp_000187,2026-01-02,4.62
emp_000187,2025-10-04,4.51
emp_000187,2025-07-06,4.53
emp_000187,2025-04-07,4.49
emp_000187,2025-01-07,4.23
emp_000187,2024-10-09,4.44
emp_000187,2024-07-11,4.29
emp_000188,2026-04-02,4.37
emp_000188,2026-01-02,4.52
emp_000188,2025-10-04,4.39
emp_000188,2025-07-06,4.82
emp_000188,2025-04-07,4.28
emp_000188,2025-01-07,4.32
emp_000188,2024-10-09,3.72
emp_000188,2024-07-11,4.25
emp_000189,2026-04-02,3.73
emp_000189,2026-01-02,3.53
emp_000189,2025-10-04,3.82
emp_000189,2025-07-06,4.39
emp_000189,2025-04-07,4.06
emp_000189,2025-01-07,3.59
emp_000189,2024-10-09,4.13
emp_000189,2024-07-11,4.03
emp_000190,2026-04-02,3.39
emp_000190,2026-01-02,3.19
emp_000190,2025-10-04,3.77
emp_000190,2025-07-06,3.13
emp_000190,2025-04-07,3.23
emp_000190,2025-01-07,3.38
emp_000190,2024-10-09,2.18
emp_000190,2024-07-11,3.56
emp_000191,2026-04-02,3.76
emp_000191,2026-01-02,3.83
emp_000191,2025-10-04,3.6
emp_000191,2025-07-06,3.71
emp_000191,2025-04-07,4.14
emp_000191,2025-01-07,3.36
emp_000191,2024-10-09,3.62
emp_000191,2024-07-11,4.4
emp_000192,2026-04-02,3.96
emp_000192,2026-01-02,4.55
emp_000192,2025-10-04,4.59
emp_000192,2025-07-06,4.67
emp_000192,2025-04-07,4.74
emp_000192,2025-01-07,4.47
emp_000193,2026-04-02,3.49
emp_000193,2026-01-02,3.42
emp_000193,2025-10-04,3.32
emp_000193,2025-07-06,3.99
emp_000193,2025-04-07,4.28
emp_000193,2025-01-07,3.14
emp_000193,2024-10-09,3.45
emp_000193,2024-07-11,3.41
emp_000194,2026-04-02,4.43
emp_000194,2026-01-02,3.87
emp_000194,2025-10-04,4.17
emp_000194,2025-07-06,4.08
emp_000194,2025-04-07,4.57
emp_000195,2026-04-02,3.92
emp_000195,2026-01-02,3.7
emp_000195,2025-10-04,3.31
emp_000195,2025-07-06,3.87
emp_000195,2025-04-07,3.6
emp_000195,2025-01-07,3.72
emp_000195,2024-10-09,3.73
emp_000195,2024-07-11,3.65
emp_000196,2026-04-02,3.73
emp_000196,2026-01-02,4.22
emp_000196,2025-10-04,4.29
emp_000196,2025-07-06,3.94
emp_000198,2026-04-02,2.7
emp_000198,2026-01-02,3.13
emp_000198,2025-10-04,3.42
emp_000198,2025-07-06,3.44
emp_000198,2025-04-07,3.04
emp_000198,2025-01-07,3.29
emp_000198,2024-10-09,2.81
emp_000198,2024-07-11,3.26
emp_000199,2026-04-02,4.58
emp_000199,2026-01-02,4.76
emp_000199,2025-10-04,4.53
emp_000199,2025-07-06,4.16
emp_000199,2025-04-07,4.03
emp_000200,2026-04-02,4.39
emp_000200,2026-01-02,3.73
emp_000200,2025-10-04,3.95
emp_000200,2025-07-06,3.54
emp_000200,2025-04-07,3.78
emp_000200,2025-01-07,4.09
emp_000200,2024-10-09,4.05
emp_000200,2024-07-11,3.66
emp_000201,2026-04-02,3.98
emp_000201,2026-01-02,3.93
emp_000201,2025-10-04,3.62
emp_000201,2025-07-06,3.99
emp_000201,2025-04-07,4.33
emp_000201,2025-01-07,4.72
emp_000201,2024-10-09,4.66
emp_000202,2026-04-02,3.27
emp_000202,2026-01-02,3.93
emp_000202,2025-10-04,3.82
emp_000202,2025-07-06,3.82
emp_000202,2025-04-07,3.5
emp_000202,2025-01-07,4.02
emp_000202,2024-10-09,4.14
emp_000202,2024-07-11,3.33
emp_000203,2026-04-02,4.31
emp_000203,2026-01-02,4.11
emp_000203,2025-10-04,4.71
emp_000204,2026-04-02,3.17
emp_000204,2026-01-02,3.78
emp_000204,2025-10-04,3.75
emp_000204,2025-07-06,3.58
emp_000204,2025-04-07,3.34
emp_000204,2025-01-07,3.34
emp_000204,2024-10-09,3.5
emp_000204,2024-07-11,3.87
emp_000205,2026-04-02,3.99
emp_000205,2026-01-02,3.62
emp_000205,2025-10-04,4.09
emp_000205,2025-07-06,4.32
emp_000205,2025-04-07,4.63
emp_000205,2025-01-07,4.58
emp_000205,2024-10-09,4.85
emp_000205,2024-07-11,4.54
emp_000206,2026-04-02,4.24
emp_000206,2026-01-02,3.78
emp_000206,2025-10-04,3.04
emp_000206,2025-07-06,4.1
emp_000206,2025-04-07,3.75
emp_000206,2025-01-07,4.37
emp_000206,2024-10-09,4.28
emp_000206,2024-07-11,3.95
emp_000207,2026-04-02,3.94
emp_000207,2026-01-02,4.41
emp_000207,2025-10-04,3.84
emp_000207,2025-07-06,4.55
emp_000208,2026-04-02,4.72
emp_000208,2026-01-02,4.16
emp_000208,2025-10-04,3.21
emp_000208,2025-07-06,3.99
emp_000208,2025-04-07,4.36
emp_000208,2025-01-07,4.14
emp_000208,2024-10-09,3.74
emp_000208,2024-07-11,4.21
emp_000209,2026-04-02,3.93
emp_000209,2026-01-02,4.47
emp_000209,2025-10-04,4.03
emp_000209,2025-07-06,3.62
emp_000209,2025-04-07,3.72
emp_000210,2026-04-02,3.66
emp_000210,2026-01-02,2.64
emp_000210,2025-10-04,4.1
emp_000210,2025-07-06,3.56
emp_000210,2025-04-07,3.81
emp_000210,2025-01-07,3.54
emp_000210,2024-10-09,3.48
emp_000210,2024-07-11,3.49
emp_000211,2026-04-02,4.28
emp_000211,2026-01-02,4.21
emp_000211,2025-10-04,3.93
emp_000211,2025-07-06,3.97
emp_000211,2025-04-07,3.79
emp_000211,2025-01-07,3.94
emp_000212,2026-04-02,4.43
emp_000212,2026-01-02,4.03
emp_000212,2025-10-04,4.1
emp_000212,2025-07-06,4.21
emp_000213,2026-04-02,3.85
emp_000213,2026-01-02,3.34
emp_000213,2025-10-04,4.24
emp_000213,2025-07-06,4.1
emp_000213,2025-04-07,3.68
emp_000213,2025-01-07,4.44
emp_000213,2024-10-09,3.77
emp_000213,2024-07-11,3.67
emp_000214,2026-04-02,3.56
emp_000214,2026-01-02,3.68
emp_000214,2025-10-04,3.72
emp_000214,2025-07-06,4.75
emp_000214,2025-04-07,4.07
emp_000214,2025-01-07,4.26
emp_000214,2024-10-09,3.59
emp_000214,2024-07-11,4.0
emp_000215,2026-04-02,3.05
emp_000215,2026-01-02,3.79
emp_000215,2025-10-04,3.8
emp_000215,2025-07-06,3.85
emp_000215,2025-04-07,3.52
emp_000215,2025-01-07,3.71
emp_000215,2024-10-09,3.16
emp_000215,2024-07-11,3.22
emp_000216,2026-04-02,2.99
emp_000216,2026-01-02,3.17
emp_000216,2025-10-04,2.95
emp_000216,2025-07-06,2.98
emp_000216,2025-04-07,3.94
emp_000216,2025-01-07,2.92
emp_000216,2024-10-09,2.44
emp_000217,2026-04-02,2.74
emp_000217,2026-01-02,3.59
emp_000217,2025-10-04,2.92
emp_000217,2025-07-06,3.82
emp_000217,2025-04-07,3.74
emp_000217,2025-01-07,3.38
emp_000217,2024-10-09,3.37
emp_000217,2024-07-11,3.06
emp_000218,2026-04-02,4.68
emp_000218,2026-01-02,3.54
emp_000218,2025-10-04,4.42
emp_000218,2025-07-06,3.53
emp_000218,2025-04-07,4.28
emp_000218,2025-01-07,3.83
emp_000218,2024-10-09,4.27
emp_000218,2024-07-11,3.34
emp_000219,2026-04-02,3.23
emp_000219,2026-01-02,3.96
emp_000219,2025-10-04,4.24
emp_000219,2025-07-06,3.37
emp_000220,2026-04-02,4.29
emp_000220,2026-01-02,3.32
emp_000220,2025-10-04,3.52
emp_000220,2025-07-06,3.2
emp_000220,2025-04-07,3.86
emp_000220,2025-01-07,4.25
emp_000220,2024-10-09,4.31
emp_000220,2024-07-11,3.43
emp_000221,2026-04-02,3.56
emp_000221,2026-01-02,4.18
emp_000221,2025-10-04,4.08
emp_000221,2025-07-06,3.69
emp_000221,2025-04-07,3.42
emp_000221,2025-01-07,4.03
emp_000221,2024-10-09,3.84
emp_000221,2024-07-11,4.01
emp_000222,2026-04-02,3.37
emp_000222,2026-01-02,3.68
emp_000222,2025-10-04,3.15
emp_000222,2025-07-06,3.66
emp_000222,2025-04-07,3.74
emp_000222,2025-01-07,3.94
emp_000222,2024-10-09,4.59
emp_000222,2024-07-11,4.04
emp_000223,2026-04-02,3.42
emp_000224,2026-04-02,3.49
emp_000224,2026-01-02,3.76
emp_000224,2025-10-04,3.87
emp_000224,2025-07-06,3.69
emp_000224,2025-04-07,3.78
emp_000224,2025-01-07,4.75
emp_000224,2024-10-09,4.11
emp_000224,2024-07-11,4.31
emp_000225,2026-04-02,4.15
emp_000225,2026-01-02,3.58
emp_000226,2026-04-02,4.05
emp_000226,2026-01-02,3.96
emp_000226,2025-10-04,4.06
emp_000226,2025-07-06,3.65
emp_000226,2025-04-07,3.47
emp_000226,2025-01-07,3.7
emp_000226,2024-10-09,3.91
emp_000226,2024-07-11,4.38
emp_000227,2026-04-02,4.09
emp_000227,2026-01-02,3.91
emp_000227,2025-10-04,3.27
emp_000227,2025-07-06,3.7
emp_000227,2025-04-07,3.44
emp_000227,2025-01-07,3.37
emp_000227,2024-10-09,3.63
emp_000228,2026-04-02,3.56
emp_000228,2026-01-02,3.18
emp_000228,2025-10-04,2.6
emp_000228,2025-07-06,3.16
emp_000228,2025-04-07,3.22
emp_000228,2025-01-07,3.88
emp_000228,2024-10-09,2.57
emp_000228,2024-07-11,3.64
emp_000229,2026-04-02,3.57
emp_000229,2026-01-02,4.03
emp_000229,2025-10-04,3.02
emp_000229,2025-07-06,3.93
emp_000230,2026-04-02,3.82
emp_000230,2026-01-02,4.77
emp_000230,2025-10-04,4.32
emp_000230,2025-07-06,4.23
emp_000230,2025-04-07,3.89
emp_000230,2025-01-07,4.82
emp_000230,2024-10-09,3.55
emp_000230,2024-07-11,3.82
emp_000231,2026-04-02,4.17
emp_000231,2026-01-02,3.02
emp_000232,2026-04-02,3.37
emp_000232,2026-01-02,3.31
emp_000232,2025-10-04,3.32
emp_000233,2026-04-02,3.59
emp_000233,2026-01-02,3.49
emp_000233,2025-10-04,3.71
emp_000233,2025-07-06,3.48
emp_000233,2025-04-07,3.86
emp_000233,2025-01-07,3.19
emp_000233,2024-10-09,3.86
emp_000233,2024-07-11,3.43
emp_000234,2026-04-02,3.75
emp_000234,2026-01-02,4.0
emp_000234,2025-10-04,3.39
emp_000234,2025-07-06,3.23
emp_000234,2025-04-07,3.5
emp_000234,2025-01-07,3.86
emp_000234,2024-10-09,3.59
emp_000234,2024-07-11,4.13
emp_000235,2026-04-02,3.21
emp_000235,2026-01-02,4.06
emp_000235,2025-10-04,3.48
emp_000235,2025-07-06,4.1
emp_000235,2025-04-07,3.21
emp_000235,2025-01-07,3.8
emp_000235,2024-10-09,3.4
emp_000236,2026-04-02,3.6
emp_000236,2026-01-02,4.23
emp_000236,2025-10-04,4.14
emp_000236,2025-07-06,2.97
emp_000236,2025-04-07,3.7
emp_000236,2025-01-07,3.87
emp_000236,2024-10-09,3.66
emp_000236,2024-07-11,3.78
emp_000237,2026-04-02,4.02
emp_000237,2026-01-02,4.17
emp_000237,2025-10-04,4.17
emp_000237,2025-07-06,3.45
emp_000237,2025-04-07,3.73
emp_000237,2025-01-07,3.43
emp_000237,2024-10-09,3.98
emp_000237,2024-07-11,3.51
emp_000238,2026-04-02,4.52
emp_000238,2026-01-02,4.52
emp_000238,2025-10-04,4.41
emp_000238,2025-07-06,4.03
emp_000238,2025-04-07,4.15
emp_000238,2025-01-07,4.12
emp_000238,2024-10-09,3.94
emp_000238,2024-07-11,4.7
emp_000239,2026-04-02,3.14
emp_000239,2026-01-02,3.54
emp_000239,2025-10-04,4.6
emp_000239,2025-07-06,3.64
emp_000239,2025-04-07,3.54
emp_000239,2025-01-07,4.04
emp_000239,2024-10-09,3.98
emp_000240,2026-04-02,3.51
emp_000240,2026-01-02,2.89
emp_000240,2025-10-04,3.77
emp_000240,2025-07-06,3.45
emp_000240,2025-04-07,3.3
emp_000240,2025-01-07,3.36
emp_000241,2026-04-02,3.46
emp_000241,2026-01-02,3.16
emp_000241,2025-10-04,3.57
emp_000241,2025-07-06,3.72
emp_000241,2025-04-07,3.29
emp_000241,2025-01-07,2.92
emp_000241,2024-10-09,3.97
emp_000242,2026-04-02,4.77
emp_000242,2026-01-02,4.63
emp_000242,2025-10-04,3.74
emp_000242,2025-07-06,4.9
emp_000242,2025-04-07,4.47
emp_000243,2026-04-02,3.74
emp_000244,2026-04-02,3.68
emp_000244,2026-01-02,4.12
emp_000244,2025-10-04,4.27
emp_000244,2025-07-06,3.7
emp_000244,2025-04-07,4.53
emp_000245,2026-04-02,2.84
emp_000245,2026-01-02,2.44
emp_000245,2025-10-04,2.83
emp_000245,2025-07-06,3.22
emp_000245,2025-04-07,3.44
emp_000245,2025-01-07,2.41
emp_000245,2024-10-09,2.93
emp_000245,2024-07-11,2.84
emp_000246,2026-04-02,3.54
emp_000246,2026-01-02,3.42
emp_000246,2025-10-04,3.11
emp_000246,2025-07-06,3.27
emp_000246,2025-04-07,3.94
emp_000246,2025-01-07,3.08
emp_000246,2024-10-09,3.41
emp_000246,2024-07-11,3.64
emp_000247,2026-04-02,3.7
emp_000247,2026-01-02,4.09
emp_000247,2025-10-04,4.01
emp_000247,2025-07-06,4.73
emp_000248,2026-04-02,3.65
emp_000248,2026-01-02,4.14
emp_000248,2025-10-04,4.31
emp_000248,2025-07-06,3.7
emp_000248,2025-04-07,3.83
emp_000248,2025-01-07,3.42
emp_000249,2026-04-02,4.29
emp_000249,2026-01-02,4.14
emp_000249,2025-10-04,5.0
emp_000249,2025-07-06,3.92
emp_000249,2025-04-07,4.28
emp_000249,2025-01-07,4.91
emp_000249,2024-10-09,3.95
emp_000249,2024-07-11,4.55
emp_000250,2026-04-02,4.87
emp_000250,2026-01-02,4.3
emp_000250,2025-10-04,3.33
emp_000250,2025-07-06,4.17
emp_000250,2025-04-07,3.85
emp_000250,2025-01-07,3.63
emp_000250,2024-10-09,4.75
emp_000250,2024-07-11,4.61
emp_000252,2026-04-02,3.53
emp_000252,2026-01-02,3.44
emp_000252,2025-10-04,2.78
emp_000252,2025-07-06,3.73
emp_000252,2025-04-07,3.22
emp_000252,2025-01-07,3.44
emp_000252,2024-10-09,3.65
emp_000252,2024-07-11,3.26
emp_000254,2026-04-02,4.23
emp_000254,2026-01-02,3.21
emp_000254,2025-10-04,4.21
emp_000254,2025-07-06,3.77
emp_000254,2025-04-07,3.91
emp_000254,2025-01-07,4.25
emp_000254,2024-10-09,3.43
emp_000254,2024-07-11,4.42
emp_000255,2026-04-02,3.42
emp_000255,2026-01-02,3.85
emp_000255,2025-10-04,2.86
emp_000255,2025-07-06,3.28
emp_000255,2025-04-07,3.16
emp_000255,2025-01-07,3.35
emp_000255,2024-10-09,3.66
emp_000255,2024-07-11,3.43
emp_000256,2026-04-02,2.78
emp_000256,2026-01-02,3.86
emp_000256,2025-10-04,2.94
emp_000257,2026-04-02,3.98
emp_000257,2026-01-02,3.72
emp_000257,2025-10-04,4.16
emp_000257,2025-07-06,4.03
emp_000257,2025-04-07,3.33
emp_000257,2025-01-07,3.32
emp_000257,2024-10-09,4.01
emp_000257,2024-07-11,4.38
emp_000258,2026-04-02,2.74
emp_000258,2026-01-02,3.17
emp_000258,2025-10-04,3.92
emp_000258,2025-07-06,3.38
emp_000258,2025-04-07,3.7
emp_000258,2025-01-07,2.82
emp_000258,2024-10-09,3.25
emp_000258,2024-07-11,3.24
emp_000259,2026-04-02,4.33
emp_000259,2026-01-02,3.1
emp_000259,2025-10-04,4.25
emp_000259,2025-07-06,3.92
emp_000259,2025-04-07,3.72
emp_000259,2025-01-07,4.02
emp_000259,2024-10-09,3.18
emp_000259,2024-07-11,3.55
emp_000260,2026-04-02,3.58
emp_000260,2026-01-02,3.77
emp_000260,2025-10-04,3.94
emp_000260,2025-07-06,3.26
emp_000260,2025-04-07,3.73
emp_000260,2025-01-07,3.95
emp_000260,2024-10-09,3.88
emp_000260,2024-07-11,3.58
emp_000261,2026-04-02,3.78
emp_000261,2026-01-02,3.7
emp_000261,2025-10-04,3.99
emp_000261,2025-07-06,3.75
emp_000261,2025-04-07,4.35
emp_000261,2025-01-07,3.8
emp_000261,2024-10-09,4.15
emp_000261,2024-07-11,3.7
emp_000262,2026-04-02,4.25
emp_000262,2026-01-02,3.78
emp_000262,2025-10-04,3.44
emp_000262,2025-07-06,3.57
emp_000262,2025-04-07,3.66
emp_000262,2025-01-07,3.93
emp_000263,2026-04-02,3.61
emp_000263,2026-01-02,3.97
emp_000263,2025-10-04,3.39
emp_000263,2025-07-06,3.63
emp_000263,2025-04-07,3.98
emp_000263,2025-01-07,3.8
emp_000263,2024-10-09,3.78
emp_000264,2026-04-02,3.61
emp_000264,2026-01-02,3.75
emp_000264,2025-10-04,3.96
emp_000264,2025-07-06,3.28
emp_000264,2025-04-07,4.03
emp_000264,2025-01-07,3.5
emp_000264,2024-10-09,4.42
emp_000264,2024-07-11,3.66
emp_000265,2026-04-02,3.56
emp_000265,2026-01-02,3.28
emp_000265,2025-10-04,3.97
emp_000265,2025-07-06,3.96
emp_000265,2025-04-07,2.81
emp_000266,2026-04-02,4.06
emp_000266,2026-01-02,4.28
emp_000266,2025-10-04,4.16
emp_000266,2025-07-06,4.65
emp_000266,2025-04-07,3.71
emp_000266,2025-01-07,4.52
emp_000266,2024-10-09,4.67
emp_000266,2024-07-11,3.99
emp_000267,2026-04-02,3.52
emp_000267,2026-01-02,3.76
emp_000267,2025-10-04,4.0
emp_000267,2025-07-06,3.64
emp_000268,2026-04-02,4.48
emp_000268,2026-01-02,4.56
emp_000268,2025-10-04,3.88
emp_000268,2025-07-06,5.0
emp_000268,2025-04-07,3.74
emp_000268,2025-01-07,4.33
emp_000268,2024-10-09,3.85
emp_000268,2024-07-11,3.52
emp_000269,2026-04-02,3.74
emp_000269,2026-01-02,3.46
emp_000269,2025-10-04,3.73
emp_000269,2025-07-06,3.54
emp_000269,2025-04-07,3.14
emp_000269,2025-01-07,3.77
emp_000269,2024-10-09,3.89
emp_000269,2024-07-11,4.06
emp_000270,2026-04-02,3.43
emp_000270,2026-01-02,3.41
emp_000270,2025-10-04,3.96
emp_000270,2025-07-06,3.99
emp_000270,2025-04-07,4.44
emp_000270,2025-01-07,3.96
emp_000270,2024-10-09,3.36
emp_000270,2024-07-11,3.81
emp_000271,2026-04-02,4.02
emp_000271,2026-01-02,4.32
emp_000271,2025-10-04,3.51
emp_000271,2025-07-06,3.98
emp_000271,2025-04-07,4.0
emp_000271,2025-01-07,4.27
emp_000271,2024-10-09,4.63
emp_000271,2024-07-11,4.06
emp_000272,2026-04-02,3.79
emp_000272,2026-01-02,3.64
emp_000272,2025-10-04,4.12
emp_000272,2025-07-06,4.33
emp_000272,2025-04-07,3.28
emp_000272,2025-01-07,3.34
emp_000272,2024-10-09,4.11
emp_000273,2026-04-02,4.0
emp_000273,2026-01-02,3.95
emp_000273,2025-10-04,3.43
emp_000273,2025-07-06,3.43
emp_000273,2025-04-07,4.1
emp_000273,2025-01-07,4.14
emp_000273,2024-10-09,3.57
emp_000273,2024-07-11,3.69
emp_000274,2026-04-02,3.59
emp_000274,2026-01-02,3.94
emp_000274,2025-10-04,4.09
emp_000275,2026-04-02,3.2
emp_000275,2026-01-02,3.24
emp_000275,2025-10-04,3.18
emp_000275,2025-07-06,2.98
emp_000276,2026-04-02,3.74
emp_000276,2026-01-02,3.51
emp_000276,2025-10-04,3.47
emp_000276,2025-07-06,3.59
emp_000276,2025-04-07,4.14
emp_000276,2025-01-07,4.05
emp_000276,2024-10-09,4.47
emp_000276,2024-07-11,3.56
emp_000277,2026-04-02,3.53
emp_000277,2026-01-02,3.93
emp_000277,2025-10-04,2.48
emp_000277,2025-07-06,3.71
emp_000277,2025-04-07,4.26
emp_000277,2025-01-07,4.07
emp_000278,2026-04-02,4.2
emp_000278,2026-01-02,4.68
emp_000278,2025-10-04,3.58
emp_000278,2025-07-06,4.29
emp_000278,2025-04-07,3.64
emp_000278,2025-01-07,4.15
emp_000278,2024-10-09,3.81
emp_000278,2024-07-11,4.25
emp_000279,2026-04-02,4.16
emp_000279,2026-01-02,4.15
emp_000279,2025-10-04,3.61
emp_000279,2025-07-06,3.94
emp_000279,2025-04-07,3.63
emp_000279,2025-01-07,3.81
emp_000279,2024-10-09,3.32
emp_000279,2024-07-11,4.43
emp_000280,2026-04-02,4.33
emp_000280,2026-01-02,4.5
emp_000280,2025-10-04,4.11
emp_000280,2025-07-06,3.59
emp_000280,2025-04-07,3.62
emp_000280,2025-01-07,4.11
emp_000280,2024-10-09,4.11
emp_000280,2024-07-11,3.47
emp_000281,2026-04-02,4.58
emp_000281,2026-01-02,3.91
emp_000281,2025-10-04,4.53
emp_000281,2025-07-06,4.01
emp_000281,2025-04-07,4.39
emp_000281,2025-01-07,4.43
emp_000281,2024-10-09,4.49
emp_000281,2024-07-11,4.33
emp_000282,2026-04-02,4.15
emp_000282,2026-01-02,3.95
emp_000283,2026-04-02,3.83
emp_000283,2026-01-02,3.21
emp_000283,2025-10-04,3.85
emp_000283,2025-07-06,4.14
emp_000284,2026-04-02,4.7
emp_000284,2026-01-02,4.77
emp_000284,2025-10-04,4.56
emp_000284,2025-07-06,4.58
emp_000284,2025-04-07,4.67
emp_000284,2025-01-07,4.03
emp_000284,2024-10-09,3.84
emp_000284,2024-07-11,3.58
emp_000285,2026-04-02,3.57
emp_000285,2026-01-02,4.52
emp_000285,2025-10-04,3.93
emp_000285,2025-07-06,3.67
emp_000285,2025-04-07,3.4
emp_000285,2025-01-07,4.04
emp_000285,2024-10-09,3.85
emp_000286,2026-04-02,3.61
emp_000286,2026-01-02,3.57
emp_000286,2025-10-04,2.98
emp_000286,2025-07-06,3.03
emp_000286,2025-04-07,3.09
emp_000286,2025-01-07,3.62
emp_000286,2024-10-09,3.4
emp_000286,2024-07-11,3.17
emp_000287,2026-04-02,4.23
emp_000287,2026-01-02,4.88
emp_000287,2025-10-04,4.24
emp_000287,2025-07-06,4.68
emp_000287,2025-04-07,3.45
emp_000287,2025-01-07,4.18
emp_000287,2024-10-09,3.7
emp_000288,2026-04-02,4.22
emp_000288,2026-01-02,3.78
emp_000288,2025-10-04,3.87
emp_000288,2025-07-06,3.47
emp_000288,2025-04-07,3.43
emp_000288,2025-01-07,3.51
emp_000288,2024-10-09,4.12
emp_000288,2024-07-11,3.68
emp_000289,2026-04-02,4.66
emp_000289,2026-01-02,3.66
emp_000289,2025-10-04,3.37
emp_000289,2025-07-06,4.13
emp_000290,2026-04-02,3.2
emp_000290,2026-01-02,2.69
emp_000290,2025-10-04,3.39
emp_000290,2025-07-06,3.94
emp_000290,2025-04-07,3.46
emp_000291,2026-04-02,4.02
emp_000291,2026-01-02,4.07
emp_000291,2025-10-04,3.63
emp_000291,2025-07-06,3.45
emp_000291,2025-04-07,4.01
emp_000291,2025-01-07,3.5
emp_000291,2024-10-09,3.51
emp_000291,2024-07-11,4.23
emp_000292,2026-04-02,4.4
emp_000292,2026-01-02,4.62
emp_000293,2026-04-02,4.49
emp_000293,2026-01-02,4.09
emp_000293,2025-10-04,4.02
emp_000293,2025-07-06,3.44
emp_000293,2025-04-07,3.91
emp_000293,2025-01-07,3.49
emp_000293,2024-10-09,4.47
emp_000293,2024-07-11,4.06
emp_000294,2026-04-02,3.57
emp_000294,2026-01-02,4.47
emp_000294,2025-10-04,4.12
emp_000294,2025-07-06,4.04
emp_000294,2025-04-07,3.32
emp_000294,2025-01-07,3.89
emp_000294,2024-10-09,4.5
emp_000294,2024-07-11,3.83
emp_000295,2026-04-02,3.3
emp_000295,2026-01-02,4.27
emp_000295,2025-10-04,3.5
emp_000295,2025-07-06,3.07
emp_000295,2025-04-07,3.16
emp_000295,2025-01-07,3.96
emp_000295,2024-10-09,3.76
emp_000295,2024-07-11,4.31
emp_000296,2026-04-02,3.38
emp_000296,2026-01-02,4.06
emp_000296,2025-10-04,3.64
emp_000296,2025-07-06,3.73
emp_000296,2025-04-07,3.26
emp_000296,2025-01-07,4.02
emp_000296,2024-10-09,3.51
emp_000296,2024-07-11,4.19
emp_000297,2026-04-02,3.99
emp_000297,2026-01-02,3.52
emp_000297,2025-10-04,3.97
emp_000297,2025-07-06,4.15
emp_000297,2025-04-07,3.79
emp_000297,2025-01-07,4.26
emp_000297,2024-10-09,3.82
emp_000297,2024-07-11,4.22
emp_000298,2026-04-02,3.19
emp_000298,2026-01-02,4.3
emp_000298,2025-10-04,2.63
emp_000298,2025-07-06,3.47
emp_000298,2025-04-07,3.4
emp_000298,2025-01-07,3.41
emp_000298,2024-10-09,3.09
emp_000298,2024-07-11,3.78
emp_000299,2026-04-02,3.74
emp_000299,2026-01-02,4.46
emp_000299,2025-10-04,3.81
emp_000299,2025-07-06,4.53
emp_000299,2025-04-07,3.46
emp_000299,2025-01-07,4.2
emp_000299,2024-10-09,3.87
emp_000299,2024-07-11,4.09
emp_000300,2026-04-02,3.22
emp_000300,2026-01-02,3.79
emp_000300,2025-10-04,3.28
emp_000301,2026-04-02,4.46
emp_000301,2026-01-02,3.64
emp_000301,2025-10-04,4.14
emp_000301,2025-07-06,4.42
emp_000301,2025-04-07,3.99
emp_000302,2026-04-02,3.42
emp_000302,2026-01-02,3.29
emp_000302,2025-10-04,3.31
emp_000302,2025-07-06,3.64
emp_000303,2026-04-02,4.08
emp_000303,2026-01-02,3.55
emp_000303,2025-10-04,3.3
emp_000303,2025-07-06,3.41
emp_000303,2025-04-07,3.68
emp_000303,2025-01-07,3.82
emp_000303,2024-10-09,3.84
emp_000303,2024-07-11,3.64
emp_000304,2026-04-02,3.79
emp_000304,2026-01-02,3.55
emp_000304,2025-10-04,3.24
emp_000305,2026-04-02,3.54
emp_000305,2026-01-02,4.0
emp_000305,2025-10-04,4.09
emp_000305,2025-07-06,3.68
emp_000305,2025-04-07,4.24
emp_000305,2025-01-07,3.07
emp_000306,2026-04-02,3.98
emp_000306,2026-01-02,4.57
emp_000306,2025-10-04,3.78
emp_000306,2025-07-06,4.28
emp_000306,2025-04-07,4.06
emp_000306,2025-01-07,4.4
emp_000306,2024-10-09,3.9
emp_000306,2024-07-11,4.67
emp_000307,2026-04-02,4.55
emp_000307,2026-01-02,4.48
emp_000307,2025-10-04,3.98
emp_000307,2025-07-06,3.98
emp_000307,2025-04-07,3.85
emp_000307,2025-01-07,3.66
emp_000307,2024-10-09,3.33
emp_000307,2024-07-11,4.05
emp_000308,2026-04-02,4.39
emp_000308,2026-01-02,4.03
emp_000309,2026-04-02,3.9
emp_000309,2026-01-02,3.2
emp_000309,2025-10-04,3.88
emp_000309,2025-07-06,3.75
emp_000310,2026-04-02,3.82
emp_000310,2026-01-02,3.89
emp_000310,2025-10-04,4.78
emp_000310,2025-07-06,3.66
emp_000310,2025-04-07,3.95
emp_000310,2025-01-07,3.78
emp_000310,2024-10-09,3.91
emp_000310,2024-07-11,3.65
emp_000311,2026-04-02,4.4
emp_000311,2026-01-02,4.51
emp_000311,2025-10-04,4.19
emp_000311,2025-07-06,4.5
emp_000312,2026-04-02,4.34
emp_000312,2026-01-02,3.44
emp_000312,2025-10-04,4.0
emp_000312,2025-07-06,4.54
emp_000312,2025-04-07,4.72
emp_000312,2025-01-07,4.63
emp_000312,2024-10-09,4.57
emp_000312,2024-07-11,4.59
emp_000313,2026-04-02,3.75
emp_000313,2026-01-02,3.05
emp_000313,2025-10-04,2.99
emp_000313,2025-07-06,3.3
emp_000313,2025-04-07,2.72
emp_000313,2025-01-07,3.67
emp_000313,2024-10-09,3.15
emp_000314,2026-04-02,2.68
emp_000314,2026-01-02,2.71
emp_000314,2025-10-04,1.8
emp_000314,2025-07-06,3.02
emp_000314,2025-04-07,3.61
emp_000314,2025-01-07,2.39
emp_000314,2024-10-09,3.01
emp_000314,2024-07-11,3.12
emp_000315,2026-04-02,4.04
emp_000315,2026-01-02,4.1
emp_000315,2025-10-04,4.4
emp_000316,2026-04-02,4.03
emp_000316,2026-01-02,3.69
emp_000316,2025-10-04,4.66
emp_000316,2025-07-06,4.38
emp_000316,2025-04-07,4.36
emp_000316,2025-01-07,4.87
emp_000316,2024-10-09,4.06
emp_000317,2026-04-02,2.61
emp_000317,2026-01-02,2.83
emp_000317,2025-10-04,3.43
emp_000317,2025-07-06,3.26
emp_000317,2025-04-07,2.88
emp_000317,2025-01-07,3.54
emp_000317,2024-10-09,3.26
emp_000318,2026-04-02,3.69
emp_000318,2026-01-02,3.44
emp_000318,2025-10-04,3.56
emp_000318,2025-07-06,3.46
emp_000318,2025-04-07,3.77
emp_000318,2025-01-07,4.04
emp_000318,2024-10-09,3.39
emp_000318,2024-07-11,3.79
emp_000319,2026-04-02,3.71
emp_000319,2026-01-02,3.78
emp_000319,2025-10-04,3.9
emp_000319,2025-07-06,3.87
emp_000319,2025-04-07,3.74
emp_000319,2025-01-07,3.72
emp_000319,2024-10-09,3.89
emp_000319,2024-07-11,3.95
emp_000320,2026-04-02,4.17
emp_000320,2026-01-02,3.53
emp_000320,2025-10-04,3.43
emp_000320,2025-07-06,4.03
emp_000321,2026-04-02,3.87
emp_000321,2026-01-02,3.77
emp_000321,2025-10-04,4.25
emp_000321,2025-07-06,3.97
emp_000321,2025-04-07,3.52
emp_000321,2025-01-07,4.27
emp_000321,2024-10-09,3.2
emp_000321,2024-07-11,3.29
emp_000322,2026-04-02,3.64
emp_000322,2026-01-02,3.4
emp_000322,2025-10-04,4.04
emp_000322,2025-07-06,3.97
emp_000322,2025-04-07,3.14
emp_000323,2026-04-02,4.1
emp_000323,2026-01-02,4.16
emp_000323,2025-10-04,4.12
emp_000323,2025-07-06,4.86
emp_000323,2025-04-07,4.13
emp_000323,2025-01-07,3.78
emp_000324,2026-04-02,3.28
emp_000324,2026-01-02,3.12
emp_000324,2025-10-04,3.22
emp_000324,2025-07-06,3.51
emp_000324,2025-04-07,2.75
emp_000324,2025-01-07,3.49
emp_000324,2024-10-09,3.54
emp_000324,2024-07-11,4.06
emp_000325,2026-04-02,4.74
emp_000325,2026-01-02,4.55
emp_000325,2025-10-04,4.54
emp_000325,2025-07-06,4.72
emp_000325,2025-04-07,4.63
emp_000325,2025-01-07,4.15
emp_000325,2024-10-09,4.58
emp_000325,2024-07-11,4.58
emp_000326,2026-04-02,4.25
emp_000326,2026-01-02,5.0
emp_000326,2025-10-04,4.21
emp_000326,2025-07-06,4.26
emp_000326,2025-04-07,4.06
emp_000326,2025-01-07,3.59
emp_000326,2024-10-09,4.55
emp_000326,2024-07-11,4.25
emp_000327,2026-04-02,4.2
emp_000327,2026-01-02,4.16
emp_000327,2025-10-04,4.06
emp_000327,2025-07-06,4.35
emp_000327,2025-04-07,4.3
emp_000327,2025-01-07,3.59
emp_000327,2024-10-09,4.02
emp_000327,2024-07-11,4.43
emp_000328,2026-04-02,3.63
emp_000328,2026-01-02,3.85
emp_000328,2025-10-04,3.56
emp_000329,2026-04-02,4.32
emp_000329,2026-01-02,4.2
emp_000329,2025-10-04,4.81
emp_000329,2025-07-06,3.6
emp_000329,2025-04-07,3.79
emp_000329,2025-01-07,4.37
emp_000329,2024-10-09,3.52
emp_000329,2024-07-11,3.76
emp_000330,2026-04-02,4.02
emp_000330,2026-01-02,3.75
emp_000330,2025-10-04,3.69
emp_000330,2025-07-06,3.53
emp_000331,2026-04-02,4.13
emp_000331,2026-01-02,3.92
emp_000331,2025-10-04,3.96
emp_000331,2025-07-06,3.55
emp_000331,2025-04-07,3.71
emp_000331,2025-01-07,3.66
emp_000331,2024-10-09,3.98
emp_000331,2024-07-11,3.68
emp_000332,2026-04-02,3.94
emp_000332,2026-01-02,4.02
emp_000332,2025-10-04,4.65
emp_000332,2025-07-06,4.06
emp_000332,2025-04-07,4.33
emp_000332,2025-01-07,4.04
emp_000332,2024-10-09,4.4
emp_000332,2024-07-11,4.57
emp_000333,2026-04-02,4.72
emp_000333,2026-01-02,4.19
emp_000333,2025-10-04,4.81
emp_000333,2025-07-06,4.27
emp_000333,2025-04-07,3.74
emp_000333,2025-01-07,4.76
emp_000333,2024-10-09,3.92
emp_000333,2024-07-11,3.8
emp_000334,2026-04-02,3.44
emp_000334,2026-01-02,3.63
emp_000334,2025-10-04,3.8
emp_000334,2025-07-06,3.52
emp_000334,2025-04-07,3.02
emp_000334,2025-01-07,3.46
emp_000334,2024-10-09,4.12
emp_000334,2024-07-11,4.05
emp_000335,2026-04-02,3.76
emp_000335,2026-01-02,3.87
emp_000335,2025-10-04,4.72
emp_000335,2025-07-06,3.86
emp_000335,2025-04-07,4.12
emp_000336,2026-04-02,4.44
emp_000336,2026-01-02,3.42
emp_000336,2025-10-04,4.01
emp_000336,2025-07-06,3.68
emp_000336,2025-04-07,4.52
emp_000336,2025-01-07,3.97
emp_000337,2026-04-02,4.07
emp_000337,2026-01-02,4.35
emp_000337,2025-10-04,4.01
emp_000337,2025-07-06,4.55
emp_000337,2025-04-07,4.32
emp_000337,2025-01-07,3.49
emp_000337,2024-10-09,4.38
emp_000337,2024-07-11,4.09
emp_000338,2026-04-02,3.85
emp_000338,2026-01-02,4.11
emp_000338,2025-10-04,3.53
emp_000338,2025-07-06,3.4
emp_000338,2025-04-07,3.77
emp_000338,2025-01-07,3.64
emp_000338,2024-10-09,3.66
emp_000338,2024-07-11,3.65
emp_000339,2026-04-02,3.19
emp_000339,2026-01-02,3.73
emp_000339,2025-10-04,3.62
emp_000339,2025-07-06,4.13
emp_000339,2025-04-07,3.91
emp_000339,2025-01-07,3.2
emp_000339,2024-10-09,4.66
emp_000339,2024-07-11,3.73
emp_000340,2026-04-02,3.52
emp_000341,2026-04-02,3.49
emp_000341,2026-01-02,3.47
emp_000341,2025-10-04,3.09
emp_000341,2025-07-06,3.8
emp_000341,2025-04-07,4.27
emp_000341,2025-01-07,3.37
emp_000341,2024-10-09,4.63
emp_000341,2024-07-11,4.15
emp_000342,2026-04-02,3.83
emp_000342,2026-01-02,4.7
emp_000342,2025-10-04,4.29
emp_000342,2025-07-06,3.91
emp_000342,2025-04-07,4.25
emp_000342,2025-01-07,3.76
emp_000342,2024-10-09,3.25
emp_000342,2024-07-11,4.3
emp_000343,2026-04-02,4.12
emp_000343,2026-01-02,3.62
emp_000343,2025-10-04,3.92
emp_000343,2025-07-06,4.0
emp_000343,2025-04-07,3.1
emp_000343,2025-01-07,3.33
emp_000343,2024-10-09,4.35
emp_000343,2024-07-11,3.87
emp_000344,2026-04-02,3.73
emp_000344,2026-01-02,3.45
emp_000344,2025-10-04,3.65
emp_000344,2025-07-06,3.36
emp_000344,2025-04-07,3.33
emp_000344,2025-01-07,3.64
emp_000344,2024-10-09,3.22
emp_000344,2024-07-11,3.98
emp_000345,2026-04-02,3.73
emp_000345,2026-01-02,4.03
emp_000345,2025-10-04,3.79
emp_000345,2025-07-06,4.04
emp_000345,2025-04-07,4.04
emp_000345,2025-01-07,3.81
emp_000345,2024-10-09,4.23
emp_000345,2024-07-11,3.95
emp_000346,2026-04-02,3.57
emp_000346,2026-01-02,3.17
emp_000346,2025-10-04,3.16
emp_000346,2025-07-06,3.31
emp_000346,2025-04-07,3.51
emp_000346,2025-01-07,4.05
emp_000346,2024-10-09,2.82
emp_000346,2024-07-11,3.17
emp_000347,2026-04-02,3.49
emp_000347,2026-01-02,3.55
emp_000347,2025-10-04,4.1
emp_000347,2025-07-06,4.24
emp_000347,2025-04-07,4.21
emp_000347,2025-01-07,4.02
emp_000347,2024-10-09,3.77
emp_000347,2024-07-11,4.06
emp_000348,2026-04-02,3.55
emp_000348,2026-01-02,3.25
emp_000348,2025-10-04,3.59
emp_000348,2025-07-06,3.64
emp_000348,2025-04-07,3.09
emp_000348,2025-01-07,3.91
emp_000348,2024-10-09,3.11
emp_000348,2024-07-11,3.22
emp_000349,2026-04-02,3.54
emp_000349,2026-01-02,3.63
emp_000349,2025-10-04,4.68
emp_000349,2025-07-06,3.89
emp_000349,2025-04-07,4.32
emp_000349,2025-01-07,3.76
emp_000349,2024-10-09,4.3
emp_000349,2024-07-11,4.1
emp_000350,2026-04-02,3.42
emp_000350,2026-01-02,4.01
emp_000350,2025-10-04,4.03
emp_000350,2025-07-06,4.35
emp_000350,2025-04-07,4.21
emp_000350,2025-01-07,4.54
emp_000350,2024-10-09,3.84
emp_000350,2024-07-11,4.0
emp_000351,2026-04-02,4.71
emp_000351,2026-01-02,3.89
emp_000351,2025-10-04,3.39
emp_000351,2025-07-06,3.94
emp_000352,2026-04-02,4.0
emp_000352,2026-01-02,4.11
emp_000352,2025-10-04,4.3
emp_000352,2025-07-06,3.66
emp_000352,2025-04-07,3.97
emp_000352,2025-01-07,3.93
emp_000352,2024-10-09,3.77
emp_000352,2024-07-11,4.05
emp_000353,2026-04-02,4.13
emp_000353,2026-01-02,3.74
emp_000353,2025-10-04,4.24
emp_000353,2025-07-06,4.09
emp_000353,2025-04-07,4.09
emp_000353,2025-01-07,4.1
emp_000353,2024-10-09,4.43
emp_000353,2024-07-11,4.01
emp_000354,2026-04-02,4.09
emp_000354,2026-01-02,4.42
emp_000355,2026-04-02,3.55
emp_000355,2026-01-02,3.89
emp_000355,2025-10-04,4.08
emp_000355,2025-07-06,4.13
emp_000355,2025-04-07,3.52
emp_000355,2025-01-07,4.26
emp_000355,2024-10-09,4.3
emp_000355,2024-07-11,3.87
emp_000356,2026-04-02,4.14
emp_000356,2026-01-02,5.0
emp_000356,2025-10-04,3.59
emp_000356,2025-07-06,4.72
emp_000356,2025-04-07,5.0
emp_000357,2026-04-02,3.52
emp_000357,2026-01-02,3.79
emp_000357,2025-10-04,3.14
emp_000357,2025-07-06,2.8
emp_000357,2025-04-07,4.01
emp_000357,2025-01-07,3.6
emp_000357,2024-10-09,4.01
emp_000357,2024-07-11,3.59
emp_000358,2026-04-02,4.29
emp_000358,2026-01-02,4.34
emp_000358,2025-10-04,4.02
emp_000358,2025-07-06,4.12
emp_000358,2025-04-07,3.88
emp_000358,2025-01-07,3.85
emp_000358,2024-10-09,4.54
emp_000358,2024-07-11,3.97
emp_000359,2026-04-02,4.13
emp_000359,2026-01-02,4.4
emp_000359,2025-10-04,3.75
emp_000359,2025-07-06,3.49
emp_000359,2025-04-07,3.17
emp_000359,2025-01-07,3.39
emp_000359,2024-10-09,3.82
emp_000359,2024-07-11,3.56
emp_000360,2026-04-02,3.85
emp_000360,2026-01-02,4.37
emp_000360,2025-10-04,4.35
emp_000360,2025-07-06,4.26
emp_000360,2025-04-07,3.52
emp_000360,2025-01-07,3.21
emp_000360,2024-10-09,3.95
emp_000361,2026-04-02,3.69
emp_000361,2026-01-02,3.66
emp_000361,2025-10-04,4.3
emp_000361,2025-07-06,3.41
emp_000361,2025-04-07,4.6
emp_000361,2025-01-07,3.91
emp_000362,2026-04-02,3.55
emp_000362,2026-01-02,3.44
emp_000362,2025-10-04,3.02
emp_000362,2025-07-06,3.37
emp_000362,2025-04-07,4.17
emp_000362,2025-01-07,3.98
emp_000362,2024-10-09,3.61
emp_000362,2024-07-11,3.76
emp_000363,2026-04-02,4.77
emp_000363,2026-01-02,3.6
emp_000363,2025-10-04,4.06
emp_000363,2025-07-06,4.28
emp_000363,2025-04-07,4.24
emp_000363,2025-01-07,4.3
emp_000363,2024-10-09,4.5
emp_000363,2024-07-11,4.11
emp_000364,2026-04-02,4.56
emp_000364,2026-01-02,3.64
emp_000364,2025-10-04,3.4
emp_000364,2025-07-06,3.28
emp_000364,2025-04-07,3.97
emp_000364,2025-01-07,3.38
emp_000364,2024-10-09,4.2
emp_000364,2024-07-11,4.52
emp_000365,2026-04-02,2.97
emp_000365,2026-01-02,3.68
emp_000365,2025-10-04,2.95
emp_000365,2025-07-06,3.25
emp_000365,2025-04-07,3.58
emp_000365,2025-01-07,3.45
emp_000365,2024-10-09,3.53
emp_000365,2024-07-11,3.43
emp_000366,2026-04-02,3.82
emp_000366,2026-01-02,4.27
emp_000366,2025-10-04,3.77
emp_000366,2025-07-06,4.26
emp_000366,2025-04-07,3.4
emp_000366,2025-01-07,4.23
emp_000366,2024-10-09,3.72
emp_000366,2024-07-11,4.55
emp_000367,2026-04-02,4.27
emp_000367,2026-01-02,4.38
emp_000367,2025-10-04,3.91
emp_000367,2025-07-06,4.08
emp_000367,2025-04-07,3.79
emp_000367,2025-01-07,3.98
emp_000367,2024-10-09,4.06
emp_000367,2024-07-11,3.87
emp_000368,2026-04-02,3.5
emp_000368,2026-01-02,3.93
emp_000368,2025-10-04,4.21
emp_000368,2025-07-06,4.63
emp_000368,2025-04-07,3.73
emp_000368,2025-01-07,4.17
emp_000368,2024-10-09,4.04
emp_000368,2024-07-11,4.01
emp_000369,2026-04-02,3.97
emp_000369,2026-01-02,3.79
emp_000370,2026-04-02,3.68
emp_000370,2026-01-02,4.53
emp_000370,2025-10-04,4.19
emp_000370,2025-07-06,3.52
emp_000370,2025-04-07,4.61
emp_000370,2025-01-07,4.1
emp_000370,2024-10-09,4.36
emp_000371,2026-04-02,4.18
emp_000371,2026-01-02,4.26
emp_000371,2025-10-04,4.17
emp_000371,2025-07-06,3.31
emp_000371,2025-04-07,4.35
emp_000371,2025-01-07,3.69
emp_000371,2024-10-09,3.15
emp_000371,2024-07-11,3.13
emp_000372,2026-04-02,3.29
emp_000372,2026-01-02,2.7
emp_000372,2025-10-04,3.22
emp_000373,2026-04-02,3.83
emp_000373,2026-01-02,3.6
emp_000373,2025-10-04,3.68
emp_000373,2025-07-06,4.13
emp_000373,2025-04-07,4.33
emp_000373,2025-01-07,4.36
emp_000374,2026-04-02,3.66
emp_000374,2026-01-02,3.83
emp_000374,2025-10-04,4.26
emp_000374,2025-07-06,3.54
emp_000374,2025-04-07,3.98
emp_000374,2025-01-07,4.31
emp_000374,2024-10-09,4.02
emp_000374,2024-07-11,3.78
emp_000375,2026-04-02,3.38
emp_000375,2026-01-02,4.16
emp_000375,2025-10-04,4.58
emp_000375,2025-07-06,3.96
emp_000375,2025-04-07,3.87
emp_000375,2025-01-07,4.0
emp_000375,2024-10-09,3.74
emp_000375,2024-07-11,3.98
emp_000376,2026-04-02,4.51
emp_000376,2026-01-02,4.81
emp_000376,2025-10-04,4.46
emp_000376,2025-07-06,3.88
emp_000376,2025-04-07,4.15
emp_000376,2025-01-07,4.19
emp_000376,2024-10-09,4.41
emp_000376,2024-07-11,4.61
emp_000377,2026-04-02,3.37
emp_000377,2026-01-02,3.55
emp_000377,2025-10-04,3.3
emp_000377,2025-07-06,3.42
emp_000377,2025-04-07,3.7
emp_000377,2025-01-07,3.64
emp_000377,2024-10-09,4.16
emp_000377,2024-07-11,3.44
emp_000378,2026-04-02,3.64
emp_000378,2026-01-02,4.39
emp_000378,2025-10-04,3.88
emp_000378,2025-07-06,4.11
emp_000378,2025-04-07,4.13
emp_000378,2025-01-07,4.42
emp_000378,2024-10-09,4.14
emp_000378,2024-07-11,4.12
emp_000379,2026-04-02,3.73
emp_000379,2026-01-02,3.72
emp_000379,2025-10-04,3.81
emp_000379,2025-07-06,3.45
emp_000379,2025-04-07,3.28
emp_000379,2025-01-07,3.86
emp_000379,2024-10-09,3.68
emp_000379,2024-07-11,3.92
emp_000380,2026-04-02,3.14
emp_000380,2026-01-02,3.19
emp_000380,2025-10-04,3.83
emp_000380,2025-07-06,3.49
emp_000380,2025-04-07,3.2
emp_000380,2025-01-07,3.37
emp_000380,2024-10-09,3.25
emp_000380,2024-07-11,3.52
emp_000381,2026-04-02,3.89
emp_000381,2026-01-02,4.3
emp_000381,2025-10-04,4.21
emp_000381,2025-07-06,4.69
emp_000381,2025-04-07,4.05
emp_000381,2025-01-07,4.11
emp_000381,2024-10-09,4.62
emp_000381,2024-07-11,3.33
emp_000382,2026-04-02,3.61
emp_000382,2026-01-02,3.47
emp_000382,2025-10-04,3.46
emp_000382,2025-07-06,3.55
emp_000382,2025-04-07,2.93
emp_000382,2025-01-07,3.31
emp_000382,2024-10-09,3.18
emp_000382,2024-07-11,2.99
emp_000383,2026-04-02,4.58
emp_000383,2026-01-02,4.19
emp_000383,2025-10-04,4.3
emp_000383,2025-07-06,4.38
emp_000383,2025-04-07,3.87
emp_000383,2025-01-07,4.21
emp_000383,2024-10-09,4.5
emp_000383,2024-07-11,4.56
emp_000384,2026-04-02,3.54
emp_000384,2026-01-02,4.03
emp_000384,2025-10-04,3.4
emp_000384,2025-07-06,2.84
emp_000384,2025-04-07,2.74
emp_000384,2025-01-07,4.0
emp_000384,2024-10-09,3.79
emp_000384,2024-07-11,3.4
emp_000385,2026-04-02,4.48
emp_000385,2026-01-02,3.83
emp_000385,2025-10-04,3.94
emp_000385,2025-07-06,3.88
emp_000385,2025-04-07,3.81
emp_000385,2025-01-07,4.79
emp_000385,2024-10-09,4.45
emp_000385,2024-07-11,3.54
emp_000386,2026-04-02,3.62
emp_000386,2026-01-02,3.79
emp_000386,2025-10-04,3.54
emp_000387,2026-04-02,4.39
emp_000387,2026-01-02,4.28
emp_000387,2025-10-04,3.54
emp_000387,2025-07-06,4.29
emp_000387,2025-04-07,4.1
emp_000387,2025-01-07,4.32
emp_000387,2024-10-09,4.51
emp_000387,2024-07-11,3.98
emp_000388,2026-04-02,4.04
emp_000388,2026-01-02,4.33
emp_000388,2025-10-04,4.07
emp_000388,2025-07-06,3.9
emp_000388,2025-04-07,4.28
emp_000388,2025-01-07,4.28
emp_000388,2024-10-09,4.35
emp_000388,2024-07-11,4.4
emp_000389,2026-04-02,3.48
emp_000389,2026-01-02,3.61
emp_000389,2025-10-04,3.35
emp_000389,2025-07-06,3.07
emp_000389,2025-04-07,2.9
emp_000390,2026-04-02,4.32
emp_000390,2026-01-02,4.11
emp_000390,2025-10-04,3.99
emp_000390,2025-07-06,3.88
emp_000390,2025-04-07,3.77
emp_000390,2025-01-07,3.77
emp_000390,2024-10-09,3.91
emp_000390,2024-07-11,4.03
emp_000391,2026-04-02,4.04
emp_000391,2026-01-02,4.12
emp_000391,2025-10-04,4.02
emp_000391,2025-07-06,4.06
emp_000391,2025-04-07,3.73
emp_000391,2025-01-07,4.06
emp_000391,2024-10-09,3.73
emp_000391,2024-07-11,4.31
emp_000392,2026-04-02,4.76
emp_000392,2026-01-02,3.35
emp_000392,2025-10-04,4.32
emp_000392,2025-07-06,3.55
emp_000392,2025-04-07,3.65
emp_000392,2025-01-07,3.66
emp_000392,2024-10-09,3.64
emp_000392,2024-07-11,3.22
emp_000393,2026-04-02,4.12
emp_000393,2026-01-02,4.28
emp_000393,2025-10-04,2.97
emp_000393,2025-07-06,3.69
emp_000393,2025-04-07,3.95
emp_000393,2025-01-07,3.65
emp_000393,2024-10-09,3.43
emp_000393,2024-07-11,3.65
emp_000394,2026-04-02,4.13
emp_000394,2026-01-02,3.91
emp_000394,2025-10-04,4.3
emp_000394,2025-07-06,3.94
emp_000394,2025-04-07,4.42
emp_000394,2025-01-07,3.93
emp_000394,2024-10-09,4.41
emp_000394,2024-07-11,4.55
emp_000395,2026-04-02,3.6
emp_000395,2026-01-02,3.81
emp_000395,2025-10-04,3.31
emp_000395,2025-07-06,4.35
emp_000395,2025-04-07,3.97
emp_000395,2025-01-07,3.35
emp_000395,2024-10-09,3.56
emp_000396,2026-04-02,3.12
emp_000396,2026-01-02,3.02
emp_000396,2025-10-04,2.91
emp_000396,2025-07-06,3.32
emp_000396,2025-04-07,3.25
emp_000396,2025-01-07,2.88
emp_000396,2024-10-09,3.41
emp_000396,2024-07-11,3.26
emp_000397,2026-04-02,4.54
emp_000397,2026-01-02,4.15
emp_000397,2025-10-04,4.12
emp_000397,2025-07-06,4.28
emp_000397,2025-04-07,3.78
emp_000398,2026-04-02,2.99
emp_000398,2026-01-02,3.68
emp_000398,2025-10-04,2.99
emp_000398,2025-07-06,3.08
emp_000398,2025-04-07,2.85
emp_000398,2025-01-07,2.87
emp_000398,2024-10-09,2.75
emp_000398,2024-07-11,3.15
emp_000399,2026-04-02,3.49
emp_000399,2026-01-02,2.9
emp_000399,2025-10-04,3.66
emp_000399,2025-07-06,3.15
emp_000399,2025-04-07,3.53
emp_000399,2025-01-07,3.45
emp_000399,2024-10-09,3.57
emp_000399,2024-07-11,3.16
emp_000400,2026-04-02,4.39
emp_000400,2026-01-02,3.53
emp_000400,2025-10-04,4.18
emp_000400,2025-07-06,3.77
emp_000400,2025-04-07,4.65
emp_000400,2025-01-07,4.09
emp_000400,2024-10-09,3.88
emp_000400,2024-07-11,3.76
emp_000401,2026-04-02,3.16
emp_000401,2026-01-02,3.19
emp_000401,2025-10-04,3.77
emp_000401,2025-07-06,3.21
emp_000401,2025-04-07,3.31
emp_000401,2025-01-07,3.3
emp_000401,2024-10-09,3.05
emp_000401,2024-07-11,3.59
emp_000402,2026-04-02,4.29
emp_000402,2026-01-02,4.27
emp_000402,2025-10-04,3.5
emp_000402,2025-07-06,3.59
emp_000403,2026-04-02,4.05
emp_000403,2026-01-02,3.56
emp_000403,2025-10-04,4.2
emp_000403,2025-07-06,4.11
emp_000403,2025-04-07,4.54
emp_000403,2025-01-07,3.38
emp_000403,2024-10-09,3.8
emp_000404,2026-04-02,2.38
emp_000404,2026-01-02,2.56
emp_000404,2025-10-04,2.47
emp_000404,2025-07-06,3.12
emp_000404,2025-04-07,2.39
emp_000404,2025-01-07,2.74
emp_000404,2024-10-09,3.5
emp_000404,2024-07-11,2.84
emp_000405,2026-04-02,3.94
emp_000405,2026-01-02,4.86
emp_000405,2025-10-04,4.24
emp_000405,2025-07-06,4.97
emp_000405,2025-04-07,3.89
emp_000405,2025-01-07,3.64
emp_000405,2024-10-09,3.81
emp_000405,2024-07-11,4.51
emp_000406,2026-04-02,3.28
emp_000406,2026-01-02,2.69
emp_000406,2025-10-04,2.91
emp_000406,2025-07-06,3.23
emp_000406,2025-04-07,2.97
emp_000406,2025-01-07,3.01
emp_000406,2024-10-09,4.06
emp_000406,2024-07-11,2.8
emp_000407,2026-04-02,3.16
emp_000407,2026-01-02,3.5
emp_000407,2025-10-04,2.88
emp_000407,2025-07-06,2.87
emp_000408,2026-04-02,4.34
emp_000408,2026-01-02,3.69
emp_000408,2025-10-04,3.82
emp_000408,2025-07-06,3.83
emp_000408,2025-04-07,3.93
emp_000409,2026-04-02,3.71
emp_000409,2026-01-02,3.61
emp_000409,2025-10-04,3.24
emp_000409,2025-07-06,3.71
emp_000409,2025-04-07,4.22
emp_000409,2025-01-07,3.32
emp_000409,2024-10-09,4.31
emp_000409,2024-07-11,3.51
emp_000410,2026-04-02,3.57
emp_000410,2026-01-02,4.04
emp_000410,2025-10-04,3.87
emp_000410,2025-07-06,3.56
emp_000410,2025-04-07,3.06
emp_000411,2026-04-02,4.22
emp_000411,2026-01-02,4.3
emp_000411,2025-10-04,3.98
emp_000411,2025-07-06,4.19
emp_000411,2025-04-07,4.21
emp_000411,2025-01-07,3.83
emp_000412,2026-04-02,3.37
emp_000412,2026-01-02,4.68
emp_000412,2025-10-04,4.6
emp_000412,2025-07-06,3.79
emp_000412,2025-04-07,4.32
emp_000412,2025-01-07,3.66
emp_000412,2024-10-09,3.88
emp_000412,2024-07-11,3.8
emp_000413,2026-04-02,3.88
emp_000413,2026-01-02,3.86
emp_000413,2025-10-04,3.71
emp_000413,2025-07-06,4.14
emp_000414,2026-04-02,3.39
emp_000414,2026-01-02,3.64
emp_000414,2025-10-04,3.39
emp_000415,2026-04-02,3.9
emp_000415,2026-01-02,3.23
emp_000416,2026-04-02,4.01
emp_000416,2026-01-02,4.54
emp_000416,2025-10-04,5.0
emp_000416,2025-07-06,4.69
emp_000416,2025-04-07,4.29
emp_000416,2025-01-07,4.19
emp_000416,2024-10-09,4.41
emp_000416,2024-07-11,4.25
emp_000417,2026-04-02,3.74
emp_000417,2026-01-02,3.34
emp_000417,2025-10-04,3.31
emp_000417,2025-07-06,4.11
emp_000417,2025-04-07,3.94
emp_000417,2025-01-07,4.66
emp_000417,2024-10-09,3.0
emp_000417,2024-07-11,3.33
emp_000418,2026-04-02,3.07
emp_000418,2026-01-02,3.59
emp_000418,2025-10-04,3.59
emp_000418,2025-07-06,3.4
emp_000418,2025-04-07,3.04
emp_000418,2025-01-07,3.23
emp_000418,2024-10-09,3.33
emp_000418,2024-07-11,2.74
emp_000419,2026-04-02,4.8
emp_000419,2026-01-02,3.73
emp_000419,2025-10-04,4.63
emp_000419,2025-07-06,4.65
emp_000419,2025-04-07,4.78
emp_000419,2025-01-07,4.57
emp_000419,2024-10-09,4.08
emp_000419,2024-07-11,4.41
emp_000420,2026-04-02,3.48
emp_000421,2026-04-02,4.79
emp_000421,2026-01-02,4.41
emp_000421,2025-10-04,4.18
emp_000421,2025-07-06,4.32
emp_000421,2025-04-07,3.63
emp_000421,2025-01-07,4.31
emp_000422,2026-04-02,3.87
emp_000422,2026-01-02,4.28
emp_000422,2025-10-04,3.76
emp_000422,2025-07-06,3.75
emp_000422,2025-04-07,3.71
emp_000422,2025-01-07,3.75
emp_000423,2026-04-02,4.0
emp_000423,2026-01-02,3.74
emp_000423,2025-10-04,4.56
emp_000423,2025-07-06,4.47
emp_000424,2026-04-02,3.95
emp_000424,2026-01-02,3.79
emp_000424,2025-10-04,3.29
emp_000424,2025-07-06,3.96
emp_000424,2025-04-07,3.87
emp_000424,2025-01-07,3.93
emp_000424,2024-10-09,3.94
emp_000424,2024-07-11,4.13
emp_000425,2026-04-02,3.95
emp_000425,2026-01-02,3.69
emp_000425,2025-10-04,3.49
emp_000425,2025-07-06,3.85
emp_000425,2025-04-07,4.06
emp_000425,2025-01-07,3.94
emp_000425,2024-10-09,4.01
emp_000426,2026-04-02,3.99
emp_000426,2026-01-02,4.96
emp_000426,2025-10-04,4.08
emp_000426,2025-07-06,4.35
emp_000426,2025-04-07,3.67
emp_000426,2025-01-07,3.78
emp_000426,2024-10-09,4.26
emp_000426,2024-07-11,4.43
emp_000427,2026-04-02,3.56
emp_000427,2026-01-02,3.31
emp_000427,2025-10-04,3.87
emp_000427,2025-07-06,3.27
emp_000427,2025-04-07,3.88
emp_000427,2025-01-07,3.84
emp_000427,2024-10-09,3.43
emp_000427,2024-07-11,4.09
emp_000428,2026-04-02,3.66
emp_000428,2026-01-02,4.03
emp_000429,2026-04-02,3.27
emp_000429,2026-01-02,4.04
emp_000429,2025-10-04,3.99
emp_000429,2025-07-06,3.21
emp_000429,2025-04-07,3.44
emp_000429,2025-01-07,2.99
emp_000429,2024-10-09,3.75
emp_000429,2024-07-11,3.82
emp_000430,2026-04-02,4.24
emp_000430,2026-01-02,4.36
emp_000430,2025-10-04,3.21
emp_000431,2026-04-02,4.45
emp_000431,2026-01-02,4.1
emp_000431,2025-10-04,4.33
emp_000432,2026-04-02,3.28
emp_000432,2026-01-02,3.98
emp_000432,2025-10-04,4.05
emp_000432,2025-07-06,4.01
emp_000432,2025-04-07,3.58
emp_000432,2025-01-07,3.7
emp_000432,2024-10-09,3.09
emp_000432,2024-07-11,3.54
emp_000433,2026-04-02,4.08
emp_000433,2026-01-02,4.38
emp_000433,2025-10-04,4.11
emp_000433,2025-07-06,4.55
emp_000433,2025-04-07,4.96
emp_000433,2025-01-07,4.12
emp_000433,2024-10-09,4.4
emp_000433,2024-07-11,4.04
emp_000434,2026-04-02,3.14
emp_000434,2026-01-02,2.82
emp_000434,2025-10-04,2.92
emp_000434,2025-07-06,2.96
emp_000434,2025-04-07,2.83
emp_000434,2025-01-07,3.55
emp_000434,2024-10-09,3.27
emp_000435,2026-04-02,2.92
emp_000435,2026-01-02,3.54
emp_000435,2025-10-04,3.86
emp_000435,2025-07-06,3.69
emp_000435,2025-04-07,3.09
emp_000435,2025-01-07,3.11
emp_000435,2024-10-09,3.78
emp_000435,2024-07-11,3.07
emp_000436,2026-04-02,3.59
emp_000436,2026-01-02,4.35
emp_000436,2025-10-04,4.59
emp_000436,2025-07-06,4.07
emp_000436,2025-04-07,4.06
emp_000436,2025-01-07,3.79
emp_000436,2024-10-09,4.31
emp_000436,2024-07-11,4.25
emp_000437,2026-04-02,4.07
emp_000437,2026-01-02,3.93
emp_000437,2025-10-04,4.27
emp_000437,2025-07-06,4.24
emp_000437,2025-04-07,4.16
emp_000437,2025-01-07,4.09
emp_000437,2024-10-09,4.63
emp_000437,2024-07-11,4.57
emp_000438,2026-04-02,3.53
emp_000438,2026-01-02,3.52
emp_000439,2026-04-02,3.67
emp_000439,2026-01-02,4.6
emp_000439,2025-10-04,4.13
emp_000439,2025-07-06,3.55
emp_000439,2025-04-07,4.17
emp_000439,2025-01-07,3.82
emp_000439,2024-10-09,4.21
emp_000439,2024-07-11,4.21
emp_000440,2026-04-02,4.27
emp_000440,2026-01-02,3.41
emp_000440,2025-10-04,4.25
emp_000440,2025-07-06,3.53
emp_000440,2025-04-07,4.49
emp_000440,2025-01-07,3.85
emp_000440,2024-10-09,4.01
emp_000441,2026-04-02,3.18
emp_000441,2026-01-02,3.94
emp_000441,2025-10-04,2.93
emp_000441,2025-07-06,3.46
emp_000441,2025-04-07,3.72
emp_000441,2025-01-07,3.65
emp_000441,2024-10-09,3.4
emp_000441,2024-07-11,3.37
emp_000442,2026-04-02,3.16
emp_000442,2026-01-02,2.98
emp_000442,2025-10-04,4.3
emp_000442,2025-07-06,3.57
emp_000442,2025-04-07,3.48
emp_000443,2026-04-02,3.29
emp_000443,2026-01-02,2.95
emp_000443,2025-10-04,3.17
emp_000443,2025-07-06,2.97
emp_000443,2025-04-07,3.18
emp_000443,2025-01-07,3.0
emp_000443,2024-10-09,2.96
emp_000443,2024-07-11,3.16
emp_000444,2026-04-02,3.7
emp_000444,2026-01-02,3.88
emp_000444,2025-10-04,3.94
emp_000444,2025-07-06,4.12
emp_000444,2025-04-07,3.78
emp_000444,2025-01-07,4.33
emp_000444,2024-10-09,3.62
emp_000444,2024-07-11,3.82
emp_000445,2026-04-02,2.86
emp_000446,2026-04-02,4.2
emp_000446,2026-01-02,4.19
emp_000446,2025-10-04,4.52
emp_000446,2025-07-06,4.46
emp_000446,2025-04-07,4.46
emp_000447,2026-04-02,4.19
emp_000447,2026-01-02,4.26
emp_000447,2025-10-04,3.98
emp_000447,2025-07-06,4.57
emp_000448,2026-04-02,3.78
emp_000448,2026-01-02,4.54
emp_000448,2025-10-04,4.13
emp_000448,2025-07-06,3.65
emp_000448,2025-04-07,4.5
emp_000449,2026-04-02,3.99
emp_000449,2026-01-02,3.71
emp_000449,2025-10-04,3.36
emp_000449,2025-07-06,3.9
emp_000449,2025-04-07,3.51
emp_000449,2025-01-07,4.18
emp_000450,2026-04-02,3.15
emp_000450,2026-01-02,3.3
emp_000450,2025-10-04,3.6
emp_000450,2025-07-06,3.28
emp_000450,2025-04-07,3.69
emp_000450,2025-01-07,3.56
emp_000450,2024-10-09,3.08
emp_000450,2024-07-11,3.62
emp_000451,2026-04-02,3.54
emp_000451,2026-01-02,3.66
emp_000451,2025-10-04,3.57
emp_000451,2025-07-06,4.21
emp_000451,2025-04-07,3.74
emp_000452,2026-04-02,3.66
emp_000452,2026-01-02,3.43
emp_000452,2025-10-04,3.0
emp_000452,2025-07-06,3.13
emp_000452,2025-04-07,3.57
emp_000452,2025-01-07,3.99
emp_000452,2024-10-09,3.91
emp_000452,2024-07-11,3.3
emp_000453,2026-04-02,4.17
emp_000453,2026-01-02,4.07
emp_000453,2025-10-04,3.86
emp_000453,2025-07-06,4.27
emp_000453,2025-04-07,4.71
emp_000453,2025-01-07,4.98
emp_000453,2024-10-09,4.27
emp_000453,2024-07-11,4.09
emp_000454,2026-04-02,4.41
emp_000454,2026-01-02,3.9
emp_000454,2025-10-04,4.11
emp_000454,2025-07-06,3.93
emp_000454,2025-04-07,3.94
emp_000454,2025-01-07,4.19
emp_000454,2024-10-09,4.22
emp_000454,2024-07-11,3.92
emp_000455,2026-04-02,4.13
emp_000456,2026-04-02,3.27
emp_000456,2026-01-02,3.44
emp_000456,2025-10-04,4.02
emp_000456,2025-07-06,2.93
emp_000456,2025-04-07,3.17
emp_000456,2025-01-07,3.74
emp_000456,2024-10-09,3.22
emp_000456,2024-07-11,3.76
emp_000457,2026-04-02,3.63
emp_000457,2026-01-02,3.35
emp_000457,2025-10-04,3.9
emp_000458,2026-04-02,3.69
emp_000458,2026-01-02,3.0
emp_000458,2025-10-04,3.1
emp_000458,2025-07-06,3.96
emp_000458,2025-04-07,2.72
emp_000458,2025-01-07,4.09
emp_000459,2026-04-02,3.22
emp_000459,2026-01-02,4.08
emp_000459,2025-10-04,4.5
emp_000459,2025-07-06,3.62
emp_000459,2025-04-07,3.51
emp_000459,2025-01-07,3.86
emp_000459,2024-10-09,4.02
emp_000459,2024-07-11,3.55
emp_000460,2026-04-02,3.59
emp_000460,2026-01-02,4.01
emp_000460,2025-10-04,3.51
emp_000460,2025-07-06,3.91
emp_000460,2025-04-07,3.78
emp_000460,2025-01-07,3.88
emp_000460,2024-10-09,3.91
emp_000460,2024-07-11,4.09
emp_000461,2026-04-02,4.36
emp_000461,2026-01-02,4.49
emp_000462,2026-04-02,4.55
emp_000462,2026-01-02,3.48
emp_000462,2025-10-04,4.19
emp_000462,2025-07-06,3.98
emp_000462,2025-04-07,3.94
emp_000462,2025-01-07,3.54
emp_000462,2024-10-09,4.19
emp_000462,2024-07-11,3.79
emp_000463,2026-04-02,3.53
emp_000463,2026-01-02,3.83
emp_000463,2025-10-04,3.89
emp_000463,2025-07-06,4.52
emp_000463,2025-04-07,3.78
emp_000463,2025-01-07,3.92
emp_000463,2024-10-09,3.82
emp_000463,2024-07-11,3.55
emp_000464,2026-04-02,3.95
emp_000464,2026-01-02,4.26
emp_000464,2025-10-04,4.47
emp_000464,2025-07-06,3.52
emp_000464,2025-04-07,3.29
emp_000464,2025-01-07,4.41
emp_000464,2024-10-09,3.95
emp_000464,2024-07-11,3.6
emp_000465,2026-04-02,3.68
emp_000465,2026-01-02,4.78
emp_000465,2025-10-04,4.78
emp_000465,2025-07-06,4.32
emp_000465,2025-04-07,4.77
emp_000465,2025-01-07,4.19
emp_000465,2024-10-09,3.94
emp_000465,2024-07-11,4.09
emp_000466,2026-04-02,4.09
emp_000466,2026-01-02,4.12
emp_000466,2025-10-04,3.48
emp_000466,2025-07-06,4.34
emp_000466,2025-04-07,3.53
emp_000466,2025-01-07,3.68
emp_000466,2024-10-09,3.64
emp_000466,2024-07-11,4.82
emp_000467,2026-04-02,4.05
emp_000467,2026-01-02,4.57
emp_000468,2026-04-02,3.54
emp_000468,2026-01-02,2.81
emp_000468,2025-10-04,3.9
emp_000468,2025-07-06,3.96
emp_000468,2025-04-07,3.47
emp_000468,2025-01-07,4.4
emp_000468,2024-10-09,3.96
emp_000468,2024-07-11,3.97
emp_000469,2026-04-02,3.78
emp_000469,2026-01-02,4.34
emp_000469,2025-10-04,3.67
emp_000469,2025-07-06,4.4
emp_000469,2025-04-07,4.08
emp_000469,2025-01-07,3.56
emp_000469,2024-10-09,3.63
emp_000469,2024-07-11,3.32
emp_000470,2026-04-02,4.38
emp_000470,2026-01-02,4.26
emp_000470,2025-10-04,4.44
emp_000470,2025-07-06,4.41
emp_000470,2025-04-07,3.7
emp_000470,2025-01-07,4.09
emp_000470,2024-10-09,3.96
emp_000470,2024-07-11,4.14
emp_000471,2026-04-02,2.88
emp_000471,2026-01-02,3.23
emp_000471,2025-10-04,3.68
emp_000471,2025-07-06,3.19
emp_000471,2025-04-07,3.32
emp_000471,2025-01-07,2.98
emp_000471,2024-10-09,2.59
emp_000471,2024-07-11,2.64
emp_000472,2026-04-02,4.29
emp_000472,2026-01-02,3.35
emp_000472,2025-10-04,3.64
emp_000472,2025-07-06,3.54
emp_000472,2025-04-07,3.38
emp_000473,2026-04-02,3.58
emp_000473,2026-01-02,4.46
emp_000473,2025-10-04,4.56
emp_000473,2025-07-06,3.72
emp_000473,2025-04-07,4.12
emp_000474,2026-04-02,3.57
emp_000474,2026-01-02,3.91
emp_000474,2025-10-04,3.01
emp_000474,2025-07-06,4.1
emp_000474,2025-04-07,4.24
emp_000474,2025-01-07,3.0
emp_000474,2024-10-09,3.45
emp_000474,2024-07-11,3.45
emp_000475,2026-04-02,4.29
emp_000475,2026-01-02,3.88
emp_000475,2025-10-04,4.04
emp_000475,2025-07-06,4.34
emp_000475,2025-04-07,4.7
emp_000475,2025-01-07,3.93
emp_000475,2024-10-09,4.1
emp_000475,2024-07-11,4.18
emp_000476,2026-04-02,2.98
emp_000476,2026-01-02,2.96
emp_000476,2025-10-04,3.44
emp_000476,2025-07-06,3.73
emp_000476,2025-04-07,3.04
emp_000476,2025-01-07,3.14
emp_000476,2024-10-09,3.82
emp_000476,2024-07-11,3.29
emp_000477,2026-04-02,3.64
emp_000477,2026-01-02,3.76
emp_000477,2025-10-04,3.38
emp_000477,2025-07-06,4.02
emp_000477,2025-04-07,3.83
emp_000477,2025-01-07,4.17
emp_000477,2024-10-09,4.33
emp_000477,2024-07-11,3.96
emp_000478,2026-04-02,3.98
emp_000478,2026-01-02,3.44
emp_000478,2025-10-04,4.45
emp_000478,2025-07-06,3.24
emp_000479,2026-04-02,3.63
emp_000479,2026-01-02,4.18
emp_000479,2025-10-04,3.51
emp_000479,2025-07-06,4.38
emp_000479,2025-04-07,3.45
emp_000479,2025-01-07,4.16
emp_000479,2024-10-09,4.65
emp_000479,2024-07-11,4.0
emp_000480,2026-04-02,3.71
emp_000480,2026-01-02,3.76
emp_000480,2025-10-04,3.74
emp_000480,2025-07-06,3.65
emp_000480,2025-04-07,3.46
emp_000480,2025-01-07,3.86
emp_000480,2024-10-09,3.49
emp_000480,2024-07-11,3.51
emp_000481,2026-04-02,4.1
emp_000481,2026-01-02,3.8
emp_000481,2025-10-04,3.9
emp_000481,2025-07-06,4.08
emp_000481,2025-04-07,3.87
emp_000481,2025-01-07,4.54
emp_000481,2024-10-09,4.5
emp_000481,2024-07-11,3.81
emp_000482,2026-04-02,3.38
emp_000482,2026-01-02,3.41
emp_000482,2025-10-04,3.33
emp_000482,2025-07-06,3.87
emp_000482,2025-04-07,3.51
emp_000482,2025-01-07,3.73
emp_000482,2024-10-09,3.75
emp_000482,2024-07-11,3.63
emp_000483,2026-04-02,3.74
emp_000483,2026-01-02,4.11
emp_000483,2025-10-04,4.26
emp_000483,2025-07-06,4.43
emp_000484,2026-04-02,4.13
emp_000484,2026-01-02,3.66
emp_000484,2025-10-04,3.37
emp_000484,2025-07-06,5.0
emp_000484,2025-04-07,3.88
emp_000484,2025-01-07,3.21
emp_000484,2024-10-09,3.9
emp_000484,2024-07-11,3.8
emp_000485,2026-04-02,3.33
emp_000485,2026-01-02,3.52
emp_000485,2025-10-04,3.85
emp_000485,2025-07-06,3.62
emp_000485,2025-04-07,3.87
emp_000485,2025-01-07,3.91
emp_000486,2026-04-02,3.16
emp_000486,2026-01-02,3.96
emp_000486,2025-10-04,3.74
emp_000486,2025-07-06,3.8
emp_000486,2025-04-07,3.72
emp_000486,2025-01-07,3.5
emp_000486,2024-10-09,3.67
emp_000486,2024-07-11,3.21
emp_000487,2026-04-02,3.82
emp_000487,2026-01-02,3.56
emp_000487,2025-10-04,3.5
emp_000487,2025-07-06,3.76
emp_000487,2025-04-07,3.08
emp_000487,2025-01-07,3.45
emp_000487,2024-10-09,3.09
emp_000487,2024-07-11,3.73
emp_000488,2026-04-02,3.85
emp_000488,2026-01-02,3.54
emp_000488,2025-10-04,4.28
emp_000488,2025-07-06,4.18
emp_000488,2025-04-07,3.68
emp_000488,2025-01-07,4.26
emp_000488,2024-10-09,3.43
emp_000488,2024-07-11,4.24
emp_000489,2026-04-02,4.35
emp_000489,2026-01-02,3.73
emp_000489,2025-10-04,4.1
emp_000489,2025-07-06,3.89
emp_000489,2025-04-07,4.45
emp_000489,2025-01-07,4.25
emp_000489,2024-10-09,4.1
emp_000489,2024-07-11,3.98
emp_000490,2026-04-02,4.13
emp_000490,2026-01-02,4.36
emp_000490,2025-10-04,4.34
emp_000490,2025-07-06,4.12
emp_000490,2025-04-07,3.76
emp_000490,2025-01-07,3.57
emp_000490,2024-10-09,4.32
emp_000490,2024-07-11,4.09
emp_000492,2026-04-02,3.7
emp_000492,2026-01-02,4.42
emp_000492,2025-10-04,4.24
emp_000492,2025-07-06,3.93
emp_000492,2025-04-07,4.43
emp_000492,2025-01-07,4.4
emp_000492,2024-10-09,3.97
emp_000492,2024-07-11,3.94
emp_000493,2026-04-02,5.0
emp_000494,2026-04-02,4.15
emp_000494,2026-01-02,4.54
emp_000494,2025-10-04,4.15
emp_000494,2025-07-06,4.23
emp_000494,2025-04-07,4.56
emp_000494,2025-01-07,4.48
emp_000494,2024-10-09,4.87
emp_000494,2024-07-11,3.96
emp_000495,2026-04-02,4.75
emp_000495,2026-01-02,4.06
emp_000496,2026-04-02,3.93
emp_000496,2026-01-02,4.45
emp_000496,2025-10-04,3.63
emp_000496,2025-07-06,4.22
emp_000496,2025-04-07,3.77
emp_000496,2025-01-07,3.36
emp_000496,2024-10-09,3.43
emp_000496,2024-07-11,3.86
emp_000497,2026-04-02,3.68
emp_000497,2026-01-02,3.57
emp_000497,2025-10-04,3.43
emp_000497,2025-07-06,3.99
emp_000497,2025-04-07,4.02
emp_000497,2025-01-07,2.9
emp_000497,2024-10-09,4.06
emp_000497,2024-07-11,4.32
emp_000498,2026-04-02,3.84
emp_000498,2026-01-02,3.74
emp_000498,2025-10-04,4.72
emp_000498,2025-07-06,3.85
emp_000498,2025-04-07,4.09
emp_000498,2025-01-07,4.14
emp_000499,2026-04-02,3.71
emp_000499,2026-01-02,3.94
emp_000499,2025-10-04,3.35
emp_000499,2025-07-06,3.77
emp_000499,2025-04-07,3.57
emp_000499,2025-01-07,3.58
emp_000499,2024-10-09,3.49
emp_000499,2024-07-11,3.45
emp_000501,2026-04-02,4.27
emp_000501,2026-01-02,3.89
emp_000501,2025-10-04,3.87
emp_000502,2026-04-02,3.92
emp_000502,2026-01-02,3.52
emp_000502,2025-10-04,4.33
emp_000502,2025-07-06,3.85
emp_000502,2025-04-07,4.17
emp_000502,2025-01-07,3.48
emp_000503,2026-04-02,4.07
emp_000503,2026-01-02,3.72
emp_000503,2025-10-04,3.21
emp_000504,2026-04-02,4.34
emp_000504,2026-01-02,4.58
emp_000504,2025-10-04,4.65
emp_000504,2025-07-06,3.91
emp_000505,2026-04-02,4.03
emp_000505,2026-01-02,4.52
emp_000505,2025-10-04,4.29
emp_000505,2025-07-06,4.82
emp_000505,2025-04-07,4.19
emp_000505,2025-01-07,4.28
emp_000505,2024-10-09,4.5
emp_000505,2024-07-11,4.66
emp_000506,2026-04-02,4.14
emp_000506,2026-01-02,4.3
emp_000506,2025-10-04,3.92
emp_000506,2025-07-06,4.56
emp_000506,2025-04-07,4.58
emp_000506,2025-01-07,4.22
emp_000507,2026-04-02,4.05
emp_000507,2026-01-02,3.83
emp_000507,2025-10-04,3.85
emp_000507,2025-07-06,4.17
emp_000508,2026-04-02,3.49
emp_000508,2026-01-02,3.82
emp_000508,2025-10-04,3.89
emp_000508,2025-07-06,3.74
emp_000508,2025-04-07,3.6
emp_000508,2025-01-07,3.69
emp_000508,2024-10-09,3.95
emp_000508,2024-07-11,4.16
emp_000509,2026-04-02,3.65
emp_000509,2026-01-02,3.46
emp_000509,2025-10-04,3.92
emp_000509,2025-07-06,4.04
emp_000509,2025-04-07,3.89
emp_000509,2025-01-07,4.14
emp_000509,2024-10-09,4.23
emp_000509,2024-07-11,3.95
emp_000510,2026-04-02,3.4
emp_000510,2026-01-02,3.45
emp_000510,2025-10-04,3.39
emp_000510,2025-07-06,3.25
emp_000510,2025-04-07,4.02
emp_000510,2025-01-07,3.85
emp_000510,2024-10-09,3.5
emp_000510,2024-07-11,3.74
emp_000511,2026-04-02,3.79
emp_000511,2026-01-02,3.59
emp_000511,2025-10-04,3.51
emp_000511,2025-07-06,3.29
emp_000511,2025-04-07,4.53
emp_000511,2025-01-07,3.41
emp_000511,2024-10-09,3.31
emp_000511,2024-07-11,3.31
emp_000512,2026-04-02,4.14
emp_000512,2026-01-02,4.06
emp_000512,2025-10-04,4.53
emp_000512,2025-07-06,4.17
emp_000512,2025-04-07,4.71
emp_000512,2025-01-07,4.12
emp_000512,2024-10-09,4.35
emp_000512,2024-07-11,4.82
emp_000514,2026-04-02,4.41
emp_000514,2026-01-02,4.16
emp_000514,2025-10-04,4.24
emp_000514,2025-07-06,4.56
emp_000514,2025-04-07,4.17
emp_000514,2025-01-07,4.06
emp_000514,2024-10-09,4.86
emp_000515,2026-04-02,3.87
emp_000515,2026-01-02,4.1
emp_000515,2025-10-04,3.94
emp_000515,2025-07-06,4.55
emp_000515,2025-04-07,3.64
emp_000515,2025-01-07,3.52
emp_000515,2024-10-09,4.02
emp_000515,2024-07-11,3.85
emp_000516,2026-04-02,3.2
emp_000516,2026-01-02,3.53
emp_000516,2025-10-04,3.62
emp_000516,2025-07-06,3.72
emp_000516,2025-04-07,2.45
emp_000516,2025-01-07,3.57
emp_000516,2024-10-09,3.09
emp_000517,2026-04-02,3.34
emp_000517,2026-01-02,3.63
emp_000517,2025-10-04,3.61
emp_000517,2025-07-06,3.0
emp_000517,2025-04-07,3.31
emp_000517,2025-01-07,3.11
emp_000517,2024-10-09,2.82
emp_000517,2024-07-11,3.53
emp_000518,2026-04-02,3.28
emp_000518,2026-01-02,4.3
emp_000518,2025-10-04,4.28
emp_000518,2025-07-06,4.2
emp_000518,2025-04-07,3.6
emp_000518,2025-01-07,3.81
emp_000518,2024-10-09,4.11
emp_000518,2024-07-11,4.19
emp_000520,2026-04-02,4.09
emp_000520,2026-01-02,3.96
emp_000520,2025-10-04,3.67
emp_000521,2026-04-02,3.58
emp_000521,2026-01-02,4.23
emp_000522,2026-04-02,3.63
emp_000522,2026-01-02,2.52
emp_000522,2025-10-04,2.66
emp_000522,2025-07-06,3.36
emp_000522,2025-04-07,4.01
emp_000523,2026-04-02,4.59
emp_000524,2026-04-02,3.09
emp_000524,2026-01-02,3.55
emp_000524,2025-10-04,3.6
emp_000524,2025-07-06,3.4
emp_000524,2025-04-07,3.41
emp_000524,2025-01-07,3.63
emp_000524,2024-10-09,4.14
emp_000524,2024-07-11,3.61
emp_000525,2026-04-02,4.93
emp_000525,2026-01-02,3.9
emp_000525,2025-10-04,3.84
emp_000525,2025-07-06,4.29
emp_000525,2025-04-07,4.03
emp_000525,2025-01-07,4.38
emp_000525,2024-10-09,4.33
emp_000525,2024-07-11,4.43
emp_000526,2026-04-02,4.38
emp_000526,2026-01-02,4.19
emp_000526,2025-10-04,4.43
emp_000526,2025-07-06,4.78
emp_000526,2025-04-07,4.55
emp_000526,2025-01-07,4.57
emp_000526,2024-10-09,4.96
emp_000526,2024-07-11,5.0
emp_000527,2026-04-02,3.1
emp_000527,2026-01-02,3.19
emp_000527,2025-10-04,2.96
emp_000527,2025-07-06,2.7
emp_000527,2025-04-07,3.19
emp_000527,2025-01-07,3.58
emp_000527,2024-10-09,3.37
emp_000527,2024-07-11,2.7
emp_000528,2026-04-02,3.29
emp_000528,2026-01-02,4.11
emp_000528,2025-10-04,4.04
emp_000528,2025-07-06,3.63
emp_000528,2025-04-07,3.96
emp_000528,2025-01-07,4.11
emp_000528,2024-10-09,3.36
emp_000528,2024-07-11,3.72
emp_000529,2026-04-02,3.08
emp_000529,2026-01-02,4.06
emp_000529,2025-10-04,3.64
emp_000529,2025-07-06,3.5
emp_000529,2025-04-07,4.03
emp_000529,2025-01-07,3.81
emp_000529,2024-10-09,3.84
emp_000529,2024-07-11,3.81
emp_000530,2026-04-02,3.78
emp_000530,2026-01-02,4.12
emp_000530,2025-10-04,4.53
emp_000530,2025-07-06,4.62
emp_000530,2025-04-07,3.64
emp_000530,2025-01-07,4.23
emp_000530,2024-10-09,4.44
emp_000530,2024-07-11,3.94
emp_000531,2026-04-02,3.77
emp_000531,2026-01-02,5.0
emp_000531,2025-10-04,3.97
emp_000531,2025-07-06,4.66
emp_000531,2025-04-07,4.64
emp_000531,2025-01-07,4.89
emp_000531,2024-10-09,4.43
emp_000531,2024-07-11,4.72
emp_000532,2026-04-02,2.92
emp_000532,2026-01-02,2.87
emp_000532,2025-10-04,3.81
emp_000532,2025-07-06,3.82
emp_000532,2025-04-07,3.34
emp_000532,2025-01-07,4.01
emp_000532,2024-10-09,3.59
emp_000532,2024-07-11,3.31
emp_000533,2026-04-02,4.43
emp_000533,2026-01-02,4.03
emp_000533,2025-10-04,4.24
emp_000533,2025-07-06,3.9
emp_000533,2025-04-07,4.13
emp_000533,2025-01-07,4.21
emp_000533,2024-10-09,4.78
emp_000533,2024-07-11,4.04
emp_000534,2026-04-02,3.38
emp_000534,2026-01-02,3.35
emp_000534,2025-10-04,3.41
emp_000534,2025-07-06,3.74
emp_000534,2025-04-07,3.71
emp_000534,2025-01-07,3.23
emp_000534,2024-10-09,3.72
emp_000534,2024-07-11,3.54
emp_000535,2026-04-02,4.24
emp_000535,2026-01-02,4.05
emp_000535,2025-10-04,4.76
emp_000535,2025-07-06,4.12
emp_000535,2025-04-07,3.56
emp_000536,2026-04-02,3.95
emp_000536,2026-01-02,4.73
emp_000536,2025-10-04,3.97
emp_000536,2025-07-06,4.21
emp_000536,2025-04-07,4.98
emp_000536,2025-01-07,4.6
emp_000536,2024-10-09,4.1
emp_000536,2024-07-11,4.29
emp_000537,2026-04-02,3.67
emp_000537,2026-01-02,3.4
emp_000537,2025-10-04,3.71
emp_000537,2025-07-06,4.02
emp_000537,2025-04-07,3.86
emp_000537,2025-01-07,3.59
emp_000538,2026-04-02,4.37
emp_000538,2026-01-02,4.49
emp_000538,2025-10-04,4.43
emp_000538,2025-07-06,4.38
emp_000538,2025-04-07,3.87
emp_000538,2025-01-07,4.76
emp_000538,2024-10-09,4.25
emp_000538,2024-07-11,4.23
emp_000539,2026-04-02,3.46
emp_000539,2026-01-02,4.12
emp_000539,2025-10-04,3.62
emp_000539,2025-07-06,4.81
emp_000539,2025-04-07,4.22
emp_000539,2025-01-07,3.93
emp_000539,2024-10-09,3.77
emp_000539,2024-07-11,3.54
emp_000540,2026-04-02,3.54
emp_000540,2026-01-02,3.84
emp_000540,2025-10-04,3.18
emp_000540,2025-07-06,3.54
emp_000542,2026-04-02,4.07
emp_000542,2026-01-02,4.19
emp_000542,2025-10-04,4.32
emp_000542,2025-07-06,4.01
emp_000542,2025-04-07,3.68
emp_000542,2025-01-07,4.32
emp_000542,2024-10-09,4.15
emp_000542,2024-07-11,3.51
emp_000543,2026-04-02,3.51
emp_000543,2026-01-02,3.9
emp_000543,2025-10-04,4.0
emp_000543,2025-07-06,3.82
emp_000543,2025-04-07,4.14
emp_000543,2025-01-07,3.88
emp_000544,2026-04-02,4.45
emp_000544,2026-01-02,3.98
emp_000544,2025-10-04,3.88
emp_000544,2025-07-06,3.57
emp_000544,2025-04-07,3.24
emp_000544,2025-01-07,4.26
emp_000544,2024-10-09,3.9
emp_000545,2026-04-02,4.28
emp_000545,2026-01-02,4.27
emp_000545,2025-10-04,3.24
emp_000545,2025-07-06,4.02
emp_000545,2025-04-07,3.85
emp_000545,2025-01-07,3.78
emp_000545,2024-10-09,3.99
emp_000545,2024-07-11,4.24
emp_000546,2026-04-02,3.89
emp_000546,2026-01-02,3.66
emp_000546,2025-10-04,3.54
emp_000546,2025-07-06,3.75
emp_000546,2025-04-07,4.18
emp_000546,2025-01-07,3.69
emp_000546,2024-10-09,4.39
emp_000546,2024-07-11,3.39
emp_000547,2026-04-02,4.27
emp_000547,2026-01-02,3.31
emp_000548,2026-04-02,4.11
emp_000548,2026-01-02,3.54
emp_000548,2025-10-04,3.4
emp_000548,2025-07-06,3.53
emp_000548,2025-04-07,3.38
emp_000548,2025-01-07,3.09
emp_000548,2024-10-09,3.67
emp_000548,2024-07-11,3.92
emp_000549,2026-04-02,4.08
emp_000549,2026-01-02,3.23
emp_000549,2025-10-04,3.47
emp_000549,2025-07-06,3.91
emp_000549,2025-04-07,4.26
emp_000549,2025-01-07,3.5
emp_000549,2024-10-09,3.61
emp_000549,2024-07-11,3.88
emp_000550,2026-04-02,3.65
emp_000550,2026-01-02,3.54
emp_000550,2025-10-04,3.95
emp_000550,2025-07-06,4.46
emp_000550,2025-04-07,3.66
emp_000550,2025-01-07,4.09
emp_000551,2026-04-02,2.89
emp_000551,2026-01-02,2.85
emp_000551,2025-10-04,3.19
emp_000551,2025-07-06,4.1
emp_000551,2025-04-07,3.94
emp_000551,2025-01-07,3.26
emp_000551,2024-10-09,3.84
emp_000551,2024-07-11,3.16
emp_000552,2026-04-02,4.28
emp_000552,2026-01-02,4.3
emp_000552,2025-10-04,4.19
emp_000552,2025-07-06,4.0
emp_000552,2025-04-07,4.5
emp_000552,2025-01-07,4.09
emp_000552,2024-10-09,4.53
emp_000552,2024-07-11,4.5
emp_000553,2026-04-02,3.63
emp_000553,2026-01-02,3.91
emp_000553,2025-10-04,3.62
emp_000553,2025-07-06,4.12
emp_000553,2025-04-07,3.83
emp_000553,2025-01-07,3.7
emp_000553,2024-10-09,3.72
emp_000553,2024-07-11,3.42
emp_000554,2026-04-02,4.05
emp_000554,2026-01-02,4.17
emp_000554,2025-10-04,4.45
emp_000554,2025-07-06,4.08
emp_000554,2025-04-07,4.65
emp_000554,2025-01-07,3.87
emp_000554,2024-10-09,4.4
emp_000554,2024-07-11,4.5
emp_000555,2026-04-02,3.9
emp_000555,2026-01-02,3.3
emp_000555,2025-10-04,2.88
emp_000555,2025-07-06,3.72
emp_000555,2025-04-07,3.37
emp_000555,2025-01-07,3.33
emp_000556,2026-04-02,3.83
emp_000556,2026-01-02,3.9
emp_000556,2025-10-04,4.08
emp_000556,2025-07-06,3.92
emp_000557,2026-04-02,4.41
emp_000557,2026-01-02,4.86
emp_000557,2025-10-04,4.21
emp_000557,2025-07-06,4.27
emp_000557,2025-04-07,3.94
emp_000558,2026-04-02,3.78
emp_000558,2026-01-02,3.83
emp_000558,2025-10-04,3.87
emp_000559,2026-04-02,3.56
emp_000559,2026-01-02,3.78
emp_000559,2025-10-04,3.56
emp_000559,2025-07-06,3.43
emp_000559,2025-04-07,3.85
emp_000559,2025-01-07,3.62
emp_000559,2024-10-09,3.85
emp_000559,2024-07-11,3.43
emp_000560,2026-04-02,3.77
emp_000560,2026-01-02,4.14
emp_000560,2025-10-04,4.72
emp_000560,2025-07-06,4.13
emp_000560,2025-04-07,3.83
emp_000560,2025-01-07,3.62
emp_000560,2024-10-09,4.23
emp_000561,2026-04-02,4.05
emp_000561,2026-01-02,3.75
emp_000561,2025-10-04,3.54
emp_000561,2025-07-06,4.08
emp_000561,2025-04-07,3.85
emp_000561,2025-01-07,3.38
emp_000561,2024-10-09,3.96
emp_000561,2024-07-11,3.52
emp_000562,2026-04-02,4.22
emp_000562,2026-01-02,3.75
emp_000562,2025-10-04,3.87
emp_000562,2025-07-06,3.99
emp_000562,2025-04-07,4.71
emp_000562,2025-01-07,4.28
emp_000563,2026-04-02,4.1
emp_000563,2026-01-02,3.49
emp_000563,2025-10-04,3.52
emp_000563,2025-07-06,3.65
emp_000563,2025-04-07,3.5
emp_000563,2025-01-07,3.22
emp_000563,2024-10-09,3.63
emp_000563,2024-07-11,3.26
emp_000564,2026-04-02,4.03
emp_000564,2026-01-02,4.13
emp_000564,2025-10-04,3.59
emp_000564,2025-07-06,4.44
emp_000564,2025-04-07,4.18
emp_000564,2025-01-07,3.12
emp_000564,2024-10-09,4.06
emp_000564,2024-07-11,4.11
emp_000565,2026-04-02,4.16
emp_000565,2026-01-02,3.79
emp_000565,2025-10-04,3.94
emp_000565,2025-07-06,3.88
emp_000565,2025-04-07,4.43
emp_000565,2025-01-07,4.28
emp_000565,2024-10-09,4.34
emp_000565,2024-07-11,4.41
emp_000566,2026-04-02,4.23
emp_000566,2026-01-02,4.16
emp_000566,2025-10-04,4.7
emp_000566,2025-07-06,4.15
emp_000566,2025-04-07,4.33
emp_000566,2025-01-07,3.62
emp_000566,2024-10-09,4.46
emp_000566,2024-07-11,4.33
emp_000568,2026-04-02,3.84
emp_000568,2026-01-02,4.42
emp_000568,2025-10-04,3.26
emp_000568,2025-07-06,4.14
emp_000568,2025-04-07,3.91
emp_000568,2025-01-07,3.55
emp_000568,2024-10-09,3.88
emp_000568,2024-07-11,4.66
emp_000569,2026-04-02,4.04
emp_000569,2026-01-02,4.35
emp_000569,2025-10-04,3.68
emp_000570,2026-04-02,3.58
emp_000570,2026-01-02,3.61
emp_000570,2025-10-04,3.96
emp_000570,2025-07-06,3.98
emp_000570,2025-04-07,4.04
emp_000570,2025-01-07,3.93
emp_000570,2024-10-09,3.33
emp_000570,2024-07-11,3.43
emp_000571,2026-04-02,2.64
emp_000571,2026-01-02,3.52
emp_000571,2025-10-04,3.27
emp_000571,2025-07-06,3.46
emp_000571,2025-04-07,3.21
emp_000571,2025-01-07,3.12
emp_000572,2026-04-02,3.85
emp_000572,2026-01-02,4.55
emp_000572,2025-10-04,3.88
emp_000572,2025-07-06,4.38
emp_000572,2025-04-07,4.66
emp_000572,2025-01-07,3.82
emp_000572,2024-10-09,4.18
emp_000572,2024-07-11,4.26
emp_000573,2026-04-02,3.65
emp_000573,2026-01-02,4.0
emp_000574,2026-04-02,4.36
emp_000574,2026-01-02,4.15
emp_000575,2026-04-02,3.16
emp_000575,2026-01-02,3.67
emp_000575,2025-10-04,3.33
emp_000575,2025-07-06,3.78
emp_000576,2026-04-02,4.16
emp_000576,2026-01-02,4.77
emp_000577,2026-04-02,3.48
emp_000577,2026-01-02,3.69
emp_000577,2025-10-04,3.63
emp_000577,2025-07-06,3.22
emp_000577,2025-04-07,3.43
emp_000578,2026-04-02,3.12
emp_000578,2026-01-02,2.58
emp_000578,2025-10-04,3.74
emp_000578,2025-07-06,3.38
emp_000578,2025-04-07,2.91
emp_000578,2025-01-07,3.24
emp_000578,2024-10-09,3.35
emp_000578,2024-07-11,3.7
emp_000579,2026-04-02,3.44
emp_000579,2026-01-02,3.13
emp_000579,2025-10-04,3.77
emp_000579,2025-07-06,3.44
emp_000579,2025-04-07,3.43
emp_000579,2025-01-07,3.37
emp_000579,2024-10-09,3.6
emp_000580,2026-04-02,3.37
emp_000580,2026-01-02,3.37
emp_000580,2025-10-04,4.38
emp_000580,2025-07-06,3.66
emp_000581,2026-04-02,3.23
emp_000581,2026-01-02,2.86
emp_000581,2025-10-04,3.28
emp_000581,2025-07-06,2.59
emp_000582,2026-04-02,3.6
emp_000582,2026-01-02,3.8
emp_000582,2025-10-04,3.44
emp_000582,2025-07-06,3.79
emp_000583,2026-04-02,3.21
emp_000583,2026-01-02,3.82
emp_000583,2025-10-04,3.1
emp_000583,2025-07-06,3.8
emp_000583,2025-04-07,3.47
emp_000583,2025-01-07,3.75
emp_000583,2024-10-09,3.58
emp_000583,2024-07-11,3.34
emp_000584,2026-04-02,3.74
emp_000584,2026-01-02,3.94
emp_000584,2025-10-04,4.1
emp_000584,2025-07-06,3.75
emp_000584,2025-04-07,4.67
emp_000584,2025-01-07,4.2
emp_000584,2024-10-09,4.3
emp_000585,2026-04-02,4.13
emp_000585,2026-01-02,3.92
emp_000585,2025-10-04,4.25
emp_000585,2025-07-06,4.39
emp_000585,2025-04-07,4.77
emp_000585,2025-01-07,4.54
emp_000585,2024-10-09,4.65
emp_000585,2024-07-11,4.09
emp_000586,2026-04-02,3.49
emp_000586,2026-01-02,3.89
emp_000586,2025-10-04,3.67
emp_000587,2026-04-02,3.75
emp_000587,2026-01-02,4.28
emp_000587,2025-10-04,3.86
emp_000587,2025-07-06,3.99
emp_000587,2025-04-07,3.89
emp_000587,2025-01-07,4.19
emp_000587,2024-10-09,3.64
emp_000587,2024-07-11,3.17
emp_000588,2026-04-02,4.0
emp_000588,2026-01-02,4.18
emp_000588,2025-10-04,4.05
emp_000588,2025-07-06,4.1
emp_000588,2025-04-07,3.06
emp_000588,2025-01-07,3.88
emp_000588,2024-10-09,3.82
emp_000588,2024-07-11,3.76
emp_000589,2026-04-02,4.64
emp_000589,2026-01-02,4.36
emp_000589,2025-10-04,4.63
emp_000589,2025-07-06,4.04
emp_000589,2025-04-07,4.23
emp_000589,2025-01-07,4.1
emp_000589,2024-10-09,4.64
emp_000589,2024-07-11,5.0
emp_000590,2026-04-02,3.85
emp_000590,2026-01-02,3.8
emp_000590,2025-10-04,3.05
emp_000590,2025-07-06,3.9
emp_000590,2025-04-07,3.75
emp_000590,2025-01-07,4.32
emp_000590,2024-10-09,3.83
emp_000590,2024-07-11,3.78
emp_000591,2026-04-02,4.61
emp_000591,2026-01-02,3.26
emp_000591,2025-10-04,3.71
emp_000591,2025-07-06,3.64
emp_000591,2025-04-07,3.27
emp_000591,2025-01-07,3.65
emp_000591,2024-10-09,3.63
emp_000591,2024-07-11,3.71
emp_000592,2026-04-02,4.17
emp_000592,2026-01-02,3.9
emp_000592,2025-10-04,4.34
emp_000592,2025-07-06,4.61
emp_000592,2025-04-07,4.54
emp_000592,2025-01-07,4.09
emp_000592,2024-10-09,4.26
emp_000592,2024-07-11,4.2
emp_000593,2026-04-02,4.58
emp_000593,2026-01-02,4.18
emp_000593,2025-10-04,4.09
emp_000593,2025-07-06,4.43
emp_000593,2025-04-07,3.77
emp_000593,2025-01-07,4.22
emp_000594,2026-04-02,3.86
emp_000594,2026-01-02,3.87
emp_000594,2025-10-04,3.9
emp_000594,2025-07-06,3.06
emp_000594,2025-04-07,3.06
emp_000594,2025-01-07,4.18
emp_000594,2024-10-09,3.68
emp_000594,2024-07-11,4.43
emp_000595,2026-04-02,4.33
emp_000595,2026-01-02,2.9
emp_000595,2025-10-04,3.7
emp_000595,2025-07-06,3.97
emp_000595,2025-04-07,3.65
emp_000595,2025-01-07,4.09
emp_000595,2024-10-09,3.82
emp_000595,2024-07-11,3.95
emp_000596,2026-04-02,3.08
emp_000596,2026-01-02,3.57
emp_000596,2025-10-04,4.01
emp_000596,2025-07-06,4.25
emp_000596,2025-04-07,2.96
emp_000596,2025-01-07,3.2
emp_000597,2026-04-02,3.21
emp_000597,2026-01-02,4.06
emp_000597,2025-10-04,3.95
emp_000597,2025-07-06,3.35
emp_000597,2025-04-07,4.15
emp_000598,2026-04-02,3.99
emp_000598,2026-01-02,3.95
emp_000598,2025-10-04,4.05
emp_000598,2025-07-06,4.06
emp_000598,2025-04-07,3.66
emp_000598,2025-01-07,4.12
emp_000599,2026-04-02,4.07
emp_000600,2026-04-02,3.84
emp_000600,2026-01-02,3.93
emp_000600,2025-10-04,3.63
emp_000600,2025-07-06,3.6
emp_000600,2025-04-07,3.7
emp_000600,2025-01-07,4.08
emp_000600,2024-10-09,3.74
emp_000600,2024-07-11,3.8
emp_000601,2026-04-02,4.31
emp_000601,2026-01-02,4.93
emp_000601,2025-10-04,4.39
emp_000601,2025-07-06,4.44
emp_000601,2025-04-07,4.53
emp_000602,2026-04-02,3.55
emp_000602,2026-01-02,3.64
emp_000602,2025-10-04,4.06
emp_000602,2025-07-06,4.13
emp_000602,2025-04-07,3.63
emp_000602,2025-01-07,3.91
emp_000602,2024-10-09,3.0
emp_000602,2024-07-11,3.57
emp_000603,2026-04-02,2.77
emp_000603,2026-01-02,2.85
emp_000603,2025-10-04,3.93
emp_000603,2025-07-06,3.59
emp_000603,2025-04-07,4.08
emp_000603,2025-01-07,3.5
emp_000603,2024-10-09,3.87
emp_000603,2024-07-11,3.03
emp_000604,2026-04-02,3.42
emp_000604,2026-01-02,3.61
emp_000604,2025-10-04,3.25
emp_000604,2025-07-06,3.75
emp_000604,2025-04-07,3.96
emp_000604,2025-01-07,3.78
emp_000604,2024-10-09,3.04
emp_000604,2024-07-11,3.36
emp_000605,2026-04-02,4.22
emp_000605,2026-01-02,4.41
emp_000605,2025-10-04,3.3
emp_000605,2025-07-06,3.18
emp_000605,2025-04-07,3.14
emp_000605,2025-01-07,3.64
emp_000605,2024-10-09,3.49
emp_000605,2024-07-11,3.79
emp_000606,2026-04-02,3.63
emp_000606,2026-01-02,3.88
emp_000606,2025-10-04,3.8
emp_000606,2025-07-06,2.94
emp_000606,2025-04-07,3.98
emp_000606,2025-01-07,3.35
emp_000606,2024-10-09,3.47
emp_000606,2024-07-11,4.2
emp_000607,2026-04-02,3.2
emp_000607,2026-01-02,3.89
emp_000607,2025-10-04,3.33
emp_000607,2025-07-06,3.5
emp_000607,2025-04-07,2.76
emp_000607,2025-01-07,2.99
emp_000607,2024-10-09,3.34
emp_000607,2024-07-11,3.09
emp_000608,2026-04-02,3.44
emp_000608,2026-01-02,3.28
emp_000608,2025-10-04,3.4
emp_000608,2025-07-06,3.34
emp_000608,2025-04-07,2.83
emp_000608,2025-01-07,4.32
emp_000608,2024-10-09,3.07
emp_000608,2024-07-11,3.72
emp_000609,2026-04-02,3.91
emp_000609,2026-01-02,3.69
emp_000609,2025-10-04,3.33
emp_000609,2025-07-06,3.66
emp_000609,2025-04-07,3.98
emp_000609,2025-01-07,3.53
emp_000609,2024-10-09,3.55
emp_000609,2024-07-11,3.47
emp_000610,2026-04-02,3.31
emp_000610,2026-01-02,3.75
emp_000610,2025-10-04,3.54
emp_000610,2025-07-06,3.33
emp_000610,2025-04-07,3.6
emp_000610,2025-01-07,3.4
emp_000610,2024-10-09,3.11
emp_000610,2024-07-11,3.48
emp_000611,2026-04-02,3.65
emp_000611,2026-01-02,4.1
emp_000611,2025-10-04,4.34
emp_000611,2025-07-06,4.46
emp_000611,2025-04-07,2.82
emp_000612,2026-04-02,3.77
emp_000612,2026-01-02,4.09
emp_000612,2025-10-04,3.52
emp_000612,2025-07-06,3.78
emp_000612,2025-04-07,3.54
emp_000612,2025-01-07,4.2
emp_000612,2024-10-09,3.58
emp_000612,2024-07-11,3.65
emp_000613,2026-04-02,2.96
emp_000613,2026-01-02,4.1
emp_000613,2025-10-04,2.86
emp_000613,2025-07-06,2.74
emp_000613,2025-04-07,3.77
emp_000613,2025-01-07,3.21
emp_000615,2026-04-02,4.47
emp_000615,2026-01-02,4.14
emp_000615,2025-10-04,4.01
emp_000615,2025-07-06,4.02
emp_000615,2025-04-07,4.27
emp_000615,2025-01-07,4.09
emp_000615,2024-10-09,4.24
emp_000615,2024-07-11,4.38
emp_000616,2026-04-02,3.59
emp_000616,2026-01-02,3.47
emp_000616,2025-10-04,3.74
emp_000616,2025-07-06,4.15
emp_000616,2025-04-07,4.2
emp_000616,2025-01-07,4.08
emp_000616,2024-10-09,4.13
emp_000616,2024-07-11,3.44
emp_000617,2026-04-02,4.24
emp_000617,2026-01-02,3.75
emp_000618,2026-04-02,3.55
emp_000618,2026-01-02,3.72
emp_000618,2025-10-04,3.56
emp_000619,2026-04-02,3.53
emp_000619,2026-01-02,3.98
emp_000619,2025-10-04,2.9
emp_000619,2025-07-06,3.4
emp_000620,2026-04-02,3.81
emp_000620,2026-01-02,3.96
emp_000620,2025-10-04,4.52
emp_000620,2025-07-06,3.81
emp_000620,2025-04-07,3.27
emp_000620,2025-01-07,2.97
emp_000620,2024-10-09,4.16
emp_000621,2026-04-02,3.87
emp_000621,2026-01-02,4.22
emp_000621,2025-10-04,4.19
emp_000621,2025-07-06,4.43
emp_000621,2025-04-07,3.49
emp_000621,2025-01-07,4.29
emp_000621,2024-10-09,4.16
emp_000621,2024-07-11,4.25
emp_000622,2026-04-02,3.52
emp_000622,2026-01-02,3.54
emp_000622,2025-10-04,3.02
emp_000622,2025-07-06,3.18
emp_000622,2025-04-07,3.36
emp_000622,2025-01-07,3.12
emp_000622,2024-10-09,3.73
emp_000622,2024-07-11,2.79
emp_000623,2026-04-02,2.86
emp_000623,2026-01-02,3.94
emp_000623,2025-10-04,2.84
emp_000623,2025-07-06,3.65
emp_000623,2025-04-07,2.79
emp_000623,2025-01-07,3.23
emp_000624,2026-04-02,3.81
emp_000624,2026-01-02,3.7
emp_000624,2025-10-04,4.13
emp_000624,2025-07-06,4.63
emp_000624,2025-04-07,3.82
emp_000624,2025-01-07,4.21
emp_000624,2024-10-09,4.76
emp_000624,2024-07-11,4.93
emp_000625,2026-04-02,4.46
emp_000625,2026-01-02,4.59
emp_000625,2025-10-04,4.48
emp_000625,2025-07-06,4.06
emp_000625,2025-04-07,4.02
emp_000625,2025-01-07,4.2
emp_000625,2024-10-09,4.32
emp_000625,2024-07-11,3.92
emp_000626,2026-04-02,3.57
emp_000626,2026-01-02,4.21
emp_000626,2025-10-04,3.96
emp_000626,2025-07-06,4.06
emp_000626,2025-04-07,3.89
emp_000626,2025-01-07,4.08
emp_000626,2024-10-09,3.75
emp_000627,2026-04-02,4.36
emp_000627,2026-01-02,3.94
emp_000627,2025-10-04,4.15
emp_000627,2025-07-06,3.72
emp_000627,2025-04-07,3.41
emp_000627,2025-01-07,3.85
emp_000627,2024-10-09,3.2
emp_000627,2024-07-11,4.0
emp_000628,2026-04-02,3.57
emp_000628,2026-01-02,4.08
emp_000629,2026-04-02,3.78
emp_000629,2026-01-02,3.63
emp_000629,2025-10-04,3.72
emp_000629,2025-07-06,3.3
emp_000629,2025-04-07,3.47
emp_000629,2025-01-07,4.88
emp_000629,2024-10-09,4.38
emp_000629,2024-07-11,3.9
emp_000630,2026-04-02,3.94
emp_000630,2026-01-02,4.41
emp_000630,2025-10-04,3.87
emp_000630,2025-07-06,4.28
emp_000630,2025-04-07,4.56
emp_000630,2025-01-07,4.02
emp_000630,2024-10-09,3.56
emp_000630,2024-07-11,3.69
emp_000631,2026-04-02,3.69
emp_000631,2026-01-02,4.17
emp_000631,2025-10-04,3.71
emp_000631,2025-07-06,3.73
emp_000631,2025-04-07,3.76
emp_000631,2025-01-07,3.4
emp_000631,2024-10-09,4.52
emp_000632,2026-04-02,3.71
emp_000632,2026-01-02,3.58
emp_000632,2025-10-04,3.35
emp_000633,2026-04-02,3.86
emp_000633,2026-01-02,3.75
emp_000634,2026-04-02,4.02
emp_000634,2026-01-02,3.79
emp_000634,2025-10-04,4.36
emp_000634,2025-07-06,4.15
emp_000634,2025-04-07,3.83
emp_000634,2025-01-07,4.14
emp_000634,2024-10-09,4.1
emp_000635,2026-04-02,4.49
emp_000635,2026-01-02,4.43
emp_000635,2025-10-04,4.31
emp_000635,2025-07-06,3.97
emp_000635,2025-04-07,3.75
emp_000635,2025-01-07,4.65
emp_000635,2024-10-09,3.56
emp_000635,2024-07-11,4.02
emp_000636,2026-04-02,3.74
emp_000636,2026-01-02,3.52
emp_000637,2026-04-02,2.58
emp_000637,2026-01-02,2.54
emp_000637,2025-10-04,2.89
emp_000637,2025-07-06,3.48
emp_000637,2025-04-07,3.47
emp_000637,2025-01-07,4.06
emp_000637,2024-10-09,1.96
emp_000637,2024-07-11,3.49
emp_000638,2026-04-02,3.81
emp_000638,2026-01-02,3.99
emp_000638,2025-10-04,4.0
emp_000638,2025-07-06,2.72
emp_000639,2026-04-02,3.52
emp_000639,2026-01-02,3.23
emp_000639,2025-10-04,4.2
emp_000639,2025-07-06,4.46
emp_000639,2025-04-07,3.42
emp_000639,2025-01-07,3.66
emp_000639,2024-10-09,3.5
emp_000639,2024-07-11,3.85
emp_000640,2026-04-02,3.36
emp_000640,2026-01-02,3.57
emp_000640,2025-10-04,3.94
emp_000640,2025-07-06,3.91
emp_000640,2025-04-07,3.62
emp_000640,2025-01-07,3.67
emp_000640,2024-10-09,3.77
emp_000640,2024-07-11,3.81
emp_000641,2026-04-02,3.97
emp_000641,2026-01-02,3.51
emp_000641,2025-10-04,4.27
emp_000641,2025-07-06,4.26
emp_000641,2025-04-07,3.68
emp_000641,2025-01-07,3.45
emp_000641,2024-10-09,4.25
emp_000641,2024-07-11,3.97
emp_000642,2026-04-02,4.57
emp_000642,2026-01-02,3.51
emp_000642,2025-10-04,4.81
emp_000642,2025-07-06,4.41
emp_000642,2025-04-07,4.0
emp_000642,2025-01-07,4.29
emp_000643,2026-04-02,3.7
emp_000643,2026-01-02,4.22
emp_000643,2025-10-04,4.14
emp_000644,2026-04-02,3.8
emp_000644,2026-01-02,3.46
emp_000644,2025-10-04,4.32
emp_000644,2025-07-06,3.57
emp_000644,2025-04-07,3.85
emp_000644,2025-01-07,4.46
emp_000644,2024-10-09,3.77
emp_000644,2024-07-11,4.37
emp_000645,2026-04-02,3.41
emp_000645,2026-01-02,3.48
emp_000645,2025-10-04,3.37
emp_000645,2025-07-06,2.72
emp_000645,2025-04-07,3.54
emp_000645,2025-01-07,3.58
emp_000645,2024-10-09,3.88
emp_000646,2026-04-02,3.81
emp_000646,2026-01-02,4.37
emp_000646,2025-10-04,3.89
emp_000646,2025-07-06,3.78
emp_000646,2025-04-07,3.95
emp_000646,2025-01-07,3.71
emp_000646,2024-10-09,4.03
emp_000646,2024-07-11,3.76
emp_000647,2026-04-02,3.53
emp_000647,2026-01-02,3.41
emp_000647,2025-10-04,3.83
emp_000647,2025-07-06,3.77
emp_000647,2025-04-07,2.97
emp_000647,2025-01-07,3.37
emp_000648,2026-04-02,4.42
emp_000648,2026-01-02,3.48
emp_000648,2025-10-04,3.73
emp_000648,2025-07-06,3.98
emp_000648,2025-04-07,3.36
emp_000648,2025-01-07,4.03
emp_000648,2024-10-09,4.18
emp_000648,2024-07-11,4.66
emp_000649,2026-04-02,3.08
emp_000649,2026-01-02,3.36
emp_000649,2025-10-04,3.77
emp_000649,2025-07-06,3.46
emp_000649,2025-04-07,3.7
emp_000649,2025-01-07,3.7
emp_000649,2024-10-09,3.84
emp_000649,2024-07-11,3.33
emp_000650,2026-04-02,3.75
emp_000650,2026-01-02,4.29
emp_000650,2025-10-04,3.05
emp_000650,2025-07-06,3.89
emp_000650,2025-04-07,3.08
emp_000650,2025-01-07,2.95
emp_000650,2024-10-09,3.34
emp_000650,2024-07-11,3.37
emp_000651,2026-04-02,3.61
emp_000652,2026-04-02,4.06
emp_000652,2026-01-02,3.53
emp_000652,2025-10-04,4.01
emp_000652,2025-07-06,3.68
emp_000653,2026-04-02,3.92
emp_000653,2026-01-02,3.38
emp_000653,2025-10-04,3.22
emp_000654,2026-04-02,3.4
emp_000654,2026-01-02,3.96
emp_000654,2025-10-04,3.38
emp_000654,2025-07-06,3.5
emp_000654,2025-04-07,3.88
emp_000654,2025-01-07,4.3
emp_000654,2024-10-09,3.85
emp_000654,2024-07-11,4.24
emp_000655,2026-04-02,2.97
emp_000655,2026-01-02,3.62
emp_000655,2025-10-04,4.31
emp_000655,2025-07-06,3.28
emp_000655,2025-04-07,3.55
emp_000655,2025-01-07,3.71
emp_000655,2024-10-09,3.21
emp_000655,2024-07-11,3.82
emp_000656,2026-04-02,4.56
emp_000656,2026-01-02,4.59
emp_000656,2025-10-04,4.06
emp_000656,2025-07-06,5.0
emp_000656,2025-04-07,4.55
emp_000656,2025-01-07,3.84
emp_000656,2024-10-09,4.39
emp_000657,2026-04-02,3.63
emp_000657,2026-01-02,4.49
emp_000657,2025-10-04,3.76
emp_000657,2025-07-06,3.83
emp_000657,2025-04-07,3.84
emp_000657,2025-01-07,3.83
emp_000657,2024-10-09,3.63
emp_000657,2024-07-11,4.32
emp_000658,2026-04-02,3.61
emp_000658,2026-01-02,3.76
emp_000658,2025-10-04,3.56
emp_000658,2025-07-06,3.7
emp_000658,2025-04-07,3.5
emp_000658,2025-01-07,3.59
emp_000658,2024-10-09,3.64
emp_000658,2024-07-11,3.8
emp_000659,2026-04-02,3.52
emp_000659,2026-01-02,3.82
emp_000659,2025-10-04,3.47
emp_000659,2025-07-06,3.62
emp_000659,2025-04-07,3.42
emp_000659,2025-01-07,3.73
emp_000660,2026-04-02,3.61
emp_000660,2026-01-02,3.58
emp_000660,2025-10-04,3.23
emp_000660,2025-07-06,3.26
emp_000660,2025-04-07,3.71
emp_000660,2025-01-07,3.37
emp_000661,2026-04-02,4.84
emp_000661,2026-01-02,3.4
emp_000661,2025-10-04,4.6
emp_000661,2025-07-06,4.52
emp_000662,2026-04-02,3.49
emp_000662,2026-01-02,4.24
emp_000662,2025-10-04,3.27
emp_000662,2025-07-06,4.46
emp_000662,2025-04-07,4.58
emp_000662,2025-01-07,3.96
emp_000662,2024-10-09,4.25
emp_000663,2026-04-02,3.44
emp_000663,2026-01-02,4.12
emp_000663,2025-10-04,3.66
emp_000663,2025-07-06,3.11
emp_000663,2025-04-07,3.46
emp_000663,2025-01-07,3.47
emp_000663,2024-10-09,3.99
emp_000663,2024-07-11,3.65
emp_000664,2026-04-02,3.6
emp_000664,2026-01-02,3.33
emp_000664,2025-10-04,3.57
emp_000664,2025-07-06,4.54
emp_000664,2025-04-07,3.11
emp_000664,2025-01-07,3.82
emp_000664,2024-10-09,3.4
emp_000664,2024-07-11,3.43
emp_000665,2026-04-02,3.46
emp_000665,2026-01-02,3.83
emp_000665,2025-10-04,3.32
emp_000666,2026-04-02,4.42
emp_000666,2026-01-02,4.32
emp_000666,2025-10-04,4.37
emp_000666,2025-07-06,4.54
emp_000666,2025-04-07,4.1
emp_000666,2025-01-07,4.5
emp_000666,2024-10-09,4.08
emp_000667,2026-04-02,3.77
emp_000667,2026-01-02,3.94
emp_000667,2025-10-04,3.53
emp_000667,2025-07-06,3.07
emp_000667,2025-04-07,3.2
emp_000667,2025-01-07,4.23
emp_000667,2024-10-09,3.57
emp_000667,2024-07-11,3.55
emp_000668,2026-04-02,3.73
emp_000668,2026-01-02,3.77
emp_000668,2025-10-04,3.68
emp_000668,2025-07-06,3.81
emp_000669,2026-04-02,3.69
emp_000669,2026-01-02,3.95
emp_000669,2025-10-04,3.48
emp_000669,2025-07-06,3.63
emp_000669,2025-04-07,3.88
emp_000670,2026-04-02,4.01
emp_000670,2026-01-02,3.93
emp_000670,2025-10-04,3.97
emp_000670,2025-07-06,4.0
emp_000670,2025-04-07,4.08
emp_000671,2026-04-02,4.3
emp_000671,2026-01-02,3.82
emp_000671,2025-10-04,3.65
emp_000671,2025-07-06,3.54
emp_000671,2025-04-07,3.79
emp_000671,2025-01-07,3.41
emp_000671,2024-10-09,4.29
emp_000671,2024-07-11,3.62
emp_000672,2026-04-02,3.71
emp_000672,2026-01-02,2.99
emp_000672,2025-10-04,3.95
emp_000672,2025-07-06,4.01
emp_000672,2025-04-07,4.33
emp_000672,2025-01-07,4.09
emp_000672,2024-10-09,4.06
emp_000672,2024-07-11,3.59
emp_000673,2026-04-02,4.26
emp_000673,2026-01-02,3.57
emp_000673,2025-10-04,4.14
emp_000673,2025-07-06,4.43
emp_000673,2025-04-07,3.96
emp_000673,2025-01-07,4.49
emp_000673,2024-10-09,4.12
emp_000673,2024-07-11,4.55
emp_000674,2026-04-02,3.79
emp_000674,2026-01-02,3.87
emp_000674,2025-10-04,3.69
emp_000674,2025-07-06,3.48
emp_000674,2025-04-07,3.91
emp_000674,2025-01-07,4.04
emp_000674,2024-10-09,3.84
emp_000674,2024-07-11,3.72
emp_000675,2026-04-02,3.53
emp_000675,2026-01-02,3.51
emp_000675,2025-10-04,4.15
emp_000675,2025-07-06,3.56
emp_000675,2025-04-07,3.44
emp_000675,2025-01-07,3.21
emp_000676,2026-04-02,4.9
emp_000676,2026-01-02,4.52
emp_000676,2025-10-04,4.61
emp_000676,2025-07-06,3.86
emp_000676,2025-04-07,4.39
emp_000676,2025-01-07,4.26
emp_000676,2024-10-09,4.27
emp_000676,2024-07-11,4.91
emp_000677,2026-04-02,4.77
emp_000677,2026-01-02,4.7
emp_000677,2025-10-04,4.19
emp_000677,2025-07-06,4.43
emp_000677,2025-04-07,4.86
emp_000677,2025-01-07,4.42
emp_000677,2024-10-09,4.1
emp_000677,2024-07-11,4.81
emp_000678,2026-04-02,3.87
emp_000678,2026-01-02,3.77
emp_000678,2025-10-04,3.97
emp_000678,2025-07-06,3.98
emp_000678,2025-04-07,3.51
emp_000679,2026-04-02,3.78
emp_000679,2026-01-02,3.82
emp_000679,2025-10-04,3.41
emp_000679,2025-07-06,3.88
emp_000679,2025-04-07,4.8
emp_000679,2025-01-07,4.16
emp_000679,2024-10-09,3.7
emp_000679,2024-07-11,3.67
emp_000680,2026-04-02,3.41
emp_000680,2026-01-02,4.18
emp_000680,2025-10-04,4.09
emp_000680,2025-07-06,3.29
emp_000680,2025-04-07,3.46
emp_000680,2025-01-07,4.09
emp_000680,2024-10-09,3.64
emp_000680,2024-07-11,3.35
emp_000681,2026-04-02,3.56
emp_000681,2026-01-02,3.36
emp_000681,2025-10-04,3.85
emp_000681,2025-07-06,3.5
emp_000681,2025-04-07,3.6
emp_000681,2025-01-07,4.16
emp_000681,2024-10-09,3.94
emp_000681,2024-07-11,3.35
emp_000682,2026-04-02,4.01
emp_000682,2026-01-02,3.99
emp_000682,2025-10-04,4.67
emp_000682,2025-07-06,4.75
emp_000682,2025-04-07,4.4
emp_000682,2025-01-07,3.68
emp_000682,2024-10-09,4.2
emp_000682,2024-07-11,4.0
emp_000683,2026-04-02,4.3
emp_000683,2026-01-02,3.65
emp_000683,2025-10-04,3.8
emp_000683,2025-07-06,4.36
emp_000683,2025-04-07,4.01
emp_000683,2025-01-07,3.42
emp_000683,2024-10-09,4.17
emp_000683,2024-07-11,4.41
emp_000684,2026-04-02,4.49
emp_000684,2026-01-02,3.93
emp_000684,2025-10-04,4.39
emp_000684,2025-07-06,4.25
emp_000684,2025-04-07,4.28
emp_000684,2025-01-07,4.48
emp_000684,2024-10-09,4.1
emp_000684,2024-07-11,4.4
emp_000685,2026-04-02,4.04
emp_000685,2026-01-02,3.83
emp_000685,2025-10-04,3.99
emp_000685,2025-07-06,3.92
emp_000685,2025-04-07,4.43
emp_000685,2025-01-07,4.0
emp_000685,2024-10-09,4.7
emp_000685,2024-07-11,3.96
emp_000686,2026-04-02,3.32
emp_000686,2026-01-02,3.3
emp_000686,2025-10-04,3.09
emp_000686,2025-07-06,2.53
emp_000686,2025-04-07,3.59
emp_000686,2025-01-07,3.11
emp_000686,2024-10-09,2.95
emp_000686,2024-07-11,3.23
emp_000687,2026-04-02,3.38
emp_000687,2026-01-02,2.8
emp_000687,2025-10-04,2.78
emp_000687,2025-07-06,4.05
emp_000687,2025-04-07,3.07
emp_000687,2025-01-07,3.63
emp_000687,2024-10-09,3.04
emp_000687,2024-07-11,3.35
emp_000688,2026-04-02,3.48
emp_000688,2026-01-02,3.69
emp_000688,2025-10-04,3.45
emp_000688,2025-07-06,3.42
emp_000688,2025-04-07,3.41
emp_000688,2025-01-07,3.33
emp_000688,2024-10-09,3.84
emp_000688,2024-07-11,3.89
emp_000689,2026-04-02,4.08
emp_000689,2026-01-02,4.2
emp_000689,2025-10-04,4.18
emp_000689,2025-07-06,4.21
emp_000689,2025-04-07,3.58
emp_000689,2025-01-07,3.65
emp_000689,2024-10-09,3.83
emp_000689,2024-07-11,4.37
emp_000690,2026-04-02,4.24
emp_000690,2026-01-02,4.06
emp_000690,2025-10-04,3.95
emp_000690,2025-07-06,3.61
emp_000690,2025-04-07,4.22
emp_000690,2025-01-07,3.89
emp_000690,2024-10-09,3.76
emp_000690,2024-07-11,4.21
emp_000691,2026-04-02,3.67
emp_000691,2026-01-02,3.79
emp_000691,2025-10-04,3.84
emp_000691,2025-07-06,4.2
emp_000691,2025-04-07,4.14
emp_000691,2025-01-07,4.07
emp_000691,2024-10-09,4.54
emp_000691,2024-07-11,4.31
emp_000692,2026-04-02,4.18
emp_000692,2026-01-02,4.21
emp_000692,2025-10-04,4.08
emp_000692,2025-07-06,4.42
emp_000692,2025-04-07,3.87
emp_000693,2026-04-02,4.12
emp_000693,2026-01-02,3.7
emp_000693,2025-10-04,3.68
emp_000693,2025-07-06,3.86
emp_000693,2025-04-07,4.08
emp_000693,2025-01-07,4.24
emp_000693,2024-10-09,3.34
emp_000693,2024-07-11,3.75
emp_000694,2026-04-02,3.11
emp_000694,2026-01-02,4.17
emp_000694,2025-10-04,4.15
emp_000694,2025-07-06,3.73
emp_000694,2025-04-07,2.99
emp_000694,2025-01-07,3.49
emp_000694,2024-10-09,3.2
emp_000694,2024-07-11,3.02
emp_000695,2026-04-02,3.38
emp_000695,2026-01-02,3.45
emp_000695,2025-10-04,2.86
emp_000695,2025-07-06,3.22
emp_000695,2025-04-07,2.93
emp_000695,2025-01-07,3.47
emp_000695,2024-10-09,3.03
emp_000695,2024-07-11,2.76
emp_000696,2026-04-02,4.48
emp_000696,2026-01-02,4.04
emp_000696,2025-10-04,3.51
emp_000696,2025-07-06,3.61
emp_000696,2025-04-07,4.42
emp_000696,2025-01-07,3.63
emp_000696,2024-10-09,3.88
emp_000696,2024-07-11,3.44
emp_000697,2026-04-02,3.61
emp_000697,2026-01-02,4.39
emp_000697,2025-10-04,3.78
emp_000697,2025-07-06,3.47
emp_000697,2025-04-07,4.33
emp_000697,2025-01-07,4.13
emp_000697,2024-10-09,4.03
emp_000697,2024-07-11,3.91
emp_000698,2026-04-02,3.58
emp_000698,2026-01-02,3.78
emp_000698,2025-10-04,3.65
emp_000698,2025-07-06,3.53
emp_000698,2025-04-07,3.39
emp_000698,2025-01-07,3.9
emp_000698,2024-10-09,3.58
emp_000698,2024-07-11,3.54
emp_000699,2026-04-02,3.78
emp_000699,2026-01-02,4.14
emp_000699,2025-10-04,3.46
emp_000699,2025-07-06,4.35
emp_000699,2025-04-07,3.61
emp_000699,2025-01-07,3.93
emp_000699,2024-10-09,3.63
emp_000699,2024-07-11,3.64
emp_000700,2026-04-02,3.49
emp_000700,2026-01-02,3.14
emp_000700,2025-10-04,3.36
emp_000700,2025-07-06,3.27
emp_000700,2025-04-07,3.27
emp_000700,2025-01-07,3.41
emp_000701,2026-04-02,4.17
emp_000701,2026-01-02,4.25
emp_000701,2025-10-04,3.63
emp_000701,2025-07-06,3.62
emp_000701,2025-04-07,3.96
emp_000701,2025-01-07,3.85
emp_000701,2024-10-09,3.72
emp_000701,2024-07-11,4.05
emp_000702,2026-04-02,3.56
emp_000702,2026-01-02,3.4
emp_000702,2025-10-04,3.9
emp_000702,2025-07-06,4.2
emp_000702,2025-04-07,4.08
emp_000702,2025-01-07,3.9
emp_000702,2024-10-09,3.87
emp_000702,2024-07-11,3.88
emp_000703,2026-04-02,4.13
emp_000703,2026-01-02,3.99
emp_000703,2025-10-04,4.57
emp_000703,2025-07-06,4.59
emp_000703,2025-04-07,4.36
emp_000703,2025-01-07,4.37
emp_000703,2024-10-09,4.81
emp_000703,2024-07-11,4.65
emp_000704,2026-04-02,3.82
emp_000704,2026-01-02,4.08
emp_000704,2025-10-04,3.94
emp_000704,2025-07-06,2.99
emp_000704,2025-04-07,3.79
emp_000704,2025-01-07,3.52
emp_000704,2024-10-09,4.33
emp_000704,2024-07-11,3.71
emp_000705,2026-04-02,4.14
emp_000705,2026-01-02,4.13
emp_000705,2025-10-04,4.17
emp_000705,2025-07-06,3.46
emp_000705,2025-04-07,4.16
emp_000705,2025-01-07,4.12
emp_000705,2024-10-09,4.15
emp_000705,2024-07-11,4.21
emp_000706,2026-04-02,4.12
emp_000706,2026-01-02,3.73
emp_000706,2025-10-04,3.88
emp_000706,2025-07-06,4.51
emp_000706,2025-04-07,3.34
emp_000706,2025-01-07,3.87
emp_000706,2024-10-09,3.29
emp_000706,2024-07-11,3.79
emp_000707,2026-04-02,4.09
emp_000707,2026-01-02,4.11
emp_000707,2025-10-04,5.0
emp_000707,2025-07-06,4.0
emp_000707,2025-04-07,4.83
emp_000707,2025-01-07,4.86
emp_000707,2024-10-09,4.3
emp_000707,2024-07-11,4.0
emp_000708,2026-04-02,3.29
emp_000708,2026-01-02,3.53
emp_000708,2025-10-04,3.76
emp_000708,2025-07-06,3.11
emp_000708,2025-04-07,3.53
emp_000708,2025-01-07,2.76
emp_000708,2024-10-09,3.35
emp_000708,2024-07-11,3.36
emp_000709,2026-04-02,4.0
emp_000709,2026-01-02,4.62
emp_000709,2025-10-04,4.16
emp_000709,2025-07-06,4.04
emp_000709,2025-04-07,4.28
emp_000709,2025-01-07,4.27
emp_000709,2024-10-09,4.01
emp_000709,2024-07-11,3.97
emp_000710,2026-04-02,4.09
emp_000710,2026-01-02,4.36
emp_000710,2025-10-04,3.83
emp_000710,2025-07-06,4.21
emp_000710,2025-04-07,3.73
emp_000711,2026-04-02,4.11
emp_000711,2026-01-02,3.84
emp_000711,2025-10-04,4.4
emp_000711,2025-07-06,3.95
emp_000711,2025-04-07,3.74
emp_000711,2025-01-07,3.64
emp_000712,2026-04-02,3.92
emp_000712,2026-01-02,4.57
emp_000712,2025-10-04,4.03
emp_000712,2025-07-06,4.06
emp_000712,2025-04-07,4.26
emp_000712,2025-01-07,4.03
emp_000712,2024-10-09,4.47
emp_000712,2024-07-11,3.49
emp_000713,2026-04-02,3.74
emp_000713,2026-01-02,3.91
emp_000713,2025-10-04,4.35
emp_000713,2025-07-06,3.12
emp_000714,2026-04-02,3.78
emp_000714,2026-01-02,3.68
emp_000714,2025-10-04,4.26
emp_000714,2025-07-06,4.15
emp_000714,2025-04-07,3.45
emp_000714,2025-01-07,3.68
emp_000714,2024-10-09,3.68
emp_000714,2024-07-11,3.05
emp_000715,2026-04-02,4.28
emp_000715,2026-01-02,4.48
emp_000715,2025-10-04,4.28
emp_000715,2025-07-06,4.02
emp_000715,2025-04-07,3.69
emp_000715,2025-01-07,4.03
emp_000715,2024-10-09,4.48
emp_000716,2026-04-02,3.71
emp_000716,2026-01-02,3.14
emp_000716,2025-10-04,3.4
emp_000716,2025-07-06,3.26
emp_000716,2025-04-07,3.36
emp_000716,2025-01-07,3.1
emp_000716,2024-10-09,3.57
emp_000717,2026-04-02,3.9
emp_000717,2026-01-02,3.34
emp_000717,2025-10-04,3.12
emp_000717,2025-07-06,3.77
emp_000717,2025-04-07,3.02
emp_000717,2025-01-07,3.6
emp_000717,2024-10-09,3.63
emp_000717,2024-07-11,3.58
emp_000718,2026-04-02,2.68
emp_000718,2026-01-02,2.66
emp_000718,2025-10-04,3.21
emp_000718,2025-07-06,2.68
emp_000718,2025-04-07,3.15
emp_000718,2025-01-07,2.9
emp_000718,2024-10-09,3.6
emp_000718,2024-07-11,3.48
emp_000719,2026-04-02,3.65
emp_000719,2026-01-02,4.32
emp_000719,2025-10-04,4.13
emp_000719,2025-07-06,3.8
emp_000719,2025-04-07,3.69
emp_000719,2025-01-07,4.01
emp_000719,2024-10-09,3.85
emp_000719,2024-07-11,4.44
emp_000720,2026-04-02,3.14
emp_000720,2026-01-02,3.57
emp_000720,2025-10-04,3.57
emp_000720,2025-07-06,3.74
emp_000720,2025-04-07,3.77
emp_000720,2025-01-07,3.73
emp_000720,2024-10-09,4.17
emp_000721,2026-04-02,4.32
emp_000721,2026-01-02,4.01
emp_000721,2025-10-04,3.46
emp_000721,2025-07-06,3.9
emp_000721,2025-04-07,3.51
emp_000721,2025-01-07,3.33
emp_000721,2024-10-09,3.85
emp_000721,2024-07-11,3.45
emp_000722,2026-04-02,4.84
emp_000722,2026-01-02,3.74
emp_000722,2025-10-04,4.98
emp_000722,2025-07-06,4.11
emp_000722,2025-04-07,4.51
emp_000722,2025-01-07,4.51
emp_000722,2024-10-09,4.75
emp_000722,2024-07-11,4.24
emp_000723,2026-04-02,3.48
emp_000723,2026-01-02,3.39
emp_000724,2026-04-02,3.42
emp_000724,2026-01-02,3.89
emp_000724,2025-10-04,3.36
emp_000724,2025-07-06,3.75
emp_000724,2025-04-07,3.1
emp_000724,2025-01-07,2.72
emp_000724,2024-10-09,3.35
emp_000724,2024-07-11,3.46
emp_000725,2026-04-02,4.15
emp_000725,2026-01-02,4.61
emp_000725,2025-10-04,3.82
emp_000725,2025-07-06,4.53
emp_000725,2025-04-07,3.76
emp_000725,2025-01-07,3.81
emp_000725,2024-10-09,4.23
emp_000725,2024-07-11,4.27
emp_000726,2026-04-02,3.75
emp_000726,2026-01-02,3.87
emp_000726,2025-10-04,3.95
emp_000726,2025-07-06,4.15
emp_000726,2025-04-07,4.36
emp_000726,2025-01-07,4.53
emp_000726,2024-10-09,4.26
emp_000726,2024-07-11,4.45
emp_000727,2026-04-02,3.83
emp_000727,2026-01-02,4.02
emp_000727,2025-10-04,4.24
emp_000727,2025-07-06,3.77
emp_000728,2026-04-02,2.69
emp_000728,2026-01-02,3.34
emp_000728,2025-10-04,4.21
emp_000728,2025-07-06,4.17
emp_000728,2025-04-07,3.8
emp_000729,2026-04-02,3.6
emp_000729,2026-01-02,3.62
emp_000729,2025-10-04,3.37
emp_000729,2025-07-06,3.55
emp_000729,2025-04-07,3.7
emp_000729,2025-01-07,3.82
emp_000729,2024-10-09,4.16
emp_000729,2024-07-11,4.34
emp_000730,2026-04-02,2.77
emp_000730,2026-01-02,3.02
emp_000730,2025-10-04,3.64
emp_000730,2025-07-06,3.52
emp_000730,2025-04-07,3.76
emp_000730,2025-01-07,3.1
emp_000730,2024-10-09,3.32
emp_000730,2024-07-11,3.95
emp_000731,2026-04-02,3.92
emp_000731,2026-01-02,3.51
emp_000731,2025-10-04,4.46
emp_000731,2025-07-06,3.16
emp_000731,2025-04-07,4.5
emp_000731,2025-01-07,3.59
emp_000731,2024-10-09,4.28
emp_000732,2026-04-02,4.41
emp_000732,2026-01-02,3.8
emp_000732,2025-10-04,4.56
emp_000732,2025-07-06,4.74
emp_000733,2026-04-02,4.15
emp_000733,2026-01-02,3.93
emp_000733,2025-10-04,4.42
emp_000733,2025-07-06,4.48
emp_000733,2025-04-07,4.37
emp_000734,2026-04-02,3.6
emp_000734,2026-01-02,3.85
emp_000734,2025-10-04,3.63
emp_000734,2025-07-06,4.04
emp_000734,2025-04-07,4.07
emp_000734,2025-01-07,4.32
emp_000734,2024-10-09,3.8
emp_000734,2024-07-11,4.0
emp_000735,2026-04-02,4.34
emp_000735,2026-01-02,3.98
emp_000735,2025-10-04,4.14
emp_000735,2025-07-06,3.69
emp_000735,2025-04-07,4.1
emp_000735,2025-01-07,4.23
emp_000735,2024-10-09,4.71
emp_000735,2024-07-11,4.23
emp_000737,2026-04-02,4.04
emp_000737,2026-01-02,4.28
emp_000738,2026-04-02,3.93
emp_000738,2026-01-02,4.03
emp_000738,2025-10-04,4.05
emp_000738,2025-07-06,3.71
emp_000738,2025-04-07,3.97
emp_000739,2026-04-02,4.63
emp_000739,2026-01-02,4.2
emp_000739,2025-10-04,3.76
emp_000739,2025-07-06,4.24
emp_000739,2025-04-07,3.83
emp_000739,2025-01-07,3.84
emp_000739,2024-10-09,4.18
emp_000739,2024-07-11,4.17
emp_000740,2026-04-02,4.04
emp_000740,2026-01-02,4.04
emp_000740,2025-10-04,3.35
emp_000740,2025-07-06,3.45
emp_000741,2026-04-02,4.11
emp_000741,2026-01-02,4.03
emp_000742,2026-04-02,4.07
emp_000742,2026-01-02,3.84
emp_000744,2026-04-02,4.05
emp_000744,2026-01-02,3.89
emp_000744,2025-10-04,3.46
emp_000744,2025-07-06,3.61
emp_000744,2025-04-07,4.03
emp_000745,2026-04-02,3.83
emp_000745,2026-01-02,2.87
emp_000745,2025-10-04,3.87
emp_000745,2025-07-06,3.77
emp_000745,2025-04-07,4.08
emp_000745,2025-01-07,4.31
emp_000746,2026-04-02,4.17
emp_000746,2026-01-02,3.49
emp_000747,2026-04-02,4.84
emp_000747,2026-01-02,3.74
emp_000747,2025-10-04,4.05
emp_000747,2025-07-06,4.36
emp_000747,2025-04-07,4.04
emp_000747,2025-01-07,3.6
emp_000747,2024-10-09,3.91
emp_000748,2026-04-02,3.77
emp_000748,2026-01-02,4.11
emp_000748,2025-10-04,3.24
emp_000748,2025-07-06,3.71
emp_000748,2025-04-07,3.33
emp_000748,2025-01-07,3.16
emp_000748,2024-10-09,3.38
emp_000748,2024-07-11,3.94
emp_000749,2026-04-02,4.1
emp_000749,2026-01-02,3.96
emp_000749,2025-10-04,3.67
emp_000749,2025-07-06,3.89
emp_000749,2025-04-07,3.17
emp_000749,2025-01-07,4.11
emp_000749,2024-10-09,3.67
emp_000749,2024-07-11,3.5
emp_000750,2026-04-02,4.68
emp_000750,2026-01-02,4.76
emp_000750,2025-10-04,3.45
emp_000751,2026-04-02,2.55
emp_000751,2026-01-02,2.44
emp_000751,2025-10-04,3.15
emp_000751,2025-07-06,3.57
emp_000751,2025-04-07,2.85
emp_000751,2025-01-07,3.34
emp_000751,2024-10-09,3.44
emp_000751,2024-07-11,4.02
emp_000752,2026-04-02,4.42
emp_000752,2026-01-02,4.47
emp_000752,2025-10-04,3.6
emp_000752,2025-07-06,4.05
emp_000752,2025-04-07,3.65
emp_000752,2025-01-07,4.08
emp_000752,2024-10-09,4.05
emp_000752,2024-07-11,4.06
emp_000753,2026-04-02,4.07
emp_000753,2026-01-02,3.84
emp_000753,2025-10-04,3.79
emp_000753,2025-07-06,3.76
emp_000753,2025-04-07,3.48
emp_000753,2025-01-07,4.26
emp_000753,2024-10-09,4.66
emp_000754,2026-04-02,4.17
emp_000754,2026-01-02,4.34
emp_000754,2025-10-04,4.25
emp_000754,2025-07-06,4.08
emp_000754,2025-04-07,3.94
emp_000754,2025-01-07,4.69
emp_000754,2024-10-09,4.63
emp_000754,2024-07-11,4.4
emp_000755,2026-04-02,4.48
emp_000755,2026-01-02,4.29
emp_000755,2025-10-04,3.69
emp_000755,2025-07-06,4.29
emp_000755,2025-04-07,4.29
emp_000755,2025-01-07,4.16
emp_000756,2026-04-02,3.34
emp_000756,2026-01-02,2.81
emp_000756,2025-10-04,3.19
emp_000756,2025-07-06,3.91
emp_000756,2025-04-07,3.5
emp_000756,2025-01-07,3.41
emp_000756,2024-10-09,3.73
emp_000756,2024-07-11,3.84
emp_000757,2026-04-02,4.04
emp_000757,2026-01-02,4.04
emp_000757,2025-10-04,3.56
emp_000758,2026-04-02,3.84
emp_000758,2026-01-02,3.37
emp_000758,2025-10-04,3.75
emp_000758,2025-07-06,4.1
emp_000758,2025-04-07,2.97
emp_000758,2025-01-07,3.85
emp_000758,2024-10-09,3.47
emp_000758,2024-07-11,3.37
emp_000759,2026-04-02,3.16
emp_000759,2026-01-02,4.3
emp_000760,2026-04-02,4.06
emp_000760,2026-01-02,4.24
emp_000760,2025-10-04,4.6
emp_000760,2025-07-06,4.84
emp_000760,2025-04-07,4.39
emp_000761,2026-04-02,3.31
emp_000761,2026-01-02,3.56
emp_000761,2025-10-04,4.12
emp_000761,2025-07-06,3.85
emp_000762,2026-04-02,3.94
emp_000762,2026-01-02,4.05
emp_000762,2025-10-04,4.22
emp_000762,2025-07-06,3.37
emp_000762,2025-04-07,4.33
emp_000762,2025-01-07,4.6
emp_000762,2024-10-09,3.41
emp_000762,2024-07-11,4.06
emp_000763,2026-04-02,4.27
emp_000763,2026-01-02,3.67
emp_000763,2025-10-04,3.6
emp_000763,2025-07-06,4.5
emp_000763,2025-04-07,3.53
emp_000763,2025-01-07,3.66
emp_000763,2024-10-09,3.82
emp_000763,2024-07-11,3.19
emp_000764,2026-04-02,4.0
emp_000764,2026-01-02,3.21
emp_000764,2025-10-04,3.64
emp_000764,2025-07-06,3.34
emp_000764,2025-04-07,4.16
emp_000764,2025-01-07,3.54
emp_000764,2024-10-09,3.7
emp_000764,2024-07-11,3.95
emp_000765,2026-04-02,4.35
emp_000765,2026-01-02,4.4
emp_000765,2025-10-04,4.14
emp_000765,2025-07-06,3.82
emp_000765,2025-04-07,4.14
emp_000765,2025-01-07,4.1
emp_000765,2024-10-09,4.3
emp_000765,2024-07-11,3.99
emp_000766,2026-04-02,3.7
emp_000766,2026-01-02,3.09
emp_000766,2025-10-04,4.09
emp_000766,2025-07-06,3.43
emp_000766,2025-04-07,3.85
emp_000766,2025-01-07,3.93
emp_000766,2024-10-09,3.54
emp_000766,2024-07-11,3.69
emp_000767,2026-04-02,3.96
emp_000767,2026-01-02,3.47
emp_000767,2025-10-04,3.96
emp_000767,2025-07-06,3.95
emp_000767,2025-04-07,3.76
emp_000767,2025-01-07,4.15
emp_000767,2024-10-09,3.37
emp_000767,2024-07-11,4.22
emp_000768,2026-04-02,4.45
emp_000768,2026-01-02,3.58
emp_000768,2025-10-04,3.61
emp_000768,2025-07-06,4.4
emp_000769,2026-04-02,3.5
emp_000769,2026-01-02,4.13
emp_000769,2025-10-04,2.85
emp_000769,2025-07-06,3.92
emp_000769,2025-04-07,3.81
emp_000770,2026-04-02,3.73
emp_000770,2026-01-02,3.58
emp_000770,2025-10-04,3.85
emp_000771,2026-04-02,3.86
emp_000771,2026-01-02,3.35
emp_000771,2025-10-04,4.06
emp_000771,2025-07-06,4.12
emp_000771,2025-04-07,3.42
emp_000771,2025-01-07,3.56
emp_000771,2024-10-09,3.75
emp_000771,2024-07-11,4.01
emp_000772,2026-04-02,4.03
emp_000772,2026-01-02,4.56
emp_000772,2025-10-04,4.57
emp_000772,2025-07-06,5.0
emp_000772,2025-04-07,4.8
emp_000772,2025-01-07,4.75
emp_000773,2026-04-02,4.14
emp_000773,2026-01-02,4.06
emp_000773,2025-10-04,4.1
emp_000773,2025-07-06,4.42
emp_000773,2025-04-07,4.09
emp_000773,2025-01-07,4.61
emp_000773,2024-10-09,4.33
emp_000773,2024-07-11,4.13
emp_000774,2026-04-02,4.14
emp_000774,2026-01-02,4.11
emp_000774,2025-10-04,4.54
emp_000774,2025-07-06,4.61
emp_000774,2025-04-07,3.95
emp_000774,2025-01-07,4.91
emp_000774,2024-10-09,4.77
emp_000774,2024-07-11,4.66
emp_000775,2026-04-02,4.47
emp_000775,2026-01-02,3.8
emp_000775,2025-10-04,4.09
emp_000775,2025-07-06,4.01
emp_000775,2025-04-07,3.86
emp_000775,2025-01-07,3.8
emp_000775,2024-10-09,3.7
emp_000775,2024-07-11,4.23
emp_000776,2026-04-02,4.86
emp_000776,2026-01-02,4.07
emp_000776,2025-10-04,4.45
emp_000776,2025-07-06,3.97
emp_000778,2026-04-02,3.12
emp_000778,2026-01-02,4.25
emp_000778,2025-10-04,3.04
emp_000778,2025-07-06,3.07
emp_000778,2025-04-07,3.64
emp_000778,2025-01-07,3.32
emp_000778,2024-10-09,3.58
emp_000778,2024-07-11,3.5
emp_000779,2026-04-02,4.27
emp_000779,2026-01-02,4.23
emp_000779,2025-10-04,4.08
emp_000779,2025-07-06,3.88
emp_000779,2025-04-07,3.98
emp_000779,2025-01-07,3.93
emp_000779,2024-10-09,3.62
emp_000779,2024-07-11,3.95
emp_000780,2026-04-02,3.4
emp_000780,2026-01-02,3.93
emp_000780,2025-10-04,3.51
emp_000780,2025-07-06,3.72
emp_000780,2025-04-07,4.14
emp_000780,2025-01-07,3.54
emp_000780,2024-10-09,4.51
emp_000780,2024-07-11,3.47
emp_000781,2026-04-02,4.47
emp_000781,2026-01-02,4.22
emp_000781,2025-10-04,3.91
emp_000781,2025-07-06,4.04
emp_000781,2025-04-07,4.76
emp_000781,2025-01-07,4.6
emp_000781,2024-10-09,3.9
emp_000781,2024-07-11,4.01
emp_000782,2026-04-02,4.36
emp_000783,2026-04-02,3.71
emp_000783,2026-01-02,4.09
emp_000783,2025-10-04,4.02
emp_000783,2025-07-06,4.76
emp_000783,2025-04-07,4.23
emp_000783,2025-01-07,3.57
emp_000783,2024-10-09,3.84
emp_000783,2024-07-11,4.12
emp_000784,2026-04-02,3.78
emp_000784,2026-01-02,3.81
emp_000784,2025-10-04,3.87
emp_000784,2025-07-06,3.94
emp_000784,2025-04-07,4.45
emp_000784,2025-01-07,4.02
emp_000784,2024-10-09,3.55
emp_000784,2024-07-11,3.49
emp_000785,2026-04-02,3.13
emp_000785,2026-01-02,3.38
emp_000785,2025-10-04,3.83
emp_000785,2025-07-06,3.35
emp_000785,2025-04-07,4.02
emp_000785,2025-01-07,3.56
emp_000785,2024-10-09,3.09
emp_000785,2024-07-11,3.03
emp_000786,2026-04-02,4.0
emp_000786,2026-01-02,4.85
emp_000786,2025-10-04,4.19
emp_000786,2025-07-06,4.21
emp_000786,2025-04-07,3.86
emp_000787,2026-04-02,4.05
emp_000787,2026-01-02,3.82
emp_000788,2026-04-02,3.77
emp_000788,2026-01-02,3.64
emp_000788,2025-10-04,3.78
emp_000788,2025-07-06,2.93
emp_000788,2025-04-07,4.4
emp_000788,2025-01-07,4.11
emp_000788,2024-10-09,3.64
emp_000788,2024-07-11,3.94
emp_000789,2026-04-02,5.0
emp_000789,2026-01-02,4.34
emp_000789,2025-10-04,4.05
emp_000789,2025-07-06,4.74
emp_000789,2025-04-07,4.17
emp_000789,2025-01-07,3.66
emp_000789,2024-10-09,4.67
emp_000789,2024-07-11,4.72
emp_000790,2026-04-02,4.29
emp_000790,2026-01-02,3.92
emp_000790,2025-10-04,3.14
emp_000790,2025-07-06,3.85
emp_000790,2025-04-07,3.95
emp_000790,2025-01-07,4.3
emp_000790,2024-10-09,3.96
emp_000790,2024-07-11,3.92
emp_000791,2026-04-02,3.64
emp_000791,2026-01-02,3.8
emp_000791,2025-10-04,3.03
emp_000791,2025-07-06,3.71
emp_000791,2025-04-07,3.24
emp_000791,2025-01-07,2.96
emp_000791,2024-10-09,3.48
emp_000791,2024-07-11,3.44
emp_000792,2026-04-02,3.77
emp_000792,2026-01-02,3.68
emp_000792,2025-10-04,3.95
emp_000792,2025-07-06,3.48
emp_000792,2025-04-07,3.36
emp_000792,2025-01-07,4.63
emp_000792,2024-10-09,3.6
emp_000792,2024-07-11,2.85
emp_000794,2026-04-02,3.86
emp_000794,2026-01-02,3.65
emp_000794,2025-10-04,4.38
emp_000795,2026-04-02,4.22
emp_000795,2026-01-02,4.04
emp_000795,2025-10-04,4.05
emp_000795,2025-07-06,4.26
emp_000795,2025-04-07,3.97
emp_000795,2025-01-07,3.37
emp_000796,2026-04-02,4.04
emp_000796,2026-01-02,3.56
emp_000796,2025-10-04,4.3
emp_000796,2025-07-06,3.74
emp_000796,2025-04-07,4.08
emp_000796,2025-01-07,4.16
emp_000796,2024-10-09,3.83
emp_000796,2024-07-11,3.8
emp_000797,2026-04-02,3.55
emp_000797,2026-01-02,4.09
emp_000797,2025-10-04,3.66
emp_000797,2025-07-06,3.43
emp_000797,2025-04-07,3.37
emp_000798,2026-04-02,4.35
emp_000798,2026-01-02,4.01
emp_000798,2025-10-04,3.83
emp_000798,2025-07-06,3.6
emp_000798,2025-04-07,4.07
emp_000798,2025-01-07,4.02
emp_000798,2024-10-09,3.76
emp_000798,2024-07-11,3.13
emp_000799,2026-04-02,3.63
emp_000799,2026-01-02,4.12
emp_000799,2025-10-04,4.16
emp_000799,2025-07-06,4.52
emp_000800,2026-04-02,3.81
emp_000800,2026-01-02,3.79
emp_000800,2025-10-04,3.78
emp_000800,2025-07-06,3.51
emp_000800,2025-04-07,3.97
emp_000800,2025-01-07,3.81
emp_000800,2024-10-09,3.76
emp_000800,2024-07-11,3.77
emp_000801,2026-04-02,3.76
emp_000801,2026-01-02,3.86
emp_000801,2025-10-04,4.29
emp_000801,2025-07-06,3.79
emp_000801,2025-04-07,4.15
emp_000801,2025-01-07,3.47
emp_000801,2024-10-09,3.2
emp_000801,2024-07-11,3.82
emp_000802,2026-04-02,4.14
emp_000802,2026-01-02,4.12
emp_000802,2025-10-04,4.09
emp_000802,2025-07-06,3.86
emp_000802,2025-04-07,3.33
emp_000802,2025-01-07,4.13
emp_000802,2024-10-09,4.39
emp_000802,2024-07-11,3.89
emp_000803,2026-04-02,4.18
emp_000803,2026-01-02,4.05
emp_000803,2025-10-04,3.74
emp_000803,2025-07-06,3.58
emp_000803,2025-04-07,4.14
emp_000803,2025-01-07,3.91
emp_000803,2024-10-09,3.87
emp_000803,2024-07-11,4.32
emp_000804,2026-04-02,3.35
emp_000804,2026-01-02,3.76
emp_000804,2025-10-04,4.51
emp_000804,2025-07-06,3.45
emp_000804,2025-04-07,3.61
emp_000804,2025-01-07,4.15
emp_000804,2024-10-09,4.14
emp_000804,2024-07-11,3.82
emp_000805,2026-04-02,4.44
emp_000805,2026-01-02,4.24
emp_000805,2025-10-04,4.27
emp_000805,2025-07-06,4.66
emp_000805,2025-04-07,4.17
emp_000805,2025-01-07,5.0
emp_000805,2024-10-09,4.15
emp_000806,2026-04-02,4.75
emp_000806,2026-01-02,4.42
emp_000806,2025-10-04,4.67
emp_000806,2025-07-06,4.39
emp_000806,2025-04-07,4.23
emp_000806,2025-01-07,3.73
emp_000806,2024-10-09,4.26
emp_000806,2024-07-11,4.06
emp_000807,2026-04-02,4.25
emp_000807,2026-01-02,4.18
emp_000807,2025-10-04,4.46
emp_000807,2025-07-06,4.15
emp_000807,2025-04-07,4.01
emp_000807,2025-01-07,3.67
emp_000807,2024-10-09,4.67
emp_000807,2024-07-11,4.01
emp_000808,2026-04-02,3.3
emp_000808,2026-01-02,4.39
emp_000808,2025-10-04,3.93
emp_000808,2025-07-06,3.43
emp_000808,2025-04-07,3.56
emp_000808,2025-01-07,3.71
emp_000808,2024-10-09,4.4
emp_000808,2024-07-11,3.79
emp_000809,2026-04-02,3.62
emp_000809,2026-01-02,4.39
emp_000809,2025-10-04,4.15
emp_000809,2025-07-06,4.0
emp_000809,2025-04-07,3.63
emp_000809,2025-01-07,4.04
emp_000809,2024-10-09,3.7
emp_000809,2024-07-11,4.71
emp_000810,2026-04-02,3.47
emp_000810,2026-01-02,3.41
emp_000810,2025-10-04,3.59
emp_000810,2025-07-06,3.29
emp_000810,2025-04-07,3.82
emp_000810,2025-01-07,3.4
emp_000810,2024-10-09,3.34
emp_000810,2024-07-11,4.52
emp_000811,2026-04-02,3.78
emp_000811,2026-01-02,3.67
emp_000811,2025-10-04,3.15
emp_000811,2025-07-06,4.09
emp_000811,2025-04-07,4.13
emp_000811,2025-01-07,3.48
emp_000811,2024-10-09,3.98
emp_000811,2024-07-11,4.17
emp_000812,2026-04-02,3.73
emp_000812,2026-01-02,3.48
emp_000812,2025-10-04,4.17
emp_000812,2025-07-06,3.86
emp_000812,2025-04-07,3.49
emp_000812,2025-01-07,3.4
emp_000813,2026-04-02,4.12
emp_000813,2026-01-02,4.34
emp_000813,2025-10-04,3.5
emp_000813,2025-07-06,4.25
emp_000813,2025-04-07,4.0
emp_000813,2025-01-07,3.62
emp_000813,2024-10-09,4.14
emp_000813,2024-07-11,3.91
emp_000814,2026-04-02,3.61
emp_000814,2026-01-02,4.4
emp_000814,2025-10-04,4.23
emp_000814,2025-07-06,4.05
emp_000814,2025-04-07,3.69
emp_000814,2025-01-07,4.51
emp_000815,2026-04-02,3.11
emp_000815,2026-01-02,4.13
emp_000815,2025-10-04,3.45
emp_000815,2025-07-06,3.28
emp_000815,2025-04-07,3.3
emp_000815,2025-01-07,3.57
emp_000815,2024-10-09,2.94
emp_000815,2024-07-11,3.33
emp_000816,2026-04-02,4.08
emp_000816,2026-01-02,3.92
emp_000816,2025-10-04,3.56
emp_000816,2025-07-06,3.28
emp_000816,2025-04-07,4.0
emp_000816,2025-01-07,4.03
emp_000816,2024-10-09,3.57
emp_000816,2024-07-11,4.28
emp_000817,2026-04-02,3.6
emp_000817,2026-01-02,4.16
emp_000817,2025-10-04,3.79
emp_000817,2025-07-06,3.9
emp_000818,2026-04-02,3.15
emp_000818,2026-01-02,3.87
emp_000818,2025-10-04,3.46
emp_000818,2025-07-06,3.53
emp_000818,2025-04-07,3.73
emp_000818,2025-01-07,3.19
emp_000818,2024-10-09,3.59
emp_000818,2024-07-11,3.11
emp_000819,2026-04-02,3.71
emp_000819,2026-01-02,3.7
emp_000819,2025-10-04,3.87
emp_000819,2025-07-06,3.97
emp_000819,2025-04-07,4.05
emp_000819,2025-01-07,4.37
emp_000819,2024-10-09,4.02
emp_000819,2024-07-11,4.2
emp_000820,2026-04-02,3.59
emp_000820,2026-01-02,3.98
emp_000820,2025-10-04,4.15
emp_000820,2025-07-06,4.35
emp_000820,2025-04-07,3.75
emp_000820,2025-01-07,3.71
emp_000821,2026-04-02,4.53
emp_000821,2026-01-02,3.59
emp_000821,2025-10-04,4.48
emp_000821,2025-07-06,3.72
emp_000821,2025-04-07,4.0
emp_000821,2025-01-07,3.86
emp_000821,2024-10-09,4.37
emp_000822,2026-04-02,3.58
emp_000822,2026-01-02,4.1
emp_000822,2025-10-04,3.3
emp_000822,2025-07-06,4.05
emp_000822,2025-04-07,3.76
emp_000822,2025-01-07,3.35
emp_000822,2024-10-09,3.2
emp_000822,2024-07-11,3.73
emp_000823,2026-04-02,3.8
emp_000823,2026-01-02,4.21
emp_000823,2025-10-04,3.9
emp_000823,2025-07-06,4.11
emp_000823,2025-04-07,4.39
emp_000823,2025-01-07,4.26
emp_000823,2024-10-09,4.15
emp_000823,2024-07-11,4.11
emp_000824,2026-04-02,4.35
emp_000824,2026-01-02,3.83
emp_000824,2025-10-04,4.32
emp_000824,2025-07-06,4.36
emp_000824,2025-04-07,4.16
emp_000824,2025-01-07,4.23
emp_000824,2024-10-09,4.08
emp_000824,2024-07-11,4.06
emp_000825,2026-04-02,4.09
emp_000825,2026-01-02,3.3
emp_000825,2025-10-04,3.88
emp_000825,2025-07-06,3.19
emp_000825,2025-04-07,3.74
emp_000825,2025-01-07,3.59
emp_000826,2026-04-02,3.15
emp_000826,2026-01-02,3.35
emp_000826,2025-10-04,3.49
emp_000826,2025-07-06,3.31
emp_000826,2025-04-07,3.01
emp_000826,2025-01-07,3.15
emp_000826,2024-10-09,3.92
emp_000826,2024-07-11,3.67
emp_000827,2026-04-02,2.99
emp_000827,2026-01-02,3.33
emp_000827,2025-10-04,3.21
emp_000827,2025-07-06,3.47
emp_000827,2025-04-07,3.6
emp_000827,2025-01-07,3.13
emp_000827,2024-10-09,3.44
emp_000827,2024-07-11,3.22
emp_000828,2026-04-02,3.93
emp_000828,2026-01-02,4.17
emp_000828,2025-10-04,4.22
emp_000828,2025-07-06,4.0
emp_000828,2025-04-07,4.26
emp_000828,2025-01-07,4.3
emp_000828,2024-10-09,4.06
emp_000828,2024-07-11,3.59
emp_000829,2026-04-02,4.15
emp_000829,2026-01-02,4.33
emp_000829,2025-10-04,4.1
emp_000829,2025-07-06,4.11
emp_000829,2025-04-07,4.18
emp_000829,2025-01-07,4.16
emp_000829,2024-10-09,3.93
emp_000829,2024-07-11,3.42
emp_000830,2026-04-02,4.06
emp_000830,2026-01-02,4.33
emp_000830,2025-10-04,4.04
emp_000830,2025-07-06,3.74
emp_000830,2025-04-07,3.32
emp_000830,2025-01-07,3.05
emp_000830,2024-10-09,3.84
emp_000830,2024-07-11,3.65
emp_000831,2026-04-02,3.11
emp_000831,2026-01-02,4.17
emp_000831,2025-10-04,2.85
emp_000831,2025-07-06,3.96
emp_000831,2025-04-07,3.8
emp_000831,2025-01-07,3.7
emp_000831,2024-10-09,3.66
emp_000831,2024-07-11,3.53
emp_000832,2026-04-02,4.35
emp_000832,2026-01-02,4.02
emp_000832,2025-10-04,4.6
emp_000832,2025-07-06,4.2
emp_000832,2025-04-07,4.25
emp_000832,2025-01-07,4.58
emp_000833,2026-04-02,4.01
emp_000833,2026-01-02,4.77
emp_000833,2025-10-04,4.15
emp_000833,2025-07-06,4.28
emp_000833,2025-04-07,3.64
emp_000833,2025-01-07,4.22
emp_000833,2024-10-09,3.82
emp_000833,2024-07-11,4.24
emp_000834,2026-04-02,4.03
emp_000834,2026-01-02,3.74
emp_000834,2025-10-04,4.04
emp_000834,2025-07-06,3.82
emp_000834,2025-04-07,3.45
emp_000834,2025-01-07,4.14
emp_000834,2024-10-09,4.4
emp_000834,2024-07-11,3.51
emp_000835,2026-04-02,2.95
emp_000835,2026-01-02,3.74
emp_000835,2025-10-04,3.52
emp_000835,2025-07-06,3.72
emp_000835,2025-04-07,3.21
emp_000836,2026-04-02,4.12
emp_000836,2026-01-02,3.49
emp_000836,2025-10-04,3.92
emp_000836,2025-07-06,3.77
emp_000836,2025-04-07,3.17
emp_000836,2025-01-07,3.6
emp_000836,2024-10-09,4.17
emp_000836,2024-07-11,3.22
emp_000837,2026-04-02,3.95
emp_000837,2026-01-02,4.68
emp_000837,2025-10-04,3.9
emp_000837,2025-07-06,3.88
emp_000837,2025-04-07,3.3
emp_000838,2026-04-02,3.53
emp_000838,2026-01-02,4.18
emp_000838,2025-10-04,4.21
emp_000838,2025-07-06,3.37
emp_000839,2026-04-02,3.46
emp_000839,2026-01-02,3.25
emp_000840,2026-04-02,3.89
emp_000840,2026-01-02,3.65
emp_000840,2025-10-04,3.41
emp_000840,2025-07-06,2.06
emp_000840,2025-04-07,3.49
emp_000840,2025-01-07,2.95
emp_000840,2024-10-09,3.53
emp_000840,2024-07-11,3.31
emp_000841,2026-04-02,4.03
emp_000841,2026-01-02,4.34
emp_000841,2025-10-04,3.65
emp_000841,2025-07-06,4.11
emp_000841,2025-04-07,3.85
emp_000841,2025-01-07,3.71
emp_000842,2026-04-02,4.2
emp_000842,2026-01-02,3.79
emp_000842,2025-10-04,3.66
emp_000842,2025-07-06,4.06
emp_000843,2026-04-02,3.3
emp_000843,2026-01-02,2.81
emp_000843,2025-10-04,3.93
emp_000843,2025-07-06,2.97
emp_000843,2025-04-07,3.97
emp_000843,2025-01-07,4.16
emp_000844,2026-04-02,3.8
emp_000844,2026-01-02,3.92
emp_000844,2025-10-04,4.04
emp_000844,2025-07-06,4.29
emp_000844,2025-04-07,4.96
emp_000844,2025-01-07,4.14
emp_000844,2024-10-09,3.61
emp_000844,2024-07-11,4.12
emp_000845,2026-04-02,3.35
emp_000845,2026-01-02,3.04
emp_000845,2025-10-04,3.34
emp_000845,2025-07-06,3.23
emp_000846,2026-04-02,4.29
emp_000846,2026-01-02,4.02
emp_000846,2025-10-04,3.8
emp_000846,2025-07-06,4.12
emp_000846,2025-04-07,3.73
emp_000846,2025-01-07,3.9
emp_000846,2024-10-09,3.97
emp_000846,2024-07-11,4.04
emp_000847,2026-04-02,2.41
emp_000847,2026-01-02,4.15
emp_000847,2025-10-04,3.04
emp_000847,2025-07-06,4.04
emp_000847,2025-04-07,4.04
emp_000847,2025-01-07,3.26
emp_000847,2024-10-09,3.43
emp_000847,2024-07-11,3.52
emp_000848,2026-04-02,3.02
emp_000848,2026-01-02,3.59
emp_000848,2025-10-04,4.12
emp_000848,2025-07-06,3.68
emp_000848,2025-04-07,3.84
emp_000848,2025-01-07,3.81
emp_000848,2024-10-09,3.55
emp_000848,2024-07-11,3.15
emp_000849,2026-04-02,4.23
emp_000849,2026-01-02,4.3
emp_000849,2025-10-04,4.32
emp_000849,2025-07-06,3.79
emp_000849,2025-04-07,4.48
emp_000849,2025-01-07,3.72
emp_000849,2024-10-09,4.09
emp_000849,2024-07-11,4.57
emp_000850,2026-04-02,3.62
emp_000850,2026-01-02,4.27
emp_000850,2025-10-04,3.73
emp_000850,2025-07-06,4.03
emp_000850,2025-04-07,3.86
emp_000850,2025-01-07,3.81
emp_000850,2024-10-09,3.67
emp_000850,2024-07-11,3.96
emp_000851,2026-04-02,3.96
emp_000851,2026-01-02,4.14
emp_000851,2025-10-04,2.99
emp_000852,2026-04-02,3.83
emp_000852,2026-01-02,3.78
emp_000852,2025-10-04,3.73
emp_000852,2025-07-06,3.39
emp_000852,2025-04-07,3.5
emp_000852,2025-01-07,3.66
emp_000852,2024-10-09,4.12
emp_000852,2024-07-11,3.84
emp_000853,2026-04-02,3.34
emp_000853,2026-01-02,2.75
emp_000853,2025-10-04,3.36
emp_000853,2025-07-06,3.18
emp_000853,2025-04-07,3.13
emp_000853,2025-01-07,3.05
emp_000853,2024-10-09,3.23
emp_000854,2026-04-02,3.25
emp_000854,2026-01-02,3.78
emp_000854,2025-10-04,3.78
emp_000854,2025-07-06,3.66
emp_000854,2025-04-07,3.83
emp_000854,2025-01-07,3.78
emp_000854,2024-10-09,2.91
emp_000854,2024-07-11,4.04
emp_000855,2026-04-02,3.83
emp_000855,2026-01-02,3.46
emp_000855,2025-10-04,3.27
emp_000855,2025-07-06,3.27
emp_000855,2025-04-07,3.96
emp_000855,2025-01-07,3.67
emp_000855,2024-10-09,3.44
emp_000855,2024-07-11,4.11
emp_000856,2026-04-02,4.13
emp_000856,2026-01-02,3.92
emp_000856,2025-10-04,3.32
emp_000856,2025-07-06,4.48
emp_000856,2025-04-07,3.44
emp_000856,2025-01-07,3.96
emp_000856,2024-10-09,3.62
emp_000856,2024-07-11,3.73
emp_000857,2026-04-02,3.91
emp_000857,2026-01-02,4.1
emp_000857,2025-10-04,3.44
emp_000857,2025-07-06,4.09
emp_000857,2025-04-07,4.63
emp_000857,2025-01-07,4.54
emp_000857,2024-10-09,4.48
emp_000857,2024-07-11,3.61
emp_000858,2026-04-02,3.31
emp_000858,2026-01-02,4.33
emp_000858,2025-10-04,3.77
emp_000858,2025-07-06,4.12
emp_000858,2025-04-07,3.99
emp_000858,2025-01-07,3.56
emp_000858,2024-10-09,4.04
emp_000858,2024-07-11,3.59
emp_000859,2026-04-02,4.06
emp_000859,2026-01-02,3.71
emp_000859,2025-10-04,4.25
emp_000859,2025-07-06,3.58
emp_000859,2025-04-07,4.46
emp_000859,2025-01-07,3.45
emp_000859,2024-10-09,3.87
emp_000859,2024-07-11,3.39
emp_000860,2026-04-02,3.82
emp_000860,2026-01-02,4.17
emp_000860,2025-10-04,3.68
emp_000860,2025-07-06,4.55
emp_000860,2025-04-07,3.81
emp_000860,2025-01-07,3.6
emp_000860,2024-10-09,4.02
emp_000860,2024-07-11,3.37
emp_000861,2026-04-02,2.95
emp_000861,2026-01-02,3.09
emp_000861,2025-10-04,2.68
emp_000861,2025-07-06,2.77
emp_000861,2025-04-07,3.16
emp_000861,2025-01-07,2.86
emp_000861,2024-10-09,3.03
emp_000861,2024-07-11,2.89
emp_000862,2026-04-02,3.9
emp_000862,2026-01-02,3.84
emp_000862,2025-10-04,4.27
emp_000862,2025-07-06,3.39
emp_000862,2025-04-07,3.91
emp_000863,2026-04-02,4.26
emp_000863,2026-01-02,3.67
emp_000863,2025-10-04,3.95
emp_000863,2025-07-06,3.51
emp_000863,2025-04-07,3.26
emp_000863,2025-01-07,3.85
emp_000863,2024-10-09,4.22
emp_000863,2024-07-11,3.65
emp_000864,2026-04-02,4.72
emp_000864,2026-01-02,4.45
emp_000864,2025-10-04,4.22
emp_000864,2025-07-06,3.78
emp_000864,2025-04-07,3.95
emp_000864,2025-01-07,3.44
emp_000864,2024-10-09,3.89
emp_000864,2024-07-11,4.0
emp_000865,2026-04-02,3.98
emp_000865,2026-01-02,3.64
emp_000865,2025-10-04,3.94
emp_000865,2025-07-06,3.72
emp_000865,2025-04-07,4.71
emp_000865,2025-01-07,4.05
emp_000865,2024-10-09,3.33
emp_000865,2024-07-11,3.87
emp_000866,2026-04-02,3.85
emp_000866,2026-01-02,3.63
emp_000866,2025-10-04,3.71
emp_000866,2025-07-06,4.1
emp_000866,2025-04-07,3.71
emp_000866,2025-01-07,3.52
emp_000866,2024-10-09,3.51
emp_000866,2024-07-11,3.83
emp_000867,2026-04-02,3.92
emp_000867,2026-01-02,4.13
emp_000867,2025-10-04,3.82
emp_000867,2025-07-06,4.11
emp_000867,2025-04-07,3.86
emp_000867,2025-01-07,3.59
emp_000867,2024-10-09,3.64
emp_000867,2024-07-11,4.21
emp_000868,2026-04-02,3.89
emp_000868,2026-01-02,4.15
emp_000868,2025-10-04,3.99
emp_000868,2025-07-06,3.55
emp_000868,2025-04-07,4.12
emp_000868,2025-01-07,4.13
emp_000868,2024-10-09,3.31
emp_000868,2024-07-11,3.7
emp_000869,2026-04-02,3.87
emp_000869,2026-01-02,3.7
emp_000869,2025-10-04,4.26
emp_000869,2025-07-06,3.99
emp_000869,2025-04-07,3.89
emp_000869,2025-01-07,3.17
emp_000869,2024-10-09,3.88
emp_000869,2024-07-11,3.35
emp_000870,2026-04-02,3.54
emp_000870,2026-01-02,3.52
emp_000870,2025-10-04,3.35
emp_000870,2025-07-06,3.85
emp_000870,2025-04-07,3.42
emp_000870,2025-01-07,3.26
emp_000870,2024-10-09,3.26
emp_000870,2024-07-11,4.23
emp_000871,2026-04-02,3.71
emp_000871,2026-01-02,4.51
emp_000871,2025-10-04,4.8
emp_000871,2025-07-06,4.0
emp_000871,2025-04-07,3.66
emp_000871,2025-01-07,4.32
emp_000871,2024-10-09,3.74
emp_000871,2024-07-11,4.65
emp_000872,2026-04-02,4.18
emp_000872,2026-01-02,3.76
emp_000872,2025-10-04,3.84
emp_000872,2025-07-06,3.84
emp_000872,2025-04-07,4.01
emp_000872,2025-01-07,3.86
emp_000872,2024-10-09,4.4
emp_000872,2024-07-11,4.2
emp_000873,2026-04-02,4.41
emp_000873,2026-01-02,4.2
emp_000873,2025-10-04,3.48
emp_000873,2025-07-06,3.84
emp_000873,2025-04-07,3.91
emp_000873,2025-01-07,4.24
emp_000873,2024-10-09,3.89
emp_000873,2024-07-11,3.68
emp_000874,2026-04-02,4.33
emp_000874,2026-01-02,3.81
emp_000874,2025-10-04,3.72
emp_000874,2025-07-06,4.67
emp_000874,2025-04-07,4.32
emp_000874,2025-01-07,4.55
emp_000874,2024-10-09,4.9
emp_000874,2024-07-11,4.6
emp_000875,2026-04-02,3.79
emp_000875,2026-01-02,3.79
emp_000875,2025-10-04,4.11
emp_000875,2025-07-06,3.94
emp_000875,2025-04-07,3.89
emp_000876,2026-04-02,3.7
emp_000876,2026-01-02,3.69
emp_000876,2025-10-04,4.01
emp_000876,2025-07-06,3.77
emp_000876,2025-04-07,4.01
emp_000877,2026-04-02,3.69
emp_000877,2026-01-02,3.98
emp_000877,2025-10-04,4.11
emp_000877,2025-07-06,4.23
emp_000877,2025-04-07,4.27
emp_000877,2025-01-07,4.04
emp_000877,2024-10-09,4.09
emp_000877,2024-07-11,4.05
emp_000878,2026-04-02,3.96
emp_000878,2026-01-02,3.03
emp_000878,2025-10-04,3.36
emp_000878,2025-07-06,3.68
emp_000878,2025-04-07,3.51
emp_000878,2025-01-07,3.02
emp_000878,2024-10-09,4.23
emp_000878,2024-07-11,3.41
emp_000879,2026-04-02,3.52
emp_000879,2026-01-02,3.45
emp_000879,2025-10-04,3.75
emp_000880,2026-04-02,3.53
emp_000880,2026-01-02,3.5
emp_000880,2025-10-04,3.3
emp_000880,2025-07-06,3.91
emp_000880,2025-04-07,4.34
emp_000880,2025-01-07,3.39
emp_000880,2024-10-09,3.47
emp_000880,2024-07-11,3.21
emp_000881,2026-04-02,4.41
emp_000881,2026-01-02,4.33
emp_000881,2025-10-04,3.03
emp_000881,2025-07-06,3.9
emp_000881,2025-04-07,3.65
emp_000881,2025-01-07,3.65
emp_000881,2024-10-09,4.45
emp_000881,2024-07-11,4.18
emp_000882,2026-04-02,3.54
emp_000882,2026-01-02,3.96
emp_000882,2025-10-04,2.99
emp_000882,2025-07-06,4.02
emp_000882,2025-04-07,3.65
emp_000882,2025-01-07,3.72
emp_000882,2024-10-09,3.48
emp_000882,2024-07-11,3.71
emp_000883,2026-04-02,4.38
emp_000883,2026-01-02,4.39
emp_000883,2025-10-04,4.92
emp_000883,2025-07-06,4.58
emp_000883,2025-04-07,3.61
emp_000883,2025-01-07,4.62
emp_000883,2024-10-09,4.28
emp_000883,2024-07-11,3.85
emp_000884,2026-04-02,3.4
emp_000884,2026-01-02,4.09
emp_000884,2025-10-04,4.2
emp_000885,2026-04-02,3.79
emp_000885,2026-01-02,4.03
emp_000885,2025-10-04,3.67
emp_000885,2025-07-06,3.83
emp_000885,2025-04-07,4.08
emp_000885,2025-01-07,4.42
emp_000885,2024-10-09,4.17
emp_000885,2024-07-11,3.99
emp_000886,2026-04-02,3.83
emp_000886,2026-01-02,3.77
emp_000886,2025-10-04,4.28
emp_000886,2025-07-06,3.59
emp_000886,2025-04-07,3.88
emp_000886,2025-01-07,3.89
emp_000886,2024-10-09,3.97
emp_000887,2026-04-02,3.77
emp_000887,2026-01-02,3.21
emp_000887,2025-10-04,3.32
emp_000887,2025-07-06,3.33
emp_000887,2025-04-07,3.16
emp_000887,2025-01-07,3.51
emp_000887,2024-10-09,3.82
emp_000887,2024-07-11,3.01
emp_000888,2026-04-02,4.13
emp_000888,2026-01-02,3.62
emp_000888,2025-10-04,4.28
emp_000888,2025-07-06,4.35
emp_000888,2025-04-07,3.7
emp_000888,2025-01-07,4.54
emp_000888,2024-10-09,3.96
emp_000888,2024-07-11,3.71
emp_000889,2026-04-02,4.18
emp_000889,2026-01-02,4.25
emp_000889,2025-10-04,4.02
emp_000889,2025-07-06,3.48
emp_000889,2025-04-07,3.3
emp_000890,2026-04-02,4.21
emp_000890,2026-01-02,4.3
emp_000890,2025-10-04,4.28
emp_000890,2025-07-06,4.26
emp_000890,2025-04-07,4.25
emp_000890,2025-01-07,4.11
emp_000891,2026-04-02,3.73
emp_000891,2026-01-02,3.92
emp_000891,2025-10-04,3.91
emp_000891,2025-07-06,4.34
emp_000891,2025-04-07,3.6
emp_000891,2025-01-07,4.0
emp_000891,2024-10-09,4.22
emp_000891,2024-07-11,3.84
emp_000892,2026-04-02,3.32
emp_000892,2026-01-02,4.27
emp_000892,2025-10-04,4.18
emp_000892,2025-07-06,4.19
emp_000892,2025-04-07,4.34
emp_000892,2025-01-07,4.16
emp_000892,2024-10-09,3.73
emp_000892,2024-07-11,4.01
emp_000893,2026-04-02,4.03
emp_000893,2026-01-02,4.46
emp_000893,2025-10-04,4.48
emp_000893,2025-07-06,4.4
emp_000893,2025-04-07,4.11
emp_000893,2025-01-07,3.97
emp_000893,2024-10-09,4.46
emp_000893,2024-07-11,3.83
emp_000894,2026-04-02,3.42
emp_000894,2026-01-02,3.63
emp_000894,2025-10-04,3.93
emp_000894,2025-07-06,3.73
emp_000894,2025-04-07,3.72
emp_000894,2025-01-07,3.49
emp_000894,2024-10-09,4.17
emp_000894,2024-07-11,3.63
emp_000895,2026-04-02,4.1
emp_000895,2026-01-02,3.9
emp_000895,2025-10-04,3.98
emp_000895,2025-07-06,4.04
emp_000895,2025-04-07,4.53
emp_000895,2025-01-07,3.35
emp_000895,2024-10-09,3.57
emp_000895,2024-07-11,4.35
emp_000896,2026-04-02,3.46
emp_000896,2026-01-02,2.54
emp_000896,2025-10-04,3.7
emp_000896,2025-07-06,3.64
emp_000896,2025-04-07,2.54
emp_000896,2025-01-07,2.76
emp_000897,2026-04-02,3.6
emp_000897,2026-01-02,3.67
emp_000897,2025-10-04,3.88
emp_000897,2025-07-06,3.66
emp_000897,2025-04-07,3.46
emp_000897,2025-01-07,3.48
emp_000897,2024-10-09,3.71
emp_000897,2024-07-11,4.07
emp_000898,2026-04-02,4.04
emp_000898,2026-01-02,4.39
emp_000898,2025-10-04,4.26
emp_000899,2026-04-02,3.56
emp_000900,2026-04-02,4.27
emp_000900,2026-01-02,4.16
emp_000900,2025-10-04,4.51
emp_000900,2025-07-06,4.22
emp_000900,2025-04-07,4.25
emp_000900,2025-01-07,4.33
emp_000900,2024-10-09,4.87
emp_000900,2024-07-11,4.78
emp_000901,2026-04-02,4.03
emp_000901,2026-01-02,3.67
emp_000901,2025-10-04,3.36
emp_000901,2025-07-06,4.03
emp_000901,2025-04-07,3.42
emp_000901,2025-01-07,3.85
emp_000902,2026-04-02,3.73
emp_000902,2026-01-02,3.73
emp_000902,2025-10-04,3.79
emp_000902,2025-07-06,3.66
emp_000902,2025-04-07,3.44
emp_000902,2025-01-07,4.55
emp_000902,2024-10-09,3.84
emp_000902,2024-07-11,3.52
emp_000903,2026-04-02,4.28
emp_000903,2026-01-02,3.73
emp_000903,2025-10-04,3.83
emp_000903,2025-07-06,4.62
emp_000903,2025-04-07,4.07
emp_000903,2025-01-07,3.86
emp_000903,2024-10-09,4.81
emp_000903,2024-07-11,4.25
emp_000904,2026-04-02,4.78
emp_000904,2026-01-02,3.75
emp_000904,2025-10-04,4.37
emp_000905,2026-04-02,4.57
emp_000905,2026-01-02,4.36
emp_000905,2025-10-04,4.32
emp_000905,2025-07-06,4.7
emp_000905,2025-04-07,4.36
emp_000905,2025-01-07,3.63
emp_000905,2024-10-09,4.45
emp_000905,2024-07-11,4.46
emp_000906,2026-04-02,3.51
emp_000906,2026-01-02,3.77
emp_000906,2025-10-04,3.55
emp_000906,2025-07-06,4.4
emp_000906,2025-04-07,4.33
emp_000906,2025-01-07,3.53
emp_000906,2024-10-09,4.43
emp_000906,2024-07-11,3.42
emp_000907,2026-04-02,4.33
emp_000907,2026-01-02,2.94
emp_000907,2025-10-04,4.22
emp_000908,2026-04-02,3.72
emp_000908,2026-01-02,3.66
emp_000908,2025-10-04,4.05
emp_000908,2025-07-06,3.33
emp_000908,2025-04-07,3.22
emp_000908,2025-01-07,3.81
emp_000908,2024-10-09,3.98
emp_000908,2024-07-11,3.98
emp_000909,2026-04-02,3.52
emp_000909,2026-01-02,3.39
emp_000909,2025-10-04,3.41
emp_000909,2025-07-06,3.25
emp_000910,2026-04-02,3.27
emp_000910,2026-01-02,3.84
emp_000910,2025-10-04,3.29
emp_000910,2025-07-06,3.54
emp_000910,2025-04-07,3.39
emp_000910,2025-01-07,3.92
emp_000910,2024-10-09,3.63
emp_000910,2024-07-11,3.11
emp_000911,2026-04-02,3.26
emp_000912,2026-04-02,2.89
emp_000912,2026-01-02,3.71
emp_000912,2025-10-04,3.56
emp_000912,2025-07-06,2.93
emp_000912,2025-04-07,3.68
emp_000912,2025-01-07,3.44
emp_000912,2024-10-09,3.8
emp_000912,2024-07-11,3.72
emp_000913,2026-04-02,4.2
emp_000913,2026-01-02,3.25
emp_000913,2025-10-04,3.17
emp_000913,2025-07-06,3.32
emp_000913,2025-04-07,3.88
emp_000913,2025-01-07,3.72
emp_000913,2024-10-09,4.1
emp_000913,2024-07-11,3.96
emp_000914,2026-04-02,3.76
emp_000914,2026-01-02,4.0
emp_000914,2025-10-04,3.9
emp_000914,2025-07-06,4.3
emp_000914,2025-04-07,4.04
emp_000915,2026-04-02,3.23
emp_000916,2026-04-02,3.66
emp_000916,2026-01-02,3.26
emp_000916,2025-10-04,3.43
emp_000916,2025-07-06,2.99
emp_000916,2025-04-07,3.21
emp_000916,2025-01-07,3.19
emp_000916,2024-10-09,2.64
emp_000916,2024-07-11,2.6
emp_000917,2026-04-02,4.16
emp_000917,2026-01-02,3.06
emp_000917,2025-10-04,4.24
emp_000917,2025-07-06,4.32
emp_000917,2025-04-07,4.19
emp_000918,2026-04-02,3.2
emp_000918,2026-01-02,3.04
emp_000918,2025-10-04,3.72
emp_000918,2025-07-06,4.27
emp_000918,2025-04-07,3.76
emp_000918,2025-01-07,3.27
emp_000918,2024-10-09,4.41
emp_000918,2024-07-11,4.18
emp_000919,2026-04-02,3.77
emp_000919,2026-01-02,4.11
emp_000919,2025-10-04,4.02
emp_000919,2025-07-06,4.83
emp_000919,2025-04-07,3.74
emp_000919,2025-01-07,4.04
emp_000919,2024-10-09,4.42
emp_000919,2024-07-11,4.28
emp_000920,2026-04-02,3.84
emp_000920,2026-01-02,4.28
emp_000920,2025-10-04,3.67
emp_000920,2025-07-06,3.15
emp_000920,2025-04-07,3.47
emp_000920,2025-01-07,3.97
emp_000920,2024-10-09,2.78
emp_000921,2026-04-02,4.0
emp_000921,2026-01-02,3.68
emp_000921,2025-10-04,2.91
emp_000922,2026-04-02,3.52
emp_000922,2026-01-02,2.98
emp_000922,2025-10-04,2.69
emp_000922,2025-07-06,3.07
emp_000922,2025-04-07,3.05
emp_000922,2025-01-07,3.12
emp_000922,2024-10-09,3.55
emp_000922,2024-07-11,3.16
emp_000923,2026-04-02,2.84
emp_000923,2026-01-02,2.96
emp_000923,2025-10-04,3.02
emp_000923,2025-07-06,3.91
emp_000923,2025-04-07,4.02
emp_000923,2025-01-07,3.01
emp_000923,2024-10-09,3.19
emp_000923,2024-07-11,3.43
emp_000924,2026-04-02,3.98
emp_000924,2026-01-02,4.37
emp_000924,2025-10-04,4.3
emp_000924,2025-07-06,4.13
emp_000924,2025-04-07,4.12
emp_000924,2025-01-07,4.34
emp_000924,2024-10-09,3.76
emp_000924,2024-07-11,4.41
emp_000925,2026-04-02,3.78
emp_000925,2026-01-02,4.21
emp_000925,2025-10-04,3.57
emp_000925,2025-07-06,3.81
emp_000925,2025-04-07,4.09
emp_000925,2025-01-07,4.64
emp_000925,2024-10-09,4.23
emp_000925,2024-07-11,3.55
emp_000926,2026-04-02,3.99
emp_000926,2026-01-02,4.01
emp_000926,2025-10-04,4.07
emp_000926,2025-07-06,3.96
emp_000926,2025-04-07,4.32
emp_000926,2025-01-07,4.37
emp_000926,2024-10-09,3.24
emp_000926,2024-07-11,3.8
emp_000927,2026-04-02,3.52
emp_000927,2026-01-02,3.61
emp_000927,2025-10-04,3.44
emp_000927,2025-07-06,3.65
emp_000927,2025-04-07,3.89
emp_000927,2025-01-07,4.2
emp_000927,2024-10-09,3.31
emp_000927,2024-07-11,4.13
emp_000928,2026-04-02,4.41
emp_000928,2026-01-02,4.43
emp_000928,2025-10-04,3.52
emp_000929,2026-04-02,3.7
emp_000929,2026-01-02,3.64
emp_000929,2025-10-04,3.39
emp_000929,2025-07-06,4.26
emp_000929,2025-04-07,3.67
emp_000929,2025-01-07,4.11
emp_000929,2024-10-09,4.2
emp_000929,2024-07-11,4.0
emp_000930,2026-04-02,3.58
emp_000930,2026-01-02,3.97
emp_000930,2025-10-04,3.77
emp_000930,2025-07-06,3.98
emp_000930,2025-04-07,4.22
emp_000930,2025-01-07,3.65
emp_000930,2024-10-09,3.77
emp_000930,2024-07-11,4.11
emp_000931,2026-04-02,4.46
emp_000931,2026-01-02,3.78
emp_000931,2025-10-04,3.7
emp_000931,2025-07-06,3.72
emp_000931,2025-04-07,4.06
emp_000931,2025-01-07,4.31
emp_000931,2024-10-09,3.63
emp_000931,2024-07-11,4.27
emp_000932,2026-04-02,3.51
emp_000932,2026-01-02,3.54
emp_000932,2025-10-04,3.81
emp_000932,2025-07-06,3.57
emp_000932,2025-04-07,3.22
emp_000932,2025-01-07,3.45
emp_000932,2024-10-09,3.2
emp_000932,2024-07-11,3.92
emp_000933,2026-04-02,4.93
emp_000933,2026-01-02,4.06
emp_000933,2025-10-04,4.22
emp_000933,2025-07-06,5.0
emp_000933,2025-04-07,3.81
emp_000933,2025-01-07,3.66
emp_000933,2024-10-09,4.1
emp_000933,2024-07-11,4.44
emp_000934,2026-04-02,4.18
emp_000934,2026-01-02,4.03
emp_000934,2025-10-04,4.34
emp_000934,2025-07-06,3.68
emp_000935,2026-04-02,3.95
emp_000935,2026-01-02,4.23
emp_000935,2025-10-04,3.77
emp_000935,2025-07-06,4.29
emp_000935,2025-04-07,4.44
emp_000935,2025-01-07,3.31
emp_000935,2024-10-09,4.05
emp_000935,2024-07-11,4.42
emp_000936,2026-04-02,4.33
emp_000936,2026-01-02,3.9
emp_000936,2025-10-04,3.57
emp_000936,2025-07-06,4.02
emp_000936,2025-04-07,4.09
emp_000936,2025-01-07,4.07
emp_000936,2024-10-09,4.13
emp_000936,2024-07-11,3.93
emp_000937,2026-04-02,3.54
emp_000937,2026-01-02,2.93
emp_000937,2025-10-04,3.4
emp_000937,2025-07-06,2.94
emp_000937,2025-04-07,3.19
emp_000937,2025-01-07,4.15
emp_000938,2026-04-02,3.47
emp_000938,2026-01-02,3.23
emp_000938,2025-10-04,3.13
emp_000938,2025-07-06,3.89
emp_000938,2025-04-07,3.61
emp_000938,2025-01-07,3.56
emp_000939,2026-04-02,3.46
emp_000939,2026-01-02,3.67
emp_000939,2025-10-04,3.34
emp_000939,2025-07-06,3.96
emp_000939,2025-04-07,3.96
emp_000939,2025-01-07,3.64
emp_000939,2024-10-09,4.08
emp_000939,2024-07-11,3.26
emp_000940,2026-04-02,3.84
emp_000940,2026-01-02,3.92
emp_000940,2025-10-04,3.32
emp_000940,2025-07-06,3.42
emp_000940,2025-04-07,3.4
emp_000940,2025-01-07,4.01
emp_000941,2026-04-02,4.48
emp_000941,2026-01-02,3.77
emp_000941,2025-10-04,3.4
emp_000941,2025-07-06,4.14
emp_000941,2025-04-07,3.49
emp_000942,2026-04-02,4.21
emp_000942,2026-01-02,3.79
emp_000942,2025-10-04,3.83
emp_000943,2026-04-02,3.95
emp_000943,2026-01-02,3.33
emp_000943,2025-10-04,4.31
emp_000943,2025-07-06,3.52
emp_000944,2026-04-02,3.73
emp_000944,2026-01-02,3.69
emp_000944,2025-10-04,4.27
emp_000944,2025-07-06,3.85
emp_000944,2025-04-07,3.92
emp_000944,2025-01-07,3.86
emp_000944,2024-10-09,3.56
emp_000944,2024-07-11,3.52
emp_000945,2026-04-02,4.37
emp_000945,2026-01-02,4.04
emp_000945,2025-10-04,3.62
emp_000945,2025-07-06,3.37
emp_000945,2025-04-07,4.05
emp_000945,2025-01-07,4.47
emp_000946,2026-04-02,4.32
emp_000946,2026-01-02,4.01
emp_000947,2026-04-02,4.47
emp_000947,2026-01-02,4.55
emp_000948,2026-04-02,4.41
emp_000948,2026-01-02,3.94
emp_000948,2025-10-04,4.12
emp_000948,2025-07-06,4.37
emp_000948,2025-04-07,5.0
emp_000948,2025-01-07,3.8
emp_000948,2024-10-09,3.75
emp_000948,2024-07-11,4.26
emp_000949,2026-04-02,3.94
emp_000949,2026-01-02,4.09
emp_000949,2025-10-04,4.13
emp_000949,2025-07-06,3.95
emp_000949,2025-04-07,4.15
emp_000949,2025-01-07,3.92
emp_000949,2024-10-09,4.09
emp_000949,2024-07-11,4.75
emp_000950,2026-04-02,4.08
emp_000950,2026-01-02,4.05
emp_000950,2025-10-04,4.04
emp_000950,2025-07-06,3.57
emp_000950,2025-04-07,3.81
emp_000950,2025-01-07,3.71
emp_000950,2024-10-09,3.95
emp_000950,2024-07-11,3.46
emp_000951,2026-04-02,3.86
emp_000951,2026-01-02,3.53
emp_000951,2025-10-04,3.36
emp_000951,2025-07-06,3.51
emp_000951,2025-04-07,3.47
emp_000951,2025-01-07,3.84
emp_000951,2024-10-09,3.26
emp_000951,2024-07-11,3.64
emp_000952,2026-04-02,4.54
emp_000952,2026-01-02,3.97
emp_000952,2025-10-04,4.42
emp_000952,2025-07-06,4.37
emp_000952,2025-04-07,3.9
emp_000952,2025-01-07,4.18
emp_000952,2024-10-09,3.74
emp_000952,2024-07-11,3.67
emp_000953,2026-04-02,3.69
emp_000953,2026-01-02,3.74
emp_000953,2025-10-04,4.04
emp_000953,2025-07-06,3.85
emp_000953,2025-04-07,2.51
emp_000953,2025-01-07,3.66
emp_000953,2024-10-09,3.38
emp_000953,2024-07-11,4.12
emp_000954,2026-04-02,4.47
emp_000954,2026-01-02,4.3
emp_000954,2025-10-04,3.97
emp_000954,2025-07-06,3.81
emp_000954,2025-04-07,3.51
emp_000954,2025-01-07,4.08
emp_000954,2024-10-09,4.12
emp_000954,2024-07-11,3.36
emp_000955,2026-04-02,3.2
emp_000955,2026-01-02,3.34
emp_000955,2025-10-04,3.83
emp_000955,2025-07-06,3.1
emp_000955,2025-04-07,3.28
emp_000955,2025-01-07,3.19
emp_000955,2024-10-09,3.41
emp_000955,2024-07-11,3.33
emp_000956,2026-04-02,3.85
emp_000956,2026-01-02,3.24
emp_000956,2025-10-04,3.76
emp_000956,2025-07-06,4.05
emp_000956,2025-04-07,3.01
emp_000956,2025-01-07,3.22
emp_000956,2024-10-09,3.36
emp_000956,2024-07-11,3.22
emp_000957,2026-04-02,3.96
emp_000957,2026-01-02,3.89
emp_000957,2025-10-04,3.6
emp_000957,2025-07-06,4.45
emp_000957,2025-04-07,4.62
emp_000957,2025-01-07,4.5
emp_000957,2024-10-09,4.04
emp_000958,2026-04-02,3.25
emp_000958,2026-01-02,3.6
emp_000958,2025-10-04,4.07
emp_000958,2025-07-06,4.4
emp_000958,2025-04-07,3.34
emp_000958,2025-01-07,4.08
emp_000958,2024-10-09,4.12
emp_000958,2024-07-11,3.86
emp_000959,2026-04-02,4.14
emp_000959,2026-01-02,3.98
emp_000959,2025-10-04,4.21
emp_000959,2025-07-06,3.88
emp_000959,2025-04-07,4.09
emp_000959,2025-01-07,3.39
emp_000959,2024-10-09,4.11
emp_000959,2024-07-11,4.46
emp_000960,2026-04-02,4.08
emp_000960,2026-01-02,3.92
emp_000960,2025-10-04,3.61
emp_000960,2025-07-06,4.43
emp_000960,2025-04-07,4.01
emp_000960,2025-01-07,4.6
emp_000960,2024-10-09,4.2
emp_000960,2024-07-11,4.23
emp_000961,2026-04-02,3.75
emp_000961,2026-01-02,4.17
emp_000961,2025-10-04,3.79
emp_000961,2025-07-06,4.3
emp_000961,2025-04-07,4.43
emp_000961,2025-01-07,3.85
emp_000961,2024-10-09,4.31
emp_000961,2024-07-11,3.59
emp_000962,2026-04-02,3.13
emp_000962,2026-01-02,3.64
emp_000962,2025-10-04,3.48
emp_000963,2026-04-02,3.51
emp_000963,2026-01-02,3.31
emp_000963,2025-10-04,2.73
emp_000963,2025-07-06,3.03
emp_000963,2025-04-07,3.33
emp_000963,2025-01-07,3.39
emp_000963,2024-10-09,4.06
emp_000964,2026-04-02,3.37
emp_000965,2026-04-02,3.95
emp_000965,2026-01-02,4.12
emp_000965,2025-10-04,3.92
emp_000965,2025-07-06,3.52
emp_000965,2025-04-07,4.42
emp_000965,2025-01-07,3.23
emp_000966,2026-04-02,3.54
emp_000966,2026-01-02,3.61
emp_000966,2025-10-04,3.55
emp_000966,2025-07-06,4.12
emp_000966,2025-04-07,3.72
emp_000966,2025-01-07,3.87
emp_000966,2024-10-09,3.38
emp_000966,2024-07-11,3.84
emp_000967,2026-04-02,4.46
emp_000968,2026-04-02,4.02
emp_000968,2026-01-02,4.13
emp_000968,2025-10-04,3.26
emp_000968,2025-07-06,3.62
emp_000968,2025-04-07,3.79
emp_000968,2025-01-07,4.15
emp_000968,2024-10-09,3.69
emp_000968,2024-07-11,3.82
emp_000969,2026-04-02,3.49
emp_000969,2026-01-02,3.0
emp_000969,2025-10-04,3.28
emp_000969,2025-07-06,2.32
emp_000969,2025-04-07,2.99
emp_000969,2025-01-07,3.63
emp_000969,2024-10-09,3.54
emp_000969,2024-07-11,3.81
emp_000970,2026-04-02,4.26
emp_000970,2026-01-02,3.34
emp_000970,2025-10-04,3.71
emp_000970,2025-07-06,3.25
emp_000970,2025-04-07,3.62
emp_000970,2025-01-07,3.43
emp_000970,2024-10-09,4.46
emp_000970,2024-07-11,3.72
emp_000971,2026-04-02,3.47
emp_000971,2026-01-02,4.39
emp_000971,2025-10-04,3.59
emp_000971,2025-07-06,3.84
emp_000971,2025-04-07,3.76
emp_000971,2025-01-07,3.73
emp_000971,2024-10-09,3.58
emp_000971,2024-07-11,3.65
emp_000972,2026-04-02,3.78
emp_000972,2026-01-02,3.39
emp_000972,2025-10-04,3.83
emp_000972,2025-07-06,3.95
emp_000972,2025-04-07,3.82
emp_000972,2025-01-07,3.95
emp_000973,2026-04-02,4.12
emp_000973,2026-01-02,4.0
emp_000973,2025-10-04,4.07
emp_000973,2025-07-06,4.06
emp_000973,2025-04-07,4.21
emp_000973,2025-01-07,3.62
emp_000973,2024-10-09,4.29
emp_000973,2024-07-11,3.99
emp_000974,2026-04-02,3.31
emp_000974,2026-01-02,3.61
emp_000974,2025-10-04,3.62
emp_000974,2025-07-06,3.96
emp_000974,2025-04-07,3.79
emp_000974,2025-01-07,3.45
emp_000974,2024-10-09,3.93
emp_000975,2026-04-02,3.71
emp_000975,2026-01-02,4.04
emp_000975,2025-10-04,3.47
emp_000975,2025-07-06,3.63
emp_000975,2025-04-07,3.34
emp_000975,2025-01-07,3.29
emp_000975,2024-10-09,3.47
emp_000975,2024-07-11,3.96
emp_000976,2026-04-02,3.17
emp_000976,2026-01-02,4.2
emp_000976,2025-10-04,4.51
emp_000976,2025-07-06,3.86
emp_000977,2026-04-02,3.29
emp_000977,2026-01-02,4.14
emp_000977,2025-10-04,3.61
emp_000977,2025-07-06,3.49
emp_000978,2026-04-02,3.67
emp_000978,2026-01-02,3.69
emp_000978,2025-10-04,3.61
emp_000978,2025-07-06,3.03
emp_000978,2025-04-07,3.54
emp_000978,2025-01-07,4.41
emp_000978,2024-10-09,3.93
emp_000978,2024-07-11,4.21
emp_000979,2026-04-02,3.74
emp_000979,2026-01-02,3.79
emp_000979,2025-10-04,3.22
emp_000979,2025-07-06,3.03
emp_000979,2025-04-07,3.53
emp_000979,2025-01-07,4.38
emp_000979,2024-10-09,3.45
emp_000980,2026-04-02,3.49
emp_000980,2026-01-02,4.27
emp_000980,2025-10-04,3.87
emp_000980,2025-07-06,3.67
emp_000980,2025-04-07,4.36
emp_000980,2025-01-07,3.18
emp_000980,2024-10-09,4.17
emp_000980,2024-07-11,3.98
emp_000981,2026-04-02,3.81
emp_000981,2026-01-02,3.98
emp_000981,2025-10-04,3.53
emp_000981,2025-07-06,4.42
emp_000981,2025-04-07,4.05
emp_000981,2025-01-07,5.0
emp_000981,2024-10-09,3.67
emp_000981,2024-07-11,3.73
emp_000982,2026-04-02,3.98
emp_000982,2026-01-02,4.04
emp_000982,2025-10-04,3.4
emp_000982,2025-07-06,4.43
emp_000982,2025-04-07,3.91
emp_000982,2025-01-07,4.03
emp_000982,2024-10-09,3.81
emp_000982,2024-07-11,4.23
emp_000983,2026-04-02,2.74
emp_000983,2026-01-02,4.06
emp_000983,2025-10-04,2.82
emp_000983,2025-07-06,3.7
emp_000983,2025-04-07,3.54
emp_000983,2025-01-07,3.67
emp_000983,2024-10-09,3.15
emp_000983,2024-07-11,3.3
emp_000984,2026-04-02,2.96
emp_000984,2026-01-02,3.74
emp_000984,2025-10-04,3.16
emp_000984,2025-07-06,3.54
emp_000984,2025-04-07,3.32
emp_000984,2025-01-07,3.4
emp_000984,2024-10-09,3.65
emp_000984,2024-07-11,3.25
emp_000985,2026-04-02,4.82
emp_000985,2026-01-02,3.45
emp_000985,2025-10-04,3.77
emp_000986,2026-04-02,3.5
emp_000986,2026-01-02,4.49
emp_000986,2025-10-04,3.6
emp_000986,2025-07-06,3.83
emp_000986,2025-04-07,3.11
emp_000986,2025-01-07,2.97
emp_000986,2024-10-09,3.25
emp_000986,2024-07-11,3.79
emp_000987,2026-04-02,3.95
emp_000987,2026-01-02,3.54
emp_000987,2025-10-04,3.54
emp_000987,2025-07-06,3.45
emp_000987,2025-04-07,3.52
emp_000987,2025-01-07,3.67
emp_000987,2024-10-09,2.88
emp_000987,2024-07-11,3.24
emp_000988,2026-04-02,2.84
emp_000989,2026-04-02,3.89
emp_000989,2026-01-02,3.91
emp_000989,2025-10-04,3.36
emp_000989,2025-07-06,4.24
emp_000989,2025-04-07,3.66
emp_000990,2026-04-02,3.74
emp_000990,2026-01-02,3.1
emp_000990,2025-10-04,3.25
emp_000990,2025-07-06,3.1
emp_000991,2026-04-02,3.78
emp_000991,2026-01-02,4.15
emp_000991,2025-10-04,3.69
emp_000991,2025-07-06,3.84
emp_000991,2025-04-07,4.36
emp_000992,2026-04-02,4.29
emp_000992,2026-01-02,3.92
emp_000992,2025-10-04,3.74
emp_000992,2025-07-06,4.02
emp_000993,2026-04-02,4.29
emp_000993,2026-01-02,3.59
emp_000993,2025-10-04,3.58
emp_000993,2025-07-06,4.33
emp_000993,2025-04-07,3.82
emp_000993,2025-01-07,4.56
emp_000993,2024-10-09,4.42
emp_000994,2026-04-02,3.37
emp_000994,2026-01-02,3.43
emp_000994,2025-10-04,4.11
emp_000995,2026-04-02,4.01
emp_000995,2026-01-02,4.35
emp_000995,2025-10-04,4.34
emp_000995,2025-07-06,3.83
emp_000995,2025-04-07,3.94
emp_000995,2025-01-07,4.16
emp_000995,2024-10-09,4.27
emp_000995,2024-07-11,2.82
emp_000996,2026-04-02,3.31
emp_000996,2026-01-02,3.4
emp_000996,2025-10-04,3.83
emp_000996,2025-07-06,3.3
emp_000997,2026-04-02,3.34
emp_000997,2026-01-02,4.17
emp_000997,2025-10-04,4.42
emp_000997,2025-07-06,3.9
emp_000997,2025-04-07,3.85
emp_000997,2025-01-07,3.62
emp_000997,2024-10-09,3.93
emp_000998,2026-04-02,3.86
emp_000998,2026-01-02,3.49
emp_000998,2025-10-04,3.85
emp_000998,2025-07-06,4.38
emp_000998,2025-04-07,3.41
emp_000998,2025-01-07,3.82
emp_000998,2024-10-09,3.83
emp_000998,2024-07-11,4.04
emp_000999,2026-04-02,3.92
emp_000999,2026-01-02,3.92
emp_000999,2025-10-04,3.24
emp_000999,2025-07-06,3.38
emp_001000,2026-04-02,3.71
emp_001000,2026-01-02,3.48
emp_001000,2025-10-04,3.96
emp_001000,2025-07-06,3.93
emp_001001,2026-04-02,3.56
emp_001001,2026-01-02,3.8
emp_001001,2025-10-04,4.04
emp_001001,2025-07-06,4.51
emp_001001,2025-04-07,4.04
emp_001001,2025-01-07,4.65
emp_001001,2024-10-09,3.56
emp_001002,2026-04-02,3.61
emp_001002,2026-01-02,4.06
emp_001002,2025-10-04,3.32
emp_001002,2025-07-06,3.37
emp_001002,2025-04-07,3.77
emp_001002,2025-01-07,3.6
emp_001002,2024-10-09,4.27
emp_001002,2024-07-11,2.83
emp_001003,2026-04-02,3.94
emp_001003,2026-01-02,3.92
emp_001003,2025-10-04,3.79
emp_001003,2025-07-06,3.52
emp_001003,2025-04-07,3.3
emp_001003,2025-01-07,3.5
emp_001003,2024-10-09,3.61
emp_001003,2024-07-11,2.8
emp_001004,2026-04-02,3.91
emp_001004,2026-01-02,4.36
emp_001004,2025-10-04,4.19
emp_001004,2025-07-06,4.32
emp_001004,2025-04-07,4.04
emp_001004,2025-01-07,4.03
emp_001004,2024-10-09,4.02
emp_001004,2024-07-11,4.34
emp_001005,2026-04-02,3.63
emp_001005,2026-01-02,2.59
emp_001005,2025-10-04,3.07
emp_001005,2025-07-06,3.36
emp_001005,2025-04-07,3.49
emp_001005,2025-01-07,2.88
emp_001005,2024-10-09,3.45
emp_001005,2024-07-11,2.76
emp_001006,2026-04-02,4.57
emp_001006,2026-01-02,4.02
emp_001006,2025-10-04,3.87
emp_001006,2025-07-06,4.13
emp_001006,2025-04-07,3.9
emp_001006,2025-01-07,4.68
emp_001006,2024-10-09,3.78
emp_001006,2024-07-11,4.07
emp_001007,2026-04-02,3.82
emp_001007,2026-01-02,3.88
emp_001007,2025-10-04,4.52
emp_001007,2025-07-06,3.68
emp_001007,2025-04-07,3.52
emp_001007,2025-01-07,4.15
emp_001007,2024-10-09,4.1
emp_001007,2024-07-11,3.73
emp_001009,2026-04-02,4.04
emp_001009,2026-01-02,3.89
emp_001010,2026-04-02,3.85
emp_001010,2026-01-02,3.8
emp_001010,2025-10-04,3.8
emp_001010,2025-07-06,4.46
emp_001010,2025-04-07,3.68
emp_001010,2025-01-07,4.26
emp_001010,2024-10-09,3.83
emp_001010,2024-07-11,3.79
emp_001011,2026-04-02,3.63
emp_001011,2026-01-02,4.29
emp_001011,2025-10-04,4.71
emp_001011,2025-07-06,4.48
emp_001012,2026-04-02,3.45
emp_001012,2026-01-02,3.74
emp_001012,2025-10-04,3.12
emp_001012,2025-07-06,3.28
emp_001012,2025-04-07,2.67
emp_001012,2025-01-07,2.76
emp_001012,2024-10-09,3.32
emp_001012,2024-07-11,3.79
emp_001013,2026-04-02,4.12
emp_001013,2026-01-02,4.61
emp_001013,2025-10-04,4.06
emp_001013,2025-07-06,4.46
emp_001013,2025-04-07,3.76
emp_001013,2025-01-07,4.74
emp_001013,2024-10-09,3.89
emp_001013,2024-07-11,4.9
emp_001014,2026-04-02,4.04
emp_001014,2026-01-02,4.17
emp_001014,2025-10-04,3.9
emp_001015,2026-04-02,3.74
emp_001015,2026-01-02,3.19
emp_001015,2025-10-04,3.81
emp_001015,2025-07-06,3.79
emp_001015,2025-04-07,3.31
emp_001015,2025-01-07,3.37
emp_001015,2024-10-09,3.48
emp_001015,2024-07-11,3.44
emp_001016,2026-04-02,4.2
emp_001016,2026-01-02,4.98
emp_001016,2025-10-04,3.8
emp_001016,2025-07-06,3.73
emp_001016,2025-04-07,3.78
emp_001016,2025-01-07,3.94
emp_001016,2024-10-09,4.11
emp_001016,2024-07-11,4.13
emp_001017,2026-04-02,3.14
emp_001017,2026-01-02,3.62
emp_001017,2025-10-04,3.63
emp_001017,2025-07-06,3.55
emp_001017,2025-04-07,3.11
emp_001017,2025-01-07,3.33
emp_001018,2026-04-02,4.55
emp_001018,2026-01-02,4.38
emp_001018,2025-10-04,4.88
emp_001018,2025-07-06,4.59
emp_001018,2025-04-07,4.03
emp_001018,2025-01-07,4.1
emp_001018,2024-10-09,4.34
emp_001018,2024-07-11,4.65
emp_001019,2026-04-02,3.83
emp_001019,2026-01-02,3.84
emp_001019,2025-10-04,4.09
emp_001019,2025-07-06,4.0
emp_001019,2025-04-07,3.79
emp_001019,2025-01-07,4.21
emp_001019,2024-10-09,4.23
emp_001019,2024-07-11,3.61
emp_001020,2026-04-02,4.05
emp_001020,2026-01-02,4.52
emp_001020,2025-10-04,4.17
emp_001020,2025-07-06,4.36
emp_001020,2025-04-07,4.32
emp_001020,2025-01-07,4.75
emp_001020,2024-10-09,3.84
emp_001020,2024-07-11,4.47
emp_001021,2026-04-02,2.93
emp_001021,2026-01-02,2.91
emp_001021,2025-10-04,3.32
emp_001021,2025-07-06,3.51
emp_001021,2025-04-07,3.42
emp_001021,2025-01-07,3.1
emp_001021,2024-10-09,3.08
emp_001022,2026-04-02,3.62
emp_001022,2026-01-02,3.91
emp_001022,2025-10-04,4.14
emp_001022,2025-07-06,3.6
emp_001022,2025-04-07,3.62
emp_001023,2026-04-02,3.16
emp_001023,2026-01-02,3.11
emp_001023,2025-10-04,3.32
emp_001023,2025-07-06,2.87
emp_001023,2025-04-07,3.26
emp_001023,2025-01-07,3.07
emp_001023,2024-10-09,2.66
emp_001023,2024-07-11,3.33
emp_001024,2026-04-02,4.03
emp_001024,2026-01-02,3.38
emp_001024,2025-10-04,4.05
emp_001024,2025-07-06,3.98
emp_001024,2025-04-07,3.71
emp_001024,2025-01-07,3.76
emp_001024,2024-10-09,3.91
emp_001024,2024-07-11,3.68
emp_001025,2026-04-02,3.51
emp_001025,2026-01-02,3.11
emp_001025,2025-10-04,3.91
emp_001025,2025-07-06,4.06
emp_001025,2025-04-07,3.33
emp_001025,2025-01-07,3.69
emp_001025,2024-10-09,4.6
emp_001025,2024-07-11,4.8
emp_001026,2026-04-02,3.71
emp_001026,2026-01-02,3.7
emp_001026,2025-10-04,3.32
emp_001026,2025-07-06,3.79
emp_001026,2025-04-07,3.58
emp_001027,2026-04-02,3.63
emp_001027,2026-01-02,3.2
emp_001027,2025-10-04,3.64
emp_001027,2025-07-06,4.08
emp_001027,2025-04-07,3.1
emp_001027,2025-01-07,3.99
emp_001028,2026-04-02,4.18
emp_001028,2026-01-02,3.64
emp_001028,2025-10-04,4.36
emp_001028,2025-07-06,3.08
emp_001028,2025-04-07,3.7
emp_001028,2025-01-07,4.02
emp_001028,2024-10-09,4.6
emp_001028,2024-07-11,3.57
emp_001029,2026-04-02,3.43
emp_001029,2026-01-02,4.3
emp_001029,2025-10-04,4.29
emp_001029,2025-07-06,4.33
emp_001029,2025-04-07,4.11
emp_001029,2025-01-07,3.14
emp_001029,2024-10-09,3.91
emp_001030,2026-04-02,2.99
emp_001030,2026-01-02,3.42
emp_001030,2025-10-04,3.79
emp_001030,2025-07-06,3.4
emp_001030,2025-04-07,3.45
emp_001030,2025-01-07,3.73
emp_001030,2024-10-09,3.07
emp_001030,2024-07-11,4.08
emp_001031,2026-04-02,4.1
emp_001031,2026-01-02,3.45
emp_001031,2025-10-04,3.86
emp_001031,2025-07-06,4.21
emp_001031,2025-04-07,4.12
emp_001031,2025-01-07,4.15
emp_001031,2024-10-09,3.65
emp_001031,2024-07-11,3.73
emp_001032,2026-04-02,3.93
emp_001032,2026-01-02,3.48
emp_001032,2025-10-04,3.3
emp_001032,2025-07-06,3.73
emp_001032,2025-04-07,3.51
emp_001032,2025-01-07,3.97
emp_001032,2024-10-09,3.49
emp_001032,2024-07-11,3.76
emp_001033,2026-04-02,3.17
emp_001033,2026-01-02,3.73
emp_001033,2025-10-04,3.82
emp_001033,2025-07-06,3.95
emp_001033,2025-04-07,3.46
emp_001033,2025-01-07,3.59
emp_001033,2024-10-09,3.68
emp_001033,2024-07-11,3.51
emp_001034,2026-04-02,3.59
emp_001034,2026-01-02,3.0
emp_001034,2025-10-04,3.43
emp_001034,2025-07-06,3.82
emp_001034,2025-04-07,4.2
emp_001034,2025-01-07,3.25
emp_001034,2024-10-09,3.73
emp_001034,2024-07-11,3.36
emp_001035,2026-04-02,4.12
emp_001035,2026-01-02,3.62
emp_001035,2025-10-04,4.66
emp_001035,2025-07-06,3.61
emp_001035,2025-04-07,3.77
emp_001035,2025-01-07,4.56
emp_001035,2024-10-09,3.98
emp_001035,2024-07-11,4.04
emp_001036,2026-04-02,3.61
emp_001036,2026-01-02,4.57
emp_001036,2025-10-04,4.45
emp_001036,2025-07-06,3.77
emp_001036,2025-04-07,3.9
emp_001036,2025-01-07,4.64
emp_001036,2024-10-09,4.02
emp_001036,2024-07-11,4.04
emp_001037,2026-04-02,4.0
emp_001037,2026-01-02,4.24
emp_001037,2025-10-04,3.92
emp_001037,2025-07-06,3.76
emp_001037,2025-04-07,4.12
emp_001037,2025-01-07,4.27
emp_001037,2024-10-09,3.75
emp_001037,2024-07-11,3.88
emp_001038,2026-04-02,3.86
emp_001038,2026-01-02,4.03
emp_001038,2025-10-04,4.04
emp_001038,2025-07-06,3.32
emp_001038,2025-04-07,3.6
emp_001039,2026-04-02,4.55
emp_001039,2026-01-02,4.25
emp_001039,2025-10-04,4.07
emp_001039,2025-07-06,4.51
emp_001039,2025-04-07,3.62
emp_001040,2026-04-02,4.25
emp_001040,2026-01-02,4.63
emp_001040,2025-10-04,3.81
emp_001040,2025-07-06,3.93
emp_001040,2025-04-07,4.27
emp_001040,2025-01-07,3.72
emp_001040,2024-10-09,4.85
emp_001040,2024-07-11,3.64
emp_001041,2026-04-02,3.6
emp_001041,2026-01-02,3.85
emp_001041,2025-10-04,3.77
emp_001041,2025-07-06,3.1
emp_001041,2025-04-07,3.24
emp_001041,2025-01-07,4.16
emp_001041,2024-10-09,4.49
emp_001041,2024-07-11,3.7
emp_001042,2026-04-02,3.87
emp_001042,2026-01-02,3.37
emp_001042,2025-10-04,3.75
emp_001042,2025-07-06,3.66
emp_001042,2025-04-07,4.12
emp_001042,2025-01-07,3.13
emp_001042,2024-10-09,2.98
emp_001042,2024-07-11,3.72
emp_001043,2026-04-02,4.15
emp_001043,2026-01-02,3.77
emp_001043,2025-10-04,3.59
emp_001043,2025-07-06,3.65
emp_001043,2025-04-07,3.52
emp_001043,2025-01-07,3.93
emp_001043,2024-10-09,4.57
emp_001043,2024-07-11,4.12
emp_001044,2026-04-02,3.65
emp_001044,2026-01-02,3.33
emp_001044,2025-10-04,3.57
emp_001044,2025-07-06,3.03
emp_001044,2025-04-07,3.45
emp_001044,2025-01-07,3.5
emp_001044,2024-10-09,3.58
emp_001044,2024-07-11,2.85
emp_001045,2026-04-02,3.32
emp_001045,2026-01-02,3.66
emp_001045,2025-10-04,4.24
emp_001046,2026-04-02,3.48
emp_001046,2026-01-02,3.62
emp_001046,2025-10-04,4.07
emp_001046,2025-07-06,4.35
emp_001046,2025-04-07,4.31
emp_001046,2025-01-07,4.24
emp_001046,2024-10-09,4.54
emp_001046,2024-07-11,3.82
emp_001047,2026-04-02,3.33
emp_001047,2026-01-02,4.2
emp_001047,2025-10-04,3.97
emp_001047,2025-07-06,4.03
emp_001047,2025-04-07,3.66
emp_001047,2025-01-07,4.12
emp_001047,2024-10-09,4.39
emp_001047,2024-07-11,3.29
emp_001048,2026-04-02,3.79
emp_001048,2026-01-02,4.23
emp_001048,2025-10-04,3.62
emp_001048,2025-07-06,4.14
emp_001048,2025-04-07,4.06
emp_001048,2025-01-07,3.78
emp_001048,2024-10-09,4.0
emp_001048,2024-07-11,3.45
emp_001049,2026-04-02,4.36
emp_001049,2026-01-02,3.93
emp_001049,2025-10-04,4.51
emp_001049,2025-07-06,3.84
emp_001049,2025-04-07,3.65
emp_001049,2025-01-07,3.81
emp_001049,2024-10-09,3.62
emp_001049,2024-07-11,4.07
emp_001050,2026-04-02,3.35
emp_001050,2026-01-02,4.24
emp_001050,2025-10-04,3.7
emp_001050,2025-07-06,3.73
emp_001050,2025-04-07,3.8
emp_001050,2025-01-07,2.91
emp_001050,2024-10-09,3.47
emp_001051,2026-04-02,3.55
emp_001051,2026-01-02,3.96
emp_001051,2025-10-04,3.33
emp_001051,2025-07-06,3.56
emp_001051,2025-04-07,4.37
emp_001051,2025-01-07,3.48
emp_001051,2024-10-09,4.24
emp_001051,2024-07-11,4.34
emp_001052,2026-04-02,5.0
emp_001052,2026-01-02,4.22
emp_001052,2025-10-04,4.64
emp_001052,2025-07-06,4.41
emp_001052,2025-04-07,4.68
emp_001052,2025-01-07,4.94
emp_001052,2024-10-09,5.0
emp_001052,2024-07-11,4.62
emp_001053,2026-04-02,4.67
emp_001053,2026-01-02,3.71
emp_001053,2025-10-04,4.2
emp_001053,2025-07-06,3.87
emp_001053,2025-04-07,4.22
emp_001053,2025-01-07,3.98
emp_001053,2024-10-09,3.4
emp_001053,2024-07-11,3.6
emp_001054,2026-04-02,3.62
emp_001054,2026-01-02,3.76
emp_001054,2025-10-04,4.25
emp_001054,2025-07-06,3.75
emp_001055,2026-04-02,3.94
emp_001055,2026-01-02,3.58
emp_001055,2025-10-04,2.94
emp_001055,2025-07-06,3.83
emp_001055,2025-04-07,3.41
emp_001055,2025-01-07,4.26
emp_001055,2024-10-09,3.62
emp_001055,2024-07-11,3.4
emp_001056,2026-04-02,3.72
emp_001056,2026-01-02,4.23
emp_001056,2025-10-04,3.5
emp_001056,2025-07-06,4.02
emp_001056,2025-04-07,3.46
emp_001056,2025-01-07,4.05
emp_001056,2024-10-09,4.04
emp_001056,2024-07-11,3.37
emp_001057,2026-04-02,3.56
emp_001057,2026-01-02,4.3
emp_001057,2025-10-04,3.77
emp_001057,2025-07-06,4.54
emp_001057,2025-04-07,3.9
emp_001057,2025-01-07,3.9
emp_001057,2024-10-09,3.72
emp_001057,2024-07-11,4.13
emp_001059,2026-04-02,3.13
emp_001059,2026-01-02,3.6
emp_001059,2025-10-04,2.77
emp_001059,2025-07-06,3.58
emp_001059,2025-04-07,3.1
emp_001059,2025-01-07,3.27
emp_001059,2024-10-09,3.45
emp_001059,2024-07-11,3.08
emp_001060,2026-04-02,3.5
emp_001060,2026-01-02,3.61
emp_001060,2025-10-04,4.13
emp_001060,2025-07-06,3.94
emp_001060,2025-04-07,3.39
emp_001060,2025-01-07,3.69
emp_001060,2024-10-09,3.77
emp_001060,2024-07-11,3.6
emp_001061,2026-04-02,4.3
emp_001061,2026-01-02,2.99
emp_001061,2025-10-04,3.3
emp_001061,2025-07-06,3.91
emp_001061,2025-04-07,3.44
emp_001061,2025-01-07,3.39
emp_001061,2024-10-09,3.41
emp_001061,2024-07-11,4.3
emp_001062,2026-04-02,4.21
emp_001062,2026-01-02,4.82
emp_001062,2025-10-04,4.48
emp_001062,2025-07-06,4.04
emp_001062,2025-04-07,3.68
emp_001062,2025-01-07,3.56
emp_001062,2024-10-09,4.08
emp_001062,2024-07-11,3.77
emp_001063,2026-04-02,3.94
emp_001063,2026-01-02,4.09
emp_001063,2025-10-04,3.66
emp_001063,2025-07-06,4.15
emp_001063,2025-04-07,3.88
emp_001063,2025-01-07,3.76
emp_001063,2024-10-09,3.33
emp_001064,2026-04-02,4.59
emp_001064,2026-01-02,4.03
emp_001064,2025-10-04,4.12
emp_001064,2025-07-06,3.63
emp_001064,2025-04-07,3.37
emp_001064,2025-01-07,3.92
emp_001064,2024-10-09,3.79
emp_001064,2024-07-11,4.24
emp_001065,2026-04-02,4.19
emp_001065,2026-01-02,4.15
emp_001065,2025-10-04,3.61
emp_001065,2025-07-06,4.16
emp_001065,2025-04-07,4.26
emp_001065,2025-01-07,4.05
emp_001065,2024-10-09,3.88
emp_001065,2024-07-11,3.66
emp_001066,2026-04-02,3.83
emp_001066,2026-01-02,4.6
emp_001066,2025-10-04,4.57
emp_001067,2026-04-02,3.32
emp_001067,2026-01-02,2.82
emp_001067,2025-10-04,3.09
emp_001067,2025-07-06,3.15
emp_001067,2025-04-07,3.47
emp_001067,2025-01-07,3.18
emp_001067,2024-10-09,3.18
emp_001067,2024-07-11,2.95
emp_001068,2026-04-02,3.75
emp_001068,2026-01-02,4.24
emp_001068,2025-10-04,4.01
emp_001068,2025-07-06,3.86
emp_001068,2025-04-07,4.57
emp_001069,2026-04-02,3.98
emp_001069,2026-01-02,4.11
emp_001069,2025-10-04,3.34
emp_001069,2025-07-06,3.43
emp_001069,2025-04-07,3.61
emp_001069,2025-01-07,4.09
emp_001070,2026-04-02,3.99
emp_001070,2026-01-02,4.01
emp_001070,2025-10-04,3.96
emp_001070,2025-07-06,3.84
emp_001070,2025-04-07,4.42
emp_001070,2025-01-07,4.01
emp_001070,2024-10-09,4.29
emp_001070,2024-07-11,3.87
emp_001071,2026-04-02,3.72
emp_001071,2026-01-02,4.04
emp_001071,2025-10-04,4.07
emp_001071,2025-07-06,3.87
emp_001071,2025-04-07,3.68
emp_001071,2025-01-07,3.29
emp_001071,2024-10-09,3.9
emp_001071,2024-07-11,4.08
emp_001072,2026-04-02,4.21
emp_001072,2026-01-02,4.04
emp_001072,2025-10-04,3.66
emp_001072,2025-07-06,4.45
emp_001074,2026-04-02,4.0
emp_001074,2026-01-02,4.29
emp_001074,2025-10-04,4.62
emp_001074,2025-07-06,4.11
emp_001074,2025-04-07,5.0
emp_001074,2025-01-07,4.1
emp_001074,2024-10-09,4.02
emp_001075,2026-04-02,4.47
emp_001075,2026-01-02,4.69
emp_001075,2025-10-04,3.93
emp_001075,2025-07-06,4.6
emp_001076,2026-04-02,3.6
emp_001076,2026-01-02,3.95
emp_001076,2025-10-04,3.79
emp_001076,2025-07-06,4.15
emp_001076,2025-04-07,3.69
emp_001076,2025-01-07,4.13
emp_001076,2024-10-09,3.35
emp_001076,2024-07-11,3.76
emp_001077,2026-04-02,3.43
emp_001077,2026-01-02,3.79
emp_001077,2025-10-04,2.72
emp_001077,2025-07-06,3.98
emp_001077,2025-04-07,3.09
emp_001078,2026-04-02,3.76
emp_001079,2026-04-02,3.9
emp_001079,2026-01-02,4.21
emp_001079,2025-10-04,3.25
emp_001079,2025-07-06,3.48
emp_001079,2025-04-07,3.89
emp_001079,2025-01-07,3.28
emp_001079,2024-10-09,3.83
emp_001079,2024-07-11,3.7
emp_001080,2026-04-02,3.46
emp_001080,2026-01-02,3.5
emp_001080,2025-10-04,3.56
emp_001080,2025-07-06,3.56
emp_001080,2025-04-07,3.79
emp_001080,2025-01-07,2.98
emp_001081,2026-04-02,3.83
emp_001081,2026-01-02,4.12
emp_001081,2025-10-04,4.06
emp_001081,2025-07-06,4.54
emp_001082,2026-04-02,4.45
emp_001082,2026-01-02,3.96
emp_001082,2025-10-04,3.7
emp_001082,2025-07-06,4.35
emp_001082,2025-04-07,3.36
emp_001082,2025-01-07,3.93
emp_001083,2026-04-02,3.63
emp_001083,2026-01-02,4.18
emp_001084,2026-04-02,3.74
emp_001084,2026-01-02,3.27
emp_001084,2025-10-04,3.25
emp_001084,2025-07-06,3.77
emp_001084,2025-04-07,3.47
emp_001084,2025-01-07,3.66
emp_001084,2024-10-09,3.87
emp_001084,2024-07-11,3.31
emp_001085,2026-04-02,2.43
emp_001085,2026-01-02,2.75
emp_001086,2026-04-02,4.05
emp_001086,2026-01-02,3.54
emp_001086,2025-10-04,3.77
emp_001086,2025-07-06,4.35
emp_001086,2025-04-07,4.28
emp_001086,2025-01-07,3.67
emp_001086,2024-10-09,4.68
emp_001086,2024-07-11,4.44
emp_001087,2026-04-02,4.04
emp_001087,2026-01-02,4.03
emp_001087,2025-10-04,3.69
emp_001087,2025-07-06,3.44
emp_001087,2025-04-07,3.88
emp_001087,2025-01-07,3.81
emp_001088,2026-04-02,4.25
emp_001088,2026-01-02,3.57
emp_001088,2025-10-04,3.35
emp_001088,2025-07-06,4.85
emp_001088,2025-04-07,3.52
emp_001088,2025-01-07,4.07
emp_001088,2024-10-09,4.41
emp_001088,2024-07-11,3.93
emp_001089,2026-04-02,3.69
emp_001089,2026-01-02,3.83
emp_001089,2025-10-04,3.47
emp_001089,2025-07-06,3.84
emp_001089,2025-04-07,4.12
emp_001089,2025-01-07,3.92
emp_001089,2024-10-09,4.36
emp_001089,2024-07-11,3.82
emp_001090,2026-04-02,4.51
emp_001090,2026-01-02,3.72
emp_001090,2025-10-04,2.89
emp_001090,2025-07-06,2.89
emp_001090,2025-04-07,4.42
emp_001090,2025-01-07,4.55
emp_001090,2024-10-09,3.46
emp_001090,2024-07-11,4.59
emp_001091,2026-04-02,4.48
emp_001091,2026-01-02,3.74
emp_001091,2025-10-04,3.42
emp_001091,2025-07-06,3.89
emp_001091,2025-04-07,3.73
emp_001091,2025-01-07,3.49
emp_001091,2024-10-09,3.67
emp_001091,2024-07-11,4.73
emp_001092,2026-04-02,3.26
emp_001092,2026-01-02,4.04
emp_001092,2025-10-04,3.41
emp_001092,2025-07-06,3.41
emp_001092,2025-04-07,3.45
emp_001092,2025-01-07,3.92
emp_001092,2024-10-09,4.26
emp_001092,2024-07-11,3.02
emp_001093,2026-04-02,3.45
emp_001093,2026-01-02,3.36
emp_001093,2025-10-04,3.6
emp_001093,2025-07-06,3.35
emp_001093,2025-04-07,3.07
emp_001093,2025-01-07,3.79
emp_001093,2024-10-09,4.0
emp_001093,2024-07-11,3.02
emp_001094,2026-04-02,3.84
emp_001094,2026-01-02,3.83
emp_001094,2025-10-04,3.34
emp_001094,2025-07-06,3.74
emp_001094,2025-04-07,4.26
emp_001094,2025-01-07,3.66
emp_001094,2024-10-09,3.83
emp_001094,2024-07-11,3.61
emp_001095,2026-04-02,4.31
emp_001095,2026-01-02,3.7
emp_001095,2025-10-04,4.23
emp_001095,2025-07-06,4.04
emp_001095,2025-04-07,4.12
emp_001095,2025-01-07,3.74
emp_001095,2024-10-09,3.97
emp_001095,2024-07-11,3.66
emp_001096,2026-04-02,4.46
emp_001096,2026-01-02,4.2
emp_001096,2025-10-04,4.19
emp_001097,2026-04-02,3.02
emp_001097,2026-01-02,3.01
emp_001097,2025-10-04,2.54
emp_001097,2025-07-06,3.1
emp_001097,2025-04-07,3.43
emp_001098,2026-04-02,3.94
emp_001098,2026-01-02,3.54
emp_001098,2025-10-04,3.58
emp_001099,2026-04-02,3.5
emp_001099,2026-01-02,3.8
emp_001099,2025-10-04,4.43
emp_001099,2025-07-06,4.04
emp_001099,2025-04-07,3.37
emp_001099,2025-01-07,4.29
emp_001099,2024-10-09,3.89
emp_001099,2024-07-11,3.61
emp_001100,2026-04-02,4.5
emp_001100,2026-01-02,4.01
emp_001100,2025-10-04,3.96
emp_001100,2025-07-06,3.74
emp_001100,2025-04-07,4.23
emp_001100,2025-01-07,4.38
emp_001100,2024-10-09,4.47
emp_001101,2026-04-02,4.03
emp_001102,2026-04-02,3.94
emp_001102,2026-01-02,4.02
emp_001102,2025-10-04,3.73
emp_001102,2025-07-06,4.47
emp_001102,2025-04-07,4.44
emp_001102,2025-01-07,3.41
emp_001102,2024-10-09,3.88
emp_001102,2024-07-11,4.1
emp_001103,2026-04-02,3.84
emp_001103,2026-01-02,3.64
emp_001103,2025-10-04,3.95
emp_001103,2025-07-06,3.29
emp_001103,2025-04-07,3.56
emp_001103,2025-01-07,4.18
emp_001103,2024-10-09,3.9
emp_001103,2024-07-11,3.74
emp_001104,2026-04-02,4.26
emp_001104,2026-01-02,4.16
emp_001104,2025-10-04,4.29
emp_001104,2025-07-06,4.17
emp_001104,2025-04-07,4.09
emp_001104,2025-01-07,4.28
emp_001104,2024-10-09,4.72
emp_001105,2026-04-02,3.88
emp_001106,2026-04-02,3.67
emp_001106,2026-01-02,4.0
emp_001106,2025-10-04,3.47
emp_001106,2025-07-06,3.6
emp_001106,2025-04-07,4.05
emp_001106,2025-01-07,3.75
emp_001106,2024-10-09,4.16
emp_001106,2024-07-11,3.38
emp_001107,2026-04-02,4.51
emp_001107,2026-01-02,3.96
emp_001107,2025-10-04,4.38
emp_001107,2025-07-06,4.05
emp_001107,2025-04-07,4.17
emp_001107,2025-01-07,3.67
emp_001107,2024-10-09,4.57
emp_001107,2024-07-11,3.62
emp_001108,2026-04-02,4.1
emp_001108,2026-01-02,4.24
emp_001108,2025-10-04,4.23
emp_001108,2025-07-06,4.85
emp_001108,2025-04-07,3.9
emp_001108,2025-01-07,4.57
emp_001108,2024-10-09,4.27
emp_001109,2026-04-02,4.37
emp_001109,2026-01-02,3.6
emp_001109,2025-10-04,3.67
emp_001109,2025-07-06,3.73
emp_001109,2025-04-07,3.48
emp_001109,2025-01-07,3.81
emp_001109,2024-10-09,2.88
emp_001109,2024-07-11,3.56
emp_001110,2026-04-02,4.16
emp_001110,2026-01-02,4.03
emp_001110,2025-10-04,4.23
emp_001110,2025-07-06,3.88
emp_001110,2025-04-07,4.58
emp_001110,2025-01-07,3.89
emp_001110,2024-10-09,3.81
emp_001110,2024-07-11,3.95
emp_001111,2026-04-02,3.53
emp_001111,2026-01-02,3.74
emp_001111,2025-10-04,3.73
emp_001111,2025-07-06,3.4
emp_001112,2026-04-02,4.34
emp_001112,2026-01-02,4.13
emp_001112,2025-10-04,4.69
emp_001113,2026-04-02,4.24
emp_001113,2026-01-02,4.3
emp_001113,2025-10-04,4.07
emp_001114,2026-04-02,4.04
emp_001114,2026-01-02,3.46
emp_001114,2025-10-04,3.71
emp_001114,2025-07-06,3.86
emp_001114,2025-04-07,2.97
emp_001114,2025-01-07,3.44
emp_001114,2024-10-09,2.94
emp_001114,2024-07-11,3.67
emp_001115,2026-04-02,4.07
emp_001115,2026-01-02,3.54
emp_001115,2025-10-04,3.93
emp_001115,2025-07-06,4.41
emp_001115,2025-04-07,4.25
emp_001115,2025-01-07,4.36
emp_001115,2024-10-09,4.08
emp_001115,2024-07-11,4.94
emp_001116,2026-04-02,3.71
emp_001116,2026-01-02,3.58
emp_001116,2025-10-04,4.19
emp_001116,2025-07-06,3.82
emp_001116,2025-04-07,3.77
emp_001116,2025-01-07,4.57
emp_001116,2024-10-09,3.57
emp_001116,2024-07-11,3.48
emp_001117,2026-04-02,3.87
emp_001117,2026-01-02,3.82
emp_001117,2025-10-04,3.17
emp_001117,2025-07-06,3.2
emp_001117,2025-04-07,3.91
emp_001117,2025-01-07,3.73
emp_001117,2024-10-09,3.56
emp_001117,2024-07-11,3.85
emp_001118,2026-04-02,3.7
emp_001118,2026-01-02,3.55
emp_001118,2025-10-04,4.47
emp_001118,2025-07-06,4.05
emp_001118,2025-04-07,3.89
emp_001118,2025-01-07,3.69
emp_001118,2024-10-09,3.72
emp_001118,2024-07-11,3.79
emp_001119,2026-04-02,3.72
emp_001119,2026-01-02,3.96
emp_001119,2025-10-04,3.28
emp_001119,2025-07-06,4.62
emp_001119,2025-04-07,3.97
emp_001119,2025-01-07,3.89
emp_001119,2024-10-09,3.32
emp_001119,2024-07-11,4.0
emp_001120,2026-04-02,3.68
emp_001120,2026-01-02,3.31
emp_001120,2025-10-04,3.77
emp_001120,2025-07-06,3.01
emp_001121,2026-04-02,4.66
emp_001121,2026-01-02,3.71
emp_001121,2025-10-04,3.84
emp_001122,2026-04-02,4.56
emp_001122,2026-01-02,3.98
emp_001122,2025-10-04,3.56
emp_001122,2025-07-06,4.2
emp_001122,2025-04-07,3.68
emp_001122,2025-01-07,3.74
emp_001123,2026-04-02,3.89
emp_001123,2026-01-02,3.46
emp_001123,2025-10-04,3.69
emp_001123,2025-07-06,3.33
emp_001123,2025-04-07,3.51
emp_001123,2025-01-07,3.7
emp_001123,2024-10-09,4.1
emp_001124,2026-04-02,4.72
emp_001124,2026-01-02,3.9
emp_001124,2025-10-04,4.68
emp_001124,2025-07-06,4.06
emp_001124,2025-04-07,3.47
emp_001124,2025-01-07,4.01
emp_001125,2026-04-02,3.68
emp_001125,2026-01-02,3.56
emp_001125,2025-10-04,3.4
emp_001125,2025-07-06,3.99
emp_001125,2025-04-07,3.99
emp_001125,2025-01-07,3.84
emp_001125,2024-10-09,4.4
emp_001125,2024-07-11,3.78
emp_001126,2026-04-02,4.12
emp_001127,2026-04-02,3.02
emp_001127,2026-01-02,3.76
emp_001127,2025-10-04,3.51
emp_001127,2025-07-06,3.19
emp_001127,2025-04-07,3.56
emp_001127,2025-01-07,2.72
emp_001127,2024-10-09,3.47
emp_001127,2024-07-11,3.56
emp_001128,2026-04-02,5.0
emp_001128,2026-01-02,3.62
emp_001128,2025-10-04,3.89
emp_001128,2025-07-06,4.02
emp_001128,2025-04-07,3.87
emp_001128,2025-01-07,4.16
emp_001128,2024-10-09,3.7
emp_001128,2024-07-11,3.61
emp_001129,2026-04-02,4.22
emp_001129,2026-01-02,4.45
emp_001129,2025-10-04,3.88
emp_001129,2025-07-06,3.93
emp_001129,2025-04-07,4.09
emp_001129,2025-01-07,4.54
emp_001129,2024-10-09,4.39
emp_001129,2024-07-11,3.65
emp_001131,2026-04-02,4.67
emp_001131,2026-01-02,4.52
emp_001131,2025-10-04,3.69
emp_001131,2025-07-06,3.93
emp_001131,2025-04-07,3.61
emp_001131,2025-01-07,4.74
emp_001131,2024-10-09,3.67
emp_001131,2024-07-11,4.21
emp_001132,2026-04-02,4.92
emp_001132,2026-01-02,4.15
emp_001132,2025-10-04,3.96
emp_001132,2025-07-06,4.35
emp_001132,2025-04-07,4.24
emp_001132,2025-01-07,4.18
emp_001132,2024-10-09,4.64
emp_001132,2024-07-11,4.88
emp_001133,2026-04-02,3.64
emp_001133,2026-01-02,3.48
emp_001133,2025-10-04,3.64
emp_001133,2025-07-06,2.9
emp_001133,2025-04-07,3.27
emp_001133,2025-01-07,3.65
emp_001133,2024-10-09,3.71
emp_001133,2024-07-11,3.9
emp_001134,2026-04-02,3.6
emp_001134,2026-01-02,3.93
emp_001134,2025-10-04,3.82
emp_001134,2025-07-06,3.88
emp_001134,2025-04-07,4.27
emp_001134,2025-01-07,4.05
emp_001134,2024-10-09,4.09
emp_001134,2024-07-11,4.22
emp_001135,2026-04-02,3.84
emp_001135,2026-01-02,3.34
emp_001135,2025-10-04,4.15
emp_001135,2025-07-06,3.12
emp_001135,2025-04-07,2.81
emp_001135,2025-01-07,3.27
emp_001135,2024-10-09,3.57
emp_001135,2024-07-11,3.72
emp_001136,2026-04-02,3.54
emp_001136,2026-01-02,4.25
emp_001136,2025-10-04,3.43
emp_001136,2025-07-06,3.55
emp_001136,2025-04-07,4.08
emp_001136,2025-01-07,4.24
emp_001137,2026-04-02,4.5
emp_001137,2026-01-02,4.26
emp_001137,2025-10-04,4.54
emp_001137,2025-07-06,3.85
emp_001137,2025-04-07,3.53
emp_001137,2025-01-07,4.92
emp_001138,2026-04-02,3.69
emp_001138,2026-01-02,3.44
emp_001138,2025-10-04,4.21
emp_001138,2025-07-06,4.45
emp_001138,2025-04-07,3.85
emp_001138,2025-01-07,4.47
emp_001138,2024-10-09,3.85
emp_001138,2024-07-11,4.26
emp_001139,2026-04-02,3.62
emp_001139,2026-01-02,4.4
emp_001139,2025-10-04,3.11
emp_001139,2025-07-06,4.25
emp_001139,2025-04-07,4.09
emp_001139,2025-01-07,3.58
emp_001139,2024-10-09,3.61
emp_001139,2024-07-11,4.34
emp_001140,2026-04-02,4.53
emp_001140,2026-01-02,3.8
emp_001140,2025-10-04,3.71
emp_001140,2025-07-06,4.06
emp_001140,2025-04-07,3.3
emp_001140,2025-01-07,4.05
emp_001140,2024-10-09,4.2
emp_001140,2024-07-11,4.05
emp_001141,2026-04-02,3.46
emp_001141,2026-01-02,2.56
emp_001141,2025-10-04,3.16
emp_001141,2025-07-06,3.3
emp_001141,2025-04-07,2.91
emp_001142,2026-04-02,4.74
emp_001142,2026-01-02,3.72
emp_001142,2025-10-04,4.22
emp_001142,2025-07-06,3.99
emp_001142,2025-04-07,4.14
emp_001142,2025-01-07,4.33
emp_001143,2026-04-02,3.97
emp_001143,2026-01-02,4.29
emp_001143,2025-10-04,3.7
emp_001143,2025-07-06,4.05
emp_001144,2026-04-02,3.62
emp_001144,2026-01-02,4.59
emp_001144,2025-10-04,3.8
emp_001144,2025-07-06,4.0
emp_001144,2025-04-07,3.94
emp_001144,2025-01-07,4.27
emp_001144,2024-10-09,3.67
emp_001144,2024-07-11,3.37
emp_001145,2026-04-02,2.82
emp_001145,2026-01-02,3.62
emp_001145,2025-10-04,4.03
emp_001145,2025-07-06,3.32
emp_001145,2025-04-07,3.97
emp_001145,2025-01-07,3.31
emp_001145,2024-10-09,3.05
emp_001145,2024-07-11,3.56
emp_001146,2026-04-02,3.8
emp_001146,2026-01-02,4.19
emp_001146,2025-10-04,4.08
emp_001146,2025-07-06,4.43
emp_001146,2025-04-07,4.04
emp_001147,2026-04-02,4.29
emp_001147,2026-01-02,4.93
emp_001147,2025-10-04,3.78
emp_001147,2025-07-06,3.36
emp_001147,2025-04-07,4.16
emp_001147,2025-01-07,3.78
emp_001147,2024-10-09,4.27
emp_001147,2024-07-11,3.71
emp_001148,2026-04-02,3.69
emp_001148,2026-01-02,3.91
emp_001148,2025-10-04,3.4
emp_001148,2025-07-06,3.36
emp_001148,2025-04-07,4.58
emp_001148,2025-01-07,3.7
emp_001148,2024-10-09,3.65
emp_001148,2024-07-11,3.5
emp_001149,2026-04-02,2.95
emp_001149,2026-01-02,3.1
emp_001149,2025-10-04,2.94
emp_001149,2025-07-06,2.41
emp_001149,2025-04-07,3.64
emp_001149,2025-01-07,3.01
emp_001149,2024-10-09,3.45
emp_001149,2024-07-11,2.32
emp_001150,2026-04-02,3.64
emp_001150,2026-01-02,3.67
emp_001150,2025-10-04,3.71
emp_001150,2025-07-06,3.98
emp_001150,2025-04-07,4.14
emp_001150,2025-01-07,3.96
emp_001150,2024-10-09,3.59
emp_001150,2024-07-11,3.3
emp_001151,2026-04-02,3.59
emp_001151,2026-01-02,3.14
emp_001151,2025-10-04,3.55
emp_001151,2025-07-06,4.48
emp_001151,2025-04-07,3.78
emp_001151,2025-01-07,4.07
emp_001152,2026-04-02,3.23
emp_001152,2026-01-02,3.5
emp_001152,2025-10-04,4.08
emp_001152,2025-07-06,3.62
emp_001152,2025-04-07,3.01
emp_001152,2025-01-07,3.72
emp_001152,2024-10-09,3.71
emp_001153,2026-04-02,3.87
emp_001153,2026-01-02,4.08
emp_001153,2025-10-04,4.22
emp_001153,2025-07-06,4.28
emp_001153,2025-04-07,4.48
emp_001153,2025-01-07,4.07
emp_001153,2024-10-09,4.33
emp_001153,2024-07-11,3.83
emp_001154,2026-04-02,3.68
emp_001154,2026-01-02,3.42
emp_001154,2025-10-04,3.73
emp_001154,2025-07-06,3.61
emp_001154,2025-04-07,3.33
emp_001154,2025-01-07,3.67
emp_001154,2024-10-09,3.28
emp_001154,2024-07-11,4.31
emp_001155,2026-04-02,4.0
emp_001155,2026-01-02,4.62
emp_001155,2025-10-04,3.12
emp_001155,2025-07-06,3.36
emp_001155,2025-04-07,4.1
emp_001155,2025-01-07,3.79
emp_001155,2024-10-09,4.14
emp_001155,2024-07-11,3.59
emp_001156,2026-04-02,3.58
emp_001156,2026-01-02,3.83
emp_001156,2025-10-04,3.55
emp_001156,2025-07-06,3.19
emp_001156,2025-04-07,4.45
emp_001156,2025-01-07,4.43
emp_001156,2024-10-09,3.88
emp_001156,2024-07-11,3.77
emp_001157,2026-04-02,4.29
emp_001157,2026-01-02,4.31
emp_001157,2025-10-04,4.2
emp_001157,2025-07-06,4.3
emp_001157,2025-04-07,4.15
emp_001157,2025-01-07,4.02
emp_001157,2024-10-09,3.56
emp_001158,2026-04-02,3.98
emp_001158,2026-01-02,3.65
emp_001158,2025-10-04,4.33
emp_001158,2025-07-06,3.8
emp_001158,2025-04-07,3.42
emp_001158,2025-01-07,4.17
emp_001158,2024-10-09,3.33
emp_001158,2024-07-11,3.98
emp_001159,2026-04-02,3.19
emp_001159,2026-01-02,4.17
emp_001159,2025-10-04,4.39
emp_001159,2025-07-06,3.52
emp_001159,2025-04-07,3.5
emp_001159,2025-01-07,3.85
emp_001159,2024-10-09,4.16
emp_001159,2024-07-11,3.66
emp_001161,2026-04-02,3.8
emp_001161,2026-01-02,3.57
emp_001161,2025-10-04,2.85
emp_001161,2025-07-06,3.8
emp_001161,2025-04-07,3.44
emp_001161,2025-01-07,3.52
emp_001161,2024-10-09,3.79
emp_001161,2024-07-11,3.63
emp_001162,2026-04-02,4.25
emp_001162,2026-01-02,4.82
emp_001162,2025-10-04,4.33
emp_001162,2025-07-06,4.1
emp_001162,2025-04-07,4.2
emp_001162,2025-01-07,4.31
emp_001162,2024-10-09,3.43
emp_001162,2024-07-11,3.86
emp_001163,2026-04-02,3.5
emp_001163,2026-01-02,3.24
emp_001163,2025-10-04,3.14
emp_001163,2025-07-06,2.56
emp_001163,2025-04-07,3.44
emp_001164,2026-04-02,4.07
emp_001164,2026-01-02,4.74
emp_001165,2026-04-02,3.39
emp_001165,2026-01-02,4.26
emp_001165,2025-10-04,4.07
emp_001165,2025-07-06,4.06
emp_001165,2025-04-07,4.12
emp_001165,2025-01-07,4.42
emp_001165,2024-10-09,4.12
emp_001165,2024-07-11,3.94
emp_001166,2026-04-02,3.87
emp_001166,2026-01-02,3.77
emp_001166,2025-10-04,4.29
emp_001166,2025-07-06,3.95
emp_001166,2025-04-07,3.93
emp_001166,2025-01-07,4.44
emp_001166,2024-10-09,3.89
emp_001166,2024-07-11,4.58
emp_001167,2026-04-02,3.89
emp_001167,2026-01-02,4.54
emp_001167,2025-10-04,4.0
emp_001167,2025-07-06,5.0
emp_001168,2026-04-02,3.97
emp_001168,2026-01-02,4.35
emp_001168,2025-10-04,4.07
emp_001168,2025-07-06,3.89
emp_001168,2025-04-07,3.93
emp_001168,2025-01-07,3.86
emp_001169,2026-04-02,3.89
emp_001169,2026-01-02,3.97
emp_001169,2025-10-04,3.75
emp_001170,2026-04-02,3.3
emp_001170,2026-01-02,3.0
emp_001170,2025-10-04,2.82
emp_001170,2025-07-06,3.69
emp_001170,2025-04-07,3.67
emp_001170,2025-01-07,3.41
emp_001171,2026-04-02,4.8
emp_001171,2026-01-02,3.9
emp_001171,2025-10-04,3.5
emp_001171,2025-07-06,3.89
emp_001171,2025-04-07,3.82
emp_001171,2025-01-07,4.19
emp_001171,2024-10-09,3.92
emp_001171,2024-07-11,3.95
emp_001172,2026-04-02,3.6
emp_001172,2026-01-02,3.42
emp_001172,2025-10-04,4.09
emp_001172,2025-07-06,3.75
emp_001172,2025-04-07,3.82
emp_001173,2026-04-02,4.54
emp_001173,2026-01-02,3.89
emp_001173,2025-10-04,3.64
emp_001173,2025-07-06,3.25
emp_001173,2025-04-07,3.95
emp_001173,2025-01-07,3.98
emp_001173,2024-10-09,4.19
emp_001173,2024-07-11,4.31
emp_001175,2026-04-02,3.5
emp_001176,2026-04-02,3.75
emp_001176,2026-01-02,4.13
emp_001176,2025-10-04,4.45
emp_001176,2025-07-06,3.18
emp_001176,2025-04-07,4.52
emp_001176,2025-01-07,4.75
emp_001176,2024-10-09,4.02
emp_001176,2024-07-11,3.89
emp_001177,2026-04-02,4.02
emp_001177,2026-01-02,4.48
emp_001177,2025-10-04,4.03
emp_001177,2025-07-06,3.89
emp_001177,2025-04-07,3.78
emp_001177,2025-01-07,3.95
emp_001177,2024-10-09,3.5
emp_001178,2026-04-02,4.11
emp_001178,2026-01-02,4.29
emp_001178,2025-10-04,3.59
emp_001179,2026-04-02,4.12
emp_001179,2026-01-02,3.53
emp_001179,2025-10-04,3.29
emp_001179,2025-07-06,3.58
emp_001179,2025-04-07,3.2
emp_001179,2025-01-07,3.72
emp_001179,2024-10-09,4.27
emp_001179,2024-07-11,3.81
emp_001180,2026-04-02,3.97
emp_001180,2026-01-02,3.33
emp_001180,2025-10-04,3.72
emp_001180,2025-07-06,3.2
emp_001180,2025-04-07,3.76
emp_001180,2025-01-07,3.81
emp_001180,2024-10-09,3.61
emp_001180,2024-07-11,3.62
emp_001181,2026-04-02,3.35
emp_001182,2026-04-02,4.39
emp_001182,2026-01-02,3.77
emp_001182,2025-10-04,3.87
emp_001182,2025-07-06,3.85
emp_001182,2025-04-07,4.12
emp_001183,2026-04-02,3.8
emp_001183,2026-01-02,4.22
emp_001183,2025-10-04,3.63
emp_001183,2025-07-06,4.48
emp_001183,2025-04-07,4.38
emp_001183,2025-01-07,4.29
emp_001183,2024-10-09,3.39
emp_001183,2024-07-11,4.09
emp_001184,2026-04-02,3.55
emp_001184,2026-01-02,3.49
emp_001184,2025-10-04,3.91
emp_001184,2025-07-06,3.39
emp_001184,2025-04-07,3.25
emp_001184,2025-01-07,3.59
emp_001184,2024-10-09,3.58
emp_001184,2024-07-11,3.63
emp_001185,2026-04-02,4.23
emp_001185,2026-01-02,3.9
emp_001185,2025-10-04,3.87
emp_001185,2025-07-06,3.53
emp_001185,2025-04-07,4.15
emp_001185,2025-01-07,4.1
emp_001185,2024-10-09,4.42
emp_001186,2026-04-02,3.44
emp_001186,2026-01-02,3.37
emp_001186,2025-10-04,3.42
emp_001186,2025-07-06,2.75
emp_001186,2025-04-07,2.77
emp_001186,2025-01-07,3.55
emp_001186,2024-10-09,3.5
emp_001186,2024-07-11,3.47
emp_001187,2026-04-02,3.38
emp_001187,2026-01-02,3.86
emp_001187,2025-10-04,2.74
emp_001187,2025-07-06,3.2
emp_001187,2025-04-07,3.19
emp_001187,2025-01-07,3.7
emp_001187,2024-10-09,2.62
emp_001187,2024-07-11,3.66
emp_001188,2026-04-02,3.21
emp_001188,2026-01-02,4.07
emp_001188,2025-10-04,4.03
emp_001189,2026-04-02,4.11
emp_001189,2026-01-02,4.2
emp_001189,2025-10-04,4.03
emp_001189,2025-07-06,3.8
emp_001189,2025-04-07,4.46
emp_001189,2025-01-07,4.05
emp_001189,2024-10-09,4.35
emp_001189,2024-07-11,3.79
emp_001190,2026-04-02,4.35
emp_001190,2026-01-02,4.17
emp_001190,2025-10-04,4.82
emp_001190,2025-07-06,3.75
emp_001190,2025-04-07,4.06
emp_001190,2025-01-07,4.29
emp_001190,2024-10-09,3.88
emp_001190,2024-07-11,4.38
emp_001191,2026-04-02,3.42
emp_001191,2026-01-02,3.18
emp_001191,2025-10-04,3.19
emp_001191,2025-07-06,3.38
emp_001191,2025-04-07,3.15
emp_001191,2025-01-07,3.04
emp_001191,2024-10-09,3.74
emp_001191,2024-07-11,2.99
emp_001192,2026-04-02,3.64
emp_001192,2026-01-02,3.53
emp_001192,2025-10-04,4.37
emp_001192,2025-07-06,3.94
emp_001192,2025-04-07,3.45
emp_001192,2025-01-07,3.83
emp_001192,2024-10-09,3.41
emp_001192,2024-07-11,3.86
emp_001193,2026-04-02,4.02
emp_001193,2026-01-02,3.65
emp_001193,2025-10-04,3.99
emp_001193,2025-07-06,3.3
emp_001193,2025-04-07,3.29
emp_001193,2025-01-07,3.98
emp_001193,2024-10-09,3.69
emp_001193,2024-07-11,4.55
emp_001194,2026-04-02,3.15
emp_001194,2026-01-02,4.15
emp_001194,2025-10-04,3.99
emp_001194,2025-07-06,3.39
emp_001194,2025-04-07,3.6
emp_001194,2025-01-07,3.53
emp_001194,2024-10-09,3.68
emp_001194,2024-07-11,3.95
emp_001195,2026-04-02,4.0
emp_001195,2026-01-02,4.21
emp_001195,2025-10-04,3.77
emp_001195,2025-07-06,3.85
emp_001195,2025-04-07,4.19
emp_001195,2025-01-07,4.54
emp_001195,2024-10-09,4.24
emp_001195,2024-07-11,3.42
emp_001196,2026-04-02,4.41
emp_001196,2026-01-02,4.26
emp_001196,2025-10-04,3.99
emp_001196,2025-07-06,3.86
emp_001196,2025-04-07,3.69
emp_001196,2025-01-07,4.26
emp_001196,2024-10-09,3.94
emp_001196,2024-07-11,3.66
emp_001197,2026-04-02,3.82
emp_001197,2026-01-02,3.87
emp_001197,2025-10-04,4.0
emp_001197,2025-07-06,3.72
emp_001197,2025-04-07,4.06
emp_001197,2025-01-07,4.7
emp_001197,2024-10-09,4.25
emp_001197,2024-07-11,3.99
emp_001198,2026-04-02,4.3
emp_001198,2026-01-02,4.3
emp_001198,2025-10-04,3.94
emp_001198,2025-07-06,3.66
emp_001198,2025-04-07,4.72
emp_001199,2026-04-02,4.19
emp_001199,2026-01-02,4.05
emp_001199,2025-10-04,4.49
emp_001199,2025-07-06,3.92
emp_001199,2025-04-07,3.85
emp_001199,2025-01-07,3.68
emp_001199,2024-10-09,3.99
emp_001199,2024-07-11,3.39
emp_001200,2026-04-02,4.25
emp_001200,2026-01-02,3.5
emp_001201,2026-04-02,3.49
emp_001201,2026-01-02,3.94
emp_001201,2025-10-04,3.88
emp_001201,2025-07-06,3.86
emp_001201,2025-04-07,3.5
emp_001201,2025-01-07,3.78
emp_001201,2024-10-09,3.04
emp_001201,2024-07-11,3.89
emp_001202,2026-04-02,3.53
emp_001202,2026-01-02,3.83
emp_001203,2026-04-02,3.76
emp_001203,2026-01-02,3.55
emp_001203,2025-10-04,3.84
emp_001203,2025-07-06,3.9
emp_001203,2025-04-07,3.78
emp_001203,2025-01-07,3.61
emp_001203,2024-10-09,4.39
emp_001203,2024-07-11,3.96
emp_001204,2026-04-02,3.94
emp_001204,2026-01-02,3.59
emp_001204,2025-10-04,3.04
emp_001204,2025-07-06,3.49
emp_001204,2025-04-07,3.4
emp_001204,2025-01-07,3.54
emp_001204,2024-10-09,3.78
emp_001204,2024-07-11,3.91
emp_001205,2026-04-02,3.41
emp_001205,2026-01-02,3.29
emp_001205,2025-10-04,3.07
emp_001205,2025-07-06,3.72
emp_001205,2025-04-07,3.6
emp_001205,2025-01-07,3.76
emp_001205,2024-10-09,3.46
emp_001205,2024-07-11,3.54
emp_001206,2026-04-02,3.33
emp_001206,2026-01-02,3.99
emp_001206,2025-10-04,3.9
emp_001206,2025-07-06,4.61
emp_001206,2025-04-07,4.12
emp_001207,2026-04-02,4.72
emp_001207,2026-01-02,4.54
emp_001207,2025-10-04,4.72
emp_001207,2025-07-06,4.65
emp_001207,2025-04-07,4.03
emp_001207,2025-01-07,4.79
emp_001207,2024-10-09,4.99
emp_001207,2024-07-11,4.46
emp_001208,2026-04-02,3.88
emp_001208,2026-01-02,3.99
emp_001208,2025-10-04,3.03
emp_001208,2025-07-06,3.67
emp_001208,2025-04-07,3.73
emp_001208,2025-01-07,3.66
emp_001208,2024-10-09,3.21
emp_001208,2024-07-11,3.47
emp_001209,2026-04-02,3.4
emp_001209,2026-01-02,3.84
emp_001209,2025-10-04,3.31
emp_001209,2025-07-06,2.84
emp_001209,2025-04-07,2.94
emp_001209,2025-01-07,3.6
emp_001209,2024-10-09,3.66
emp_001209,2024-07-11,4.03
emp_001210,2026-04-02,4.38
emp_001211,2026-04-02,3.81
emp_001211,2026-01-02,3.58
emp_001212,2026-04-02,4.22
emp_001212,2026-01-02,3.83
emp_001212,2025-10-04,3.85
emp_001212,2025-07-06,4.28
emp_001212,2025-04-07,4.22
emp_001212,2025-01-07,4.28
emp_001213,2026-04-02,3.41
emp_001213,2026-01-02,3.0
emp_001213,2025-10-04,3.44
emp_001213,2025-07-06,2.73
emp_001213,2025-04-07,2.51
emp_001213,2025-01-07,2.98
emp_001213,2024-10-09,3.2
emp_001213,2024-07-11,3.31
emp_001214,2026-04-02,4.58
emp_001214,2026-01-02,4.14
emp_001214,2025-10-04,3.71
emp_001214,2025-07-06,3.92
emp_001214,2025-04-07,3.79
emp_001214,2025-01-07,3.78
emp_001214,2024-10-09,3.68
emp_001214,2024-07-11,3.66
emp_001215,2026-04-02,3.69
emp_001215,2026-01-02,4.27
emp_001215,2025-10-04,4.08
emp_001215,2025-07-06,3.93
emp_001215,2025-04-07,4.04
emp_001216,2026-04-02,4.09
emp_001216,2026-01-02,3.61
emp_001216,2025-10-04,3.6
emp_001216,2025-07-06,3.68
emp_001216,2025-04-07,3.83
emp_001216,2025-01-07,3.7
emp_001216,2024-10-09,4.27
emp_001216,2024-07-11,3.24
emp_001217,2026-04-02,4.04
emp_001217,2026-01-02,3.88
emp_001217,2025-10-04,4.66
emp_001217,2025-07-06,4.01
emp_001217,2025-04-07,4.12
emp_001217,2025-01-07,4.61
emp_001217,2024-10-09,4.56
emp_001217,2024-07-11,4.05
emp_001218,2026-04-02,3.25
emp_001218,2026-01-02,3.37
emp_001218,2025-10-04,3.65
emp_001218,2025-07-06,4.15
emp_001218,2025-04-07,3.23
emp_001218,2025-01-07,3.42
emp_001218,2024-10-09,3.21
emp_001218,2024-07-11,3.69
emp_001219,2026-04-02,4.55
emp_001219,2026-01-02,4.64
emp_001219,2025-10-04,4.31
emp_001219,2025-07-06,4.36
emp_001220,2026-04-02,3.4
emp_001220,2026-01-02,4.15
emp_001220,2025-10-04,4.33
emp_001220,2025-07-06,4.18
emp_001220,2025-04-07,3.65
emp_001220,2025-01-07,3.58
emp_001220,2024-10-09,3.49
emp_001220,2024-07-11,3.81
emp_001221,2026-04-02,4.21
emp_001221,2026-01-02,4.03
emp_001221,2025-10-04,3.85
emp_001222,2026-04-02,3.52
emp_001222,2026-01-02,3.56
emp_001222,2025-10-04,3.95
emp_001222,2025-07-06,4.1
emp_001222,2025-04-07,4.31
emp_001222,2025-01-07,3.82
emp_001222,2024-10-09,4.16
emp_001222,2024-07-11,3.78
emp_001223,2026-04-02,4.18
emp_001223,2026-01-02,4.43
emp_001223,2025-10-04,4.15
emp_001223,2025-07-06,4.74
emp_001223,2025-04-07,4.13
emp_001223,2025-01-07,4.99
emp_001223,2024-10-09,3.8
emp_001223,2024-07-11,4.03
emp_001224,2026-04-02,4.31
emp_001224,2026-01-02,4.31
emp_001224,2025-10-04,4.52
emp_001224,2025-07-06,3.86
emp_001224,2025-04-07,3.95
emp_001224,2025-01-07,4.09
emp_001224,2024-10-09,4.64
emp_001225,2026-04-02,3.93
emp_001225,2026-01-02,3.95
emp_001225,2025-10-04,4.29
emp_001225,2025-07-06,4.22
emp_001225,2025-04-07,3.63
emp_001225,2025-01-07,4.17
emp_001225,2024-10-09,4.5
emp_001225,2024-07-11,3.96
emp_001226,2026-04-02,3.13
emp_001226,2026-01-02,3.48
emp_001226,2025-10-04,3.65
emp_001226,2025-07-06,3.24
emp_001226,2025-04-07,3.2
emp_001226,2025-01-07,3.12
emp_001226,2024-10-09,4.03
emp_001226,2024-07-11,2.79
emp_001227,2026-04-02,3.81
emp_001227,2026-01-02,4.03
emp_001227,2025-10-04,3.72
emp_001227,2025-07-06,3.95
emp_001227,2025-04-07,3.81
emp_001227,2025-01-07,3.91
emp_001227,2024-10-09,3.59
emp_001227,2024-07-11,3.83
emp_001228,2026-04-02,3.66
emp_001228,2026-01-02,3.74
emp_001228,2025-10-04,3.47
emp_001228,2025-07-06,3.66
emp_001228,2025-04-07,3.68
emp_001228,2025-01-07,3.43
emp_001228,2024-10-09,3.61
emp_001229,2026-04-02,4.06
emp_001229,2026-01-02,3.68
emp_001229,2025-10-04,3.68
emp_001229,2025-07-06,3.89
emp_001229,2025-04-07,4.43
emp_001229,2025-01-07,4.19
emp_001229,2024-10-09,3.7
emp_001229,2024-07-11,4.7
emp_001230,2026-04-02,4.34
emp_001230,2026-01-02,3.54
emp_001230,2025-10-04,4.1
emp_001230,2025-07-06,4.36
emp_001231,2026-04-02,3.5
emp_001231,2026-01-02,2.87
emp_001231,2025-10-04,2.86
emp_001231,2025-07-06,2.8
emp_001231,2025-04-07,3.92
emp_001231,2025-01-07,3.06
emp_001231,2024-10-09,3.07
emp_001231,2024-07-11,3.17
emp_001232,2026-04-02,3.8
emp_001232,2026-01-02,4.18
emp_001232,2025-10-04,4.25
emp_001232,2025-07-06,4.48
emp_001232,2025-04-07,4.21
emp_001232,2025-01-07,4.38
emp_001232,2024-10-09,4.31
emp_001232,2024-07-11,2.96
emp_001233,2026-04-02,3.54
emp_001233,2026-01-02,2.74
emp_001233,2025-10-04,3.74
emp_001233,2025-07-06,3.43
emp_001233,2025-04-07,3.24
emp_001233,2025-01-07,3.03
emp_001233,2024-10-09,3.2
emp_001233,2024-07-11,3.19
emp_001234,2026-04-02,4.29
emp_001234,2026-01-02,3.62
emp_001234,2025-10-04,4.23
emp_001234,2025-07-06,3.39
emp_001234,2025-04-07,3.37
emp_001234,2025-01-07,3.1
emp_001234,2024-10-09,4.15
emp_001234,2024-07-11,3.71
emp_001235,2026-04-02,4.35
emp_001235,2026-01-02,4.52
emp_001235,2025-10-04,4.56
emp_001236,2026-04-02,3.98
emp_001236,2026-01-02,3.65
emp_001236,2025-10-04,3.24
emp_001236,2025-07-06,3.26
emp_001236,2025-04-07,3.59
emp_001236,2025-01-07,3.56
emp_001236,2024-10-09,3.69
emp_001236,2024-07-11,3.48
emp_001237,2026-04-02,2.82
emp_001237,2026-01-02,2.53
emp_001237,2025-10-04,2.49
emp_001238,2026-04-02,3.67
emp_001238,2026-01-02,3.93
emp_001238,2025-10-04,3.88
emp_001238,2025-07-06,4.3
emp_001238,2025-04-07,3.54
emp_001238,2025-01-07,4.12
emp_001238,2024-10-09,3.39
emp_001239,2026-04-02,3.69
emp_001239,2026-01-02,3.88
emp_001239,2025-10-04,3.6
emp_001239,2025-07-06,4.19
emp_001239,2025-04-07,3.59
emp_001239,2025-01-07,3.76
emp_001239,2024-10-09,4.2
emp_001239,2024-07-11,4.22
emp_001240,2026-04-02,3.92
emp_001240,2026-01-02,4.36
emp_001240,2025-10-04,3.86
emp_001240,2025-07-06,3.66
emp_001240,2025-04-07,3.89
emp_001240,2025-01-07,4.0
emp_001240,2024-10-09,4.0
emp_001240,2024-07-11,4.27
emp_001241,2026-04-02,3.98
emp_001241,2026-01-02,4.32
emp_001241,2025-10-04,4.17
emp_001241,2025-07-06,4.39
emp_001241,2025-04-07,4.2
emp_001241,2025-01-07,5.0
emp_001242,2026-04-02,5.0
emp_001242,2026-01-02,4.66
emp_001242,2025-10-04,4.64
emp_001242,2025-07-06,4.41
emp_001242,2025-04-07,4.04
emp_001242,2025-01-07,3.94
emp_001242,2024-10-09,4.33
emp_001242,2024-07-11,4.51
emp_001243,2026-04-02,3.91
emp_001243,2026-01-02,3.74
emp_001243,2025-10-04,3.31
emp_001243,2025-07-06,3.42
emp_001243,2025-04-07,3.91
emp_001243,2025-01-07,3.19
emp_001243,2024-10-09,3.42
emp_001243,2024-07-11,3.51
emp_001244,2026-04-02,3.12
emp_001244,2026-01-02,4.02
emp_001244,2025-10-04,3.27
emp_001244,2025-07-06,3.65
emp_001244,2025-04-07,3.78
emp_001245,2026-04-02,4.06
emp_001245,2026-01-02,3.28
emp_001245,2025-10-04,3.73
emp_001245,2025-07-06,3.53
emp_001245,2025-04-07,3.89
emp_001245,2025-01-07,3.14
emp_001245,2024-10-09,3.97
emp_001245,2024-07-11,2.81
emp_001246,2026-04-02,4.22
emp_001246,2026-01-02,4.16
emp_001246,2025-10-04,5.0
emp_001246,2025-07-06,4.09
emp_001246,2025-04-07,4.24
emp_001246,2025-01-07,4.55
emp_001246,2024-10-09,4.52
emp_001246,2024-07-11,4.94
emp_001247,2026-04-02,4.43
emp_001247,2026-01-02,3.34
emp_001247,2025-10-04,3.55
emp_001247,2025-07-06,4.6
emp_001247,2025-04-07,3.92
emp_001247,2025-01-07,4.51
emp_001247,2024-10-09,4.01
emp_001247,2024-07-11,3.2
emp_001248,2026-04-02,4.08
emp_001248,2026-01-02,3.5
emp_001248,2025-10-04,3.43
emp_001248,2025-07-06,3.07
emp_001248,2025-04-07,4.04
emp_001248,2025-01-07,3.1
emp_001248,2024-10-09,3.98
emp_001248,2024-07-11,3.67
emp_001249,2026-04-02,3.19
emp_001249,2026-01-02,4.05
emp_001249,2025-10-04,2.98
emp_001249,2025-07-06,3.73
emp_001249,2025-04-07,3.5
emp_001250,2026-04-02,3.81
emp_001250,2026-01-02,3.64
emp_001250,2025-10-04,3.45
emp_001250,2025-07-06,3.43
emp_001250,2025-04-07,3.41
emp_001250,2025-01-07,3.6
emp_001250,2024-10-09,3.02
emp_001250,2024-07-11,3.47
emp_001251,2026-04-02,3.81
emp_001251,2026-01-02,3.82
emp_001251,2025-10-04,4.7
emp_001251,2025-07-06,3.79
emp_001251,2025-04-07,4.31
emp_001251,2025-01-07,3.82
emp_001251,2024-10-09,4.47
emp_001251,2024-07-11,4.01
emp_001252,2026-04-02,3.41
emp_001252,2026-01-02,3.54
emp_001252,2025-10-04,3.69
emp_001252,2025-07-06,3.29
emp_001252,2025-04-07,3.43
emp_001252,2025-01-07,3.51
emp_001252,2024-10-09,3.71
emp_001252,2024-07-11,3.5
emp_001253,2026-04-02,3.53
emp_001253,2026-01-02,3.54
emp_001253,2025-10-04,3.02
emp_001253,2025-07-06,2.82
emp_001253,2025-04-07,3.53
emp_001254,2026-04-02,3.17
emp_001254,2026-01-02,3.56
emp_001254,2025-10-04,3.89
emp_001254,2025-07-06,3.84
emp_001254,2025-04-07,3.63
emp_001255,2026-04-02,3.55
emp_001255,2026-01-02,3.3
emp_001255,2025-10-04,3.55
emp_001255,2025-07-06,2.66
emp_001255,2025-04-07,3.59
emp_001255,2025-01-07,3.3
emp_001255,2024-10-09,3.31
emp_001255,2024-07-11,3.15
emp_001256,2026-04-02,3.34
emp_001256,2026-01-02,4.56
emp_001256,2025-10-04,3.91
emp_001256,2025-07-06,3.53
emp_001256,2025-04-07,3.6
emp_001256,2025-01-07,3.36
emp_001256,2024-10-09,3.6
emp_001256,2024-07-11,3.3
emp_001257,2026-04-02,3.98
emp_001257,2026-01-02,3.66
emp_001257,2025-10-04,3.5
emp_001257,2025-07-06,3.63
emp_001257,2025-04-07,4.02
emp_001257,2025-01-07,4.36
emp_001257,2024-10-09,3.55
emp_001257,2024-07-11,4.34
emp_001258,2026-04-02,2.8
emp_001258,2026-01-02,3.64
emp_001258,2025-10-04,3.83
emp_001258,2025-07-06,3.17
emp_001259,2026-04-02,3.93
emp_001259,2026-01-02,4.15
emp_001259,2025-10-04,4.51
emp_001259,2025-07-06,4.08
emp_001259,2025-04-07,3.14
emp_001259,2025-01-07,4.47
emp_001259,2024-10-09,4.21
emp_001259,2024-07-11,4.5
emp_001260,2026-04-02,3.83
emp_001260,2026-01-02,3.96
emp_001260,2025-10-04,3.79
emp_001260,2025-07-06,4.44
emp_001260,2025-04-07,4.37
emp_001260,2025-01-07,3.78
emp_001260,2024-10-09,3.64
emp_001260,2024-07-11,4.03
emp_001261,2026-04-02,3.52
emp_001261,2026-01-02,2.92
emp_001261,2025-10-04,3.37
emp_001261,2025-07-06,2.97
emp_001261,2025-04-07,3.04
emp_001261,2025-01-07,3.61
emp_001261,2024-10-09,4.19
emp_001261,2024-07-11,4.05
emp_001262,2026-04-02,4.44
emp_001262,2026-01-02,4.28
emp_001263,2026-04-02,3.88
emp_001263,2026-01-02,4.2
emp_001263,2025-10-04,3.84
emp_001263,2025-07-06,3.92
emp_001263,2025-04-07,4.1
emp_001263,2025-01-07,3.77
emp_001264,2026-04-02,4.25
emp_001264,2026-01-02,4.07
emp_001265,2026-04-02,3.78
emp_001265,2026-01-02,3.68
emp_001265,2025-10-04,4.01
emp_001265,2025-07-06,4.37
emp_001265,2025-04-07,4.27
emp_001265,2025-01-07,3.94
emp_001265,2024-10-09,3.89
emp_001266,2026-04-02,3.18
emp_001266,2026-01-02,3.12
emp_001266,2025-10-04,3.62
emp_001266,2025-07-06,3.39
emp_001266,2025-04-07,3.73
emp_001266,2025-01-07,3.01
emp_001266,2024-10-09,3.17
emp_001266,2024-07-11,3.36
emp_001267,2026-04-02,3.0
emp_001267,2026-01-02,3.17
emp_001267,2025-10-04,3.32
emp_001267,2025-07-06,3.55
emp_001267,2025-04-07,3.81
emp_001267,2025-01-07,3.72
emp_001267,2024-10-09,4.0
emp_001267,2024-07-11,3.1
emp_001268,2026-04-02,3.84
emp_001268,2026-01-02,3.58
emp_001268,2025-10-04,4.0
emp_001268,2025-07-06,4.34
emp_001268,2025-04-07,4.2
emp_001268,2025-01-07,4.32
emp_001269,2026-04-02,2.75
emp_001269,2026-01-02,3.21
emp_001269,2025-10-04,3.26
emp_001269,2025-07-06,3.09
emp_001269,2025-04-07,3.69
emp_001269,2025-01-07,3.21
emp_001270,2026-04-02,3.46
emp_001270,2026-01-02,3.58
emp_001271,2026-04-02,4.26
emp_001271,2026-01-02,3.79
emp_001271,2025-10-04,3.91
emp_001271,2025-07-06,3.73
emp_001271,2025-04-07,4.02
emp_001271,2025-01-07,3.95
emp_001271,2024-10-09,3.66
emp_001272,2026-04-02,3.74
emp_001272,2026-01-02,3.23
emp_001272,2025-10-04,3.91
emp_001272,2025-07-06,4.35
emp_001272,2025-04-07,4.09
emp_001272,2025-01-07,4.04
emp_001272,2024-10-09,3.64
emp_001272,2024-07-11,3.51
emp_001273,2026-04-02,3.51
emp_001273,2026-01-02,3.84
emp_001273,2025-10-04,4.07
emp_001273,2025-07-06,3.32
emp_001273,2025-04-07,3.3
emp_001273,2025-01-07,3.26
emp_001273,2024-10-09,4.2
emp_001273,2024-07-11,3.75
emp_001274,2026-04-02,3.63
emp_001274,2026-01-02,2.79
emp_001274,2025-10-04,3.46
emp_001274,2025-07-06,3.09
emp_001274,2025-04-07,3.03
emp_001274,2025-01-07,3.32
emp_001274,2024-10-09,3.32
emp_001275,2026-04-02,3.67
emp_001275,2026-01-02,3.71
emp_001275,2025-10-04,3.61
emp_001275,2025-07-06,3.25
emp_001275,2025-04-07,3.68
emp_001275,2025-01-07,3.19
emp_001275,2024-10-09,3.98
emp_001275,2024-07-11,3.53
emp_001276,2026-04-02,2.97
emp_001276,2026-01-02,3.05
emp_001276,2025-10-04,2.96
emp_001276,2025-07-06,3.04
emp_001276,2025-04-07,3.47
emp_001276,2025-01-07,3.67
emp_001276,2024-10-09,4.33
emp_001276,2024-07-11,2.42
emp_001277,2026-04-02,4.46
emp_001277,2026-01-02,3.8
emp_001277,2025-10-04,3.61
emp_001277,2025-07-06,3.52
emp_001277,2025-04-07,3.87
emp_001277,2025-01-07,3.16
emp_001277,2024-10-09,4.45
emp_001277,2024-07-11,4.33
emp_001278,2026-04-02,3.99
emp_001278,2026-01-02,3.43
emp_001278,2025-10-04,3.0
emp_001279,2026-04-02,3.84
emp_001279,2026-01-02,3.57
emp_001279,2025-10-04,3.53
emp_001279,2025-07-06,4.47
emp_001279,2025-04-07,4.19
emp_001279,2025-01-07,3.5
emp_001280,2026-04-02,3.52
emp_001280,2026-01-02,3.7
emp_001281,2026-04-02,3.87
emp_001281,2026-01-02,4.21
emp_001281,2025-10-04,3.8
emp_001281,2025-07-06,3.55
emp_001281,2025-04-07,4.51
emp_001281,2025-01-07,4.11
emp_001281,2024-10-09,3.48
emp_001281,2024-07-11,3.43
emp_001282,2026-04-02,4.26
emp_001282,2026-01-02,4.49
emp_001282,2025-10-04,4.2
emp_001282,2025-07-06,4.4
emp_001282,2025-04-07,4.35
emp_001282,2025-01-07,3.44
emp_001282,2024-10-09,4.21
emp_001282,2024-07-11,4.36
emp_001283,2026-04-02,4.54
emp_001283,2026-01-02,4.06
emp_001283,2025-10-04,4.38
emp_001283,2025-07-06,4.44
emp_001284,2026-04-02,4.28
emp_001284,2026-01-02,4.74
emp_001284,2025-10-04,3.68
emp_001284,2025-07-06,3.9
emp_001284,2025-04-07,3.48
emp_001284,2025-01-07,3.36
emp_001284,2024-10-09,3.73
emp_001284,2024-07-11,3.82
emp_001285,2026-04-02,3.3
emp_001285,2026-01-02,3.45
emp_001285,2025-10-04,3.63
emp_001285,2025-07-06,3.47
emp_001285,2025-04-07,3.87
emp_001286,2026-04-02,3.85
emp_001287,2026-04-02,3.25
emp_001287,2026-01-02,3.42
emp_001287,2025-10-04,2.79
emp_001287,2025-07-06,3.52
emp_001287,2025-04-07,3.87
emp_001287,2025-01-07,3.61
emp_001287,2024-10-09,3.49
emp_001287,2024-07-11,3.55
emp_001288,2026-04-02,3.82
emp_001288,2026-01-02,3.54
emp_001288,2025-10-04,3.59
emp_001288,2025-07-06,3.65
emp_001288,2025-04-07,3.95
emp_001288,2025-01-07,4.58
emp_001288,2024-10-09,4.2
emp_001288,2024-07-11,3.54
emp_001289,2026-04-02,4.33
emp_001289,2026-01-02,4.46
emp_001289,2025-10-04,3.91
emp_001289,2025-07-06,3.53
emp_001289,2025-04-07,3.88
emp_001289,2025-01-07,4.7
emp_001289,2024-10-09,3.57
emp_001289,2024-07-11,4.2
emp_001290,2026-04-02,2.92
emp_001290,2026-01-02,3.74
emp_001290,2025-10-04,3.03
emp_001290,2025-07-06,3.5
emp_001290,2025-04-07,3.26
emp_001290,2025-01-07,3.19
emp_001290,2024-10-09,3.68
emp_001290,2024-07-11,3.12
emp_001291,2026-04-02,4.35
emp_001291,2026-01-02,4.44
emp_001291,2025-10-04,4.72
emp_001291,2025-07-06,4.34
emp_001292,2026-04-02,4.29
emp_001292,2026-01-02,4.58
emp_001292,2025-10-04,4.12
emp_001292,2025-07-06,4.26
emp_001292,2025-04-07,4.26
emp_001292,2025-01-07,3.52
emp_001292,2024-10-09,4.12
emp_001292,2024-07-11,4.16
emp_001293,2026-04-02,3.56
emp_001293,2026-01-02,3.4
emp_001293,2025-10-04,2.61
emp_001293,2025-07-06,2.77
emp_001293,2025-04-07,2.76
emp_001293,2025-01-07,3.43
emp_001293,2024-10-09,2.27
emp_001293,2024-07-11,2.7
emp_001294,2026-04-02,3.84
emp_001294,2026-01-02,4.11
emp_001294,2025-10-04,3.93
emp_001294,2025-07-06,4.64
emp_001294,2025-04-07,4.59
emp_001294,2025-01-07,3.79
emp_001294,2024-10-09,4.31
emp_001294,2024-07-11,3.46
emp_001295,2026-04-02,4.19
emp_001295,2026-01-02,3.76
emp_001295,2025-10-04,3.89
emp_001295,2025-07-06,4.2
emp_001295,2025-04-07,3.01
emp_001295,2025-01-07,3.72
emp_001295,2024-10-09,3.72
emp_001295,2024-07-11,3.57
emp_001296,2026-04-02,3.19
emp_001296,2026-01-02,3.93
emp_001296,2025-10-04,2.6
emp_001296,2025-07-06,2.8
emp_001296,2025-04-07,3.61
emp_001296,2025-01-07,3.46
emp_001297,2026-04-02,4.4
emp_001297,2026-01-02,3.73
emp_001297,2025-10-04,4.3
emp_001297,2025-07-06,4.25
emp_001297,2025-04-07,4.74
emp_001297,2025-01-07,4.43
emp_001297,2024-10-09,3.71
emp_001297,2024-07-11,4.45
emp_001298,2026-04-02,3.86
emp_001298,2026-01-02,3.36
emp_001298,2025-10-04,3.53
emp_001298,2025-07-06,4.32
emp_001298,2025-04-07,4.4
emp_001298,2025-01-07,3.74
emp_001298,2024-10-09,3.93
emp_001298,2024-07-11,3.54
emp_001299,2026-04-02,3.1
emp_001299,2026-01-02,3.95
emp_001299,2025-10-04,3.47
emp_001299,2025-07-06,3.68
emp_001300,2026-04-02,3.47
emp_001300,2026-01-02,3.85
emp_001300,2025-10-04,4.01
emp_001300,2025-07-06,3.54
emp_001300,2025-04-07,3.59
emp_001300,2025-01-07,4.03
emp_001300,2024-10-09,3.86
emp_001300,2024-07-11,4.52
emp_001301,2026-04-02,3.54
emp_001301,2026-01-02,3.84
emp_001301,2025-10-04,3.83
emp_001302,2026-04-02,4.24
emp_001302,2026-01-02,3.91
emp_001302,2025-10-04,3.54
emp_001302,2025-07-06,4.13
emp_001302,2025-04-07,3.58
emp_001302,2025-01-07,3.86
emp_001302,2024-10-09,3.72
emp_001303,2026-04-02,4.21
emp_001303,2026-01-02,2.99
emp_001304,2026-04-02,3.44
emp_001304,2026-01-02,3.88
emp_001304,2025-10-04,3.5
emp_001304,2025-07-06,3.66
emp_001304,2025-04-07,3.49
emp_001304,2025-01-07,3.73
emp_001304,2024-10-09,3.73
emp_001304,2024-07-11,3.33
emp_001305,2026-04-02,3.11
emp_001305,2026-01-02,3.44
emp_001305,2025-10-04,2.76
emp_001305,2025-07-06,3.89
emp_001305,2025-04-07,3.64
emp_001305,2025-01-07,2.88
emp_001305,2024-10-09,3.46
emp_001305,2024-07-11,3.05
emp_001306,2026-04-02,3.34
emp_001307,2026-04-02,3.76
emp_001307,2026-01-02,3.07
emp_001307,2025-10-04,3.61
emp_001307,2025-07-06,3.8
emp_001307,2025-04-07,4.15
emp_001308,2026-04-02,4.05
emp_001308,2026-01-02,4.16
emp_001308,2025-10-04,3.7
emp_001308,2025-07-06,3.98
emp_001308,2025-04-07,4.56
emp_001308,2025-01-07,3.6
emp_001309,2026-04-02,3.7
emp_001309,2026-01-02,3.91
emp_001309,2025-10-04,3.82
emp_001309,2025-07-06,4.19
emp_001309,2025-04-07,4.36
emp_001309,2025-01-07,3.56
emp_001309,2024-10-09,4.29
emp_001309,2024-07-11,3.68
emp_001310,2026-04-02,3.85
emp_001310,2026-01-02,3.93
emp_001310,2025-10-04,3.18
emp_001310,2025-07-06,3.7
emp_001310,2025-04-07,3.59
emp_001310,2025-01-07,3.72
emp_001310,2024-10-09,3.92
emp_001310,2024-07-11,4.3
emp_001311,2026-04-02,3.54
emp_001311,2026-01-02,3.89
emp_001311,2025-10-04,3.88
emp_001311,2025-07-06,4.19
emp_001311,2025-04-07,3.76
emp_001311,2025-01-07,3.9
emp_001311,2024-10-09,3.51
emp_001311,2024-07-11,3.67
emp_001312,2026-04-02,3.97
emp_001312,2026-01-02,3.75
emp_001312,2025-10-04,3.84
emp_001312,2025-07-06,4.08
emp_001312,2025-04-07,4.27
emp_001312,2025-01-07,4.59
emp_001312,2024-10-09,3.85
emp_001312,2024-07-11,4.33
emp_001313,2026-04-02,3.24
emp_001313,2026-01-02,3.32
emp_001313,2025-10-04,2.68
emp_001313,2025-07-06,3.2
emp_001313,2025-04-07,3.98
emp_001313,2025-01-07,3.38
emp_001313,2024-10-09,3.94
emp_001313,2024-07-11,3.4
emp_001314,2026-04-02,4.28
emp_001314,2026-01-02,3.82
emp_001314,2025-10-04,3.12
emp_001315,2026-04-02,3.38
emp_001315,2026-01-02,3.74
emp_001315,2025-10-04,3.79
emp_001316,2026-04-02,3.76
emp_001316,2026-01-02,3.88
emp_001316,2025-10-04,4.28
emp_001316,2025-07-06,4.04
emp_001316,2025-04-07,4.36
emp_001316,2025-01-07,4.66
emp_001316,2024-10-09,3.99
emp_001316,2024-07-11,4.64
emp_001317,2026-04-02,3.96
emp_001317,2026-01-02,3.61
emp_001317,2025-10-04,3.76
emp_001317,2025-07-06,4.0
emp_001317,2025-04-07,3.49
emp_001318,2026-04-02,3.81
emp_001318,2026-01-02,3.65
emp_001318,2025-10-04,3.71
emp_001318,2025-07-06,2.95
emp_001318,2025-04-07,3.74
emp_001318,2025-01-07,2.87
emp_001319,2026-04-02,3.36
emp_001319,2026-01-02,3.67
emp_001319,2025-10-04,3.57
emp_001319,2025-07-06,3.72
emp_001319,2025-04-07,2.58
emp_001319,2025-01-07,3.17
emp_001319,2024-10-09,3.76
emp_001319,2024-07-11,3.58
emp_001320,2026-04-02,4.04
emp_001320,2026-01-02,3.87
emp_001320,2025-10-04,4.35
emp_001320,2025-07-06,3.88
emp_001320,2025-04-07,4.19
emp_001320,2025-01-07,3.43
emp_001320,2024-10-09,4.36
emp_001320,2024-07-11,3.42
emp_001321,2026-04-02,3.24
emp_001321,2026-01-02,3.7
emp_001321,2025-10-04,3.29
emp_001321,2025-07-06,3.22
emp_001321,2025-04-07,3.22
emp_001321,2025-01-07,3.53
emp_001321,2024-10-09,3.87
emp_001321,2024-07-11,3.08
emp_001322,2026-04-02,4.12
emp_001322,2026-01-02,4.04
emp_001322,2025-10-04,4.48
emp_001322,2025-07-06,3.41
emp_001322,2025-04-07,4.34
emp_001322,2025-01-07,3.93
emp_001322,2024-10-09,4.13
emp_001322,2024-07-11,3.52
emp_001323,2026-04-02,3.92
emp_001323,2026-01-02,3.13
emp_001323,2025-10-04,3.65
emp_001323,2025-07-06,3.13
emp_001323,2025-04-07,3.47
emp_001323,2025-01-07,3.85
emp_001323,2024-10-09,3.46
emp_001323,2024-07-11,3.61
emp_001324,2026-04-02,3.7
emp_001324,2026-01-02,3.53
emp_001324,2025-10-04,3.27
emp_001324,2025-07-06,2.92
emp_001324,2025-04-07,3.49
emp_001324,2025-01-07,3.37
emp_001324,2024-10-09,3.57
emp_001324,2024-07-11,3.22
emp_001325,2026-04-02,3.98
emp_001325,2026-01-02,3.37
emp_001325,2025-10-04,3.79
emp_001325,2025-07-06,3.55
emp_001325,2025-04-07,3.33
emp_001325,2025-01-07,3.37
emp_001325,2024-10-09,3.75
emp_001326,2026-04-02,3.86
emp_001326,2026-01-02,3.92
emp_001326,2025-10-04,4.79
emp_001326,2025-07-06,3.55
emp_001326,2025-04-07,3.53
emp_001326,2025-01-07,3.44
emp_001326,2024-10-09,3.91
emp_001326,2024-07-11,3.9
emp_001327,2026-04-02,3.72
emp_001327,2026-01-02,3.71
emp_001327,2025-10-04,3.64
emp_001327,2025-07-06,3.3
emp_001327,2025-04-07,3.38
emp_001327,2025-01-07,3.85
emp_001327,2024-10-09,3.3
emp_001327,2024-07-11,3.38
emp_001328,2026-04-02,3.91
emp_001328,2026-01-02,3.98
emp_001328,2025-10-04,4.15
emp_001328,2025-07-06,4.21
emp_001328,2025-04-07,3.8
emp_001328,2025-01-07,4.15
emp_001328,2024-10-09,4.66
emp_001328,2024-07-11,4.38
emp_001329,2026-04-02,4.47
emp_001329,2026-01-02,3.91
emp_001329,2025-10-04,4.17
emp_001329,2025-07-06,3.93
emp_001330,2026-04-02,3.64
emp_001330,2026-01-02,3.69
emp_001330,2025-10-04,3.63
emp_001330,2025-07-06,4.08
emp_001330,2025-04-07,3.6
emp_001330,2025-01-07,3.93
emp_001330,2024-10-09,3.86
emp_001330,2024-07-11,3.84
emp_001331,2026-04-02,3.81
emp_001331,2026-01-02,5.0
emp_001331,2025-10-04,4.3
emp_001331,2025-07-06,4.4
emp_001331,2025-04-07,3.92
emp_001331,2025-01-07,4.15
emp_001332,2026-04-02,3.79
emp_001332,2026-01-02,3.72
emp_001332,2025-10-04,3.68
emp_001333,2026-04-02,3.57
emp_001333,2026-01-02,3.52
emp_001333,2025-10-04,3.38
emp_001333,2025-07-06,3.08
emp_001333,2025-04-07,4.0
emp_001333,2025-01-07,3.59
emp_001333,2024-10-09,3.74
emp_001333,2024-07-11,3.73
emp_001334,2026-04-02,4.15
emp_001334,2026-01-02,4.34
emp_001334,2025-10-04,4.61
emp_001334,2025-07-06,4.0
emp_001334,2025-04-07,4.0
emp_001334,2025-01-07,4.21
emp_001335,2026-04-02,3.09
emp_001335,2026-01-02,2.5
emp_001335,2025-10-04,3.03
emp_001335,2025-07-06,3.44
emp_001335,2025-04-07,2.99
emp_001335,2025-01-07,2.81
emp_001335,2024-10-09,2.89
emp_001335,2024-07-11,3.37
emp_001336,2026-04-02,3.57
emp_001336,2026-01-02,3.8
emp_001336,2025-10-04,4.0
emp_001337,2026-04-02,4.15
emp_001337,2026-01-02,3.56
emp_001337,2025-10-04,4.04
emp_001337,2025-07-06,4.19
emp_001337,2025-04-07,4.08
emp_001337,2025-01-07,3.27
emp_001338,2026-04-02,4.09
emp_001338,2026-01-02,3.96
emp_001338,2025-10-04,4.33
emp_001338,2025-07-06,3.65
emp_001338,2025-04-07,4.26
emp_001338,2025-01-07,4.04
emp_001338,2024-10-09,4.6
emp_001338,2024-07-11,3.52
emp_001339,2026-04-02,3.47
emp_001339,2026-01-02,3.3
emp_001339,2025-10-04,3.61
emp_001339,2025-07-06,2.91
emp_001339,2025-04-07,3.05
emp_001339,2025-01-07,3.12
emp_001339,2024-10-09,2.95
emp_001339,2024-07-11,3.25
emp_001340,2026-04-02,4.32
emp_001340,2026-01-02,4.47
emp_001340,2025-10-04,4.0
emp_001340,2025-07-06,3.89
emp_001340,2025-04-07,4.03
emp_001340,2025-01-07,4.45
emp_001340,2024-10-09,4.72
emp_001340,2024-07-11,3.77
emp_001341,2026-04-02,3.05
emp_001341,2026-01-02,2.8
emp_001341,2025-10-04,3.96
emp_001341,2025-07-06,3.44
emp_001341,2025-04-07,3.96
emp_001341,2025-01-07,3.36
emp_001341,2024-10-09,3.48
emp_001341,2024-07-11,3.23
emp_001342,2026-04-02,4.56
emp_001342,2026-01-02,3.58
emp_001342,2025-10-04,4.13
emp_001342,2025-07-06,3.61
emp_001342,2025-04-07,4.06
emp_001343,2026-04-02,3.09
emp_001343,2026-01-02,4.18
emp_001343,2025-10-04,4.04
emp_001343,2025-07-06,4.27
emp_001343,2025-04-07,3.51
emp_001343,2025-01-07,4.19
emp_001343,2024-10-09,4.36
emp_001343,2024-07-11,4.06
emp_001344,2026-04-02,3.91
emp_001344,2026-01-02,3.91
emp_001344,2025-10-04,3.56
emp_001344,2025-07-06,4.35
emp_001344,2025-04-07,4.04
emp_001344,2025-01-07,4.17
emp_001344,2024-10-09,3.88
emp_001344,2024-07-11,4.14
emp_001345,2026-04-02,4.39
emp_001345,2026-01-02,3.26
emp_001345,2025-10-04,3.87
emp_001345,2025-07-06,3.88
emp_001345,2025-04-07,3.2
emp_001345,2025-01-07,2.95
emp_001346,2026-04-02,4.11
emp_001346,2026-01-02,4.17
emp_001346,2025-10-04,4.16
emp_001346,2025-07-06,4.15
emp_001346,2025-04-07,3.86
emp_001346,2025-01-07,3.47
emp_001346,2024-10-09,3.85
emp_001346,2024-07-11,3.59
emp_001347,2026-04-02,5.0
emp_001347,2026-01-02,4.19
emp_001347,2025-10-04,4.62
emp_001347,2025-07-06,3.71
emp_001347,2025-04-07,3.88
emp_001347,2025-01-07,3.8
emp_001347,2024-10-09,3.68
emp_001348,2026-04-02,4.35
emp_001348,2026-01-02,4.77
emp_001348,2025-10-04,4.13
emp_001348,2025-07-06,4.3
emp_001348,2025-04-07,4.27
emp_001348,2025-01-07,3.66
emp_001348,2024-10-09,4.56
emp_001348,2024-07-11,3.98
emp_001349,2026-04-02,3.49
emp_001349,2026-01-02,4.05
emp_001349,2025-10-04,4.3
emp_001349,2025-07-06,4.0
emp_001349,2025-04-07,3.59
emp_001349,2025-01-07,3.46
emp_001349,2024-10-09,4.29
emp_001349,2024-07-11,3.8
emp_001350,2026-04-02,3.52
emp_001350,2026-01-02,4.0
emp_001350,2025-10-04,4.5
emp_001350,2025-07-06,4.44
emp_001351,2026-04-02,4.31
emp_001351,2026-01-02,3.77
emp_001351,2025-10-04,3.84
emp_001351,2025-07-06,3.7
emp_001351,2025-04-07,3.94
emp_001351,2025-01-07,4.24
emp_001351,2024-10-09,3.13
emp_001351,2024-07-11,3.72
emp_001352,2026-04-02,3.15
emp_001352,2026-01-02,3.53
emp_001352,2025-10-04,3.58
emp_001352,2025-07-06,2.87
emp_001352,2025-04-07,3.03
emp_001353,2026-04-02,3.98
emp_001353,2026-01-02,3.62
emp_001353,2025-10-04,4.14
emp_001353,2025-07-06,4.13
emp_001353,2025-04-07,4.33
emp_001353,2025-01-07,4.19
emp_001353,2024-10-09,3.47
emp_001353,2024-07-11,4.53
emp_001354,2026-04-02,3.4
emp_001354,2026-01-02,2.96
emp_001354,2025-10-04,4.22
emp_001354,2025-07-06,4.02
emp_001354,2025-04-07,4.32
emp_001355,2026-04-02,3.98
emp_001355,2026-01-02,3.42
emp_001355,2025-10-04,3.72
emp_001355,2025-07-06,3.67
emp_001355,2025-04-07,4.12
emp_001355,2025-01-07,4.0
emp_001355,2024-10-09,4.55
emp_001355,2024-07-11,3.59
emp_001356,2026-04-02,3.84
emp_001356,2026-01-02,3.94
emp_001356,2025-10-04,4.34
emp_001356,2025-07-06,3.25
emp_001356,2025-04-07,3.6
emp_001356,2025-01-07,3.61
emp_001356,2024-10-09,4.22
emp_001356,2024-07-11,3.94
emp_001357,2026-04-02,4.15
emp_001357,2026-01-02,4.03
emp_001357,2025-10-04,4.48
emp_001357,2025-07-06,4.32
emp_001357,2025-04-07,3.87
emp_001357,2025-01-07,4.27
emp_001357,2024-10-09,3.88
emp_001357,2024-07-11,4.3
emp_001358,2026-04-02,3.94
emp_001358,2026-01-02,3.97
emp_001358,2025-10-04,3.88
emp_001358,2025-07-06,3.72
emp_001358,2025-04-07,4.58
emp_001358,2025-01-07,4.2
emp_001358,2024-10-09,3.7
emp_001358,2024-07-11,4.64
emp_001359,2026-04-02,3.68
emp_001359,2026-01-02,4.03
emp_001359,2025-10-04,3.43
emp_001360,2026-04-02,3.91
emp_001360,2026-01-02,3.98
emp_001360,2025-10-04,3.76
emp_001360,2025-07-06,3.51
emp_001360,2025-04-07,3.4
emp_001361,2026-04-02,3.65
emp_001361,2026-01-02,3.96
emp_001361,2025-10-04,3.97
emp_001361,2025-07-06,3.73
emp_001361,2025-04-07,3.38
emp_001361,2025-01-07,3.8
emp_001361,2024-10-09,3.62
emp_001361,2024-07-11,3.64
emp_001362,2026-04-02,3.51
emp_001362,2026-01-02,3.52
emp_001362,2025-10-04,3.6
emp_001362,2025-07-06,3.7
emp_001362,2025-04-07,3.69
emp_001362,2025-01-07,3.94
emp_001362,2024-10-09,3.79
emp_001362,2024-07-11,3.52
emp_001363,2026-04-02,3.55
emp_001363,2026-01-02,3.69
emp_001363,2025-10-04,3.89
emp_001363,2025-07-06,4.55
emp_001363,2025-04-07,3.87
emp_001363,2025-01-07,4.32
emp_001363,2024-10-09,4.22
emp_001363,2024-07-11,4.09
emp_001364,2026-04-02,3.07
emp_001364,2026-01-02,3.31
emp_001364,2025-10-04,3.2
emp_001364,2025-07-06,3.4
emp_001365,2026-04-02,3.47
emp_001365,2026-01-02,4.24
emp_001365,2025-10-04,3.7
emp_001365,2025-07-06,3.82
emp_001365,2025-04-07,3.94
emp_001365,2025-01-07,3.73
emp_001365,2024-10-09,4.2
emp_001365,2024-07-11,3.67
emp_001366,2026-04-02,4.0
emp_001366,2026-01-02,3.6
emp_001366,2025-10-04,4.02
emp_001366,2025-07-06,4.03
emp_001366,2025-04-07,4.33
emp_001367,2026-04-02,4.56
emp_001368,2026-04-02,2.71
emp_001369,2026-04-02,3.51
emp_001369,2026-01-02,3.26
emp_001369,2025-10-04,3.0
emp_001369,2025-07-06,3.52
emp_001369,2025-04-07,4.19
emp_001369,2025-01-07,3.59
emp_001369,2024-10-09,4.32
emp_001369,2024-07-11,3.74
emp_001370,2026-04-02,3.49
emp_001370,2026-01-02,4.43
emp_001370,2025-10-04,3.54
emp_001370,2025-07-06,3.51
emp_001370,2025-04-07,3.31
emp_001370,2025-01-07,3.37
emp_001370,2024-10-09,3.49
emp_001370,2024-07-11,3.62
emp_001371,2026-04-02,3.3
emp_001371,2026-01-02,3.3
emp_001371,2025-10-04,3.53
emp_001371,2025-07-06,3.25
emp_001371,2025-04-07,3.96
emp_001371,2025-01-07,3.52
emp_001371,2024-10-09,2.78
emp_001372,2026-04-02,3.61
emp_001372,2026-01-02,3.52
emp_001372,2025-10-04,3.3
emp_001372,2025-07-06,3.09
emp_001372,2025-04-07,3.42
emp_001372,2025-01-07,3.16
emp_001372,2024-10-09,2.85
emp_001372,2024-07-11,3.04
emp_001373,2026-04-02,3.8
emp_001373,2026-01-02,3.89
emp_001373,2025-10-04,3.82
emp_001373,2025-07-06,4.22
emp_001373,2025-04-07,3.59
emp_001373,2025-01-07,3.56
emp_001373,2024-10-09,3.61
emp_001374,2026-04-02,3.92
emp_001374,2026-01-02,3.67
emp_001375,2026-04-02,3.89
emp_001375,2026-01-02,3.63
emp_001375,2025-10-04,4.15
emp_001375,2025-07-06,4.26
emp_001375,2025-04-07,4.16
emp_001375,2025-01-07,4.17
emp_001375,2024-10-09,2.98
emp_001375,2024-07-11,3.89
emp_001376,2026-04-02,3.28
emp_001376,2026-01-02,3.71
emp_001376,2025-10-04,3.83
emp_001376,2025-07-06,3.25
emp_001376,2025-04-07,3.91
emp_001376,2025-01-07,4.45
emp_001376,2024-10-09,3.71
emp_001376,2024-07-11,3.64
emp_001377,2026-04-02,4.58
emp_001377,2026-01-02,4.5
emp_001377,2025-10-04,4.33
emp_001377,2025-07-06,3.41
emp_001377,2025-04-07,4.21
emp_001377,2025-01-07,4.28
emp_001377,2024-10-09,4.19
emp_001377,2024-07-11,4.12
emp_001378,2026-04-02,3.93
emp_001378,2026-01-02,3.62
emp_001378,2025-10-04,3.58
emp_001378,2025-07-06,3.9
emp_001378,2025-04-07,3.62
emp_001378,2025-01-07,3.37
emp_001378,2024-10-09,4.17
emp_001378,2024-07-11,3.03
emp_001379,2026-04-02,3.73
emp_001379,2026-01-02,4.28
emp_001379,2025-10-04,3.55
emp_001379,2025-07-06,3.67
emp_001379,2025-04-07,3.9
emp_001379,2025-01-07,4.36
emp_001379,2024-10-09,3.54
emp_001379,2024-07-11,3.95
emp_001380,2026-04-02,4.35
emp_001380,2026-01-02,4.15
emp_001380,2025-10-04,4.52
emp_001380,2025-07-06,4.28
emp_001380,2025-04-07,3.5
emp_001380,2025-01-07,4.58
emp_001380,2024-10-09,4.27
emp_001380,2024-07-11,3.79
emp_001381,2026-04-02,4.28
emp_001381,2026-01-02,3.46
emp_001381,2025-10-04,3.49
emp_001381,2025-07-06,3.38
emp_001381,2025-04-07,4.1
emp_001381,2025-01-07,3.71
emp_001381,2024-10-09,3.88
emp_001381,2024-07-11,4.04
emp_001382,2026-04-02,3.03
emp_001382,2026-01-02,4.81
emp_001382,2025-10-04,3.74
emp_001382,2025-07-06,3.1
emp_001382,2025-04-07,3.27
emp_001382,2025-01-07,3.62
emp_001382,2024-10-09,3.13
emp_001382,2024-07-11,3.93
emp_001383,2026-04-02,4.93
emp_001384,2026-04-02,4.69
emp_001384,2026-01-02,4.05
emp_001384,2025-10-04,3.66
emp_001384,2025-07-06,3.97
emp_001384,2025-04-07,4.45
emp_001384,2025-01-07,4.5
emp_001385,2026-04-02,4.44
emp_001385,2026-01-02,4.3
emp_001385,2025-10-04,4.18
emp_001385,2025-07-06,3.93
emp_001385,2025-04-07,4.67
emp_001385,2025-01-07,4.27
emp_001387,2026-04-02,4.08
emp_001387,2026-01-02,4.33
emp_001387,2025-10-04,4.92
emp_001387,2025-07-06,3.82
emp_001387,2025-04-07,3.72
emp_001388,2026-04-02,3.48
emp_001388,2026-01-02,1.97
emp_001388,2025-10-04,3.34
emp_001388,2025-07-06,3.15
emp_001389,2026-04-02,4.28
emp_001389,2026-01-02,3.65
emp_001389,2025-10-04,4.17
emp_001389,2025-07-06,3.81
emp_001389,2025-04-07,3.95
emp_001389,2025-01-07,4.73
emp_001390,2026-04-02,4.04
emp_001390,2026-01-02,4.02
emp_001390,2025-10-04,3.71
emp_001390,2025-07-06,4.14
emp_001390,2025-04-07,3.66
emp_001390,2025-01-07,4.22
emp_001390,2024-10-09,3.98
emp_001390,2024-07-11,4.61
emp_001391,2026-04-02,4.12
emp_001391,2026-01-02,4.57
emp_001391,2025-10-04,4.23
emp_001391,2025-07-06,4.14
emp_001391,2025-04-07,4.02
emp_001391,2025-01-07,4.54
emp_001391,2024-10-09,3.88
emp_001391,2024-07-11,4.19
emp_001392,2026-04-02,5.0
emp_001392,2026-01-02,4.91
emp_001392,2025-10-04,4.54
emp_001392,2025-07-06,3.91
emp_001392,2025-04-07,4.04
emp_001393,2026-04-02,3.86
emp_001393,2026-01-02,3.67
emp_001393,2025-10-04,4.31
emp_001393,2025-07-06,3.89
emp_001393,2025-04-07,4.24
emp_001393,2025-01-07,4.07
emp_001393,2024-10-09,3.97
emp_001393,2024-07-11,4.18
emp_001394,2026-04-02,3.66
emp_001394,2026-01-02,3.87
emp_001394,2025-10-04,3.84
emp_001394,2025-07-06,4.25
emp_001394,2025-04-07,4.0
emp_001394,2025-01-07,3.95
emp_001394,2024-10-09,4.24
emp_001394,2024-07-11,4.27
emp_001395,2026-04-02,3.53
emp_001395,2026-01-02,4.12
emp_001395,2025-10-04,3.51
emp_001395,2025-07-06,3.68
emp_001396,2026-04-02,3.15
emp_001396,2026-01-02,3.45
emp_001396,2025-10-04,4.34
emp_001396,2025-07-06,3.63
emp_001396,2025-04-07,4.13
emp_001396,2025-01-07,3.85
emp_001396,2024-10-09,3.59
emp_001396,2024-07-11,4.03
emp_001397,2026-04-02,4.63
emp_001397,2026-01-02,4.51
emp_001397,2025-10-04,4.44
emp_001397,2025-07-06,4.66
emp_001397,2025-04-07,4.06
emp_001397,2025-01-07,4.05
emp_001397,2024-10-09,4.48
emp_001397,2024-07-11,3.82
emp_001398,2026-04-02,3.57
emp_001398,2026-01-02,3.32
emp_001398,2025-10-04,3.54
emp_001398,2025-07-06,3.49
emp_001398,2025-04-07,3.89
emp_001398,2025-01-07,4.24
emp_001398,2024-10-09,3.77
emp_001398,2024-07-11,4.33
emp_001399,2026-04-02,3.43
emp_001399,2026-01-02,3.85
emp_001399,2025-10-04,3.9
emp_001399,2025-07-06,3.48
emp_001399,2025-04-07,4.23
emp_001399,2025-01-07,3.87
emp_001399,2024-10-09,3.94
emp_001399,2024-07-11,3.46
emp_001400,2026-04-02,4.31
emp_001400,2026-01-02,4.54
emp_001400,2025-10-04,4.66
emp_001400,2025-07-06,3.79
emp_001400,2025-04-07,3.48
emp_001400,2025-01-07,4.09
emp_001401,2026-04-02,3.45
emp_001401,2026-01-02,3.32
emp_001401,2025-10-04,3.65
emp_001401,2025-07-06,3.66
emp_001401,2025-04-07,3.45
emp_001401,2025-01-07,3.12
emp_001401,2024-10-09,3.28
emp_001401,2024-07-11,3.24
emp_001402,2026-04-02,4.5
emp_001402,2026-01-02,3.96
emp_001402,2025-10-04,3.52
emp_001402,2025-07-06,4.2
emp_001402,2025-04-07,3.99
emp_001402,2025-01-07,4.14
emp_001402,2024-10-09,3.73
emp_001403,2026-04-02,4.3
emp_001403,2026-01-02,3.34
emp_001403,2025-10-04,3.9
emp_001403,2025-07-06,3.73
emp_001403,2025-04-07,3.84
emp_001403,2025-01-07,4.03
emp_001403,2024-10-09,3.22
emp_001403,2024-07-11,4.28
emp_001404,2026-04-02,3.3
emp_001404,2026-01-02,3.86
emp_001404,2025-10-04,3.51
emp_001404,2025-07-06,3.94
emp_001404,2025-04-07,3.74
emp_001404,2025-01-07,3.59
emp_001404,2024-10-09,2.79
emp_001404,2024-07-11,3.55
emp_001405,2026-04-02,3.47
emp_001405,2026-01-02,4.46
emp_001405,2025-10-04,4.32
emp_001405,2025-07-06,4.27
emp_001405,2025-04-07,4.21
emp_001405,2025-01-07,4.17
emp_001406,2026-04-02,3.2
emp_001406,2026-01-02,3.66
emp_001406,2025-10-04,4.01
emp_001406,2025-07-06,3.43
emp_001406,2025-04-07,3.6
emp_001406,2025-01-07,4.31
emp_001406,2024-10-09,4.23
emp_001406,2024-07-11,3.81
emp_001407,2026-04-02,3.82
emp_001407,2026-01-02,3.06
emp_001408,2026-04-02,3.64
emp_001408,2026-01-02,3.7
emp_001408,2025-10-04,3.96
emp_001408,2025-07-06,3.84
emp_001408,2025-04-07,3.86
emp_001408,2025-01-07,4.06
emp_001408,2024-10-09,3.94
emp_001409,2026-04-02,4.02
emp_001409,2026-01-02,3.87
emp_001409,2025-10-04,4.36
emp_001409,2025-07-06,3.14
emp_001409,2025-04-07,4.24
emp_001409,2025-01-07,4.72
emp_001409,2024-10-09,3.85
emp_001409,2024-07-11,4.32
emp_001410,2026-04-02,3.96
emp_001410,2026-01-02,3.98
emp_001410,2025-10-04,4.24
emp_001410,2025-07-06,3.34
emp_001410,2025-04-07,3.9
emp_001410,2025-01-07,3.22
emp_001411,2026-04-02,4.23
emp_001411,2026-01-02,4.26
emp_001411,2025-10-04,4.03
emp_001411,2025-07-06,3.42
emp_001411,2025-04-07,3.64
emp_001411,2025-01-07,4.29
emp_001411,2024-10-09,4.56
emp_001411,2024-07-11,4.65
emp_001412,2026-04-02,3.4
emp_001412,2026-01-02,3.51
emp_001412,2025-10-04,3.13
emp_001412,2025-07-06,3.7
emp_001412,2025-04-07,3.48
emp_001412,2025-01-07,2.78
emp_001412,2024-10-09,3.76
emp_001412,2024-07-11,3.81
emp_001413,2026-04-02,4.16
emp_001413,2026-01-02,3.96
emp_001413,2025-10-04,4.3
emp_001413,2025-07-06,4.29
emp_001413,2025-04-07,3.7
emp_001413,2025-01-07,4.78
emp_001413,2024-10-09,4.33
emp_001413,2024-07-11,4.9
emp_001414,2026-04-02,4.22
emp_001414,2026-01-02,4.3
emp_001414,2025-10-04,3.93
emp_001414,2025-07-06,3.84
emp_001414,2025-04-07,3.4
emp_001414,2025-01-07,3.72
emp_001414,2024-10-09,3.59
emp_001414,2024-07-11,3.76
emp_001415,2026-04-02,3.55
emp_001415,2026-01-02,3.69
emp_001415,2025-10-04,3.59
emp_001415,2025-07-06,3.65
emp_001415,2025-04-07,3.41
emp_001415,2025-01-07,3.11
emp_001415,2024-10-09,3.08
emp_001415,2024-07-11,3.53
emp_001416,2026-04-02,3.48
emp_001416,2026-01-02,3.02
emp_001416,2025-10-04,2.75
emp_001416,2025-07-06,2.86
emp_001416,2025-04-07,3.72
emp_001416,2025-01-07,2.78
emp_001416,2024-10-09,2.85
emp_001417,2026-04-02,4.34
emp_001417,2026-01-02,4.25
emp_001417,2025-10-04,3.86
emp_001417,2025-07-06,4.06
emp_001417,2025-04-07,4.48
emp_001417,2025-01-07,4.34
emp_001417,2024-10-09,5.0
emp_001417,2024-07-11,4.36
emp_001418,2026-04-02,4.68
emp_001418,2026-01-02,4.48
emp_001418,2025-10-04,4.69
emp_001418,2025-07-06,3.85
emp_001418,2025-04-07,3.87
emp_001419,2026-04-02,3.88
emp_001419,2026-01-02,3.75
emp_001419,2025-10-04,4.15
emp_001420,2026-04-02,4.3
emp_001420,2026-01-02,3.54
emp_001421,2026-04-02,4.7
emp_001421,2026-01-02,3.85
emp_001421,2025-10-04,3.99
emp_001421,2025-07-06,4.14
emp_001421,2025-04-07,4.13
emp_001421,2025-01-07,3.47
emp_001421,2024-10-09,3.68
emp_001421,2024-07-11,4.63
emp_001422,2026-04-02,3.1
emp_001422,2026-01-02,3.54
emp_001422,2025-10-04,2.7
emp_001422,2025-07-06,2.68
emp_001422,2025-04-07,3.18
emp_001422,2025-01-07,2.99
emp_001422,2024-10-09,2.92
emp_001422,2024-07-11,3.26
emp_001423,2026-04-02,4.28
emp_001423,2026-01-02,3.72
emp_001423,2025-10-04,4.03
emp_001423,2025-07-06,3.87
emp_001423,2025-04-07,4.19
emp_001424,2026-04-02,4.01
emp_001424,2026-01-02,4.21
emp_001424,2025-10-04,3.91
emp_001425,2026-04-02,3.64
emp_001425,2026-01-02,3.39
emp_001425,2025-10-04,4.26
emp_001425,2025-07-06,3.68
emp_001425,2025-04-07,3.19
emp_001425,2025-01-07,3.45
emp_001425,2024-10-09,4.05
emp_001425,2024-07-11,3.67
emp_001427,2026-04-02,4.88
emp_001427,2026-01-02,3.69
emp_001427,2025-10-04,4.04
emp_001427,2025-07-06,4.87
emp_001427,2025-04-07,4.55
emp_001427,2025-01-07,4.23
emp_001427,2024-10-09,4.5
emp_001427,2024-07-11,4.0
emp_001428,2026-04-02,3.82
emp_001429,2026-04-02,3.86
emp_001429,2026-01-02,3.71
emp_001430,2026-04-02,4.13
emp_001430,2026-01-02,4.86
emp_001430,2025-10-04,3.95
emp_001430,2025-07-06,3.8
emp_001430,2025-04-07,4.04
emp_001430,2025-01-07,3.61
emp_001430,2024-10-09,3.7
emp_001430,2024-07-11,4.01
emp_001431,2026-04-02,3.69
emp_001431,2026-01-02,3.39
emp_001431,2025-10-04,3.05
emp_001431,2025-07-06,3.19
emp_001431,2025-04-07,3.83
emp_001431,2025-01-07,2.88
emp_001431,2024-10-09,3.35
emp_001431,2024-07-11,3.46
emp_001432,2026-04-02,4.35
emp_001432,2026-01-02,4.06
emp_001432,2025-10-04,4.08
emp_001432,2025-07-06,4.59
emp_001432,2025-04-07,4.18
emp_001433,2026-04-02,3.33
emp_001433,2026-01-02,3.56
emp_001433,2025-10-04,2.92
emp_001433,2025-07-06,3.05
emp_001433,2025-04-07,3.1
emp_001433,2025-01-07,3.36
emp_001433,2024-10-09,3.5
emp_001433,2024-07-11,3.12
emp_001434,2026-04-02,4.67
emp_001434,2026-01-02,4.53
emp_001434,2025-10-04,4.61
emp_001434,2025-07-06,3.43
emp_001434,2025-04-07,4.72
emp_001434,2025-01-07,4.08
emp_001434,2024-10-09,4.43
emp_001434,2024-07-11,4.47
emp_001435,2026-04-02,4.12
emp_001435,2026-01-02,3.97
emp_001435,2025-10-04,3.87
emp_001435,2025-07-06,3.89
emp_001435,2025-04-07,3.52
emp_001435,2025-01-07,3.63
emp_001435,2024-10-09,3.55
emp_001435,2024-07-11,3.98
emp_001436,2026-04-02,2.9
emp_001436,2026-01-02,3.09
emp_001436,2025-10-04,2.94
emp_001436,2025-07-06,3.25
emp_001436,2025-04-07,3.34
emp_001437,2026-04-02,3.19
emp_001437,2026-01-02,4.48
emp_001437,2025-10-04,4.26
emp_001437,2025-07-06,3.89
emp_001437,2025-04-07,4.2
emp_001437,2025-01-07,3.93
emp_001437,2024-10-09,4.4
emp_001437,2024-07-11,4.35
emp_001438,2026-04-02,4.73
emp_001438,2026-01-02,4.34
emp_001438,2025-10-04,3.38
emp_001438,2025-07-06,4.7
emp_001438,2025-04-07,4.44
emp_001438,2025-01-07,4.21
emp_001438,2024-10-09,4.49
emp_001438,2024-07-11,4.39
emp_001439,2026-04-02,3.19
emp_001439,2026-01-02,3.58
emp_001439,2025-10-04,2.97
emp_001439,2025-07-06,3.26
emp_001439,2025-04-07,2.92
emp_001440,2026-04-02,4.13
emp_001440,2026-01-02,3.59
emp_001440,2025-10-04,4.02
emp_001440,2025-07-06,4.05
emp_001440,2025-04-07,3.58
emp_001440,2025-01-07,4.59
emp_001441,2026-04-02,3.37
emp_001441,2026-01-02,4.33
emp_001441,2025-10-04,3.86
emp_001441,2025-07-06,4.89
emp_001441,2025-04-07,4.79
emp_001441,2025-01-07,4.15
emp_001442,2026-04-02,4.19
emp_001442,2026-01-02,4.19
emp_001442,2025-10-04,4.02
emp_001442,2025-07-06,4.24
emp_001442,2025-04-07,4.15
emp_001442,2025-01-07,3.47
emp_001442,2024-10-09,4.62
emp_001442,2024-07-11,4.24
emp_001443,2026-04-02,3.89
emp_001443,2026-01-02,3.57
emp_001443,2025-10-04,3.83
emp_001443,2025-07-06,3.45
emp_001443,2025-04-07,3.41
emp_001443,2025-01-07,3.49
emp_001443,2024-10-09,3.27
emp_001443,2024-07-11,3.58
emp_001444,2026-04-02,4.33
emp_001444,2026-01-02,4.23
emp_001444,2025-10-04,3.66
emp_001444,2025-07-06,3.62
emp_001444,2025-04-07,3.57
emp_001444,2025-01-07,4.14
emp_001444,2024-10-09,3.84
emp_001444,2024-07-11,3.89
emp_001445,2026-04-02,4.42
emp_001445,2026-01-02,3.91
emp_001445,2025-10-04,4.01
emp_001445,2025-07-06,3.58
emp_001445,2025-04-07,3.07
emp_001445,2025-01-07,3.81
emp_001446,2026-04-02,4.54
emp_001446,2026-01-02,3.91
emp_001446,2025-10-04,4.23
emp_001446,2025-07-06,4.03
emp_001446,2025-04-07,3.72
emp_001446,2025-01-07,3.78
emp_001446,2024-10-09,4.17
emp_001446,2024-07-11,4.15
emp_001447,2026-04-02,3.95
emp_001447,2026-01-02,3.94
emp_001447,2025-10-04,4.03
emp_001447,2025-07-06,4.26
emp_001447,2025-04-07,3.62
emp_001447,2025-01-07,3.73
emp_001447,2024-10-09,4.38
emp_001447,2024-07-11,3.8
emp_001448,2026-04-02,3.48
emp_001448,2026-01-02,4.31
emp_001448,2025-10-04,4.42
emp_001448,2025-07-06,4.11
emp_001448,2025-04-07,4.15
emp_001448,2025-01-07,4.03
emp_001448,2024-10-09,4.15
emp_001448,2024-07-11,4.05
emp_001449,2026-04-02,3.01
emp_001449,2026-01-02,3.43
emp_001449,2025-10-04,3.51
emp_001449,2025-07-06,3.26
emp_001449,2025-04-07,3.28
emp_001449,2025-01-07,2.51
emp_001449,2024-10-09,2.97
emp_001449,2024-07-11,3.24
emp_001450,2026-04-02,4.12
emp_001450,2026-01-02,4.63
emp_001450,2025-10-04,3.69
emp_001450,2025-07-06,3.68
emp_001450,2025-04-07,4.24
emp_001450,2025-01-07,3.8
emp_001450,2024-10-09,3.95
emp_001450,2024-07-11,4.38
emp_001451,2026-04-02,3.43
emp_001451,2026-01-02,3.41
emp_001452,2026-04-02,4.43
emp_001452,2026-01-02,4.46
emp_001452,2025-10-04,4.1
emp_001452,2025-07-06,4.18
emp_001453,2026-04-02,3.32
emp_001453,2026-01-02,3.54
emp_001453,2025-10-04,2.63
emp_001453,2025-07-06,3.32
emp_001454,2026-04-02,4.02
emp_001454,2026-01-02,4.57
emp_001454,2025-10-04,3.98
emp_001454,2025-07-06,3.75
emp_001454,2025-04-07,3.74
emp_001454,2025-01-07,4.2
emp_001454,2024-10-09,4.86
emp_001454,2024-07-11,4.13
emp_001455,2026-04-02,3.63
emp_001455,2026-01-02,3.17
emp_001456,2026-04-02,4.46
emp_001456,2026-01-02,4.34
emp_001456,2025-10-04,4.23
emp_001456,2025-07-06,4.19
emp_001456,2025-04-07,3.67
emp_001456,2025-01-07,3.54
emp_001456,2024-10-09,4.23
emp_001457,2026-04-02,3.38
emp_001457,2026-01-02,3.96
emp_001457,2025-10-04,4.05
emp_001457,2025-07-06,3.74
emp_001457,2025-04-07,3.67
emp_001457,2025-01-07,4.61
emp_001457,2024-10-09,3.65
emp_001457,2024-07-11,4.04
emp_001458,2026-04-02,3.75
emp_001458,2026-01-02,3.6
emp_001458,2025-10-04,3.82
emp_001458,2025-07-06,3.65
emp_001458,2025-04-07,3.43
emp_001458,2025-01-07,4.3
emp_001458,2024-10-09,3.41
emp_001458,2024-07-11,3.95
emp_001459,2026-04-02,4.14
emp_001459,2026-01-02,3.8
emp_001459,2025-10-04,3.37
emp_001459,2025-07-06,3.02
emp_001459,2025-04-07,3.16
emp_001459,2025-01-07,3.27
emp_001459,2024-10-09,3.91
emp_001459,2024-07-11,4.34
emp_001460,2026-04-02,3.93
emp_001460,2026-01-02,3.67
emp_001460,2025-10-04,3.99
emp_001460,2025-07-06,4.29
emp_001460,2025-04-07,3.8
emp_001460,2025-01-07,3.96
emp_001460,2024-10-09,4.08
emp_001460,2024-07-11,3.6
emp_001461,2026-04-02,4.15
emp_001461,2026-01-02,3.66
emp_001461,2025-10-04,3.99
emp_001461,2025-07-06,2.96
emp_001461,2025-04-07,4.09
emp_001461,2025-01-07,3.48
emp_001461,2024-10-09,3.92
emp_001461,2024-07-11,3.49
emp_001462,2026-04-02,3.96
emp_001462,2026-01-02,3.89
emp_001462,2025-10-04,3.45
emp_001463,2026-04-02,3.02
emp_001463,2026-01-02,3.13
emp_001463,2025-10-04,3.42
emp_001463,2025-07-06,3.3
emp_001463,2025-04-07,4.0
emp_001463,2025-01-07,3.22
emp_001463,2024-10-09,4.22
emp_001464,2026-04-02,3.67
emp_001464,2026-01-02,3.71
emp_001464,2025-10-04,2.7
emp_001464,2025-07-06,3.89
emp_001464,2025-04-07,2.9
emp_001464,2025-01-07,2.99
emp_001464,2024-10-09,3.33
emp_001464,2024-07-11,3.65
emp_001465,2026-04-02,3.51
emp_001465,2026-01-02,3.11
emp_001465,2025-10-04,4.23
emp_001465,2025-07-06,3.74
emp_001465,2025-04-07,3.39
emp_001465,2025-01-07,3.8
emp_001465,2024-10-09,4.11
emp_001466,2026-04-02,3.13
emp_001466,2026-01-02,3.74
emp_001466,2025-10-04,3.75
emp_001466,2025-07-06,3.83
emp_001466,2025-04-07,3.78
emp_001466,2025-01-07,3.21
emp_001466,2024-10-09,3.76
emp_001466,2024-07-11,3.51
emp_001467,2026-04-02,2.49
emp_001467,2026-01-02,3.65
emp_001467,2025-10-04,2.7
emp_001467,2025-07-06,2.88
emp_001467,2025-04-07,2.68
emp_001467,2025-01-07,3.53
emp_001467,2024-10-09,3.42
emp_001467,2024-07-11,3.12
emp_001468,2026-04-02,4.13
emp_001468,2026-01-02,4.59
emp_001468,2025-10-04,4.55
emp_001468,2025-07-06,3.87
emp_001468,2025-04-07,4.15
emp_001468,2025-01-07,4.05
emp_001468,2024-10-09,4.73
emp_001468,2024-07-11,4.07
emp_001469,2026-04-02,3.9
emp_001469,2026-01-02,4.07
emp_001469,2025-10-04,4.24
emp_001470,2026-04-02,3.47
emp_001470,2026-01-02,3.96
emp_001470,2025-10-04,4.41
emp_001470,2025-07-06,3.79
emp_001470,2025-04-07,4.25
emp_001470,2025-01-07,3.8
emp_001471,2026-04-02,3.67
emp_001471,2026-01-02,3.29
emp_001471,2025-10-04,3.45
emp_001471,2025-07-06,3.76
emp_001471,2025-04-07,3.93
emp_001471,2025-01-07,3.87
emp_001471,2024-10-09,3.78
emp_001471,2024-07-11,3.91
emp_001472,2026-04-02,3.74
emp_001472,2026-01-02,3.34
emp_001472,2025-10-04,3.48
emp_001472,2025-07-06,3.72
emp_001472,2025-04-07,3.48
emp_001472,2025-01-07,3.12
emp_001472,2024-10-09,4.12
emp_001472,2024-07-11,3.58
emp_001473,2026-04-02,4.18
emp_001473,2026-01-02,3.84
emp_001473,2025-10-04,4.7
emp_001473,2025-07-06,3.73
emp_001473,2025-04-07,4.73
emp_001473,2025-01-07,3.87
emp_001473,2024-10-09,4.34
emp_001473,2024-07-11,4.05
emp_001474,2026-04-02,3.87
emp_001474,2026-01-02,4.29
emp_001474,2025-10-04,4.32
emp_001474,2025-07-06,3.89
emp_001474,2025-04-07,4.28
emp_001474,2025-01-07,4.27
emp_001474,2024-10-09,4.3
emp_001474,2024-07-11,4.0
emp_001475,2026-04-02,4.48
emp_001475,2026-01-02,3.63
emp_001475,2025-10-04,4.25
emp_001476,2026-04-02,3.96
emp_001476,2026-01-02,4.53
emp_001476,2025-10-04,3.9
emp_001476,2025-07-06,3.93
emp_001476,2025-04-07,3.76
emp_001476,2025-01-07,3.62
emp_001476,2024-10-09,4.13
emp_001476,2024-07-11,4.06
emp_001477,2026-04-02,4.14
emp_001477,2026-01-02,4.49
emp_001477,2025-10-04,4.0
emp_001477,2025-07-06,4.4
emp_001477,2025-04-07,4.22
emp_001477,2025-01-07,4.09
emp_001477,2024-10-09,4.59
emp_001478,2026-04-02,3.46
emp_001478,2026-01-02,3.62
emp_001478,2025-10-04,3.5
emp_001478,2025-07-06,3.53
emp_001478,2025-04-07,3.15
emp_001478,2025-01-07,3.2
emp_001478,2024-10-09,4.15
emp_001478,2024-07-11,3.13
emp_001479,2026-04-02,4.62
emp_001479,2026-01-02,4.3
emp_001479,2025-10-04,4.61
emp_001479,2025-07-06,4.04
emp_001479,2025-04-07,4.44
emp_001479,2025-01-07,4.29
emp_001479,2024-10-09,3.92
emp_001479,2024-07-11,4.51
emp_001480,2026-04-02,4.03
emp_001480,2026-01-02,3.94
emp_001480,2025-10-04,3.52
emp_001480,2025-07-06,4.09
emp_001480,2025-04-07,3.37
emp_001480,2025-01-07,3.59
emp_001480,2024-10-09,3.93
emp_001480,2024-07-11,3.92
emp_001481,2026-04-02,3.8
emp_001481,2026-01-02,4.11
emp_001481,2025-10-04,4.81
emp_001481,2025-07-06,4.31
emp_001481,2025-04-07,4.29
emp_001481,2025-01-07,4.4
emp_001481,2024-10-09,3.54
emp_001481,2024-07-11,4.34
emp_001482,2026-04-02,4.34
emp_001482,2026-01-02,3.81
emp_001482,2025-10-04,4.35
emp_001482,2025-07-06,4.05
emp_001482,2025-04-07,4.22
emp_001482,2025-01-07,3.5
emp_001482,2024-10-09,4.09
emp_001482,2024-07-11,3.47
emp_001483,2026-04-02,3.94
emp_001483,2026-01-02,3.8
emp_001483,2025-10-04,3.52
emp_001483,2025-07-06,3.93
emp_001483,2025-04-07,3.71
emp_001483,2025-01-07,3.52
emp_001483,2024-10-09,3.93
emp_001483,2024-07-11,4.07
emp_001485,2026-04-02,3.84
emp_001485,2026-01-02,4.19
emp_001485,2025-10-04,3.96
emp_001485,2025-07-06,3.5
emp_001485,2025-04-07,4.19
emp_001485,2025-01-07,3.81
emp_001485,2024-10-09,3.49
emp_001485,2024-07-11,4.01
emp_001486,2026-04-02,3.9
emp_001486,2026-01-02,3.81
emp_001486,2025-10-04,3.92
emp_001486,2025-07-06,3.79
emp_001486,2025-04-07,3.18
emp_001486,2025-01-07,3.95
emp_001486,2024-10-09,3.56
emp_001486,2024-07-11,4.03
emp_001487,2026-04-02,4.45
emp_001487,2026-01-02,3.94
emp_001487,2025-10-04,3.61
emp_001487,2025-07-06,3.64
emp_001487,2025-04-07,3.52
emp_001487,2025-01-07,3.11
emp_001487,2024-10-09,4.69
emp_001487,2024-07-11,4.53
emp_001488,2026-04-02,2.76
emp_001488,2026-01-02,3.69
emp_001488,2025-10-04,3.47
emp_001488,2025-07-06,3.96
emp_001488,2025-04-07,3.39
emp_001488,2025-01-07,3.31
emp_001488,2024-10-09,3.1
emp_001488,2024-07-11,3.33
emp_001489,2026-04-02,3.84
emp_001489,2026-01-02,3.58
emp_001489,2025-10-04,3.49
emp_001489,2025-07-06,3.87
emp_001489,2025-04-07,2.99
emp_001489,2025-01-07,3.62
emp_001489,2024-10-09,3.37
emp_001489,2024-07-11,3.63
emp_001490,2026-04-02,2.97
emp_001490,2026-01-02,3.91
emp_001490,2025-10-04,3.91
emp_001490,2025-07-06,3.75
emp_001490,2025-04-07,3.47
emp_001490,2025-01-07,3.98
emp_001490,2024-10-09,3.62
emp_001490,2024-07-11,3.62
emp_001491,2026-04-02,4.05
emp_001491,2026-01-02,3.88
emp_001491,2025-10-04,3.87
emp_001491,2025-07-06,3.85
emp_001491,2025-04-07,4.14
emp_001491,2025-01-07,3.56
emp_001491,2024-10-09,3.59
emp_001491,2024-07-11,3.5
emp_001492,2026-04-02,3.62
emp_001492,2026-01-02,4.26
emp_001492,2025-10-04,4.34
emp_001492,2025-07-06,4.71
emp_001492,2025-04-07,4.72
emp_001492,2025-01-07,4.08
emp_001492,2024-10-09,4.23
emp_001492,2024-07-11,4.24
emp_001493,2026-04-02,3.44
emp_001493,2026-01-02,3.9
emp_001493,2025-10-04,3.56
emp_001493,2025-07-06,3.56
emp_001493,2025-04-07,4.02
emp_001493,2025-01-07,3.71
emp_001493,2024-10-09,3.82
emp_001493,2024-07-11,3.39
emp_001494,2026-04-02,4.23
emp_001494,2026-01-02,3.75
emp_001494,2025-10-04,3.91
emp_001494,2025-07-06,3.82
emp_001494,2025-04-07,3.57
emp_001494,2025-01-07,3.83
emp_001494,2024-10-09,3.45
emp_001494,2024-07-11,4.32
emp_001495,2026-04-02,2.8
emp_001495,2026-01-02,2.87
emp_001495,2025-10-04,2.92
emp_001495,2025-07-06,2.89
emp_001496,2026-04-02,3.97
emp_001496,2026-01-02,3.57
emp_001496,2025-10-04,3.26
emp_001496,2025-07-06,3.91
emp_001496,2025-04-07,3.55
emp_001496,2025-01-07,2.88
emp_001496,2024-10-09,3.45
emp_001496,2024-07-11,3.83
emp_001497,2026-04-02,4.18
emp_001497,2026-01-02,3.79
emp_001497,2025-10-04,3.26
emp_001497,2025-07-06,3.66
emp_001497,2025-04-07,2.84
emp_001497,2025-01-07,4.13
emp_001497,2024-10-09,3.98
emp_001497,2024-07-11,3.82
emp_001498,2026-04-02,3.26
emp_001498,2026-01-02,3.69
emp_001498,2025-10-04,3.97
emp_001498,2025-07-06,4.01
emp_001499,2026-04-02,4.23
emp_001499,2026-01-02,4.12
emp_001499,2025-10-04,4.9
emp_001499,2025-07-06,4.02
emp_001499,2025-04-07,3.81
emp_001499,2025-01-07,3.83
emp_001499,2024-10-09,3.84
emp_001499,2024-07-11,4.66
emp_001500,2026-04-02,3.7
emp_001500,2026-01-02,3.29
emp_001500,2025-10-04,3.7
emp_001500,2025-07-06,3.8
emp_001500,2025-04-07,3.46
emp_001500,2025-01-07,4.11
emp_001500,2024-10-09,4.12
emp_001500,2024-07-11,4.14
emp_001501,2026-04-02,4.28
emp_001501,2026-01-02,4.08
emp_001501,2025-10-04,3.76
emp_001501,2025-07-06,3.49
emp_001501,2025-04-07,4.05
emp_001501,2025-01-07,4.02
emp_001501,2024-10-09,4.29
emp_001501,2024-07-11,4.38
emp_001502,2026-04-02,4.01
emp_001502,2026-01-02,4.02
emp_001502,2025-10-04,3.28
emp_001502,2025-07-06,4.08
emp_001502,2025-04-07,3.85
emp_001502,2025-01-07,3.75
emp_001502,2024-10-09,3.84
emp_001502,2024-07-11,3.53
emp_001503,2026-04-02,3.08
emp_001503,2026-01-02,3.85
emp_001503,2025-10-04,3.86
emp_001503,2025-07-06,3.86
emp_001503,2025-04-07,3.63
emp_001503,2025-01-07,3.34
emp_001503,2024-10-09,3.83
emp_001503,2024-07-11,3.71
emp_001504,2026-04-02,3.9
emp_001504,2026-01-02,4.15
emp_001504,2025-10-04,3.52
emp_001504,2025-07-06,3.45
emp_001504,2025-04-07,4.12
emp_001504,2025-01-07,4.32
emp_001504,2024-10-09,3.9
emp_001504,2024-07-11,3.9
emp_001505,2026-04-02,3.8
emp_001505,2026-01-02,3.61
emp_001505,2025-10-04,4.15
emp_001505,2025-07-06,3.36
emp_001505,2025-04-07,3.18
emp_001505,2025-01-07,3.37
emp_001506,2026-04-02,3.92
emp_001506,2026-01-02,3.86
emp_001506,2025-10-04,3.91
emp_001506,2025-07-06,3.85
emp_001506,2025-04-07,3.94
emp_001506,2025-01-07,4.18
emp_001506,2024-10-09,3.62
emp_001506,2024-07-11,4.19
emp_001507,2026-04-02,3.97
emp_001507,2026-01-02,3.23
emp_001507,2025-10-04,3.18
emp_001507,2025-07-06,3.83
emp_001507,2025-04-07,3.75
emp_001507,2025-01-07,3.52
emp_001507,2024-10-09,3.8
emp_001507,2024-07-11,3.65
emp_001508,2026-04-02,4.01
emp_001508,2026-01-02,3.69
emp_001508,2025-10-04,3.69
emp_001508,2025-07-06,3.67
emp_001508,2025-04-07,3.93
emp_001508,2025-01-07,3.79
emp_001508,2024-10-09,4.13
emp_001509,2026-04-02,3.94
emp_001509,2026-01-02,4.42
emp_001509,2025-10-04,3.63
emp_001509,2025-07-06,3.53
emp_001509,2025-04-07,4.27
emp_001509,2025-01-07,3.75
emp_001509,2024-10-09,4.12
emp_001509,2024-07-11,3.44
emp_001510,2026-04-02,4.29
emp_001510,2026-01-02,4.44
emp_001510,2025-10-04,4.4
emp_001510,2025-07-06,4.91
emp_001511,2026-04-02,4.03
emp_001511,2026-01-02,3.86
emp_001511,2025-10-04,4.03
emp_001511,2025-07-06,4.05
emp_001511,2025-04-07,4.01
emp_001511,2025-01-07,3.61
emp_001511,2024-10-09,4.18
emp_001511,2024-07-11,3.65
emp_001512,2026-04-02,4.05
emp_001512,2026-01-02,4.15
emp_001512,2025-10-04,3.66
emp_001512,2025-07-06,3.67
emp_001512,2025-04-07,3.35
emp_001512,2025-01-07,3.77
emp_001512,2024-10-09,3.63
emp_001512,2024-07-11,3.32
emp_001513,2026-04-02,3.4
emp_001513,2026-01-02,3.99
emp_001513,2025-10-04,3.17
emp_001513,2025-07-06,3.56
emp_001513,2025-04-07,4.04
emp_001513,2025-01-07,3.07
emp_001513,2024-10-09,3.64
emp_001513,2024-07-11,3.11
emp_001514,2026-04-02,3.87
emp_001514,2026-01-02,4.17
emp_001514,2025-10-04,4.13
emp_001514,2025-07-06,3.32
emp_001514,2025-04-07,3.78
emp_001514,2025-01-07,3.83
emp_001514,2024-10-09,3.81
emp_001514,2024-07-11,3.98
emp_001515,2026-04-02,3.15
emp_001515,2026-01-02,3.77
emp_001515,2025-10-04,3.66
emp_001516,2026-04-02,3.95
emp_001516,2026-01-02,3.76
emp_001516,2025-10-04,4.29
emp_001516,2025-07-06,3.85
emp_001516,2025-04-07,3.95
emp_001516,2025-01-07,4.04
emp_001517,2026-04-02,3.78
emp_001517,2026-01-02,3.9
emp_001517,2025-10-04,4.55
emp_001517,2025-07-06,4.29
emp_001517,2025-04-07,4.22
emp_001517,2025-01-07,4.34
emp_001517,2024-10-09,3.79
emp_001517,2024-07-11,4.59
emp_001518,2026-04-02,3.16
emp_001518,2026-01-02,3.52
emp_001518,2025-10-04,3.61
emp_001518,2025-07-06,3.39
emp_001518,2025-04-07,4.54
emp_001519,2026-04-02,3.97
emp_001519,2026-01-02,3.36
emp_001519,2025-10-04,3.56
emp_001519,2025-07-06,3.7
emp_001519,2025-04-07,3.64
emp_001520,2026-04-02,3.36
emp_001520,2026-01-02,3.01
emp_001520,2025-10-04,3.74
emp_001520,2025-07-06,3.32
emp_001520,2025-04-07,3.78
emp_001520,2025-01-07,3.51
emp_001520,2024-10-09,3.26
emp_001520,2024-07-11,4.02
emp_001521,2026-04-02,3.7
emp_001521,2026-01-02,3.87
emp_001521,2025-10-04,3.44
emp_001521,2025-07-06,4.09
emp_001521,2025-04-07,3.14
emp_001522,2026-04-02,3.99
emp_001522,2026-01-02,3.65
emp_001522,2025-10-04,3.5
emp_001522,2025-07-06,4.07
emp_001522,2025-04-07,3.69
emp_001522,2025-01-07,3.36
emp_001522,2024-10-09,4.47
emp_001522,2024-07-11,3.51
emp_001523,2026-04-02,4.45
emp_001524,2026-04-02,2.77
emp_001524,2026-01-02,3.28
emp_001524,2025-10-04,3.62
emp_001524,2025-07-06,3.32
emp_001524,2025-04-07,2.92
emp_001524,2025-01-07,3.04
emp_001524,2024-10-09,3.27
emp_001524,2024-07-11,3.73
emp_001525,2026-04-02,3.5
emp_001525,2026-01-02,3.27
emp_001525,2025-10-04,3.51
emp_001525,2025-07-06,3.43
emp_001525,2025-04-07,2.72
emp_001525,2025-01-07,3.2
emp_001525,2024-10-09,3.01
emp_001525,2024-07-11,3.83
emp_001526,2026-04-02,4.32
emp_001526,2026-01-02,3.96
emp_001526,2025-10-04,4.19
emp_001526,2025-07-06,4.44
emp_001526,2025-04-07,3.94
emp_001526,2025-01-07,3.37
emp_001526,2024-10-09,3.93
emp_001526,2024-07-11,4.12
emp_001527,2026-04-02,4.08
emp_001527,2026-01-02,3.73
emp_001527,2025-10-04,3.81
emp_001527,2025-07-06,3.9
emp_001527,2025-04-07,3.37
emp_001527,2025-01-07,4.2
emp_001527,2024-10-09,3.78
emp_001527,2024-07-11,3.77
emp_001528,2026-04-02,4.03
emp_001528,2026-01-02,3.92
emp_001528,2025-10-04,4.13
emp_001528,2025-07-06,3.68
emp_001528,2025-04-07,4.5
emp_001528,2025-01-07,4.31
emp_001528,2024-10-09,3.96
emp_001528,2024-07-11,4.22
emp_001529,2026-04-02,4.02
emp_001529,2026-01-02,3.72
emp_001530,2026-04-02,3.04
emp_001530,2026-01-02,2.67
emp_001530,2025-10-04,3.53
emp_001530,2025-07-06,2.83
emp_001530,2025-04-07,3.15
emp_001530,2025-01-07,2.95
emp_001530,2024-10-09,3.42
emp_001531,2026-04-02,4.1
emp_001531,2026-01-02,3.84
emp_001531,2025-10-04,4.07
emp_001531,2025-07-06,3.6
emp_001531,2025-04-07,3.06
emp_001531,2025-01-07,4.26
emp_001531,2024-10-09,3.68
emp_001531,2024-07-11,3.49
emp_001532,2026-04-02,4.06
emp_001532,2026-01-02,4.13
emp_001532,2025-10-04,4.04
emp_001532,2025-07-06,4.47
emp_001532,2025-04-07,4.19
emp_001532,2025-01-07,4.11
emp_001532,2024-10-09,3.87
emp_001532,2024-07-11,4.74
emp_001533,2026-04-02,3.6
emp_001533,2026-01-02,3.46
emp_001533,2025-10-04,3.91
emp_001533,2025-07-06,3.48
emp_001533,2025-04-07,3.58
emp_001533,2025-01-07,3.33
emp_001533,2024-10-09,3.69
emp_001533,2024-07-11,3.24
emp_001534,2026-04-02,3.6
emp_001535,2026-04-02,4.41
emp_001535,2026-01-02,4.26
emp_001535,2025-10-04,3.62
emp_001535,2025-07-06,4.12
emp_001535,2025-04-07,4.16
emp_001535,2025-01-07,3.97
emp_001536,2026-04-02,3.48
emp_001536,2026-01-02,4.12
emp_001537,2026-04-02,3.72
emp_001537,2026-01-02,3.61
emp_001537,2025-10-04,3.26
emp_001537,2025-07-06,4.19
emp_001537,2025-04-07,2.79
emp_001537,2025-01-07,3.5
emp_001537,2024-10-09,3.38
emp_001537,2024-07-11,3.73
emp_001538,2026-04-02,3.97
emp_001538,2026-01-02,4.53
emp_001538,2025-10-04,4.36
emp_001538,2025-07-06,3.82
emp_001538,2025-04-07,3.57
emp_001538,2025-01-07,4.25
emp_001538,2024-10-09,4.02
emp_001538,2024-07-11,4.05
emp_001539,2026-04-02,3.42
emp_001539,2026-01-02,3.52
emp_001539,2025-10-04,3.51
emp_001539,2025-07-06,4.09
emp_001539,2025-04-07,3.44
emp_001539,2025-01-07,3.1
emp_001539,2024-10-09,3.07
emp_001539,2024-07-11,3.9
emp_001540,2026-04-02,4.0
emp_001540,2026-01-02,3.62
emp_001540,2025-10-04,3.65
emp_001540,2025-07-06,4.07
emp_001540,2025-04-07,3.85
emp_001541,2026-04-02,3.93
emp_001541,2026-01-02,3.8
emp_001541,2025-10-04,4.13
emp_001541,2025-07-06,4.24
emp_001541,2025-04-07,3.74
emp_001541,2025-01-07,2.76
emp_001541,2024-10-09,3.43
emp_001541,2024-07-11,3.38
emp_001542,2026-04-02,4.14
emp_001542,2026-01-02,3.8
emp_001542,2025-10-04,3.66
emp_001542,2025-07-06,4.33
emp_001542,2025-04-07,4.51
emp_001542,2025-01-07,4.22
emp_001542,2024-10-09,4.47
emp_001542,2024-07-11,4.12
emp_001543,2026-04-02,3.41
emp_001543,2026-01-02,4.91
emp_001543,2025-10-04,4.39
emp_001543,2025-07-06,3.98
emp_001543,2025-04-07,4.09
emp_001544,2026-04-02,3.27
emp_001544,2026-01-02,2.56
emp_001544,2025-10-04,3.39
emp_001544,2025-07-06,3.21
emp_001544,2025-04-07,2.54
emp_001544,2025-01-07,3.08
emp_001544,2024-10-09,3.37
emp_001544,2024-07-11,2.63
emp_001545,2026-04-02,3.79
emp_001545,2026-01-02,3.6
emp_001545,2025-10-04,4.38
emp_001545,2025-07-06,3.58
emp_001545,2025-04-07,3.73
emp_001545,2025-01-07,3.82
emp_001545,2024-10-09,3.31
emp_001545,2024-07-11,3.54
emp_001546,2026-04-02,3.57
emp_001546,2026-01-02,3.6
emp_001546,2025-10-04,4.45
emp_001546,2025-07-06,4.0
emp_001546,2025-04-07,3.99
emp_001546,2025-01-07,3.94
emp_001546,2024-10-09,4.29
emp_001546,2024-07-11,4.4
emp_001547,2026-04-02,4.08
emp_001547,2026-01-02,4.44
emp_001547,2025-10-04,4.23
emp_001547,2025-07-06,4.51
emp_001547,2025-04-07,3.81
emp_001547,2025-01-07,3.94
emp_001547,2024-10-09,4.27
emp_001547,2024-07-11,3.98
emp_001548,2026-04-02,3.95
emp_001548,2026-01-02,3.37
emp_001548,2025-10-04,3.38
emp_001548,2025-07-06,3.76
emp_001548,2025-04-07,4.31
emp_001548,2025-01-07,3.79
emp_001548,2024-10-09,3.43
emp_001548,2024-07-11,3.61
emp_001549,2026-04-02,3.68
emp_001550,2026-04-02,3.9
emp_001550,2026-01-02,3.81
emp_001550,2025-10-04,3.55
emp_001550,2025-07-06,3.61
emp_001550,2025-04-07,3.28
emp_001550,2025-01-07,3.64
emp_001550,2024-10-09,3.63
emp_001551,2026-04-02,3.82
emp_001551,2026-01-02,3.92
emp_001551,2025-10-04,4.66
emp_001551,2025-07-06,3.81
emp_001551,2025-04-07,3.92
emp_001551,2025-01-07,4.16
emp_001551,2024-10-09,4.16
emp_001551,2024-07-11,3.7
emp_001552,2026-04-02,3.51
emp_001552,2026-01-02,3.87
emp_001552,2025-10-04,3.35
emp_001552,2025-07-06,3.65
emp_001552,2025-04-07,4.34
emp_001552,2025-01-07,3.77
emp_001552,2024-10-09,3.9
emp_001552,2024-07-11,3.94
emp_001553,2026-04-02,4.59
emp_001553,2026-01-02,3.73
emp_001553,2025-10-04,4.09
emp_001553,2025-07-06,3.18
emp_001554,2026-04-02,4.35
emp_001554,2026-01-02,4.24
emp_001554,2025-10-04,3.68
emp_001554,2025-07-06,3.85
emp_001554,2025-04-07,3.96
emp_001554,2025-01-07,3.86
emp_001554,2024-10-09,4.25
emp_001554,2024-07-11,3.59
emp_001555,2026-04-02,4.06
emp_001555,2026-01-02,3.79
emp_001555,2025-10-04,3.37
emp_001555,2025-07-06,4.03
emp_001555,2025-04-07,3.64
emp_001555,2025-01-07,3.51
emp_001555,2024-10-09,4.56
emp_001555,2024-07-11,3.71
emp_001556,2026-04-02,4.77
emp_001556,2026-01-02,4.22
emp_001556,2025-10-04,4.55
emp_001556,2025-07-06,4.06
emp_001556,2025-04-07,4.56
emp_001556,2025-01-07,3.69
emp_001556,2024-10-09,4.32
emp_001556,2024-07-11,4.3
emp_001557,2026-04-02,3.41
emp_001557,2026-01-02,3.62
emp_001557,2025-10-04,2.89
emp_001557,2025-07-06,4.01
emp_001557,2025-04-07,3.74
emp_001557,2025-01-07,3.89
emp_001557,2024-10-09,3.58
emp_001557,2024-07-11,3.79
emp_001558,2026-04-02,4.22
emp_001558,2026-01-02,3.63
emp_001558,2025-10-04,3.71
emp_001558,2025-07-06,3.68
emp_001558,2025-04-07,4.01
emp_001558,2025-01-07,4.33
emp_001558,2024-10-09,4.21
emp_001558,2024-07-11,3.75
emp_001559,2026-04-02,4.22
emp_001559,2026-01-02,4.41
emp_001559,2025-10-04,4.47
emp_001559,2025-07-06,3.57
emp_001559,2025-04-07,4.13
emp_001559,2025-01-07,4.28
emp_001559,2024-10-09,3.91
emp_001559,2024-07-11,4.31
emp_001560,2026-04-02,3.63
emp_001560,2026-01-02,3.49
emp_001560,2025-10-04,4.03
emp_001560,2025-07-06,3.93
emp_001560,2025-04-07,3.83
emp_001560,2025-01-07,3.34
emp_001560,2024-10-09,3.69
emp_001560,2024-07-11,3.48
emp_001561,2026-04-02,3.37
emp_001561,2026-01-02,3.76
emp_001563,2026-04-02,3.74
emp_001563,2026-01-02,4.13
emp_001563,2025-10-04,3.7
emp_001563,2025-07-06,4.32
emp_001563,2025-04-07,4.26
emp_001563,2025-01-07,4.23
emp_001563,2024-10-09,3.95
emp_001563,2024-07-11,4.21
emp_001564,2026-04-02,3.06
emp_001564,2026-01-02,3.7
emp_001564,2025-10-04,3.56
emp_001564,2025-07-06,3.97
emp_001564,2025-04-07,3.26
emp_001564,2025-01-07,2.97
emp_001564,2024-10-09,3.22
emp_001564,2024-07-11,3.42
emp_001565,2026-04-02,4.05
emp_001565,2026-01-02,3.71
emp_001565,2025-10-04,3.55
emp_001565,2025-07-06,3.36
emp_001565,2025-04-07,3.07
emp_001565,2025-01-07,3.58
emp_001565,2024-10-09,3.44
emp_001565,2024-07-11,3.2
emp_001566,2026-04-02,3.57
emp_001566,2026-01-02,3.83
emp_001566,2025-10-04,3.2
emp_001566,2025-07-06,3.68
emp_001566,2025-04-07,3.46
emp_001566,2025-01-07,3.28
emp_001566,2024-10-09,3.67
emp_001567,2026-04-02,4.34
emp_001567,2026-01-02,3.96
emp_001567,2025-10-04,4.19
emp_001567,2025-07-06,4.36
emp_001567,2025-04-07,3.58
emp_001567,2025-01-07,4.62
emp_001567,2024-10-09,3.92
emp_001567,2024-07-11,4.32
emp_001568,2026-04-02,3.85
emp_001568,2026-01-02,4.62
emp_001568,2025-10-04,3.86
emp_001568,2025-07-06,3.33
emp_001568,2025-04-07,3.9
emp_001568,2025-01-07,3.75
emp_001568,2024-10-09,3.67
emp_001568,2024-07-11,3.91
emp_001569,2026-04-02,4.89
emp_001569,2026-01-02,4.0
emp_001569,2025-10-04,3.69
emp_001569,2025-07-06,4.02
emp_001569,2025-04-07,4.05
emp_001569,2025-01-07,4.2
emp_001569,2024-10-09,4.2
emp_001569,2024-07-11,4.83
emp_001570,2026-04-02,4.12
emp_001570,2026-01-02,3.93
emp_001570,2025-10-04,3.63
emp_001570,2025-07-06,4.61
emp_001570,2025-04-07,4.07
emp_001570,2025-01-07,4.29
emp_001570,2024-10-09,4.47
emp_001570,2024-07-11,4.06
emp_001571,2026-04-02,3.36
emp_001571,2026-01-02,4.16
emp_001571,2025-10-04,3.18
emp_001571,2025-07-06,3.96
emp_001571,2025-04-07,3.33
emp_001571,2025-01-07,2.91
emp_001571,2024-10-09,3.68
emp_001571,2024-07-11,3.67
emp_001572,2026-04-02,3.76
emp_001572,2026-01-02,3.25
emp_001572,2025-10-04,2.88
emp_001572,2025-07-06,3.76
emp_001572,2025-04-07,3.65
emp_001572,2025-01-07,3.45
emp_001572,2024-10-09,3.03
emp_001572,2024-07-11,3.83
emp_001573,2026-04-02,4.17
emp_001573,2026-01-02,4.33
emp_001573,2025-10-04,3.35
emp_001573,2025-07-06,3.7
emp_001573,2025-04-07,4.14
emp_001573,2025-01-07,3.67
emp_001573,2024-10-09,3.91
emp_001573,2024-07-11,3.56
emp_001574,2026-04-02,4.75
emp_001574,2026-01-02,4.56
emp_001574,2025-10-04,4.3
emp_001574,2025-07-06,4.7
emp_001574,2025-04-07,4.08
emp_001574,2025-01-07,4.07
emp_001574,2024-10-09,4.27
emp_001574,2024-07-11,4.82
emp_001575,2026-04-02,4.4
emp_001575,2026-01-02,3.7
emp_001575,2025-10-04,3.91
emp_001575,2025-07-06,4.52
emp_001575,2025-04-07,4.43
emp_001575,2025-01-07,3.86
emp_001575,2024-10-09,3.56
emp_001575,2024-07-11,4.04
emp_001576,2026-04-02,4.07
emp_001576,2026-01-02,3.67
emp_001576,2025-10-04,4.69
emp_001576,2025-07-06,4.27
emp_001576,2025-04-07,3.7
emp_001576,2025-01-07,4.16
emp_001576,2024-10-09,4.28
emp_001576,2024-07-11,4.2
emp_001577,2026-04-02,4.11
emp_001577,2026-01-02,3.85
emp_001577,2025-10-04,3.64
emp_001577,2025-07-06,3.46
emp_001577,2025-04-07,3.53
emp_001577,2025-01-07,2.95
emp_001577,2024-10-09,4.1
emp_001577,2024-07-11,3.54
emp_001578,2026-04-02,3.86
emp_001578,2026-01-02,4.47
emp_001578,2025-10-04,4.15
emp_001579,2026-04-02,2.94
emp_001579,2026-01-02,3.7
emp_001579,2025-10-04,3.98
emp_001579,2025-07-06,3.83
emp_001579,2025-04-07,3.83
emp_001579,2025-01-07,3.99
emp_001579,2024-10-09,3.88
emp_001580,2026-04-02,3.36
emp_001580,2026-01-02,3.81
emp_001580,2025-10-04,3.81
emp_001580,2025-07-06,4.71
emp_001580,2025-04-07,3.65
emp_001580,2025-01-07,4.17
emp_001581,2026-04-02,3.92
emp_001581,2026-01-02,3.55
emp_001581,2025-10-04,3.38
emp_001581,2025-07-06,4.07
emp_001581,2025-04-07,4.02
emp_001581,2025-01-07,3.58
emp_001581,2024-10-09,3.87
emp_001581,2024-07-11,4.14
emp_001582,2026-04-02,3.63
emp_001582,2026-01-02,3.51
emp_001582,2025-10-04,4.23
emp_001582,2025-07-06,3.81
emp_001582,2025-04-07,4.01
emp_001583,2026-04-02,3.54
emp_001583,2026-01-02,2.82
emp_001583,2025-10-04,3.61
emp_001583,2025-07-06,3.36
emp_001583,2025-04-07,3.23
emp_001583,2025-01-07,3.43
emp_001584,2026-04-02,4.58
emp_001584,2026-01-02,3.44
emp_001584,2025-10-04,3.98
emp_001584,2025-07-06,3.8
emp_001584,2025-04-07,3.93
emp_001584,2025-01-07,4.42
emp_001584,2024-10-09,3.48
emp_001585,2026-04-02,3.84
emp_001585,2026-01-02,4.01
emp_001585,2025-10-04,4.41
emp_001585,2025-07-06,3.85
emp_001586,2026-04-02,4.26
emp_001586,2026-01-02,3.92
emp_001586,2025-10-04,4.02
emp_001586,2025-07-06,4.24
emp_001586,2025-04-07,4.45
emp_001586,2025-01-07,4.07
emp_001586,2024-10-09,3.16
emp_001586,2024-07-11,3.55
emp_001587,2026-04-02,3.82
emp_001587,2026-01-02,3.76
emp_001587,2025-10-04,3.97
emp_001587,2025-07-06,3.71
emp_001587,2025-04-07,3.56
emp_001587,2025-01-07,3.46
emp_001587,2024-10-09,4.51
emp_001587,2024-07-11,4.0
emp_001588,2026-04-02,2.59
emp_001588,2026-01-02,2.98
emp_001588,2025-10-04,3.81
emp_001588,2025-07-06,3.18
emp_001588,2025-04-07,3.4
emp_001588,2025-01-07,2.76
emp_001588,2024-10-09,3.19
emp_001589,2026-04-02,3.37
emp_001589,2026-01-02,2.57
emp_001590,2026-04-02,3.23
emp_001590,2026-01-02,3.32
emp_001590,2025-10-04,3.87
emp_001590,2025-07-06,3.44
emp_001590,2025-04-07,3.62
emp_001590,2025-01-07,2.92
emp_001591,2026-04-02,3.61
emp_001591,2026-01-02,3.94
emp_001591,2025-10-04,3.63
emp_001591,2025-07-06,3.49
emp_001591,2025-04-07,3.42
emp_001591,2025-01-07,3.14
emp_001591,2024-10-09,3.73
emp_001591,2024-07-11,3.38
emp_001592,2026-04-02,2.95
emp_001592,2026-01-02,3.58
emp_001592,2025-10-04,3.29
emp_001592,2025-07-06,3.11
emp_001592,2025-04-07,4.09
emp_001592,2025-01-07,3.69
emp_001592,2024-10-09,3.26
emp_001592,2024-07-11,3.95
emp_001593,2026-04-02,3.43
emp_001593,2026-01-02,4.13
emp_001593,2025-10-04,3.48
emp_001593,2025-07-06,3.63
emp_001593,2025-04-07,3.7
emp_001593,2025-01-07,3.87
emp_001593,2024-10-09,3.8
emp_001593,2024-07-11,3.99
emp_001595,2026-04-02,4.14
emp_001595,2026-01-02,3.17
emp_001595,2025-10-04,3.62
emp_001595,2025-07-06,3.63
emp_001595,2025-04-07,3.61
emp_001595,2025-01-07,3.73
emp_001595,2024-10-09,3.29
emp_001595,2024-07-11,3.87
emp_001596,2026-04-02,3.8
emp_001596,2026-01-02,3.87
emp_001596,2025-10-04,3.19
emp_001596,2025-07-06,4.66
emp_001596,2025-04-07,3.5
emp_001596,2025-01-07,3.25
emp_001596,2024-10-09,4.03
emp_001596,2024-07-11,3.89
emp_001597,2026-04-02,3.34
emp_001597,2026-01-02,3.56
emp_001597,2025-10-04,3.75
emp_001597,2025-07-06,3.83
emp_001597,2025-04-07,3.93
emp_001597,2025-01-07,3.37
emp_001597,2024-10-09,3.87
emp_001597,2024-07-11,3.93
emp_001598,2026-04-02,3.51
emp_001598,2026-01-02,3.93
emp_001599,2026-04-02,3.36
emp_001599,2026-01-02,3.26
emp_001599,2025-10-04,2.67
emp_001599,2025-07-06,3.24
emp_001599,2025-04-07,3.21
emp_001599,2025-01-07,3.59
emp_001599,2024-10-09,3.43
emp_001599,2024-07-11,3.18
emp_001600,2026-04-02,3.8
emp_001600,2026-01-02,4.26
emp_001600,2025-10-04,3.38
emp_001600,2025-07-06,4.31
emp_001600,2025-04-07,3.88
emp_001600,2025-01-07,3.64
emp_001600,2024-10-09,4.03
emp_001601,2026-04-02,3.91
emp_001601,2026-01-02,3.7
emp_001601,2025-10-04,4.78
emp_001601,2025-07-06,4.2
emp_001601,2025-04-07,4.36
emp_001601,2025-01-07,4.21
emp_001601,2024-10-09,4.38
emp_001601,2024-07-11,4.53
emp_001602,2026-04-02,3.97
emp_001602,2026-01-02,3.56
emp_001602,2025-10-04,3.14
emp_001602,2025-07-06,3.63
emp_001602,2025-04-07,3.68
emp_001602,2025-01-07,3.74
emp_001602,2024-10-09,3.81
emp_001602,2024-07-11,3.61
emp_001603,2026-04-02,4.36
emp_001603,2026-01-02,4.49
emp_001603,2025-10-04,4.36
emp_001603,2025-07-06,4.32
emp_001604,2026-04-02,3.23
emp_001604,2026-01-02,3.35
emp_001604,2025-10-04,3.65
emp_001605,2026-04-02,4.57
emp_001605,2026-01-02,4.29
emp_001605,2025-10-04,4.17
emp_001605,2025-07-06,4.21
emp_001605,2025-04-07,4.62
emp_001605,2025-01-07,4.16
emp_001605,2024-10-09,4.0
emp_001605,2024-07-11,4.04
emp_001606,2026-04-02,3.75
emp_001606,2026-01-02,3.9
emp_001606,2025-10-04,3.42
emp_001606,2025-07-06,4.32
emp_001606,2025-04-07,4.02
emp_001606,2025-01-07,3.65
emp_001606,2024-10-09,4.57
emp_001606,2024-07-11,4.64
emp_001607,2026-04-02,2.99
emp_001607,2026-01-02,3.41
emp_001607,2025-10-04,3.58
emp_001607,2025-07-06,3.72
emp_001607,2025-04-07,3.31
emp_001607,2025-01-07,3.7
emp_001608,2026-04-02,3.64
emp_001608,2026-01-02,3.56
emp_001608,2025-10-04,3.88
emp_001608,2025-07-06,4.63
emp_001608,2025-04-07,3.38
emp_001608,2025-01-07,3.57
emp_001608,2024-10-09,3.99
emp_001608,2024-07-11,4.12
emp_001609,2026-04-02,4.23
emp_001609,2026-01-02,3.68
emp_001609,2025-10-04,3.12
emp_001609,2025-07-06,3.66
emp_001609,2025-04-07,3.88
emp_001609,2025-01-07,3.97
emp_001609,2024-10-09,3.86
emp_001609,2024-07-11,4.19
emp_001610,2026-04-02,3.6
emp_001610,2026-01-02,3.78
emp_001610,2025-10-04,3.98
emp_001610,2025-07-06,4.15
emp_001610,2025-04-07,3.19
emp_001610,2025-01-07,3.19
emp_001611,2026-04-02,3.39
emp_001611,2026-01-02,3.72
emp_001611,2025-10-04,3.64
emp_001611,2025-07-06,4.44
emp_001611,2025-04-07,4.26
emp_001611,2025-01-07,3.57
emp_001611,2024-10-09,3.4
emp_001611,2024-07-11,4.0
emp_001612,2026-04-02,3.44
emp_001612,2026-01-02,3.53
emp_001612,2025-10-04,3.36
emp_001612,2025-07-06,3.91
emp_001612,2025-04-07,4.06
emp_001612,2025-01-07,3.91
emp_001613,2026-04-02,3.92
emp_001613,2026-01-02,4.37
emp_001613,2025-10-04,3.79
emp_001613,2025-07-06,3.62
emp_001613,2025-04-07,4.8
emp_001613,2025-01-07,4.5
emp_001613,2024-10-09,4.35
emp_001613,2024-07-11,4.08
emp_001614,2026-04-02,4.33
emp_001614,2026-01-02,3.62
emp_001614,2025-10-04,3.83
emp_001614,2025-07-06,3.98
emp_001614,2025-04-07,4.06
emp_001614,2025-01-07,4.26
emp_001614,2024-10-09,4.22
emp_001614,2024-07-11,3.3
emp_001615,2026-04-02,4.08
emp_001615,2026-01-02,4.13
emp_001615,2025-10-04,4.32
emp_001615,2025-07-06,3.38
emp_001615,2025-04-07,3.64
emp_001615,2025-01-07,4.51
emp_001615,2024-10-09,3.81
emp_001615,2024-07-11,4.42
emp_001616,2026-04-02,4.09
emp_001616,2026-01-02,3.34
emp_001616,2025-10-04,3.15
emp_001616,2025-07-06,3.23
emp_001616,2025-04-07,3.61
emp_001616,2025-01-07,3.3
emp_001616,2024-10-09,3.7
emp_001616,2024-07-11,3.52
emp_001617,2026-04-02,4.26
emp_001617,2026-01-02,4.07
emp_001618,2026-04-02,3.36
emp_001619,2026-04-02,3.63
emp_001619,2026-01-02,3.62
emp_001619,2025-10-04,3.95
emp_001619,2025-07-06,3.77
emp_001619,2025-04-07,4.04
emp_001620,2026-04-02,3.63
emp_001620,2026-01-02,3.94
emp_001620,2025-10-04,4.2
emp_001620,2025-07-06,3.13
emp_001620,2025-04-07,3.34
emp_001620,2025-01-07,3.33
emp_001620,2024-10-09,3.9
emp_001620,2024-07-11,3.93
emp_001621,2026-04-02,3.62
emp_001621,2026-01-02,3.45
emp_001621,2025-10-04,3.97
emp_001621,2025-07-06,3.56
emp_001621,2025-04-07,3.73
emp_001621,2025-01-07,4.34
emp_001622,2026-04-02,4.48
emp_001622,2026-01-02,3.53
emp_001622,2025-10-04,4.09
emp_001623,2026-04-02,3.32
emp_001623,2026-01-02,3.9
emp_001623,2025-10-04,3.76
emp_001623,2025-07-06,4.0
emp_001623,2025-04-07,3.6
emp_001623,2025-01-07,4.32
emp_001623,2024-10-09,4.14
emp_001623,2024-07-11,4.1
emp_001624,2026-04-02,3.25
emp_001624,2026-01-02,3.82
emp_001624,2025-10-04,3.56
emp_001624,2025-07-06,3.15
emp_001624,2025-04-07,3.88
emp_001624,2025-01-07,3.99
emp_001624,2024-10-09,3.57
emp_001624,2024-07-11,3.88
emp_001625,2026-04-02,4.14
emp_001625,2026-01-02,4.08
emp_001625,2025-10-04,3.83
emp_001625,2025-07-06,4.61
emp_001625,2025-04-07,4.37
emp_001625,2025-01-07,3.8
emp_001625,2024-10-09,4.1
emp_001625,2024-07-11,4.33
emp_001626,2026-04-02,4.43
emp_001626,2026-01-02,4.42
emp_001626,2025-10-04,4.0
emp_001626,2025-07-06,3.76
emp_001626,2025-04-07,4.27
emp_001626,2025-01-07,4.33
emp_001626,2024-10-09,4.3
emp_001626,2024-07-11,4.22
emp_001627,2026-04-02,3.7
emp_001627,2026-01-02,3.23
emp_001627,2025-10-04,4.22
emp_001628,2026-04-02,3.55
emp_001628,2026-01-02,3.48
emp_001628,2025-10-04,4.01
emp_001628,2025-07-06,3.83
emp_001628,2025-04-07,4.02
emp_001628,2025-01-07,3.71
emp_001628,2024-10-09,4.49
emp_001628,2024-07-11,3.32
emp_001629,2026-04-02,3.55
emp_001629,2026-01-02,3.53
emp_001629,2025-10-04,4.04
emp_001629,2025-07-06,3.59
emp_001629,2025-04-07,3.88
emp_001629,2025-01-07,3.9
emp_001629,2024-10-09,4.12
emp_001629,2024-07-11,3.36
emp_001630,2026-04-02,3.77
emp_001630,2026-01-02,4.73
emp_001630,2025-10-04,4.29
emp_001630,2025-07-06,3.89
emp_001630,2025-04-07,4.57
emp_001630,2025-01-07,4.08
emp_001630,2024-10-09,4.38
emp_001630,2024-07-11,4.46
emp_001631,2026-04-02,2.93
emp_001631,2026-01-02,4.07
emp_001631,2025-10-04,3.07
emp_001631,2025-07-06,3.85
emp_001631,2025-04-07,3.76
emp_001631,2025-01-07,3.26
emp_001631,2024-10-09,3.33
emp_001631,2024-07-11,2.76
emp_001632,2026-04-02,3.21
emp_001632,2026-01-02,3.23
emp_001632,2025-10-04,3.07
emp_001632,2025-07-06,3.15
emp_001632,2025-04-07,3.65
emp_001632,2025-01-07,2.79
emp_001632,2024-10-09,3.12
emp_001632,2024-07-11,3.65
emp_001633,2026-04-02,4.26
emp_001633,2026-01-02,3.65
emp_001634,2026-04-02,3.99
emp_001634,2026-01-02,3.27
emp_001634,2025-10-04,3.41
emp_001634,2025-07-06,2.94
emp_001634,2025-04-07,3.33
emp_001634,2025-01-07,4.18
emp_001634,2024-10-09,4.09
emp_001635,2026-04-02,3.82
emp_001635,2026-01-02,4.17
emp_001635,2025-10-04,3.95
emp_001635,2025-07-06,4.39
emp_001635,2025-04-07,4.33
emp_001635,2025-01-07,4.93
emp_001635,2024-10-09,3.94
emp_001635,2024-07-11,3.88
emp_001636,2026-04-02,3.7
emp_001636,2026-01-02,3.89
emp_001636,2025-10-04,4.57
emp_001636,2025-07-06,3.53
emp_001636,2025-04-07,3.73
emp_001636,2025-01-07,3.74
emp_001636,2024-10-09,4.49
emp_001636,2024-07-11,3.6
emp_001637,2026-04-02,3.0
emp_001637,2026-01-02,2.94
emp_001637,2025-10-04,3.06
emp_001637,2025-07-06,3.35
emp_001637,2025-04-07,2.57
emp_001637,2025-01-07,3.6
emp_001637,2024-10-09,2.84
emp_001637,2024-07-11,3.09
emp_001638,2026-04-02,3.98
emp_001638,2026-01-02,3.37
emp_001638,2025-10-04,3.76
emp_001638,2025-07-06,4.18
emp_001639,2026-04-02,3.9
emp_001639,2026-01-02,4.3
emp_001639,2025-10-04,4.02
emp_001639,2025-07-06,4.31
emp_001639,2025-04-07,3.6
emp_001639,2025-01-07,4.47
emp_001639,2024-10-09,4.17
emp_001639,2024-07-11,4.08
emp_001640,2026-04-02,4.23
emp_001640,2026-01-02,3.69
emp_001640,2025-10-04,3.85
emp_001640,2025-07-06,3.79
emp_001640,2025-04-07,3.97
emp_001640,2025-01-07,4.05
emp_001640,2024-10-09,4.0
emp_001640,2024-07-11,3.8
emp_001641,2026-04-02,2.94
emp_001641,2026-01-02,3.43
emp_001641,2025-10-04,3.16
emp_001641,2025-07-06,2.53
emp_001641,2025-04-07,3.22
emp_001641,2025-01-07,3.19
emp_001642,2026-04-02,4.37
emp_001642,2026-01-02,4.06
emp_001642,2025-10-04,4.04
emp_001642,2025-07-06,4.4
emp_001642,2025-04-07,4.39
emp_001642,2025-01-07,4.83
emp_001643,2026-04-02,4.17
emp_001643,2026-01-02,4.18
emp_001644,2026-04-02,2.73
emp_001644,2026-01-02,2.92
emp_001644,2025-10-04,3.09
emp_001644,2025-07-06,3.11
emp_001644,2025-04-07,3.3
emp_001644,2025-01-07,3.53
emp_001644,2024-10-09,2.88
emp_001644,2024-07-11,3.06
emp_001645,2026-04-02,3.9
emp_001645,2026-01-02,3.03
emp_001645,2025-10-04,3.14
emp_001645,2025-07-06,3.77
emp_001645,2025-04-07,3.77
emp_001645,2025-01-07,3.55
emp_001645,2024-10-09,3.32
emp_001645,2024-07-11,3.97
emp_001646,2026-04-02,4.29
emp_001646,2026-01-02,4.22
emp_001646,2025-10-04,4.49
emp_001646,2025-07-06,4.42
emp_001647,2026-04-02,3.57
emp_001647,2026-01-02,3.41
emp_001647,2025-10-04,4.41
emp_001647,2025-07-06,3.68
emp_001647,2025-04-07,4.11
emp_001647,2025-01-07,2.74
emp_001647,2024-10-09,4.15
emp_001647,2024-07-11,3.19
emp_001648,2026-04-02,4.13
emp_001648,2026-01-02,4.14
emp_001648,2025-10-04,4.5
emp_001648,2025-07-06,4.53
emp_001649,2026-04-02,4.7
emp_001649,2026-01-02,3.97
emp_001649,2025-10-04,3.92
emp_001649,2025-07-06,4.57
emp_001649,2025-04-07,4.54
emp_001649,2025-01-07,4.78
emp_001649,2024-10-09,4.13
emp_001649,2024-07-11,4.44
emp_001650,2026-04-02,3.56
emp_001650,2026-01-02,3.09
emp_001650,2025-10-04,3.34
emp_001650,2025-07-06,3.66
emp_001650,2025-04-07,3.37
emp_001650,2025-01-07,3.56
emp_001650,2024-10-09,3.86
emp_001650,2024-07-11,2.97
emp_001651,2026-04-02,4.01
emp_001651,2026-01-02,3.63
emp_001652,2026-04-02,3.35
emp_001652,2026-01-02,3.47
emp_001653,2026-04-02,3.47
emp_001653,2026-01-02,3.28
emp_001653,2025-10-04,3.83
emp_001653,2025-07-06,3.2
emp_001653,2025-04-07,4.02
emp_001653,2025-01-07,3.68
emp_001653,2024-10-09,3.09
emp_001653,2024-07-11,3.03
emp_001654,2026-04-02,3.61
emp_001654,2026-01-02,3.83
emp_001654,2025-10-04,3.0
emp_001654,2025-07-06,3.84
emp_001654,2025-04-07,3.6
emp_001654,2025-01-07,3.05
emp_001654,2024-10-09,3.86
emp_001654,2024-07-11,3.91
emp_001655,2026-04-02,3.23
emp_001655,2026-01-02,3.72
emp_001655,2025-10-04,3.26
emp_001655,2025-07-06,4.06
emp_001655,2025-04-07,3.83
emp_001655,2025-01-07,3.92
emp_001655,2024-10-09,3.87
emp_001655,2024-07-11,3.37
emp_001656,2026-04-02,3.46
emp_001656,2026-01-02,3.98
emp_001656,2025-10-04,4.52
emp_001656,2025-07-06,4.37
emp_001656,2025-04-07,3.86
emp_001656,2025-01-07,3.37
emp_001657,2026-04-02,4.01
emp_001657,2026-01-02,4.0
emp_001657,2025-10-04,4.39
emp_001657,2025-07-06,3.77
emp_001657,2025-04-07,4.3
emp_001657,2025-01-07,3.6
emp_001657,2024-10-09,3.63
emp_001658,2026-04-02,3.74
emp_001658,2026-01-02,3.98
emp_001658,2025-10-04,3.54
emp_001658,2025-07-06,3.83
emp_001658,2025-04-07,3.63
emp_001659,2026-04-02,4.23
emp_001659,2026-01-02,4.32
emp_001659,2025-10-04,4.39
emp_001659,2025-07-06,4.46
emp_001659,2025-04-07,4.26
emp_001659,2025-01-07,4.45
emp_001659,2024-10-09,4.97
emp_001659,2024-07-11,4.79
emp_001660,2026-04-02,4.09
emp_001660,2026-01-02,3.71
emp_001660,2025-10-04,3.71
emp_001660,2025-07-06,3.93
emp_001660,2025-04-07,4.09
emp_001660,2025-01-07,4.15
emp_001660,2024-10-09,4.3
emp_001660,2024-07-11,3.76
emp_001661,2026-04-02,4.02
emp_001661,2026-01-02,4.08
emp_001661,2025-10-04,4.07
emp_001661,2025-07-06,3.57
emp_001661,2025-04-07,3.72
emp_001661,2025-01-07,3.72
emp_001661,2024-10-09,3.56
emp_001661,2024-07-11,3.75
emp_001662,2026-04-02,3.72
emp_001662,2026-01-02,4.18
emp_001662,2025-10-04,4.11
emp_001663,2026-04-02,3.81
emp_001663,2026-01-02,4.02
emp_001663,2025-10-04,3.54
emp_001663,2025-07-06,3.84
emp_001663,2025-04-07,4.39
emp_001663,2025-01-07,4.19
emp_001663,2024-10-09,4.21
emp_001663,2024-07-11,4.13
emp_001664,2026-04-02,3.15
emp_001664,2026-01-02,3.86
emp_001664,2025-10-04,3.89
emp_001665,2026-04-02,3.95
emp_001665,2026-01-02,3.4
emp_001665,2025-10-04,3.9
emp_001665,2025-07-06,3.44
emp_001665,2025-04-07,3.67
emp_001665,2025-01-07,3.59
emp_001665,2024-10-09,3.64
emp_001665,2024-07-11,3.14
emp_001666,2026-04-02,3.35
emp_001666,2026-01-02,3.25
emp_001666,2025-10-04,4.08
emp_001666,2025-07-06,3.77
emp_001666,2025-04-07,3.78
emp_001666,2025-01-07,3.9
emp_001666,2024-10-09,4.39
emp_001667,2026-04-02,3.81
emp_001667,2026-01-02,4.5
emp_001667,2025-10-04,3.38
emp_001667,2025-07-06,3.14
emp_001667,2025-04-07,3.53
emp_001667,2025-01-07,3.86
emp_001667,2024-10-09,3.99
emp_001667,2024-07-11,3.03
emp_001668,2026-04-02,3.65
emp_001668,2026-01-02,4.31
emp_001668,2025-10-04,3.31
emp_001668,2025-07-06,3.83
emp_001669,2026-04-02,3.54
emp_001669,2026-01-02,3.61
emp_001669,2025-10-04,3.28
emp_001669,2025-07-06,3.59
emp_001669,2025-04-07,3.77
emp_001669,2025-01-07,2.96
emp_001669,2024-10-09,3.79
emp_001669,2024-07-11,3.36
emp_001670,2026-04-02,3.74
emp_001670,2026-01-02,3.68
emp_001670,2025-10-04,3.0
emp_001670,2025-07-06,3.33
emp_001670,2025-04-07,3.53
emp_001670,2025-01-07,3.89
emp_001670,2024-10-09,3.1
emp_001670,2024-07-11,3.28
emp_001671,2026-04-02,3.43
emp_001671,2026-01-02,3.5
emp_001671,2025-10-04,2.94
emp_001671,2025-07-06,4.13
emp_001671,2025-04-07,2.67
emp_001671,2025-01-07,3.75
emp_001671,2024-10-09,3.57
emp_001672,2026-04-02,3.54
emp_001672,2026-01-02,3.51
emp_001672,2025-10-04,3.16
emp_001672,2025-07-06,3.45
emp_001672,2025-04-07,3.04
emp_001672,2025-01-07,4.01
emp_001672,2024-10-09,3.34
emp_001672,2024-07-11,3.51
emp_001673,2026-04-02,4.03
emp_001673,2026-01-02,4.02
emp_001673,2025-10-04,4.21
emp_001673,2025-07-06,3.94
emp_001673,2025-04-07,3.92
emp_001673,2025-01-07,3.4
emp_001673,2024-10-09,4.35
emp_001674,2026-04-02,2.89
emp_001674,2026-01-02,3.67
emp_001674,2025-10-04,3.14
emp_001674,2025-07-06,3.2
emp_001674,2025-04-07,3.26
emp_001674,2025-01-07,3.29
emp_001675,2026-04-02,4.21
emp_001675,2026-01-02,4.37
emp_001675,2025-10-04,3.92
emp_001675,2025-07-06,4.38
emp_001675,2025-04-07,3.24
emp_001675,2025-01-07,4.06
emp_001675,2024-10-09,4.19
emp_001675,2024-07-11,4.78
emp_001676,2026-04-02,3.79
emp_001676,2026-01-02,4.15
emp_001676,2025-10-04,4.62
emp_001676,2025-07-06,3.88
emp_001676,2025-04-07,3.98
emp_001676,2025-01-07,4.52
emp_001676,2024-10-09,3.31
emp_001676,2024-07-11,3.91
emp_001677,2026-04-02,4.07
emp_001677,2026-01-02,4.56
emp_001677,2025-10-04,4.43
emp_001677,2025-07-06,5.0
emp_001677,2025-04-07,3.52
emp_001677,2025-01-07,4.02
emp_001677,2024-10-09,4.46
emp_001677,2024-07-11,4.59
emp_001678,2026-04-02,4.36
emp_001678,2026-01-02,4.08
emp_001678,2025-10-04,3.61
emp_001678,2025-07-06,3.57
emp_001678,2025-04-07,4.02
emp_001678,2025-01-07,3.73
emp_001678,2024-10-09,3.49
emp_001678,2024-07-11,3.72
emp_001679,2026-04-02,4.11
emp_001680,2026-04-02,4.29
emp_001680,2026-01-02,3.64
emp_001680,2025-10-04,3.98
emp_001680,2025-07-06,3.56
emp_001681,2026-04-02,4.79
emp_001681,2026-01-02,4.65
emp_001681,2025-10-04,4.33
emp_001681,2025-07-06,3.76
emp_001681,2025-04-07,4.48
emp_001681,2025-01-07,4.59
emp_001681,2024-10-09,4.54
emp_001681,2024-07-11,3.97
emp_001682,2026-04-02,4.28
emp_001682,2026-01-02,4.46
emp_001682,2025-10-04,4.54
emp_001682,2025-07-06,3.72
emp_001682,2025-04-07,4.16
emp_001682,2025-01-07,4.12
emp_001682,2024-10-09,3.86
emp_001682,2024-07-11,3.92
emp_001683,2026-04-02,3.47
emp_001683,2026-01-02,3.96
emp_001684,2026-04-02,3.96
emp_001684,2026-01-02,4.13
emp_001684,2025-10-04,3.6
emp_001684,2025-07-06,3.72
emp_001684,2025-04-07,4.27
emp_001684,2025-01-07,3.3
emp_001684,2024-10-09,3.76
emp_001684,2024-07-11,3.48
emp_001685,2026-04-02,4.79
emp_001685,2026-01-02,2.99
emp_001685,2025-10-04,4.09
emp_001686,2026-04-02,3.41
emp_001686,2026-01-02,4.15
emp_001686,2025-10-04,3.92
emp_001686,2025-07-06,3.58
emp_001686,2025-04-07,2.99
emp_001686,2025-01-07,4.15
emp_001686,2024-10-09,3.14
emp_001686,2024-07-11,3.52
emp_001687,2026-04-02,3.87
emp_001687,2026-01-02,3.49
emp_001687,2025-10-04,3.08
emp_001687,2025-07-06,3.07
emp_001687,2025-04-07,3.99
emp_001687,2025-01-07,3.8
emp_001687,2024-10-09,3.23
emp_001687,2024-07-11,3.25
emp_001688,2026-04-02,4.09
emp_001688,2026-01-02,3.91
emp_001688,2025-10-04,4.45
emp_001688,2025-07-06,4.2
emp_001688,2025-04-07,4.79
emp_001688,2025-01-07,3.81
emp_001689,2026-04-02,3.62
emp_001689,2026-01-02,4.44
emp_001689,2025-10-04,3.74
emp_001690,2026-04-02,2.48
emp_001690,2026-01-02,3.15
emp_001690,2025-10-04,2.52
emp_001690,2025-07-06,3.25
emp_001690,2025-04-07,2.94
emp_001690,2025-01-07,2.57
emp_001692,2026-04-02,3.69
emp_001692,2026-01-02,4.17
emp_001692,2025-10-04,3.92
emp_001692,2025-07-06,3.13
emp_001692,2025-04-07,3.61
emp_001692,2025-01-07,3.83
emp_001692,2024-10-09,3.93
emp_001692,2024-07-11,3.81
emp_001693,2026-04-02,4.0
emp_001693,2026-01-02,3.73
emp_001693,2025-10-04,3.83
emp_001693,2025-07-06,3.38
emp_001693,2025-04-07,3.19
emp_001694,2026-04-02,3.75
emp_001695,2026-04-02,3.43
emp_001695,2026-01-02,3.2
emp_001695,2025-10-04,3.99
emp_001695,2025-07-06,3.43
emp_001695,2025-04-07,3.25
emp_001695,2025-01-07,3.68
emp_001695,2024-10-09,3.34
emp_001695,2024-07-11,3.3
emp_001696,2026-04-02,4.16
emp_001696,2026-01-02,3.75
emp_001696,2025-10-04,4.05
emp_001696,2025-07-06,3.21
emp_001697,2026-04-02,4.19
emp_001697,2026-01-02,4.24
emp_001697,2025-10-04,3.73
emp_001697,2025-07-06,3.73
emp_001697,2025-04-07,4.67
emp_001697,2025-01-07,4.62
emp_001697,2024-10-09,4.46
emp_001697,2024-07-11,4.67
emp_001698,2026-04-02,2.54
emp_001698,2026-01-02,3.16
emp_001699,2026-04-02,4.45
emp_001699,2026-01-02,4.04
emp_001699,2025-10-04,4.6
emp_001699,2025-07-06,4.4
emp_001700,2026-04-02,4.42
emp_001700,2026-01-02,4.2
emp_001700,2025-10-04,4.09
emp_001700,2025-07-06,3.63
emp_001700,2025-04-07,3.91
emp_001700,2025-01-07,3.69
emp_001700,2024-10-09,3.86
emp_001700,2024-07-11,3.4
emp_001701,2026-04-02,3.99
emp_001701,2026-01-02,4.06
emp_001701,2025-10-04,4.21
emp_001701,2025-07-06,5.0
emp_001701,2025-04-07,3.92
emp_001702,2026-04-02,3.3
emp_001702,2026-01-02,3.34
emp_001702,2025-10-04,3.13
emp_001703,2026-04-02,4.37
emp_001703,2026-01-02,4.36
emp_001703,2025-10-04,3.83
emp_001703,2025-07-06,3.86
emp_001703,2025-04-07,4.62
emp_001703,2025-01-07,4.11
emp_001703,2024-10-09,4.63
emp_001703,2024-07-11,4.44
emp_001704,2026-04-02,4.29
emp_001704,2026-01-02,4.16
emp_001704,2025-10-04,4.6
emp_001704,2025-07-06,3.48
emp_001704,2025-04-07,4.09
emp_001704,2025-01-07,4.04
emp_001704,2024-10-09,4.06
emp_001704,2024-07-11,3.77
emp_001705,2026-04-02,4.26
emp_001705,2026-01-02,4.12
emp_001705,2025-10-04,4.33
emp_001706,2026-04-02,3.72
emp_001706,2026-01-02,3.8
emp_001706,2025-10-04,3.75
emp_001706,2025-07-06,3.78
emp_001706,2025-04-07,4.54
emp_001707,2026-04-02,3.38
emp_001707,2026-01-02,3.68
emp_001707,2025-10-04,3.51
emp_001707,2025-07-06,3.28
emp_001707,2025-04-07,3.95
emp_001707,2025-01-07,4.31
emp_001707,2024-10-09,3.75
emp_001707,2024-07-11,3.82
emp_001708,2026-04-02,4.01
emp_001708,2026-01-02,4.54
emp_001708,2025-10-04,5.0
emp_001708,2025-07-06,4.19
emp_001708,2025-04-07,4.07
emp_001708,2025-01-07,4.26
emp_001708,2024-10-09,3.69
emp_001708,2024-07-11,4.29
emp_001709,2026-04-02,4.21
emp_001709,2026-01-02,3.84
emp_001709,2025-10-04,3.44
emp_001710,2026-04-02,3.64
emp_001710,2026-01-02,3.07
emp_001710,2025-10-04,4.07
emp_001710,2025-07-06,3.56
emp_001710,2025-04-07,4.08
emp_001710,2025-01-07,3.03
emp_001710,2024-10-09,3.72
emp_001710,2024-07-11,3.67
emp_001711,2026-04-02,4.36
emp_001711,2026-01-02,4.18
emp_001711,2025-10-04,4.17
emp_001711,2025-07-06,4.64
emp_001711,2025-04-07,4.33
emp_001711,2025-01-07,4.2
emp_001711,2024-10-09,4.11
emp_001711,2024-07-11,3.87
emp_001712,2026-04-02,3.89
emp_001712,2026-01-02,3.19
emp_001712,2025-10-04,3.25
emp_001712,2025-07-06,3.29
emp_001712,2025-04-07,3.2
emp_001712,2025-01-07,3.38
emp_001712,2024-10-09,3.26
emp_001712,2024-07-11,3.1
emp_001713,2026-04-02,4.6
emp_001713,2026-01-02,4.23
emp_001713,2025-10-04,4.84
emp_001713,2025-07-06,4.0
emp_001714,2026-04-02,4.34
emp_001714,2026-01-02,3.39
emp_001714,2025-10-04,3.53
emp_001714,2025-07-06,3.73
emp_001714,2025-04-07,3.81
emp_001714,2025-01-07,4.15
emp_001714,2024-10-09,4.15
emp_001714,2024-07-11,4.67
emp_001715,2026-04-02,3.33
emp_001715,2026-01-02,3.46
emp_001715,2025-10-04,3.87
emp_001715,2025-07-06,3.04
emp_001715,2025-04-07,3.36
emp_001715,2025-01-07,3.53
emp_001716,2026-04-02,4.01
emp_001716,2026-01-02,3.91
emp_001716,2025-10-04,3.61
emp_001716,2025-07-06,3.93
emp_001716,2025-04-07,3.65
emp_001716,2025-01-07,3.53
emp_001716,2024-10-09,3.72
emp_001716,2024-07-11,3.59
emp_001717,2026-04-02,3.61
emp_001717,2026-01-02,3.48
emp_001717,2025-10-04,4.05
emp_001717,2025-07-06,4.26
emp_001717,2025-04-07,3.87
emp_001717,2025-01-07,3.71
emp_001717,2024-10-09,3.75
emp_001717,2024-07-11,3.97
emp_001718,2026-04-02,3.01
emp_001718,2026-01-02,2.39
emp_001718,2025-10-04,3.37
emp_001719,2026-04-02,3.98
emp_001719,2026-01-02,3.99
emp_001719,2025-10-04,4.05
emp_001719,2025-07-06,3.86
emp_001719,2025-04-07,3.76
emp_001719,2025-01-07,4.23
emp_001719,2024-10-09,4.18
emp_001719,2024-07-11,4.13
emp_001720,2026-04-02,4.24
emp_001720,2026-01-02,4.15
emp_001720,2025-10-04,4.24
emp_001720,2025-07-06,3.67
emp_001720,2025-04-07,3.52
emp_001720,2025-01-07,3.62
emp_001720,2024-10-09,4.66
emp_001720,2024-07-11,3.4
emp_001721,2026-04-02,3.5
emp_001721,2026-01-02,3.75
emp_001721,2025-10-04,3.81
emp_001721,2025-07-06,3.43
emp_001721,2025-04-07,3.81
emp_001721,2025-01-07,4.24
emp_001722,2026-04-02,3.41
emp_001724,2026-04-02,3.73
emp_001724,2026-01-02,3.37
emp_001724,2025-10-04,4.67
emp_001725,2026-04-02,4.44
emp_001725,2026-01-02,3.6
emp_001725,2025-10-04,4.4
emp_001726,2026-04-02,4.14
emp_001726,2026-01-02,3.94
emp_001726,2025-10-04,4.06
emp_001726,2025-07-06,3.65
emp_001726,2025-04-07,3.97
emp_001726,2025-01-07,4.47
emp_001727,2026-04-02,3.65
emp_001727,2026-01-02,3.65
emp_001727,2025-10-04,3.6
emp_001727,2025-07-06,3.71
emp_001728,2026-04-02,3.58
emp_001728,2026-01-02,3.53
emp_001728,2025-10-04,3.81
emp_001728,2025-07-06,3.97
emp_001728,2025-04-07,4.36
emp_001729,2026-04-02,3.73
emp_001729,2026-01-02,4.06
emp_001729,2025-10-04,3.66
emp_001729,2025-07-06,4.28
emp_001729,2025-04-07,3.71
emp_001729,2025-01-07,3.25
emp_001729,2024-10-09,3.68
emp_001730,2026-04-02,3.25
emp_001730,2026-01-02,3.7
emp_001730,2025-10-04,3.75
emp_001730,2025-07-06,4.48
emp_001730,2025-04-07,3.15
emp_001730,2025-01-07,3.73
emp_001730,2024-10-09,3.58
emp_001730,2024-07-11,3.35
emp_001731,2026-04-02,4.1
emp_001731,2026-01-02,3.21
emp_001731,2025-10-04,3.25
emp_001731,2025-07-06,3.78
emp_001731,2025-04-07,3.75
emp_001731,2025-01-07,3.84
emp_001731,2024-10-09,4.4
emp_001731,2024-07-11,3.9
emp_001732,2026-04-02,4.56
emp_001732,2026-01-02,4.35
emp_001732,2025-10-04,3.81
emp_001732,2025-07-06,4.2
emp_001732,2025-04-07,4.16
emp_001732,2025-01-07,3.95
emp_001732,2024-10-09,3.78
emp_001732,2024-07-11,3.96
emp_001733,2026-04-02,3.98
emp_001733,2026-01-02,4.28
emp_001733,2025-10-04,3.79
emp_001733,2025-07-06,3.71
emp_001733,2025-04-07,4.1
emp_001733,2025-01-07,3.67
emp_001733,2024-10-09,3.54
emp_001733,2024-07-11,4.61
emp_001734,2026-04-02,3.49
emp_001734,2026-01-02,3.42
emp_001734,2025-10-04,4.07
emp_001734,2025-07-06,3.44
emp_001734,2025-04-07,3.61
emp_001735,2026-04-02,4.08
emp_001735,2026-01-02,4.43
emp_001735,2025-10-04,3.13
emp_001735,2025-07-06,3.54
emp_001735,2025-04-07,3.44
emp_001735,2025-01-07,3.54
emp_001735,2024-10-09,4.21
emp_001735,2024-07-11,3.76
emp_001736,2026-04-02,3.34
emp_001736,2026-01-02,3.41
emp_001736,2025-10-04,3.56
emp_001736,2025-07-06,4.28
emp_001736,2025-04-07,4.01
emp_001736,2025-01-07,3.1
emp_001736,2024-10-09,3.96
emp_001736,2024-07-11,3.49
emp_001737,2026-04-02,4.62
emp_001737,2026-01-02,4.39
emp_001737,2025-10-04,4.46
emp_001737,2025-07-06,3.95
emp_001737,2025-04-07,4.23
emp_001737,2025-01-07,3.94
emp_001737,2024-10-09,4.34
emp_001737,2024-07-11,4.4
emp_001738,2026-04-02,3.61
emp_001738,2026-01-02,4.12
emp_001738,2025-10-04,3.41
emp_001738,2025-07-06,3.88
emp_001738,2025-04-07,3.54
emp_001739,2026-04-02,3.47
emp_001739,2026-01-02,3.56
emp_001739,2025-10-04,4.07
emp_001739,2025-07-06,3.51
emp_001739,2025-04-07,3.79
emp_001739,2025-01-07,3.69
emp_001739,2024-10-09,3.75
emp_001739,2024-07-11,4.3
emp_001740,2026-04-02,4.26
emp_001740,2026-01-02,3.82
emp_001740,2025-10-04,4.24
emp_001740,2025-07-06,4.14
emp_001740,2025-04-07,4.46
emp_001741,2026-04-02,4.0
emp_001741,2026-01-02,3.92
emp_001741,2025-10-04,3.21
emp_001741,2025-07-06,4.08
emp_001741,2025-04-07,3.16
emp_001741,2025-01-07,4.21
emp_001741,2024-10-09,4.22
emp_001741,2024-07-11,4.53
emp_001742,2026-04-02,3.54
emp_001742,2026-01-02,4.25
emp_001742,2025-10-04,3.86
emp_001742,2025-07-06,4.17
emp_001742,2025-04-07,3.41
emp_001742,2025-01-07,3.2
emp_001742,2024-10-09,3.83
emp_001743,2026-04-02,3.95
emp_001743,2026-01-02,4.38
emp_001743,2025-10-04,4.06
emp_001743,2025-07-06,4.22
emp_001743,2025-04-07,4.61
emp_001743,2025-01-07,4.48
emp_001743,2024-10-09,4.37
emp_001743,2024-07-11,4.67
emp_001744,2026-04-02,4.47
emp_001744,2026-01-02,4.3
emp_001744,2025-10-04,4.66
emp_001744,2025-07-06,4.16
emp_001745,2026-04-02,3.49
emp_001745,2026-01-02,3.85
emp_001745,2025-10-04,3.64
emp_001745,2025-07-06,3.51
emp_001745,2025-04-07,3.28
emp_001745,2025-01-07,3.19
emp_001746,2026-04-02,3.87
emp_001746,2026-01-02,4.71
emp_001747,2026-04-02,4.74
emp_001747,2026-01-02,4.23
emp_001747,2025-10-04,3.93
emp_001747,2025-07-06,3.9
emp_001747,2025-04-07,3.59
emp_001747,2025-01-07,3.84
emp_001747,2024-10-09,3.64
emp_001747,2024-07-11,3.66
emp_001748,2026-04-02,3.65
emp_001748,2026-01-02,3.73
emp_001748,2025-10-04,4.02
emp_001748,2025-07-06,4.17
emp_001748,2025-04-07,4.15
emp_001748,2025-01-07,3.25
emp_001748,2024-10-09,3.67
emp_001748,2024-07-11,3.51
emp_001749,2026-04-02,3.51
emp_001749,2026-01-02,3.62
emp_001749,2025-10-04,3.62
emp_001749,2025-07-06,2.96
emp_001749,2025-04-07,3.27
emp_001749,2025-01-07,3.4
emp_001749,2024-10-09,3.47
emp_001749,2024-07-11,2.86
emp_001750,2026-04-02,4.0
emp_001750,2026-01-02,3.37
emp_001750,2025-10-04,4.62
emp_001750,2025-07-06,3.84
emp_001750,2025-04-07,4.31
emp_001750,2025-01-07,3.47
emp_001750,2024-10-09,3.92
emp_001750,2024-07-11,4.35
emp_001751,2026-04-02,4.49
emp_001751,2026-01-02,3.93
emp_001751,2025-10-04,4.05
emp_001751,2025-07-06,3.93
emp_001751,2025-04-07,4.3
emp_001751,2025-01-07,4.23
emp_001751,2024-10-09,4.68
emp_001751,2024-07-11,3.91
emp_001752,2026-04-02,4.84
emp_001752,2026-01-02,4.18
emp_001752,2025-10-04,3.9
emp_001752,2025-07-06,4.14
emp_001752,2025-04-07,4.21
emp_001752,2025-01-07,4.68
emp_001752,2024-10-09,3.69
emp_001752,2024-07-11,4.11
emp_001753,2026-04-02,3.87
emp_001753,2026-01-02,4.44
emp_001753,2025-10-04,3.9
emp_001753,2025-07-06,3.68
emp_001753,2025-04-07,4.17
emp_001753,2025-01-07,3.96
emp_001753,2024-10-09,3.85
emp_001753,2024-07-11,3.95
emp_001754,2026-04-02,3.33
emp_001754,2026-01-02,3.61
emp_001754,2025-10-04,3.42
emp_001754,2025-07-06,4.19
emp_001754,2025-04-07,3.18
emp_001754,2025-01-07,2.68
emp_001754,2024-10-09,3.59
emp_001754,2024-07-11,4.09
emp_001755,2026-04-02,3.29
emp_001755,2026-01-02,3.65
emp_001755,2025-10-04,3.44
emp_001755,2025-07-06,4.14
emp_001755,2025-04-07,3.5
emp_001755,2025-01-07,3.3
emp_001755,2024-10-09,4.0
emp_001755,2024-07-11,3.71
emp_001756,2026-04-02,3.25
emp_001756,2026-01-02,3.44
emp_001756,2025-10-04,3.54
emp_001756,2025-07-06,3.14
emp_001756,2025-04-07,3.73
emp_001756,2025-01-07,3.56
emp_001756,2024-10-09,3.72
emp_001756,2024-07-11,3.76
emp_001757,2026-04-02,3.4
emp_001757,2026-01-02,3.28
emp_001757,2025-10-04,3.91
emp_001758,2026-04-02,4.09
emp_001758,2026-01-02,4.18
emp_001758,2025-10-04,4.11
emp_001758,2025-07-06,4.03
emp_001758,2025-04-07,3.31
emp_001760,2026-04-02,3.93
emp_001760,2026-01-02,3.67
emp_001761,2026-04-02,3.96
emp_001761,2026-01-02,3.37
emp_001761,2025-10-04,3.31
emp_001761,2025-07-06,4.64
emp_001761,2025-04-07,3.86
emp_001762,2026-04-02,3.75
emp_001762,2026-01-02,3.17
emp_001762,2025-10-04,3.36
emp_001762,2025-07-06,3.04
emp_001762,2025-04-07,3.22
emp_001762,2025-01-07,3.03
emp_001763,2026-04-02,3.87
emp_001763,2026-01-02,3.81
emp_001763,2025-10-04,4.02
emp_001763,2025-07-06,4.07
emp_001763,2025-04-07,4.14
emp_001763,2025-01-07,4.48
emp_001763,2024-10-09,4.47
emp_001763,2024-07-11,4.81
emp_001764,2026-04-02,4.3
emp_001764,2026-01-02,4.81
emp_001764,2025-10-04,4.4
emp_001764,2025-07-06,4.5
emp_001764,2025-04-07,3.86
emp_001764,2025-01-07,4.5
emp_001764,2024-10-09,4.33
emp_001764,2024-07-11,4.38
emp_001765,2026-04-02,3.62
emp_001765,2026-01-02,3.71
emp_001765,2025-10-04,3.46
emp_001765,2025-07-06,3.66
emp_001765,2025-04-07,2.67
emp_001765,2025-01-07,3.83
emp_001765,2024-10-09,3.49
emp_001766,2026-04-02,3.74
emp_001766,2026-01-02,3.36
emp_001766,2025-10-04,2.58
emp_001766,2025-07-06,3.8
emp_001766,2025-04-07,3.68
emp_001767,2026-04-02,3.76
emp_001767,2026-01-02,4.05
emp_001767,2025-10-04,3.53
emp_001767,2025-07-06,3.46
emp_001767,2025-04-07,4.07
emp_001767,2025-01-07,3.86
emp_001767,2024-10-09,3.83
emp_001767,2024-07-11,4.79
emp_001768,2026-04-02,3.74
emp_001768,2026-01-02,2.67
emp_001768,2025-10-04,3.69
emp_001768,2025-07-06,3.22
emp_001769,2026-04-02,3.35
emp_001769,2026-01-02,3.76
emp_001769,2025-10-04,3.46
emp_001770,2026-04-02,3.85
emp_001770,2026-01-02,3.27
emp_001770,2025-10-04,3.4
emp_001770,2025-07-06,3.75
emp_001770,2025-04-07,3.8
emp_001770,2025-01-07,3.67
emp_001771,2026-04-02,3.44
emp_001771,2026-01-02,4.06
emp_001771,2025-10-04,3.86
emp_001771,2025-07-06,3.85
emp_001771,2025-04-07,4.02
emp_001772,2026-04-02,3.48
emp_001772,2026-01-02,3.8
emp_001773,2026-04-02,3.58
emp_001773,2026-01-02,3.58
emp_001773,2025-10-04,3.11
emp_001773,2025-07-06,3.38
emp_001773,2025-04-07,3.25
emp_001773,2025-01-07,3.47
emp_001773,2024-10-09,3.76
emp_001773,2024-07-11,3.58
emp_001774,2026-04-02,4.22
emp_001774,2026-01-02,3.28
emp_001774,2025-10-04,3.83
emp_001774,2025-07-06,3.86
emp_001774,2025-04-07,3.41
emp_001774,2025-01-07,3.52
emp_001774,2024-10-09,3.38
emp_001774,2024-07-11,3.98
emp_001775,2026-04-02,3.97
emp_001775,2026-01-02,4.39
emp_001775,2025-10-04,3.5
emp_001775,2025-07-06,3.11
emp_001775,2025-04-07,3.21
emp_001775,2025-01-07,3.37
emp_001775,2024-10-09,3.72
emp_001775,2024-07-11,3.33
emp_001776,2026-04-02,3.78
emp_001776,2026-01-02,3.48
emp_001777,2026-04-02,4.09
emp_001777,2026-01-02,3.94
emp_001777,2025-10-04,4.05
emp_001778,2026-04-02,4.92
emp_001778,2026-01-02,5.0
emp_001778,2025-10-04,3.59
emp_001778,2025-07-06,3.6
emp_001778,2025-04-07,4.03
emp_001778,2025-01-07,3.31
emp_001778,2024-10-09,3.88
emp_001778,2024-07-11,3.86
emp_001779,2026-04-02,3.23
emp_001779,2026-01-02,3.6
emp_001779,2025-10-04,3.59
emp_001779,2025-07-06,3.79
emp_001779,2025-04-07,3.56
emp_001779,2025-01-07,3.01
emp_001779,2024-10-09,3.99
emp_001780,2026-04-02,3.65
emp_001781,2026-04-02,3.62
emp_001781,2026-01-02,4.11
emp_001781,2025-10-04,4.47
emp_001782,2026-04-02,4.0
emp_001782,2026-01-02,3.96
emp_001782,2025-10-04,4.2
emp_001782,2025-07-06,3.7
emp_001782,2025-04-07,4.3
emp_001782,2025-01-07,3.73
emp_001782,2024-10-09,3.63
emp_001783,2026-04-02,3.32
emp_001783,2026-01-02,3.78
emp_001783,2025-10-04,3.84
emp_001783,2025-07-06,4.24
emp_001783,2025-04-07,3.94
emp_001783,2025-01-07,3.67
emp_001783,2024-10-09,3.88
emp_001783,2024-07-11,4.46
emp_001784,2026-04-02,4.3
emp_001784,2026-01-02,3.81
emp_001785,2026-04-02,3.61
emp_001785,2026-01-02,3.35
emp_001785,2025-10-04,3.63
emp_001785,2025-07-06,3.93
emp_001785,2025-04-07,3.49
emp_001785,2025-01-07,4.13
emp_001785,2024-10-09,3.68
emp_001785,2024-07-11,3.51
emp_001786,2026-04-02,4.38
emp_001786,2026-01-02,4.34
emp_001786,2025-10-04,4.68
emp_001786,2025-07-06,4.12
emp_001786,2025-04-07,4.21
emp_001786,2025-01-07,4.55
emp_001786,2024-10-09,4.32
emp_001786,2024-07-11,4.75
emp_001787,2026-04-02,4.13
emp_001787,2026-01-02,3.25
emp_001787,2025-10-04,3.67
emp_001787,2025-07-06,3.84
emp_001787,2025-04-07,3.87
emp_001787,2025-01-07,2.99
emp_001787,2024-10-09,3.58
emp_001787,2024-07-11,3.52
emp_001789,2026-04-02,3.42
emp_001789,2026-01-02,4.15
emp_001790,2026-04-02,3.17
emp_001790,2026-01-02,2.91
emp_001790,2025-10-04,3.25
emp_001790,2025-07-06,4.1
emp_001790,2025-04-07,3.47
emp_001790,2025-01-07,3.75
emp_001790,2024-10-09,4.11
emp_001791,2026-04-02,3.96
emp_001791,2026-01-02,4.16
emp_001791,2025-10-04,4.13
emp_001791,2025-07-06,3.4
emp_001791,2025-04-07,3.49
emp_001791,2025-01-07,4.13
emp_001791,2024-10-09,3.84
emp_001791,2024-07-11,4.28
emp_001792,2026-04-02,3.48
emp_001792,2026-01-02,4.51
emp_001792,2025-10-04,3.48
emp_001792,2025-07-06,3.6
emp_001792,2025-04-07,3.46
emp_001792,2025-01-07,3.81
emp_001792,2024-10-09,3.83
emp_001792,2024-07-11,3.43
emp_001793,2026-04-02,4.19
emp_001793,2026-01-02,4.22
emp_001793,2025-10-04,4.33
emp_001794,2026-04-02,3.94
emp_001794,2026-01-02,4.25
emp_001794,2025-10-04,4.48
emp_001794,2025-07-06,4.67
emp_001794,2025-04-07,4.81
emp_001794,2025-01-07,4.52
emp_001794,2024-10-09,4.05
emp_001794,2024-07-11,4.12
emp_001795,2026-04-02,3.97
emp_001795,2026-01-02,3.84
emp_001795,2025-10-04,4.12
emp_001795,2025-07-06,4.34
emp_001795,2025-04-07,3.93
emp_001795,2025-01-07,3.93
emp_001795,2024-10-09,3.02
emp_001795,2024-07-11,3.75
emp_001796,2026-04-02,3.69
emp_001796,2026-01-02,4.23
emp_001796,2025-10-04,3.9
emp_001796,2025-07-06,4.04
emp_001796,2025-04-07,3.76
emp_001796,2025-01-07,4.17
emp_001796,2024-10-09,3.66
emp_001796,2024-07-11,3.93
emp_001797,2026-04-02,4.04
emp_001797,2026-01-02,3.67
emp_001797,2025-10-04,3.92
emp_001797,2025-07-06,4.22
emp_001797,2025-04-07,3.86
emp_001797,2025-01-07,3.54
emp_001797,2024-10-09,3.59
emp_001798,2026-04-02,4.14
emp_001798,2026-01-02,3.86
emp_001798,2025-10-04,3.79
emp_001798,2025-07-06,4.61
emp_001798,2025-04-07,4.4
emp_001798,2025-01-07,3.53
emp_001798,2024-10-09,4.15
emp_001798,2024-07-11,4.15
emp_001799,2026-04-02,3.77
emp_001799,2026-01-02,3.55
emp_001799,2025-10-04,3.09
emp_001799,2025-07-06,3.73
emp_001799,2025-04-07,3.84
emp_001799,2025-01-07,3.5
emp_001799,2024-10-09,4.4
emp_001799,2024-07-11,3.27
emp_001800,2026-04-02,4.12
emp_001800,2026-01-02,3.66
emp_001800,2025-10-04,3.1
emp_001800,2025-07-06,3.62
emp_001800,2025-04-07,3.29
emp_001800,2025-01-07,4.6
emp_001800,2024-10-09,4.35
emp_001800,2024-07-11,3.33
emp_001801,2026-04-02,3.85
emp_001801,2026-01-02,4.03
emp_001801,2025-10-04,4.12
emp_001802,2026-04-02,4.13
emp_001802,2026-01-02,4.56
emp_001802,2025-10-04,4.36
emp_001802,2025-07-06,3.55
emp_001802,2025-04-07,4.14
emp_001802,2025-01-07,4.16
emp_001802,2024-10-09,4.29
emp_001802,2024-07-11,4.86
emp_001803,2026-04-02,3.84
emp_001803,2026-01-02,3.75
emp_001803,2025-10-04,2.95
emp_001803,2025-07-06,3.34
emp_001803,2025-04-07,4.4
emp_001803,2025-01-07,3.67
emp_001803,2024-10-09,3.14
emp_001803,2024-07-11,3.83
emp_001804,2026-04-02,4.03
emp_001804,2026-01-02,3.66
emp_001804,2025-10-04,4.01
emp_001804,2025-07-06,3.75
emp_001804,2025-04-07,3.88
emp_001804,2025-01-07,3.99
emp_001804,2024-10-09,4.34
emp_001804,2024-07-11,3.89
emp_001805,2026-04-02,3.72
emp_001805,2026-01-02,3.71
emp_001805,2025-10-04,4.25
emp_001805,2025-07-06,3.92
emp_001805,2025-04-07,3.52
emp_001805,2025-01-07,3.98
emp_001805,2024-10-09,4.25
emp_001806,2026-04-02,3.88
emp_001806,2026-01-02,3.78
emp_001806,2025-10-04,3.92
emp_001806,2025-07-06,3.92
emp_001806,2025-04-07,3.46
emp_001806,2025-01-07,4.22
emp_001806,2024-10-09,3.88
emp_001807,2026-04-02,3.94
emp_001807,2026-01-02,3.35
emp_001807,2025-10-04,3.71
emp_001807,2025-07-06,3.6
emp_001807,2025-04-07,3.86
emp_001807,2025-01-07,2.98
emp_001807,2024-10-09,3.87
emp_001807,2024-07-11,4.1
emp_001808,2026-04-02,3.9
emp_001808,2026-01-02,3.48
emp_001808,2025-10-04,4.3
emp_001808,2025-07-06,4.46
emp_001808,2025-04-07,4.11
emp_001808,2025-01-07,3.86
emp_001808,2024-10-09,3.64
emp_001809,2026-04-02,2.95
emp_001809,2026-01-02,3.18
emp_001809,2025-10-04,2.95
emp_001809,2025-07-06,3.6
emp_001809,2025-04-07,3.75
emp_001809,2025-01-07,3.46
emp_001809,2024-10-09,3.72
emp_001809,2024-07-11,3.83
emp_001810,2026-04-02,3.84
emp_001810,2026-01-02,3.91
emp_001810,2025-10-04,3.65
emp_001810,2025-07-06,3.79
emp_001810,2025-04-07,3.83
emp_001810,2025-01-07,3.96
emp_001810,2024-10-09,3.99
emp_001810,2024-07-11,3.2
emp_001811,2026-04-02,4.28
emp_001811,2026-01-02,4.45
emp_001811,2025-10-04,3.86
emp_001811,2025-07-06,4.01
emp_001811,2025-04-07,3.84
emp_001811,2025-01-07,3.88
emp_001811,2024-10-09,3.92
emp_001811,2024-07-11,4.3
emp_001812,2026-04-02,3.54
emp_001812,2026-01-02,4.16
emp_001812,2025-10-04,3.84
emp_001812,2025-07-06,3.62
emp_001812,2025-04-07,4.31
emp_001812,2025-01-07,3.24
emp_001812,2024-10-09,3.94
emp_001813,2026-04-02,4.01
emp_001813,2026-01-02,4.24
emp_001813,2025-10-04,3.88
emp_001813,2025-07-06,4.58
emp_001813,2025-04-07,3.95
emp_001813,2025-01-07,4.22
emp_001813,2024-10-09,4.25
emp_001813,2024-07-11,3.95
emp_001814,2026-04-02,3.68
emp_001814,2026-01-02,3.63
emp_001814,2025-10-04,3.37
emp_001814,2025-07-06,4.22
emp_001814,2025-04-07,4.72
emp_001814,2025-01-07,3.57
emp_001814,2024-10-09,3.94
emp_001814,2024-07-11,4.09
emp_001815,2026-04-02,4.19
emp_001815,2026-01-02,3.84
emp_001815,2025-10-04,4.79
emp_001815,2025-07-06,3.74
emp_001815,2025-04-07,3.78
emp_001815,2025-01-07,4.25
emp_001815,2024-10-09,3.96
emp_001815,2024-07-11,4.32
emp_001816,2026-04-02,3.84
emp_001816,2026-01-02,4.06
emp_001816,2025-10-04,3.21
emp_001816,2025-07-06,3.85
emp_001816,2025-04-07,4.05
emp_001816,2025-01-07,3.39
emp_001816,2024-10-09,3.86
emp_001816,2024-07-11,3.47
emp_001817,2026-04-02,4.51
emp_001817,2026-01-02,4.16
emp_001817,2025-10-04,3.91
emp_001817,2025-07-06,3.71
emp_001817,2025-04-07,3.48
emp_001817,2025-01-07,3.79
emp_001817,2024-10-09,4.34
emp_001817,2024-07-11,3.51
emp_001818,2026-04-02,3.88
emp_001818,2026-01-02,3.75
emp_001818,2025-10-04,4.13
emp_001818,2025-07-06,3.7
emp_001818,2025-04-07,3.93
emp_001818,2025-01-07,4.06
emp_001818,2024-10-09,3.74
emp_001818,2024-07-11,3.81
emp_001819,2026-04-02,3.71
emp_001819,2026-01-02,3.84
emp_001819,2025-10-04,3.07
emp_001819,2025-07-06,3.69
emp_001819,2025-04-07,3.25
emp_001819,2025-01-07,3.48
emp_001819,2024-10-09,3.65
emp_001819,2024-07-11,3.66
emp_001820,2026-04-02,3.69
emp_001820,2026-01-02,4.15
emp_001820,2025-10-04,4.22
emp_001821,2026-04-02,3.89
emp_001821,2026-01-02,3.65
emp_001821,2025-10-04,4.17
emp_001821,2025-07-06,4.07
emp_001821,2025-04-07,4.37
emp_001821,2025-01-07,3.83
emp_001822,2026-04-02,3.86
emp_001822,2026-01-02,3.77
emp_001822,2025-10-04,4.4
emp_001822,2025-07-06,4.14
emp_001822,2025-04-07,4.15
emp_001822,2025-01-07,3.44
emp_001822,2024-10-09,4.06
emp_001822,2024-07-11,3.78
emp_001823,2026-04-02,3.8
emp_001823,2026-01-02,4.04
emp_001823,2025-10-04,4.04
emp_001823,2025-07-06,3.74
emp_001823,2025-04-07,4.59
emp_001823,2025-01-07,4.22
emp_001823,2024-10-09,4.05
emp_001823,2024-07-11,4.07
emp_001824,2026-04-02,4.05
emp_001824,2026-01-02,4.24
emp_001824,2025-10-04,4.52
emp_001824,2025-07-06,4.1
emp_001824,2025-04-07,4.1
emp_001824,2025-01-07,4.34
emp_001824,2024-10-09,4.17
emp_001825,2026-04-02,3.44
emp_001825,2026-01-02,4.26
emp_001825,2025-10-04,3.46
emp_001825,2025-07-06,2.82
emp_001825,2025-04-07,4.1
emp_001825,2025-01-07,3.27
emp_001825,2024-10-09,3.46
emp_001825,2024-07-11,3.84
emp_001826,2026-04-02,2.88
emp_001826,2026-01-02,2.88
emp_001826,2025-10-04,3.14
emp_001826,2025-07-06,3.81
emp_001827,2026-04-02,4.13
emp_001827,2026-01-02,4.34
emp_001827,2025-10-04,4.47
emp_001827,2025-07-06,4.17
emp_001827,2025-04-07,3.89
emp_001827,2025-01-07,4.08
emp_001828,2026-04-02,4.03
emp_001828,2026-01-02,3.79
emp_001828,2025-10-04,3.68
emp_001828,2025-07-06,3.67
emp_001828,2025-04-07,3.74
emp_001828,2025-01-07,3.79
emp_001828,2024-10-09,3.28
emp_001828,2024-07-11,4.06
emp_001829,2026-04-02,3.18
emp_001829,2026-01-02,2.89
emp_001829,2025-10-04,3.1
emp_001829,2025-07-06,2.84
emp_001829,2025-04-07,3.37
emp_001829,2025-01-07,2.7
emp_001829,2024-10-09,3.09
emp_001829,2024-07-11,2.98
emp_001830,2026-04-02,4.39
emp_001830,2026-01-02,4.75
emp_001830,2025-10-04,3.37
emp_001830,2025-07-06,4.01
emp_001830,2025-04-07,4.37
emp_001831,2026-04-02,3.66
emp_001831,2026-01-02,4.12
emp_001832,2026-04-02,4.22
emp_001832,2026-01-02,3.9
emp_001832,2025-10-04,4.04
emp_001832,2025-07-06,3.96
emp_001832,2025-04-07,3.74
emp_001832,2025-01-07,4.66
emp_001832,2024-10-09,3.98
emp_001832,2024-07-11,4.07
emp_001833,2026-04-02,3.33
emp_001833,2026-01-02,3.29
emp_001833,2025-10-04,3.66
emp_001833,2025-07-06,3.49
emp_001833,2025-04-07,3.21
emp_001833,2025-01-07,3.36
emp_001833,2024-10-09,3.53
emp_001833,2024-07-11,3.88
emp_001834,2026-04-02,3.37
emp_001834,2026-01-02,4.09
emp_001834,2025-10-04,3.88
emp_001834,2025-07-06,3.32
emp_001834,2025-04-07,3.71
emp_001834,2025-01-07,4.17
emp_001834,2024-10-09,4.58
emp_001834,2024-07-11,3.39
emp_001835,2026-04-02,3.66
emp_001835,2026-01-02,4.18
emp_001835,2025-10-04,4.23
emp_001835,2025-07-06,3.96
emp_001835,2025-04-07,4.16
emp_001835,2025-01-07,4.11
emp_001835,2024-10-09,3.76
emp_001835,2024-07-11,4.0
emp_001836,2026-04-02,2.66
emp_001836,2026-01-02,3.12
emp_001836,2025-10-04,2.41
emp_001836,2025-07-06,3.45
emp_001836,2025-04-07,2.95
emp_001836,2025-01-07,3.48
emp_001836,2024-10-09,3.32
emp_001836,2024-07-11,3.4
emp_001837,2026-04-02,3.05
emp_001837,2026-01-02,3.03
emp_001837,2025-10-04,3.36
emp_001837,2025-07-06,4.43
emp_001837,2025-04-07,3.38
emp_001837,2025-01-07,3.82
emp_001837,2024-10-09,3.45
emp_001837,2024-07-11,3.52
emp_001838,2026-04-02,3.52
emp_001838,2026-01-02,4.35
emp_001838,2025-10-04,3.97
emp_001838,2025-07-06,3.43
emp_001839,2026-04-02,4.04
emp_001839,2026-01-02,3.79
emp_001839,2025-10-04,2.81
emp_001839,2025-07-06,2.89
emp_001839,2025-04-07,2.92
emp_001839,2025-01-07,3.01
emp_001839,2024-10-09,3.24
emp_001839,2024-07-11,3.67
emp_001840,2026-04-02,3.81
emp_001840,2026-01-02,3.31
emp_001840,2025-10-04,4.25
emp_001840,2025-07-06,3.85
emp_001840,2025-04-07,3.98
emp_001840,2025-01-07,4.31
emp_001840,2024-10-09,4.16
emp_001840,2024-07-11,3.87
emp_001841,2026-04-02,3.64
emp_001841,2026-01-02,3.8
emp_001841,2025-10-04,3.16
emp_001842,2026-04-02,3.75
emp_001842,2026-01-02,3.44
emp_001842,2025-10-04,3.75
emp_001842,2025-07-06,4.27
emp_001842,2025-04-07,3.4
emp_001842,2025-01-07,3.7
emp_001842,2024-10-09,3.48
emp_001842,2024-07-11,4.25
emp_001843,2026-04-02,4.25
emp_001843,2026-01-02,4.28
emp_001843,2025-10-04,4.46
emp_001843,2025-07-06,4.35
emp_001843,2025-04-07,4.63
emp_001843,2025-01-07,3.92
emp_001843,2024-10-09,3.75
emp_001843,2024-07-11,4.51
emp_001844,2026-04-02,4.15
emp_001844,2026-01-02,4.36
emp_001844,2025-10-04,4.11
emp_001844,2025-07-06,4.95
emp_001844,2025-04-07,4.13
emp_001844,2025-01-07,3.98
emp_001844,2024-10-09,3.99
emp_001844,2024-07-11,3.85
emp_001845,2026-04-02,3.84
emp_001845,2026-01-02,3.28
emp_001845,2025-10-04,3.97
emp_001845,2025-07-06,3.59
emp_001845,2025-04-07,3.37
emp_001845,2025-01-07,3.12
emp_001846,2026-04-02,3.4
emp_001846,2026-01-02,4.07
emp_001846,2025-10-04,4.32
emp_001847,2026-04-02,4.4
emp_001847,2026-01-02,4.51
emp_001847,2025-10-04,4.48
emp_001847,2025-07-06,4.45
emp_001847,2025-04-07,4.48
emp_001847,2025-01-07,4.99
emp_001847,2024-10-09,4.39
emp_001847,2024-07-11,4.41
emp_001848,2026-04-02,2.97
emp_001848,2026-01-02,3.28
emp_001848,2025-10-04,3.4
emp_001848,2025-07-06,2.74
emp_001848,2025-04-07,3.47
emp_001848,2025-01-07,3.71
emp_001849,2026-04-02,4.3
emp_001849,2026-01-02,4.29
emp_001849,2025-10-04,4.32
emp_001849,2025-07-06,4.0
emp_001849,2025-04-07,4.08
emp_001849,2025-01-07,4.29
emp_001849,2024-10-09,4.06
emp_001850,2026-04-02,3.93
emp_001850,2026-01-02,4.07
emp_001850,2025-10-04,4.29
emp_001850,2025-07-06,4.16
emp_001850,2025-04-07,3.84
emp_001850,2025-01-07,4.59
emp_001850,2024-10-09,4.63
emp_001850,2024-07-11,4.74
emp_001851,2026-04-02,2.9
emp_001851,2026-01-02,3.07
emp_001851,2025-10-04,2.98
emp_001851,2025-07-06,2.18
emp_001851,2025-04-07,2.59
emp_001851,2025-01-07,2.78
emp_001851,2024-10-09,3.36
emp_001851,2024-07-11,2.74
emp_001852,2026-04-02,4.34
emp_001852,2026-01-02,4.0
emp_001852,2025-10-04,3.82
emp_001852,2025-07-06,3.11
emp_001852,2025-04-07,3.68
emp_001852,2025-01-07,3.66
emp_001852,2024-10-09,3.91
emp_001852,2024-07-11,3.89
emp_001853,2026-04-02,4.02
emp_001853,2026-01-02,4.61
emp_001853,2025-10-04,4.1
emp_001853,2025-07-06,3.57
emp_001853,2025-04-07,3.8
emp_001853,2025-01-07,3.5
emp_001853,2024-10-09,3.59
emp_001853,2024-07-11,3.96
emp_001854,2026-04-02,4.24
emp_001854,2026-01-02,3.76
emp_001854,2025-10-04,3.6
emp_001854,2025-07-06,4.28
emp_001854,2025-04-07,4.22
emp_001854,2025-01-07,4.09
emp_001854,2024-10-09,4.12
emp_001854,2024-07-11,4.0
emp_001855,2026-04-02,4.55
emp_001855,2026-01-02,4.36
emp_001855,2025-10-04,3.67
emp_001855,2025-07-06,4.23
emp_001855,2025-04-07,3.59
emp_001855,2025-01-07,4.3
emp_001855,2024-10-09,4.37
emp_001855,2024-07-11,4.12
emp_001856,2026-04-02,3.81
emp_001856,2026-01-02,3.63
emp_001856,2025-10-04,3.83
emp_001856,2025-07-06,3.37
emp_001856,2025-04-07,3.14
emp_001856,2025-01-07,3.73
emp_001856,2024-10-09,3.18
emp_001856,2024-07-11,3.54
emp_001857,2026-04-02,4.34
emp_001857,2026-01-02,4.08
emp_001857,2025-10-04,4.47
emp_001857,2025-07-06,4.23
emp_001857,2025-04-07,3.99
emp_001857,2025-01-07,3.58
emp_001857,2024-10-09,4.35
emp_001857,2024-07-11,4.67
emp_001858,2026-04-02,2.82
emp_001858,2026-01-02,3.66
emp_001858,2025-10-04,3.93
emp_001858,2025-07-06,4.42
emp_001858,2025-04-07,3.31
emp_001858,2025-01-07,4.0
emp_001858,2024-10-09,3.84
emp_001858,2024-07-11,3.04
emp_001859,2026-04-02,4.51
emp_001859,2026-01-02,4.36
emp_001859,2025-10-04,4.28
emp_001859,2025-07-06,4.31
emp_001859,2025-04-07,4.04
emp_001859,2025-01-07,4.19
emp_001859,2024-10-09,4.75
emp_001859,2024-07-11,4.31
emp_001860,2026-04-02,3.84
emp_001860,2026-01-02,3.88
emp_001860,2025-10-04,3.68
emp_001860,2025-07-06,3.39
emp_001860,2025-04-07,3.62
emp_001860,2025-01-07,3.73
emp_001861,2026-04-02,4.22
emp_001861,2026-01-02,3.66
emp_001861,2025-10-04,4.21
emp_001861,2025-07-06,4.12
emp_001861,2025-04-07,4.0
emp_001861,2025-01-07,3.65
emp_001861,2024-10-09,3.57
emp_001861,2024-07-11,3.57
emp_001862,2026-04-02,3.13
emp_001862,2026-01-02,3.61
emp_001863,2026-04-02,4.59
emp_001863,2026-01-02,3.79
emp_001863,2025-10-04,3.84
emp_001863,2025-07-06,4.27
emp_001863,2025-04-07,3.64
emp_001863,2025-01-07,4.14
emp_001863,2024-10-09,3.98
emp_001863,2024-07-11,3.33
emp_001864,2026-04-02,3.67
emp_001864,2026-01-02,4.04
emp_001864,2025-10-04,3.76
emp_001864,2025-07-06,3.15
emp_001864,2025-04-07,3.68
emp_001864,2025-01-07,3.7
emp_001864,2024-10-09,3.5
emp_001864,2024-07-11,3.64
emp_001865,2026-04-02,3.5
emp_001865,2026-01-02,2.94
emp_001865,2025-10-04,3.48
emp_001865,2025-07-06,4.05
emp_001865,2025-04-07,3.35
emp_001865,2025-01-07,3.11
emp_001865,2024-10-09,3.48
emp_001865,2024-07-11,3.23
emp_001866,2026-04-02,4.54
emp_001866,2026-01-02,3.91
emp_001866,2025-10-04,4.22
emp_001866,2025-07-06,3.86
emp_001866,2025-04-07,4.48
emp_001866,2025-01-07,3.61
emp_001866,2024-10-09,3.84
emp_001867,2026-04-02,4.13
emp_001867,2026-01-02,3.21
emp_001867,2025-10-04,3.57
emp_001867,2025-07-06,3.38
emp_001867,2025-04-07,3.42
emp_001867,2025-01-07,3.87
emp_001867,2024-10-09,3.52
emp_001867,2024-07-11,3.55
emp_001868,2026-04-02,3.07
emp_001868,2026-01-02,3.14
emp_001869,2026-04-02,4.28
emp_001869,2026-01-02,4.46
emp_001870,2026-04-02,4.17
emp_001870,2026-01-02,4.46
emp_001870,2025-10-04,4.36
emp_001870,2025-07-06,3.63
emp_001870,2025-04-07,4.85
emp_001870,2025-01-07,3.27
emp_001871,2026-04-02,4.64
emp_001871,2026-01-02,4.03
emp_001871,2025-10-04,3.66
emp_001871,2025-07-06,3.57
emp_001871,2025-04-07,4.16
emp_001871,2025-01-07,3.97
emp_001871,2024-10-09,4.86
emp_001872,2026-04-02,3.48
emp_001872,2026-01-02,3.35
emp_001872,2025-10-04,3.55
emp_001872,2025-07-06,3.33
emp_001872,2025-04-07,3.76
emp_001872,2025-01-07,4.31
emp_001872,2024-10-09,3.44
emp_001872,2024-07-11,3.83
emp_001873,2026-04-02,3.72
emp_001873,2026-01-02,4.13
emp_001873,2025-10-04,3.34
emp_001873,2025-07-06,3.68
emp_001873,2025-04-07,3.55
emp_001873,2025-01-07,3.98
emp_001874,2026-04-02,3.53
emp_001874,2026-01-02,3.58
emp_001874,2025-10-04,4.24
emp_001874,2025-07-06,4.23
emp_001874,2025-04-07,4.6
emp_001874,2025-01-07,4.34
emp_001874,2024-10-09,3.92
emp_001874,2024-07-11,3.97
emp_001875,2026-04-02,3.89
emp_001875,2026-01-02,3.82
emp_001876,2026-04-02,3.37
emp_001876,2026-01-02,3.41
emp_001876,2025-10-04,3.42
emp_001876,2025-07-06,3.67
emp_001876,2025-04-07,2.89
emp_001876,2025-01-07,2.91
emp_001876,2024-10-09,3.58
emp_001876,2024-07-11,3.7
emp_001877,2026-04-02,3.92
emp_001877,2026-01-02,3.96
emp_001877,2025-10-04,3.84
emp_001877,2025-07-06,4.02
emp_001877,2025-04-07,3.96
emp_001877,2025-01-07,3.64
emp_001877,2024-10-09,4.1
emp_001877,2024-07-11,4.2
emp_001878,2026-04-02,4.68
emp_001878,2026-01-02,4.18
emp_001878,2025-10-04,3.92
emp_001878,2025-07-06,4.45
emp_001878,2025-04-07,4.23
emp_001878,2025-01-07,4.83
emp_001878,2024-10-09,4.46
emp_001879,2026-04-02,4.84
emp_001879,2026-01-02,4.76
emp_001879,2025-10-04,4.47
emp_001879,2025-07-06,4.45
emp_001879,2025-04-07,4.43
emp_001879,2025-01-07,4.11
emp_001880,2026-04-02,3.98
emp_001880,2026-01-02,4.17
emp_001880,2025-10-04,4.64
emp_001880,2025-07-06,3.81
emp_001880,2025-04-07,3.27
emp_001880,2025-01-07,4.33
emp_001880,2024-10-09,4.03
emp_001881,2026-04-02,4.1
emp_001881,2026-01-02,3.88
emp_001881,2025-10-04,4.15
emp_001881,2025-07-06,4.0
emp_001881,2025-04-07,3.75
emp_001881,2025-01-07,4.09
emp_001881,2024-10-09,3.83
emp_001881,2024-07-11,3.3
emp_001883,2026-04-02,3.4
emp_001883,2026-01-02,3.62
emp_001883,2025-10-04,3.94
emp_001883,2025-07-06,3.98
emp_001883,2025-04-07,3.5
emp_001883,2025-01-07,3.86
emp_001883,2024-10-09,3.89
emp_001883,2024-07-11,3.62
emp_001884,2026-04-02,3.71
emp_001884,2026-01-02,3.6
emp_001884,2025-10-04,3.34
emp_001884,2025-07-06,3.37
emp_001884,2025-04-07,3.87
emp_001884,2025-01-07,4.16
emp_001884,2024-10-09,3.76
emp_001884,2024-07-11,4.12
emp_001885,2026-04-02,3.52
emp_001885,2026-01-02,4.45
emp_001885,2025-10-04,3.78
emp_001885,2025-07-06,3.42
emp_001885,2025-04-07,4.08
emp_001885,2025-01-07,3.86
emp_001885,2024-10-09,3.08
emp_001885,2024-07-11,4.45
emp_001886,2026-04-02,3.42
emp_001886,2026-01-02,3.39
emp_001886,2025-10-04,3.27
emp_001886,2025-07-06,2.79
emp_001886,2025-04-07,3.21
emp_001886,2025-01-07,3.02
emp_001886,2024-10-09,3.36
emp_001886,2024-07-11,2.32
emp_001887,2026-04-02,3.76
emp_001887,2026-01-02,4.28
emp_001887,2025-10-04,4.52
emp_001887,2025-07-06,3.99
emp_001887,2025-04-07,4.81
emp_001887,2025-01-07,3.72
emp_001887,2024-10-09,3.94
emp_001887,2024-07-11,3.63
emp_001888,2026-04-02,4.26
emp_001888,2026-01-02,4.59
emp_001888,2025-10-04,3.85
emp_001888,2025-07-06,4.32
emp_001888,2025-04-07,4.2
emp_001888,2025-01-07,3.71
emp_001888,2024-10-09,3.78
emp_001888,2024-07-11,3.7
emp_001889,2026-04-02,3.84
emp_001889,2026-01-02,4.23
emp_001889,2025-10-04,3.42
emp_001890,2026-04-02,3.56
emp_001890,2026-01-02,3.4
emp_001890,2025-10-04,3.1
emp_001890,2025-07-06,4.03
emp_001890,2025-04-07,3.29
emp_001890,2025-01-07,3.2
emp_001890,2024-10-09,3.7
emp_001890,2024-07-11,3.39
emp_001891,2026-04-02,4.13
emp_001891,2026-01-02,2.98
emp_001891,2025-10-04,3.57
emp_001891,2025-07-06,3.95
emp_001891,2025-04-07,4.21
emp_001891,2025-01-07,4.12
emp_001891,2024-10-09,3.82
emp_001892,2026-04-02,3.97
emp_001892,2026-01-02,4.21
emp_001892,2025-10-04,3.98
emp_001892,2025-07-06,4.02
emp_001892,2025-04-07,3.51
emp_001892,2025-01-07,3.84
emp_001892,2024-10-09,4.09
emp_001892,2024-07-11,3.99
emp_001893,2026-04-02,3.85
emp_001893,2026-01-02,2.81
emp_001893,2025-10-04,3.42
emp_001893,2025-07-06,3.5
emp_001893,2025-04-07,3.6
emp_001893,2025-01-07,3.5
emp_001894,2026-04-02,4.05
emp_001894,2026-01-02,3.63
emp_001894,2025-10-04,4.07
emp_001894,2025-07-06,4.45
emp_001894,2025-04-07,3.42
emp_001895,2026-04-02,3.6
emp_001895,2026-01-02,2.67
emp_001895,2025-10-04,3.5
emp_001895,2025-07-06,2.92
emp_001895,2025-04-07,3.29
emp_001895,2025-01-07,3.48
emp_001895,2024-10-09,3.49
emp_001895,2024-07-11,3.52
emp_001896,2026-04-02,3.78
emp_001896,2026-01-02,4.08
emp_001896,2025-10-04,3.77
emp_001896,2025-07-06,4.14
emp_001896,2025-04-07,3.61
emp_001896,2025-01-07,4.15
emp_001897,2026-04-02,3.07
emp_001897,2026-01-02,3.58
emp_001897,2025-10-04,3.96
emp_001897,2025-07-06,3.57
emp_001897,2025-04-07,3.57
emp_001897,2025-01-07,3.64
emp_001897,2024-10-09,3.66
emp_001897,2024-07-11,3.34
emp_001898,2026-04-02,3.71
emp_001898,2026-01-02,3.64
emp_001898,2025-10-04,3.97
emp_001899,2026-04-02,3.46
emp_001899,2026-01-02,4.34
emp_001899,2025-10-04,4.3
emp_001899,2025-07-06,4.29
emp_001899,2025-04-07,3.36
emp_001899,2025-01-07,4.1
emp_001900,2026-04-02,3.96
emp_001900,2026-01-02,3.56
emp_001900,2025-10-04,4.34
emp_001900,2025-07-06,3.97
emp_001900,2025-04-07,4.6
emp_001900,2025-01-07,3.6
emp_001900,2024-10-09,4.27
emp_001900,2024-07-11,4.0
emp_001901,2026-04-02,3.76
emp_001901,2026-01-02,3.91
emp_001901,2025-10-04,4.15
emp_001901,2025-07-06,3.73
emp_001901,2025-04-07,3.32
emp_001901,2025-01-07,3.78
emp_001901,2024-10-09,3.96
emp_001901,2024-07-11,3.7
emp_001902,2026-04-02,4.53
emp_001902,2026-01-02,3.96
emp_001902,2025-10-04,4.16
emp_001902,2025-07-06,3.92
emp_001902,2025-04-07,3.97
emp_001902,2025-01-07,4.22
emp_001903,2026-04-02,4.36
emp_001903,2026-01-02,4.38
emp_001903,2025-10-04,3.93
emp_001903,2025-07-06,4.18
emp_001903,2025-04-07,4.49
emp_001903,2025-01-07,3.87
emp_001904,2026-04-02,3.97
emp_001904,2026-01-02,3.8
emp_001904,2025-10-04,4.0
emp_001905,2026-04-02,3.33
emp_001905,2026-01-02,4.24
emp_001905,2025-10-04,3.56
emp_001905,2025-07-06,4.45
emp_001905,2025-04-07,4.02
emp_001905,2025-01-07,3.97
emp_001905,2024-10-09,3.52
emp_001905,2024-07-11,3.33
emp_001906,2026-04-02,3.78
emp_001906,2026-01-02,4.01
emp_001906,2025-10-04,3.91
emp_001906,2025-07-06,3.98
emp_001906,2025-04-07,3.91
emp_001906,2025-01-07,4.05
emp_001906,2024-10-09,4.19
emp_001907,2026-04-02,3.74
emp_001907,2026-01-02,3.64
emp_001907,2025-10-04,3.98
emp_001907,2025-07-06,4.13
emp_001908,2026-04-02,4.51
emp_001908,2026-01-02,4.18
emp_001908,2025-10-04,3.39
emp_001908,2025-07-06,3.78
emp_001908,2025-04-07,4.83
emp_001908,2025-01-07,4.46
emp_001908,2024-10-09,4.64
emp_001908,2024-07-11,4.81
emp_001909,2026-04-02,4.17
emp_001909,2026-01-02,4.09
emp_001909,2025-10-04,4.46
emp_001909,2025-07-06,4.48
emp_001909,2025-04-07,3.55
emp_001909,2025-01-07,3.8
emp_001909,2024-10-09,4.46
emp_001909,2024-07-11,4.31
emp_001910,2026-04-02,4.97
emp_001910,2026-01-02,4.69
emp_001910,2025-10-04,4.58
emp_001910,2025-07-06,4.24
emp_001910,2025-04-07,4.69
emp_001910,2025-01-07,4.86
emp_001910,2024-10-09,4.27
emp_001910,2024-07-11,4.43
emp_001911,2026-04-02,4.75
emp_001911,2026-01-02,4.21
emp_001911,2025-10-04,4.12
emp_001911,2025-07-06,4.72
emp_001911,2025-04-07,3.86
emp_001911,2025-01-07,3.78
emp_001911,2024-10-09,4.26
emp_001911,2024-07-11,4.3
emp_001912,2026-04-02,4.36
emp_001912,2026-01-02,4.2
emp_001912,2025-10-04,4.44
emp_001912,2025-07-06,3.55
emp_001912,2025-04-07,3.85
emp_001912,2025-01-07,3.92
emp_001912,2024-10-09,4.44
emp_001912,2024-07-11,4.72
emp_001913,2026-04-02,3.52
emp_001913,2026-01-02,3.68
emp_001913,2025-10-04,2.41
emp_001913,2025-07-06,3.45
emp_001913,2025-04-07,3.08
emp_001913,2025-01-07,3.39
emp_001913,2024-10-09,3.46
emp_001913,2024-07-11,2.62
emp_001914,2026-04-02,3.31
emp_001914,2026-01-02,3.5
emp_001914,2025-10-04,3.99
emp_001914,2025-07-06,3.22
emp_001914,2025-04-07,3.34
emp_001914,2025-01-07,3.22
emp_001914,2024-10-09,3.56
emp_001914,2024-07-11,3.63
emp_001915,2026-04-02,3.95
emp_001915,2026-01-02,3.56
emp_001915,2025-10-04,2.89
emp_001915,2025-07-06,2.88
emp_001915,2025-04-07,3.77
emp_001915,2025-01-07,3.63
emp_001915,2024-10-09,3.63
emp_001915,2024-07-11,3.41
emp_001916,2026-04-02,3.29
emp_001916,2026-01-02,3.4
emp_001916,2025-10-04,3.13
emp_001916,2025-07-06,3.88
emp_001916,2025-04-07,3.88
emp_001916,2025-01-07,3.86
emp_001916,2024-10-09,3.98
emp_001916,2024-07-11,3.88
emp_001917,2026-04-02,3.93
emp_001917,2026-01-02,3.95
emp_001917,2025-10-04,4.25
emp_001917,2025-07-06,3.72
emp_001917,2025-04-07,4.16
emp_001917,2025-01-07,4.44
emp_001917,2024-10-09,3.64
emp_001917,2024-07-11,3.41
emp_001918,2026-04-02,3.62
emp_001918,2026-01-02,3.32
emp_001918,2025-10-04,3.86
emp_001918,2025-07-06,3.5
emp_001918,2025-04-07,4.05
emp_001918,2025-01-07,3.64
emp_001918,2024-10-09,3.77
emp_001918,2024-07-11,3.81
emp_001919,2026-04-02,4.04
emp_001919,2026-01-02,3.77
emp_001919,2025-10-04,3.85
emp_001919,2025-07-06,4.06
emp_001919,2025-04-07,4.11
emp_001919,2025-01-07,4.29
emp_001919,2024-10-09,4.53
emp_001920,2026-04-02,2.98
emp_001920,2026-01-02,3.54
emp_001920,2025-10-04,3.44
emp_001920,2025-07-06,3.74
emp_001921,2026-04-02,4.57
emp_001921,2026-01-02,4.1
emp_001921,2025-10-04,4.05
emp_001921,2025-07-06,4.19
emp_001921,2025-04-07,4.02
emp_001921,2025-01-07,3.82
emp_001921,2024-10-09,3.86
emp_001921,2024-07-11,3.89
emp_001922,2026-04-02,3.58
emp_001922,2026-01-02,3.78
emp_001922,2025-10-04,3.89
emp_001922,2025-07-06,4.34
emp_001922,2025-04-07,4.07
emp_001922,2025-01-07,3.65
emp_001923,2026-04-02,3.15
emp_001923,2026-01-02,4.19
emp_001923,2025-10-04,3.59
emp_001923,2025-07-06,3.78
emp_001923,2025-04-07,3.45
emp_001923,2025-01-07,3.81
emp_001923,2024-10-09,3.59
emp_001923,2024-07-11,3.02
emp_001924,2026-04-02,4.27
emp_001924,2026-01-02,4.08
emp_001924,2025-10-04,4.14
emp_001924,2025-07-06,4.11
emp_001924,2025-04-07,3.99
emp_001924,2025-01-07,4.05
emp_001925,2026-04-02,4.31
emp_001925,2026-01-02,4.78
emp_001925,2025-10-04,4.61
emp_001925,2025-07-06,3.92
emp_001925,2025-04-07,4.7
emp_001925,2025-01-07,4.04
emp_001925,2024-10-09,4.12
emp_001925,2024-07-11,3.31
emp_001926,2026-04-02,3.64
emp_001926,2026-01-02,3.4
emp_001926,2025-10-04,3.47
emp_001927,2026-04-02,3.97
emp_001927,2026-01-02,4.1
emp_001928,2026-04-02,3.82
emp_001928,2026-01-02,3.45
emp_001928,2025-10-04,4.5
emp_001928,2025-07-06,4.06
emp_001928,2025-04-07,4.15
emp_001928,2025-01-07,3.41
emp_001928,2024-10-09,5.0
emp_001928,2024-07-11,3.59
emp_001929,2026-04-02,3.96
emp_001929,2026-01-02,3.26
emp_001929,2025-10-04,4.16
emp_001929,2025-07-06,3.14
emp_001929,2025-04-07,3.09
emp_001929,2025-01-07,3.63
emp_001929,2024-10-09,3.67
emp_001929,2024-07-11,3.95
emp_001930,2026-04-02,3.36
emp_001930,2026-01-02,3.28
emp_001930,2025-10-04,3.8
emp_001930,2025-07-06,3.92
emp_001930,2025-04-07,3.32
emp_001930,2025-01-07,3.75
emp_001930,2024-10-09,3.7
emp_001931,2026-04-02,3.95
emp_001931,2026-01-02,4.33
emp_001931,2025-10-04,4.0
emp_001931,2025-07-06,4.49
emp_001931,2025-04-07,4.89
emp_001931,2025-01-07,4.2
emp_001932,2026-04-02,3.75
emp_001932,2026-01-02,3.63
emp_001932,2025-10-04,4.62
emp_001932,2025-07-06,3.96
emp_001932,2025-04-07,3.6
emp_001932,2025-01-07,4.34
emp_001933,2026-04-02,3.95
emp_001933,2026-01-02,4.49
emp_001933,2025-10-04,3.41
emp_001933,2025-07-06,4.39
emp_001933,2025-04-07,4.03
emp_001933,2025-01-07,3.4
emp_001933,2024-10-09,3.81
emp_001933,2024-07-11,4.86
emp_001934,2026-04-02,3.34
emp_001934,2026-01-02,3.83
emp_001934,2025-10-04,2.95
emp_001934,2025-07-06,3.75
emp_001934,2025-04-07,3.2
emp_001934,2025-01-07,3.79
emp_001934,2024-10-09,3.71
emp_001934,2024-07-11,3.67
emp_001935,2026-04-02,4.21
emp_001935,2026-01-02,4.06
emp_001935,2025-10-04,4.52
emp_001935,2025-07-06,3.39
emp_001935,2025-04-07,3.91
emp_001935,2025-01-07,3.7
emp_001935,2024-10-09,3.34
emp_001935,2024-07-11,3.68
emp_001936,2026-04-02,4.26
emp_001937,2026-04-02,4.29
emp_001937,2026-01-02,4.16
emp_001937,2025-10-04,3.87
emp_001937,2025-07-06,4.16
emp_001937,2025-04-07,4.58
emp_001937,2025-01-07,4.43
emp_001937,2024-10-09,3.66
emp_001937,2024-07-11,4.16
emp_001938,2026-04-02,3.37
emp_001938,2026-01-02,3.34
emp_001938,2025-10-04,3.11
emp_001938,2025-07-06,3.67
emp_001938,2025-04-07,3.62
emp_001938,2025-01-07,3.8
emp_001939,2026-04-02,3.56
emp_001939,2026-01-02,4.16
emp_001939,2025-10-04,3.79
emp_001939,2025-07-06,3.48
emp_001939,2025-04-07,3.69
emp_001939,2025-01-07,4.05
emp_001939,2024-10-09,4.03
emp_001939,2024-07-11,3.79
emp_001940,2026-04-02,2.86
emp_001940,2026-01-02,3.57
emp_001940,2025-10-04,4.44
emp_001940,2025-07-06,4.0
emp_001940,2025-04-07,3.94
emp_001940,2025-01-07,3.85
emp_001940,2024-10-09,4.03
emp_001940,2024-07-11,4.3
emp_001941,2026-04-02,3.66
emp_001941,2026-01-02,3.53
emp_001941,2025-10-04,3.57
emp_001941,2025-07-06,3.6
emp_001942,2026-04-02,4.84
emp_001942,2026-01-02,3.96
emp_001942,2025-10-04,3.81
emp_001942,2025-07-06,3.97
emp_001942,2025-04-07,3.95
emp_001942,2025-01-07,3.92
emp_001942,2024-10-09,4.31
emp_001942,2024-07-11,4.6
emp_001943,2026-04-02,3.93
emp_001944,2026-04-02,4.14
emp_001944,2026-01-02,2.15
emp_001944,2025-10-04,3.22
emp_001944,2025-07-06,3.11
emp_001944,2025-04-07,3.26
emp_001944,2025-01-07,3.28
emp_001944,2024-10-09,3.09
emp_001944,2024-07-11,3.64
emp_001945,2026-04-02,3.63
emp_001945,2026-01-02,3.7
emp_001945,2025-10-04,3.72
emp_001945,2025-07-06,4.15
emp_001945,2025-04-07,3.91
emp_001945,2025-01-07,4.18
emp_001946,2026-04-02,3.29
emp_001946,2026-01-02,3.23
emp_001946,2025-10-04,3.57
emp_001946,2025-07-06,3.28
emp_001946,2025-04-07,2.69
emp_001946,2025-01-07,3.37
emp_001947,2026-04-02,4.12
emp_001947,2026-01-02,4.0
emp_001947,2025-10-04,4.16
emp_001947,2025-07-06,4.54
emp_001947,2025-04-07,4.3
emp_001947,2025-01-07,4.48
emp_001947,2024-10-09,4.12
emp_001947,2024-07-11,4.02
emp_001948,2026-04-02,4.19
emp_001948,2026-01-02,4.14
emp_001948,2025-10-04,3.61
emp_001948,2025-07-06,3.56
emp_001949,2026-04-02,3.75
emp_001949,2026-01-02,3.8
emp_001949,2025-10-04,3.84
emp_001949,2025-07-06,4.12
emp_001949,2025-04-07,4.01
emp_001949,2025-01-07,4.19
emp_001950,2026-04-02,3.75
emp_001950,2026-01-02,3.67
emp_001950,2025-10-04,4.32
emp_001950,2025-07-06,3.62
emp_001950,2025-04-07,4.02
emp_001950,2025-01-07,3.92
emp_001950,2024-10-09,3.74
emp_001950,2024-07-11,4.35
emp_001951,2026-04-02,3.45
emp_001951,2026-01-02,3.42
emp_001951,2025-10-04,3.72
emp_001951,2025-07-06,3.43
emp_001951,2025-04-07,4.15
emp_001951,2025-01-07,3.49
emp_001951,2024-10-09,3.63
emp_001951,2024-07-11,3.49
emp_001952,2026-04-02,3.61
emp_001952,2026-01-02,3.73
emp_001952,2025-10-04,4.53
emp_001952,2025-07-06,4.03
emp_001952,2025-04-07,4.0
emp_001952,2025-01-07,3.96
emp_001952,2024-10-09,4.51
emp_001952,2024-07-11,3.76
emp_001953,2026-04-02,4.04
emp_001953,2026-01-02,4.12
emp_001953,2025-10-04,3.88
emp_001953,2025-07-06,4.39
emp_001953,2025-04-07,4.12
emp_001953,2025-01-07,4.45
emp_001954,2026-04-02,4.32
emp_001954,2026-01-02,4.31
emp_001954,2025-10-04,4.18
emp_001954,2025-07-06,3.93
emp_001954,2025-04-07,3.63
emp_001954,2025-01-07,2.97
emp_001954,2024-10-09,3.7
emp_001954,2024-07-11,3.59
emp_001955,2026-04-02,4.42
emp_001955,2026-01-02,3.62
emp_001955,2025-10-04,3.95
emp_001955,2025-07-06,3.87
emp_001955,2025-04-07,4.21
emp_001955,2025-01-07,4.22
emp_001955,2024-10-09,3.68
emp_001955,2024-07-11,4.14
emp_001956,2026-04-02,3.41
emp_001956,2026-01-02,3.93
emp_001956,2025-10-04,3.43
emp_001957,2026-04-02,3.22
emp_001957,2026-01-02,3.21
emp_001957,2025-10-04,3.94
emp_001957,2025-07-06,4.66
emp_001957,2025-04-07,3.7
emp_001957,2025-01-07,3.58
emp_001957,2024-10-09,3.52
emp_001957,2024-07-11,3.22
emp_001958,2026-04-02,4.28
emp_001958,2026-01-02,3.73
emp_001958,2025-10-04,4.07
emp_001958,2025-07-06,4.16
emp_001958,2025-04-07,3.49
emp_001958,2025-01-07,3.96
emp_001958,2024-10-09,4.05
emp_001958,2024-07-11,4.06
emp_001959,2026-04-02,4.36
emp_001959,2026-01-02,3.86
emp_001959,2025-10-04,4.17
emp_001959,2025-07-06,3.97
emp_001960,2026-04-02,3.41
emp_001960,2026-01-02,3.51
emp_001960,2025-10-04,3.48
emp_001960,2025-07-06,3.56
emp_001960,2025-04-07,3.37
emp_001960,2025-01-07,3.81
emp_001960,2024-10-09,3.55
emp_001960,2024-07-11,3.94
emp_001961,2026-04-02,3.99
emp_001961,2026-01-02,3.6
emp_001961,2025-10-04,3.65
emp_001961,2025-07-06,3.88
emp_001961,2025-04-07,3.71
emp_001961,2025-01-07,4.04
emp_001962,2026-04-02,3.67
emp_001962,2026-01-02,3.9
emp_001962,2025-10-04,3.21
emp_001962,2025-07-06,3.97
emp_001962,2025-04-07,3.78
emp_001962,2025-01-07,3.52
emp_001962,2024-10-09,4.36
emp_001962,2024-07-11,3.55
emp_001963,2026-04-02,4.45
emp_001963,2026-01-02,3.68
emp_001963,2025-10-04,4.39
emp_001963,2025-07-06,4.13
emp_001963,2025-04-07,3.76
emp_001963,2025-01-07,4.29
emp_001964,2026-04-02,3.05
emp_001964,2026-01-02,3.84
emp_001964,2025-10-04,3.29
emp_001964,2025-07-06,3.73
emp_001964,2025-04-07,2.38
emp_001964,2025-01-07,3.46
emp_001964,2024-10-09,4.06
emp_001964,2024-07-11,3.5
emp_001965,2026-04-02,3.99
emp_001966,2026-04-02,3.77
emp_001966,2026-01-02,3.43
emp_001966,2025-10-04,3.42
emp_001966,2025-07-06,3.75
emp_001966,2025-04-07,3.89
emp_001966,2025-01-07,3.14
emp_001966,2024-10-09,3.12
emp_001966,2024-07-11,3.51
emp_001967,2026-04-02,3.68
emp_001967,2026-01-02,4.11
emp_001967,2025-10-04,3.07
emp_001967,2025-07-06,3.37
emp_001967,2025-04-07,3.72
emp_001967,2025-01-07,4.02
emp_001967,2024-10-09,4.34
emp_001968,2026-04-02,3.57
emp_001968,2026-01-02,3.67
emp_001968,2025-10-04,3.85
emp_001968,2025-07-06,3.38
emp_001968,2025-04-07,4.19
emp_001968,2025-01-07,3.82
emp_001968,2024-10-09,4.02
emp_001968,2024-07-11,3.08
emp_001969,2026-04-02,3.61
emp_001969,2026-01-02,3.58
emp_001969,2025-10-04,3.77
emp_001969,2025-07-06,3.48
emp_001969,2025-04-07,3.68
emp_001969,2025-01-07,3.57
emp_001969,2024-10-09,2.99
emp_001969,2024-07-11,3.83
emp_001970,2026-04-02,3.39
emp_001970,2026-01-02,3.77
emp_001970,2025-10-04,3.62
emp_001970,2025-07-06,3.58
emp_001970,2025-04-07,3.25
emp_001970,2025-01-07,3.78
emp_001971,2026-04-02,3.77
emp_001971,2026-01-02,3.5
emp_001971,2025-10-04,4.01
emp_001971,2025-07-06,3.48
emp_001971,2025-04-07,3.96
emp_001971,2025-01-07,3.63
emp_001971,2024-10-09,3.51
emp_001971,2024-07-11,3.32
emp_001972,2026-04-02,3.73
emp_001972,2026-01-02,3.31
emp_001972,2025-10-04,3.41
emp_001972,2025-07-06,4.26
emp_001972,2025-04-07,2.95
emp_001972,2025-01-07,3.97
emp_001972,2024-10-09,3.55
emp_001972,2024-07-11,3.49
emp_001973,2026-04-02,3.21
emp_001973,2026-01-02,4.4
emp_001973,2025-10-04,4.98
emp_001973,2025-07-06,4.38
emp_001973,2025-04-07,3.51
emp_001973,2025-01-07,3.89
emp_001973,2024-10-09,3.1
emp_001973,2024-07-11,4.41
emp_001974,2026-04-02,4.04
emp_001974,2026-01-02,4.4
emp_001974,2025-10-04,3.5
emp_001974,2025-07-06,4.24
emp_001974,2025-04-07,4.71
emp_001974,2025-01-07,4.4
emp_001974,2024-10-09,4.25
emp_001975,2026-04-02,3.84
emp_001975,2026-01-02,3.66
emp_001975,2025-10-04,4.61
emp_001975,2025-07-06,3.43
emp_001975,2025-04-07,3.53
emp_001975,2025-01-07,3.81
emp_001975,2024-10-09,3.39
emp_001975,2024-07-11,3.17
emp_001976,2026-04-02,4.03
emp_001976,2026-01-02,3.73
emp_001976,2025-10-04,3.45
emp_001976,2025-07-06,3.42
emp_001976,2025-04-07,3.52
emp_001976,2025-01-07,4.17
emp_001976,2024-10-09,4.18
emp_001976,2024-07-11,3.95
emp_001977,2026-04-02,3.31
emp_001977,2026-01-02,3.9
emp_001977,2025-10-04,3.81
emp_001977,2025-07-06,3.98
emp_001977,2025-04-07,3.59
emp_001977,2025-01-07,3.68
emp_001977,2024-10-09,3.68
emp_001977,2024-07-11,3.39
emp_001978,2026-04-02,3.28
emp_001978,2026-01-02,3.39
emp_001978,2025-10-04,3.19
emp_001978,2025-07-06,3.25
emp_001978,2025-04-07,3.71
emp_001979,2026-04-02,3.02
emp_001979,2026-01-02,3.27
emp_001979,2025-10-04,2.88
emp_001979,2025-07-06,3.53
emp_001979,2025-04-07,3.54
emp_001979,2025-01-07,3.18
emp_001979,2024-10-09,2.39
emp_001979,2024-07-11,3.02
emp_001980,2026-04-02,3.2
emp_001980,2026-01-02,3.94
emp_001980,2025-10-04,3.84
emp_001980,2025-07-06,3.31
emp_001980,2025-04-07,3.9
emp_001980,2025-01-07,3.72
emp_001980,2024-10-09,3.94
emp_001980,2024-07-11,3.98
emp_001981,2026-04-02,4.41
emp_001981,2026-01-02,3.82
emp_001981,2025-10-04,4.31
emp_001981,2025-07-06,4.78
emp_001981,2025-04-07,4.54
emp_001981,2025-01-07,4.29
emp_001981,2024-10-09,4.63
emp_001981,2024-07-11,3.8
emp_001982,2026-04-02,4.71
emp_001982,2026-01-02,3.98
emp_001982,2025-10-04,3.97
emp_001982,2025-07-06,3.57
emp_001982,2025-04-07,4.56
emp_001982,2025-01-07,3.85
emp_001982,2024-10-09,4.32
emp_001982,2024-07-11,3.97
emp_001983,2026-04-02,5.0
emp_001984,2026-04-02,4.01
emp_001985,2026-04-02,3.64
emp_001985,2026-01-02,3.64
emp_001985,2025-10-04,3.91
emp_001985,2025-07-06,4.01
emp_001985,2025-04-07,4.03
emp_001985,2025-01-07,4.13
emp_001985,2024-10-09,4.11
emp_001985,2024-07-11,2.99
emp_001986,2026-04-02,4.51
emp_001986,2026-01-02,4.32
emp_001986,2025-10-04,3.9
emp_001986,2025-07-06,4.12
emp_001986,2025-04-07,3.78
emp_001986,2025-01-07,3.23
emp_001986,2024-10-09,4.03
emp_001986,2024-07-11,3.84
emp_001987,2026-04-02,4.4
emp_001987,2026-01-02,4.17
emp_001987,2025-10-04,3.95
emp_001987,2025-07-06,3.61
emp_001987,2025-04-07,4.0
emp_001987,2025-01-07,3.69
emp_001987,2024-10-09,3.15
emp_001987,2024-07-11,3.79
emp_001988,2026-04-02,3.1
emp_001988,2026-01-02,2.77
emp_001988,2025-10-04,3.16
emp_001988,2025-07-06,3.38
emp_001988,2025-04-07,3.09
emp_001988,2025-01-07,3.51
emp_001988,2024-10-09,2.89
emp_001988,2024-07-11,3.2
emp_001989,2026-04-02,2.91
emp_001989,2026-01-02,3.17
emp_001989,2025-10-04,3.33
emp_001989,2025-07-06,3.12
emp_001989,2025-04-07,3.01
emp_001989,2025-01-07,3.43
emp_001989,2024-10-09,4.06
emp_001989,2024-07-11,2.87
emp_001990,2026-04-02,4.41
emp_001990,2026-01-02,4.41
emp_001990,2025-10-04,4.07
emp_001990,2025-07-06,3.58
emp_001990,2025-04-07,3.51
emp_001990,2025-01-07,4.56
emp_001990,2024-10-09,4.17
emp_001991,2026-04-02,3.94
emp_001991,2026-01-02,3.67
emp_001991,2025-10-04,3.46
emp_001991,2025-07-06,4.17
emp_001991,2025-04-07,3.79
emp_001991,2025-01-07,3.12
emp_001991,2024-10-09,3.44
emp_001991,2024-07-11,3.75
emp_001992,2026-04-02,3.8
emp_001993,2026-04-02,4.36
emp_001993,2026-01-02,3.74
emp_001993,2025-10-04,3.77
emp_001993,2025-07-06,2.95
emp_001993,2025-04-07,4.02
emp_001993,2025-01-07,3.39
emp_001993,2024-10-09,3.5
emp_001993,2024-07-11,3.49
emp_001994,2026-04-02,3.93
emp_001994,2026-01-02,4.24
emp_001994,2025-10-04,4.35
emp_001994,2025-07-06,4.22
emp_001994,2025-04-07,3.86
emp_001994,2025-01-07,4.15
emp_001994,2024-10-09,3.63
emp_001994,2024-07-11,4.22
emp_001995,2026-04-02,4.0
emp_001995,2026-01-02,4.24
emp_001995,2025-10-04,4.02
emp_001995,2025-07-06,3.81
emp_001995,2025-04-07,3.78
emp_001995,2025-01-07,3.37
emp_001995,2024-10-09,4.25
emp_001995,2024-07-11,4.48
emp_001996,2026-04-02,2.99
emp_001996,2026-01-02,3.5
emp_001996,2025-10-04,3.3
emp_001996,2025-07-06,4.15
emp_001996,2025-04-07,3.8
emp_001996,2025-01-07,2.91
emp_001996,2024-10-09,3.28
emp_001996,2024-07-11,3.49
emp_001997,2026-04-02,3.8
emp_001997,2026-01-02,3.92
emp_001997,2025-10-04,2.86
emp_001998,2026-04-02,3.18
emp_001998,2026-01-02,3.62
emp_001998,2025-10-04,3.53
emp_001998,2025-07-06,3.58
emp_001998,2025-04-07,3.59
emp_001998,2025-01-07,3.96
emp_001999,2026-04-02,3.41
emp_001999,2026-01-02,3.89
emp_001999,2025-10-04,3.38
emp_001999,2025-07-06,2.58
emp_001999,2025-04-07,3.36
emp_001999,2025-01-07,3.4
emp_001999,2024-10-09,3.66
emp_001999,2024-07-11,4.01
emp_002000,2026-04-02,4.59
emp_002000,2026-01-02,3.84
emp_002000,2025-10-04,3.32
emp_002000,2025-07-06,3.79
emp_002000,2025-04-07,4.07
emp_002000,2025-01-07,3.78
emp_002000,2024-10-09,3.58
emp_002001,2026-04-02,3.69
emp_002001,2026-01-02,4.32
emp_002001,2025-10-04,3.98
emp_002001,2025-07-06,3.8
emp_002001,2025-04-07,3.6
emp_002001,2025-01-07,4.2
emp_002001,2024-10-09,3.23
emp_002001,2024-07-11,4.03
emp_002002,2026-04-02,3.69
emp_002003,2026-04-02,3.52
emp_002003,2026-01-02,3.5
emp_002003,2025-10-04,3.71
emp_002003,2025-07-06,2.56
emp_002003,2025-04-07,3.55
emp_002003,2025-01-07,3.65
emp_002003,2024-10-09,3.37
emp_002004,2026-04-02,4.31
emp_002004,2026-01-02,4.56
emp_002004,2025-10-04,4.05
emp_002004,2025-07-06,3.72
emp_002004,2025-04-07,4.63
emp_002004,2025-01-07,4.3
emp_002004,2024-10-09,3.99
emp_002005,2026-04-02,3.48
emp_002005,2026-01-02,3.68
emp_002005,2025-10-04,3.33
emp_002005,2025-07-06,3.77
emp_002005,2025-04-07,3.84
emp_002005,2025-01-07,4.45
emp_002005,2024-10-09,4.67
emp_002005,2024-07-11,4.04
emp_002006,2026-04-02,3.43
emp_002006,2026-01-02,3.85
emp_002006,2025-10-04,3.28
emp_002006,2025-07-06,3.9
emp_002007,2026-04-02,3.44
emp_002007,2026-01-02,3.83
emp_002007,2025-10-04,4.01
emp_002007,2025-07-06,3.44
emp_002007,2025-04-07,3.61
emp_002007,2025-01-07,3.74
emp_002007,2024-10-09,3.84
emp_002007,2024-07-11,4.17
emp_002008,2026-04-02,3.22
emp_002008,2026-01-02,3.47
emp_002008,2025-10-04,3.74
emp_002008,2025-07-06,3.15
emp_002008,2025-04-07,3.87
emp_002008,2025-01-07,3.05
emp_002009,2026-04-02,4.54
emp_002009,2026-01-02,4.11
emp_002009,2025-10-04,4.22
emp_002009,2025-07-06,3.54
emp_002009,2025-04-07,4.9
emp_002009,2025-01-07,3.54
emp_002009,2024-10-09,4.5
emp_002009,2024-07-11,4.54
emp_002010,2026-04-02,3.77
emp_002010,2026-01-02,4.05
emp_002010,2025-10-04,4.11
emp_002010,2025-07-06,4.43
emp_002010,2025-04-07,3.42
emp_002010,2025-01-07,4.58
emp_002010,2024-10-09,3.61
emp_002010,2024-07-11,3.79
emp_002011,2026-04-02,3.51
emp_002011,2026-01-02,3.58
emp_002011,2025-10-04,3.63
emp_002011,2025-07-06,3.76
emp_002011,2025-04-07,4.25
emp_002011,2025-01-07,3.22
emp_002011,2024-10-09,3.44
emp_002012,2026-04-02,3.43
emp_002012,2026-01-02,3.44
emp_002012,2025-10-04,3.73
emp_002012,2025-07-06,3.78
emp_002012,2025-04-07,3.11
emp_002012,2025-01-07,3.09
emp_002012,2024-10-09,4.3
emp_002012,2024-07-11,3.68
emp_002013,2026-04-02,3.88
emp_002013,2026-01-02,4.45
emp_002013,2025-10-04,3.65
emp_002013,2025-07-06,3.37
emp_002013,2025-04-07,4.66
emp_002013,2025-01-07,3.27
emp_002013,2024-10-09,3.51
emp_002013,2024-07-11,3.95
emp_002014,2026-04-02,3.66
emp_002014,2026-01-02,4.32
emp_002014,2025-10-04,4.01
emp_002015,2026-04-02,4.01
emp_002015,2026-01-02,4.33
emp_002015,2025-10-04,4.25
emp_002015,2025-07-06,3.69
emp_002015,2025-04-07,3.7
emp_002015,2025-01-07,4.39
emp_002015,2024-10-09,4.03
emp_002016,2026-04-02,4.32
emp_002016,2026-01-02,4.55
emp_002016,2025-10-04,4.2
emp_002016,2025-07-06,3.83
emp_002016,2025-04-07,4.1
emp_002016,2025-01-07,4.29
emp_002016,2024-10-09,4.53
emp_002017,2026-04-02,4.4
emp_002017,2026-01-02,3.84
emp_002017,2025-10-04,4.42
emp_002017,2025-07-06,4.42
emp_002017,2025-04-07,4.46
emp_002017,2025-01-07,4.29
emp_002017,2024-10-09,3.85
emp_002017,2024-07-11,4.28
emp_002018,2026-04-02,3.71
emp_002018,2026-01-02,4.44
emp_002018,2025-10-04,3.84
emp_002018,2025-07-06,3.95
emp_002018,2025-04-07,3.44
emp_002018,2025-01-07,4.48
emp_002018,2024-10-09,4.27
emp_002018,2024-07-11,4.31
emp_002019,2026-04-02,2.75
emp_002019,2026-01-02,3.85
emp_002019,2025-10-04,3.92
emp_002019,2025-07-06,4.03
emp_002019,2025-04-07,3.27
emp_002019,2025-01-07,3.14
emp_002019,2024-10-09,3.32
emp_002019,2024-07-11,3.15
emp_002020,2026-04-02,4.2
emp_002020,2026-01-02,4.0
emp_002020,2025-10-04,4.13
emp_002020,2025-07-06,3.26
emp_002020,2025-04-07,3.75
emp_002020,2025-01-07,3.82
emp_002020,2024-10-09,3.47
emp_002020,2024-07-11,4.25
emp_002021,2026-04-02,4.06
emp_002021,2026-01-02,4.59
emp_002021,2025-10-04,4.18
emp_002021,2025-07-06,4.61
emp_002021,2025-04-07,4.42
emp_002021,2025-01-07,4.27
emp_002021,2024-10-09,4.43
emp_002021,2024-07-11,3.97
emp_002022,2026-04-02,3.54
emp_002022,2026-01-02,3.75
emp_002022,2025-10-04,3.99
emp_002023,2026-04-02,4.18
emp_002023,2026-01-02,4.79
emp_002023,2025-10-04,4.24
emp_002023,2025-07-06,3.78
emp_002023,2025-04-07,3.85
emp_002023,2025-01-07,4.54
emp_002023,2024-10-09,3.87
emp_002023,2024-07-11,4.95
emp_002024,2026-04-02,2.86
emp_002024,2026-01-02,3.11
emp_002024,2025-10-04,3.71
emp_002024,2025-07-06,2.76
emp_002024,2025-04-07,2.6
emp_002024,2025-01-07,3.0
emp_002024,2024-10-09,2.58
emp_002025,2026-04-02,3.81
emp_002025,2026-01-02,3.85
emp_002025,2025-10-04,3.83
emp_002026,2026-04-02,3.06
emp_002026,2026-01-02,3.21
emp_002027,2026-04-02,3.69
emp_002027,2026-01-02,4.2
emp_002027,2025-10-04,3.85
emp_002027,2025-07-06,3.58
emp_002027,2025-04-07,4.02
emp_002027,2025-01-07,4.47
emp_002027,2024-10-09,3.44
emp_002027,2024-07-11,4.02
emp_002028,2026-04-02,4.3
emp_002028,2026-01-02,4.04
emp_002028,2025-10-04,4.15
emp_002028,2025-07-06,3.71
emp_002028,2025-04-07,3.72
emp_002028,2025-01-07,3.74
emp_002028,2024-10-09,4.16
emp_002029,2026-04-02,3.11
emp_002029,2026-01-02,3.14
emp_002029,2025-10-04,2.56
emp_002029,2025-07-06,3.39
emp_002029,2025-04-07,3.24
emp_002029,2025-01-07,2.61
emp_002029,2024-10-09,3.1
emp_002029,2024-07-11,3.28
emp_002030,2026-04-02,3.71
emp_002030,2026-01-02,4.04
emp_002030,2025-10-04,4.08
emp_002030,2025-07-06,3.72
emp_002030,2025-04-07,4.24
emp_002030,2025-01-07,4.16
emp_002030,2024-10-09,3.71
emp_002031,2026-04-02,3.67
emp_002031,2026-01-02,3.8
emp_002031,2025-10-04,3.6
emp_002031,2025-07-06,4.04
emp_002031,2025-04-07,3.72
emp_002031,2025-01-07,4.53
emp_002031,2024-10-09,4.15
emp_002031,2024-07-11,3.74
emp_002032,2026-04-02,4.01
emp_002032,2026-01-02,4.15
emp_002032,2025-10-04,3.53
emp_002032,2025-07-06,3.72
emp_002032,2025-04-07,2.66
emp_002032,2025-01-07,3.04
emp_002032,2024-10-09,3.43
emp_002032,2024-07-11,3.99
emp_002033,2026-04-02,4.51
emp_002033,2026-01-02,4.02
emp_002033,2025-10-04,4.63
emp_002033,2025-07-06,4.21
emp_002033,2025-04-07,3.7
emp_002033,2025-01-07,4.19
emp_002033,2024-10-09,4.41
emp_002033,2024-07-11,3.88
emp_002034,2026-04-02,3.88
emp_002034,2026-01-02,4.38
emp_002034,2025-10-04,4.35
emp_002034,2025-07-06,3.9
emp_002034,2025-04-07,4.58
emp_002034,2025-01-07,4.35
emp_002034,2024-10-09,4.71
emp_002034,2024-07-11,4.01
emp_002035,2026-04-02,4.15
emp_002035,2026-01-02,3.85
emp_002035,2025-10-04,3.89
emp_002035,2025-07-06,3.78
emp_002035,2025-04-07,4.17
emp_002035,2025-01-07,3.59
emp_002035,2024-10-09,3.44
emp_002035,2024-07-11,3.66
emp_002036,2026-04-02,4.05
emp_002036,2026-01-02,3.27
emp_002036,2025-10-04,3.64
emp_002036,2025-07-06,3.71
emp_002037,2026-04-02,4.77
emp_002037,2026-01-02,5.0
emp_002037,2025-10-04,4.66
emp_002037,2025-07-06,4.4
emp_002037,2025-04-07,4.13
emp_002038,2026-04-02,4.07
emp_002038,2026-01-02,4.4
emp_002038,2025-10-04,4.06
emp_002038,2025-07-06,4.15
emp_002038,2025-04-07,4.03
emp_002038,2025-01-07,3.6
emp_002038,2024-10-09,4.47
emp_002038,2024-07-11,4.13
emp_002039,2026-04-02,2.95
emp_002039,2026-01-02,2.06
emp_002040,2026-04-02,3.93
emp_002040,2026-01-02,3.44
emp_002040,2025-10-04,3.35
emp_002040,2025-07-06,2.98
emp_002040,2025-04-07,4.06
emp_002040,2025-01-07,2.95
emp_002040,2024-10-09,4.17
emp_002040,2024-07-11,3.84
emp_002041,2026-04-02,3.87
emp_002041,2026-01-02,3.98
emp_002042,2026-04-02,4.21
emp_002042,2026-01-02,3.1
emp_002042,2025-10-04,3.42
emp_002042,2025-07-06,3.54
emp_002042,2025-04-07,3.14
emp_002042,2025-01-07,3.08
emp_002042,2024-10-09,3.46
emp_002043,2026-04-02,3.94
emp_002043,2026-01-02,4.25
emp_002043,2025-10-04,3.75
emp_002043,2025-07-06,3.26
emp_002043,2025-04-07,4.28
emp_002043,2025-01-07,3.83
emp_002043,2024-10-09,3.84
emp_002043,2024-07-11,3.48
emp_002044,2026-04-02,3.2
emp_002044,2026-01-02,4.38
emp_002044,2025-10-04,3.88
emp_002044,2025-07-06,4.29
emp_002044,2025-04-07,3.17
emp_002045,2026-04-02,3.93
emp_002045,2026-01-02,3.78
emp_002045,2025-10-04,3.81
emp_002045,2025-07-06,3.27
emp_002045,2025-04-07,3.65
emp_002045,2025-01-07,3.53
emp_002045,2024-10-09,4.27
emp_002045,2024-07-11,3.86
emp_002046,2026-04-02,4.04
emp_002046,2026-01-02,3.99
emp_002046,2025-10-04,3.8
emp_002046,2025-07-06,3.85
emp_002046,2025-04-07,4.01
emp_002046,2025-01-07,4.42
emp_002046,2024-10-09,4.22
emp_002046,2024-07-11,3.57
emp_002047,2026-04-02,4.32
emp_002047,2026-01-02,3.52
emp_002047,2025-10-04,4.1
emp_002047,2025-07-06,3.69
emp_002047,2025-04-07,3.94
emp_002047,2025-01-07,3.9
emp_002048,2026-04-02,4.17
emp_002048,2026-01-02,4.08
emp_002048,2025-10-04,4.39
emp_002048,2025-07-06,4.48
emp_002048,2025-04-07,3.35
emp_002049,2026-04-02,4.19
emp_002049,2026-01-02,4.54
emp_002049,2025-10-04,4.04
emp_002049,2025-07-06,4.3
emp_002049,2025-04-07,4.21
emp_002050,2026-04-02,2.61
emp_002050,2026-01-02,3.37
emp_002051,2026-04-02,4.77
emp_002051,2026-01-02,4.35
emp_002051,2025-10-04,3.97
emp_002051,2025-07-06,4.07
emp_002051,2025-04-07,4.14
emp_002051,2025-01-07,4.32
emp_002051,2024-10-09,4.75
emp_002052,2026-04-02,3.35
emp_002052,2026-01-02,3.76
emp_002052,2025-10-04,4.1
emp_002052,2025-07-06,3.98
emp_002052,2025-04-07,4.05
emp_002052,2025-01-07,3.74
emp_002052,2024-10-09,4.24
emp_002053,2026-04-02,3.15
emp_002053,2026-01-02,3.54
emp_002053,2025-10-04,3.04
emp_002053,2025-07-06,3.5
emp_002053,2025-04-07,3.58
emp_002053,2025-01-07,3.08
emp_002053,2024-10-09,3.53
emp_002054,2026-04-02,4.14
emp_002054,2026-01-02,3.54
emp_002054,2025-10-04,3.7
emp_002054,2025-07-06,4.07
emp_002054,2025-04-07,4.11
emp_002054,2025-01-07,3.97
emp_002054,2024-10-09,4.81
emp_002054,2024-07-11,4.91
emp_002055,2026-04-02,3.81
emp_002055,2026-01-02,3.24
emp_002055,2025-10-04,3.3
emp_002055,2025-07-06,3.87
emp_002056,2026-04-02,2.97
emp_002056,2026-01-02,3.6
emp_002056,2025-10-04,3.92
emp_002056,2025-07-06,3.55
emp_002056,2025-04-07,3.63
emp_002056,2025-01-07,3.5
emp_002056,2024-10-09,3.53
emp_002056,2024-07-11,3.39
emp_002057,2026-04-02,3.73
emp_002057,2026-01-02,3.34
emp_002057,2025-10-04,3.38
emp_002057,2025-07-06,3.81
emp_002057,2025-04-07,3.07
emp_002057,2025-01-07,4.02
emp_002057,2024-10-09,3.61
emp_002057,2024-07-11,3.45
emp_002058,2026-04-02,3.1
emp_002058,2026-01-02,3.27
emp_002058,2025-10-04,2.93
emp_002058,2025-07-06,4.35
emp_002058,2025-04-07,3.32
emp_002058,2025-01-07,2.98
emp_002058,2024-10-09,3.6
emp_002058,2024-07-11,4.06
emp_002059,2026-04-02,4.35
emp_002059,2026-01-02,4.89
emp_002059,2025-10-04,4.72
emp_002059,2025-07-06,4.72
emp_002059,2025-04-07,4.62
emp_002059,2025-01-07,4.44
emp_002059,2024-10-09,3.95
emp_002059,2024-07-11,4.56
emp_002060,2026-04-02,3.96
emp_002060,2026-01-02,3.1
emp_002060,2025-10-04,3.55
emp_002060,2025-07-06,3.75
emp_002060,2025-04-07,3.95
emp_002060,2025-01-07,3.91
emp_002060,2024-10-09,3.14
emp_002060,2024-07-11,3.84
emp_002061,2026-04-02,4.4
emp_002061,2026-01-02,3.1
emp_002061,2025-10-04,3.69
emp_002061,2025-07-06,3.69
emp_002061,2025-04-07,3.6
emp_002061,2025-01-07,4.86
emp_002061,2024-10-09,3.39
emp_002061,2024-07-11,4.28
emp_002062,2026-04-02,3.82
emp_002062,2026-01-02,3.64
emp_002062,2025-10-04,3.94
emp_002062,2025-07-06,3.68
emp_002062,2025-04-07,3.16
emp_002062,2025-01-07,3.5
emp_002062,2024-10-09,4.04
emp_002062,2024-07-11,3.57
emp_002063,2026-04-02,3.41
emp_002063,2026-01-02,3.9
emp_002063,2025-10-04,4.49
emp_002064,2026-04-02,4.59
emp_002064,2026-01-02,3.72
emp_002064,2025-10-04,3.78
emp_002064,2025-07-06,3.73
emp_002065,2026-04-02,3.62
emp_002065,2026-01-02,3.95
emp_002065,2025-10-04,4.07
emp_002065,2025-07-06,4.02
emp_002065,2025-04-07,3.47
emp_002065,2025-01-07,3.92
emp_002065,2024-10-09,3.99
emp_002065,2024-07-11,3.58
emp_002066,2026-04-02,4.43
emp_002066,2026-01-02,3.81
emp_002066,2025-10-04,3.84
emp_002066,2025-07-06,4.07
emp_002066,2025-04-07,4.3
emp_002066,2025-01-07,4.52
emp_002066,2024-10-09,4.68
emp_002066,2024-07-11,4.55
emp_002067,2026-04-02,4.1
emp_002067,2026-01-02,4.18
emp_002067,2025-10-04,3.6
emp_002067,2025-07-06,3.77
emp_002067,2025-04-07,3.52
emp_002067,2025-01-07,4.84
emp_002067,2024-10-09,3.87
emp_002067,2024-07-11,4.08
emp_002068,2026-04-02,4.25
emp_002068,2026-01-02,4.31
emp_002068,2025-10-04,4.69
emp_002068,2025-07-06,5.0
emp_002068,2025-04-07,4.36
emp_002068,2025-01-07,4.42
emp_002068,2024-10-09,4.14
emp_002068,2024-07-11,4.03
emp_002069,2026-04-02,4.45
emp_002069,2026-01-02,4.13
emp_002069,2025-10-04,3.8
emp_002069,2025-07-06,3.85
emp_002069,2025-04-07,4.55
emp_002069,2025-01-07,3.55
emp_002069,2024-10-09,4.21
emp_002069,2024-07-11,3.87
emp_002070,2026-04-02,4.22
emp_002070,2026-01-02,4.15
emp_002070,2025-10-04,4.38
emp_002070,2025-07-06,4.36
emp_002070,2025-04-07,4.25
emp_002070,2025-01-07,3.96
emp_002070,2024-10-09,4.61
emp_002070,2024-07-11,4.42
emp_002071,2026-04-02,4.46
emp_002071,2026-01-02,3.74
emp_002071,2025-10-04,3.66
emp_002071,2025-07-06,3.49
emp_002071,2025-04-07,3.79
emp_002071,2025-01-07,3.53
emp_002071,2024-10-09,4.13
emp_002071,2024-07-11,3.41
emp_002072,2026-04-02,3.33
emp_002072,2026-01-02,3.98
emp_002072,2025-10-04,4.36
emp_002072,2025-07-06,3.62
emp_002073,2026-04-02,4.58
emp_002073,2026-01-02,4.45
emp_002073,2025-10-04,3.67
emp_002073,2025-07-06,3.45
emp_002073,2025-04-07,4.31
emp_002073,2025-01-07,3.81
emp_002073,2024-10-09,4.26
emp_002073,2024-07-11,4.2
emp_002074,2026-04-02,4.19
emp_002074,2026-01-02,4.3
emp_002074,2025-10-04,4.82
emp_002074,2025-07-06,4.22
emp_002074,2025-04-07,4.29
emp_002074,2025-01-07,4.71
emp_002074,2024-10-09,4.54
emp_002074,2024-07-11,4.08
emp_002075,2026-04-02,3.63
emp_002075,2026-01-02,3.91
emp_002075,2025-10-04,3.92
emp_002075,2025-07-06,4.05
emp_002075,2025-04-07,3.66
emp_002075,2025-01-07,4.31
emp_002075,2024-10-09,4.16
emp_002075,2024-07-11,3.35
emp_002076,2026-04-02,3.44
emp_002076,2026-01-02,3.58
emp_002076,2025-10-04,3.71
emp_002076,2025-07-06,4.18
emp_002076,2025-04-07,3.76
emp_002076,2025-01-07,3.4
emp_002076,2024-10-09,4.22
emp_002076,2024-07-11,3.81
emp_002077,2026-04-02,4.09
emp_002077,2026-01-02,4.24
emp_002077,2025-10-04,3.47
emp_002077,2025-07-06,4.07
emp_002077,2025-04-07,4.06
emp_002077,2025-01-07,3.97
emp_002077,2024-10-09,4.21
emp_002077,2024-07-11,4.12
emp_002078,2026-04-02,3.64
emp_002078,2026-01-02,3.48
emp_002078,2025-10-04,3.59
emp_002078,2025-07-06,3.37
emp_002078,2025-04-07,3.85
emp_002078,2025-01-07,3.62
emp_002078,2024-10-09,3.35
emp_002079,2026-04-02,3.42
emp_002079,2026-01-02,3.51
emp_002079,2025-10-04,3.05
emp_002079,2025-07-06,3.9
emp_002079,2025-04-07,3.6
emp_002079,2025-01-07,3.73
emp_002079,2024-10-09,4.38
emp_002079,2024-07-11,3.92
emp_002080,2026-04-02,3.32
emp_002080,2026-01-02,4.19
emp_002080,2025-10-04,4.16
emp_002080,2025-07-06,3.86
emp_002080,2025-04-07,3.91
emp_002080,2025-01-07,3.77
emp_002080,2024-10-09,4.29
emp_002080,2024-07-11,4.05
emp_002081,2026-04-02,2.89
emp_002081,2026-01-02,3.35
emp_002081,2025-10-04,3.07
emp_002081,2025-07-06,3.84
emp_002082,2026-04-02,3.7
emp_002082,2026-01-02,3.17
emp_002082,2025-10-04,3.02
emp_002082,2025-07-06,2.9
emp_002082,2025-04-07,3.74
emp_002082,2025-01-07,2.3
emp_002083,2026-04-02,4.06
emp_002083,2026-01-02,4.09
emp_002083,2025-10-04,3.61
emp_002083,2025-07-06,3.78
emp_002083,2025-04-07,3.83
emp_002083,2025-01-07,3.58
emp_002083,2024-10-09,3.01
emp_002083,2024-07-11,4.13
emp_002084,2026-04-02,4.01
emp_002084,2026-01-02,4.0
emp_002084,2025-10-04,3.93
emp_002084,2025-07-06,3.84
emp_002084,2025-04-07,3.94
emp_002084,2025-01-07,3.81
emp_002084,2024-10-09,4.11
emp_002084,2024-07-11,4.03
emp_002085,2026-04-02,4.19
emp_002085,2026-01-02,4.14
emp_002085,2025-10-04,3.59
emp_002085,2025-07-06,3.25
emp_002085,2025-04-07,3.38
emp_002085,2025-01-07,4.02
emp_002085,2024-10-09,2.89
emp_002085,2024-07-11,3.44
emp_002086,2026-04-02,3.69
emp_002086,2026-01-02,4.04
emp_002086,2025-10-04,3.83
emp_002086,2025-07-06,3.41
emp_002087,2026-04-02,3.81
emp_002088,2026-04-02,3.99
emp_002088,2026-01-02,3.48
emp_002088,2025-10-04,3.29
emp_002088,2025-07-06,3.9
emp_002088,2025-04-07,3.2
emp_002088,2025-01-07,3.71
emp_002088,2024-10-09,4.04
emp_002088,2024-07-11,3.15
emp_002089,2026-04-02,4.05
emp_002089,2026-01-02,3.72
emp_002089,2025-10-04,3.54
emp_002090,2026-04-02,3.63
emp_002090,2026-01-02,3.24
emp_002090,2025-10-04,3.45
emp_002090,2025-07-06,3.48
emp_002090,2025-04-07,3.47
emp_002090,2025-01-07,2.88
emp_002090,2024-10-09,3.22
emp_002090,2024-07-11,3.28
emp_002091,2026-04-02,4.13
emp_002091,2026-01-02,4.31
emp_002091,2025-10-04,3.83
emp_002091,2025-07-06,3.26
emp_002091,2025-04-07,3.65
emp_002092,2026-04-02,4.79
emp_002092,2026-01-02,4.55
emp_002092,2025-10-04,4.07
emp_002092,2025-07-06,4.12
emp_002092,2025-04-07,3.73
emp_002092,2025-01-07,4.16
emp_002092,2024-10-09,4.43
emp_002092,2024-07-11,4.52
emp_002093,2026-04-02,3.89
emp_002093,2026-01-02,4.16
emp_002093,2025-10-04,3.96
emp_002093,2025-07-06,3.52
emp_002093,2025-04-07,4.33
emp_002093,2025-01-07,3.57
emp_002093,2024-10-09,4.2
emp_002093,2024-07-11,3.59
emp_002094,2026-04-02,3.16
emp_002094,2026-01-02,3.5
emp_002094,2025-10-04,3.73
emp_002094,2025-07-06,3.35
emp_002094,2025-04-07,3.65
emp_002094,2025-01-07,3.37
emp_002095,2026-04-02,3.76
emp_002095,2026-01-02,4.26
emp_002095,2025-10-04,3.97
emp_002095,2025-07-06,4.57
emp_002095,2025-04-07,4.07
emp_002095,2025-01-07,3.94
emp_002095,2024-10-09,3.67
emp_002096,2026-04-02,3.04
emp_002096,2026-01-02,3.79
emp_002096,2025-10-04,3.46
emp_002096,2025-07-06,3.4
emp_002096,2025-04-07,2.59
emp_002096,2025-01-07,4.26
emp_002096,2024-10-09,3.67
emp_002096,2024-07-11,4.09
emp_002097,2026-04-02,4.37
emp_002098,2026-04-02,3.57
emp_002098,2026-01-02,3.57
emp_002098,2025-10-04,4.11
emp_002098,2025-07-06,4.44
emp_002098,2025-04-07,4.39
emp_002098,2025-01-07,4.36
emp_002098,2024-10-09,4.36
emp_002098,2024-07-11,4.61
emp_002099,2026-04-02,3.7
emp_002099,2026-01-02,3.31
emp_002099,2025-10-04,3.97
emp_002099,2025-07-06,3.2
emp_002099,2025-04-07,4.26
emp_002099,2025-01-07,3.44
emp_002099,2024-10-09,4.08
emp_002099,2024-07-11,3.35
emp_002100,2026-04-02,4.19
emp_002100,2026-01-02,3.64
emp_002100,2025-10-04,4.01
emp_002100,2025-07-06,3.81
emp_002100,2025-04-07,4.3
emp_002100,2025-01-07,4.25
emp_002100,2024-10-09,3.85
emp_002100,2024-07-11,4.2
emp_002101,2026-04-02,4.31
emp_002102,2026-04-02,4.75
emp_002102,2026-01-02,4.45
emp_002102,2025-10-04,4.29
emp_002102,2025-07-06,4.76
emp_002102,2025-04-07,3.85
emp_002102,2025-01-07,4.66
emp_002102,2024-10-09,4.33
emp_002102,2024-07-11,4.64
emp_002103,2026-04-02,4.19
emp_002103,2026-01-02,3.17
emp_002103,2025-10-04,3.51
emp_002103,2025-07-06,3.48
emp_002104,2026-04-02,4.74
emp_002104,2026-01-02,4.65
emp_002104,2025-10-04,4.11
emp_002104,2025-07-06,4.8
emp_002105,2026-04-02,4.15
emp_002105,2026-01-02,4.43
emp_002105,2025-10-04,4.17
emp_002105,2025-07-06,4.74
emp_002105,2025-04-07,3.84
emp_002105,2025-01-07,3.99
emp_002105,2024-10-09,3.84
emp_002105,2024-07-11,4.04
emp_002106,2026-04-02,3.7
emp_002106,2026-01-02,3.67
emp_002106,2025-10-04,3.58
emp_002106,2025-07-06,3.46
emp_002106,2025-04-07,4.18
emp_002106,2025-01-07,4.2
emp_002106,2024-10-09,3.3
emp_002106,2024-07-11,4.51
emp_002107,2026-04-02,3.29
emp_002107,2026-01-02,3.12
emp_002107,2025-10-04,3.32
emp_002107,2025-07-06,2.61
emp_002107,2025-04-07,2.54
emp_002107,2025-01-07,2.07
emp_002107,2024-10-09,3.38
emp_002107,2024-07-11,2.97
emp_002108,2026-04-02,2.89
emp_002108,2026-01-02,3.6
emp_002108,2025-10-04,3.69
emp_002108,2025-07-06,3.49
emp_002108,2025-04-07,4.51
emp_002108,2025-01-07,3.54
emp_002108,2024-10-09,3.61
emp_002108,2024-07-11,3.55
emp_002109,2026-04-02,4.17
emp_002109,2026-01-02,4.04
emp_002109,2025-10-04,3.69
emp_002110,2026-04-02,3.99
emp_002110,2026-01-02,3.85
emp_002110,2025-10-04,4.36
emp_002110,2025-07-06,4.8
emp_002110,2025-04-07,4.8
emp_002110,2025-01-07,4.58
emp_002110,2024-10-09,4.07
emp_002110,2024-07-11,4.07
emp_002111,2026-04-02,3.75
emp_002111,2026-01-02,3.78
emp_002111,2025-10-04,3.73
emp_002111,2025-07-06,4.14
emp_002111,2025-04-07,4.04
emp_002111,2025-01-07,3.71
emp_002111,2024-10-09,3.95
emp_002111,2024-07-11,3.93
emp_002112,2026-04-02,3.98
emp_002112,2026-01-02,4.55
emp_002112,2025-10-04,4.0
emp_002112,2025-07-06,3.9
emp_002112,2025-04-07,4.12
emp_002112,2025-01-07,3.88
emp_002112,2024-10-09,4.18
emp_002112,2024-07-11,3.64
emp_002113,2026-04-02,3.8
emp_002113,2026-01-02,4.03
emp_002113,2025-10-04,4.35
emp_002113,2025-07-06,4.2
emp_002113,2025-04-07,4.41
emp_002113,2025-01-07,3.52
emp_002113,2024-10-09,3.97
emp_002113,2024-07-11,3.89
emp_002114,2026-04-02,3.41
emp_002114,2026-01-02,3.95
emp_002114,2025-10-04,3.32
emp_002114,2025-07-06,3.56
emp_002114,2025-04-07,3.69
emp_002115,2026-04-02,3.59
emp_002115,2026-01-02,4.0
emp_002115,2025-10-04,4.4
emp_002115,2025-07-06,4.36
emp_002115,2025-04-07,3.96
emp_002115,2025-01-07,4.23
emp_002116,2026-04-02,4.15
emp_002117,2026-04-02,3.69
emp_002117,2026-01-02,3.93
emp_002117,2025-10-04,4.07
emp_002117,2025-07-06,3.65
emp_002117,2025-04-07,3.74
emp_002117,2025-01-07,3.52
emp_002117,2024-10-09,4.28
emp_002117,2024-07-11,3.26
emp_002118,2026-04-02,4.0
emp_002118,2026-01-02,4.03
emp_002118,2025-10-04,4.33
emp_002118,2025-07-06,4.62
emp_002118,2025-04-07,4.27
emp_002118,2025-01-07,3.42
emp_002118,2024-10-09,4.85
emp_002118,2024-07-11,3.71
emp_002119,2026-04-02,2.97
emp_002120,2026-04-02,4.23
emp_002120,2026-01-02,4.06
emp_002120,2025-10-04,4.37
emp_002120,2025-07-06,4.55
emp_002121,2026-04-02,4.46
emp_002121,2026-01-02,4.09
emp_002121,2025-10-04,4.44
emp_002121,2025-07-06,4.15
emp_002121,2025-04-07,3.74
emp_002121,2025-01-07,4.11
emp_002121,2024-10-09,4.9
emp_002121,2024-07-11,3.98
emp_002122,2026-04-02,4.54
emp_002122,2026-01-02,3.83
emp_002122,2025-10-04,4.69
emp_002122,2025-07-06,3.65
emp_002122,2025-04-07,4.57
emp_002122,2025-01-07,4.13
emp_002122,2024-10-09,4.36
emp_002123,2026-04-02,3.85
emp_002123,2026-01-02,4.21
emp_002124,2026-04-02,3.6
emp_002124,2026-01-02,3.64
emp_002124,2025-10-04,3.33
emp_002124,2025-07-06,3.58
emp_002124,2025-04-07,3.55
emp_002124,2025-01-07,4.21
emp_002124,2024-10-09,3.82
emp_002124,2024-07-11,3.71
emp_002125,2026-04-02,4.25
emp_002125,2026-01-02,3.15
emp_002125,2025-10-04,3.53
emp_002125,2025-07-06,3.81
emp_002125,2025-04-07,4.12
emp_002125,2025-01-07,4.05
emp_002125,2024-10-09,3.95
emp_002125,2024-07-11,3.83
emp_002126,2026-04-02,3.56
emp_002126,2026-01-02,3.64
emp_002126,2025-10-04,3.19
emp_002126,2025-07-06,3.48
emp_002126,2025-04-07,3.6
emp_002126,2025-01-07,3.63
emp_002126,2024-10-09,3.29
emp_002126,2024-07-11,3.06
emp_002127,2026-04-02,4.0
emp_002127,2026-01-02,4.01
emp_002127,2025-10-04,3.59
emp_002127,2025-07-06,3.59
emp_002127,2025-04-07,2.95
emp_002127,2025-01-07,3.96
emp_002127,2024-10-09,4.1
emp_002127,2024-07-11,4.34
emp_002128,2026-04-02,3.78
emp_002128,2026-01-02,3.93
emp_002128,2025-10-04,3.71
emp_002128,2025-07-06,3.74
emp_002128,2025-04-07,3.52
emp_002128,2025-01-07,4.01
emp_002128,2024-10-09,4.18
emp_002128,2024-07-11,3.29
emp_002129,2026-04-02,4.8
emp_002129,2026-01-02,4.74
emp_002129,2025-10-04,4.71
emp_002129,2025-07-06,5.0
emp_002129,2025-04-07,3.79
emp_002129,2025-01-07,4.49
emp_002129,2024-10-09,4.85
emp_002129,2024-07-11,4.2
emp_002130,2026-04-02,3.75
emp_002130,2026-01-02,3.22
emp_002130,2025-10-04,2.76
emp_002130,2025-07-06,4.15
emp_002130,2025-04-07,3.36
emp_002130,2025-01-07,3.53
emp_002130,2024-10-09,2.78
emp_002130,2024-07-11,3.84
emp_002131,2026-04-02,4.06
emp_002131,2026-01-02,3.46
emp_002131,2025-10-04,4.52
emp_002131,2025-07-06,4.37
emp_002131,2025-04-07,3.61
emp_002131,2025-01-07,3.47
emp_002131,2024-10-09,4.22
emp_002132,2026-04-02,3.1
emp_002132,2026-01-02,2.66
emp_002132,2025-10-04,3.24
emp_002132,2025-07-06,3.33
emp_002132,2025-04-07,4.23
emp_002132,2025-01-07,4.02
emp_002133,2026-04-02,3.91
emp_002134,2026-04-02,3.2
emp_002134,2026-01-02,3.18
emp_002134,2025-10-04,3.97
emp_002134,2025-07-06,3.1
emp_002134,2025-04-07,3.68
emp_002134,2025-01-07,3.63
emp_002135,2026-04-02,4.53
emp_002135,2026-01-02,4.4
emp_002135,2025-10-04,4.43
emp_002136,2026-04-02,4.02
emp_002136,2026-01-02,4.25
emp_002136,2025-10-04,5.0
emp_002136,2025-07-06,4.12
emp_002136,2025-04-07,3.65
emp_002136,2025-01-07,4.77
emp_002136,2024-10-09,3.68
emp_002136,2024-07-11,4.53
emp_002137,2026-04-02,3.87
emp_002137,2026-01-02,4.49
emp_002137,2025-10-04,4.03
emp_002137,2025-07-06,3.51
emp_002137,2025-04-07,4.42
emp_002137,2025-01-07,4.2
emp_002137,2024-10-09,4.41
emp_002138,2026-04-02,3.81
emp_002138,2026-01-02,4.02
emp_002138,2025-10-04,4.18
emp_002138,2025-07-06,4.21
emp_002138,2025-04-07,3.46
emp_002138,2025-01-07,3.09
emp_002138,2024-10-09,3.71
emp_002138,2024-07-11,3.31
emp_002139,2026-04-02,4.35
emp_002139,2026-01-02,3.72
emp_002139,2025-10-04,4.16
emp_002139,2025-07-06,4.54
emp_002139,2025-04-07,4.63
emp_002139,2025-01-07,4.1
emp_002139,2024-10-09,4.17
emp_002139,2024-07-11,4.14
emp_002140,2026-04-02,3.46
emp_002140,2026-01-02,3.86
emp_002140,2025-10-04,3.92
emp_002140,2025-07-06,3.41
emp_002140,2025-04-07,3.15
emp_002140,2025-01-07,3.18
emp_002140,2024-10-09,2.93
emp_002140,2024-07-11,3.53
emp_002141,2026-04-02,3.59
emp_002141,2026-01-02,3.5
emp_002141,2025-10-04,3.93
emp_002141,2025-07-06,4.05
emp_002141,2025-04-07,3.3
emp_002141,2025-01-07,4.0
emp_002142,2026-04-02,3.41
emp_002142,2026-01-02,3.83
emp_002142,2025-10-04,4.33
emp_002142,2025-07-06,3.58
emp_002142,2025-04-07,4.18
emp_002142,2025-01-07,3.47
emp_002144,2026-04-02,3.51
emp_002144,2026-01-02,4.54
emp_002144,2025-10-04,3.8
emp_002144,2025-07-06,3.77
emp_002144,2025-04-07,4.23
emp_002144,2025-01-07,4.39
emp_002144,2024-10-09,3.8
emp_002145,2026-04-02,4.3
emp_002145,2026-01-02,3.12
emp_002145,2025-10-04,2.54
emp_002145,2025-07-06,3.71
emp_002145,2025-04-07,3.47
emp_002145,2025-01-07,3.29
emp_002145,2024-10-09,3.17
emp_002145,2024-07-11,3.56
emp_002146,2026-04-02,3.7
emp_002146,2026-01-02,3.83
emp_002146,2025-10-04,4.79
emp_002146,2025-07-06,3.72
emp_002146,2025-04-07,3.23
emp_002146,2025-01-07,4.01
emp_002146,2024-10-09,3.75
emp_002146,2024-07-11,4.73
emp_002147,2026-04-02,2.77
emp_002147,2026-01-02,2.95
emp_002148,2026-04-02,3.68
emp_002148,2026-01-02,3.61
emp_002148,2025-10-04,3.83
emp_002148,2025-07-06,3.69
emp_002148,2025-04-07,3.83
emp_002149,2026-04-02,4.79
emp_002149,2026-01-02,4.83
emp_002149,2025-10-04,4.41
emp_002149,2025-07-06,4.23
emp_002149,2025-04-07,3.45
emp_002149,2025-01-07,4.83
emp_002149,2024-10-09,4.12
emp_002149,2024-07-11,4.74
emp_002150,2026-04-02,3.45
emp_002150,2026-01-02,3.45
emp_002150,2025-10-04,3.05
emp_002150,2025-07-06,3.44
emp_002150,2025-04-07,3.57
emp_002150,2025-01-07,3.55
emp_002150,2024-10-09,3.7
emp_002151,2026-04-02,3.72
emp_002151,2026-01-02,3.55
emp_002151,2025-10-04,4.13
emp_002151,2025-07-06,3.71
emp_002151,2025-04-07,4.06
emp_002151,2025-01-07,3.45
emp_002151,2024-10-09,3.78
emp_002151,2024-07-11,3.86
emp_002152,2026-04-02,4.11
emp_002152,2026-01-02,4.3
emp_002152,2025-10-04,3.74
emp_002152,2025-07-06,4.15
emp_002153,2026-04-02,4.37
emp_002153,2026-01-02,4.41
emp_002153,2025-10-04,4.79
emp_002153,2025-07-06,4.28
emp_002153,2025-04-07,4.64
emp_002153,2025-01-07,3.93
emp_002153,2024-10-09,4.17
emp_002153,2024-07-11,4.22
emp_002154,2026-04-02,3.8
emp_002154,2026-01-02,4.1
emp_002154,2025-10-04,3.83
emp_002154,2025-07-06,4.02
emp_002154,2025-04-07,3.97
emp_002154,2025-01-07,4.1
emp_002155,2026-04-02,4.24
emp_002155,2026-01-02,3.74
emp_002155,2025-10-04,4.39
emp_002155,2025-07-06,4.66
emp_002155,2025-04-07,4.32
emp_002155,2025-01-07,3.73
emp_002156,2026-04-02,3.82
emp_002156,2026-01-02,3.04
emp_002156,2025-10-04,3.43
emp_002156,2025-07-06,3.23
emp_002156,2025-04-07,3.74
emp_002156,2025-01-07,4.02
emp_002156,2024-10-09,3.46
emp_002156,2024-07-11,3.5
emp_002157,2026-04-02,4.17
emp_002157,2026-01-02,4.05
emp_002157,2025-10-04,4.31
emp_002157,2025-07-06,4.62
emp_002157,2025-04-07,3.63
emp_002157,2025-01-07,4.32
emp_002157,2024-10-09,3.82
emp_002157,2024-07-11,4.49
emp_002158,2026-04-02,3.94
emp_002158,2026-01-02,3.71
emp_002158,2025-10-04,3.62
emp_002158,2025-07-06,3.52
emp_002158,2025-04-07,4.38
emp_002158,2025-01-07,4.07
emp_002158,2024-10-09,3.75
emp_002158,2024-07-11,3.35
emp_002159,2026-04-02,3.89
emp_002159,2026-01-02,3.8
emp_002159,2025-10-04,3.28
emp_002159,2025-07-06,3.7
emp_002159,2025-04-07,3.88
emp_002159,2025-01-07,4.04
emp_002159,2024-10-09,3.72
emp_002160,2026-04-02,4.37
emp_002160,2026-01-02,3.98
emp_002160,2025-10-04,3.74
emp_002161,2026-04-02,3.3
emp_002161,2026-01-02,2.82
emp_002161,2025-10-04,3.56
emp_002161,2025-07-06,3.37
emp_002161,2025-04-07,2.88
emp_002161,2025-01-07,3.29
emp_002161,2024-10-09,3.36
emp_002162,2026-04-02,4.02
emp_002162,2026-01-02,4.01
emp_002162,2025-10-04,3.78
emp_002162,2025-07-06,3.95
emp_002162,2025-04-07,4.04
emp_002162,2025-01-07,3.97
emp_002162,2024-10-09,4.23
emp_002162,2024-07-11,4.65
emp_002163,2026-04-02,3.5
emp_002164,2026-04-02,4.73
emp_002164,2026-01-02,4.69
emp_002164,2025-10-04,4.28
emp_002164,2025-07-06,4.19
emp_002164,2025-04-07,4.72
emp_002164,2025-01-07,3.97
emp_002164,2024-10-09,4.72
emp_002164,2024-07-11,4.56
emp_002165,2026-04-02,3.93
emp_002165,2026-01-02,3.65
emp_002165,2025-10-04,3.72
emp_002165,2025-07-06,3.59
emp_002165,2025-04-07,3.25
emp_002165,2025-01-07,3.87
emp_002165,2024-10-09,3.5
emp_002165,2024-07-11,3.4
emp_002166,2026-04-02,3.93
emp_002166,2026-01-02,3.69
emp_002166,2025-10-04,3.49
emp_002166,2025-07-06,4.75
emp_002166,2025-04-07,4.33
emp_002166,2025-01-07,3.92
emp_002166,2024-10-09,4.47
emp_002166,2024-07-11,3.46
emp_002167,2026-04-02,3.31
emp_002167,2026-01-02,4.08
emp_002167,2025-10-04,4.46
emp_002167,2025-07-06,3.76
emp_002167,2025-04-07,3.75
emp_002167,2025-01-07,3.53
emp_002167,2024-10-09,3.59
emp_002167,2024-07-11,3.56
emp_002168,2026-04-02,3.71
emp_002168,2026-01-02,3.75
emp_002168,2025-10-04,2.91
emp_002168,2025-07-06,3.16
emp_002168,2025-04-07,3.69
emp_002168,2025-01-07,3.58
emp_002168,2024-10-09,3.93
emp_002168,2024-07-11,3.4
emp_002169,2026-04-02,3.94
emp_002169,2026-01-02,3.58
emp_002169,2025-10-04,4.1
emp_002169,2025-07-06,4.11
emp_002169,2025-04-07,4.15
emp_002169,2025-01-07,3.95
emp_002169,2024-10-09,3.44
emp_002169,2024-07-11,4.56
emp_002170,2026-04-02,3.9
emp_002170,2026-01-02,4.47
emp_002170,2025-10-04,4.53
emp_002170,2025-07-06,4.35
emp_002170,2025-04-07,4.12
emp_002171,2026-04-02,2.94
emp_002171,2026-01-02,3.03
emp_002171,2025-10-04,3.72
emp_002171,2025-07-06,2.95
emp_002171,2025-04-07,3.31
emp_002171,2025-01-07,3.23
emp_002171,2024-10-09,2.87
emp_002171,2024-07-11,3.67
emp_002172,2026-04-02,3.37
emp_002172,2026-01-02,3.74
emp_002172,2025-10-04,3.99
emp_002172,2025-07-06,4.34
emp_002172,2025-04-07,3.48
emp_002172,2025-01-07,3.9
emp_002172,2024-10-09,3.62
emp_002172,2024-07-11,4.23
emp_002173,2026-04-02,4.15
emp_002173,2026-01-02,4.52
emp_002173,2025-10-04,4.09
emp_002173,2025-07-06,4.1
emp_002173,2025-04-07,4.01
emp_002173,2025-01-07,3.6
emp_002174,2026-04-02,4.35
emp_002174,2026-01-02,4.24
emp_002174,2025-10-04,4.0
emp_002174,2025-07-06,3.57
emp_002174,2025-04-07,3.5
emp_002174,2025-01-07,4.16
emp_002174,2024-10-09,3.95
emp_002174,2024-07-11,3.67
emp_002175,2026-04-02,3.69
emp_002175,2026-01-02,3.53
emp_002175,2025-10-04,3.46
emp_002175,2025-07-06,3.43
emp_002175,2025-04-07,3.47
emp_002175,2025-01-07,3.44
emp_002175,2024-10-09,3.54
emp_002175,2024-07-11,3.06
emp_002176,2026-04-02,4.45
emp_002176,2026-01-02,3.31
emp_002176,2025-10-04,3.94
emp_002176,2025-07-06,3.83
emp_002176,2025-04-07,4.24
emp_002176,2025-01-07,3.9
emp_002176,2024-10-09,3.71
emp_002176,2024-07-11,4.0
emp_002177,2026-04-02,3.02
emp_002177,2026-01-02,3.14
emp_002177,2025-10-04,3.36
emp_002177,2025-07-06,3.74
emp_002177,2025-04-07,3.66
emp_002177,2025-01-07,3.74
emp_002177,2024-10-09,3.12
emp_002177,2024-07-11,3.52
emp_002178,2026-04-02,4.57
emp_002178,2026-01-02,3.84
emp_002178,2025-10-04,4.16
emp_002178,2025-07-06,3.74
emp_002179,2026-04-02,3.63
emp_002179,2026-01-02,3.62
emp_002179,2025-10-04,3.98
emp_002179,2025-07-06,4.27
emp_002179,2025-04-07,4.28
emp_002179,2025-01-07,3.97
emp_002179,2024-10-09,4.26
emp_002179,2024-07-11,4.23
emp_002180,2026-04-02,3.93
emp_002180,2026-01-02,4.3
emp_002180,2025-10-04,4.09
emp_002180,2025-07-06,4.18
emp_002180,2025-04-07,3.64
emp_002180,2025-01-07,4.11
emp_002180,2024-10-09,4.29
emp_002180,2024-07-11,3.53
emp_002181,2026-04-02,3.32
emp_002181,2026-01-02,3.12
emp_002181,2025-10-04,3.25
emp_002181,2025-07-06,3.46
emp_002181,2025-04-07,3.21
emp_002181,2025-01-07,3.51
emp_002181,2024-10-09,2.93
emp_002181,2024-07-11,3.45
emp_002182,2026-04-02,4.19
emp_002182,2026-01-02,4.05
emp_002182,2025-10-04,3.8
emp_002182,2025-07-06,4.01
emp_002182,2025-04-07,3.05
emp_002182,2025-01-07,3.33
emp_002182,2024-10-09,3.75
emp_002182,2024-07-11,3.51
emp_002183,2026-04-02,4.07
emp_002183,2026-01-02,4.06
emp_002183,2025-10-04,3.53
emp_002184,2026-04-02,3.94
emp_002184,2026-01-02,3.73
emp_002184,2025-10-04,4.18
emp_002184,2025-07-06,3.84
emp_002184,2025-04-07,3.86
emp_002184,2025-01-07,3.92
emp_002185,2026-04-02,3.6
emp_002185,2026-01-02,3.69
emp_002185,2025-10-04,3.25
emp_002185,2025-07-06,3.35
emp_002186,2026-04-02,3.68
emp_002186,2026-01-02,3.93
emp_002186,2025-10-04,3.81
emp_002186,2025-07-06,3.3
emp_002186,2025-04-07,3.63
emp_002186,2025-01-07,3.51
emp_002186,2024-10-09,3.24
emp_002186,2024-07-11,3.43
emp_002187,2026-04-02,3.79
emp_002187,2026-01-02,3.1
emp_002187,2025-10-04,3.26
emp_002187,2025-07-06,3.36
emp_002187,2025-04-07,3.57
emp_002187,2025-01-07,4.02
emp_002187,2024-10-09,4.16
emp_002187,2024-07-11,3.06
emp_002188,2026-04-02,3.91
emp_002188,2026-01-02,4.16
emp_002188,2025-10-04,4.14
emp_002188,2025-07-06,3.93
emp_002188,2025-04-07,3.39
emp_002188,2025-01-07,3.61
emp_002188,2024-10-09,4.11
emp_002188,2024-07-11,3.69
emp_002189,2026-04-02,4.32
emp_002189,2026-01-02,4.25
emp_002189,2025-10-04,4.2
emp_002189,2025-07-06,3.96
emp_002189,2025-04-07,4.11
emp_002189,2025-01-07,3.76
emp_002189,2024-10-09,3.87
emp_002189,2024-07-11,3.78
emp_002190,2026-04-02,4.65
emp_002190,2026-01-02,3.53
emp_002190,2025-10-04,3.76
emp_002190,2025-07-06,3.76
emp_002190,2025-04-07,3.78
emp_002190,2025-01-07,4.07
emp_002190,2024-10-09,3.7
emp_002190,2024-07-11,3.42
emp_002191,2026-04-02,3.62
emp_002191,2026-01-02,3.76
emp_002191,2025-10-04,3.36
emp_002191,2025-07-06,4.0
emp_002191,2025-04-07,3.9
emp_002191,2025-01-07,3.13
emp_002191,2024-10-09,3.6
emp_002191,2024-07-11,3.25
emp_002192,2026-04-02,3.15
emp_002192,2026-01-02,3.61
emp_002192,2025-10-04,3.07
emp_002192,2025-07-06,3.74
emp_002192,2025-04-07,3.95
emp_002193,2026-04-02,4.5
emp_002193,2026-01-02,4.44
emp_002193,2025-10-04,4.78
emp_002193,2025-07-06,4.07
emp_002193,2025-04-07,5.0
emp_002193,2025-01-07,4.63
emp_002193,2024-10-09,4.47
emp_002193,2024-07-11,3.9
emp_002194,2026-04-02,3.5
emp_002194,2026-01-02,3.39
emp_002194,2025-10-04,3.8
emp_002195,2026-04-02,3.43
emp_002195,2026-01-02,3.91
emp_002195,2025-10-04,3.72
emp_002195,2025-07-06,4.03
emp_002195,2025-04-07,3.61
emp_002195,2025-01-07,3.16
emp_002195,2024-10-09,3.68
emp_002195,2024-07-11,3.9
emp_002196,2026-04-02,3.65
emp_002196,2026-01-02,3.29
emp_002196,2025-10-04,3.77
emp_002196,2025-07-06,3.64
emp_002196,2025-04-07,4.02
emp_002196,2025-01-07,3.09
emp_002196,2024-10-09,2.86
emp_002196,2024-07-11,3.2
emp_002197,2026-04-02,3.83
emp_002197,2026-01-02,3.99
emp_002197,2025-10-04,3.42
emp_002197,2025-07-06,3.79
emp_002197,2025-04-07,3.05
emp_002197,2025-01-07,3.34
emp_002197,2024-10-09,3.78
emp_002197,2024-07-11,3.42
emp_002198,2026-04-02,3.52
emp_002198,2026-01-02,4.25
emp_002198,2025-10-04,4.25
emp_002198,2025-07-06,3.56
emp_002198,2025-04-07,4.24
emp_002198,2025-01-07,4.51
emp_002198,2024-10-09,3.91
emp_002198,2024-07-11,4.21
emp_002199,2026-04-02,4.71
emp_002199,2026-01-02,4.15
emp_002199,2025-10-04,4.01
emp_002199,2025-07-06,4.01
emp_002199,2025-04-07,3.62
emp_002199,2025-01-07,3.57
emp_002199,2024-10-09,4.02
emp_002199,2024-07-11,4.61
emp_002200,2026-04-02,3.88
emp_002200,2026-01-02,3.85
emp_002200,2025-10-04,4.07
emp_002200,2025-07-06,4.31
emp_002202,2026-04-02,3.72
emp_002202,2026-01-02,2.79
emp_002202,2025-10-04,3.14
emp_002202,2025-07-06,3.05
emp_002202,2025-04-07,2.91
emp_002202,2025-01-07,2.81
emp_002202,2024-10-09,3.14
emp_002202,2024-07-11,3.11
emp_002203,2026-04-02,3.73
emp_002203,2026-01-02,3.35
emp_002203,2025-10-04,3.85
emp_002203,2025-07-06,3.16
emp_002203,2025-04-07,3.61
emp_002203,2025-01-07,3.45
emp_002203,2024-10-09,3.18
emp_002203,2024-07-11,3.41
emp_002204,2026-04-02,4.06
emp_002204,2026-01-02,3.71
emp_002204,2025-10-04,4.1
emp_002204,2025-07-06,3.82
emp_002204,2025-04-07,3.74
emp_002204,2025-01-07,2.97
emp_002204,2024-10-09,4.4
emp_002204,2024-07-11,2.84
emp_002205,2026-04-02,4.16
emp_002205,2026-01-02,3.43
emp_002206,2026-04-02,4.64
emp_002206,2026-01-02,4.22
emp_002206,2025-10-04,4.5
emp_002206,2025-07-06,4.18
emp_002206,2025-04-07,4.07
emp_002206,2025-01-07,4.34
emp_002206,2024-10-09,4.36
emp_002206,2024-07-11,4.38
emp_002207,2026-04-02,4.46
emp_002207,2026-01-02,4.2
emp_002207,2025-10-04,4.36
emp_002208,2026-04-02,2.96
emp_002208,2026-01-02,3.89
emp_002208,2025-10-04,3.76
emp_002208,2025-07-06,3.33
emp_002208,2025-04-07,3.2
emp_002208,2025-01-07,3.32
emp_002208,2024-10-09,3.26
emp_002208,2024-07-11,3.71
emp_002209,2026-04-02,3.84
emp_002209,2026-01-02,3.67
emp_002209,2025-10-04,3.77
emp_002209,2025-07-06,4.21
emp_002209,2025-04-07,4.25
emp_002209,2025-01-07,4.08
emp_002209,2024-10-09,4.03
emp_002209,2024-07-11,3.65
emp_002210,2026-04-02,3.84
emp_002210,2026-01-02,3.63
emp_002210,2025-10-04,3.78
emp_002210,2025-07-06,4.05
emp_002210,2025-04-07,3.91
emp_002210,2025-01-07,3.97
emp_002210,2024-10-09,4.16
emp_002210,2024-07-11,3.68
emp_002211,2026-04-02,3.51
emp_002211,2026-01-02,3.76
emp_002211,2025-10-04,3.68
emp_002211,2025-07-06,3.45
emp_002211,2025-04-07,3.95
emp_002211,2025-01-07,4.04
emp_002211,2024-10-09,3.31
emp_002211,2024-07-11,3.31
emp_002212,2026-04-02,3.78
emp_002212,2026-01-02,3.59
emp_002212,2025-10-04,3.88
emp_002212,2025-07-06,4.58
emp_002212,2025-04-07,4.33
emp_002212,2025-01-07,4.18
emp_002212,2024-10-09,4.26
emp_002212,2024-07-11,3.4
emp_002213,2026-04-02,3.35
emp_002213,2026-01-02,3.24
emp_002213,2025-10-04,2.61
emp_002213,2025-07-06,3.57
emp_002213,2025-04-07,3.81
emp_002213,2025-01-07,3.13
emp_002213,2024-10-09,3.58
emp_002213,2024-07-11,2.78
emp_002214,2026-04-02,4.39
emp_002214,2026-01-02,4.52
emp_002214,2025-10-04,3.94
emp_002214,2025-07-06,3.52
emp_002214,2025-04-07,4.36
emp_002214,2025-01-07,4.22
emp_002214,2024-10-09,4.16
emp_002214,2024-07-11,3.82
emp_002215,2026-04-02,4.15
emp_002215,2026-01-02,3.97
emp_002215,2025-10-04,3.91
emp_002215,2025-07-06,4.09
emp_002215,2025-04-07,4.25
emp_002215,2025-01-07,4.96
emp_002215,2024-10-09,4.13
emp_002215,2024-07-11,4.55
emp_002216,2026-04-02,3.95
emp_002216,2026-01-02,4.29
emp_002216,2025-10-04,4.3
emp_002216,2025-07-06,3.85
emp_002216,2025-04-07,3.78
emp_002216,2025-01-07,4.33
emp_002216,2024-10-09,4.14
emp_002216,2024-07-11,4.46
emp_002217,2026-04-02,4.21
emp_002217,2026-01-02,3.06
emp_002217,2025-10-04,4.28
emp_002218,2026-04-02,3.35
emp_002218,2026-01-02,3.51
emp_002218,2025-10-04,3.6
emp_002218,2025-07-06,3.59
emp_002218,2025-04-07,4.4
emp_002218,2025-01-07,3.89
emp_002218,2024-10-09,3.83
emp_002218,2024-07-11,4.46
emp_002219,2026-04-02,4.22
emp_002219,2026-01-02,3.92
emp_002219,2025-10-04,3.82
emp_002219,2025-07-06,4.05
emp_002219,2025-04-07,3.76
emp_002220,2026-04-02,3.93
emp_002220,2026-01-02,4.78
emp_002220,2025-10-04,4.31
emp_002220,2025-07-06,3.49
emp_002220,2025-04-07,4.68
emp_002220,2025-01-07,4.63
emp_002221,2026-04-02,3.91
emp_002221,2026-01-02,4.29
emp_002221,2025-10-04,4.54
emp_002221,2025-07-06,4.02
emp_002222,2026-04-02,3.03
emp_002222,2026-01-02,3.35
emp_002222,2025-10-04,4.06
emp_002222,2025-07-06,4.08
emp_002222,2025-04-07,3.88
emp_002222,2025-01-07,3.47
emp_002222,2024-10-09,3.58
emp_002222,2024-07-11,3.23
emp_002223,2026-04-02,3.8
emp_002223,2026-01-02,4.03
emp_002224,2026-04-02,4.74
emp_002224,2026-01-02,4.27
emp_002224,2025-10-04,4.12
emp_002224,2025-07-06,4.79
emp_002224,2025-04-07,3.93
emp_002224,2025-01-07,4.34
emp_002224,2024-10-09,4.72
emp_002224,2024-07-11,4.51
emp_002225,2026-04-02,3.88
emp_002225,2026-01-02,3.51
emp_002225,2025-10-04,4.16
emp_002225,2025-07-06,4.18
emp_002225,2025-04-07,3.14
emp_002225,2025-01-07,4.38
emp_002225,2024-10-09,4.08
emp_002225,2024-07-11,4.18
emp_002226,2026-04-02,3.94
emp_002226,2026-01-02,3.31
emp_002226,2025-10-04,4.79
emp_002226,2025-07-06,4.08
emp_002226,2025-04-07,4.1
emp_002226,2025-01-07,3.4
emp_002226,2024-10-09,4.01
emp_002226,2024-07-11,3.62
emp_002227,2026-04-02,3.62
emp_002227,2026-01-02,4.27
emp_002227,2025-10-04,4.15
emp_002227,2025-07-06,4.32
emp_002227,2025-04-07,4.34
emp_002228,2026-04-02,3.6
emp_002228,2026-01-02,2.9
emp_002229,2026-04-02,3.23
emp_002229,2026-01-02,4.04
emp_002229,2025-10-04,3.9
emp_002229,2025-07-06,4.07
emp_002229,2025-04-07,4.52
emp_002229,2025-01-07,4.53
emp_002229,2024-10-09,4.3
emp_002229,2024-07-11,4.39
emp_002230,2026-04-02,3.98
emp_002230,2026-01-02,3.8
emp_002230,2025-10-04,3.12
emp_002230,2025-07-06,3.78
emp_002230,2025-04-07,4.05
emp_002230,2025-01-07,3.84
emp_002230,2024-10-09,3.63
emp_002231,2026-04-02,2.74
emp_002231,2026-01-02,3.37
emp_002231,2025-10-04,3.37
emp_002231,2025-07-06,3.31
emp_002231,2025-04-07,2.92
emp_002232,2026-04-02,4.29
emp_002232,2026-01-02,4.53
emp_002232,2025-10-04,4.39
emp_002232,2025-07-06,3.74
emp_002232,2025-04-07,4.82
emp_002232,2025-01-07,4.52
emp_002232,2024-10-09,4.35
emp_002232,2024-07-11,4.66
emp_002233,2026-04-02,3.65
emp_002233,2026-01-02,3.37
emp_002233,2025-10-04,3.89
emp_002233,2025-07-06,3.07
emp_002233,2025-04-07,3.36
emp_002233,2025-01-07,3.6
emp_002233,2024-10-09,3.64
emp_002233,2024-07-11,3.19
emp_002234,2026-04-02,4.17
emp_002234,2026-01-02,4.21
emp_002234,2025-10-04,3.78
emp_002234,2025-07-06,3.51
emp_002234,2025-04-07,3.32
emp_002235,2026-04-02,3.93
emp_002235,2026-01-02,3.9
emp_002235,2025-10-04,4.21
emp_002235,2025-07-06,4.22
emp_002235,2025-04-07,4.62
emp_002235,2025-01-07,4.18
emp_002235,2024-10-09,4.33
emp_002235,2024-07-11,4.59
emp_002236,2026-04-02,3.07
emp_002236,2026-01-02,2.88
emp_002236,2025-10-04,3.49
emp_002236,2025-07-06,2.92
emp_002237,2026-04-02,3.73
emp_002237,2026-01-02,3.86
emp_002237,2025-10-04,3.31
emp_002237,2025-07-06,3.57
emp_002237,2025-04-07,3.92
emp_002237,2025-01-07,4.27
emp_002237,2024-10-09,4.38
emp_002237,2024-07-11,3.26
emp_002238,2026-04-02,3.38
emp_002238,2026-01-02,3.59
emp_002238,2025-10-04,3.34
emp_002238,2025-07-06,3.49
emp_002238,2025-04-07,3.65
emp_002238,2025-01-07,3.23
emp_002238,2024-10-09,3.68
emp_002238,2024-07-11,3.55
emp_002239,2026-04-02,3.77
emp_002239,2026-01-02,3.84
emp_002239,2025-10-04,3.84
emp_002239,2025-07-06,4.05
emp_002239,2025-04-07,3.76
emp_002239,2025-01-07,4.14
emp_002239,2024-10-09,3.98
emp_002239,2024-07-11,3.83
emp_002240,2026-04-02,3.7
emp_002240,2026-01-02,3.45
emp_002240,2025-10-04,3.76
emp_002240,2025-07-06,4.33
emp_002240,2025-04-07,3.65
emp_002241,2026-04-02,4.43
emp_002241,2026-01-02,5.0
emp_002241,2025-10-04,4.36
emp_002241,2025-07-06,3.98
emp_002241,2025-04-07,4.55
emp_002241,2025-01-07,3.84
emp_002241,2024-10-09,4.61
emp_002241,2024-07-11,4.15
emp_002242,2026-04-02,4.15
emp_002242,2026-01-02,4.17
emp_002242,2025-10-04,3.69
emp_002243,2026-04-02,4.19
emp_002244,2026-04-02,3.02
emp_002244,2026-01-02,3.47
emp_002244,2025-10-04,3.04
emp_002245,2026-04-02,3.76
emp_002245,2026-01-02,4.25
emp_002245,2025-10-04,4.05
emp_002245,2025-07-06,4.2
emp_002245,2025-04-07,4.49
emp_002245,2025-01-07,3.78
emp_002245,2024-10-09,4.06
emp_002245,2024-07-11,3.92
emp_002246,2026-04-02,4.31
emp_002246,2026-01-02,3.69
emp_002246,2025-10-04,4.49
emp_002246,2025-07-06,3.75
emp_002246,2025-04-07,4.23
emp_002246,2025-01-07,4.49
emp_002246,2024-10-09,3.56
emp_002246,2024-07-11,4.56
emp_002247,2026-04-02,4.1
emp_002247,2026-01-02,3.49
emp_002247,2025-10-04,3.74
emp_002247,2025-07-06,4.19
emp_002247,2025-04-07,3.6
emp_002247,2025-01-07,4.89
emp_002247,2024-10-09,4.55
emp_002247,2024-07-11,4.41
emp_002248,2026-04-02,3.36
emp_002248,2026-01-02,3.93
emp_002248,2025-10-04,3.37
emp_002248,2025-07-06,3.08
emp_002248,2025-04-07,3.64
emp_002248,2025-01-07,3.52
emp_002248,2024-10-09,3.37
emp_002248,2024-07-11,2.74
emp_002249,2026-04-02,5.0
emp_002249,2026-01-02,4.43
emp_002249,2025-10-04,3.93
emp_002249,2025-07-06,3.97
emp_002249,2025-04-07,4.8
emp_002249,2025-01-07,4.1
emp_002249,2024-10-09,4.18
emp_002249,2024-07-11,3.94
emp_002250,2026-04-02,3.07
emp_002250,2026-01-02,3.09
emp_002250,2025-10-04,3.47
emp_002250,2025-07-06,3.88
emp_002251,2026-04-02,4.29
emp_002251,2026-01-02,4.5
emp_002251,2025-10-04,4.48
emp_002251,2025-07-06,4.21
emp_002251,2025-04-07,4.03
emp_002251,2025-01-07,3.86
emp_002251,2024-10-09,3.96
emp_002251,2024-07-11,4.52
emp_002252,2026-04-02,4.07
emp_002252,2026-01-02,3.85
emp_002252,2025-10-04,4.25
emp_002252,2025-07-06,3.45
emp_002252,2025-04-07,3.16
emp_002252,2025-01-07,3.89
emp_002252,2024-10-09,3.36
emp_002253,2026-04-02,3.84
emp_002253,2026-01-02,3.99
emp_002253,2025-10-04,4.1
emp_002253,2025-07-06,3.79
emp_002253,2025-04-07,3.68
emp_002253,2025-01-07,4.21
emp_002253,2024-10-09,3.66
emp_002253,2024-07-11,4.26
emp_002254,2026-04-02,3.66
emp_002254,2026-01-02,4.05
emp_002254,2025-10-04,4.3
emp_002254,2025-07-06,4.15
emp_002254,2025-04-07,4.46
emp_002254,2025-01-07,4.03
emp_002254,2024-10-09,3.82
emp_002254,2024-07-11,3.97
emp_002255,2026-04-02,3.76
emp_002255,2026-01-02,3.83
emp_002255,2025-10-04,3.69
emp_002255,2025-07-06,3.73
emp_002255,2025-04-07,3.22
emp_002255,2025-01-07,4.03
emp_002255,2024-10-09,3.32
emp_002255,2024-07-11,3.55
emp_002256,2026-04-02,2.85
emp_002256,2026-01-02,4.12
emp_002256,2025-10-04,4.25
emp_002256,2025-07-06,3.76
emp_002256,2025-04-07,3.54
emp_002256,2025-01-07,3.48
emp_002256,2024-10-09,3.47
emp_002256,2024-07-11,3.73
emp_002257,2026-04-02,3.95
emp_002257,2026-01-02,4.5
emp_002257,2025-10-04,3.53
emp_002257,2025-07-06,3.53
emp_002257,2025-04-07,4.27
emp_002257,2025-01-07,3.81
emp_002257,2024-10-09,4.28
emp_002257,2024-07-11,4.02
emp_002258,2026-04-02,3.94
emp_002258,2026-01-02,4.18
emp_002258,2025-10-04,4.02
emp_002258,2025-07-06,4.15
emp_002259,2026-04-02,4.85
emp_002259,2026-01-02,4.24
emp_002259,2025-10-04,4.3
emp_002259,2025-07-06,4.37
emp_002259,2025-04-07,4.04
emp_002259,2025-01-07,3.9
emp_002259,2024-10-09,4.0
emp_002259,2024-07-11,3.81
emp_002260,2026-04-02,3.63
emp_002260,2026-01-02,4.08
emp_002260,2025-10-04,3.81
emp_002260,2025-07-06,3.9
emp_002260,2025-04-07,3.51
emp_002260,2025-01-07,3.79
emp_002260,2024-10-09,3.69
emp_002261,2026-04-02,4.11
emp_002261,2026-01-02,4.55
emp_002261,2025-10-04,4.01
emp_002261,2025-07-06,3.35
emp_002261,2025-04-07,4.49
emp_002261,2025-01-07,4.03
emp_002261,2024-10-09,3.22
emp_002261,2024-07-11,4.05
emp_002262,2026-04-02,3.97
emp_002262,2026-01-02,4.7
emp_002262,2025-10-04,4.62
emp_002262,2025-07-06,4.09
emp_002262,2025-04-07,4.01
emp_002262,2025-01-07,4.26
emp_002262,2024-10-09,3.8
emp_002262,2024-07-11,4.28
emp_002263,2026-04-02,4.43
emp_002263,2026-01-02,4.31
emp_002263,2025-10-04,4.08
emp_002263,2025-07-06,4.22
emp_002263,2025-04-07,4.77
emp_002263,2025-01-07,4.01
emp_002263,2024-10-09,3.55
emp_002263,2024-07-11,3.91
emp_002264,2026-04-02,3.03
emp_002264,2026-01-02,4.09
emp_002264,2025-10-04,3.98
emp_002264,2025-07-06,3.72
emp_002264,2025-04-07,4.33
emp_002264,2025-01-07,3.8
emp_002264,2024-10-09,3.2
emp_002264,2024-07-11,3.76
emp_002265,2026-04-02,4.4
emp_002265,2026-01-02,4.02
emp_002266,2026-04-02,4.15
emp_002266,2026-01-02,4.36
emp_002266,2025-10-04,3.9
emp_002266,2025-07-06,4.55
emp_002266,2025-04-07,4.54
emp_002266,2025-01-07,3.5
emp_002266,2024-10-09,4.16
emp_002266,2024-07-11,4.06
emp_002267,2026-04-02,3.53
emp_002267,2026-01-02,4.33
emp_002267,2025-10-04,3.95
emp_002267,2025-07-06,3.51
emp_002267,2025-04-07,3.63
emp_002267,2025-01-07,3.52
emp_002267,2024-10-09,4.44
emp_002267,2024-07-11,3.97
emp_002268,2026-04-02,4.03
emp_002268,2026-01-02,3.77
emp_002268,2025-10-04,4.19
emp_002268,2025-07-06,4.1
emp_002268,2025-04-07,3.48
emp_002268,2025-01-07,3.88
emp_002268,2024-10-09,3.57
emp_002268,2024-07-11,3.39
emp_002269,2026-04-02,3.35
emp_002269,2026-01-02,3.17
emp_002269,2025-10-04,3.69
emp_002269,2025-07-06,3.98
emp_002269,2025-04-07,3.87
emp_002269,2025-01-07,3.83
emp_002269,2024-10-09,3.28
emp_002269,2024-07-11,3.65
emp_002270,2026-04-02,3.14
emp_002270,2026-01-02,3.8
emp_002270,2025-10-04,3.82
emp_002270,2025-07-06,3.9
emp_002270,2025-04-07,3.04
emp_002270,2025-01-07,3.81
emp_002270,2024-10-09,3.45
emp_002270,2024-07-11,4.08
emp_002271,2026-04-02,3.47
emp_002271,2026-01-02,3.57
emp_002271,2025-10-04,3.22
emp_002271,2025-07-06,3.61
emp_002271,2025-04-07,3.5
emp_002271,2025-01-07,2.82
emp_002271,2024-10-09,3.23
emp_002271,2024-07-11,3.41
emp_002272,2026-04-02,3.37
emp_002272,2026-01-02,4.05
emp_002272,2025-10-04,3.95
emp_002272,2025-07-06,3.15
emp_002272,2025-04-07,2.84
emp_002272,2025-01-07,2.76
emp_002272,2024-10-09,3.41
emp_002272,2024-07-11,2.65
emp_002273,2026-04-02,4.53
emp_002273,2026-01-02,4.38
emp_002273,2025-10-04,4.66
emp_002273,2025-07-06,4.08
emp_002273,2025-04-07,4.42
emp_002273,2025-01-07,4.24
emp_002273,2024-10-09,4.27
emp_002273,2024-07-11,3.95
emp_002274,2026-04-02,3.59
emp_002274,2026-01-02,4.22
emp_002274,2025-10-04,4.07
emp_002274,2025-07-06,3.22
emp_002274,2025-04-07,3.96
emp_002274,2025-01-07,3.6
emp_002274,2024-10-09,3.97
emp_002274,2024-07-11,3.74
emp_002275,2026-04-02,3.1
emp_002275,2026-01-02,2.91
emp_002275,2025-10-04,2.81
emp_002275,2025-07-06,3.1
emp_002275,2025-04-07,3.76
emp_002275,2025-01-07,4.19
emp_002275,2024-10-09,3.22
emp_002275,2024-07-11,2.92
emp_002276,2026-04-02,4.86
emp_002276,2026-01-02,4.03
emp_002276,2025-10-04,4.01
emp_002276,2025-07-06,4.25
emp_002276,2025-04-07,3.98
emp_002276,2025-01-07,4.11
emp_002276,2024-10-09,4.24
emp_002276,2024-07-11,4.32
emp_002278,2026-04-02,3.62
emp_002278,2026-01-02,3.99
emp_002278,2025-10-04,2.77
emp_002278,2025-07-06,3.28
emp_002278,2025-04-07,2.9
emp_002278,2025-01-07,3.16
emp_002278,2024-10-09,3.52
emp_002278,2024-07-11,3.45
emp_002279,2026-04-02,4.05
emp_002279,2026-01-02,3.81
emp_002279,2025-10-04,3.55
emp_002279,2025-07-06,4.08
emp_002279,2025-04-07,3.7
emp_002279,2025-01-07,4.34
emp_002279,2024-10-09,4.1
emp_002279,2024-07-11,3.32
emp_002281,2026-04-02,3.64
emp_002281,2026-01-02,3.53
emp_002281,2025-10-04,4.3
emp_002281,2025-07-06,3.56
emp_002281,2025-04-07,4.06
emp_002281,2025-01-07,4.06
emp_002281,2024-10-09,3.6
emp_002282,2026-04-02,4.2
emp_002282,2026-01-02,4.17
emp_002282,2025-10-04,4.02
emp_002282,2025-07-06,3.51
emp_002282,2025-04-07,4.27
emp_002282,2025-01-07,4.53
emp_002282,2024-10-09,3.93
emp_002283,2026-04-02,4.06
emp_002283,2026-01-02,3.97
emp_002283,2025-10-04,3.89
emp_002283,2025-07-06,3.63
emp_002283,2025-04-07,3.42
emp_002283,2025-01-07,4.33
emp_002283,2024-10-09,3.96
emp_002283,2024-07-11,3.79
emp_002284,2026-04-02,4.41
emp_002284,2026-01-02,4.3
emp_002285,2026-04-02,4.0
emp_002285,2026-01-02,4.31
emp_002285,2025-10-04,3.35
emp_002285,2025-07-06,4.49
emp_002285,2025-04-07,3.67
emp_002285,2025-01-07,3.64
emp_002285,2024-10-09,3.6
emp_002285,2024-07-11,3.87
emp_002286,2026-04-02,3.73
emp_002286,2026-01-02,4.44
emp_002286,2025-10-04,4.5
emp_002286,2025-07-06,4.0
emp_002286,2025-04-07,4.07
emp_002286,2025-01-07,4.4
emp_002286,2024-10-09,4.4
emp_002286,2024-07-11,4.29
emp_002287,2026-04-02,3.29
emp_002287,2026-01-02,3.84
emp_002287,2025-10-04,3.34
emp_002287,2025-07-06,4.13
emp_002287,2025-04-07,3.76
emp_002287,2025-01-07,3.56
emp_002287,2024-10-09,4.23
emp_002287,2024-07-11,3.39
emp_002288,2026-04-02,4.18
emp_002288,2026-01-02,3.89
emp_002288,2025-10-04,3.45
emp_002288,2025-07-06,3.97
emp_002288,2025-04-07,2.76
emp_002288,2025-01-07,4.4
emp_002288,2024-10-09,3.12
emp_002289,2026-04-02,4.45
emp_002289,2026-01-02,3.65
emp_002289,2025-10-04,3.98
emp_002289,2025-07-06,3.48
emp_002289,2025-04-07,4.47
emp_002290,2026-04-02,4.16
emp_002290,2026-01-02,3.88
emp_002290,2025-10-04,4.11
emp_002290,2025-07-06,3.82
emp_002290,2025-04-07,4.11
emp_002290,2025-01-07,4.08
emp_002290,2024-10-09,3.46
emp_002291,2026-04-02,3.13
emp_002291,2026-01-02,3.29
emp_002291,2025-10-04,3.66
emp_002291,2025-07-06,3.4
emp_002291,2025-04-07,3.91
emp_002291,2025-01-07,3.79
emp_002291,2024-10-09,2.74
emp_002291,2024-07-11,3.3
emp_002292,2026-04-02,4.0
emp_002292,2026-01-02,4.8
emp_002292,2025-10-04,4.46
emp_002292,2025-07-06,4.55
emp_002292,2025-04-07,3.82
emp_002292,2025-01-07,4.1
emp_002292,2024-10-09,3.97
emp_002292,2024-07-11,4.26
emp_002293,2026-04-02,3.94
emp_002293,2026-01-02,3.03
emp_002293,2025-10-04,3.36
emp_002293,2025-07-06,3.87
emp_002293,2025-04-07,3.76
emp_002293,2025-01-07,3.66
emp_002293,2024-10-09,4.0
emp_002293,2024-07-11,3.32
emp_002294,2026-04-02,3.48
emp_002294,2026-01-02,3.55
emp_002294,2025-10-04,4.11
emp_002294,2025-07-06,4.01
emp_002294,2025-04-07,3.68
emp_002294,2025-01-07,3.2
emp_002294,2024-10-09,4.18
emp_002295,2026-04-02,4.35
emp_002295,2026-01-02,3.81
emp_002295,2025-10-04,3.67
emp_002295,2025-07-06,3.98
emp_002295,2025-04-07,4.24
emp_002295,2025-01-07,3.59
emp_002295,2024-10-09,5.0
emp_002295,2024-07-11,4.59
emp_002296,2026-04-02,3.81
emp_002296,2026-01-02,3.96
emp_002296,2025-10-04,3.83
emp_002296,2025-07-06,3.82
emp_002296,2025-04-07,4.02
emp_002296,2025-01-07,3.91
emp_002296,2024-10-09,4.22
emp_002296,2024-07-11,4.21
emp_002297,2026-04-02,4.0
emp_002297,2026-01-02,4.11
emp_002297,2025-10-04,3.64
emp_002297,2025-07-06,4.59
emp_002297,2025-04-07,3.87
emp_002297,2025-01-07,3.82
emp_002297,2024-10-09,4.26
emp_002297,2024-07-11,4.02
emp_002298,2026-04-02,4.26
emp_002298,2026-01-02,3.54
emp_002298,2025-10-04,3.64
emp_002299,2026-04-02,3.43
emp_002299,2026-01-02,2.84
emp_002299,2025-10-04,2.85
emp_002299,2025-07-06,3.18
emp_002299,2025-04-07,3.19
emp_002299,2025-01-07,3.31
emp_002299,2024-10-09,3.22
emp_002299,2024-07-11,3.15
emp_002300,2026-04-02,4.14
emp_002300,2026-01-02,2.93
emp_002300,2025-10-04,3.29
emp_002301,2026-04-02,4.59
emp_002301,2026-01-02,4.06
emp_002301,2025-10-04,3.69
emp_002301,2025-07-06,4.48
emp_002301,2025-04-07,3.54
emp_002301,2025-01-07,4.12
emp_002301,2024-10-09,4.9
emp_002301,2024-07-11,4.9
emp_002302,2026-04-02,3.98
emp_002302,2026-01-02,4.04
emp_002302,2025-10-04,3.54
emp_002302,2025-07-06,3.46
emp_002302,2025-04-07,4.23
emp_002302,2025-01-07,3.97
emp_002302,2024-10-09,3.68
emp_002302,2024-07-11,3.79
emp_002303,2026-04-02,3.81
emp_002303,2026-01-02,3.79
emp_002303,2025-10-04,4.3
emp_002303,2025-07-06,4.41
emp_002303,2025-04-07,4.34
emp_002303,2025-01-07,4.47
emp_002303,2024-10-09,4.19
emp_002303,2024-07-11,4.29
emp_002304,2026-04-02,3.22
emp_002304,2026-01-02,2.72
emp_002304,2025-10-04,3.33
emp_002304,2025-07-06,2.5
emp_002304,2025-04-07,3.12
emp_002304,2025-01-07,3.24
emp_002304,2024-10-09,3.19
emp_002304,2024-07-11,3.09
emp_002305,2026-04-02,4.13
emp_002305,2026-01-02,4.07
emp_002305,2025-10-04,4.22
emp_002305,2025-07-06,3.73
emp_002305,2025-04-07,3.95
emp_002305,2025-01-07,4.43
emp_002305,2024-10-09,4.36
emp_002305,2024-07-11,3.37
emp_002306,2026-04-02,3.42
emp_002306,2026-01-02,4.0
emp_002306,2025-10-04,3.76
emp_002306,2025-07-06,3.85
emp_002306,2025-04-07,3.94
emp_002306,2025-01-07,3.87
emp_002306,2024-10-09,3.81
emp_002306,2024-07-11,4.1
emp_002307,2026-04-02,3.48
emp_002307,2026-01-02,2.86
emp_002307,2025-10-04,3.06
emp_002308,2026-04-02,4.28
emp_002308,2026-01-02,4.28
emp_002308,2025-10-04,3.79
emp_002308,2025-07-06,4.2
emp_002308,2025-04-07,3.59
emp_002308,2025-01-07,3.9
emp_002308,2024-10-09,4.2
emp_002308,2024-07-11,4.08
emp_002309,2026-04-02,4.4
emp_002309,2026-01-02,4.41
emp_002309,2025-10-04,4.72
emp_002310,2026-04-02,3.78
emp_002310,2026-01-02,3.87
emp_002310,2025-10-04,4.25
emp_002310,2025-07-06,3.9
emp_002310,2025-04-07,4.44
emp_002310,2025-01-07,3.3
emp_002310,2024-10-09,3.79
emp_002310,2024-07-11,4.41
emp_002311,2026-04-02,4.04
emp_002311,2026-01-02,3.52
emp_002311,2025-10-04,4.52
emp_002311,2025-07-06,4.83
emp_002311,2025-04-07,3.54
emp_002311,2025-01-07,3.89
emp_002311,2024-10-09,4.18
emp_002311,2024-07-11,3.93
emp_002312,2026-04-02,4.85
emp_002312,2026-01-02,3.68
emp_002312,2025-10-04,3.09
emp_002312,2025-07-06,3.42
emp_002312,2025-04-07,3.25
emp_002312,2025-01-07,3.47
emp_002312,2024-10-09,3.43
emp_002312,2024-07-11,3.35
emp_002313,2026-04-02,2.98
emp_002313,2026-01-02,2.93
emp_002313,2025-10-04,3.31
emp_002313,2025-07-06,3.43
emp_002313,2025-04-07,3.01
emp_002313,2025-01-07,3.44
emp_002314,2026-04-02,3.07
emp_002314,2026-01-02,3.92
emp_002315,2026-04-02,4.76
emp_002315,2026-01-02,4.26
emp_002315,2025-10-04,4.23
emp_002315,2025-07-06,3.82
emp_002315,2025-04-07,3.91
emp_002315,2025-01-07,4.34
emp_002315,2024-10-09,4.1
emp_002315,2024-07-11,3.74
emp_002316,2026-04-02,3.37
emp_002316,2026-01-02,3.61
emp_002316,2025-10-04,3.83
emp_002316,2025-07-06,4.16
emp_002316,2025-04-07,4.09
emp_002317,2026-04-02,3.23
emp_002317,2026-01-02,3.14
emp_002317,2025-10-04,3.25
emp_002317,2025-07-06,4.07
emp_002318,2026-04-02,4.16
emp_002318,2026-01-02,4.01
emp_002318,2025-10-04,4.1
emp_002318,2025-07-06,3.96
emp_002318,2025-04-07,4.75
emp_002318,2025-01-07,4.36
emp_002318,2024-10-09,4.07
emp_002318,2024-07-11,4.57
emp_002319,2026-04-02,3.96
emp_002319,2026-01-02,4.17
emp_002319,2025-10-04,4.27
emp_002319,2025-07-06,3.66
emp_002319,2025-04-07,3.55
emp_002319,2025-01-07,4.66
emp_002319,2024-10-09,4.73
emp_002319,2024-07-11,3.93
emp_002320,2026-04-02,5.0
emp_002320,2026-01-02,4.28
emp_002320,2025-10-04,4.76
emp_002320,2025-07-06,4.37
emp_002320,2025-04-07,4.04
emp_002320,2025-01-07,4.03
emp_002320,2024-10-09,4.15
emp_002321,2026-04-02,3.95
emp_002321,2026-01-02,3.87
emp_002321,2025-10-04,3.98
emp_002321,2025-07-06,4.3
emp_002321,2025-04-07,4.06
emp_002321,2025-01-07,3.93
emp_002321,2024-10-09,4.17
emp_002321,2024-07-11,3.96
emp_002322,2026-04-02,4.07
emp_002322,2026-01-02,3.12
emp_002322,2025-10-04,3.52
emp_002322,2025-07-06,3.46
emp_002322,2025-04-07,3.34
emp_002322,2025-01-07,3.56
emp_002322,2024-10-09,3.31
emp_002322,2024-07-11,3.58
emp_002323,2026-04-02,2.7
emp_002323,2026-01-02,3.41
emp_002323,2025-10-04,3.1
emp_002323,2025-07-06,3.14
emp_002324,2026-04-02,4.04
emp_002324,2026-01-02,4.2
emp_002324,2025-10-04,4.56
emp_002324,2025-07-06,4.19
emp_002324,2025-04-07,3.89
emp_002325,2026-04-02,4.54
emp_002325,2026-01-02,4.51
emp_002325,2025-10-04,3.93
emp_002325,2025-07-06,3.84
emp_002325,2025-04-07,4.67
emp_002325,2025-01-07,4.2
emp_002325,2024-10-09,4.24
emp_002325,2024-07-11,4.31
emp_002326,2026-04-02,4.44
emp_002326,2026-01-02,4.52
emp_002326,2025-10-04,4.1
emp_002326,2025-07-06,4.49
emp_002326,2025-04-07,3.8
emp_002326,2025-01-07,3.64
emp_002326,2024-10-09,4.42
emp_002326,2024-07-11,4.04
emp_002327,2026-04-02,3.34
emp_002327,2026-01-02,3.52
emp_002327,2025-10-04,4.01
emp_002327,2025-07-06,3.84
emp_002328,2026-04-02,3.56
emp_002328,2026-01-02,4.02
emp_002328,2025-10-04,2.89
emp_002328,2025-07-06,3.73
emp_002328,2025-04-07,4.22
emp_002328,2025-01-07,3.93
emp_002329,2026-04-02,4.14
emp_002329,2026-01-02,3.96
emp_002329,2025-10-04,3.66
emp_002329,2025-07-06,3.66
emp_002329,2025-04-07,3.6
emp_002329,2025-01-07,3.49
emp_002329,2024-10-09,4.18
emp_002329,2024-07-11,3.22
emp_002330,2026-04-02,3.88
emp_002330,2026-01-02,4.01
emp_002330,2025-10-04,4.0
emp_002331,2026-04-02,3.49
emp_002331,2026-01-02,2.75
emp_002331,2025-10-04,3.72
emp_002331,2025-07-06,3.63
emp_002331,2025-04-07,4.18
emp_002331,2025-01-07,3.17
emp_002331,2024-10-09,3.78
emp_002331,2024-07-11,3.78
emp_002332,2026-04-02,4.7
emp_002332,2026-01-02,3.75
emp_002332,2025-10-04,3.53
emp_002332,2025-07-06,4.49
emp_002332,2025-04-07,3.79
emp_002332,2025-01-07,3.86
emp_002332,2024-10-09,4.13
emp_002332,2024-07-11,3.85
emp_002333,2026-04-02,4.31
emp_002333,2026-01-02,4.47
emp_002333,2025-10-04,3.56
emp_002333,2025-07-06,3.04
emp_002333,2025-04-07,3.38
emp_002333,2025-01-07,2.69
emp_002333,2024-10-09,4.11
emp_002333,2024-07-11,4.09
emp_002334,2026-04-02,3.64
emp_002334,2026-01-02,3.98
emp_002334,2025-10-04,4.18
emp_002334,2025-07-06,3.94
emp_002334,2025-04-07,3.74
emp_002334,2025-01-07,3.19
emp_002334,2024-10-09,3.39
emp_002334,2024-07-11,4.16
emp_002335,2026-04-02,3.77
emp_002335,2026-01-02,3.93
emp_002336,2026-04-02,4.04
emp_002336,2026-01-02,4.27
emp_002336,2025-10-04,4.26
emp_002336,2025-07-06,4.1
emp_002336,2025-04-07,4.4
emp_002336,2025-01-07,3.94
emp_002336,2024-10-09,3.96
emp_002336,2024-07-11,4.22
emp_002337,2026-04-02,4.06
emp_002337,2026-01-02,3.32
emp_002338,2026-04-02,4.84
emp_002338,2026-01-02,4.28
emp_002338,2025-10-04,3.98
emp_002338,2025-07-06,4.19
emp_002338,2025-04-07,4.44
emp_002338,2025-01-07,4.27
emp_002338,2024-10-09,4.01
emp_002338,2024-07-11,4.27
emp_002339,2026-04-02,3.96
emp_002339,2026-01-02,3.49
emp_002339,2025-10-04,3.28
emp_002339,2025-07-06,3.5
emp_002339,2025-04-07,3.34
emp_002339,2025-01-07,3.92
emp_002339,2024-10-09,3.76
emp_002339,2024-07-11,3.41
emp_002340,2026-04-02,3.33
emp_002340,2026-01-02,3.49
emp_002340,2025-10-04,4.0
emp_002340,2025-07-06,3.8
emp_002340,2025-04-07,3.31
emp_002340,2025-01-07,3.45
emp_002340,2024-10-09,3.61
emp_002340,2024-07-11,3.27
emp_002341,2026-04-02,3.66
emp_002341,2026-01-02,3.84
emp_002341,2025-10-04,3.22
emp_002341,2025-07-06,4.78
emp_002342,2026-04-02,3.55
emp_002342,2026-01-02,4.14
emp_002342,2025-10-04,3.92
emp_002342,2025-07-06,3.83
emp_002342,2025-04-07,3.71
emp_002343,2026-04-02,3.81
emp_002343,2026-01-02,3.8
emp_002343,2025-10-04,4.12
emp_002343,2025-07-06,4.05
emp_002343,2025-04-07,4.41
emp_002343,2025-01-07,4.27
emp_002343,2024-10-09,4.47
emp_002343,2024-07-11,3.82
emp_002344,2026-04-02,3.64
emp_002344,2026-01-02,3.61
emp_002344,2025-10-04,4.21
emp_002344,2025-07-06,3.69
emp_002344,2025-04-07,3.84
emp_002344,2025-01-07,3.65
emp_002344,2024-10-09,3.9
emp_002344,2024-07-11,4.33
emp_002345,2026-04-02,3.14
emp_002345,2026-01-02,3.8
emp_002345,2025-10-04,4.35
emp_002345,2025-07-06,3.88
emp_002345,2025-04-07,4.07
emp_002345,2025-01-07,3.84
emp_002345,2024-10-09,4.11
emp_002346,2026-04-02,3.1
emp_002346,2026-01-02,3.44
emp_002346,2025-10-04,4.22
emp_002346,2025-07-06,3.65
emp_002346,2025-04-07,3.58
emp_002346,2025-01-07,3.58
emp_002346,2024-10-09,3.99
emp_002346,2024-07-11,4.35
emp_002347,2026-04-02,3.84
emp_002347,2026-01-02,3.93
emp_002347,2025-10-04,4.02
emp_002347,2025-07-06,3.5
emp_002347,2025-04-07,4.4
emp_002348,2026-04-02,3.44
emp_002348,2026-01-02,4.15
emp_002348,2025-10-04,3.88
emp_002348,2025-07-06,3.6
emp_002348,2025-04-07,3.66
emp_002348,2025-01-07,3.49
emp_002348,2024-10-09,3.22
emp_002348,2024-07-11,3.56
emp_002349,2026-04-02,3.86
emp_002349,2026-01-02,3.6
emp_002349,2025-10-04,3.68
emp_002350,2026-04-02,3.65
emp_002350,2026-01-02,3.7
emp_002350,2025-10-04,3.99
emp_002350,2025-07-06,3.44
emp_002350,2025-04-07,3.26
emp_002350,2025-01-07,3.87
emp_002351,2026-04-02,3.87
emp_002351,2026-01-02,3.69
emp_002351,2025-10-04,3.86
emp_002351,2025-07-06,3.86
emp_002351,2025-04-07,4.12
emp_002351,2025-01-07,4.09
emp_002351,2024-10-09,3.77
emp_002351,2024-07-11,4.29
emp_002352,2026-04-02,4.33
emp_002352,2026-01-02,5.0
emp_002352,2025-10-04,4.28
emp_002352,2025-07-06,3.69
emp_002352,2025-04-07,4.73
emp_002352,2025-01-07,4.56
emp_002352,2024-10-09,4.42
emp_002352,2024-07-11,4.09
emp_002353,2026-04-02,4.94
emp_002353,2026-01-02,4.23
emp_002353,2025-10-04,4.26
emp_002353,2025-07-06,3.99
emp_002353,2025-04-07,4.04
emp_002353,2025-01-07,4.31
emp_002353,2024-10-09,4.48
emp_002353,2024-07-11,4.71
emp_002354,2026-04-02,3.95
emp_002354,2026-01-02,4.54
emp_002354,2025-10-04,4.31
emp_002354,2025-07-06,3.91
emp_002354,2025-04-07,3.7
emp_002354,2025-01-07,3.74
emp_002354,2024-10-09,4.12
emp_002354,2024-07-11,4.12
emp_002355,2026-04-02,4.65
emp_002355,2026-01-02,4.61
emp_002355,2025-10-04,4.67
emp_002355,2025-07-06,4.01
emp_002355,2025-04-07,4.08
emp_002355,2025-01-07,3.82
emp_002355,2024-10-09,3.71
emp_002355,2024-07-11,4.23
emp_002356,2026-04-02,3.29
emp_002356,2026-01-02,3.73
emp_002356,2025-10-04,3.18
emp_002356,2025-07-06,3.38
emp_002356,2025-04-07,3.11
emp_002356,2025-01-07,2.64
emp_002356,2024-10-09,2.97
emp_002356,2024-07-11,3.17
emp_002357,2026-04-02,3.42
emp_002357,2026-01-02,3.21
emp_002357,2025-10-04,3.49
emp_002357,2025-07-06,3.72
emp_002357,2025-04-07,3.93
emp_002357,2025-01-07,4.21
emp_002357,2024-10-09,3.54
emp_002357,2024-07-11,4.31
emp_002358,2026-04-02,4.1
emp_002358,2026-01-02,3.56
emp_002358,2025-10-04,4.53
emp_002358,2025-07-06,4.16
emp_002358,2025-04-07,4.19
emp_002358,2025-01-07,3.8
emp_002358,2024-10-09,4.42
emp_002358,2024-07-11,3.82
emp_002359,2026-04-02,4.34
emp_002359,2026-01-02,4.27
emp_002359,2025-10-04,3.99
emp_002359,2025-07-06,4.08
emp_002359,2025-04-07,4.36
emp_002359,2025-01-07,4.62
emp_002359,2024-10-09,4.02
emp_002359,2024-07-11,4.27
emp_002360,2026-04-02,3.9
emp_002360,2026-01-02,4.17
emp_002360,2025-10-04,4.02
emp_002360,2025-07-06,4.56
emp_002360,2025-04-07,3.46
emp_002361,2026-04-02,3.24
emp_002361,2026-01-02,3.2
emp_002361,2025-10-04,3.5
emp_002361,2025-07-06,3.17
emp_002362,2026-04-02,4.41
emp_002362,2026-01-02,4.95
emp_002362,2025-10-04,4.69
emp_002362,2025-07-06,4.19
emp_002362,2025-04-07,3.73
emp_002363,2026-04-02,3.64
emp_002363,2026-01-02,2.98
emp_002363,2025-10-04,3.31
emp_002363,2025-07-06,2.92
emp_002363,2025-04-07,3.0
emp_002363,2025-01-07,3.18
emp_002363,2024-10-09,3.0
emp_002363,2024-07-11,3.29
emp_002364,2026-04-02,3.88
emp_002364,2026-01-02,3.62
emp_002364,2025-10-04,3.69
emp_002364,2025-07-06,3.48
emp_002364,2025-04-07,3.75
emp_002364,2025-01-07,3.42
emp_002365,2026-04-02,4.25
emp_002365,2026-01-02,4.45
emp_002365,2025-10-04,3.88
emp_002365,2025-07-06,3.77
emp_002365,2025-04-07,4.33
emp_002365,2025-01-07,3.84
emp_002365,2024-10-09,4.18
emp_002365,2024-07-11,4.32
emp_002366,2026-04-02,3.68
emp_002366,2026-01-02,3.62
emp_002366,2025-10-04,3.89
emp_002366,2025-07-06,4.15
emp_002366,2025-04-07,3.84
emp_002366,2025-01-07,3.27
emp_002366,2024-10-09,4.29
emp_002366,2024-07-11,3.76
emp_002367,2026-04-02,3.84
emp_002367,2026-01-02,4.06
emp_002367,2025-10-04,4.26
emp_002367,2025-07-06,4.07
emp_002367,2025-04-07,4.23
emp_002367,2025-01-07,3.65
emp_002367,2024-10-09,3.91
emp_002368,2026-04-02,3.48
emp_002368,2026-01-02,3.3
emp_002368,2025-10-04,3.56
emp_002368,2025-07-06,4.14
emp_002368,2025-04-07,3.57
emp_002368,2025-01-07,3.1
emp_002368,2024-10-09,4.1
emp_002368,2024-07-11,3.69
emp_002369,2026-04-02,4.12
emp_002369,2026-01-02,3.61
emp_002369,2025-10-04,4.02
emp_002369,2025-07-06,3.55
emp_002369,2025-04-07,3.97
emp_002369,2025-01-07,4.3
emp_002369,2024-10-09,3.46
emp_002370,2026-04-02,2.81
emp_002370,2026-01-02,2.7
emp_002370,2025-10-04,3.01
emp_002370,2025-07-06,2.63
emp_002370,2025-04-07,2.75
emp_002370,2025-01-07,3.27
emp_002370,2024-10-09,3.31
emp_002370,2024-07-11,2.52
emp_002371,2026-04-02,3.45
emp_002371,2026-01-02,4.47
emp_002371,2025-10-04,3.52
emp_002371,2025-07-06,3.8
emp_002371,2025-04-07,4.35
emp_002371,2025-01-07,3.49
emp_002372,2026-04-02,3.66
emp_002372,2026-01-02,3.82
emp_002372,2025-10-04,3.34
emp_002372,2025-07-06,2.92
emp_002372,2025-04-07,3.88
emp_002372,2025-01-07,3.69
emp_002372,2024-10-09,3.91
emp_002372,2024-07-11,3.33
emp_002373,2026-04-02,3.82
emp_002373,2026-01-02,3.54
emp_002373,2025-10-04,4.39
emp_002373,2025-07-06,3.52
emp_002373,2025-04-07,3.8
emp_002373,2025-01-07,3.84
emp_002373,2024-10-09,4.05
emp_002373,2024-07-11,3.41
emp_002374,2026-04-02,3.68
emp_002374,2026-01-02,3.75
emp_002374,2025-10-04,3.76
emp_002374,2025-07-06,3.57
emp_002374,2025-04-07,3.68
emp_002374,2025-01-07,3.7
emp_002374,2024-10-09,3.39
emp_002374,2024-07-11,3.13
emp_002375,2026-04-02,3.77
emp_002375,2026-01-02,3.68
emp_002375,2025-10-04,3.51
emp_002375,2025-07-06,3.66
emp_002375,2025-04-07,3.3
emp_002375,2025-01-07,2.56
emp_002375,2024-10-09,3.51
emp_002375,2024-07-11,3.64
emp_002376,2026-04-02,4.38
emp_002376,2026-01-02,4.33
emp_002376,2025-10-04,4.12
emp_002376,2025-07-06,4.01
emp_002376,2025-04-07,3.92
emp_002377,2026-04-02,4.05
emp_002377,2026-01-02,3.77
emp_002377,2025-10-04,4.09
emp_002377,2025-07-06,3.57
emp_002377,2025-04-07,4.59
emp_002377,2025-01-07,4.07
emp_002378,2026-04-02,4.05
emp_002378,2026-01-02,3.54
emp_002378,2025-10-04,3.47
emp_002378,2025-07-06,3.75
emp_002378,2025-04-07,3.97
emp_002378,2025-01-07,3.61
emp_002378,2024-10-09,3.59
emp_002378,2024-07-11,4.04
emp_002379,2026-04-02,4.29
emp_002379,2026-01-02,3.67
emp_002379,2025-10-04,3.39
emp_002379,2025-07-06,3.42
emp_002379,2025-04-07,3.65
emp_002379,2025-01-07,3.81
emp_002380,2026-04-02,3.99
emp_002380,2026-01-02,3.51
emp_002380,2025-10-04,3.21
emp_002381,2026-04-02,4.16
emp_002381,2026-01-02,4.1
emp_002381,2025-10-04,3.65
emp_002381,2025-07-06,3.8
emp_002381,2025-04-07,4.23
emp_002381,2025-01-07,4.41
emp_002381,2024-10-09,4.09
emp_002381,2024-07-11,3.65
emp_002382,2026-04-02,3.27
emp_002382,2026-01-02,3.84
emp_002382,2025-10-04,3.25
emp_002382,2025-07-06,3.89
emp_002382,2025-04-07,3.07
emp_002382,2025-01-07,3.51
emp_002382,2024-10-09,3.55
emp_002382,2024-07-11,2.97
emp_002383,2026-04-02,3.89
emp_002383,2026-01-02,3.33
emp_002383,2025-10-04,3.62
emp_002384,2026-04-02,3.76
emp_002384,2026-01-02,3.98
emp_002385,2026-04-02,3.53
emp_002385,2026-01-02,3.52
emp_002385,2025-10-04,3.94
emp_002385,2025-07-06,3.44
emp_002385,2025-04-07,2.69
emp_002385,2025-01-07,3.55
emp_002385,2024-10-09,3.52
emp_002385,2024-07-11,3.77
emp_002386,2026-04-02,2.05
emp_002386,2026-01-02,2.59
emp_002386,2025-10-04,3.85
emp_002386,2025-07-06,2.37
emp_002386,2025-04-07,3.2
emp_002386,2025-01-07,3.4
emp_002386,2024-10-09,3.72
emp_002386,2024-07-11,3.31
emp_002387,2026-04-02,4.5
emp_002387,2026-01-02,3.88
emp_002387,2025-10-04,4.18
emp_002387,2025-07-06,4.18
emp_002387,2025-04-07,4.25
emp_002387,2025-01-07,4.84
emp_002387,2024-10-09,3.95
emp_002387,2024-07-11,3.86
emp_002388,2026-04-02,3.57
emp_002388,2026-01-02,3.98
emp_002388,2025-10-04,3.14
emp_002388,2025-07-06,3.51
emp_002388,2025-04-07,3.34
emp_002388,2025-01-07,3.57
emp_002389,2026-04-02,3.61
emp_002389,2026-01-02,3.95
emp_002389,2025-10-04,3.73
emp_002389,2025-07-06,4.52
emp_002389,2025-04-07,4.17
emp_002390,2026-04-02,3.31
emp_002390,2026-01-02,3.99
emp_002390,2025-10-04,3.57
emp_002390,2025-07-06,4.49
emp_002390,2025-04-07,3.78
emp_002390,2025-01-07,4.4
emp_002390,2024-10-09,4.04
emp_002390,2024-07-11,3.23
emp_002391,2026-04-02,4.45
emp_002391,2026-01-02,4.63
emp_002391,2025-10-04,4.69
emp_002391,2025-07-06,3.93
emp_002391,2025-04-07,4.74
emp_002391,2025-01-07,4.01
emp_002391,2024-10-09,4.43
emp_002391,2024-07-11,4.98
emp_002392,2026-04-02,3.28
emp_002392,2026-01-02,3.39
emp_002392,2025-10-04,3.7
emp_002392,2025-07-06,3.32
emp_002392,2025-04-07,3.29
emp_002392,2025-01-07,3.0
emp_002393,2026-04-02,3.68
emp_002393,2026-01-02,3.26
emp_002393,2025-10-04,3.66
emp_002393,2025-07-06,3.66
emp_002393,2025-04-07,4.38
emp_002393,2025-01-07,3.16
emp_002393,2024-10-09,4.16
emp_002394,2026-04-02,3.97
emp_002394,2026-01-02,3.64
emp_002394,2025-10-04,3.08
emp_002394,2025-07-06,3.53
emp_002394,2025-04-07,3.21
emp_002394,2025-01-07,3.89
emp_002394,2024-10-09,4.06
emp_002394,2024-07-11,4.09
emp_002395,2026-04-02,3.62
emp_002395,2026-01-02,4.79
emp_002395,2025-10-04,3.56
emp_002395,2025-07-06,3.84
emp_002395,2025-04-07,3.47
emp_002395,2025-01-07,3.76
emp_002395,2024-10-09,4.35
emp_002395,2024-07-11,3.77
emp_002396,2026-04-02,3.95
emp_002396,2026-01-02,3.68
emp_002396,2025-10-04,3.35
emp_002396,2025-07-06,3.82
emp_002397,2026-04-02,3.69
emp_002397,2026-01-02,4.02
emp_002397,2025-10-04,3.6
emp_002397,2025-07-06,3.56
emp_002397,2025-04-07,3.25
emp_002397,2025-01-07,2.57
emp_002398,2026-04-02,4.14
emp_002398,2026-01-02,4.4
emp_002398,2025-10-04,4.16
emp_002398,2025-07-06,3.88
emp_002398,2025-04-07,4.04
emp_002398,2025-01-07,4.14
emp_002398,2024-10-09,3.56
emp_002398,2024-07-11,3.22
emp_002399,2026-04-02,3.25
emp_002399,2026-01-02,3.27
emp_002399,2025-10-04,3.45
emp_002399,2025-07-06,3.22
emp_002399,2025-04-07,3.41
emp_002399,2025-01-07,3.38
emp_002399,2024-10-09,3.03
emp_002399,2024-07-11,3.23
emp_002400,2026-04-02,4.23
emp_002400,2026-01-02,4.41
emp_002400,2025-10-04,4.63
emp_002400,2025-07-06,3.58
emp_002400,2025-04-07,4.24
emp_002400,2025-01-07,4.38
emp_002400,2024-10-09,4.3
emp_002400,2024-07-11,3.96
emp_002401,2026-04-02,3.71
emp_002401,2026-01-02,3.98
emp_002401,2025-10-04,4.13
emp_002401,2025-07-06,3.5
emp_002401,2025-04-07,3.87
emp_002401,2025-01-07,4.1
emp_002401,2024-10-09,3.94
emp_002402,2026-04-02,3.53
emp_002402,2026-01-02,3.86
emp_002402,2025-10-04,3.25
emp_002402,2025-07-06,4.06
emp_002402,2025-04-07,3.11
emp_002402,2025-01-07,2.78
emp_002402,2024-10-09,3.02
emp_002402,2024-07-11,3.99
emp_002403,2026-04-02,4.4
emp_002403,2026-01-02,4.24
emp_002403,2025-10-04,4.01
emp_002404,2026-04-02,3.2
emp_002404,2026-01-02,3.75
emp_002404,2025-10-04,3.36
emp_002404,2025-07-06,3.56
emp_002404,2025-04-07,4.12
emp_002404,2025-01-07,3.95
emp_002404,2024-10-09,3.44
emp_002404,2024-07-11,3.31
emp_002405,2026-04-02,3.63
emp_002405,2026-01-02,4.12
emp_002405,2025-10-04,3.93
emp_002405,2025-07-06,3.72
emp_002405,2025-04-07,3.34
emp_002405,2025-01-07,3.28
emp_002405,2024-10-09,4.55
emp_002406,2026-04-02,3.65
emp_002406,2026-01-02,4.25
emp_002406,2025-10-04,3.76
emp_002406,2025-07-06,4.3
emp_002406,2025-04-07,4.04
emp_002406,2025-01-07,3.51
emp_002406,2024-10-09,4.23
emp_002406,2024-07-11,4.13
emp_002407,2026-04-02,3.2
emp_002407,2026-01-02,3.1
emp_002407,2025-10-04,3.8
emp_002407,2025-07-06,4.29
emp_002407,2025-04-07,3.52
emp_002407,2025-01-07,3.85
emp_002407,2024-10-09,3.28
emp_002407,2024-07-11,2.99
emp_002408,2026-04-02,4.38
emp_002408,2026-01-02,4.22
emp_002408,2025-10-04,3.83
emp_002408,2025-07-06,4.19
emp_002408,2025-04-07,3.87
emp_002408,2025-01-07,4.66
emp_002408,2024-10-09,3.51
emp_002408,2024-07-11,3.94
emp_002409,2026-04-02,4.08
emp_002409,2026-01-02,4.1
emp_002409,2025-10-04,4.15
emp_002410,2026-04-02,3.82
emp_002410,2026-01-02,3.46
emp_002410,2025-10-04,3.48
emp_002410,2025-07-06,3.89
emp_002410,2025-04-07,3.71
emp_002410,2025-01-07,4.05
emp_002410,2024-10-09,4.04
emp_002410,2024-07-11,3.61
emp_002411,2026-04-02,3.05
emp_002411,2026-01-02,4.0
emp_002411,2025-10-04,3.38
emp_002411,2025-07-06,3.66
emp_002411,2025-04-07,3.37
emp_002411,2025-01-07,3.78
emp_002411,2024-10-09,3.12
emp_002411,2024-07-11,3.68
emp_002412,2026-04-02,3.54
emp_002412,2026-01-02,3.9
emp_002412,2025-10-04,3.76
emp_002412,2025-07-06,3.36
emp_002413,2026-04-02,3.85
emp_002413,2026-01-02,3.77
emp_002413,2025-10-04,4.02
emp_002413,2025-07-06,3.84
emp_002413,2025-04-07,4.41
emp_002413,2025-01-07,4.43
emp_002413,2024-10-09,4.02
emp_002414,2026-04-02,3.95
emp_002414,2026-01-02,4.35
emp_002415,2026-04-02,2.88
emp_002415,2026-01-02,3.0
emp_002415,2025-10-04,3.0
emp_002415,2025-07-06,3.46
emp_002415,2025-04-07,3.43
emp_002415,2025-01-07,3.59
emp_002415,2024-10-09,3.27
emp_002415,2024-07-11,3.9
emp_002416,2026-04-02,4.49
emp_002416,2026-01-02,3.83
emp_002416,2025-10-04,3.97
emp_002416,2025-07-06,4.18
emp_002416,2025-04-07,4.21
emp_002416,2025-01-07,4.23
emp_002416,2024-10-09,4.69
emp_002416,2024-07-11,4.6
emp_002417,2026-04-02,4.51
emp_002417,2026-01-02,4.71
emp_002417,2025-10-04,4.34
emp_002417,2025-07-06,4.05
emp_002417,2025-04-07,3.64
emp_002417,2025-01-07,4.55
emp_002417,2024-10-09,4.06
emp_002418,2026-04-02,2.61
emp_002418,2026-01-02,2.23
emp_002418,2025-10-04,2.79
emp_002418,2025-07-06,2.65
emp_002418,2025-04-07,2.39
emp_002418,2025-01-07,3.24
emp_002418,2024-10-09,2.74
emp_002418,2024-07-11,2.35
emp_002419,2026-04-02,3.97
emp_002420,2026-04-02,3.16
emp_002420,2026-01-02,3.38
emp_002420,2025-10-04,3.08
emp_002420,2025-07-06,3.44
emp_002420,2025-04-07,3.5
emp_002420,2025-01-07,3.68
emp_002420,2024-10-09,3.36
emp_002420,2024-07-11,3.66
emp_002421,2026-04-02,4.87
emp_002421,2026-01-02,4.15
emp_002421,2025-10-04,4.15
emp_002421,2025-07-06,3.99
emp_002421,2025-04-07,3.45
emp_002421,2025-01-07,3.67
emp_002421,2024-10-09,3.04
emp_002421,2024-07-11,4.18
emp_002422,2026-04-02,3.96
emp_002422,2026-01-02,4.14
emp_002422,2025-10-04,3.95
emp_002422,2025-07-06,3.9
emp_002422,2025-04-07,3.49
emp_002422,2025-01-07,4.44
emp_002422,2024-10-09,4.11
emp_002422,2024-07-11,4.15
emp_002423,2026-04-02,3.75
emp_002423,2026-01-02,4.06
emp_002423,2025-10-04,3.77
emp_002423,2025-07-06,4.29
emp_002423,2025-04-07,4.87
emp_002423,2025-01-07,4.21
emp_002423,2024-10-09,4.26
emp_002423,2024-07-11,3.49
emp_002424,2026-04-02,3.79
emp_002424,2026-01-02,3.38
emp_002424,2025-10-04,3.72
emp_002424,2025-07-06,4.13
emp_002424,2025-04-07,3.49
emp_002424,2025-01-07,3.55
emp_002424,2024-10-09,3.26
emp_002424,2024-07-11,3.39
emp_002425,2026-04-02,3.33
emp_002425,2026-01-02,3.51
emp_002425,2025-10-04,4.63
emp_002425,2025-07-06,4.12
emp_002425,2025-04-07,3.57
emp_002425,2025-01-07,3.22
emp_002425,2024-10-09,3.77
emp_002425,2024-07-11,3.22
emp_002426,2026-04-02,3.06
emp_002426,2026-01-02,3.16
emp_002426,2025-10-04,3.58
emp_002426,2025-07-06,3.04
emp_002426,2025-04-07,3.33
emp_002426,2025-01-07,3.42
emp_002426,2024-10-09,3.69
emp_002427,2026-04-02,3.92
emp_002427,2026-01-02,3.6
emp_002427,2025-10-04,3.95
emp_002427,2025-07-06,3.31
emp_002427,2025-04-07,3.74
emp_002427,2025-01-07,4.4
emp_002427,2024-10-09,4.01
emp_002427,2024-07-11,4.14
emp_002428,2026-04-02,4.36
emp_002428,2026-01-02,3.54
emp_002428,2025-10-04,4.46
emp_002428,2025-07-06,4.01
emp_002428,2025-04-07,3.83
emp_002428,2025-01-07,4.24
emp_002428,2024-10-09,4.43
emp_002429,2026-04-02,4.53
emp_002429,2026-01-02,3.91
emp_002429,2025-10-04,4.3
emp_002429,2025-07-06,3.74
emp_002429,2025-04-07,4.16
emp_002429,2025-01-07,3.71
emp_002429,2024-10-09,4.32
emp_002429,2024-07-11,4.52
emp_002430,2026-04-02,4.51
emp_002430,2026-01-02,4.17
emp_002430,2025-10-04,3.72
emp_002430,2025-07-06,3.62
emp_002430,2025-04-07,3.83
emp_002430,2025-01-07,3.47
emp_002431,2026-04-02,4.43
emp_002431,2026-01-02,3.58
emp_002431,2025-10-04,4.14
emp_002431,2025-07-06,3.94
emp_002431,2025-04-07,3.02
emp_002431,2025-01-07,4.4
emp_002431,2024-10-09,3.33
emp_002432,2026-04-02,4.24
emp_002432,2026-01-02,3.69
emp_002432,2025-10-04,4.2
emp_002432,2025-07-06,3.61
emp_002432,2025-04-07,4.35
emp_002432,2025-01-07,4.84
emp_002432,2024-10-09,4.13
emp_002432,2024-07-11,4.44
emp_002433,2026-04-02,3.7
emp_002433,2026-01-02,3.36
emp_002433,2025-10-04,3.52
emp_002433,2025-07-06,3.95
emp_002433,2025-04-07,3.85
emp_002433,2025-01-07,3.16
emp_002433,2024-10-09,3.58
emp_002433,2024-07-11,3.78
emp_002435,2026-04-02,4.47
emp_002435,2026-01-02,3.81
emp_002435,2025-10-04,4.32
emp_002435,2025-07-06,4.03
emp_002435,2025-04-07,4.06
emp_002436,2026-04-02,4.36
emp_002436,2026-01-02,4.2
emp_002436,2025-10-04,4.35
emp_002436,2025-07-06,3.84
emp_002436,2025-04-07,3.46
emp_002436,2025-01-07,4.33
emp_002436,2024-10-09,4.36
emp_002436,2024-07-11,4.06
emp_002437,2026-04-02,4.21
emp_002437,2026-01-02,4.03
emp_002437,2025-10-04,4.66
emp_002437,2025-07-06,3.94
emp_002437,2025-04-07,3.8
emp_002437,2025-01-07,3.2
emp_002437,2024-10-09,3.63
emp_002437,2024-07-11,4.15
emp_002438,2026-04-02,4.28
emp_002438,2026-01-02,4.59
emp_002438,2025-10-04,3.65
emp_002438,2025-07-06,3.83
emp_002438,2025-04-07,4.25
emp_002438,2025-01-07,3.56
emp_002438,2024-10-09,3.97
emp_002438,2024-07-11,4.14
emp_002439,2026-04-02,4.11
emp_002439,2026-01-02,4.57
emp_002439,2025-10-04,3.89
emp_002439,2025-07-06,3.58
emp_002439,2025-04-07,3.85
emp_002439,2025-01-07,4.36
emp_002439,2024-10-09,3.62
emp_002439,2024-07-11,4.17
emp_002440,2026-04-02,3.21
emp_002440,2026-01-02,3.86
emp_002440,2025-10-04,3.65
emp_002440,2025-07-06,3.52
emp_002440,2025-04-07,3.74
emp_002440,2025-01-07,4.22
emp_002440,2024-10-09,4.2
emp_002440,2024-07-11,3.73
emp_002441,2026-04-02,4.3
emp_002441,2026-01-02,4.16
emp_002441,2025-10-04,4.07
emp_002441,2025-07-06,4.57
emp_002441,2025-04-07,4.21
emp_002441,2025-01-07,3.83
emp_002441,2024-10-09,3.95
emp_002441,2024-07-11,4.04
emp_002442,2026-04-02,3.91
emp_002442,2026-01-02,3.43
emp_002442,2025-10-04,3.21
emp_002442,2025-07-06,3.85
emp_002442,2025-04-07,3.73
emp_002442,2025-01-07,3.89
emp_002442,2024-10-09,3.26
emp_002442,2024-07-11,3.86
emp_002443,2026-04-02,3.23
emp_002443,2026-01-02,3.53
emp_002443,2025-10-04,3.36
emp_002443,2025-07-06,3.41
emp_002443,2025-04-07,3.31
emp_002443,2025-01-07,3.47
emp_002443,2024-10-09,3.99
emp_002444,2026-04-02,4.74
emp_002444,2026-01-02,4.04
emp_002445,2026-04-02,4.1
emp_002445,2026-01-02,3.7
emp_002445,2025-10-04,3.38
emp_002445,2025-07-06,4.02
emp_002445,2025-04-07,3.55
emp_002445,2025-01-07,3.4
emp_002445,2024-10-09,4.01
emp_002445,2024-07-11,3.27
emp_002446,2026-04-02,4.85
emp_002446,2026-01-02,4.33
emp_002446,2025-10-04,4.28
emp_002446,2025-07-06,3.98
emp_002447,2026-04-02,2.95
emp_002447,2026-01-02,3.61
emp_002447,2025-10-04,3.24
emp_002447,2025-07-06,2.81
emp_002447,2025-04-07,3.1
emp_002447,2025-01-07,3.24
emp_002447,2024-10-09,3.94
emp_002447,2024-07-11,3.76
emp_002448,2026-04-02,2.91
emp_002448,2026-01-02,3.69
emp_002448,2025-10-04,3.3
emp_002448,2025-07-06,4.3
emp_002448,2025-04-07,4.06
emp_002448,2025-01-07,3.85
emp_002448,2024-10-09,4.02
emp_002448,2024-07-11,3.21
emp_002449,2026-04-02,3.93
emp_002449,2026-01-02,3.95
emp_002449,2025-10-04,3.41
emp_002449,2025-07-06,3.92
emp_002449,2025-04-07,3.25
emp_002449,2025-01-07,4.28
emp_002449,2024-10-09,3.69
emp_002449,2024-07-11,2.77
emp_002450,2026-04-02,4.38
emp_002450,2026-01-02,4.42
emp_002450,2025-10-04,3.42
emp_002450,2025-07-06,4.91
emp_002450,2025-04-07,4.02
emp_002450,2025-01-07,4.26
emp_002450,2024-10-09,3.61
emp_002450,2024-07-11,4.39
emp_002451,2026-04-02,4.03
emp_002451,2026-01-02,3.74
emp_002451,2025-10-04,3.04
emp_002451,2025-07-06,3.72
emp_002451,2025-04-07,3.48
emp_002451,2025-01-07,3.47
emp_002451,2024-10-09,3.1
emp_002451,2024-07-11,3.54
emp_002452,2026-04-02,3.89
emp_002452,2026-01-02,3.36
emp_002452,2025-10-04,4.16
emp_002452,2025-07-06,3.68
emp_002452,2025-04-07,3.71
emp_002452,2025-01-07,3.55
emp_002452,2024-10-09,3.44
emp_002452,2024-07-11,3.7
emp_002453,2026-04-02,3.35
emp_002453,2026-01-02,3.97
emp_002453,2025-10-04,4.13
emp_002453,2025-07-06,3.6
emp_002453,2025-04-07,3.61
emp_002453,2025-01-07,3.48
emp_002454,2026-04-02,3.87
emp_002454,2026-01-02,3.87
emp_002454,2025-10-04,3.69
emp_002454,2025-07-06,4.7
emp_002454,2025-04-07,3.48
emp_002454,2025-01-07,3.66
emp_002454,2024-10-09,3.7
emp_002454,2024-07-11,3.26
emp_002455,2026-04-02,3.73
emp_002455,2026-01-02,3.89
emp_002455,2025-10-04,3.68
emp_002455,2025-07-06,3.78
emp_002455,2025-04-07,3.13
emp_002455,2025-01-07,3.53
emp_002455,2024-10-09,3.45
emp_002456,2026-04-02,3.02
emp_002456,2026-01-02,3.73
emp_002456,2025-10-04,3.69
emp_002456,2025-07-06,3.6
emp_002456,2025-04-07,4.49
emp_002456,2025-01-07,3.73
emp_002456,2024-10-09,3.72
emp_002456,2024-07-11,3.19
emp_002457,2026-04-02,3.21
emp_002457,2026-01-02,3.82
emp_002457,2025-10-04,3.74
emp_002457,2025-07-06,3.54
emp_002457,2025-04-07,3.24
emp_002457,2025-01-07,3.47
emp_002457,2024-10-09,3.55
emp_002457,2024-07-11,3.9
emp_002458,2026-04-02,3.69
emp_002458,2026-01-02,4.43
emp_002458,2025-10-04,4.06
emp_002458,2025-07-06,4.66
emp_002458,2025-04-07,3.71
emp_002458,2025-01-07,3.72
emp_002458,2024-10-09,3.26
emp_002458,2024-07-11,4.15
emp_002459,2026-04-02,3.78
emp_002459,2026-01-02,3.92
emp_002459,2025-10-04,3.85
emp_002459,2025-07-06,3.74
emp_002459,2025-04-07,4.46
emp_002459,2025-01-07,4.27
emp_002459,2024-10-09,5.0
emp_002459,2024-07-11,4.16
emp_002460,2026-04-02,3.11
emp_002460,2026-01-02,3.61
emp_002460,2025-10-04,3.06
emp_002460,2025-07-06,3.67
emp_002460,2025-04-07,3.37
emp_002460,2025-01-07,2.61
emp_002461,2026-04-02,4.02
emp_002461,2026-01-02,3.93
emp_002462,2026-04-02,4.23
emp_002462,2026-01-02,3.76
emp_002462,2025-10-04,3.83
emp_002462,2025-07-06,3.76
emp_002462,2025-04-07,3.85
emp_002463,2026-04-02,4.35
emp_002463,2026-01-02,4.31
emp_002463,2025-10-04,4.51
emp_002463,2025-07-06,4.08
emp_002463,2025-04-07,4.1
emp_002463,2025-01-07,4.6
emp_002463,2024-10-09,4.86
emp_002463,2024-07-11,4.37
emp_002464,2026-04-02,4.16
emp_002464,2026-01-02,4.12
emp_002464,2025-10-04,3.75
emp_002464,2025-07-06,3.63
emp_002464,2025-04-07,3.4
emp_002464,2025-01-07,3.44
emp_002464,2024-10-09,4.11
emp_002464,2024-07-11,3.41
emp_002465,2026-04-02,4.42
emp_002465,2026-01-02,4.42
emp_002465,2025-10-04,4.1
emp_002465,2025-07-06,4.19
emp_002465,2025-04-07,4.18
emp_002465,2025-01-07,3.98
emp_002465,2024-10-09,4.62
emp_002465,2024-07-11,4.87
emp_002466,2026-04-02,3.61
emp_002466,2026-01-02,2.98
emp_002466,2025-10-04,4.0
emp_002466,2025-07-06,4.26
emp_002466,2025-04-07,3.85
emp_002467,2026-04-02,3.83
emp_002467,2026-01-02,4.34
emp_002467,2025-10-04,4.37
emp_002467,2025-07-06,4.45
emp_002467,2025-04-07,4.64
emp_002467,2025-01-07,4.07
emp_002467,2024-10-09,3.63
emp_002467,2024-07-11,4.46
emp_002468,2026-04-02,4.12
emp_002468,2026-01-02,3.96
emp_002468,2025-10-04,3.96
emp_002468,2025-07-06,4.23
emp_002468,2025-04-07,4.08
emp_002468,2025-01-07,4.39
emp_002468,2024-10-09,3.9
emp_002468,2024-07-11,4.47
emp_002469,2026-04-02,3.58
emp_002469,2026-01-02,3.89
emp_002469,2025-10-04,3.66
emp_002469,2025-07-06,3.8
emp_002469,2025-04-07,3.43
emp_002469,2025-01-07,3.4
emp_002469,2024-10-09,3.46
emp_002469,2024-07-11,3.73
emp_002470,2026-04-02,3.63
emp_002470,2026-01-02,3.46
emp_002470,2025-10-04,3.69
emp_002470,2025-07-06,4.07
emp_002470,2025-04-07,3.63
emp_002470,2025-01-07,3.82
emp_002470,2024-10-09,3.73
emp_002471,2026-04-02,3.34
emp_002472,2026-04-02,3.14
emp_002472,2026-01-02,4.08
emp_002472,2025-10-04,3.9
emp_002472,2025-07-06,3.1
emp_002472,2025-04-07,3.36
emp_002472,2025-01-07,3.52
emp_002472,2024-10-09,3.61
emp_002472,2024-07-11,2.99
emp_002473,2026-04-02,3.41
emp_002473,2026-01-02,3.0
emp_002473,2025-10-04,3.88
emp_002473,2025-07-06,3.95
emp_002474,2026-04-02,4.01
emp_002474,2026-01-02,3.68
emp_002474,2025-10-04,4.14
emp_002474,2025-07-06,3.74
emp_002474,2025-04-07,4.1
emp_002474,2025-01-07,3.97
emp_002475,2026-04-02,3.57
emp_002475,2026-01-02,4.09
emp_002475,2025-10-04,3.1
emp_002475,2025-07-06,3.5
emp_002475,2025-04-07,4.07
emp_002475,2025-01-07,3.93
emp_002476,2026-04-02,2.87
emp_002476,2026-01-02,2.81
emp_002476,2025-10-04,3.79
emp_002476,2025-07-06,3.15
emp_002476,2025-04-07,2.85
emp_002476,2025-01-07,3.17
emp_002476,2024-10-09,3.54
emp_002476,2024-07-11,3.68
emp_002477,2026-04-02,3.62
emp_002477,2026-01-02,3.64
emp_002477,2025-10-04,4.12
emp_002477,2025-07-06,3.92
emp_002477,2025-04-07,3.77
emp_002478,2026-04-02,4.49
emp_002478,2026-01-02,4.06
emp_002478,2025-10-04,4.24
emp_002478,2025-07-06,4.09
emp_002478,2025-04-07,4.31
emp_002478,2025-01-07,4.45
emp_002478,2024-10-09,3.98
emp_002478,2024-07-11,3.98
emp_002479,2026-04-02,3.29
emp_002479,2026-01-02,4.44
emp_002480,2026-04-02,3.3
emp_002480,2026-01-02,3.13
emp_002480,2025-10-04,3.46
emp_002480,2025-07-06,3.31
emp_002480,2025-04-07,2.69
emp_002480,2025-01-07,3.45
emp_002480,2024-10-09,2.74
emp_002480,2024-07-11,3.35
emp_002481,2026-04-02,4.19
emp_002481,2026-01-02,3.54
emp_002481,2025-10-04,2.94
emp_002481,2025-07-06,3.88
emp_002481,2025-04-07,3.43
emp_002481,2025-01-07,4.48
emp_002481,2024-10-09,4.14
emp_002481,2024-07-11,3.73
emp_002482,2026-04-02,3.23
emp_002482,2026-01-02,2.81
emp_002483,2026-04-02,3.89
emp_002483,2026-01-02,4.52
emp_002483,2025-10-04,4.51
emp_002483,2025-07-06,4.06
emp_002483,2025-04-07,4.5
emp_002483,2025-01-07,4.87
emp_002483,2024-10-09,4.32
emp_002483,2024-07-11,4.94
emp_002484,2026-04-02,3.72
emp_002484,2026-01-02,3.83
emp_002484,2025-10-04,4.23
emp_002484,2025-07-06,3.73
emp_002484,2025-04-07,3.78
emp_002484,2025-01-07,3.61
emp_002484,2024-10-09,4.06
emp_002484,2024-07-11,3.42
emp_002485,2026-04-02,3.93
emp_002485,2026-01-02,4.02
emp_002485,2025-10-04,4.34
emp_002485,2025-07-06,4.93
emp_002485,2025-04-07,3.96
emp_002485,2025-01-07,3.49
emp_002485,2024-10-09,3.87
emp_002485,2024-07-11,3.75
emp_002486,2026-04-02,4.2
emp_002486,2026-01-02,3.91
emp_002486,2025-10-04,3.66
emp_002486,2025-07-06,4.15
emp_002486,2025-04-07,3.14
emp_002486,2025-01-07,4.09
emp_002486,2024-10-09,4.48
emp_002487,2026-04-02,3.94
emp_002487,2026-01-02,3.55
emp_002487,2025-10-04,4.38
emp_002487,2025-07-06,4.44
emp_002487,2025-04-07,3.48
emp_002487,2025-01-07,3.65
emp_002487,2024-10-09,3.01
emp_002487,2024-07-11,3.58
emp_002488,2026-04-02,3.86
emp_002488,2026-01-02,4.12
emp_002488,2025-10-04,4.58
emp_002488,2025-07-06,3.92
emp_002489,2026-04-02,4.29
emp_002489,2026-01-02,4.74
emp_002489,2025-10-04,4.41
emp_002489,2025-07-06,4.51
emp_002489,2025-04-07,4.46
emp_002489,2025-01-07,4.7
emp_002489,2024-10-09,3.62
emp_002489,2024-07-11,4.17
emp_002490,2026-04-02,2.76
emp_002490,2026-01-02,3.67
emp_002490,2025-10-04,3.47
emp_002490,2025-07-06,3.73
emp_002490,2025-04-07,3.31
emp_002490,2025-01-07,3.57
emp_002490,2024-10-09,3.46
emp_002490,2024-07-11,3.25
emp_002491,2026-04-02,3.56
emp_002491,2026-01-02,3.84
emp_002491,2025-10-04,4.34
emp_002491,2025-07-06,4.0
emp_002491,2025-04-07,4.22
emp_002491,2025-01-07,3.48
emp_002491,2024-10-09,4.22
emp_002491,2024-07-11,3.13
emp_002492,2026-04-02,3.48
emp_002492,2026-01-02,4.06
emp_002492,2025-10-04,3.72
emp_002492,2025-07-06,4.49
emp_002493,2026-04-02,3.76
emp_002493,2026-01-02,5.0
emp_002493,2025-10-04,4.64
emp_002493,2025-07-06,3.82
emp_002493,2025-04-07,3.93
emp_002493,2025-01-07,4.19
emp_002493,2024-10-09,3.8
emp_002493,2024-07-11,3.59
emp_002494,2026-04-02,3.77
emp_002494,2026-01-02,3.59
emp_002494,2025-10-04,3.39
emp_002494,2025-07-06,3.81
emp_002494,2025-04-07,4.03
emp_002494,2025-01-07,3.56
emp_002494,2024-10-09,4.5
emp_002494,2024-07-11,4.28
emp_002495,2026-04-02,4.03
emp_002495,2026-01-02,3.59
emp_002495,2025-10-04,3.58
emp_002495,2025-07-06,3.65
emp_002495,2025-04-07,4.43
emp_002495,2025-01-07,3.94
emp_002495,2024-10-09,4.3
emp_002495,2024-07-11,3.64
emp_002496,2026-04-02,3.12
emp_002496,2026-01-02,3.37
emp_002496,2025-10-04,4.01
emp_002497,2026-04-02,4.08
emp_002497,2026-01-02,3.72
emp_002497,2025-10-04,4.3
emp_002497,2025-07-06,4.25
emp_002497,2025-04-07,4.77
emp_002498,2026-04-02,3.25
emp_002498,2026-01-02,4.04
emp_002498,2025-10-04,4.1
emp_002498,2025-07-06,3.91
emp_002498,2025-04-07,3.49
emp_002498,2025-01-07,3.44
emp_002498,2024-10-09,4.14
emp_002498,2024-07-11,3.59
emp_002499,2026-04-02,2.93
emp_002499,2026-01-02,3.62
emp_002499,2025-10-04,3.88
emp_002499,2025-07-06,4.21
emp_002500,2026-04-02,4.23
emp_002500,2026-01-02,3.57
emp_002500,2025-10-04,3.7
emp_002500,2025-07-06,3.26
emp_002500,2025-04-07,4.26
emp_002500,2025-01-07,3.3
emp_002500,2024-10-09,4.07
emp_002500,2024-07-11,4.19
emp_002501,2026-04-02,3.21
emp_002501,2026-01-02,4.34
emp_002501,2025-10-04,3.25
emp_002501,2025-07-06,3.78
emp_002501,2025-04-07,3.46
emp_002501,2025-01-07,3.48
emp_002502,2026-04-02,3.44
emp_002503,2026-04-02,4.24
emp_002503,2026-01-02,4.24
emp_002503,2025-10-04,4.09
emp_002503,2025-07-06,4.22
emp_002504,2026-04-02,4.52
emp_002504,2026-01-02,4.18
emp_002504,2025-10-04,4.57
emp_002504,2025-07-06,3.75
emp_002504,2025-04-07,3.77
emp_002505,2026-04-02,3.67
emp_002505,2026-01-02,3.57
emp_002505,2025-10-04,4.14
emp_002505,2025-07-06,4.39
emp_002505,2025-04-07,3.24
emp_002505,2025-01-07,4.28
emp_002505,2024-10-09,3.31
emp_002505,2024-07-11,4.27
emp_002506,2026-04-02,4.34
emp_002506,2026-01-02,3.91
emp_002506,2025-10-04,3.95
emp_002506,2025-07-06,3.98
emp_002506,2025-04-07,3.97
emp_002506,2025-01-07,3.19
emp_002506,2024-10-09,4.15
emp_002506,2024-07-11,3.93
emp_002507,2026-04-02,4.18
emp_002507,2026-01-02,3.67
emp_002507,2025-10-04,4.62
emp_002507,2025-07-06,4.22
emp_002508,2026-04-02,2.8
emp_002508,2026-01-02,2.92
emp_002508,2025-10-04,3.04
emp_002508,2025-07-06,3.09
emp_002508,2025-04-07,3.18
emp_002508,2025-01-07,3.25
emp_002508,2024-10-09,2.89
emp_002508,2024-07-11,3.23
emp_002509,2026-04-02,2.93
emp_002509,2026-01-02,2.74
emp_002509,2025-10-04,3.58
emp_002509,2025-07-06,3.8
emp_002509,2025-04-07,3.59
emp_002509,2025-01-07,3.39
emp_002509,2024-10-09,3.69
emp_002510,2026-04-02,3.54
emp_002510,2026-01-02,4.02
emp_002510,2025-10-04,3.7
emp_002510,2025-07-06,3.51
emp_002510,2025-04-07,4.07
emp_002510,2025-01-07,4.31
emp_002510,2024-10-09,4.13
emp_002510,2024-07-11,4.37
emp_002511,2026-04-02,4.16
emp_002511,2026-01-02,3.57
emp_002511,2025-10-04,4.06
emp_002511,2025-07-06,4.04
emp_002511,2025-04-07,3.96
emp_002511,2025-01-07,4.18
emp_002511,2024-10-09,4.23
emp_002511,2024-07-11,4.13
emp_002512,2026-04-02,4.21
emp_002513,2026-04-02,4.05
emp_002513,2026-01-02,3.99
emp_002513,2025-10-04,3.55
emp_002513,2025-07-06,4.03
emp_002513,2025-04-07,3.92
emp_002513,2025-01-07,3.89
emp_002513,2024-10-09,3.84
emp_002513,2024-07-11,4.55
emp_002514,2026-04-02,4.18
emp_002514,2026-01-02,4.23
emp_002514,2025-10-04,4.72
emp_002514,2025-07-06,4.24
emp_002514,2025-04-07,3.94
emp_002515,2026-04-02,3.8
emp_002515,2026-01-02,3.67
emp_002515,2025-10-04,3.2
emp_002515,2025-07-06,3.88
emp_002515,2025-04-07,3.1
emp_002515,2025-01-07,4.03
emp_002515,2024-10-09,3.7
emp_002515,2024-07-11,3.16
emp_002516,2026-04-02,3.4
emp_002516,2026-01-02,4.19
emp_002516,2025-10-04,3.67
emp_002516,2025-07-06,3.1
emp_002516,2025-04-07,3.8
emp_002516,2025-01-07,3.81
emp_002516,2024-10-09,4.05
emp_002517,2026-04-02,2.87
emp_002517,2026-01-02,3.65
emp_002517,2025-10-04,2.52
emp_002517,2025-07-06,3.25
emp_002517,2025-04-07,3.48
emp_002517,2025-01-07,3.05
emp_002517,2024-10-09,3.42
emp_002517,2024-07-11,3.51
emp_002518,2026-04-02,3.12
emp_002518,2026-01-02,3.52
emp_002518,2025-10-04,3.07
emp_002518,2025-07-06,3.86
emp_002518,2025-04-07,3.81
emp_002518,2025-01-07,3.51
emp_002519,2026-04-02,4.24
emp_002519,2026-01-02,3.88
emp_002519,2025-10-04,4.35
emp_002519,2025-07-06,2.95
emp_002519,2025-04-07,3.73
emp_002519,2025-01-07,3.27
emp_002519,2024-10-09,3.27
emp_002520,2026-04-02,4.21
emp_002520,2026-01-02,4.09
emp_002520,2025-10-04,3.51
emp_002520,2025-07-06,3.83
emp_002520,2025-04-07,4.04
emp_002521,2026-04-02,4.16
emp_002521,2026-01-02,3.56
emp_002521,2025-10-04,4.14
emp_002521,2025-07-06,4.15
emp_002521,2025-04-07,3.7
emp_002521,2025-01-07,3.84
emp_002521,2024-10-09,3.6
emp_002521,2024-07-11,2.94
emp_002523,2026-04-02,4.4
emp_002523,2026-01-02,3.66
emp_002523,2025-10-04,4.02
emp_002523,2025-07-06,3.88
emp_002523,2025-04-07,4.21
emp_002523,2025-01-07,3.46
emp_002523,2024-10-09,4.15
emp_002524,2026-04-02,4.09
emp_002524,2026-01-02,4.03
emp_002524,2025-10-04,4.23
emp_002524,2025-07-06,4.57
emp_002524,2025-04-07,3.98
emp_002524,2025-01-07,4.44
emp_002524,2024-10-09,4.44
emp_002524,2024-07-11,4.38
emp_002525,2026-04-02,4.04
emp_002525,2026-01-02,4.35
emp_002525,2025-10-04,4.46
emp_002525,2025-07-06,4.09
emp_002525,2025-04-07,3.9
emp_002525,2025-01-07,3.88
emp_002525,2024-10-09,3.98
emp_002525,2024-07-11,4.2
emp_002526,2026-04-02,3.74
emp_002526,2026-01-02,3.89
emp_002526,2025-10-04,4.27
emp_002526,2025-07-06,4.02
emp_002526,2025-04-07,4.16
emp_002526,2025-01-07,3.66
emp_002526,2024-10-09,3.71
emp_002526,2024-07-11,4.08
emp_002527,2026-04-02,3.76
emp_002527,2026-01-02,4.02
emp_002527,2025-10-04,3.86
emp_002527,2025-07-06,3.5
emp_002527,2025-04-07,2.61
emp_002527,2025-01-07,3.46
emp_002527,2024-10-09,3.47
emp_002527,2024-07-11,3.86
emp_002528,2026-04-02,3.82
emp_002528,2026-01-02,3.27
emp_002528,2025-10-04,3.58
emp_002528,2025-07-06,3.69
emp_002528,2025-04-07,3.14
emp_002529,2026-04-02,3.97
emp_002529,2026-01-02,3.41
emp_002529,2025-10-04,3.69
emp_002529,2025-07-06,4.09
emp_002529,2025-04-07,3.69
emp_002529,2025-01-07,3.33
emp_002529,2024-10-09,3.78
emp_002529,2024-07-11,3.3
emp_002530,2026-04-02,3.66
emp_002530,2026-01-02,4.24
emp_002530,2025-10-04,3.47
emp_002530,2025-07-06,4.05
emp_002530,2025-04-07,4.34
emp_002531,2026-04-02,4.4
emp_002531,2026-01-02,3.32
emp_002531,2025-10-04,4.76
emp_002531,2025-07-06,4.29
emp_002531,2025-04-07,4.58
emp_002532,2026-04-02,3.79
emp_002532,2026-01-02,3.77
emp_002532,2025-10-04,3.34
emp_002532,2025-07-06,3.58
emp_002532,2025-04-07,3.45
emp_002532,2025-01-07,4.09
emp_002532,2024-10-09,3.48
emp_002532,2024-07-11,3.1
emp_002533,2026-04-02,3.24
emp_002533,2026-01-02,3.92
emp_002533,2025-10-04,3.2
emp_002533,2025-07-06,3.66
emp_002533,2025-04-07,3.58
emp_002533,2025-01-07,3.85
emp_002533,2024-10-09,3.98
emp_002533,2024-07-11,3.72
emp_002534,2026-04-02,3.36
emp_002534,2026-01-02,3.64
emp_002534,2025-10-04,4.26
emp_002534,2025-07-06,3.4
emp_002534,2025-04-07,3.73
emp_002534,2025-01-07,4.18
emp_002534,2024-10-09,3.56
emp_002534,2024-07-11,4.19
emp_002535,2026-04-02,4.07
emp_002535,2026-01-02,3.87
emp_002535,2025-10-04,3.36
emp_002535,2025-07-06,3.9
emp_002535,2025-04-07,4.05
emp_002535,2025-01-07,4.22
emp_002535,2024-10-09,3.25
emp_002535,2024-07-11,3.49
emp_002536,2026-04-02,4.09
emp_002536,2026-01-02,3.92
emp_002536,2025-10-04,3.61
emp_002536,2025-07-06,4.58
emp_002536,2025-04-07,3.83
emp_002536,2025-01-07,4.45
emp_002536,2024-10-09,4.59
emp_002536,2024-07-11,4.2
emp_002537,2026-04-02,3.93
emp_002537,2026-01-02,4.54
emp_002537,2025-10-04,4.26
emp_002537,2025-07-06,4.08
emp_002537,2025-04-07,4.14
emp_002537,2025-01-07,3.89
emp_002537,2024-10-09,4.23
emp_002537,2024-07-11,4.58
emp_002538,2026-04-02,3.97
emp_002538,2026-01-02,3.88
emp_002538,2025-10-04,3.14
emp_002538,2025-07-06,3.65
emp_002538,2025-04-07,3.77
emp_002538,2025-01-07,3.99
emp_002538,2024-10-09,3.48
emp_002538,2024-07-11,3.66
emp_002540,2026-04-02,3.77
emp_002540,2026-01-02,3.65
emp_002540,2025-10-04,4.1
emp_002540,2025-07-06,3.47
emp_002540,2025-04-07,3.83
emp_002540,2025-01-07,4.12
emp_002540,2024-10-09,3.63
emp_002540,2024-07-11,4.82
emp_002541,2026-04-02,3.52
emp_002541,2026-01-02,3.12
emp_002541,2025-10-04,2.86
emp_002541,2025-07-06,3.61
emp_002541,2025-04-07,3.5
emp_002541,2025-01-07,3.27
emp_002541,2024-10-09,3.82
emp_002541,2024-07-11,3.8
emp_002542,2026-04-02,4.07
emp_002542,2026-01-02,4.09
emp_002542,2025-10-04,4.03
emp_002542,2025-07-06,4.19
emp_002542,2025-04-07,4.19
emp_002542,2025-01-07,4.09
emp_002542,2024-10-09,3.43
emp_002542,2024-07-11,4.33
emp_002543,2026-04-02,3.01
emp_002543,2026-01-02,3.75
emp_002543,2025-10-04,4.25
emp_002543,2025-07-06,2.85
emp_002543,2025-04-07,3.32
emp_002543,2025-01-07,3.41
emp_002543,2024-10-09,3.36
emp_002543,2024-07-11,3.55
emp_002544,2026-04-02,4.47
emp_002544,2026-01-02,4.03
emp_002544,2025-10-04,3.88
emp_002544,2025-07-06,3.7
emp_002544,2025-04-07,3.92
emp_002544,2025-01-07,3.97
emp_002544,2024-10-09,4.63
emp_002544,2024-07-11,4.62
emp_002545,2026-04-02,3.63
emp_002545,2026-01-02,3.78
emp_002545,2025-10-04,2.99
emp_002545,2025-07-06,3.49
emp_002545,2025-04-07,3.3
emp_002545,2025-01-07,3.17
emp_002545,2024-10-09,3.6
emp_002545,2024-07-11,3.28
emp_002546,2026-04-02,4.01
emp_002546,2026-01-02,3.89
emp_002546,2025-10-04,4.01
emp_002546,2025-07-06,3.31
emp_002546,2025-04-07,4.23
emp_002547,2026-04-02,3.88
emp_002547,2026-01-02,4.39
emp_002547,2025-10-04,3.67
emp_002547,2025-07-06,3.35
emp_002547,2025-04-07,4.37
emp_002547,2025-01-07,4.25
emp_002547,2024-10-09,3.79
emp_002547,2024-07-11,4.32
emp_002548,2026-04-02,4.0
emp_002548,2026-01-02,3.95
emp_002548,2025-10-04,4.03
emp_002549,2026-04-02,4.33
emp_002549,2026-01-02,3.77
emp_002550,2026-04-02,3.24
emp_002551,2026-04-02,3.97
emp_002551,2026-01-02,3.96
emp_002551,2025-10-04,3.79
emp_002551,2025-07-06,2.89
emp_002551,2025-04-07,4.17
emp_002551,2025-01-07,4.01
emp_002551,2024-10-09,4.16
emp_002551,2024-07-11,3.12
emp_002552,2026-04-02,3.78
emp_002552,2026-01-02,3.62
emp_002552,2025-10-04,3.92
emp_002552,2025-07-06,3.53
emp_002552,2025-04-07,3.62
emp_002552,2025-01-07,3.82
emp_002552,2024-10-09,3.45
emp_002552,2024-07-11,3.63
emp_002553,2026-04-02,3.74
emp_002553,2026-01-02,4.03
emp_002553,2025-10-04,3.43
emp_002553,2025-07-06,4.11
emp_002553,2025-04-07,3.72
emp_002553,2025-01-07,3.32
emp_002553,2024-10-09,3.85
emp_002553,2024-07-11,3.77
emp_002554,2026-04-02,3.58
emp_002554,2026-01-02,3.86
emp_002554,2025-10-04,4.06
emp_002555,2026-04-02,2.97
emp_002555,2026-01-02,3.18
emp_002555,2025-10-04,3.52
emp_002555,2025-07-06,3.21
emp_002555,2025-04-07,3.94
emp_002555,2025-01-07,3.83
emp_002555,2024-10-09,4.33
emp_002555,2024-07-11,3.63
emp_002556,2026-04-02,3.85
emp_002556,2026-01-02,4.11
emp_002556,2025-10-04,3.73
emp_002556,2025-07-06,4.12
emp_002556,2025-04-07,3.32
emp_002556,2025-01-07,4.33
emp_002556,2024-10-09,4.0
emp_002556,2024-07-11,3.84
emp_002557,2026-04-02,4.45
emp_002557,2026-01-02,4.16
emp_002557,2025-10-04,3.95
emp_002557,2025-07-06,3.71
emp_002557,2025-04-07,4.5
emp_002557,2025-01-07,4.83
emp_002557,2024-10-09,4.14
emp_002557,2024-07-11,4.2
emp_002558,2026-04-02,3.75
emp_002558,2026-01-02,3.4
emp_002558,2025-10-04,3.3
emp_002558,2025-07-06,3.66
emp_002558,2025-04-07,3.66
emp_002558,2025-01-07,3.6
emp_002558,2024-10-09,3.88
emp_002558,2024-07-11,3.66
emp_002559,2026-04-02,3.24
emp_002559,2026-01-02,3.14
emp_002559,2025-10-04,3.06
emp_002559,2025-07-06,3.32
emp_002559,2025-04-07,3.18
emp_002559,2025-01-07,3.23
emp_002559,2024-10-09,2.91
emp_002559,2024-07-11,3.11
emp_002560,2026-04-02,3.95
emp_002560,2026-01-02,4.14
emp_002560,2025-10-04,3.53
emp_002560,2025-07-06,3.88
emp_002560,2025-04-07,4.31
emp_002560,2025-01-07,3.89
emp_002560,2024-10-09,3.44
emp_002561,2026-04-02,3.24
emp_002561,2026-01-02,3.75
emp_002561,2025-10-04,3.04
emp_002561,2025-07-06,3.46
emp_002562,2026-04-02,4.49
emp_002562,2026-01-02,3.9
emp_002562,2025-10-04,4.4
emp_002562,2025-07-06,4.33
emp_002562,2025-04-07,4.33
emp_002562,2025-01-07,4.23
emp_002562,2024-10-09,4.61
emp_002562,2024-07-11,4.81
emp_002563,2026-04-02,3.26
emp_002563,2026-01-02,3.26
emp_002563,2025-10-04,3.25
emp_002563,2025-07-06,3.28
emp_002563,2025-04-07,3.2
emp_002563,2025-01-07,3.73
emp_002563,2024-10-09,3.39
emp_002563,2024-07-11,3.75
emp_002564,2026-04-02,3.98
emp_002564,2026-01-02,4.37
emp_002564,2025-10-04,4.06
emp_002564,2025-07-06,4.79
emp_002564,2025-04-07,4.02
emp_002564,2025-01-07,4.29
emp_002564,2024-10-09,3.99
emp_002564,2024-07-11,3.93
emp_002565,2026-04-02,3.07
emp_002565,2026-01-02,4.26
emp_002565,2025-10-04,3.63
emp_002565,2025-07-06,4.36
emp_002565,2025-04-07,3.92
emp_002565,2025-01-07,4.68
emp_002565,2024-10-09,4.52
emp_002565,2024-07-11,3.41
emp_002566,2026-04-02,4.16
emp_002566,2026-01-02,4.07
emp_002566,2025-10-04,4.17
emp_002566,2025-07-06,3.35
emp_002566,2025-04-07,3.77
emp_002566,2025-01-07,3.95
emp_002566,2024-10-09,4.17
emp_002566,2024-07-11,3.6
emp_002567,2026-04-02,4.03
emp_002567,2026-01-02,4.04
emp_002567,2025-10-04,3.66
emp_002567,2025-07-06,4.1
emp_002567,2025-04-07,2.99
emp_002567,2025-01-07,3.62
emp_002567,2024-10-09,3.32
emp_002567,2024-07-11,3.26
emp_002568,2026-04-02,3.65
emp_002568,2026-01-02,2.85
emp_002568,2025-10-04,3.33
emp_002568,2025-07-06,3.75
emp_002568,2025-04-07,3.05
emp_002568,2025-01-07,3.01
emp_002568,2024-10-09,3.35
emp_002569,2026-04-02,3.74
emp_002569,2026-01-02,4.29
emp_002569,2025-10-04,4.14
emp_002569,2025-07-06,3.49
emp_002569,2025-04-07,2.73
emp_002569,2025-01-07,3.68
emp_002570,2026-04-02,3.66
emp_002570,2026-01-02,3.71
emp_002570,2025-10-04,3.73
emp_002570,2025-07-06,4.14
emp_002570,2025-04-07,3.85
emp_002570,2025-01-07,3.79
emp_002570,2024-10-09,3.69
emp_002570,2024-07-11,3.66
emp_002571,2026-04-02,3.94
emp_002571,2026-01-02,4.03
emp_002572,2026-04-02,3.79
emp_002572,2026-01-02,3.44
emp_002572,2025-10-04,3.93
emp_002572,2025-07-06,3.86
emp_002572,2025-04-07,3.78
emp_002572,2025-01-07,3.66
emp_002572,2024-10-09,3.99
emp_002572,2024-07-11,3.56
emp_002573,2026-04-02,4.74
emp_002573,2026-01-02,4.53
emp_002573,2025-10-04,4.17
emp_002573,2025-07-06,4.73
emp_002573,2025-04-07,4.13
emp_002573,2025-01-07,4.56
emp_002573,2024-10-09,4.68
emp_002573,2024-07-11,5.0
emp_002574,2026-04-02,3.81
emp_002574,2026-01-02,4.06
emp_002574,2025-10-04,3.8
emp_002574,2025-07-06,3.93
emp_002574,2025-04-07,4.45
emp_002574,2025-01-07,3.9
emp_002574,2024-10-09,4.43
emp_002574,2024-07-11,4.15
emp_002575,2026-04-02,4.19
emp_002575,2026-01-02,3.67
emp_002575,2025-10-04,3.53
emp_002575,2025-07-06,3.34
emp_002575,2025-04-07,4.5
emp_002575,2025-01-07,4.32
emp_002575,2024-10-09,4.27
emp_002576,2026-04-02,4.12
emp_002576,2026-01-02,3.81
emp_002576,2025-10-04,3.75
emp_002576,2025-07-06,3.87
emp_002576,2025-04-07,3.48
emp_002576,2025-01-07,4.21
emp_002576,2024-10-09,4.54
emp_002576,2024-07-11,4.35
emp_002577,2026-04-02,4.45
emp_002577,2026-01-02,3.74
emp_002577,2025-10-04,3.64
emp_002577,2025-07-06,3.45
emp_002577,2025-04-07,3.81
emp_002577,2025-01-07,3.03
emp_002577,2024-10-09,3.25
emp_002577,2024-07-11,3.73
emp_002578,2026-04-02,3.89
emp_002578,2026-01-02,4.48
emp_002578,2025-10-04,3.97
emp_002578,2025-07-06,4.18
emp_002578,2025-04-07,4.08
emp_002578,2025-01-07,4.14
emp_002578,2024-10-09,3.76
emp_002579,2026-04-02,4.03
emp_002579,2026-01-02,3.55
emp_002579,2025-10-04,3.5
emp_002579,2025-07-06,4.45
emp_002579,2025-04-07,3.56
emp_002579,2025-01-07,4.06
emp_002579,2024-10-09,3.87
emp_002579,2024-07-11,4.31
emp_002580,2026-04-02,3.06
emp_002580,2026-01-02,4.22
emp_002580,2025-10-04,4.27
emp_002580,2025-07-06,3.61
emp_002580,2025-04-07,4.16
emp_002580,2025-01-07,3.65
emp_002580,2024-10-09,4.0
emp_002580,2024-07-11,4.08
emp_002581,2026-04-02,3.83
emp_002581,2026-01-02,3.4
emp_002581,2025-10-04,3.54
emp_002581,2025-07-06,3.25
emp_002581,2025-04-07,3.28
emp_002581,2025-01-07,3.2
emp_002581,2024-10-09,3.55
emp_002581,2024-07-11,3.75
emp_002582,2026-04-02,3.37
emp_002582,2026-01-02,4.08
emp_002582,2025-10-04,3.7
emp_002582,2025-07-06,3.66
emp_002582,2025-04-07,3.96
emp_002582,2025-01-07,3.82
emp_002582,2024-10-09,3.95
emp_002582,2024-07-11,4.28
emp_002583,2026-04-02,3.9
emp_002583,2026-01-02,3.64
emp_002583,2025-10-04,4.2
emp_002583,2025-07-06,3.99
emp_002583,2025-04-07,3.5
emp_002583,2025-01-07,4.01
emp_002583,2024-10-09,3.52
emp_002584,2026-04-02,3.63
emp_002584,2026-01-02,3.52
emp_002584,2025-10-04,3.67
emp_002584,2025-07-06,3.55
emp_002584,2025-04-07,3.6
emp_002584,2025-01-07,3.97
emp_002584,2024-10-09,3.41
emp_002584,2024-07-11,4.0
emp_002585,2026-04-02,3.06
emp_002585,2026-01-02,3.6
emp_002585,2025-10-04,4.1
emp_002585,2025-07-06,4.09
emp_002585,2025-04-07,3.91
emp_002585,2025-01-07,3.61
emp_002585,2024-10-09,3.99
emp_002585,2024-07-11,3.89
emp_002586,2026-04-02,3.3
emp_002587,2026-04-02,4.22
emp_002587,2026-01-02,3.55
emp_002587,2025-10-04,3.12
emp_002587,2025-07-06,3.21
emp_002587,2025-04-07,3.63
emp_002587,2025-01-07,3.68
emp_002587,2024-10-09,3.54
emp_002587,2024-07-11,3.95
emp_002588,2026-04-02,4.71
emp_002588,2026-01-02,3.55
emp_002588,2025-10-04,4.14
emp_002588,2025-07-06,4.63
emp_002588,2025-04-07,4.19
emp_002589,2026-04-02,3.57
emp_002589,2026-01-02,3.62
emp_002589,2025-10-04,3.84
emp_002589,2025-07-06,3.51
emp_002589,2025-04-07,4.2
emp_002589,2025-01-07,3.33
emp_002589,2024-10-09,3.87
emp_002589,2024-07-11,3.45
emp_002590,2026-04-02,3.58
emp_002590,2026-01-02,3.06
emp_002590,2025-10-04,4.22
emp_002591,2026-04-02,3.46
emp_002592,2026-04-02,3.99
emp_002592,2026-01-02,4.1
emp_002593,2026-04-02,4.22
emp_002593,2026-01-02,3.58
emp_002593,2025-10-04,3.52
emp_002593,2025-07-06,4.21
emp_002593,2025-04-07,4.02
emp_002593,2025-01-07,3.8
emp_002593,2024-10-09,3.65
emp_002593,2024-07-11,4.04
emp_002594,2026-04-02,2.69
emp_002595,2026-04-02,3.46
emp_002595,2026-01-02,3.43
emp_002596,2026-04-02,3.85
emp_002596,2026-01-02,4.35
emp_002596,2025-10-04,3.9
emp_002596,2025-07-06,3.83
emp_002596,2025-04-07,4.2
emp_002596,2025-01-07,3.98
emp_002596,2024-10-09,4.62
emp_002596,2024-07-11,4.29
emp_002597,2026-04-02,4.42
emp_002597,2026-01-02,3.81
emp_002597,2025-10-04,3.81
emp_002597,2025-07-06,4.02
emp_002597,2025-04-07,3.73
emp_002597,2025-01-07,3.89
emp_002597,2024-10-09,3.39
emp_002597,2024-07-11,3.51
emp_002598,2026-04-02,3.6
emp_002598,2026-01-02,3.87
emp_002598,2025-10-04,4.89
emp_002598,2025-07-06,4.5
emp_002598,2025-04-07,4.62
emp_002598,2025-01-07,3.71
emp_002598,2024-10-09,4.35
emp_002598,2024-07-11,4.53
emp_002599,2026-04-02,3.54
emp_002599,2026-01-02,4.03
emp_002599,2025-10-04,3.53
emp_002599,2025-07-06,4.14
emp_002599,2025-04-07,3.88
emp_002599,2025-01-07,3.56
emp_002599,2024-10-09,3.65
emp_002599,2024-07-11,3.19
emp_002600,2026-04-02,4.31
emp_002600,2026-01-02,4.21
emp_002600,2025-10-04,3.66
emp_002601,2026-04-02,4.05
emp_002601,2026-01-02,4.11
emp_002601,2025-10-04,4.26
emp_002601,2025-07-06,4.32
emp_002601,2025-04-07,4.57
emp_002602,2026-04-02,3.7
emp_002602,2026-01-02,3.8
emp_002602,2025-10-04,4.01
emp_002602,2025-07-06,4.5
emp_002603,2026-04-02,4.11
emp_002603,2026-01-02,3.88
emp_002603,2025-10-04,3.74
emp_002603,2025-07-06,4.06
emp_002603,2025-04-07,4.04
emp_002603,2025-01-07,4.0
emp_002603,2024-10-09,3.17
emp_002603,2024-07-11,3.96
emp_002604,2026-04-02,4.15
emp_002605,2026-04-02,4.1
emp_002605,2026-01-02,3.5
emp_002605,2025-10-04,3.75
emp_002605,2025-07-06,3.74
emp_002605,2025-04-07,3.7
emp_002606,2026-04-02,4.25
emp_002606,2026-01-02,3.85
emp_002606,2025-10-04,3.66
emp_002606,2025-07-06,3.19
emp_002606,2025-04-07,3.83
emp_002606,2025-01-07,3.36
emp_002606,2024-10-09,3.61
emp_002607,2026-04-02,4.54
emp_002607,2026-01-02,4.06
emp_002607,2025-10-04,3.64
emp_002607,2025-07-06,3.77
emp_002607,2025-04-07,4.16
emp_002607,2025-01-07,4.24
emp_002607,2024-10-09,4.09
emp_002607,2024-07-11,4.34
emp_002608,2026-04-02,3.91
emp_002608,2026-01-02,3.03
emp_002608,2025-10-04,3.4
emp_002608,2025-07-06,3.74
emp_002608,2025-04-07,3.87
emp_002608,2025-01-07,4.22
emp_002608,2024-10-09,4.11
emp_002608,2024-07-11,4.16
emp_002609,2026-04-02,3.4
emp_002609,2026-01-02,3.78
emp_002609,2025-10-04,3.35
emp_002609,2025-07-06,3.5
emp_002609,2025-04-07,3.0
emp_002609,2025-01-07,2.96
emp_002609,2024-10-09,3.24
emp_002609,2024-07-11,3.18
emp_002610,2026-04-02,4.89
emp_002610,2026-01-02,3.95
emp_002610,2025-10-04,4.46
emp_002610,2025-07-06,3.73
emp_002610,2025-04-07,4.42
emp_002610,2025-01-07,4.11
emp_002610,2024-10-09,3.98
emp_002610,2024-07-11,3.45
emp_002611,2026-04-02,4.95
emp_002611,2026-01-02,4.09
emp_002611,2025-10-04,4.55
emp_002611,2025-07-06,3.98
emp_002611,2025-04-07,3.46
emp_002611,2025-01-07,3.74
emp_002611,2024-10-09,3.61
emp_002611,2024-07-11,4.42
emp_002612,2026-04-02,4.75
emp_002612,2026-01-02,4.32
emp_002612,2025-10-04,3.8
emp_002612,2025-07-06,4.04
emp_002612,2025-04-07,4.09
emp_002613,2026-04-02,4.6
emp_002613,2026-01-02,4.78
emp_002613,2025-10-04,4.29
emp_002613,2025-07-06,4.29
emp_002613,2025-04-07,3.79
emp_002613,2025-01-07,4.39
emp_002613,2024-10-09,4.41
emp_002613,2024-07-11,3.96
emp_002614,2026-04-02,3.59
emp_002614,2026-01-02,3.93
emp_002614,2025-10-04,3.54
emp_002614,2025-07-06,3.74
emp_002614,2025-04-07,3.96
emp_002614,2025-01-07,3.87
emp_002614,2024-10-09,3.94
emp_002614,2024-07-11,3.88
emp_002615,2026-04-02,3.28
emp_002615,2026-01-02,3.29
emp_002615,2025-10-04,3.97
emp_002615,2025-07-06,3.39
emp_002616,2026-04-02,3.73
emp_002616,2026-01-02,4.0
emp_002616,2025-10-04,4.09
emp_002616,2025-07-06,3.98
emp_002616,2025-04-07,4.24
emp_002616,2025-01-07,4.35
emp_002616,2024-10-09,3.85
emp_002616,2024-07-11,4.5
emp_002617,2026-04-02,4.36
emp_002617,2026-01-02,4.02
emp_002617,2025-10-04,3.61
emp_002617,2025-07-06,3.65
emp_002617,2025-04-07,3.95
emp_002617,2025-01-07,3.93
emp_002617,2024-10-09,3.98
emp_002617,2024-07-11,4.41
emp_002618,2026-04-02,3.67
emp_002618,2026-01-02,3.14
emp_002618,2025-10-04,3.01
emp_002618,2025-07-06,3.49
emp_002618,2025-04-07,3.72
emp_002618,2025-01-07,3.64
emp_002618,2024-10-09,3.12
emp_002618,2024-07-11,3.17
emp_002619,2026-04-02,3.93
emp_002619,2026-01-02,4.15
emp_002619,2025-10-04,3.27
emp_002619,2025-07-06,3.62
emp_002619,2025-04-07,3.77
emp_002619,2025-01-07,4.47
emp_002619,2024-10-09,4.58
emp_002619,2024-07-11,3.35
emp_002620,2026-04-02,4.55
emp_002620,2026-01-02,4.33
emp_002620,2025-10-04,4.03
emp_002620,2025-07-06,4.07
emp_002620,2025-04-07,4.4
emp_002620,2025-01-07,3.77
emp_002620,2024-10-09,4.01
emp_002621,2026-04-02,3.54
emp_002621,2026-01-02,3.68
emp_002622,2026-04-02,4.3
emp_002622,2026-01-02,4.24
emp_002622,2025-10-04,4.07
emp_002622,2025-07-06,4.37
emp_002622,2025-04-07,4.02
emp_002622,2025-01-07,3.95
emp_002623,2026-04-02,3.97
emp_002623,2026-01-02,3.77
emp_002623,2025-10-04,3.98
emp_002623,2025-07-06,4.55
emp_002623,2025-04-07,4.65
emp_002623,2025-01-07,3.5
emp_002623,2024-10-09,4.19
emp_002623,2024-07-11,3.8
emp_002624,2026-04-02,3.78
emp_002624,2026-01-02,4.0
emp_002624,2025-10-04,3.56
emp_002624,2025-07-06,3.54
emp_002624,2025-04-07,3.79
emp_002624,2025-01-07,3.95
emp_002624,2024-10-09,3.96
emp_002624,2024-07-11,3.91
emp_002625,2026-04-02,3.78
emp_002625,2026-01-02,4.41
emp_002625,2025-10-04,3.98
emp_002625,2025-07-06,3.61
emp_002625,2025-04-07,3.7
emp_002625,2025-01-07,4.41
emp_002625,2024-10-09,4.13
emp_002625,2024-07-11,3.5
emp_002626,2026-04-02,3.8
emp_002626,2026-01-02,3.5
emp_002626,2025-10-04,3.81
emp_002626,2025-07-06,3.91
emp_002626,2025-04-07,4.57
emp_002627,2026-04-02,3.11
emp_002627,2026-01-02,3.52
emp_002627,2025-10-04,3.41
emp_002627,2025-07-06,3.8
emp_002627,2025-04-07,3.58
emp_002627,2025-01-07,3.77
emp_002627,2024-10-09,4.06
emp_002627,2024-07-11,3.58
emp_002628,2026-04-02,3.97
emp_002628,2026-01-02,3.88
emp_002628,2025-10-04,4.72
emp_002628,2025-07-06,4.24
emp_002628,2025-04-07,3.61
emp_002628,2025-01-07,3.37
emp_002628,2024-10-09,4.15
emp_002628,2024-07-11,4.36
emp_002629,2026-04-02,4.81
emp_002629,2026-01-02,4.54
emp_002630,2026-04-02,3.84
emp_002630,2026-01-02,4.12
emp_002630,2025-10-04,3.71
emp_002630,2025-07-06,4.05
emp_002630,2025-04-07,3.95
emp_002630,2025-01-07,4.07
emp_002630,2024-10-09,3.89
emp_002630,2024-07-11,3.94
emp_002631,2026-04-02,4.89
emp_002631,2026-01-02,4.13
emp_002631,2025-10-04,3.86
emp_002631,2025-07-06,4.01
emp_002631,2025-04-07,4.31
emp_002631,2025-01-07,3.61
emp_002631,2024-10-09,4.55
emp_002631,2024-07-11,3.78
emp_002632,2026-04-02,3.1
emp_002632,2026-01-02,3.67
emp_002632,2025-10-04,3.32
emp_002632,2025-07-06,3.12
emp_002632,2025-04-07,3.06
emp_002632,2025-01-07,3.55
emp_002633,2026-04-02,4.0
emp_002633,2026-01-02,3.73
emp_002633,2025-10-04,3.31
emp_002633,2025-07-06,3.77
emp_002633,2025-04-07,4.5
emp_002634,2026-04-02,2.96
emp_002634,2026-01-02,3.86
emp_002634,2025-10-04,4.16
emp_002634,2025-07-06,3.83
emp_002635,2026-04-02,5.0
emp_002635,2026-01-02,3.85
emp_002635,2025-10-04,4.31
emp_002635,2025-07-06,4.15
emp_002635,2025-04-07,4.08
emp_002636,2026-04-02,4.13
emp_002636,2026-01-02,2.83
emp_002636,2025-10-04,2.97
emp_002636,2025-07-06,3.91
emp_002636,2025-04-07,3.74
emp_002636,2025-01-07,3.69
emp_002636,2024-10-09,3.29
emp_002636,2024-07-11,3.52
emp_002637,2026-04-02,3.5
emp_002637,2026-01-02,3.58
emp_002637,2025-10-04,3.19
emp_002637,2025-07-06,3.43
emp_002637,2025-04-07,2.97
emp_002637,2025-01-07,3.69
emp_002637,2024-10-09,3.35
emp_002637,2024-07-11,3.82
emp_002638,2026-04-02,4.43
emp_002638,2026-01-02,3.86
emp_002638,2025-10-04,4.23
emp_002638,2025-07-06,3.99
emp_002638,2025-04-07,3.81
emp_002638,2025-01-07,4.06
emp_002638,2024-10-09,3.06
emp_002638,2024-07-11,4.06
emp_002639,2026-04-02,4.24
emp_002639,2026-01-02,3.63
emp_002639,2025-10-04,4.11
emp_002639,2025-07-06,4.15
emp_002639,2025-04-07,3.7
emp_002639,2025-01-07,3.57
emp_002640,2026-04-02,3.94
emp_002640,2026-01-02,3.56
emp_002640,2025-10-04,3.79
emp_002640,2025-07-06,3.99
emp_002640,2025-04-07,4.02
emp_002640,2025-01-07,4.24
emp_002640,2024-10-09,4.43
emp_002640,2024-07-11,4.16
emp_002641,2026-04-02,3.65
emp_002641,2026-01-02,3.29
emp_002641,2025-10-04,3.93
emp_002641,2025-07-06,4.1
emp_002642,2026-04-02,3.49
emp_002642,2026-01-02,3.45
emp_002642,2025-10-04,3.89
emp_002642,2025-07-06,4.09
emp_002642,2025-04-07,2.99
emp_002642,2025-01-07,2.99
emp_002642,2024-10-09,3.93
emp_002642,2024-07-11,3.74
emp_002643,2026-04-02,4.12
emp_002643,2026-01-02,4.12
emp_002643,2025-10-04,4.02
emp_002643,2025-07-06,3.84
emp_002643,2025-04-07,3.86
emp_002643,2025-01-07,4.36
emp_002643,2024-10-09,4.12
emp_002644,2026-04-02,3.38
emp_002644,2026-01-02,4.23
emp_002644,2025-10-04,4.24
emp_002644,2025-07-06,2.84
emp_002644,2025-04-07,4.56
emp_002644,2025-01-07,4.17
emp_002644,2024-10-09,4.14
emp_002644,2024-07-11,4.24
emp_002645,2026-04-02,4.41
emp_002645,2026-01-02,4.07
emp_002645,2025-10-04,4.44
emp_002645,2025-07-06,4.81
emp_002645,2025-04-07,4.39
emp_002645,2025-01-07,5.0
emp_002645,2024-10-09,5.0
emp_002645,2024-07-11,4.76
emp_002646,2026-04-02,2.86
emp_002646,2026-01-02,2.8
emp_002646,2025-10-04,3.36
emp_002646,2025-07-06,2.85
emp_002646,2025-04-07,2.88
emp_002646,2025-01-07,3.17
emp_002647,2026-04-02,3.84
emp_002647,2026-01-02,4.02
emp_002647,2025-10-04,3.23
emp_002647,2025-07-06,3.79
emp_002647,2025-04-07,3.43
emp_002647,2025-01-07,3.96
emp_002648,2026-04-02,3.87
emp_002649,2026-04-02,3.85
emp_002649,2026-01-02,4.11
emp_002649,2025-10-04,3.44
emp_002649,2025-07-06,3.61
emp_002649,2025-04-07,4.2
emp_002649,2025-01-07,4.55
emp_002649,2024-10-09,4.11
emp_002649,2024-07-11,3.79
emp_002650,2026-04-02,3.82
emp_002650,2026-01-02,3.29
emp_002650,2025-10-04,3.44
emp_002650,2025-07-06,3.56
emp_002650,2025-04-07,3.39
emp_002650,2025-01-07,4.25
emp_002650,2024-10-09,4.07
emp_002650,2024-07-11,3.16
emp_002651,2026-04-02,4.35
emp_002651,2026-01-02,4.44
emp_002651,2025-10-04,3.46
emp_002651,2025-07-06,3.77
emp_002652,2026-04-02,4.23
emp_002652,2026-01-02,3.43
emp_002652,2025-10-04,3.44
emp_002652,2025-07-06,3.44
emp_002652,2025-04-07,3.51
emp_002652,2025-01-07,3.81
emp_002652,2024-10-09,3.77
emp_002652,2024-07-11,4.21
emp_002653,2026-04-02,3.91
emp_002653,2026-01-02,4.2
emp_002653,2025-10-04,3.93
emp_002653,2025-07-06,3.97
emp_002653,2025-04-07,3.68
emp_002654,2026-04-02,4.36
emp_002654,2026-01-02,3.82
emp_002654,2025-10-04,4.14
emp_002654,2025-07-06,4.43
emp_002654,2025-04-07,3.59
emp_002654,2025-01-07,4.61
emp_002654,2024-10-09,4.35
emp_002654,2024-07-11,4.33
emp_002655,2026-04-02,4.34
emp_002655,2026-01-02,3.83
emp_002655,2025-10-04,3.93
emp_002655,2025-07-06,3.53
emp_002655,2025-04-07,4.81
emp_002655,2025-01-07,3.8
emp_002655,2024-10-09,4.18
emp_002655,2024-07-11,3.98
emp_002656,2026-04-02,4.5
emp_002656,2026-01-02,3.82
emp_002656,2025-10-04,3.87
emp_002656,2025-07-06,3.53
emp_002656,2025-04-07,4.12
emp_002657,2026-04-02,4.25
emp_002657,2026-01-02,3.72
emp_002658,2026-04-02,4.07
emp_002658,2026-01-02,4.26
emp_002658,2025-10-04,3.78
emp_002658,2025-07-06,4.53
emp_002658,2025-04-07,3.91
emp_002658,2025-01-07,4.2
emp_002658,2024-10-09,4.12
emp_002658,2024-07-11,4.42
emp_002659,2026-04-02,4.19
emp_002659,2026-01-02,4.41
emp_002659,2025-10-04,3.7
emp_002659,2025-07-06,4.52
emp_002659,2025-04-07,4.05
emp_002659,2025-01-07,3.89
emp_002659,2024-10-09,4.13
emp_002659,2024-07-11,4.23
emp_002660,2026-04-02,4.48
emp_002660,2026-01-02,4.39
emp_002660,2025-10-04,4.22
emp_002660,2025-07-06,4.17
emp_002660,2025-04-07,4.24
emp_002660,2025-01-07,4.17
emp_002660,2024-10-09,4.53
emp_002660,2024-07-11,5.0
emp_002661,2026-04-02,3.48
emp_002661,2026-01-02,3.87
emp_002661,2025-10-04,3.98
emp_002661,2025-07-06,3.85
emp_002661,2025-04-07,3.72
emp_002661,2025-01-07,3.98
emp_002661,2024-10-09,3.23
emp_002661,2024-07-11,4.13
emp_002662,2026-04-02,4.45
emp_002662,2026-01-02,3.99
emp_002662,2025-10-04,3.93
emp_002662,2025-07-06,3.7
emp_002662,2025-04-07,4.35
emp_002662,2025-01-07,4.0
emp_002662,2024-10-09,4.2
emp_002662,2024-07-11,4.02
emp_002663,2026-04-02,3.99
emp_002663,2026-01-02,3.87
emp_002663,2025-10-04,4.01
emp_002664,2026-04-02,4.74
emp_002664,2026-01-02,3.85
emp_002664,2025-10-04,4.86
emp_002664,2025-07-06,4.74
emp_002664,2025-04-07,4.19
emp_002664,2025-01-07,4.09
emp_002664,2024-10-09,4.75
emp_002664,2024-07-11,4.03
emp_002665,2026-04-02,3.92
emp_002665,2026-01-02,3.93
emp_002665,2025-10-04,3.96
emp_002665,2025-07-06,4.27
emp_002665,2025-04-07,4.69
emp_002665,2025-01-07,4.37
emp_002665,2024-10-09,3.65
emp_002665,2024-07-11,3.77
emp_002666,2026-04-02,4.23
emp_002666,2026-01-02,3.85
emp_002666,2025-10-04,3.64
emp_002666,2025-07-06,3.95
emp_002666,2025-04-07,3.58
emp_002667,2026-04-02,3.61
emp_002667,2026-01-02,3.81
emp_002667,2025-10-04,3.51
emp_002667,2025-07-06,4.13
emp_002667,2025-04-07,3.88
emp_002667,2025-01-07,3.79
emp_002667,2024-10-09,4.17
emp_002667,2024-07-11,4.47
emp_002668,2026-04-02,3.0
emp_002668,2026-01-02,3.52
emp_002668,2025-10-04,4.04
emp_002668,2025-07-06,3.22
emp_002668,2025-04-07,2.94
emp_002668,2025-01-07,3.28
emp_002668,2024-10-09,3.16
emp_002668,2024-07-11,3.27
emp_002669,2026-04-02,4.18
emp_002669,2026-01-02,4.54
emp_002669,2025-10-04,4.42
emp_002669,2025-07-06,4.69
emp_002669,2025-04-07,3.77
emp_002669,2025-01-07,3.86
emp_002669,2024-10-09,3.99
emp_002669,2024-07-11,4.37
emp_002670,2026-04-02,4.88
emp_002670,2026-01-02,3.73
emp_002670,2025-10-04,3.78
emp_002670,2025-07-06,4.47
emp_002670,2025-04-07,3.6
emp_002670,2025-01-07,4.64
emp_002670,2024-10-09,4.13
emp_002670,2024-07-11,4.92
emp_002671,2026-04-02,4.42
emp_002671,2026-01-02,3.94
emp_002671,2025-10-04,4.18
emp_002671,2025-07-06,3.82
emp_002671,2025-04-07,3.74
emp_002671,2025-01-07,3.55
emp_002671,2024-10-09,4.05
emp_002671,2024-07-11,3.56
emp_002672,2026-04-02,4.39
emp_002672,2026-01-02,4.47
emp_002672,2025-10-04,4.71
emp_002672,2025-07-06,4.71
emp_002673,2026-04-02,4.37
emp_002673,2026-01-02,4.2
emp_002673,2025-10-04,4.11
emp_002673,2025-07-06,3.63
emp_002673,2025-04-07,3.47
emp_002673,2025-01-07,4.39
emp_002673,2024-10-09,3.99
emp_002674,2026-04-02,3.58
emp_002674,2026-01-02,3.82
emp_002674,2025-10-04,4.1
emp_002674,2025-07-06,3.16
emp_002674,2025-04-07,3.15
emp_002675,2026-04-02,2.8
emp_002675,2026-01-02,2.85
emp_002675,2025-10-04,3.44
emp_002675,2025-07-06,3.93
emp_002675,2025-04-07,3.24
emp_002675,2025-01-07,3.24
emp_002675,2024-10-09,4.02
emp_002675,2024-07-11,3.36
emp_002676,2026-04-02,3.95
emp_002676,2026-01-02,4.37
emp_002676,2025-10-04,4.22
emp_002676,2025-07-06,4.75
emp_002676,2025-04-07,4.42
emp_002676,2025-01-07,4.48
emp_002676,2024-10-09,3.84
emp_002676,2024-07-11,2.91
emp_002677,2026-04-02,3.9
emp_002677,2026-01-02,3.86
emp_002677,2025-10-04,3.8
emp_002677,2025-07-06,3.46
emp_002677,2025-04-07,3.71
emp_002677,2025-01-07,3.72
emp_002677,2024-10-09,3.87
emp_002677,2024-07-11,4.63
emp_002678,2026-04-02,3.84
emp_002678,2026-01-02,4.32
emp_002678,2025-10-04,3.58
emp_002678,2025-07-06,4.0
emp_002678,2025-04-07,4.22
emp_002678,2025-01-07,4.64
emp_002678,2024-10-09,4.36
emp_002678,2024-07-11,3.78
emp_002679,2026-04-02,4.06
emp_002679,2026-01-02,4.05
emp_002679,2025-10-04,4.05
emp_002679,2025-07-06,3.97
emp_002679,2025-04-07,3.92
emp_002679,2025-01-07,2.99
emp_002679,2024-10-09,3.78
emp_002679,2024-07-11,3.39
emp_002680,2026-04-02,3.7
emp_002680,2026-01-02,3.32
emp_002680,2025-10-04,3.39
emp_002680,2025-07-06,3.3
emp_002680,2025-04-07,3.59
emp_002680,2025-01-07,3.49
emp_002680,2024-10-09,3.38
emp_002681,2026-04-02,3.84
emp_002681,2026-01-02,3.66
emp_002681,2025-10-04,3.92
emp_002681,2025-07-06,3.41
emp_002681,2025-04-07,3.8
emp_002681,2025-01-07,3.49
emp_002681,2024-10-09,3.8
emp_002681,2024-07-11,3.57
emp_002682,2026-04-02,3.78
emp_002682,2026-01-02,3.51
emp_002682,2025-10-04,3.48
emp_002682,2025-07-06,4.18
emp_002682,2025-04-07,3.72
emp_002682,2025-01-07,3.94
emp_002682,2024-10-09,3.69
emp_002682,2024-07-11,3.79
emp_002683,2026-04-02,4.23
emp_002683,2026-01-02,4.04
emp_002683,2025-10-04,4.35
emp_002683,2025-07-06,4.13
emp_002683,2025-04-07,4.73
emp_002683,2025-01-07,4.63
emp_002683,2024-10-09,3.79
emp_002684,2026-04-02,3.79
emp_002684,2026-01-02,4.15
emp_002684,2025-10-04,4.04
emp_002684,2025-07-06,3.88
emp_002684,2025-04-07,3.81
emp_002684,2025-01-07,4.12
emp_002685,2026-04-02,4.34
emp_002685,2026-01-02,4.18
emp_002685,2025-10-04,4.35
emp_002685,2025-07-06,4.38
emp_002685,2025-04-07,4.01
emp_002685,2025-01-07,3.85
emp_002685,2024-10-09,3.69
emp_002685,2024-07-11,3.84
emp_002686,2026-04-02,3.16
emp_002686,2026-01-02,3.04
emp_002686,2025-10-04,3.03
emp_002686,2025-07-06,2.72
emp_002686,2025-04-07,3.28
emp_002686,2025-01-07,3.96
emp_002686,2024-10-09,2.93
emp_002686,2024-07-11,3.67
emp_002687,2026-04-02,3.94
emp_002687,2026-01-02,3.33
emp_002687,2025-10-04,4.47
emp_002687,2025-07-06,4.06
emp_002687,2025-04-07,3.7
emp_002687,2025-01-07,3.64
emp_002687,2024-10-09,3.65
emp_002687,2024-07-11,3.38
emp_002688,2026-04-02,3.41
emp_002688,2026-01-02,4.04
emp_002688,2025-10-04,3.76
emp_002688,2025-07-06,4.07
emp_002689,2026-04-02,3.11
emp_002689,2026-01-02,3.45
emp_002690,2026-04-02,4.0
emp_002690,2026-01-02,3.81
emp_002690,2025-10-04,3.41
emp_002690,2025-07-06,4.01
emp_002690,2025-04-07,4.07
emp_002690,2025-01-07,3.91
emp_002690,2024-10-09,3.62
emp_002690,2024-07-11,4.15
emp_002691,2026-04-02,3.41
emp_002691,2026-01-02,3.61
emp_002691,2025-10-04,3.73
emp_002691,2025-07-06,3.64
emp_002691,2025-04-07,3.05
emp_002691,2025-01-07,3.97
emp_002691,2024-10-09,3.18
emp_002691,2024-07-11,3.97
emp_002692,2026-04-02,3.35
emp_002692,2026-01-02,3.45
emp_002693,2026-04-02,4.53
emp_002693,2026-01-02,3.74
emp_002693,2025-10-04,3.97
emp_002693,2025-07-06,3.8
emp_002693,2025-04-07,3.79
emp_002693,2025-01-07,4.05
emp_002693,2024-10-09,4.85
emp_002693,2024-07-11,3.34
emp_002694,2026-04-02,3.09
emp_002694,2026-01-02,3.65
emp_002694,2025-10-04,3.28
emp_002695,2026-04-02,3.42
emp_002695,2026-01-02,3.39
emp_002695,2025-10-04,3.29
emp_002695,2025-07-06,2.86
emp_002695,2025-04-07,3.8
emp_002695,2025-01-07,2.87
emp_002695,2024-10-09,3.53
emp_002695,2024-07-11,3.07
emp_002696,2026-04-02,3.36
emp_002696,2026-01-02,4.02
emp_002696,2025-10-04,3.64
emp_002696,2025-07-06,4.08
emp_002696,2025-04-07,3.98
emp_002696,2025-01-07,3.37
emp_002696,2024-10-09,3.32
emp_002696,2024-07-11,4.05
emp_002698,2026-04-02,4.69
emp_002698,2026-01-02,3.95
emp_002698,2025-10-04,3.92
emp_002698,2025-07-06,4.46
emp_002698,2025-04-07,4.31
emp_002698,2025-01-07,3.94
emp_002698,2024-10-09,4.57
emp_002698,2024-07-11,4.3
emp_002699,2026-04-02,3.91
emp_002699,2026-01-02,3.91
emp_002699,2025-10-04,3.99
emp_002699,2025-07-06,3.95
emp_002699,2025-04-07,3.43
emp_002699,2025-01-07,4.41
emp_002699,2024-10-09,4.2
emp_002699,2024-07-11,3.99
emp_002700,2026-04-02,4.02
emp_002700,2026-01-02,4.19
emp_002700,2025-10-04,4.02
emp_002700,2025-07-06,5.0
emp_002700,2025-04-07,4.27
emp_002700,2025-01-07,4.02
emp_002700,2024-10-09,3.72
emp_002700,2024-07-11,4.14
emp_002701,2026-04-02,4.05
emp_002701,2026-01-02,3.83
emp_002701,2025-10-04,4.22
emp_002701,2025-07-06,4.37
emp_002701,2025-04-07,4.06
emp_002701,2025-01-07,4.5
emp_002701,2024-10-09,4.15
emp_002701,2024-07-11,4.76
emp_002702,2026-04-02,4.72
emp_002702,2026-01-02,3.83
emp_002702,2025-10-04,4.56
emp_002702,2025-07-06,4.84
emp_002702,2025-04-07,3.95
emp_002702,2025-01-07,4.21
emp_002702,2024-10-09,3.91
emp_002703,2026-04-02,4.22
emp_002703,2026-01-02,4.56
emp_002703,2025-10-04,3.66
emp_002703,2025-07-06,3.85
emp_002704,2026-04-02,3.51
emp_002704,2026-01-02,3.04
emp_002704,2025-10-04,3.74
emp_002704,2025-07-06,3.42
emp_002704,2025-04-07,3.74
emp_002704,2025-01-07,4.57
emp_002704,2024-10-09,3.89
emp_002704,2024-07-11,4.49
emp_002705,2026-04-02,3.73
emp_002705,2026-01-02,3.81
emp_002705,2025-10-04,3.52
emp_002705,2025-07-06,3.54
emp_002705,2025-04-07,4.15
emp_002705,2025-01-07,3.42
emp_002705,2024-10-09,3.61
emp_002705,2024-07-11,3.67
emp_002706,2026-04-02,3.55
emp_002706,2026-01-02,3.7
emp_002706,2025-10-04,3.57
emp_002706,2025-07-06,3.87
emp_002706,2025-04-07,4.15
emp_002706,2025-01-07,4.06
emp_002706,2024-10-09,3.81
emp_002706,2024-07-11,3.89
emp_002707,2026-04-02,3.59
emp_002707,2026-01-02,3.75
emp_002707,2025-10-04,3.34
emp_002707,2025-07-06,3.89
emp_002707,2025-04-07,3.58
emp_002708,2026-04-02,3.4
emp_002708,2026-01-02,3.69
emp_002708,2025-10-04,3.67
emp_002708,2025-07-06,3.66
emp_002708,2025-04-07,4.04
emp_002708,2025-01-07,3.57
emp_002708,2024-10-09,4.07
emp_002709,2026-04-02,4.12
emp_002709,2026-01-02,3.44
emp_002709,2025-10-04,3.99
emp_002709,2025-07-06,3.19
emp_002709,2025-04-07,3.73
emp_002709,2025-01-07,4.28
emp_002709,2024-10-09,4.12
emp_002709,2024-07-11,3.88
emp_002710,2026-04-02,3.55
emp_002710,2026-01-02,3.58
emp_002710,2025-10-04,4.06
emp_002710,2025-07-06,3.62
emp_002710,2025-04-07,4.26
emp_002710,2025-01-07,3.85
emp_002710,2024-10-09,3.21
emp_002710,2024-07-11,3.37
emp_002711,2026-04-02,3.99
emp_002711,2026-01-02,3.67
emp_002711,2025-10-04,3.99
emp_002711,2025-07-06,3.98
emp_002711,2025-04-07,4.54
emp_002711,2025-01-07,3.8
emp_002711,2024-10-09,4.29
emp_002711,2024-07-11,4.53
emp_002712,2026-04-02,4.9
emp_002712,2026-01-02,3.78
emp_002712,2025-10-04,3.84
emp_002712,2025-07-06,3.66
emp_002712,2025-04-07,3.5
emp_002712,2025-01-07,4.04
emp_002713,2026-04-02,4.15
emp_002713,2026-01-02,4.4
emp_002713,2025-10-04,4.25
emp_002713,2025-07-06,4.88
emp_002713,2025-04-07,4.06
emp_002713,2025-01-07,4.16
emp_002713,2024-10-09,4.82
emp_002713,2024-07-11,4.26
emp_002714,2026-04-02,4.64
emp_002714,2026-01-02,3.96
emp_002715,2026-04-02,4.08
emp_002715,2026-01-02,4.11
emp_002715,2025-10-04,4.02
emp_002715,2025-07-06,4.09
emp_002715,2025-04-07,4.37
emp_002715,2025-01-07,3.9
emp_002715,2024-10-09,4.2
emp_002715,2024-07-11,3.61
emp_002716,2026-04-02,4.14
emp_002716,2026-01-02,3.76
emp_002716,2025-10-04,3.85
emp_002716,2025-07-06,4.61
emp_002716,2025-04-07,4.2
emp_002716,2025-01-07,4.77
emp_002716,2024-10-09,3.99
emp_002716,2024-07-11,3.66
emp_002717,2026-04-02,3.68
emp_002717,2026-01-02,3.52
emp_002717,2025-10-04,3.65
emp_002717,2025-07-06,4.02
emp_002717,2025-04-07,3.85
emp_002717,2025-01-07,3.77
emp_002717,2024-10-09,3.93
emp_002717,2024-07-11,3.41
emp_002718,2026-04-02,3.35
emp_002718,2026-01-02,4.13
emp_002718,2025-10-04,3.87
emp_002718,2025-07-06,4.16
emp_002718,2025-04-07,4.26
emp_002718,2025-01-07,3.65
emp_002718,2024-10-09,4.49
emp_002718,2024-07-11,4.11
emp_002719,2026-04-02,4.85
emp_002719,2026-01-02,5.0
emp_002719,2025-10-04,4.17
emp_002719,2025-07-06,4.08
emp_002719,2025-04-07,4.43
emp_002719,2025-01-07,4.33
emp_002719,2024-10-09,4.38
emp_002719,2024-07-11,4.06
emp_002720,2026-04-02,4.4
emp_002720,2026-01-02,4.18
emp_002721,2026-04-02,3.86
emp_002721,2026-01-02,3.99
emp_002721,2025-10-04,4.6
emp_002721,2025-07-06,4.15
emp_002721,2025-04-07,4.4
emp_002721,2025-01-07,4.27
emp_002721,2024-10-09,4.43
emp_002721,2024-07-11,3.17
emp_002722,2026-04-02,3.46
emp_002722,2026-01-02,3.43
emp_002722,2025-10-04,2.96
emp_002722,2025-07-06,3.72
emp_002722,2025-04-07,3.6
emp_002722,2025-01-07,3.06
emp_002722,2024-10-09,3.67
emp_002722,2024-07-11,3.09
emp_002723,2026-04-02,3.55
emp_002723,2026-01-02,3.55
emp_002724,2026-04-02,3.78
emp_002724,2026-01-02,4.05
emp_002724,2025-10-04,3.84
emp_002724,2025-07-06,3.74
emp_002724,2025-04-07,3.81
emp_002724,2025-01-07,3.95
emp_002724,2024-10-09,4.04
emp_002724,2024-07-11,3.16
emp_002725,2026-04-02,3.98
emp_002725,2026-01-02,3.66
emp_002725,2025-10-04,4.43
emp_002725,2025-07-06,3.65
emp_002725,2025-04-07,3.82
emp_002725,2025-01-07,4.25
emp_002725,2024-10-09,4.41
emp_002725,2024-07-11,3.52
emp_002726,2026-04-02,3.82
emp_002726,2026-01-02,3.43
emp_002726,2025-10-04,3.51
emp_002726,2025-07-06,3.05
emp_002726,2025-04-07,4.34
emp_002726,2025-01-07,3.53
emp_002726,2024-10-09,4.8
emp_002726,2024-07-11,4.25
emp_002727,2026-04-02,4.07
emp_002727,2026-01-02,3.79
emp_002727,2025-10-04,4.13
emp_002727,2025-07-06,3.67
emp_002727,2025-04-07,3.9
emp_002727,2025-01-07,4.34
emp_002727,2024-10-09,4.39
emp_002728,2026-04-02,3.63
emp_002728,2026-01-02,3.4
emp_002729,2026-04-02,3.61
emp_002729,2026-01-02,3.15
emp_002729,2025-10-04,3.44
emp_002729,2025-07-06,2.93
emp_002729,2025-04-07,4.08
emp_002729,2025-01-07,3.27
emp_002729,2024-10-09,3.48
emp_002729,2024-07-11,3.34
emp_002730,2026-04-02,3.62
emp_002730,2026-01-02,4.81
emp_002730,2025-10-04,4.17
emp_002730,2025-07-06,4.41
emp_002730,2025-04-07,3.52
emp_002731,2026-04-02,3.61
emp_002731,2026-01-02,3.75
emp_002731,2025-10-04,4.01
emp_002731,2025-07-06,3.15
emp_002731,2025-04-07,3.92
emp_002731,2025-01-07,4.44
emp_002733,2026-04-02,4.77
emp_002733,2026-01-02,4.22
emp_002733,2025-10-04,4.49
emp_002733,2025-07-06,4.51
emp_002733,2025-04-07,4.3
emp_002733,2025-01-07,3.82
emp_002733,2024-10-09,4.39
emp_002733,2024-07-11,3.69
emp_002734,2026-04-02,3.77
emp_002734,2026-01-02,4.22
emp_002734,2025-10-04,3.75
emp_002734,2025-07-06,4.14
emp_002734,2025-04-07,4.02
emp_002734,2025-01-07,4.03
emp_002734,2024-10-09,3.23
emp_002734,2024-07-11,4.36
emp_002735,2026-04-02,4.59
emp_002735,2026-01-02,3.58
emp_002735,2025-10-04,4.53
emp_002735,2025-07-06,4.75
emp_002735,2025-04-07,3.88
emp_002735,2025-01-07,4.41
emp_002736,2026-04-02,4.79
emp_002736,2026-01-02,4.82
emp_002736,2025-10-04,4.22
emp_002736,2025-07-06,4.03
emp_002736,2025-04-07,4.15
emp_002736,2025-01-07,4.89
emp_002737,2026-04-02,3.47
emp_002737,2026-01-02,3.89
emp_002737,2025-10-04,4.09
emp_002737,2025-07-06,4.29
emp_002737,2025-04-07,3.68
emp_002737,2025-01-07,3.66
emp_002737,2024-10-09,4.56
emp_002737,2024-07-11,4.3
emp_002738,2026-04-02,3.43
emp_002738,2026-01-02,3.41
emp_002738,2025-10-04,3.98
emp_002738,2025-07-06,3.01
emp_002738,2025-04-07,3.62
emp_002738,2025-01-07,3.58
emp_002738,2024-10-09,3.6
emp_002739,2026-04-02,3.38
emp_002739,2026-01-02,3.96
emp_002739,2025-10-04,3.72
emp_002739,2025-07-06,3.84
emp_002739,2025-04-07,4.14
emp_002739,2025-01-07,3.83
emp_002739,2024-10-09,3.68
emp_002739,2024-07-11,3.56
emp_002740,2026-04-02,3.94
emp_002740,2026-01-02,2.91
emp_002740,2025-10-04,4.19
emp_002741,2026-04-02,3.62
emp_002741,2026-01-02,4.33
emp_002741,2025-10-04,3.53
emp_002741,2025-07-06,3.81
emp_002742,2026-04-02,4.29
emp_002742,2026-01-02,3.96
emp_002742,2025-10-04,4.26
emp_002742,2025-07-06,4.39
emp_002742,2025-04-07,4.26
emp_002742,2025-01-07,3.65
emp_002742,2024-10-09,3.84
emp_002743,2026-04-02,4.08
emp_002743,2026-01-02,3.83
emp_002744,2026-04-02,3.75
emp_002744,2026-01-02,4.01
emp_002744,2025-10-04,3.76
emp_002744,2025-07-06,3.57
emp_002744,2025-04-07,3.81
emp_002744,2025-01-07,4.01
emp_002744,2024-10-09,3.35
emp_002744,2024-07-11,3.09
emp_002745,2026-04-02,3.88
emp_002745,2026-01-02,4.18
emp_002745,2025-10-04,4.07
emp_002746,2026-04-02,4.87
emp_002746,2026-01-02,4.46
emp_002746,2025-10-04,4.47
emp_002746,2025-07-06,4.1
emp_002746,2025-04-07,4.42
emp_002746,2025-01-07,3.77
emp_002746,2024-10-09,3.63
emp_002746,2024-07-11,4.44
emp_002747,2026-04-02,3.73
emp_002747,2026-01-02,4.34
emp_002747,2025-10-04,3.67
emp_002747,2025-07-06,3.86
emp_002747,2025-04-07,3.82
emp_002747,2025-01-07,4.1
emp_002747,2024-10-09,3.66
emp_002747,2024-07-11,3.71
emp_002748,2026-04-02,3.82
emp_002749,2026-04-02,3.78
emp_002749,2026-01-02,3.57
emp_002749,2025-10-04,4.05
emp_002750,2026-04-02,3.35
emp_002750,2026-01-02,2.87
emp_002750,2025-10-04,3.79
emp_002750,2025-07-06,3.77
emp_002750,2025-04-07,4.1
emp_002750,2025-01-07,2.97
emp_002750,2024-10-09,2.72
emp_002751,2026-04-02,3.88
emp_002751,2026-01-02,4.0
emp_002751,2025-10-04,4.17
emp_002751,2025-07-06,4.06
emp_002751,2025-04-07,3.63
emp_002751,2025-01-07,3.2
emp_002751,2024-10-09,3.47
emp_002751,2024-07-11,3.42
emp_002752,2026-04-02,2.48
emp_002752,2026-01-02,2.64
emp_002752,2025-10-04,2.88
emp_002752,2025-07-06,3.57
emp_002752,2025-04-07,2.99
emp_002752,2025-01-07,3.4
emp_002752,2024-10-09,3.66
emp_002752,2024-07-11,3.29
emp_002753,2026-04-02,3.71
emp_002753,2026-01-02,3.77
emp_002753,2025-10-04,3.3
emp_002753,2025-07-06,3.54
emp_002753,2025-04-07,3.69
emp_002753,2025-01-07,3.36
emp_002753,2024-10-09,3.42
emp_002753,2024-07-11,3.49
emp_002754,2026-04-02,3.6
emp_002754,2026-01-02,4.07
emp_002754,2025-10-04,3.53
emp_002754,2025-07-06,3.95
emp_002754,2025-04-07,4.48
emp_002754,2025-01-07,3.93
emp_002754,2024-10-09,3.83
emp_002754,2024-07-11,4.07
emp_002755,2026-04-02,4.16
emp_002755,2026-01-02,3.7
emp_002755,2025-10-04,4.15
emp_002755,2025-07-06,3.9
emp_002755,2025-04-07,4.42
emp_002755,2025-01-07,4.41
emp_002755,2024-10-09,3.91
emp_002755,2024-07-11,3.75
emp_002756,2026-04-02,4.51
emp_002756,2026-01-02,3.97
emp_002756,2025-10-04,4.35
emp_002756,2025-07-06,4.89
emp_002756,2025-04-07,3.92
emp_002756,2025-01-07,4.25
emp_002756,2024-10-09,4.47
emp_002756,2024-07-11,4.44
emp_002757,2026-04-02,3.26
emp_002757,2026-01-02,4.0
emp_002757,2025-10-04,3.8
emp_002757,2025-07-06,3.96
emp_002757,2025-04-07,3.02
emp_002757,2025-01-07,3.06
emp_002757,2024-10-09,3.31
emp_002757,2024-07-11,2.82
emp_002758,2026-04-02,4.72
emp_002758,2026-01-02,4.24
emp_002758,2025-10-04,3.87
emp_002758,2025-07-06,3.68
emp_002758,2025-04-07,4.17
emp_002758,2025-01-07,4.6
emp_002758,2024-10-09,3.87
emp_002758,2024-07-11,3.52
emp_002759,2026-04-02,4.39
emp_002761,2026-04-02,3.71
emp_002761,2026-01-02,3.48
emp_002761,2025-10-04,3.5
emp_002761,2025-07-06,3.36
emp_002761,2025-04-07,3.4
emp_002761,2025-01-07,3.51
emp_002761,2024-10-09,3.93
emp_002761,2024-07-11,4.0
emp_002762,2026-04-02,3.91
emp_002762,2026-01-02,3.81
emp_002762,2025-10-04,3.97
emp_002762,2025-07-06,4.05
emp_002762,2025-04-07,3.58
emp_002762,2025-01-07,4.55
emp_002762,2024-10-09,3.91
emp_002762,2024-07-11,3.94
emp_002763,2026-04-02,4.13
emp_002763,2026-01-02,3.76
emp_002763,2025-10-04,3.96
emp_002763,2025-07-06,3.92
emp_002763,2025-04-07,3.77
emp_002763,2025-01-07,4.72
emp_002763,2024-10-09,3.49
emp_002763,2024-07-11,4.64
emp_002764,2026-04-02,3.45
emp_002764,2026-01-02,3.74
emp_002764,2025-10-04,3.56
emp_002764,2025-07-06,3.6
emp_002764,2025-04-07,3.85
emp_002764,2025-01-07,3.44
emp_002764,2024-10-09,3.87
emp_002765,2026-04-02,3.22
emp_002765,2026-01-02,3.7
emp_002765,2025-10-04,3.28
emp_002765,2025-07-06,3.77
emp_002765,2025-04-07,3.36
emp_002765,2025-01-07,4.06
emp_002765,2024-10-09,3.36
emp_002765,2024-07-11,3.69
emp_002766,2026-04-02,4.21
emp_002767,2026-04-02,3.57
emp_002767,2026-01-02,4.06
emp_002767,2025-10-04,3.93
emp_002767,2025-07-06,4.35
emp_002767,2025-04-07,4.08
emp_002767,2025-01-07,3.87
emp_002767,2024-10-09,4.08
emp_002767,2024-07-11,3.47
emp_002768,2026-04-02,4.21
emp_002768,2026-01-02,4.29
emp_002768,2025-10-04,3.93
emp_002768,2025-07-06,3.5
emp_002768,2025-04-07,4.69
emp_002768,2025-01-07,4.22
emp_002768,2024-10-09,4.07
emp_002768,2024-07-11,3.71
emp_002769,2026-04-02,3.98
emp_002769,2026-01-02,3.2
emp_002769,2025-10-04,3.93
emp_002769,2025-07-06,3.52
emp_002769,2025-04-07,4.68
emp_002769,2025-01-07,3.29
emp_002769,2024-10-09,3.49
emp_002769,2024-07-11,3.71
emp_002770,2026-04-02,3.23
emp_002770,2026-01-02,3.18
emp_002770,2025-10-04,3.67
emp_002770,2025-07-06,3.95
emp_002770,2025-04-07,4.16
emp_002770,2025-01-07,3.45
emp_002770,2024-10-09,3.81
emp_002770,2024-07-11,3.96
emp_002771,2026-04-02,3.54
emp_002771,2026-01-02,3.56
emp_002771,2025-10-04,3.54
emp_002771,2025-07-06,3.61
emp_002771,2025-04-07,3.98
emp_002771,2025-01-07,4.37
emp_002771,2024-10-09,3.65
emp_002771,2024-07-11,3.94
emp_002772,2026-04-02,3.6
emp_002772,2026-01-02,3.51
emp_002772,2025-10-04,4.09
emp_002772,2025-07-06,3.69
emp_002772,2025-04-07,4.28
emp_002772,2025-01-07,3.42
emp_002772,2024-10-09,3.73
emp_002772,2024-07-11,4.05
emp_002773,2026-04-02,3.56
emp_002773,2026-01-02,3.9
emp_002774,2026-04-02,3.77
emp_002774,2026-01-02,3.89
emp_002774,2025-10-04,3.47
emp_002774,2025-07-06,4.03
emp_002774,2025-04-07,3.76
emp_002774,2025-01-07,4.3
emp_002774,2024-10-09,4.37
emp_002774,2024-07-11,4.17
emp_002775,2026-04-02,4.12
emp_002775,2026-01-02,3.77
emp_002775,2025-10-04,3.8
emp_002775,2025-07-06,3.95
emp_002775,2025-04-07,4.15
emp_002775,2025-01-07,3.22
emp_002775,2024-10-09,3.86
emp_002775,2024-07-11,4.1
emp_002776,2026-04-02,3.86
emp_002776,2026-01-02,4.11
emp_002776,2025-10-04,3.96
emp_002776,2025-07-06,4.24
emp_002776,2025-04-07,4.2
emp_002776,2025-01-07,3.93
emp_002776,2024-10-09,3.79
emp_002776,2024-07-11,4.19
emp_002777,2026-04-02,3.85
emp_002778,2026-04-02,3.78
emp_002779,2026-04-02,4.11
emp_002779,2026-01-02,4.63
emp_002779,2025-10-04,4.5
emp_002779,2025-07-06,4.88
emp_002779,2025-04-07,4.61
emp_002779,2025-01-07,4.11
emp_002779,2024-10-09,4.72
emp_002779,2024-07-11,4.85
emp_002780,2026-04-02,4.65
emp_002780,2026-01-02,4.02
emp_002781,2026-04-02,3.73
emp_002782,2026-04-02,4.83
emp_002782,2026-01-02,4.11
emp_002782,2025-10-04,4.12
emp_002782,2025-07-06,4.47
emp_002783,2026-04-02,3.57
emp_002783,2026-01-02,3.86
emp_002783,2025-10-04,4.31
emp_002783,2025-07-06,4.22
emp_002783,2025-04-07,3.33
emp_002783,2025-01-07,3.61
emp_002783,2024-10-09,3.93
emp_002784,2026-04-02,3.8
emp_002784,2026-01-02,4.43
emp_002784,2025-10-04,4.48
emp_002784,2025-07-06,4.26
emp_002784,2025-04-07,3.97
emp_002784,2025-01-07,4.55
emp_002784,2024-10-09,4.36
emp_002784,2024-07-11,4.16
emp_002785,2026-04-02,3.57
emp_002785,2026-01-02,4.09
emp_002785,2025-10-04,4.37
emp_002785,2025-07-06,3.36
emp_002785,2025-04-07,3.99
emp_002785,2025-01-07,3.68
emp_002785,2024-10-09,4.26
emp_002785,2024-07-11,3.38
emp_002786,2026-04-02,2.58
emp_002786,2026-01-02,3.42
emp_002786,2025-10-04,3.54
emp_002786,2025-07-06,3.32
emp_002786,2025-04-07,4.06
emp_002786,2025-01-07,3.87
emp_002786,2024-10-09,3.2
emp_002786,2024-07-11,3.51
emp_002787,2026-04-02,3.19
emp_002787,2026-01-02,4.53
emp_002787,2025-10-04,4.46
emp_002787,2025-07-06,3.95
emp_002788,2026-04-02,4.47
emp_002788,2026-01-02,3.42
emp_002788,2025-10-04,4.28
emp_002788,2025-07-06,3.57
emp_002788,2025-04-07,3.83
emp_002788,2025-01-07,4.13
emp_002789,2026-04-02,4.01
emp_002789,2026-01-02,4.37
emp_002789,2025-10-04,4.16
emp_002789,2025-07-06,3.32
emp_002789,2025-04-07,4.21
emp_002789,2025-01-07,4.74
emp_002789,2024-10-09,4.1
emp_002789,2024-07-11,4.33
emp_002790,2026-04-02,4.2
emp_002790,2026-01-02,4.5
emp_002790,2025-10-04,4.04
emp_002790,2025-07-06,4.24
emp_002790,2025-04-07,4.78
emp_002790,2025-01-07,4.4
emp_002790,2024-10-09,4.55
emp_002790,2024-07-11,4.17
emp_002791,2026-04-02,4.07
emp_002791,2026-01-02,3.91
emp_002791,2025-10-04,4.18
emp_002791,2025-07-06,3.61
emp_002791,2025-04-07,3.65
emp_002792,2026-04-02,3.43
emp_002792,2026-01-02,4.03
emp_002792,2025-10-04,4.1
emp_002792,2025-07-06,3.61
emp_002792,2025-04-07,3.73
emp_002792,2025-01-07,3.87
emp_002792,2024-10-09,3.91
emp_002792,2024-07-11,4.41
emp_002793,2026-04-02,4.01
emp_002793,2026-01-02,3.62
emp_002793,2025-10-04,3.34
emp_002793,2025-07-06,3.69
emp_002793,2025-04-07,3.5
emp_002793,2025-01-07,3.81
emp_002793,2024-10-09,3.79
emp_002793,2024-07-11,3.95
emp_002794,2026-04-02,4.24
emp_002794,2026-01-02,3.75
emp_002794,2025-10-04,4.63
emp_002794,2025-07-06,4.8
emp_002794,2025-04-07,4.71
emp_002794,2025-01-07,3.81
emp_002794,2024-10-09,4.56
emp_002794,2024-07-11,4.46
emp_002795,2026-04-02,4.14
emp_002796,2026-04-02,4.02
emp_002796,2026-01-02,3.84
emp_002796,2025-10-04,3.69
emp_002796,2025-07-06,3.39
emp_002796,2025-04-07,4.11
emp_002796,2025-01-07,3.5
emp_002796,2024-10-09,3.3
emp_002796,2024-07-11,3.75
emp_002797,2026-04-02,3.05
emp_002797,2026-01-02,3.63
emp_002797,2025-10-04,3.72
emp_002797,2025-07-06,3.76
emp_002797,2025-04-07,3.47
emp_002797,2025-01-07,3.77
emp_002797,2024-10-09,3.88
emp_002798,2026-04-02,4.17
emp_002798,2026-01-02,3.85
emp_002798,2025-10-04,3.83
emp_002798,2025-07-06,4.29
emp_002798,2025-04-07,3.57
emp_002798,2025-01-07,3.82
emp_002798,2024-10-09,4.8
emp_002798,2024-07-11,4.51
emp_002799,2026-04-02,4.15
emp_002799,2026-01-02,3.92
emp_002799,2025-10-04,4.19
emp_002799,2025-07-06,3.63
emp_002799,2025-04-07,4.55
emp_002799,2025-01-07,4.49
emp_002799,2024-10-09,4.34
emp_002799,2024-07-11,4.27
emp_002800,2026-04-02,4.41
emp_002800,2026-01-02,3.87
emp_002800,2025-10-04,4.42
emp_002800,2025-07-06,4.03
emp_002800,2025-04-07,4.06
emp_002800,2025-01-07,3.95
emp_002800,2024-10-09,4.5
emp_002800,2024-07-11,4.31
emp_002801,2026-04-02,3.51
emp_002801,2026-01-02,3.64
emp_002801,2025-10-04,3.62
emp_002801,2025-07-06,3.51
emp_002801,2025-04-07,3.35
emp_002801,2025-01-07,3.64
emp_002801,2024-10-09,4.44
emp_002802,2026-04-02,4.25
emp_002802,2026-01-02,3.42
emp_002802,2025-10-04,3.68
emp_002803,2026-04-02,3.1
emp_002803,2026-01-02,3.2
emp_002803,2025-10-04,3.3
emp_002803,2025-07-06,3.47
emp_002803,2025-04-07,3.53
emp_002803,2025-01-07,2.89
emp_002803,2024-10-09,3.38
emp_002803,2024-07-11,3.67
emp_002804,2026-04-02,4.47
emp_002804,2026-01-02,3.24
emp_002804,2025-10-04,3.51
emp_002804,2025-07-06,3.26
emp_002804,2025-04-07,3.63
emp_002804,2025-01-07,3.64
emp_002804,2024-10-09,3.98
emp_002804,2024-07-11,3.98
emp_002805,2026-04-02,4.16
emp_002805,2026-01-02,3.63
emp_002805,2025-10-04,4.25
emp_002805,2025-07-06,4.59
emp_002805,2025-04-07,3.92
emp_002806,2026-04-02,4.07
emp_002806,2026-01-02,3.36
emp_002806,2025-10-04,3.78
emp_002806,2025-07-06,3.66
emp_002806,2025-04-07,4.02
emp_002807,2026-04-02,3.35
emp_002807,2026-01-02,3.1
emp_002807,2025-10-04,3.57
emp_002807,2025-07-06,3.58
emp_002808,2026-04-02,3.66
emp_002808,2026-01-02,3.6
emp_002808,2025-10-04,4.14
emp_002808,2025-07-06,4.07
emp_002808,2025-04-07,3.91
emp_002809,2026-04-02,3.75
emp_002809,2026-01-02,3.8
emp_002810,2026-04-02,4.16
emp_002810,2026-01-02,4.49
emp_002810,2025-10-04,4.14
emp_002810,2025-07-06,3.8
emp_002810,2025-04-07,3.51
emp_002810,2025-01-07,4.11
emp_002810,2024-10-09,4.16
emp_002810,2024-07-11,3.99
emp_002811,2026-04-02,4.24
emp_002811,2026-01-02,4.88
emp_002811,2025-10-04,4.28
emp_002811,2025-07-06,4.14
emp_002811,2025-04-07,3.8
emp_002811,2025-01-07,4.03
emp_002811,2024-10-09,3.49
emp_002811,2024-07-11,3.51
emp_002812,2026-04-02,3.64
emp_002812,2026-01-02,3.62
emp_002812,2025-10-04,3.63
emp_002812,2025-07-06,3.43
emp_002812,2025-04-07,4.7
emp_002812,2025-01-07,3.51
emp_002812,2024-10-09,3.81
emp_002812,2024-07-11,3.25
emp_002813,2026-04-02,3.97
emp_002813,2026-01-02,4.52
emp_002813,2025-10-04,4.29
emp_002813,2025-07-06,4.28
emp_002813,2025-04-07,4.13
emp_002813,2025-01-07,4.42
emp_002813,2024-10-09,3.78
emp_002813,2024-07-11,4.38
emp_002814,2026-04-02,3.19
emp_002814,2026-01-02,3.78
emp_002814,2025-10-04,4.24
emp_002814,2025-07-06,4.1
emp_002814,2025-04-07,4.05
emp_002814,2025-01-07,3.7
emp_002814,2024-10-09,3.66
emp_002815,2026-04-02,3.33
emp_002815,2026-01-02,4.23
emp_002815,2025-10-04,4.26
emp_002816,2026-04-02,3.35
emp_002816,2026-01-02,3.73
emp_002816,2025-10-04,3.05
emp_002816,2025-07-06,3.23
emp_002816,2025-04-07,3.27
emp_002816,2025-01-07,3.96
emp_002816,2024-10-09,4.14
emp_002816,2024-07-11,3.62
emp_002817,2026-04-02,3.9
emp_002817,2026-01-02,4.56
emp_002817,2025-10-04,3.68
emp_002817,2025-07-06,3.97
emp_002817,2025-04-07,4.1
emp_002817,2025-01-07,4.08
emp_002817,2024-10-09,3.79
emp_002817,2024-07-11,3.92
emp_002818,2026-04-02,4.22
emp_002818,2026-01-02,4.21
emp_002818,2025-10-04,3.66
emp_002818,2025-07-06,4.08
emp_002818,2025-04-07,4.49
emp_002818,2025-01-07,3.7
emp_002818,2024-10-09,4.11
emp_002818,2024-07-11,4.23
emp_002819,2026-04-02,3.46
emp_002819,2026-01-02,3.41
emp_002819,2025-10-04,3.67
emp_002819,2025-07-06,3.74
emp_002819,2025-04-07,4.17
emp_002819,2025-01-07,3.02
emp_002819,2024-10-09,3.08
emp_002819,2024-07-11,3.13
emp_002820,2026-04-02,3.92
emp_002820,2026-01-02,3.68
emp_002820,2025-10-04,3.74
emp_002820,2025-07-06,3.41
emp_002820,2025-04-07,4.06
emp_002820,2025-01-07,4.11
emp_002820,2024-10-09,3.59
emp_002820,2024-07-11,3.74
emp_002821,2026-04-02,3.08
emp_002821,2026-01-02,3.27
emp_002821,2025-10-04,3.8
emp_002822,2026-04-02,4.04
emp_002822,2026-01-02,4.72
emp_002823,2026-04-02,4.14
emp_002823,2026-01-02,2.9
emp_002823,2025-10-04,4.52
emp_002823,2025-07-06,3.61
emp_002823,2025-04-07,3.4
emp_002823,2025-01-07,4.08
emp_002823,2024-10-09,3.54
emp_002824,2026-04-02,3.6
emp_002824,2026-01-02,3.86
emp_002824,2025-10-04,3.84
emp_002824,2025-07-06,3.64
emp_002824,2025-04-07,3.76
emp_002824,2025-01-07,3.97
emp_002824,2024-10-09,3.5
emp_002824,2024-07-11,3.66
emp_002825,2026-04-02,3.76
emp_002825,2026-01-02,3.87
emp_002825,2025-10-04,3.69
emp_002825,2025-07-06,3.81
emp_002825,2025-04-07,4.09
emp_002825,2025-01-07,4.31
emp_002825,2024-10-09,3.82
emp_002825,2024-07-11,4.3
emp_002826,2026-04-02,3.64
emp_002826,2026-01-02,3.02
emp_002826,2025-10-04,3.66
emp_002826,2025-07-06,3.34
emp_002826,2025-04-07,4.07
emp_002826,2025-01-07,3.8
emp_002826,2024-10-09,3.97
emp_002826,2024-07-11,3.57
emp_002827,2026-04-02,4.32
emp_002827,2026-01-02,3.68
emp_002827,2025-10-04,3.85
emp_002827,2025-07-06,3.93
emp_002827,2025-04-07,3.41
emp_002828,2026-04-02,4.25
emp_002828,2026-01-02,4.15
emp_002828,2025-10-04,3.47
emp_002828,2025-07-06,3.98
emp_002828,2025-04-07,4.05
emp_002828,2025-01-07,4.08
emp_002828,2024-10-09,3.59
emp_002828,2024-07-11,3.62
emp_002829,2026-04-02,4.23
emp_002829,2026-01-02,3.68
emp_002829,2025-10-04,3.88
emp_002830,2026-04-02,3.15
emp_002830,2026-01-02,3.54
emp_002830,2025-10-04,3.62
emp_002830,2025-07-06,3.8
emp_002830,2025-04-07,2.73
emp_002830,2025-01-07,3.65
emp_002832,2026-04-02,4.43
emp_002832,2026-01-02,4.3
emp_002832,2025-10-04,3.67
emp_002832,2025-07-06,3.92
emp_002833,2026-04-02,3.67
emp_002833,2026-01-02,3.84
emp_002833,2025-10-04,3.25
emp_002833,2025-07-06,2.5
emp_002833,2025-04-07,3.77
emp_002833,2025-01-07,3.49
emp_002833,2024-10-09,3.38
emp_002833,2024-07-11,3.49
emp_002834,2026-04-02,3.69
emp_002834,2026-01-02,3.59
emp_002834,2025-10-04,4.28
emp_002834,2025-07-06,4.15
emp_002834,2025-04-07,3.62
emp_002834,2025-01-07,4.12
emp_002834,2024-10-09,3.72
emp_002834,2024-07-11,3.86
emp_002835,2026-04-02,3.39
emp_002835,2026-01-02,3.71
emp_002835,2025-10-04,3.44
emp_002835,2025-07-06,4.08
emp_002835,2025-04-07,3.54
emp_002835,2025-01-07,3.94
emp_002835,2024-10-09,3.36
emp_002835,2024-07-11,3.69
emp_002836,2026-04-02,3.6
emp_002836,2026-01-02,4.42
emp_002836,2025-10-04,3.49
emp_002836,2025-07-06,3.65
emp_002836,2025-04-07,3.53
emp_002836,2025-01-07,3.18
emp_002836,2024-10-09,2.99
emp_002836,2024-07-11,3.75
emp_002837,2026-04-02,3.91
emp_002837,2026-01-02,3.31
emp_002837,2025-10-04,3.91
emp_002837,2025-07-06,3.68
emp_002837,2025-04-07,3.69
emp_002837,2025-01-07,3.82
emp_002837,2024-10-09,3.56
emp_002837,2024-07-11,3.74
emp_002838,2026-04-02,2.92
emp_002838,2026-01-02,3.48
emp_002838,2025-10-04,2.43
emp_002838,2025-07-06,3.17
emp_002838,2025-04-07,4.03
emp_002838,2025-01-07,2.51
emp_002838,2024-10-09,4.17
emp_002838,2024-07-11,2.71
emp_002839,2026-04-02,4.46
emp_002839,2026-01-02,3.91
emp_002839,2025-10-04,4.2
emp_002839,2025-07-06,4.47
emp_002839,2025-04-07,4.03
emp_002839,2025-01-07,3.91
emp_002839,2024-10-09,4.12
emp_002839,2024-07-11,4.79
emp_002840,2026-04-02,3.31
emp_002840,2026-01-02,3.7
emp_002840,2025-10-04,3.79
emp_002840,2025-07-06,4.04
emp_002840,2025-04-07,3.7
emp_002840,2025-01-07,3.53
emp_002840,2024-10-09,3.43
emp_002840,2024-07-11,3.94
emp_002841,2026-04-02,4.13
emp_002841,2026-01-02,3.44
emp_002841,2025-10-04,4.15
emp_002841,2025-07-06,4.12
emp_002841,2025-04-07,3.62
emp_002841,2025-01-07,3.62
emp_002841,2024-10-09,3.29
emp_002841,2024-07-11,3.76
emp_002842,2026-04-02,4.58
emp_002842,2026-01-02,3.4
emp_002842,2025-10-04,4.37
emp_002842,2025-07-06,3.3
emp_002842,2025-04-07,3.94
emp_002842,2025-01-07,3.28
emp_002842,2024-10-09,4.02
emp_002842,2024-07-11,3.32
emp_002843,2026-04-02,3.87
emp_002843,2026-01-02,3.6
emp_002843,2025-10-04,4.34
emp_002843,2025-07-06,4.07
emp_002843,2025-04-07,3.69
emp_002843,2025-01-07,3.99
emp_002843,2024-10-09,3.2
emp_002843,2024-07-11,4.03
emp_002844,2026-04-02,4.0
emp_002844,2026-01-02,4.31
emp_002844,2025-10-04,4.25
emp_002845,2026-04-02,4.02
emp_002845,2026-01-02,3.59
emp_002845,2025-10-04,4.06
emp_002845,2025-07-06,3.44
emp_002845,2025-04-07,3.32
emp_002845,2025-01-07,3.94
emp_002845,2024-10-09,3.99
emp_002845,2024-07-11,3.54
emp_002846,2026-04-02,3.1
emp_002846,2026-01-02,3.69
emp_002846,2025-10-04,3.87
emp_002846,2025-07-06,3.36
emp_002846,2025-04-07,3.39
emp_002846,2025-01-07,4.16
emp_002846,2024-10-09,4.09
emp_002846,2024-07-11,3.59
emp_002847,2026-04-02,3.65
emp_002847,2026-01-02,4.04
emp_002847,2025-10-04,3.92
emp_002847,2025-07-06,3.35
emp_002847,2025-04-07,3.59
emp_002847,2025-01-07,4.01
emp_002847,2024-10-09,3.86
emp_002847,2024-07-11,3.75
emp_002848,2026-04-02,3.53
emp_002848,2026-01-02,4.29
emp_002848,2025-10-04,4.2
emp_002848,2025-07-06,4.25
emp_002848,2025-04-07,3.49
emp_002848,2025-01-07,4.65
emp_002848,2024-10-09,4.12
emp_002848,2024-07-11,3.68
emp_002849,2026-04-02,3.55
emp_002849,2026-01-02,4.19
emp_002850,2026-04-02,3.37
emp_002850,2026-01-02,3.19
emp_002850,2025-10-04,3.56
emp_002850,2025-07-06,3.15
emp_002850,2025-04-07,3.97
emp_002851,2026-04-02,4.13
emp_002851,2026-01-02,3.93
emp_002851,2025-10-04,4.75
emp_002852,2026-04-02,3.46
emp_002852,2026-01-02,2.64
emp_002852,2025-10-04,3.39
emp_002852,2025-07-06,3.41
emp_002852,2025-04-07,3.54
emp_002852,2025-01-07,3.2
emp_002852,2024-10-09,3.35
emp_002852,2024-07-11,3.21
emp_002853,2026-04-02,3.73
emp_002854,2026-04-02,3.09
emp_002854,2026-01-02,4.15
emp_002854,2025-10-04,3.89
emp_002854,2025-07-06,3.45
emp_002854,2025-04-07,3.71
emp_002854,2025-01-07,3.44
emp_002854,2024-10-09,4.14
emp_002854,2024-07-11,3.21
emp_002855,2026-04-02,3.54
emp_002855,2026-01-02,3.38
emp_002855,2025-10-04,3.72
emp_002855,2025-07-06,4.05
emp_002855,2025-04-07,3.52
emp_002855,2025-01-07,3.61
emp_002855,2024-10-09,3.46
emp_002855,2024-07-11,3.94
emp_002856,2026-04-02,3.95
emp_002856,2026-01-02,3.75
emp_002856,2025-10-04,3.39
emp_002856,2025-07-06,3.98
emp_002856,2025-04-07,4.79
emp_002856,2025-01-07,3.7
emp_002856,2024-10-09,3.34
emp_002856,2024-07-11,3.98
emp_002857,2026-04-02,3.24
emp_002857,2026-01-02,3.3
emp_002857,2025-10-04,4.02
emp_002857,2025-07-06,3.56
emp_002857,2025-04-07,3.43
emp_002857,2025-01-07,3.04
emp_002857,2024-10-09,4.1
emp_002857,2024-07-11,3.12
emp_002858,2026-04-02,4.46
emp_002858,2026-01-02,3.65
emp_002858,2025-10-04,3.97
emp_002858,2025-07-06,4.06
emp_002858,2025-04-07,4.23
emp_002859,2026-04-02,3.82
emp_002859,2026-01-02,4.21
emp_002859,2025-10-04,4.52
emp_002859,2025-07-06,4.1
emp_002859,2025-04-07,4.05
emp_002859,2025-01-07,3.64
emp_002859,2024-10-09,4.11
emp_002859,2024-07-11,2.91
emp_002860,2026-04-02,3.01
emp_002860,2026-01-02,3.81
emp_002860,2025-10-04,3.26
emp_002860,2025-07-06,3.66
emp_002860,2025-04-07,4.08
emp_002860,2025-01-07,3.61
emp_002860,2024-10-09,3.09
emp_002860,2024-07-11,3.72
emp_002861,2026-04-02,4.75
emp_002861,2026-01-02,3.9
emp_002861,2025-10-04,4.36
emp_002861,2025-07-06,4.74
emp_002861,2025-04-07,4.08
emp_002861,2025-01-07,4.47
emp_002862,2026-04-02,4.26
emp_002862,2026-01-02,4.52
emp_002862,2025-10-04,3.35
emp_002862,2025-07-06,3.83
emp_002862,2025-04-07,3.5
emp_002862,2025-01-07,3.68
emp_002862,2024-10-09,3.52
emp_002862,2024-07-11,3.96
emp_002863,2026-04-02,3.29
emp_002863,2026-01-02,4.15
emp_002863,2025-10-04,3.51
emp_002863,2025-07-06,3.93
emp_002863,2025-04-07,3.79
emp_002863,2025-01-07,4.03
emp_002863,2024-10-09,3.52
emp_002863,2024-07-11,4.01
emp_002864,2026-04-02,3.63
emp_002864,2026-01-02,3.14
emp_002865,2026-04-02,3.8
emp_002866,2026-04-02,3.24
emp_002866,2026-01-02,3.36
emp_002866,2025-10-04,3.75
emp_002866,2025-07-06,2.84
emp_002866,2025-04-07,3.4
emp_002866,2025-01-07,3.39
emp_002866,2024-10-09,3.37
emp_002866,2024-07-11,3.66
emp_002867,2026-04-02,3.67
emp_002867,2026-01-02,3.54
emp_002867,2025-10-04,3.61
emp_002867,2025-07-06,3.08
emp_002867,2025-04-07,3.55
emp_002867,2025-01-07,4.31
emp_002867,2024-10-09,3.28
emp_002867,2024-07-11,3.7
emp_002868,2026-04-02,4.45
emp_002868,2026-01-02,4.45
emp_002868,2025-10-04,3.18
emp_002868,2025-07-06,3.7
emp_002868,2025-04-07,3.85
emp_002868,2025-01-07,4.43
emp_002868,2024-10-09,4.38
emp_002868,2024-07-11,4.48
emp_002869,2026-04-02,2.54
emp_002869,2026-01-02,3.95
emp_002869,2025-10-04,2.91
emp_002870,2026-04-02,4.1
emp_002870,2026-01-02,3.67
emp_002870,2025-10-04,3.67
emp_002870,2025-07-06,3.86
emp_002870,2025-04-07,4.16
emp_002870,2025-01-07,3.42
emp_002870,2024-10-09,3.74
emp_002870,2024-07-11,4.48
emp_002871,2026-04-02,3.91
emp_002871,2026-01-02,3.74
emp_002871,2025-10-04,4.04
emp_002871,2025-07-06,3.74
emp_002871,2025-04-07,4.39
emp_002871,2025-01-07,4.13
emp_002872,2026-04-02,3.55
emp_002872,2026-01-02,4.09
emp_002872,2025-10-04,3.95
emp_002872,2025-07-06,3.44
emp_002872,2025-04-07,3.52
emp_002872,2025-01-07,3.61
emp_002872,2024-10-09,3.46
emp_002872,2024-07-11,3.85
emp_002873,2026-04-02,4.74
emp_002873,2026-01-02,3.84
emp_002873,2025-10-04,4.31
emp_002873,2025-07-06,4.03
emp_002873,2025-04-07,4.16
emp_002873,2025-01-07,4.41
emp_002873,2024-10-09,4.36
emp_002874,2026-04-02,3.35
emp_002874,2026-01-02,3.48
emp_002874,2025-10-04,4.01
emp_002874,2025-07-06,3.98
emp_002875,2026-04-02,2.97
emp_002875,2026-01-02,3.89
emp_002875,2025-10-04,3.32
emp_002876,2026-04-02,3.78
emp_002876,2026-01-02,4.31
emp_002876,2025-10-04,3.85
emp_002876,2025-07-06,4.05
emp_002876,2025-04-07,4.55
emp_002876,2025-01-07,4.0
emp_002876,2024-10-09,3.88
emp_002876,2024-07-11,4.48
emp_002877,2026-04-02,3.35
emp_002877,2026-01-02,3.8
emp_002877,2025-10-04,3.8
emp_002877,2025-07-06,3.81
emp_002877,2025-04-07,4.07
emp_002877,2025-01-07,3.62
emp_002877,2024-10-09,4.44
emp_002877,2024-07-11,4.01
emp_002878,2026-04-02,3.69
emp_002878,2026-01-02,4.35
emp_002879,2026-04-02,3.76
emp_002879,2026-01-02,2.91
emp_002879,2025-10-04,3.73
emp_002879,2025-07-06,2.94
emp_002879,2025-04-07,3.46
emp_002879,2025-01-07,3.44
emp_002879,2024-10-09,3.34
emp_002879,2024-07-11,2.88
emp_002880,2026-04-02,3.41
emp_002880,2026-01-02,3.58
emp_002880,2025-10-04,4.07
emp_002880,2025-07-06,3.76
emp_002880,2025-04-07,3.95
emp_002880,2025-01-07,2.97
emp_002881,2026-04-02,4.4
emp_002881,2026-01-02,4.05
emp_002881,2025-10-04,4.17
emp_002881,2025-07-06,3.96
emp_002881,2025-04-07,3.43
emp_002881,2025-01-07,4.42
emp_002881,2024-10-09,4.65
emp_002881,2024-07-11,4.27
emp_002882,2026-04-02,3.01
emp_002882,2026-01-02,3.97
emp_002882,2025-10-04,2.91
emp_002882,2025-07-06,3.53
emp_002882,2025-04-07,3.56
emp_002882,2025-01-07,3.46
emp_002882,2024-10-09,3.69
emp_002882,2024-07-11,3.89
emp_002883,2026-04-02,4.13
emp_002883,2026-01-02,4.0
emp_002883,2025-10-04,3.99
emp_002883,2025-07-06,4.25
emp_002883,2025-04-07,4.04
emp_002884,2026-04-02,3.52
emp_002884,2026-01-02,4.04
emp_002884,2025-10-04,3.44
emp_002884,2025-07-06,4.3
emp_002884,2025-04-07,4.2
emp_002884,2025-01-07,4.39
emp_002884,2024-10-09,4.28
emp_002884,2024-07-11,4.25
emp_002885,2026-04-02,4.31
emp_002885,2026-01-02,4.34
emp_002885,2025-10-04,3.7
emp_002885,2025-07-06,3.65
emp_002885,2025-04-07,3.79
emp_002885,2025-01-07,4.73
emp_002885,2024-10-09,3.93
emp_002885,2024-07-11,3.89
emp_002886,2026-04-02,3.44
emp_002886,2026-01-02,4.14
emp_002886,2025-10-04,3.27
emp_002886,2025-07-06,3.54
emp_002886,2025-04-07,3.23
emp_002886,2025-01-07,3.32
emp_002886,2024-10-09,3.79
emp_002886,2024-07-11,3.82
emp_002887,2026-04-02,3.65
emp_002887,2026-01-02,3.66
emp_002887,2025-10-04,3.97
emp_002888,2026-04-02,3.69
emp_002888,2026-01-02,3.55
emp_002888,2025-10-04,3.82
emp_002888,2025-07-06,3.83
emp_002888,2025-04-07,4.01
emp_002888,2025-01-07,3.62
emp_002888,2024-10-09,3.64
emp_002888,2024-07-11,3.93
emp_002889,2026-04-02,4.09
emp_002889,2026-01-02,3.56
emp_002891,2026-04-02,3.74
emp_002891,2026-01-02,3.89
emp_002891,2025-10-04,4.2
emp_002891,2025-07-06,4.17
emp_002891,2025-04-07,4.06
emp_002891,2025-01-07,3.74
emp_002891,2024-10-09,3.05
emp_002891,2024-07-11,3.75
emp_002892,2026-04-02,3.49
emp_002892,2026-01-02,3.13
emp_002892,2025-10-04,3.52
emp_002893,2026-04-02,3.55
emp_002893,2026-01-02,3.03
emp_002893,2025-10-04,3.8
emp_002893,2025-07-06,3.94
emp_002893,2025-04-07,3.08
emp_002894,2026-04-02,3.89
emp_002894,2026-01-02,3.73
emp_002894,2025-10-04,4.47
emp_002894,2025-07-06,3.56
emp_002894,2025-04-07,4.14
emp_002894,2025-01-07,4.65
emp_002894,2024-10-09,3.81
emp_002894,2024-07-11,3.74
emp_002895,2026-04-02,4.26
emp_002895,2026-01-02,4.54
emp_002895,2025-10-04,3.85
emp_002895,2025-07-06,3.98
emp_002895,2025-04-07,4.3
emp_002895,2025-01-07,4.55
emp_002895,2024-10-09,3.94
emp_002895,2024-07-11,4.2
emp_002896,2026-04-02,4.01
emp_002896,2026-01-02,4.44
emp_002896,2025-10-04,4.1
emp_002896,2025-07-06,3.92
emp_002896,2025-04-07,3.57
emp_002896,2025-01-07,4.22
emp_002896,2024-10-09,3.85
emp_002896,2024-07-11,3.49
emp_002897,2026-04-02,3.57
emp_002897,2026-01-02,4.2
emp_002897,2025-10-04,4.34
emp_002897,2025-07-06,4.27
emp_002897,2025-04-07,4.31
emp_002897,2025-01-07,3.89
emp_002897,2024-10-09,3.57
emp_002897,2024-07-11,4.01
emp_002898,2026-04-02,3.54
emp_002898,2026-01-02,3.03
emp_002898,2025-10-04,3.34
emp_002898,2025-07-06,4.2
emp_002898,2025-04-07,3.94
emp_002898,2025-01-07,3.24
emp_002898,2024-10-09,3.76
emp_002898,2024-07-11,3.87
emp_002899,2026-04-02,3.25
emp_002899,2026-01-02,3.42
emp_002899,2025-10-04,3.06
emp_002899,2025-07-06,3.08
emp_002899,2025-04-07,4.03
emp_002900,2026-04-02,3.39
emp_002900,2026-01-02,3.39
emp_002900,2025-10-04,3.86
emp_002900,2025-07-06,4.23
emp_002900,2025-04-07,3.43
emp_002900,2025-01-07,3.9
emp_002900,2024-10-09,3.41
emp_002900,2024-07-11,4.17
emp_002901,2026-04-02,4.2
emp_002901,2026-01-02,3.49
emp_002901,2025-10-04,3.89
emp_002901,2025-07-06,4.22
emp_002901,2025-04-07,4.23
emp_002901,2025-01-07,3.49
emp_002901,2024-10-09,3.56
emp_002901,2024-07-11,4.36
emp_002902,2026-04-02,3.55
emp_002902,2026-01-02,4.05
emp_002902,2025-10-04,3.5
emp_002902,2025-07-06,3.65
emp_002902,2025-04-07,3.57
emp_002902,2025-01-07,4.15
emp_002902,2024-10-09,3.82
emp_002902,2024-07-11,3.93
emp_002903,2026-04-02,3.3
emp_002903,2026-01-02,3.15
emp_002903,2025-10-04,3.25
emp_002903,2025-07-06,3.9
emp_002903,2025-04-07,3.59
emp_002903,2025-01-07,2.85
emp_002903,2024-10-09,3.75
emp_002903,2024-07-11,3.09
emp_002904,2026-04-02,2.87
emp_002904,2026-01-02,3.12
emp_002904,2025-10-04,3.23
emp_002904,2025-07-06,3.24
emp_002904,2025-04-07,3.29
emp_002904,2025-01-07,3.39
emp_002904,2024-10-09,3.38
emp_002904,2024-07-11,3.58
emp_002905,2026-04-02,3.9
emp_002905,2026-01-02,4.2
emp_002905,2025-10-04,3.77
emp_002905,2025-07-06,3.51
emp_002905,2025-04-07,3.72
emp_002905,2025-01-07,3.67
emp_002905,2024-10-09,3.95
emp_002905,2024-07-11,4.51
emp_002906,2026-04-02,4.77
emp_002906,2026-01-02,4.04
emp_002906,2025-10-04,3.9
emp_002906,2025-07-06,4.49
emp_002906,2025-04-07,4.43
emp_002906,2025-01-07,4.32
emp_002906,2024-10-09,3.94
emp_002906,2024-07-11,4.52
emp_002907,2026-04-02,3.6
emp_002907,2026-01-02,3.53
emp_002907,2025-10-04,4.16
emp_002907,2025-07-06,4.28
emp_002907,2025-04-07,4.03
emp_002907,2025-01-07,3.9
emp_002907,2024-10-09,4.31
emp_002907,2024-07-11,3.86
emp_002908,2026-04-02,3.84
emp_002908,2026-01-02,3.45
emp_002908,2025-10-04,3.01
emp_002908,2025-07-06,3.49
emp_002908,2025-04-07,3.19
emp_002908,2025-01-07,3.86
emp_002908,2024-10-09,3.89
emp_002908,2024-07-11,3.89
emp_002909,2026-04-02,3.93
emp_002909,2026-01-02,3.47
emp_002909,2025-10-04,4.0
emp_002909,2025-07-06,3.26
emp_002910,2026-04-02,3.08
emp_002910,2026-01-02,3.69
emp_002910,2025-10-04,3.64
emp_002910,2025-07-06,3.85
emp_002910,2025-04-07,2.88
emp_002911,2026-04-02,3.99
emp_002912,2026-04-02,3.6
emp_002912,2026-01-02,3.54
emp_002912,2025-10-04,3.15
emp_002912,2025-07-06,4.12
emp_002912,2025-04-07,3.56
emp_002912,2025-01-07,3.52
emp_002913,2026-04-02,3.88
emp_002913,2026-01-02,3.25
emp_002913,2025-10-04,4.36
emp_002913,2025-07-06,4.08
emp_002913,2025-04-07,2.81
emp_002914,2026-04-02,3.97
emp_002914,2026-01-02,3.62
emp_002915,2026-04-02,4.49
emp_002915,2026-01-02,4.52
emp_002915,2025-10-04,3.84
emp_002915,2025-07-06,4.07
emp_002915,2025-04-07,4.58
emp_002916,2026-04-02,3.92
emp_002916,2026-01-02,3.83
emp_002916,2025-10-04,3.61
emp_002916,2025-07-06,3.81
emp_002916,2025-04-07,3.72
emp_002916,2025-01-07,3.47
emp_002916,2024-10-09,3.76
emp_002916,2024-07-11,3.9
emp_002917,2026-04-02,3.79
emp_002917,2026-01-02,3.38
emp_002917,2025-10-04,3.35
emp_002917,2025-07-06,4.05
emp_002917,2025-04-07,3.33
emp_002917,2025-01-07,3.41
emp_002917,2024-10-09,3.35
emp_002917,2024-07-11,3.77
emp_002918,2026-04-02,3.72
emp_002918,2026-01-02,3.48
emp_002918,2025-10-04,4.03
emp_002918,2025-07-06,3.88
emp_002918,2025-04-07,3.75
emp_002918,2025-01-07,3.45
emp_002919,2026-04-02,3.47
emp_002919,2026-01-02,3.18
emp_002919,2025-10-04,3.97
emp_002919,2025-07-06,3.93
emp_002919,2025-04-07,3.66
emp_002919,2025-01-07,3.97
emp_002919,2024-10-09,3.79
emp_002919,2024-07-11,3.59
emp_002920,2026-04-02,3.77
emp_002921,2026-04-02,4.09
emp_002921,2026-01-02,4.01
emp_002921,2025-10-04,4.3
emp_002921,2025-07-06,4.68
emp_002921,2025-04-07,3.56
emp_002921,2025-01-07,3.7
emp_002921,2024-10-09,3.52
emp_002921,2024-07-11,4.06
emp_002922,2026-04-02,3.76
emp_002922,2026-01-02,4.0
emp_002922,2025-10-04,4.51
emp_002922,2025-07-06,4.53
emp_002922,2025-04-07,4.2
emp_002922,2025-01-07,4.45
emp_002922,2024-10-09,4.97
emp_002922,2024-07-11,4.77
emp_002923,2026-04-02,4.38
emp_002923,2026-01-02,3.09
emp_002923,2025-10-04,4.61
emp_002923,2025-07-06,4.18
emp_002923,2025-04-07,3.92
emp_002923,2025-01-07,4.35
emp_002923,2024-10-09,4.1
emp_002923,2024-07-11,3.92
emp_002924,2026-04-02,4.6
emp_002924,2026-01-02,4.15
emp_002924,2025-10-04,4.56
emp_002924,2025-07-06,3.56
emp_002924,2025-04-07,4.43
emp_002924,2025-01-07,4.1
emp_002924,2024-10-09,4.5
emp_002924,2024-07-11,4.14
emp_002925,2026-04-02,4.96
emp_002925,2026-01-02,3.6
emp_002925,2025-10-04,4.57
emp_002925,2025-07-06,4.24
emp_002925,2025-04-07,4.35
emp_002925,2025-01-07,3.95
emp_002925,2024-10-09,4.2
emp_002925,2024-07-11,3.76
emp_002926,2026-04-02,3.98
emp_002926,2026-01-02,3.59
emp_002926,2025-10-04,4.45
emp_002926,2025-07-06,3.85
emp_002926,2025-04-07,4.04
emp_002926,2025-01-07,4.12
emp_002926,2024-10-09,4.16
emp_002926,2024-07-11,4.1
emp_002927,2026-04-02,3.49
emp_002927,2026-01-02,3.16
emp_002927,2025-10-04,3.09
emp_002927,2025-07-06,4.04
emp_002927,2025-04-07,3.24
emp_002927,2025-01-07,2.55
emp_002927,2024-10-09,3.12
emp_002927,2024-07-11,3.44
emp_002928,2026-04-02,3.25
emp_002928,2026-01-02,4.12
emp_002928,2025-10-04,3.62
emp_002928,2025-07-06,2.87
emp_002928,2025-04-07,4.02
emp_002928,2025-01-07,3.84
emp_002928,2024-10-09,4.13
emp_002928,2024-07-11,4.01
emp_002930,2026-04-02,3.79
emp_002930,2026-01-02,3.53
emp_002930,2025-10-04,3.5
emp_002930,2025-07-06,3.61
emp_002930,2025-04-07,3.35
emp_002930,2025-01-07,3.33
emp_002930,2024-10-09,3.08
emp_002931,2026-04-02,4.35
emp_002931,2026-01-02,3.84
emp_002931,2025-10-04,3.75
emp_002931,2025-07-06,3.89
emp_002931,2025-04-07,4.11
emp_002931,2025-01-07,3.89
emp_002931,2024-10-09,4.15
emp_002931,2024-07-11,3.6
emp_002932,2026-04-02,4.08
emp_002932,2026-01-02,3.6
emp_002932,2025-10-04,3.23
emp_002932,2025-07-06,3.51
emp_002933,2026-04-02,3.43
emp_002933,2026-01-02,3.7
emp_002933,2025-10-04,4.13
emp_002933,2025-07-06,3.96
emp_002933,2025-04-07,3.59
emp_002933,2025-01-07,3.6
emp_002933,2024-10-09,3.42
emp_002933,2024-07-11,2.95
emp_002934,2026-04-02,4.59
emp_002934,2026-01-02,4.44
emp_002934,2025-10-04,4.19
emp_002934,2025-07-06,3.83
emp_002934,2025-04-07,4.0
emp_002934,2025-01-07,3.49
emp_002934,2024-10-09,4.15
emp_002934,2024-07-11,4.64
emp_002935,2026-04-02,3.93
emp_002935,2026-01-02,3.65
emp_002935,2025-10-04,3.84
emp_002935,2025-07-06,4.35
emp_002935,2025-04-07,4.38
emp_002935,2025-01-07,4.52
emp_002935,2024-10-09,3.82
emp_002936,2026-04-02,3.89
emp_002936,2026-01-02,4.18
emp_002936,2025-10-04,4.21
emp_002937,2026-04-02,3.79
emp_002937,2026-01-02,3.83
emp_002937,2025-10-04,3.81
emp_002937,2025-07-06,2.89
emp_002937,2025-04-07,3.41
emp_002937,2025-01-07,3.4
emp_002937,2024-10-09,3.36
emp_002938,2026-04-02,3.53
emp_002938,2026-01-02,3.95
emp_002938,2025-10-04,3.5
emp_002938,2025-07-06,4.35
emp_002938,2025-04-07,3.38
emp_002938,2025-01-07,3.11
emp_002938,2024-10-09,3.64
emp_002938,2024-07-11,3.24
emp_002939,2026-04-02,3.44
emp_002939,2026-01-02,3.79
emp_002939,2025-10-04,4.04
emp_002939,2025-07-06,3.74
emp_002939,2025-04-07,3.87
emp_002939,2025-01-07,3.03
emp_002939,2024-10-09,3.73
emp_002939,2024-07-11,3.29
emp_002940,2026-04-02,4.17
emp_002940,2026-01-02,4.52
emp_002940,2025-10-04,4.03
emp_002940,2025-07-06,3.86
emp_002940,2025-04-07,4.31
emp_002941,2026-04-02,4.49
emp_002941,2026-01-02,3.84
emp_002941,2025-10-04,3.96
emp_002941,2025-07-06,3.46
emp_002941,2025-04-07,4.45
emp_002941,2025-01-07,4.01
emp_002941,2024-10-09,4.24
emp_002941,2024-07-11,4.47
emp_002942,2026-04-02,4.64
emp_002942,2026-01-02,3.81
emp_002942,2025-10-04,3.65
emp_002942,2025-07-06,3.49
emp_002942,2025-04-07,3.59
emp_002943,2026-04-02,3.59
emp_002943,2026-01-02,4.51
emp_002943,2025-10-04,3.95
emp_002943,2025-07-06,4.15
emp_002943,2025-04-07,4.43
emp_002943,2025-01-07,3.99
emp_002944,2026-04-02,4.37
emp_002944,2026-01-02,4.45
emp_002944,2025-10-04,4.21
emp_002944,2025-07-06,3.87
emp_002944,2025-04-07,3.74
emp_002944,2025-01-07,3.98
emp_002944,2024-10-09,3.84
emp_002944,2024-07-11,3.75
emp_002945,2026-04-02,3.48
emp_002945,2026-01-02,3.52
emp_002945,2025-10-04,3.88
emp_002945,2025-07-06,3.67
emp_002945,2025-04-07,3.14
emp_002945,2025-01-07,3.52
emp_002945,2024-10-09,3.77
emp_002945,2024-07-11,3.79
emp_002946,2026-04-02,4.79
emp_002946,2026-01-02,4.21
emp_002946,2025-10-04,4.61
emp_002946,2025-07-06,4.68
emp_002946,2025-04-07,4.94
emp_002947,2026-04-02,3.62
emp_002947,2026-01-02,4.41
emp_002947,2025-10-04,3.41
emp_002947,2025-07-06,4.3
emp_002947,2025-04-07,3.6
emp_002947,2025-01-07,4.09
emp_002947,2024-10-09,3.72
emp_002948,2026-04-02,4.34
emp_002948,2026-01-02,4.04
emp_002949,2026-04-02,3.27
emp_002949,2026-01-02,4.04
emp_002949,2025-10-04,3.24
emp_002949,2025-07-06,3.0
emp_002949,2025-04-07,3.79
emp_002949,2025-01-07,3.21
emp_002949,2024-10-09,2.92
emp_002949,2024-07-11,3.62
emp_002950,2026-04-02,4.13
emp_002950,2026-01-02,4.33
emp_002950,2025-10-04,4.36
emp_002950,2025-07-06,4.06
emp_002950,2025-04-07,4.5
emp_002950,2025-01-07,4.57
emp_002950,2024-10-09,4.11
emp_002950,2024-07-11,3.64
emp_002951,2026-04-02,3.72
emp_002951,2026-01-02,3.46
emp_002951,2025-10-04,2.86
emp_002951,2025-07-06,3.14
emp_002952,2026-04-02,4.03
emp_002952,2026-01-02,3.78
emp_002952,2025-10-04,2.82
emp_002953,2026-04-02,3.41
emp_002953,2026-01-02,4.28
emp_002953,2025-10-04,4.67
emp_002953,2025-07-06,3.98
emp_002953,2025-04-07,3.54
emp_002953,2025-01-07,3.8
emp_002953,2024-10-09,3.71
emp_002953,2024-07-11,3.85
emp_002954,2026-04-02,3.08
emp_002954,2026-01-02,3.92
emp_002954,2025-10-04,3.95
emp_002954,2025-07-06,3.05
emp_002954,2025-04-07,3.87
emp_002954,2025-01-07,3.41
emp_002954,2024-10-09,2.9
emp_002954,2024-07-11,2.81
emp_002955,2026-04-02,4.01
emp_002955,2026-01-02,3.51
emp_002955,2025-10-04,3.66
emp_002955,2025-07-06,3.2
emp_002955,2025-04-07,3.51
emp_002955,2025-01-07,4.05
emp_002955,2024-10-09,3.32
emp_002955,2024-07-11,3.34
emp_002956,2026-04-02,4.29
emp_002956,2026-01-02,3.61
emp_002956,2025-10-04,3.72
emp_002956,2025-07-06,4.28
emp_002956,2025-04-07,4.38
emp_002956,2025-01-07,3.14
emp_002956,2024-10-09,3.35
emp_002956,2024-07-11,4.08
emp_002957,2026-04-02,4.45
emp_002957,2026-01-02,3.7
emp_002957,2025-10-04,3.49
emp_002957,2025-07-06,4.1
emp_002957,2025-04-07,4.2
emp_002957,2025-01-07,4.55
emp_002957,2024-10-09,3.81
emp_002957,2024-07-11,4.52
emp_002958,2026-04-02,3.37
emp_002958,2026-01-02,4.32
emp_002958,2025-10-04,3.62
emp_002958,2025-07-06,3.56
emp_002958,2025-04-07,3.84
emp_002958,2025-01-07,2.86
emp_002958,2024-10-09,3.38
emp_002958,2024-07-11,3.41
emp_002959,2026-04-02,4.15
emp_002959,2026-01-02,3.88
emp_002959,2025-10-04,4.73
emp_002959,2025-07-06,4.44
emp_002959,2025-04-07,3.97
emp_002959,2025-01-07,4.16
emp_002959,2024-10-09,3.86
emp_002959,2024-07-11,4.1
emp_002960,2026-04-02,4.1
emp_002960,2026-01-02,4.58
emp_002960,2025-10-04,3.56
emp_002960,2025-07-06,4.44
emp_002960,2025-04-07,2.89
emp_002960,2025-01-07,4.39
emp_002960,2024-10-09,3.77
emp_002960,2024-07-11,4.21
emp_002961,2026-04-02,3.27
emp_002961,2026-01-02,3.49
emp_002961,2025-10-04,3.73
emp_002961,2025-07-06,3.84
emp_002961,2025-04-07,3.34
emp_002961,2025-01-07,3.07
emp_002961,2024-10-09,3.52
emp_002961,2024-07-11,3.99
emp_002962,2026-04-02,3.32
emp_002962,2026-01-02,3.41
emp_002962,2025-10-04,3.49
emp_002962,2025-07-06,4.14
emp_002962,2025-04-07,3.99
emp_002962,2025-01-07,4.04
emp_002962,2024-10-09,3.94
emp_002962,2024-07-11,3.6
emp_002963,2026-04-02,3.61
emp_002963,2026-01-02,3.38
emp_002963,2025-10-04,3.82
emp_002963,2025-07-06,3.18
emp_002963,2025-04-07,3.5
emp_002963,2025-01-07,3.58
emp_002964,2026-04-02,4.74
emp_002964,2026-01-02,3.58
emp_002964,2025-10-04,3.98
emp_002964,2025-07-06,4.15
emp_002964,2025-04-07,4.24
emp_002964,2025-01-07,4.29
emp_002964,2024-10-09,4.03
emp_002964,2024-07-11,4.02
emp_002965,2026-04-02,3.99
emp_002965,2026-01-02,4.82
emp_002965,2025-10-04,4.13
emp_002965,2025-07-06,4.35
emp_002965,2025-04-07,4.38
emp_002965,2025-01-07,4.02
emp_002965,2024-10-09,4.73
emp_002965,2024-07-11,4.06
emp_002966,2026-04-02,3.72
emp_002966,2026-01-02,3.76
emp_002966,2025-10-04,4.18
emp_002966,2025-07-06,4.01
emp_002966,2025-04-07,3.73
emp_002966,2025-01-07,4.5
emp_002966,2024-10-09,3.45
emp_002966,2024-07-11,4.42
emp_002967,2026-04-02,4.21
emp_002967,2026-01-02,4.35
emp_002967,2025-10-04,4.35
emp_002967,2025-07-06,4.07
emp_002968,2026-04-02,2.9
emp_002968,2026-01-02,3.77
emp_002968,2025-10-04,3.75
emp_002968,2025-07-06,4.12
emp_002969,2026-04-02,3.89
emp_002969,2026-01-02,3.45
emp_002969,2025-10-04,3.93
emp_002970,2026-04-02,4.2
emp_002970,2026-01-02,4.24
emp_002971,2026-04-02,3.79
emp_002971,2026-01-02,3.85
emp_002971,2025-10-04,3.72
emp_002971,2025-07-06,3.9
emp_002972,2026-04-02,3.46
emp_002972,2026-01-02,3.44
emp_002972,2025-10-04,2.93
emp_002972,2025-07-06,2.79
emp_002973,2026-04-02,2.78
emp_002973,2026-01-02,2.49
emp_002973,2025-10-04,3.27
emp_002973,2025-07-06,3.25
emp_002973,2025-04-07,2.82
emp_002973,2025-01-07,3.74
emp_002973,2024-10-09,3.68
emp_002973,2024-07-11,2.75
emp_002974,2026-04-02,4.0
emp_002974,2026-01-02,4.23
emp_002974,2025-10-04,4.33
emp_002974,2025-07-06,4.25
emp_002974,2025-04-07,4.33
emp_002974,2025-01-07,4.19
emp_002975,2026-04-02,3.65
emp_002975,2026-01-02,3.76
emp_002975,2025-10-04,4.25
emp_002975,2025-07-06,3.3
emp_002975,2025-04-07,4.03
emp_002975,2025-01-07,3.44
emp_002975,2024-10-09,3.92
emp_002975,2024-07-11,4.11
emp_002976,2026-04-02,3.83
emp_002976,2026-01-02,3.38
emp_002976,2025-10-04,3.57
emp_002976,2025-07-06,3.8
emp_002976,2025-04-07,3.66
emp_002976,2025-01-07,3.79
emp_002977,2026-04-02,4.08
emp_002977,2026-01-02,4.21
emp_002977,2025-10-04,3.46
emp_002977,2025-07-06,4.13
emp_002978,2026-04-02,3.65
emp_002978,2026-01-02,3.5
emp_002978,2025-10-04,3.61
emp_002978,2025-07-06,3.31
emp_002978,2025-04-07,3.75
emp_002979,2026-04-02,3.79
emp_002979,2026-01-02,4.4
emp_002979,2025-10-04,4.02
emp_002979,2025-07-06,4.18
emp_002979,2025-04-07,4.31
emp_002979,2025-01-07,3.87
emp_002979,2024-10-09,4.3
emp_002979,2024-07-11,3.96
emp_002980,2026-04-02,3.92
emp_002980,2026-01-02,3.84
emp_002980,2025-10-04,3.53
emp_002980,2025-07-06,4.41
emp_002980,2025-04-07,4.26
emp_002981,2026-04-02,4.54
emp_002981,2026-01-02,5.0
emp_002981,2025-10-04,4.1
emp_002981,2025-07-06,4.26
emp_002981,2025-04-07,4.14
emp_002981,2025-01-07,3.89
emp_002981,2024-10-09,3.7
emp_002981,2024-07-11,4.67
emp_002982,2026-04-02,4.15
emp_002982,2026-01-02,4.32
emp_002982,2025-10-04,4.41
emp_002982,2025-07-06,3.88
emp_002982,2025-04-07,4.17
emp_002982,2025-01-07,3.53
emp_002982,2024-10-09,4.06
emp_002982,2024-07-11,3.81
emp_002983,2026-04-02,4.18
emp_002983,2026-01-02,4.64
emp_002983,2025-10-04,3.95
emp_002983,2025-07-06,3.76
emp_002983,2025-04-07,3.44
emp_002984,2026-04-02,3.91
emp_002984,2026-01-02,3.02
emp_002984,2025-10-04,3.63
emp_002984,2025-07-06,3.88
emp_002984,2025-04-07,3.3
emp_002984,2025-01-07,3.69
emp_002984,2024-10-09,3.25
emp_002984,2024-07-11,3.96
emp_002985,2026-04-02,4.15
emp_002985,2026-01-02,4.06
emp_002985,2025-10-04,4.09
emp_002985,2025-07-06,4.05
emp_002985,2025-04-07,3.86
emp_002985,2025-01-07,3.65
emp_002985,2024-10-09,3.6
emp_002985,2024-07-11,3.53
emp_002986,2026-04-02,3.97
emp_002986,2026-01-02,2.73
emp_002986,2025-10-04,3.88
emp_002986,2025-07-06,3.3
emp_002986,2025-04-07,4.04
emp_002986,2025-01-07,3.73
emp_002987,2026-04-02,3.19
emp_002987,2026-01-02,3.09
emp_002987,2025-10-04,3.29
emp_002987,2025-07-06,3.17
emp_002987,2025-04-07,3.02
emp_002987,2025-01-07,3.47
emp_002987,2024-10-09,3.37
emp_002987,2024-07-11,2.97
emp_002988,2026-04-02,2.86
emp_002988,2026-01-02,3.0
emp_002988,2025-10-04,3.48
emp_002988,2025-07-06,3.59
emp_002988,2025-04-07,3.57
emp_002988,2025-01-07,2.94
emp_002988,2024-10-09,3.39
emp_002988,2024-07-11,3.19
emp_002989,2026-04-02,3.78
emp_002989,2026-01-02,3.98
emp_002989,2025-10-04,3.89
emp_002989,2025-07-06,4.5
emp_002989,2025-04-07,3.89
emp_002989,2025-01-07,4.22
emp_002990,2026-04-02,4.61
emp_002990,2026-01-02,4.79
emp_002991,2026-04-02,3.66
emp_002991,2026-01-02,3.81
emp_002992,2026-04-02,3.14
emp_002992,2026-01-02,3.69
emp_002992,2025-10-04,3.58
emp_002992,2025-07-06,3.34
emp_002992,2025-04-07,3.21
emp_002992,2025-01-07,3.48
emp_002992,2024-10-09,3.44
emp_002992,2024-07-11,3.42
emp_002993,2026-04-02,4.09
emp_002993,2026-01-02,4.33
emp_002993,2025-10-04,3.78
emp_002993,2025-07-06,4.3
emp_002993,2025-04-07,4.52
emp_002993,2025-01-07,3.94
emp_002993,2024-10-09,4.02
emp_002993,2024-07-11,4.56
emp_002994,2026-04-02,3.74
emp_002994,2026-01-02,3.56
emp_002994,2025-10-04,3.36
emp_002994,2025-07-06,4.54
emp_002994,2025-04-07,3.87
emp_002994,2025-01-07,3.63
emp_002994,2024-10-09,4.24
emp_002994,2024-07-11,3.98
emp_002995,2026-04-02,3.84
emp_002995,2026-01-02,3.92
emp_002995,2025-10-04,4.26
emp_002995,2025-07-06,3.38
emp_002995,2025-04-07,3.81
emp_002995,2025-01-07,3.88
emp_002996,2026-04-02,4.85
emp_002996,2026-01-02,4.28
emp_002996,2025-10-04,4.52
emp_002996,2025-07-06,4.04
emp_002996,2025-04-07,4.28
emp_002996,2025-01-07,4.49
emp_002996,2024-10-09,4.45
emp_002996,2024-07-11,4.54
emp_002997,2026-04-02,3.27
emp_002997,2026-01-02,4.29
emp_002997,2025-10-04,4.25
emp_002997,2025-07-06,3.27
emp_002997,2025-04-07,3.88
emp_002997,2025-01-07,3.42
emp_002997,2024-10-09,4.25
emp_002997,2024-07-11,4.22
emp_002999,2026-04-02,4.26
emp_002999,2026-01-02,3.97
emp_002999,2025-10-04,4.46
emp_002999,2025-07-06,3.74
emp_002999,2025-04-07,3.4
emp_002999,2025-01-07,4.02
emp_002999,2024-10-09,3.69
emp_002999,2024-07-11,3.49
emp_003000,2026-04-02,3.21
emp_003000,2026-01-02,3.34
emp_003000,2025-10-04,3.64
emp_003000,2025-07-06,3.32
emp_003000,2025-04-07,3.41
emp_003000,2025-01-07,3.31
emp_003000,2024-10-09,3.6
emp_003000,2024-07-11,3.95
emp_003001,2026-04-02,5.0
emp_003001,2026-01-02,3.74
emp_003001,2025-10-04,3.82
emp_003001,2025-07-06,4.88
emp_003001,2025-04-07,4.03
emp_003002,2026-04-02,3.62
emp_003002,2026-01-02,3.96
emp_003002,2025-10-04,3.43
emp_003002,2025-07-06,3.53
emp_003002,2025-04-07,3.38
emp_003002,2025-01-07,4.07
emp_003002,2024-10-09,3.89
emp_003002,2024-07-11,3.19
emp_003003,2026-04-02,4.09
emp_003003,2026-01-02,3.56
emp_003003,2025-10-04,4.45
emp_003003,2025-07-06,4.0
emp_003003,2025-04-07,4.45
emp_003003,2025-01-07,3.85
emp_003003,2024-10-09,4.78
emp_003003,2024-07-11,4.58
emp_003004,2026-04-02,3.85
emp_003004,2026-01-02,3.9
emp_003004,2025-10-04,3.78
emp_003004,2025-07-06,3.94
emp_003004,2025-04-07,4.03
emp_003004,2025-01-07,3.95
emp_003005,2026-04-02,4.28
emp_003005,2026-01-02,4.12
emp_003005,2025-10-04,4.35
emp_003005,2025-07-06,3.53
emp_003005,2025-04-07,4.57
emp_003005,2025-01-07,3.74
emp_003005,2024-10-09,4.31
emp_003005,2024-07-11,4.54
emp_003006,2026-04-02,3.58
emp_003006,2026-01-02,4.0
emp_003006,2025-10-04,3.58
emp_003006,2025-07-06,3.45
emp_003006,2025-04-07,3.28
emp_003006,2025-01-07,3.51
emp_003006,2024-10-09,3.42
emp_003006,2024-07-11,3.26
emp_003007,2026-04-02,4.52
emp_003007,2026-01-02,4.23
emp_003007,2025-10-04,4.03
emp_003007,2025-07-06,4.05
emp_003007,2025-04-07,4.17
emp_003007,2025-01-07,4.21
emp_003007,2024-10-09,3.41
emp_003008,2026-04-02,4.46
emp_003008,2026-01-02,4.18
emp_003008,2025-10-04,4.11
emp_003008,2025-07-06,4.59
emp_003008,2025-04-07,4.98
emp_003008,2025-01-07,4.29
emp_003008,2024-10-09,3.98
emp_003008,2024-07-11,4.35
emp_003009,2026-04-02,3.81
emp_003009,2026-01-02,3.68
emp_003009,2025-10-04,3.3
emp_003009,2025-07-06,3.32
emp_003009,2025-04-07,3.68
emp_003009,2025-01-07,3.99
emp_003009,2024-10-09,3.68
emp_003009,2024-07-11,4.48
emp_003010,2026-04-02,3.54
emp_003010,2026-01-02,3.76
emp_003010,2025-10-04,4.21
emp_003010,2025-07-06,3.49
emp_003010,2025-04-07,3.71
emp_003010,2025-01-07,3.99
emp_003010,2024-10-09,4.3
emp_003010,2024-07-11,3.59
emp_003011,2026-04-02,2.54
emp_003011,2026-01-02,4.06
emp_003011,2025-10-04,3.72
emp_003011,2025-07-06,3.52
emp_003011,2025-04-07,3.45
emp_003011,2025-01-07,3.05
emp_003012,2026-04-02,3.87
emp_003012,2026-01-02,4.18
emp_003012,2025-10-04,3.84
emp_003012,2025-07-06,4.44
emp_003012,2025-04-07,3.85
emp_003012,2025-01-07,4.21
emp_003012,2024-10-09,4.32
emp_003012,2024-07-11,4.05
emp_003013,2026-04-02,3.31
emp_003013,2026-01-02,3.58
emp_003013,2025-10-04,2.89
emp_003013,2025-07-06,3.65
emp_003013,2025-04-07,2.94
emp_003013,2025-01-07,3.77
emp_003013,2024-10-09,3.28
emp_003013,2024-07-11,3.49
emp_003014,2026-04-02,4.11
emp_003014,2026-01-02,3.61
emp_003014,2025-10-04,4.14
emp_003014,2025-07-06,4.4
emp_003014,2025-04-07,3.93
emp_003014,2025-01-07,3.96
emp_003014,2024-10-09,3.79
emp_003015,2026-04-02,4.55
emp_003015,2026-01-02,4.71
emp_003015,2025-10-04,4.31
emp_003015,2025-07-06,4.92
emp_003015,2025-04-07,4.95
emp_003015,2025-01-07,4.27
emp_003016,2026-04-02,3.85
emp_003016,2026-01-02,3.73
emp_003016,2025-10-04,3.75
emp_003016,2025-07-06,3.83
emp_003016,2025-04-07,3.93
emp_003016,2025-01-07,3.75
emp_003017,2026-04-02,3.53
emp_003017,2026-01-02,3.51
emp_003017,2025-10-04,3.86
emp_003017,2025-07-06,3.36
emp_003017,2025-04-07,3.97
emp_003017,2025-01-07,3.31
emp_003017,2024-10-09,3.11
emp_003017,2024-07-11,3.32
emp_003018,2026-04-02,3.2
emp_003018,2026-01-02,3.73
emp_003018,2025-10-04,3.85
emp_003018,2025-07-06,3.86
emp_003018,2025-04-07,3.98
emp_003018,2025-01-07,4.38
emp_003018,2024-10-09,4.1
emp_003018,2024-07-11,4.18
emp_003019,2026-04-02,3.7
emp_003019,2026-01-02,3.97
emp_003019,2025-10-04,3.52
emp_003019,2025-07-06,3.93
emp_003019,2025-04-07,3.92
emp_003019,2025-01-07,4.11
emp_003019,2024-10-09,3.83
emp_003020,2026-04-02,4.68
emp_003020,2026-01-02,4.5
emp_003020,2025-10-04,4.33
emp_003020,2025-07-06,4.25
emp_003020,2025-04-07,4.27
emp_003020,2025-01-07,4.45
emp_003021,2026-04-02,4.01
emp_003021,2026-01-02,3.68
emp_003021,2025-10-04,3.53
emp_003021,2025-07-06,4.14
emp_003021,2025-04-07,4.16
emp_003021,2025-01-07,3.63
emp_003021,2024-10-09,3.82
emp_003021,2024-07-11,4.26
emp_003022,2026-04-02,4.23
emp_003022,2026-01-02,4.6
emp_003022,2025-10-04,3.84
emp_003022,2025-07-06,3.99
emp_003022,2025-04-07,3.93
emp_003022,2025-01-07,4.37
emp_003022,2024-10-09,4.23
emp_003022,2024-07-11,4.58
emp_003023,2026-04-02,3.6
emp_003023,2026-01-02,3.69
emp_003023,2025-10-04,4.24
emp_003023,2025-07-06,3.9
emp_003023,2025-04-07,4.04
emp_003023,2025-01-07,3.79
emp_003023,2024-10-09,3.63
emp_003023,2024-07-11,4.07
emp_003024,2026-04-02,4.16
emp_003024,2026-01-02,3.51
emp_003024,2025-10-04,3.55
emp_003024,2025-07-06,3.51
emp_003024,2025-04-07,3.42
emp_003024,2025-01-07,4.25
emp_003024,2024-10-09,2.96
emp_003024,2024-07-11,3.88
emp_003025,2026-04-02,4.25
emp_003025,2026-01-02,4.06
emp_003025,2025-10-04,3.42
emp_003025,2025-07-06,4.33
emp_003025,2025-04-07,3.51
emp_003025,2025-01-07,4.1
emp_003026,2026-04-02,4.53
emp_003026,2026-01-02,3.99
emp_003026,2025-10-04,4.09
emp_003026,2025-07-06,3.19
emp_003026,2025-04-07,3.97
emp_003026,2025-01-07,4.18
emp_003026,2024-10-09,3.64
emp_003026,2024-07-11,3.91
emp_003027,2026-04-02,3.25
emp_003027,2026-01-02,4.19
emp_003027,2025-10-04,4.31
emp_003027,2025-07-06,3.86
emp_003027,2025-04-07,4.35
emp_003027,2025-01-07,3.26
emp_003027,2024-10-09,3.75
emp_003027,2024-07-11,4.04
emp_003028,2026-04-02,3.72
emp_003028,2026-01-02,4.14
emp_003028,2025-10-04,3.56
emp_003028,2025-07-06,3.36
emp_003028,2025-04-07,4.18
emp_003028,2025-01-07,3.53
emp_003028,2024-10-09,3.44
emp_003028,2024-07-11,4.01
emp_003029,2026-04-02,4.26
emp_003029,2026-01-02,3.17
emp_003029,2025-10-04,4.33
emp_003029,2025-07-06,3.8
emp_003029,2025-04-07,3.71
emp_003029,2025-01-07,3.73
emp_003029,2024-10-09,3.69
emp_003029,2024-07-11,4.43
emp_003030,2026-04-02,3.09
emp_003030,2026-01-02,3.47
emp_003030,2025-10-04,3.16
emp_003030,2025-07-06,3.47
emp_003030,2025-04-07,3.18
emp_003030,2025-01-07,3.78
emp_003030,2024-10-09,3.37
emp_003030,2024-07-11,3.45
emp_003031,2026-04-02,4.1
emp_003031,2026-01-02,4.4
emp_003031,2025-10-04,3.92
emp_003031,2025-07-06,4.16
emp_003031,2025-04-07,4.86
emp_003031,2025-01-07,4.15
emp_003031,2024-10-09,3.35
emp_003032,2026-04-02,3.05
emp_003032,2026-01-02,3.58
emp_003033,2026-04-02,4.59
emp_003033,2026-01-02,3.96
emp_003033,2025-10-04,4.14
emp_003033,2025-07-06,4.73
emp_003033,2025-04-07,3.84
emp_003033,2025-01-07,4.56
emp_003033,2024-10-09,4.65
emp_003033,2024-07-11,4.1
emp_003034,2026-04-02,3.93
emp_003034,2026-01-02,4.13
emp_003034,2025-10-04,4.24
emp_003034,2025-07-06,3.78
emp_003034,2025-04-07,3.25
emp_003034,2025-01-07,3.8
emp_003034,2024-10-09,4.25
emp_003034,2024-07-11,3.75
emp_003035,2026-04-02,3.45
emp_003035,2026-01-02,3.56
emp_003035,2025-10-04,3.51
emp_003035,2025-07-06,3.49
emp_003035,2025-04-07,3.52
emp_003035,2025-01-07,3.6
emp_003035,2024-10-09,3.58
emp_003035,2024-07-11,2.96
emp_003036,2026-04-02,3.36
emp_003036,2026-01-02,3.93
emp_003036,2025-10-04,3.65
emp_003036,2025-07-06,4.17
emp_003036,2025-04-07,3.77
emp_003036,2025-01-07,3.3
emp_003036,2024-10-09,4.07
emp_003036,2024-07-11,3.6
emp_003037,2026-04-02,4.02
emp_003037,2026-01-02,3.75
emp_003037,2025-10-04,3.74
emp_003037,2025-07-06,3.17
emp_003037,2025-04-07,3.68
emp_003037,2025-01-07,4.33
emp_003037,2024-10-09,3.92
emp_003037,2024-07-11,4.31
emp_003038,2026-04-02,3.65
emp_003038,2026-01-02,3.59
emp_003038,2025-10-04,4.3
emp_003038,2025-07-06,3.98
emp_003038,2025-04-07,3.65
emp_003038,2025-01-07,3.33
emp_003038,2024-10-09,3.75
emp_003038,2024-07-11,4.44
emp_003039,2026-04-02,3.95
emp_003039,2026-01-02,3.89
emp_003039,2025-10-04,3.0
emp_003039,2025-07-06,2.55
emp_003039,2025-04-07,4.12
emp_003040,2026-04-02,3.76
emp_003040,2026-01-02,3.35
emp_003040,2025-10-04,3.95
emp_003040,2025-07-06,3.63
emp_003040,2025-04-07,3.96
emp_003040,2025-01-07,3.33
emp_003040,2024-10-09,3.67
emp_003040,2024-07-11,4.17
emp_003041,2026-04-02,3.42
emp_003041,2026-01-02,2.62
emp_003041,2025-10-04,2.4
emp_003041,2025-07-06,3.47
emp_003041,2025-04-07,3.71
emp_003041,2025-01-07,3.1
emp_003041,2024-10-09,2.89
emp_003041,2024-07-11,3.17
emp_003042,2026-04-02,4.37
emp_003042,2026-01-02,4.28
emp_003042,2025-10-04,4.09
emp_003042,2025-07-06,3.92
emp_003042,2025-04-07,3.53
emp_003042,2025-01-07,3.66
emp_003042,2024-10-09,4.3
emp_003042,2024-07-11,3.82
emp_003043,2026-04-02,3.78
emp_003043,2026-01-02,3.23
emp_003043,2025-10-04,3.43
emp_003043,2025-07-06,3.09
emp_003043,2025-04-07,3.61
emp_003043,2025-01-07,4.04
emp_003043,2024-10-09,3.47
emp_003043,2024-07-11,3.38
emp_003044,2026-04-02,3.66
emp_003044,2026-01-02,3.59
emp_003044,2025-10-04,4.16
emp_003044,2025-07-06,4.05
emp_003045,2026-04-02,4.36
emp_003045,2026-01-02,3.49
emp_003045,2025-10-04,3.89
emp_003045,2025-07-06,3.77
emp_003045,2025-04-07,3.87
emp_003045,2025-01-07,3.98
emp_003046,2026-04-02,3.47
emp_003046,2026-01-02,3.73
emp_003046,2025-10-04,3.59
emp_003046,2025-07-06,3.09
emp_003046,2025-04-07,3.38
emp_003046,2025-01-07,3.2
emp_003046,2024-10-09,2.95
emp_003046,2024-07-11,3.52
emp_003047,2026-04-02,3.73
emp_003047,2026-01-02,4.18
emp_003047,2025-10-04,4.33
emp_003047,2025-07-06,3.91
emp_003047,2025-04-07,4.11
emp_003047,2025-01-07,3.96
emp_003047,2024-10-09,4.03
emp_003047,2024-07-11,4.04
emp_003048,2026-04-02,3.88
emp_003048,2026-01-02,4.24
emp_003049,2026-04-02,3.41
emp_003049,2026-01-02,3.64
emp_003049,2025-10-04,4.16
emp_003050,2026-04-02,4.34
emp_003050,2026-01-02,4.16
emp_003050,2025-10-04,3.15
emp_003050,2025-07-06,3.82
emp_003050,2025-04-07,4.06
emp_003051,2026-04-02,3.48
emp_003051,2026-01-02,3.83
emp_003052,2026-04-02,3.27
emp_003052,2026-01-02,3.42
emp_003052,2025-10-04,3.43
emp_003052,2025-07-06,3.93
emp_003052,2025-04-07,3.88
emp_003052,2025-01-07,3.17
emp_003052,2024-10-09,3.38
emp_003052,2024-07-11,3.71
emp_003053,2026-04-02,3.3
emp_003053,2026-01-02,3.13
emp_003053,2025-10-04,3.82
emp_003053,2025-07-06,3.56
emp_003053,2025-04-07,3.65
emp_003053,2025-01-07,3.59
emp_003054,2026-04-02,3.48
emp_003054,2026-01-02,4.47
emp_003054,2025-10-04,4.31
emp_003054,2025-07-06,4.41
emp_003054,2025-04-07,4.52
emp_003054,2025-01-07,4.59
emp_003054,2024-10-09,4.12
emp_003054,2024-07-11,3.52
emp_003055,2026-04-02,3.58
emp_003055,2026-01-02,3.71
emp_003055,2025-10-04,4.56
emp_003055,2025-07-06,3.74
emp_003055,2025-04-07,3.73
emp_003055,2025-01-07,4.26
emp_003055,2024-10-09,4.12
emp_003055,2024-07-11,4.38
emp_003056,2026-04-02,4.33
emp_003056,2026-01-02,3.89
emp_003056,2025-10-04,4.28
emp_003056,2025-07-06,4.29
emp_003057,2026-04-02,3.67
emp_003057,2026-01-02,3.78
emp_003057,2025-10-04,4.05
emp_003057,2025-07-06,3.93
emp_003057,2025-04-07,4.16
emp_003057,2025-01-07,3.77
emp_003057,2024-10-09,4.17
emp_003057,2024-07-11,4.13
emp_003058,2026-04-02,3.62
emp_003058,2026-01-02,4.09
emp_003058,2025-10-04,3.69
emp_003058,2025-07-06,3.6
emp_003058,2025-04-07,3.56
emp_003058,2025-01-07,3.57
emp_003058,2024-10-09,4.09
emp_003058,2024-07-11,3.9
emp_003059,2026-04-02,3.98
emp_003059,2026-01-02,4.64
emp_003059,2025-10-04,3.88
emp_003059,2025-07-06,4.49
emp_003059,2025-04-07,3.68
emp_003059,2025-01-07,4.24
emp_003059,2024-10-09,3.59
emp_003059,2024-07-11,4.82
emp_003060,2026-04-02,3.88
emp_003060,2026-01-02,3.46
emp_003060,2025-10-04,3.67
emp_003060,2025-07-06,2.83
emp_003060,2025-04-07,3.98
emp_003060,2025-01-07,4.31
emp_003060,2024-10-09,3.71
emp_003060,2024-07-11,3.26
emp_003061,2026-04-02,4.25
emp_003061,2026-01-02,3.45
emp_003061,2025-10-04,4.47
emp_003061,2025-07-06,3.75
emp_003061,2025-04-07,4.06
emp_003061,2025-01-07,3.72
emp_003061,2024-10-09,3.14
emp_003061,2024-07-11,3.29
emp_003062,2026-04-02,3.92
emp_003062,2026-01-02,3.66
emp_003062,2025-10-04,3.66
emp_003062,2025-07-06,3.81
emp_003062,2025-04-07,3.82
emp_003062,2025-01-07,3.71
emp_003062,2024-10-09,3.37
emp_003062,2024-07-11,3.48
emp_003063,2026-04-02,4.34
emp_003063,2026-01-02,4.19
emp_003063,2025-10-04,3.51
emp_003064,2026-04-02,3.65
emp_003064,2026-01-02,4.13
emp_003064,2025-10-04,4.2
emp_003064,2025-07-06,4.06
emp_003064,2025-04-07,4.16
emp_003064,2025-01-07,4.08
emp_003064,2024-10-09,4.15
emp_003064,2024-07-11,3.68
emp_003065,2026-04-02,4.46
emp_003065,2026-01-02,4.08
emp_003065,2025-10-04,4.26
emp_003065,2025-07-06,3.78
emp_003065,2025-04-07,4.57
emp_003065,2025-01-07,4.26
emp_003065,2024-10-09,4.45
emp_003065,2024-07-11,4.08
emp_003066,2026-04-02,3.84
emp_003066,2026-01-02,3.71
emp_003066,2025-10-04,4.14
emp_003066,2025-07-06,3.72
emp_003066,2025-04-07,4.48
emp_003066,2025-01-07,4.16
emp_003066,2024-10-09,3.32
emp_003066,2024-07-11,3.86
emp_003067,2026-04-02,4.12
emp_003067,2026-01-02,4.09
emp_003067,2025-10-04,3.47
emp_003067,2025-07-06,2.96
emp_003067,2025-04-07,3.97
emp_003067,2025-01-07,4.12
emp_003067,2024-10-09,3.9
emp_003067,2024-07-11,4.54
emp_003068,2026-04-02,4.21
emp_003068,2026-01-02,3.78
emp_003068,2025-10-04,4.6
emp_003068,2025-07-06,3.9
emp_003068,2025-04-07,4.1
emp_003068,2025-01-07,3.71
emp_003068,2024-10-09,3.73
emp_003068,2024-07-11,2.81
emp_003069,2026-04-02,4.51
emp_003069,2026-01-02,4.21
emp_003069,2025-10-04,4.33
emp_003069,2025-07-06,4.05
emp_003069,2025-04-07,4.24
emp_003069,2025-01-07,4.15
emp_003069,2024-10-09,4.11
emp_003069,2024-07-11,2.91
emp_003070,2026-04-02,3.37
emp_003070,2026-01-02,4.35
emp_003070,2025-10-04,3.66
emp_003070,2025-07-06,4.24
emp_003072,2026-04-02,3.67
emp_003072,2026-01-02,3.75
emp_003072,2025-10-04,4.1
emp_003073,2026-04-02,3.82
emp_003073,2026-01-02,3.94
emp_003073,2025-10-04,3.11
emp_003073,2025-07-06,4.09
emp_003073,2025-04-07,3.1
emp_003073,2025-01-07,4.24
emp_003073,2024-10-09,4.4
emp_003073,2024-07-11,3.76
emp_003074,2026-04-02,3.81
emp_003074,2026-01-02,3.76
emp_003074,2025-10-04,4.17
emp_003074,2025-07-06,4.36
emp_003074,2025-04-07,3.39
emp_003074,2025-01-07,3.75
emp_003074,2024-10-09,3.81
emp_003074,2024-07-11,3.43
emp_003075,2026-04-02,3.4
emp_003075,2026-01-02,3.93
emp_003075,2025-10-04,3.84
emp_003075,2025-07-06,4.2
emp_003075,2025-04-07,3.93
emp_003075,2025-01-07,3.47
emp_003075,2024-10-09,3.91
emp_003075,2024-07-11,3.78
emp_003076,2026-04-02,3.16
emp_003076,2026-01-02,3.42
emp_003076,2025-10-04,4.09
emp_003076,2025-07-06,4.0
emp_003076,2025-04-07,4.08
emp_003076,2025-01-07,4.15
emp_003076,2024-10-09,3.84
emp_003076,2024-07-11,4.52
emp_003077,2026-04-02,4.28
emp_003077,2026-01-02,3.58
emp_003077,2025-10-04,4.07
emp_003077,2025-07-06,3.7
emp_003077,2025-04-07,3.64
emp_003077,2025-01-07,4.36
emp_003077,2024-10-09,4.42
emp_003077,2024-07-11,4.03
emp_003078,2026-04-02,3.82
emp_003078,2026-01-02,3.53
emp_003078,2025-10-04,3.58
emp_003078,2025-07-06,3.69
emp_003078,2025-04-07,3.6
emp_003078,2025-01-07,3.29
emp_003078,2024-10-09,3.9
emp_003078,2024-07-11,3.69
emp_003079,2026-04-02,3.67
emp_003079,2026-01-02,4.05
emp_003079,2025-10-04,3.56
emp_003079,2025-07-06,3.75
emp_003079,2025-04-07,3.91
emp_003079,2025-01-07,3.14
emp_003079,2024-10-09,3.29
emp_003079,2024-07-11,3.3
emp_003080,2026-04-02,3.69
emp_003080,2026-01-02,3.12
emp_003080,2025-10-04,3.57
emp_003081,2026-04-02,4.39
emp_003081,2026-01-02,4.7
emp_003081,2025-10-04,3.37
emp_003081,2025-07-06,4.26
emp_003081,2025-04-07,3.99
emp_003082,2026-04-02,3.68
emp_003082,2026-01-02,3.44
emp_003082,2025-10-04,4.25
emp_003082,2025-07-06,3.89
emp_003082,2025-04-07,4.0
emp_003082,2025-01-07,3.09
emp_003082,2024-10-09,3.92
emp_003082,2024-07-11,3.59
emp_003083,2026-04-02,3.62
emp_003083,2026-01-02,3.34
emp_003083,2025-10-04,3.87
emp_003083,2025-07-06,3.37
emp_003083,2025-04-07,2.93
emp_003083,2025-01-07,3.84
emp_003083,2024-10-09,3.84
emp_003083,2024-07-11,3.05
emp_003084,2026-04-02,3.39
emp_003084,2026-01-02,3.81
emp_003084,2025-10-04,3.41
emp_003084,2025-07-06,3.39
emp_003084,2025-04-07,3.63
emp_003084,2025-01-07,3.79
emp_003084,2024-10-09,3.24
emp_003084,2024-07-11,3.76
emp_003085,2026-04-02,2.73
emp_003085,2026-01-02,3.81
emp_003085,2025-10-04,4.31
emp_003085,2025-07-06,2.99
emp_003085,2025-04-07,3.0
emp_003085,2025-01-07,3.01
emp_003085,2024-10-09,3.81
emp_003085,2024-07-11,2.99
emp_003086,2026-04-02,4.5
emp_003086,2026-01-02,4.24
emp_003086,2025-10-04,4.48
emp_003086,2025-07-06,3.52
emp_003086,2025-04-07,4.27
emp_003086,2025-01-07,4.05
emp_003086,2024-10-09,4.38
emp_003086,2024-07-11,3.83
emp_003087,2026-04-02,3.88
emp_003088,2026-04-02,3.63
emp_003088,2026-01-02,3.61
emp_003088,2025-10-04,3.36
emp_003089,2026-04-02,3.9
emp_003089,2026-01-02,2.95
emp_003089,2025-10-04,3.19
emp_003089,2025-07-06,4.04
emp_003089,2025-04-07,3.46
emp_003089,2025-01-07,3.11
emp_003089,2024-10-09,3.3
emp_003089,2024-07-11,3.2
emp_003090,2026-04-02,3.4
emp_003090,2026-01-02,3.64
emp_003090,2025-10-04,3.78
emp_003090,2025-07-06,4.12
emp_003091,2026-04-02,3.88
emp_003091,2026-01-02,4.16
emp_003091,2025-10-04,3.72
emp_003091,2025-07-06,3.6
emp_003091,2025-04-07,3.26
emp_003091,2025-01-07,4.03
emp_003091,2024-10-09,4.14
emp_003092,2026-04-02,3.45
emp_003092,2026-01-02,4.92
emp_003092,2025-10-04,4.15
emp_003092,2025-07-06,4.64
emp_003092,2025-04-07,4.51
emp_003092,2025-01-07,3.94
emp_003092,2024-10-09,3.85
emp_003092,2024-07-11,3.99
emp_003093,2026-04-02,4.16
emp_003093,2026-01-02,3.88
emp_003093,2025-10-04,4.07
emp_003093,2025-07-06,3.84
emp_003093,2025-04-07,4.79
emp_003093,2025-01-07,3.65
emp_003093,2024-10-09,3.68
emp_003093,2024-07-11,4.65
emp_003094,2026-04-02,3.69
emp_003094,2026-01-02,3.74
emp_003094,2025-10-04,4.06
emp_003094,2025-07-06,3.75
emp_003094,2025-04-07,3.57
emp_003094,2025-01-07,3.86
emp_003094,2024-10-09,3.42
emp_003094,2024-07-11,2.66
emp_003095,2026-04-02,3.44
emp_003095,2026-01-02,3.51
emp_003095,2025-10-04,3.08
emp_003095,2025-07-06,3.13
emp_003095,2025-04-07,3.5
emp_003095,2025-01-07,3.93
emp_003095,2024-10-09,3.85
emp_003095,2024-07-11,3.44
emp_003096,2026-04-02,3.42
emp_003096,2026-01-02,3.81
emp_003096,2025-10-04,4.05
emp_003096,2025-07-06,4.31
emp_003096,2025-04-07,4.05
emp_003096,2025-01-07,3.18
emp_003096,2024-10-09,4.53
emp_003096,2024-07-11,3.49
emp_003097,2026-04-02,3.91
emp_003097,2026-01-02,3.94
emp_003097,2025-10-04,3.99
emp_003097,2025-07-06,3.78
emp_003097,2025-04-07,3.59
emp_003097,2025-01-07,3.59
emp_003097,2024-10-09,3.57
emp_003097,2024-07-11,4.13
emp_003098,2026-04-02,3.35
emp_003098,2026-01-02,3.64
emp_003098,2025-10-04,3.85
emp_003098,2025-07-06,4.49
emp_003098,2025-04-07,4.17
emp_003098,2025-01-07,3.79
emp_003098,2024-10-09,3.65
emp_003098,2024-07-11,3.65
emp_003099,2026-04-02,4.19
emp_003099,2026-01-02,3.95
emp_003099,2025-10-04,3.73
emp_003099,2025-07-06,4.09
emp_003099,2025-04-07,4.21
emp_003099,2025-01-07,4.05
emp_003099,2024-10-09,4.03
emp_003099,2024-07-11,3.78
emp_003100,2026-04-02,3.91
emp_003100,2026-01-02,3.83
emp_003100,2025-10-04,4.02
emp_003100,2025-07-06,3.27
emp_003100,2025-04-07,3.96
emp_003100,2025-01-07,3.95
emp_003100,2024-10-09,4.24
emp_003100,2024-07-11,4.39
emp_003101,2026-04-02,3.65
emp_003101,2026-01-02,3.54
emp_003101,2025-10-04,3.39
emp_003101,2025-07-06,3.83
emp_003101,2025-04-07,4.09
emp_003102,2026-04-02,4.25
emp_003102,2026-01-02,3.79
emp_003102,2025-10-04,4.16
emp_003102,2025-07-06,3.61
emp_003102,2025-04-07,3.45
emp_003102,2025-01-07,3.79
emp_003102,2024-10-09,3.92
emp_003102,2024-07-11,4.28
emp_003103,2026-04-02,3.92
emp_003103,2026-01-02,4.47
emp_003103,2025-10-04,3.41
emp_003103,2025-07-06,4.15
emp_003103,2025-04-07,3.83
emp_003103,2025-01-07,4.47
emp_003103,2024-10-09,3.76
emp_003103,2024-07-11,3.44
emp_003104,2026-04-02,3.35
emp_003104,2026-01-02,3.45
emp_003104,2025-10-04,4.09
emp_003104,2025-07-06,3.37
emp_003104,2025-04-07,4.1
emp_003104,2025-01-07,4.53
emp_003104,2024-10-09,4.06
emp_003104,2024-07-11,3.89
emp_003105,2026-04-02,3.78
emp_003105,2026-01-02,4.08
emp_003105,2025-10-04,4.02
emp_003105,2025-07-06,4.01
emp_003105,2025-04-07,3.96
emp_003105,2025-01-07,4.56
emp_003106,2026-04-02,4.36
emp_003106,2026-01-02,4.34
emp_003106,2025-10-04,4.28
emp_003106,2025-07-06,4.1
emp_003106,2025-04-07,4.19
emp_003106,2025-01-07,4.22
emp_003106,2024-10-09,4.33
emp_003106,2024-07-11,4.22
emp_003107,2026-04-02,3.99
emp_003107,2026-01-02,4.07
emp_003107,2025-10-04,3.74
emp_003107,2025-07-06,4.88
emp_003107,2025-04-07,3.93
emp_003107,2025-01-07,4.53
emp_003107,2024-10-09,4.81
emp_003107,2024-07-11,4.38
emp_003108,2026-04-02,3.35
emp_003108,2026-01-02,4.45
emp_003108,2025-10-04,2.87
emp_003108,2025-07-06,3.17
emp_003108,2025-04-07,2.89
emp_003108,2025-01-07,3.22
emp_003109,2026-04-02,3.61
emp_003109,2026-01-02,3.34
emp_003109,2025-10-04,3.39
emp_003109,2025-07-06,3.39
emp_003109,2025-04-07,3.38
emp_003109,2025-01-07,3.48
emp_003109,2024-10-09,3.76
emp_003109,2024-07-11,3.6
emp_003110,2026-04-02,3.98
emp_003110,2026-01-02,4.43
emp_003110,2025-10-04,4.2
emp_003110,2025-07-06,4.72
emp_003110,2025-04-07,4.81
emp_003110,2025-01-07,4.7
emp_003110,2024-10-09,4.14
emp_003110,2024-07-11,4.28
emp_003111,2026-04-02,3.83
emp_003111,2026-01-02,3.55
emp_003111,2025-10-04,3.54
emp_003111,2025-07-06,3.4
emp_003111,2025-04-07,3.4
emp_003111,2025-01-07,3.46
emp_003111,2024-10-09,3.4
emp_003111,2024-07-11,3.52
emp_003112,2026-04-02,3.67
emp_003112,2026-01-02,3.55
emp_003112,2025-10-04,4.05
emp_003112,2025-07-06,3.85
emp_003112,2025-04-07,4.37
emp_003112,2025-01-07,4.35
emp_003112,2024-10-09,3.86
emp_003112,2024-07-11,4.24
emp_003113,2026-04-02,3.17
emp_003113,2026-01-02,3.67
emp_003113,2025-10-04,2.68
emp_003113,2025-07-06,3.79
emp_003113,2025-04-07,2.81
emp_003113,2025-01-07,2.63
emp_003114,2026-04-02,4.14
emp_003114,2026-01-02,2.98
emp_003114,2025-10-04,3.25
emp_003114,2025-07-06,3.39
emp_003114,2025-04-07,3.32
emp_003114,2025-01-07,3.65
emp_003114,2024-10-09,3.83
emp_003114,2024-07-11,4.24
emp_003115,2026-04-02,3.73
emp_003115,2026-01-02,3.65
emp_003115,2025-10-04,3.62
emp_003115,2025-07-06,3.63
emp_003115,2025-04-07,3.66
emp_003115,2025-01-07,3.48
emp_003115,2024-10-09,3.56
emp_003115,2024-07-11,3.77
emp_003116,2026-04-02,3.47
emp_003117,2026-04-02,3.95
emp_003117,2026-01-02,4.43
emp_003117,2025-10-04,4.37
emp_003117,2025-07-06,4.43
emp_003117,2025-04-07,3.41
emp_003117,2025-01-07,4.58
emp_003117,2024-10-09,4.26
emp_003117,2024-07-11,4.43
emp_003118,2026-04-02,3.19
emp_003118,2026-01-02,3.44
emp_003118,2025-10-04,3.58
emp_003118,2025-07-06,3.39
emp_003118,2025-04-07,2.93
emp_003118,2025-01-07,3.57
emp_003118,2024-10-09,4.11
emp_003118,2024-07-11,4.13
emp_003119,2026-04-02,4.33
emp_003119,2026-01-02,4.22
emp_003119,2025-10-04,4.21
emp_003119,2025-07-06,3.19
emp_003119,2025-04-07,3.49
emp_003119,2025-01-07,4.02
emp_003119,2024-10-09,3.86
emp_003119,2024-07-11,4.47
emp_003120,2026-04-02,4.37
emp_003120,2026-01-02,3.64
emp_003120,2025-10-04,3.89
emp_003120,2025-07-06,3.74
emp_003120,2025-04-07,3.68
emp_003120,2025-01-07,3.76
emp_003120,2024-10-09,3.67
emp_003120,2024-07-11,4.43
emp_003121,2026-04-02,3.09
emp_003121,2026-01-02,3.83
emp_003121,2025-10-04,4.01
emp_003121,2025-07-06,3.68
emp_003121,2025-04-07,4.32
emp_003121,2025-01-07,3.62
emp_003121,2024-10-09,3.44
emp_003121,2024-07-11,3.73
emp_003122,2026-04-02,4.06
emp_003122,2026-01-02,3.84
emp_003122,2025-10-04,3.72
emp_003122,2025-07-06,3.83
emp_003122,2025-04-07,3.21
emp_003122,2025-01-07,4.26
emp_003122,2024-10-09,4.04
emp_003122,2024-07-11,3.64
emp_003123,2026-04-02,3.38
emp_003123,2026-01-02,3.36
emp_003123,2025-10-04,3.13
emp_003123,2025-07-06,3.46
emp_003123,2025-04-07,3.4
emp_003123,2025-01-07,3.7
emp_003123,2024-10-09,3.11
emp_003123,2024-07-11,4.1
emp_003124,2026-04-02,3.81
emp_003124,2026-01-02,3.33
emp_003124,2025-10-04,2.88
emp_003124,2025-07-06,3.45
emp_003124,2025-04-07,3.84
emp_003124,2025-01-07,4.06
emp_003124,2024-10-09,3.56
emp_003124,2024-07-11,3.97
emp_003126,2026-04-02,4.59
emp_003126,2026-01-02,3.9
emp_003126,2025-10-04,4.29
emp_003126,2025-07-06,3.98
emp_003126,2025-04-07,4.74
emp_003126,2025-01-07,4.01
emp_003126,2024-10-09,4.4
emp_003126,2024-07-11,3.6
emp_003127,2026-04-02,3.4
emp_003127,2026-01-02,3.58
emp_003127,2025-10-04,3.11
emp_003127,2025-07-06,3.13
emp_003127,2025-04-07,2.77
emp_003127,2025-01-07,3.57
emp_003127,2024-10-09,2.99
emp_003127,2024-07-11,3.43
emp_003128,2026-04-02,4.24
emp_003128,2026-01-02,4.43
emp_003128,2025-10-04,3.57
emp_003128,2025-07-06,4.31
emp_003128,2025-04-07,4.04
emp_003128,2025-01-07,3.79
emp_003128,2024-10-09,4.24
emp_003128,2024-07-11,3.86
emp_003129,2026-04-02,3.04
emp_003129,2026-01-02,3.29
emp_003129,2025-10-04,2.83
emp_003129,2025-07-06,3.05
emp_003129,2025-04-07,2.89
emp_003129,2025-01-07,2.86
emp_003130,2026-04-02,4.5
emp_003130,2026-01-02,4.85
emp_003130,2025-10-04,4.2
emp_003130,2025-07-06,4.02
emp_003130,2025-04-07,4.01
emp_003130,2025-01-07,3.54
emp_003130,2024-10-09,3.92
emp_003130,2024-07-11,4.44
emp_003131,2026-04-02,4.4
emp_003131,2026-01-02,4.22
emp_003131,2025-10-04,3.31
emp_003131,2025-07-06,3.68
emp_003131,2025-04-07,3.75
emp_003131,2025-01-07,4.32
emp_003131,2024-10-09,3.68
emp_003131,2024-07-11,3.38
emp_003132,2026-04-02,4.22
emp_003132,2026-01-02,4.5
emp_003132,2025-10-04,3.7
emp_003133,2026-04-02,4.33
emp_003133,2026-01-02,3.57
emp_003133,2025-10-04,4.44
emp_003133,2025-07-06,3.8
emp_003134,2026-04-02,2.9
emp_003134,2026-01-02,4.45
emp_003134,2025-10-04,3.06
emp_003134,2025-07-06,3.06
emp_003134,2025-04-07,3.05
emp_003134,2025-01-07,3.07
emp_003134,2024-10-09,3.68
emp_003134,2024-07-11,3.41
emp_003135,2026-04-02,3.45
emp_003135,2026-01-02,3.92
emp_003135,2025-10-04,3.44
emp_003136,2026-04-02,3.92
emp_003136,2026-01-02,3.2
emp_003136,2025-10-04,3.65
emp_003136,2025-07-06,4.07
emp_003136,2025-04-07,3.72
emp_003136,2025-01-07,3.8
emp_003136,2024-10-09,2.7
emp_003137,2026-04-02,2.89
emp_003137,2026-01-02,3.91
emp_003137,2025-10-04,4.06
emp_003137,2025-07-06,4.63
emp_003137,2025-04-07,3.66
emp_003137,2025-01-07,3.93
emp_003137,2024-10-09,4.4
emp_003137,2024-07-11,3.69
emp_003138,2026-04-02,3.96
emp_003138,2026-01-02,4.12
emp_003138,2025-10-04,3.87
emp_003138,2025-07-06,4.7
emp_003138,2025-04-07,4.52
emp_003138,2025-01-07,4.42
emp_003138,2024-10-09,4.01
emp_003138,2024-07-11,4.95
emp_003139,2026-04-02,4.66
emp_003139,2026-01-02,4.01
emp_003139,2025-10-04,4.61
emp_003139,2025-07-06,3.67
emp_003139,2025-04-07,3.62
emp_003139,2025-01-07,3.72
emp_003139,2024-10-09,3.92
emp_003139,2024-07-11,4.61
emp_003140,2026-04-02,4.58
emp_003140,2026-01-02,4.56
emp_003140,2025-10-04,4.14
emp_003140,2025-07-06,4.4
emp_003140,2025-04-07,4.04
emp_003140,2025-01-07,3.76
emp_003140,2024-10-09,4.5
emp_003140,2024-07-11,4.07
emp_003141,2026-04-02,3.73
emp_003141,2026-01-02,3.69
emp_003141,2025-10-04,3.76
emp_003141,2025-07-06,4.38
emp_003141,2025-04-07,3.26
emp_003141,2025-01-07,3.71
emp_003141,2024-10-09,3.9
emp_003141,2024-07-11,2.81
emp_003142,2026-04-02,3.66
emp_003142,2026-01-02,3.8
emp_003142,2025-10-04,3.91
emp_003142,2025-07-06,3.04
emp_003142,2025-04-07,3.52
emp_003142,2025-01-07,3.53
emp_003142,2024-10-09,3.61
emp_003142,2024-07-11,3.16
emp_003143,2026-04-02,3.53
emp_003144,2026-04-02,4.2
emp_003144,2026-01-02,3.69
emp_003144,2025-10-04,4.6
emp_003144,2025-07-06,3.28
emp_003144,2025-04-07,4.18
emp_003144,2025-01-07,4.33
emp_003144,2024-10-09,3.69
emp_003144,2024-07-11,4.01
emp_003145,2026-04-02,3.62
emp_003145,2026-01-02,3.63
emp_003145,2025-10-04,3.67
emp_003145,2025-07-06,4.08
emp_003145,2025-04-07,4.15
emp_003145,2025-01-07,3.84
emp_003145,2024-10-09,4.1
emp_003145,2024-07-11,3.99
emp_003146,2026-04-02,4.59
emp_003146,2026-01-02,4.24
emp_003146,2025-10-04,4.2
emp_003146,2025-07-06,3.83
emp_003146,2025-04-07,4.46
emp_003146,2025-01-07,4.16
emp_003146,2024-10-09,4.03
emp_003146,2024-07-11,3.87
emp_003147,2026-04-02,4.1
emp_003147,2026-01-02,3.61
emp_003147,2025-10-04,3.71
emp_003147,2025-07-06,4.41
emp_003147,2025-04-07,4.63
emp_003147,2025-01-07,4.4
emp_003147,2024-10-09,3.77
emp_003147,2024-07-11,4.12
emp_003148,2026-04-02,4.82
emp_003148,2026-01-02,4.23
emp_003148,2025-10-04,4.1
emp_003148,2025-07-06,3.66
emp_003148,2025-04-07,4.54
emp_003148,2025-01-07,4.24
emp_003148,2024-10-09,4.35
emp_003148,2024-07-11,4.54
emp_003149,2026-04-02,3.48
emp_003149,2026-01-02,3.32
emp_003149,2025-10-04,3.75
emp_003149,2025-07-06,4.5
emp_003149,2025-04-07,3.59
emp_003149,2025-01-07,4.36
emp_003149,2024-10-09,4.09
emp_003149,2024-07-11,4.22
emp_003150,2026-04-02,3.38
emp_003150,2026-01-02,3.4
emp_003150,2025-10-04,4.17
emp_003150,2025-07-06,3.77
emp_003150,2025-04-07,3.8
emp_003150,2025-01-07,3.77
emp_003150,2024-10-09,3.18
emp_003150,2024-07-11,3.5
emp_003151,2026-04-02,3.97
emp_003151,2026-01-02,3.46
emp_003151,2025-10-04,4.37
emp_003151,2025-07-06,3.67
emp_003151,2025-04-07,3.76
emp_003151,2025-01-07,3.72
emp_003151,2024-10-09,3.47
emp_003151,2024-07-11,3.55
emp_003152,2026-04-02,4.27
emp_003152,2026-01-02,4.14
emp_003152,2025-10-04,4.16
emp_003152,2025-07-06,4.06
emp_003152,2025-04-07,3.69
emp_003152,2025-01-07,3.95
emp_003152,2024-10-09,4.13
emp_003152,2024-07-11,3.97
emp_003153,2026-04-02,4.56
emp_003153,2026-01-02,3.68
emp_003153,2025-10-04,3.61
emp_003153,2025-07-06,3.8
emp_003154,2026-04-02,4.3
emp_003155,2026-04-02,3.69
emp_003155,2026-01-02,4.49
emp_003155,2025-10-04,3.2
emp_003155,2025-07-06,3.61
emp_003155,2025-04-07,3.94
emp_003155,2025-01-07,3.15
emp_003155,2024-10-09,3.36
emp_003155,2024-07-11,3.68
emp_003156,2026-04-02,3.91
emp_003156,2026-01-02,3.89
emp_003156,2025-10-04,3.62
emp_003156,2025-07-06,3.87
emp_003156,2025-04-07,3.54
emp_003156,2025-01-07,3.77
emp_003156,2024-10-09,4.42
emp_003156,2024-07-11,3.94
emp_003157,2026-04-02,3.88
emp_003157,2026-01-02,3.79
emp_003157,2025-10-04,3.58
emp_003157,2025-07-06,4.16
emp_003157,2025-04-07,3.44
emp_003157,2025-01-07,3.27
emp_003157,2024-10-09,3.48
emp_003157,2024-07-11,3.98
emp_003158,2026-04-02,3.17
emp_003158,2026-01-02,4.0
emp_003158,2025-10-04,4.03
emp_003158,2025-07-06,3.81
emp_003158,2025-04-07,3.79
emp_003158,2025-01-07,4.14
emp_003158,2024-10-09,2.93
emp_003158,2024-07-11,4.14
emp_003159,2026-04-02,3.28
emp_003159,2026-01-02,3.82
emp_003159,2025-10-04,3.46
emp_003160,2026-04-02,3.92
emp_003160,2026-01-02,3.85
emp_003160,2025-10-04,3.51
emp_003160,2025-07-06,3.73
emp_003160,2025-04-07,4.28
emp_003160,2025-01-07,3.75
emp_003160,2024-10-09,3.95
emp_003160,2024-07-11,4.53
emp_003161,2026-04-02,4.88
emp_003161,2026-01-02,3.8
emp_003161,2025-10-04,3.14
emp_003161,2025-07-06,3.25
emp_003161,2025-04-07,4.04
emp_003161,2025-01-07,2.97
emp_003161,2024-10-09,3.81
emp_003161,2024-07-11,4.47
emp_003162,2026-04-02,3.38
emp_003162,2026-01-02,3.34
emp_003162,2025-10-04,3.72
emp_003162,2025-07-06,4.06
emp_003162,2025-04-07,3.46
emp_003162,2025-01-07,4.44
emp_003162,2024-10-09,3.86
emp_003162,2024-07-11,4.6
emp_003163,2026-04-02,4.43
emp_003163,2026-01-02,4.1
emp_003163,2025-10-04,3.39
emp_003163,2025-07-06,3.56
emp_003163,2025-04-07,3.58
emp_003163,2025-01-07,4.11
emp_003163,2024-10-09,4.02
emp_003164,2026-04-02,3.2
emp_003164,2026-01-02,4.44
emp_003164,2025-10-04,3.99
emp_003164,2025-07-06,3.42
emp_003164,2025-04-07,3.91
emp_003164,2025-01-07,3.97
emp_003164,2024-10-09,4.78
emp_003164,2024-07-11,4.15
emp_003165,2026-04-02,4.01
emp_003165,2026-01-02,4.48
emp_003165,2025-10-04,3.57
emp_003165,2025-07-06,4.0
emp_003165,2025-04-07,3.48
emp_003165,2025-01-07,5.0
emp_003165,2024-10-09,4.15
emp_003165,2024-07-11,4.01
emp_003166,2026-04-02,4.65
emp_003166,2026-01-02,4.13
emp_003166,2025-10-04,4.17
emp_003166,2025-07-06,3.84
emp_003166,2025-04-07,3.39
emp_003166,2025-01-07,4.49
emp_003166,2024-10-09,4.47
emp_003166,2024-07-11,4.36
emp_003168,2026-04-02,3.71
emp_003168,2026-01-02,3.58
emp_003168,2025-10-04,3.55
emp_003168,2025-07-06,3.58
emp_003168,2025-04-07,4.19
emp_003168,2025-01-07,4.11
emp_003168,2024-10-09,2.96
emp_003168,2024-07-11,3.41
emp_003169,2026-04-02,4.1
emp_003169,2026-01-02,3.87
emp_003169,2025-10-04,3.56
emp_003169,2025-07-06,3.99
emp_003169,2025-04-07,3.63
emp_003169,2025-01-07,3.32
emp_003169,2024-10-09,4.32
emp_003169,2024-07-11,3.77
emp_003170,2026-04-02,3.61
emp_003170,2026-01-02,3.58
emp_003170,2025-10-04,3.93
emp_003170,2025-07-06,3.59
emp_003170,2025-04-07,4.06
emp_003170,2025-01-07,3.71
emp_003170,2024-10-09,3.43
emp_003170,2024-07-11,4.12
emp_003171,2026-04-02,4.33
emp_003171,2026-01-02,3.85
emp_003171,2025-10-04,4.17
emp_003171,2025-07-06,4.14
emp_003171,2025-04-07,3.62
emp_003171,2025-01-07,4.25
emp_003171,2024-10-09,4.19
emp_003171,2024-07-11,3.22
emp_003172,2026-04-02,3.98
emp_003172,2026-01-02,3.33
emp_003172,2025-10-04,4.22
emp_003172,2025-07-06,4.37
emp_003172,2025-04-07,3.55
emp_003172,2025-01-07,3.52
emp_003172,2024-10-09,3.62
emp_003172,2024-07-11,4.24
emp_003173,2026-04-02,2.94
emp_003173,2026-01-02,4.35
emp_003173,2025-10-04,3.43
emp_003173,2025-07-06,3.72
emp_003173,2025-04-07,3.3
emp_003173,2025-01-07,3.68
emp_003173,2024-10-09,4.12
emp_003173,2024-07-11,3.53
emp_003174,2026-04-02,4.13
emp_003174,2026-01-02,3.74
emp_003174,2025-10-04,3.89
emp_003175,2026-04-02,4.33
emp_003175,2026-01-02,3.88
emp_003175,2025-10-04,4.44
emp_003175,2025-07-06,4.42
emp_003175,2025-04-07,4.42
emp_003175,2025-01-07,3.66
emp_003175,2024-10-09,4.8
emp_003175,2024-07-11,4.46
emp_003176,2026-04-02,3.62
emp_003176,2026-01-02,4.38
emp_003176,2025-10-04,4.22
emp_003176,2025-07-06,4.15
emp_003177,2026-04-02,3.82
emp_003177,2026-01-02,3.54
emp_003177,2025-10-04,3.39
emp_003177,2025-07-06,3.88
emp_003177,2025-04-07,3.96
emp_003177,2025-01-07,3.43
emp_003177,2024-10-09,4.12
emp_003177,2024-07-11,3.22
emp_003178,2026-04-02,3.22
emp_003178,2026-01-02,3.42
emp_003178,2025-10-04,2.79
emp_003178,2025-07-06,3.37
emp_003178,2025-04-07,3.66
emp_003178,2025-01-07,3.64
emp_003178,2024-10-09,3.67
emp_003178,2024-07-11,4.18
emp_003179,2026-04-02,4.17
emp_003179,2026-01-02,4.06
emp_003179,2025-10-04,3.65
emp_003179,2025-07-06,3.83
emp_003179,2025-04-07,3.15
emp_003179,2025-01-07,4.04
emp_003179,2024-10-09,4.15
emp_003179,2024-07-11,3.95
emp_003180,2026-04-02,3.97
emp_003180,2026-01-02,4.0
emp_003180,2025-10-04,4.08
emp_003180,2025-07-06,3.96
emp_003180,2025-04-07,3.78
emp_003180,2025-01-07,4.09
emp_003180,2024-10-09,4.5
emp_003180,2024-07-11,4.3
emp_003181,2026-04-02,3.87
emp_003181,2026-01-02,3.77
emp_003181,2025-10-04,3.83
emp_003181,2025-07-06,3.74
emp_003181,2025-04-07,4.27
emp_003181,2025-01-07,3.96
emp_003181,2024-10-09,3.99
emp_003182,2026-04-02,4.01
emp_003182,2026-01-02,3.9
emp_003182,2025-10-04,3.87
emp_003182,2025-07-06,3.13
emp_003182,2025-04-07,4.26
emp_003182,2025-01-07,4.62
emp_003182,2024-10-09,3.68
emp_003182,2024-07-11,4.29
emp_003183,2026-04-02,4.26
emp_003183,2026-01-02,4.08
emp_003183,2025-10-04,3.59
emp_003183,2025-07-06,4.75
emp_003183,2025-04-07,3.79
emp_003183,2025-01-07,3.86
emp_003183,2024-10-09,3.97
emp_003183,2024-07-11,4.14
emp_003184,2026-04-02,4.73
emp_003185,2026-04-02,4.01
emp_003185,2026-01-02,3.89
emp_003185,2025-10-04,3.5
emp_003185,2025-07-06,4.5
emp_003186,2026-04-02,3.32
emp_003186,2026-01-02,3.58
emp_003186,2025-10-04,4.15
emp_003186,2025-07-06,3.72
emp_003186,2025-04-07,3.89
emp_003186,2025-01-07,4.16
emp_003186,2024-10-09,3.17
emp_003186,2024-07-11,3.5
emp_003187,2026-04-02,4.46
emp_003187,2026-01-02,4.37
emp_003187,2025-10-04,4.31
emp_003187,2025-07-06,4.24
emp_003187,2025-04-07,3.9
emp_003187,2025-01-07,4.27
emp_003187,2024-10-09,4.36
emp_003187,2024-07-11,4.37
emp_003188,2026-04-02,3.73
emp_003188,2026-01-02,3.52
emp_003188,2025-10-04,3.88
emp_003188,2025-07-06,4.43
emp_003188,2025-04-07,3.59
emp_003188,2025-01-07,3.74
emp_003188,2024-10-09,4.49
emp_003188,2024-07-11,3.73
emp_003189,2026-04-02,4.32
emp_003189,2026-01-02,3.68
emp_003189,2025-10-04,4.37
emp_003189,2025-07-06,3.84
emp_003189,2025-04-07,3.8
emp_003189,2025-01-07,4.72
emp_003189,2024-10-09,4.64
emp_003189,2024-07-11,4.87
emp_003190,2026-04-02,4.15
emp_003190,2026-01-02,4.16
emp_003190,2025-10-04,3.69
emp_003190,2025-07-06,3.53
emp_003190,2025-04-07,4.15
emp_003190,2025-01-07,3.7
emp_003190,2024-10-09,3.76
emp_003190,2024-07-11,3.83
emp_003191,2026-04-02,3.58
emp_003191,2026-01-02,3.62
emp_003191,2025-10-04,3.6
emp_003191,2025-07-06,3.35
emp_003191,2025-04-07,3.58
emp_003191,2025-01-07,3.55
emp_003191,2024-10-09,3.25
emp_003191,2024-07-11,3.55
emp_003192,2026-04-02,4.37
emp_003192,2026-01-02,4.01
emp_003192,2025-10-04,4.09
emp_003192,2025-07-06,4.22
emp_003192,2025-04-07,4.13
emp_003192,2025-01-07,4.47
emp_003192,2024-10-09,4.18
emp_003192,2024-07-11,4.17
emp_003193,2026-04-02,4.04
emp_003193,2026-01-02,3.9
emp_003193,2025-10-04,3.76
emp_003193,2025-07-06,3.66
emp_003193,2025-04-07,3.53
emp_003193,2025-01-07,4.63
emp_003193,2024-10-09,3.95
emp_003193,2024-07-11,3.08
emp_003194,2026-04-02,3.46
emp_003194,2026-01-02,4.05
emp_003194,2025-10-04,3.57
emp_003194,2025-07-06,3.4
emp_003194,2025-04-07,4.13
emp_003194,2025-01-07,3.52
emp_003194,2024-10-09,3.59
emp_003194,2024-07-11,3.47
emp_003195,2026-04-02,3.66
emp_003195,2026-01-02,4.0
emp_003195,2025-10-04,4.05
emp_003195,2025-07-06,3.55
emp_003195,2025-04-07,4.1
emp_003195,2025-01-07,3.54
emp_003195,2024-10-09,3.86
emp_003195,2024-07-11,4.19
emp_003196,2026-04-02,3.15
emp_003196,2026-01-02,3.84
emp_003196,2025-10-04,3.03
emp_003196,2025-07-06,3.93
emp_003196,2025-04-07,3.73
emp_003196,2025-01-07,3.29
emp_003196,2024-10-09,2.84
emp_003196,2024-07-11,3.73
emp_003197,2026-04-02,3.36
emp_003197,2026-01-02,3.47
emp_003197,2025-10-04,3.17
emp_003197,2025-07-06,3.92
emp_003197,2025-04-07,3.42
emp_003197,2025-01-07,4.04
emp_003197,2024-10-09,3.71
emp_003197,2024-07-11,3.81
emp_003198,2026-04-02,4.05
emp_003198,2026-01-02,4.46
emp_003198,2025-10-04,4.53
emp_003198,2025-07-06,4.17
emp_003198,2025-04-07,3.6
emp_003198,2025-01-07,4.1
emp_003198,2024-10-09,4.61
emp_003198,2024-07-11,4.52
emp_003199,2026-04-02,3.96
emp_003199,2026-01-02,3.81
emp_003199,2025-10-04,3.77
emp_003199,2025-07-06,3.6
emp_003199,2025-04-07,3.75
emp_003199,2025-01-07,3.81
emp_003199,2024-10-09,4.43
emp_003199,2024-07-11,3.71
emp_003200,2026-04-02,3.74
emp_003200,2026-01-02,3.34
emp_003200,2025-10-04,4.55
emp_003200,2025-07-06,4.59
emp_003200,2025-04-07,4.3
emp_003200,2025-01-07,4.04
emp_003200,2024-10-09,3.91
emp_003200,2024-07-11,3.77
emp_003201,2026-04-02,3.89
emp_003201,2026-01-02,3.59
emp_003201,2025-10-04,3.48
emp_003201,2025-07-06,3.94
emp_003201,2025-04-07,3.81
emp_003201,2025-01-07,3.25
emp_003201,2024-10-09,4.3
emp_003201,2024-07-11,4.35
emp_003202,2026-04-02,4.04
emp_003202,2026-01-02,4.68
emp_003202,2025-10-04,4.8
emp_003202,2025-07-06,4.76
emp_003202,2025-04-07,4.05
emp_003202,2025-01-07,3.78
emp_003202,2024-10-09,3.8
emp_003202,2024-07-11,4.36
emp_003203,2026-04-02,4.02
emp_003203,2026-01-02,3.99
emp_003203,2025-10-04,4.22
emp_003203,2025-07-06,3.85
emp_003203,2025-04-07,3.54
emp_003203,2025-01-07,3.7
emp_003203,2024-10-09,3.68
emp_003203,2024-07-11,3.2
emp_003204,2026-04-02,3.99
emp_003204,2026-01-02,4.33
emp_003204,2025-10-04,3.74
emp_003204,2025-07-06,4.01
emp_003204,2025-04-07,4.82
emp_003204,2025-01-07,4.38
emp_003204,2024-10-09,3.94
emp_003204,2024-07-11,4.38
emp_003205,2026-04-02,4.7
emp_003205,2026-01-02,3.74
emp_003205,2025-10-04,4.27
emp_003205,2025-07-06,3.8
emp_003205,2025-04-07,4.11
emp_003205,2025-01-07,3.79
emp_003205,2024-10-09,4.18
emp_003205,2024-07-11,3.62
emp_003206,2026-04-02,3.48
emp_003206,2026-01-02,3.87
emp_003206,2025-10-04,3.72
emp_003206,2025-07-06,3.3
emp_003206,2025-04-07,3.98
emp_003206,2025-01-07,4.08
emp_003206,2024-10-09,3.69
emp_003206,2024-07-11,3.01
emp_003207,2026-04-02,3.75
emp_003207,2026-01-02,3.85
emp_003207,2025-10-04,4.13
emp_003207,2025-07-06,3.97
emp_003207,2025-04-07,3.41
emp_003207,2025-01-07,3.9
emp_003207,2024-10-09,4.26
emp_003207,2024-07-11,4.05
emp_003208,2026-04-02,4.03
emp_003208,2026-01-02,4.29
emp_003208,2025-10-04,4.28
emp_003208,2025-07-06,5.0
emp_003208,2025-04-07,4.01
emp_003208,2025-01-07,4.45
emp_003208,2024-10-09,4.53
emp_003208,2024-07-11,4.2
emp_003209,2026-04-02,3.64
emp_003209,2026-01-02,3.64
emp_003209,2025-10-04,3.64
emp_003209,2025-07-06,3.53
emp_003209,2025-04-07,3.32
emp_003209,2025-01-07,3.57
emp_003209,2024-10-09,4.2
emp_003209,2024-07-11,3.12
emp_003210,2026-04-02,4.16
emp_003210,2026-01-02,3.82
emp_003210,2025-10-04,4.2
emp_003210,2025-07-06,4.12
emp_003210,2025-04-07,4.01
emp_003210,2025-01-07,4.29
emp_003210,2024-10-09,4.21
emp_003210,2024-07-11,3.42
emp_003211,2026-04-02,3.62
emp_003211,2026-01-02,3.53
emp_003211,2025-10-04,3.43
emp_003211,2025-07-06,3.27
emp_003211,2025-04-07,3.48
emp_003211,2025-01-07,3.35
emp_003211,2024-10-09,3.98
emp_003211,2024-07-11,3.97
emp_003212,2026-04-02,2.76
emp_003212,2026-01-02,3.8
emp_003212,2025-10-04,3.22
emp_003212,2025-07-06,3.41
emp_003212,2025-04-07,3.48
emp_003212,2025-01-07,2.89
emp_003213,2026-04-02,3.33
emp_003213,2026-01-02,4.61
emp_003213,2025-10-04,3.34
emp_003213,2025-07-06,3.54
emp_003214,2026-04-02,3.04
emp_003214,2026-01-02,2.93
emp_003214,2025-10-04,3.36
emp_003214,2025-07-06,3.43
emp_003214,2025-04-07,3.39
emp_003214,2025-01-07,3.48
emp_003214,2024-10-09,3.19
emp_003214,2024-07-11,3.46
emp_003215,2026-04-02,3.51
emp_003215,2026-01-02,4.02
emp_003215,2025-10-04,3.7
emp_003215,2025-07-06,4.28
emp_003215,2025-04-07,3.58
emp_003215,2025-01-07,4.12
emp_003215,2024-10-09,3.71
emp_003215,2024-07-11,3.17
emp_003216,2026-04-02,4.14
emp_003216,2026-01-02,3.34
emp_003216,2025-10-04,3.88
emp_003216,2025-07-06,3.82
emp_003216,2025-04-07,3.5
emp_003216,2025-01-07,4.02
emp_003216,2024-10-09,4.18
emp_003216,2024-07-11,3.91
emp_003217,2026-04-02,3.65
emp_003217,2026-01-02,4.53
emp_003217,2025-10-04,3.17
emp_003217,2025-07-06,4.53
emp_003217,2025-04-07,3.84
emp_003218,2026-04-02,3.57
emp_003218,2026-01-02,3.22
emp_003218,2025-10-04,3.92
emp_003219,2026-04-02,4.43
emp_003219,2026-01-02,3.51
emp_003219,2025-10-04,3.83
emp_003219,2025-07-06,4.46
emp_003219,2025-04-07,4.17
emp_003219,2025-01-07,4.24
emp_003219,2024-10-09,3.31
emp_003219,2024-07-11,3.64
emp_003220,2026-04-02,4.05
emp_003220,2026-01-02,4.16
emp_003220,2025-10-04,4.6
emp_003220,2025-07-06,2.97
emp_003220,2025-04-07,4.51
emp_003220,2025-01-07,4.56
emp_003220,2024-10-09,4.2
emp_003220,2024-07-11,4.04
emp_003221,2026-04-02,3.05
emp_003221,2026-01-02,3.41
emp_003221,2025-10-04,2.69
emp_003221,2025-07-06,3.43
emp_003221,2025-04-07,3.08
emp_003221,2025-01-07,3.55
emp_003221,2024-10-09,3.23
emp_003221,2024-07-11,2.85
emp_003222,2026-04-02,2.6
emp_003222,2026-01-02,2.88
emp_003222,2025-10-04,2.81
emp_003222,2025-07-06,2.85
emp_003222,2025-04-07,3.42
emp_003222,2025-01-07,3.42
emp_003222,2024-10-09,3.24
emp_003222,2024-07-11,2.77
emp_003223,2026-04-02,3.15
emp_003223,2026-01-02,3.32
emp_003223,2025-10-04,4.2
emp_003224,2026-04-02,5.0
emp_003224,2026-01-02,4.33
emp_003224,2025-10-04,4.78
emp_003224,2025-07-06,4.53
emp_003225,2026-04-02,3.87
emp_003225,2026-01-02,3.59
emp_003225,2025-10-04,4.15
emp_003225,2025-07-06,4.0
emp_003225,2025-04-07,4.12
emp_003225,2025-01-07,4.24
emp_003225,2024-10-09,4.47
emp_003225,2024-07-11,4.56
emp_003226,2026-04-02,3.7
emp_003226,2026-01-02,3.41
emp_003226,2025-10-04,3.63
emp_003226,2025-07-06,3.49
emp_003226,2025-04-07,3.33
emp_003226,2025-01-07,3.51
emp_003226,2024-10-09,3.56
emp_003227,2026-04-02,3.81
emp_003227,2026-01-02,3.77
emp_003227,2025-10-04,4.0
emp_003227,2025-07-06,3.07
emp_003228,2026-04-02,4.64
emp_003228,2026-01-02,4.77
emp_003228,2025-10-04,4.07
emp_003228,2025-07-06,4.65
emp_003228,2025-04-07,4.72
emp_003228,2025-01-07,4.69
emp_003228,2024-10-09,4.15
emp_003228,2024-07-11,4.32
emp_003229,2026-04-02,3.57
emp_003229,2026-01-02,3.08
emp_003229,2025-10-04,3.4
emp_003229,2025-07-06,3.85
emp_003229,2025-04-07,3.33
emp_003229,2025-01-07,3.32
emp_003229,2024-10-09,3.32
emp_003229,2024-07-11,4.24
emp_003231,2026-04-02,4.6
emp_003231,2026-01-02,4.22
emp_003231,2025-10-04,3.94
emp_003231,2025-07-06,4.69
emp_003231,2025-04-07,3.9
emp_003231,2025-01-07,4.6
emp_003231,2024-10-09,4.16
emp_003231,2024-07-11,4.1
emp_003232,2026-04-02,3.82
emp_003232,2026-01-02,3.67
emp_003232,2025-10-04,4.0
emp_003232,2025-07-06,4.07
emp_003232,2025-04-07,5.0
emp_003232,2025-01-07,4.27
emp_003232,2024-10-09,3.8
emp_003232,2024-07-11,4.68
emp_003233,2026-04-02,4.43
emp_003233,2026-01-02,4.29
emp_003233,2025-10-04,3.65
emp_003233,2025-07-06,3.57
emp_003233,2025-04-07,3.66
emp_003235,2026-04-02,4.12
emp_003235,2026-01-02,4.2
emp_003235,2025-10-04,4.27
emp_003235,2025-07-06,3.36
emp_003235,2025-04-07,3.55
emp_003235,2025-01-07,4.36
emp_003236,2026-04-02,4.01
emp_003236,2026-01-02,3.74
emp_003236,2025-10-04,4.0
emp_003236,2025-07-06,3.5
emp_003236,2025-04-07,3.74
emp_003236,2025-01-07,4.51
emp_003236,2024-10-09,4.37
emp_003236,2024-07-11,4.04
emp_003237,2026-04-02,3.6
emp_003237,2026-01-02,4.23
emp_003237,2025-10-04,4.33
emp_003237,2025-07-06,3.82
emp_003237,2025-04-07,4.06
emp_003237,2025-01-07,3.17
emp_003238,2026-04-02,3.37
emp_003238,2026-01-02,3.28
emp_003238,2025-10-04,3.85
emp_003238,2025-07-06,3.33
emp_003238,2025-04-07,3.56
emp_003238,2025-01-07,3.7
emp_003239,2026-04-02,3.2
emp_003239,2026-01-02,3.61
emp_003239,2025-10-04,4.0
emp_003239,2025-07-06,3.7
emp_003239,2025-04-07,4.21
emp_003239,2025-01-07,3.51
emp_003239,2024-10-09,3.54
emp_003239,2024-07-11,3.54
emp_003240,2026-04-02,4.21
emp_003240,2026-01-02,4.21
emp_003240,2025-10-04,4.62
emp_003240,2025-07-06,4.22
emp_003241,2026-04-02,4.08
emp_003241,2026-01-02,4.55
emp_003241,2025-10-04,4.98
emp_003241,2025-07-06,4.69
emp_003241,2025-04-07,3.95
emp_003241,2025-01-07,4.24
emp_003241,2024-10-09,3.68
emp_003241,2024-07-11,4.21
emp_003242,2026-04-02,4.04
emp_003242,2026-01-02,4.18
emp_003242,2025-10-04,3.47
emp_003242,2025-07-06,4.26
emp_003242,2025-04-07,3.64
emp_003242,2025-01-07,4.57
emp_003242,2024-10-09,3.99
emp_003242,2024-07-11,4.18
emp_003243,2026-04-02,3.67
emp_003243,2026-01-02,4.56
emp_003243,2025-10-04,4.2
emp_003243,2025-07-06,4.65
emp_003243,2025-04-07,4.09
emp_003243,2025-01-07,3.9
emp_003243,2024-10-09,3.28
emp_003243,2024-07-11,3.66
emp_003244,2026-04-02,2.68
emp_003244,2026-01-02,3.81
emp_003244,2025-10-04,3.45
emp_003244,2025-07-06,2.95
emp_003244,2025-04-07,3.52
emp_003244,2025-01-07,2.84
emp_003244,2024-10-09,3.08
emp_003244,2024-07-11,3.54
emp_003245,2026-04-02,4.18
emp_003245,2026-01-02,3.82
emp_003245,2025-10-04,4.07
emp_003245,2025-07-06,3.88
emp_003245,2025-04-07,3.03
emp_003245,2025-01-07,4.17
emp_003245,2024-10-09,3.13
emp_003245,2024-07-11,4.25
emp_003246,2026-04-02,3.98
emp_003246,2026-01-02,4.09
emp_003246,2025-10-04,3.87
emp_003246,2025-07-06,3.89
emp_003246,2025-04-07,3.97
emp_003246,2025-01-07,3.85
emp_003247,2026-04-02,3.56
emp_003247,2026-01-02,3.24
emp_003247,2025-10-04,3.78
emp_003247,2025-07-06,2.92
emp_003247,2025-04-07,3.49
emp_003247,2025-01-07,3.13
emp_003247,2024-10-09,3.74
emp_003247,2024-07-11,3.06
emp_003248,2026-04-02,3.9
emp_003248,2026-01-02,3.64
emp_003248,2025-10-04,3.61
emp_003248,2025-07-06,3.33
emp_003249,2026-04-02,4.4
emp_003249,2026-01-02,3.56
emp_003249,2025-10-04,3.42
emp_003249,2025-07-06,4.27
emp_003249,2025-04-07,3.58
emp_003249,2025-01-07,4.47
emp_003249,2024-10-09,4.18
emp_003249,2024-07-11,4.05
emp_003250,2026-04-02,4.04
emp_003250,2026-01-02,4.49
emp_003250,2025-10-04,4.6
emp_003250,2025-07-06,4.84
emp_003250,2025-04-07,3.68
emp_003250,2025-01-07,4.05
emp_003250,2024-10-09,4.06
emp_003250,2024-07-11,3.95
emp_003252,2026-04-02,3.58
emp_003252,2026-01-02,3.08
emp_003252,2025-10-04,3.69
emp_003252,2025-07-06,3.76
emp_003252,2025-04-07,4.23
emp_003252,2025-01-07,3.73
emp_003252,2024-10-09,3.56
emp_003252,2024-07-11,3.23
emp_003253,2026-04-02,3.34
emp_003253,2026-01-02,2.98
emp_003253,2025-10-04,3.49
emp_003253,2025-07-06,3.62
emp_003253,2025-04-07,3.1
emp_003253,2025-01-07,2.94
emp_003253,2024-10-09,3.57
emp_003253,2024-07-11,3.36
emp_003254,2026-04-02,3.61
emp_003254,2026-01-02,3.6
emp_003254,2025-10-04,4.12
emp_003254,2025-07-06,3.95
emp_003254,2025-04-07,4.57
emp_003254,2025-01-07,4.0
emp_003254,2024-10-09,3.75
emp_003255,2026-04-02,4.09
emp_003255,2026-01-02,4.37
emp_003255,2025-10-04,3.87
emp_003255,2025-07-06,3.91
emp_003255,2025-04-07,4.19
emp_003256,2026-04-02,4.63
emp_003256,2026-01-02,3.94
emp_003256,2025-10-04,4.02
emp_003256,2025-07-06,4.32
emp_003256,2025-04-07,4.33
emp_003256,2025-01-07,3.86
emp_003256,2024-10-09,4.75
emp_003256,2024-07-11,4.46
emp_003257,2026-04-02,3.19
emp_003257,2026-01-02,4.04
emp_003257,2025-10-04,4.09
emp_003257,2025-07-06,4.03
emp_003257,2025-04-07,4.28
emp_003257,2025-01-07,4.14
emp_003257,2024-10-09,4.15
emp_003258,2026-04-02,3.08
emp_003258,2026-01-02,3.65
emp_003258,2025-10-04,3.27
emp_003258,2025-07-06,3.42
emp_003258,2025-04-07,3.11
emp_003258,2025-01-07,3.61
emp_003258,2024-10-09,3.63
emp_003258,2024-07-11,3.48
emp_003259,2026-04-02,4.5
emp_003259,2026-01-02,3.76
emp_003259,2025-10-04,4.18
emp_003259,2025-07-06,3.92
emp_003259,2025-04-07,4.08
emp_003259,2025-01-07,4.27
emp_003259,2024-10-09,3.61
emp_003259,2024-07-11,3.72
emp_003260,2026-04-02,3.57
emp_003260,2026-01-02,4.16
emp_003260,2025-10-04,4.04
emp_003260,2025-07-06,3.72
emp_003260,2025-04-07,3.51
emp_003260,2025-01-07,3.66
emp_003260,2024-10-09,4.4
emp_003260,2024-07-11,4.54
emp_003261,2026-04-02,3.23
emp_003261,2026-01-02,3.75
emp_003261,2025-10-04,4.03
emp_003261,2025-07-06,3.69
emp_003261,2025-04-07,3.66
emp_003261,2025-01-07,3.69
emp_003261,2024-10-09,3.29
emp_003261,2024-07-11,3.82
emp_003262,2026-04-02,4.02
emp_003262,2026-01-02,4.14
emp_003262,2025-10-04,3.52
emp_003262,2025-07-06,4.05
emp_003262,2025-04-07,3.94
emp_003262,2025-01-07,4.24
emp_003263,2026-04-02,4.15
emp_003263,2026-01-02,3.91
emp_003263,2025-10-04,3.63
emp_003264,2026-04-02,4.57
emp_003264,2026-01-02,4.26
emp_003264,2025-10-04,3.92
emp_003264,2025-07-06,4.39
emp_003264,2025-04-07,4.08
emp_003264,2025-01-07,4.5
emp_003264,2024-10-09,4.16
emp_003264,2024-07-11,4.79
emp_003265,2026-04-02,3.95
emp_003265,2026-01-02,3.85
emp_003265,2025-10-04,3.87
emp_003265,2025-07-06,3.0
emp_003265,2025-04-07,2.45
emp_003265,2025-01-07,3.92
emp_003265,2024-10-09,3.23
emp_003265,2024-07-11,3.78
emp_003266,2026-04-02,3.49
emp_003266,2026-01-02,3.74
emp_003266,2025-10-04,3.9
emp_003266,2025-07-06,3.98
emp_003266,2025-04-07,3.16
emp_003266,2025-01-07,3.79
emp_003266,2024-10-09,3.16
emp_003266,2024-07-11,3.73
emp_003267,2026-04-02,3.96
emp_003267,2026-01-02,3.94
emp_003267,2025-10-04,3.35
emp_003267,2025-07-06,3.41
emp_003268,2026-04-02,3.1
emp_003268,2026-01-02,3.87
emp_003268,2025-10-04,3.47
emp_003268,2025-07-06,3.44
emp_003269,2026-04-02,3.57
emp_003269,2026-01-02,3.14
emp_003269,2025-10-04,3.63
emp_003269,2025-07-06,3.19
emp_003269,2025-04-07,3.06
emp_003269,2025-01-07,2.76
emp_003270,2026-04-02,2.92
emp_003270,2026-01-02,3.49
emp_003270,2025-10-04,3.32
emp_003270,2025-07-06,3.28
emp_003270,2025-04-07,3.25
emp_003270,2025-01-07,3.66
emp_003270,2024-10-09,3.88
emp_003270,2024-07-11,3.73
emp_003271,2026-04-02,3.68
emp_003271,2026-01-02,3.53
emp_003271,2025-10-04,3.2
emp_003271,2025-07-06,3.89
emp_003271,2025-04-07,3.31
emp_003271,2025-01-07,3.47
emp_003271,2024-10-09,3.79
emp_003271,2024-07-11,3.47
emp_003272,2026-04-02,4.1
emp_003272,2026-01-02,3.89
emp_003272,2025-10-04,4.76
emp_003272,2025-07-06,4.04
emp_003272,2025-04-07,3.82
emp_003273,2026-04-02,3.74
emp_003273,2026-01-02,3.75
emp_003273,2025-10-04,4.06
emp_003273,2025-07-06,3.48
emp_003273,2025-04-07,4.83
emp_003273,2025-01-07,4.21
emp_003273,2024-10-09,5.0
emp_003273,2024-07-11,4.2
emp_003274,2026-04-02,3.62
emp_003274,2026-01-02,2.26
emp_003274,2025-10-04,3.16
emp_003274,2025-07-06,3.36
emp_003274,2025-04-07,3.86
emp_003274,2025-01-07,3.41
emp_003274,2024-10-09,3.42
emp_003274,2024-07-11,2.68
emp_003275,2026-04-02,3.47
emp_003275,2026-01-02,4.12
emp_003275,2025-10-04,4.14
emp_003275,2025-07-06,3.53
emp_003275,2025-04-07,3.41
emp_003275,2025-01-07,3.85
emp_003275,2024-10-09,3.9
emp_003275,2024-07-11,4.83
emp_003276,2026-04-02,3.32
emp_003276,2026-01-02,3.12
emp_003276,2025-10-04,3.57
emp_003276,2025-07-06,3.39
emp_003276,2025-04-07,3.49
emp_003276,2025-01-07,3.8
emp_003276,2024-10-09,3.52
emp_003276,2024-07-11,3.8
emp_003277,2026-04-02,3.18
emp_003277,2026-01-02,3.74
emp_003277,2025-10-04,3.63
emp_003277,2025-07-06,2.99
emp_003277,2025-04-07,4.11
emp_003277,2025-01-07,3.58
emp_003277,2024-10-09,4.25
emp_003278,2026-04-02,3.57
emp_003278,2026-01-02,3.76
emp_003279,2026-04-02,4.16
emp_003279,2026-01-02,4.36
emp_003279,2025-10-04,4.45
emp_003279,2025-07-06,4.5
emp_003279,2025-04-07,4.25
emp_003279,2025-01-07,3.44
emp_003279,2024-10-09,4.23
emp_003279,2024-07-11,4.12
emp_003280,2026-04-02,4.74
emp_003280,2026-01-02,4.6
emp_003280,2025-10-04,4.79
emp_003280,2025-07-06,4.65
emp_003280,2025-04-07,4.47
emp_003280,2025-01-07,4.42
emp_003280,2024-10-09,4.46
emp_003280,2024-07-11,4.44
emp_003281,2026-04-02,3.12
emp_003281,2026-01-02,2.89
emp_003281,2025-10-04,2.87
emp_003281,2025-07-06,2.91
emp_003281,2025-04-07,2.87
emp_003281,2025-01-07,3.34
emp_003282,2026-04-02,3.34
emp_003282,2026-01-02,3.81
emp_003282,2025-10-04,3.6
emp_003282,2025-07-06,3.88
emp_003282,2025-04-07,3.68
emp_003282,2025-01-07,3.79
emp_003282,2024-10-09,3.23
emp_003282,2024-07-11,3.63
emp_003283,2026-04-02,3.75
emp_003283,2026-01-02,3.6
emp_003283,2025-10-04,3.88
emp_003283,2025-07-06,4.01
emp_003283,2025-04-07,3.96
emp_003283,2025-01-07,4.05
emp_003283,2024-10-09,3.75
emp_003283,2024-07-11,4.08
emp_003284,2026-04-02,3.65
emp_003284,2026-01-02,3.2
emp_003284,2025-10-04,3.01
emp_003284,2025-07-06,3.26
emp_003284,2025-04-07,2.77
emp_003284,2025-01-07,3.27
emp_003284,2024-10-09,3.07
emp_003284,2024-07-11,3.0
emp_003285,2026-04-02,4.75
emp_003285,2026-01-02,4.18
emp_003285,2025-10-04,3.81
emp_003285,2025-07-06,4.78
emp_003285,2025-04-07,3.91
emp_003285,2025-01-07,4.13
emp_003285,2024-10-09,4.24
emp_003286,2026-04-02,3.89
emp_003286,2026-01-02,3.66
emp_003286,2025-10-04,3.82
emp_003286,2025-07-06,3.49
emp_003287,2026-04-02,4.26
emp_003287,2026-01-02,3.78
emp_003287,2025-10-04,4.43
emp_003287,2025-07-06,3.3
emp_003287,2025-04-07,3.76
emp_003287,2025-01-07,3.78
emp_003287,2024-10-09,3.68
emp_003287,2024-07-11,3.71
emp_003288,2026-04-02,3.88
emp_003288,2026-01-02,4.02
emp_003288,2025-10-04,4.48
emp_003288,2025-07-06,3.89
emp_003288,2025-04-07,3.82
emp_003288,2025-01-07,4.09
emp_003288,2024-10-09,4.53
emp_003288,2024-07-11,3.95
emp_003289,2026-04-02,3.68
emp_003289,2026-01-02,3.28
emp_003289,2025-10-04,3.96
emp_003289,2025-07-06,3.89
emp_003290,2026-04-02,4.08
emp_003290,2026-01-02,3.68
emp_003290,2025-10-04,4.59
emp_003290,2025-07-06,3.72
emp_003290,2025-04-07,4.1
emp_003290,2025-01-07,4.5
emp_003290,2024-10-09,3.52
emp_003290,2024-07-11,3.11
emp_003291,2026-04-02,4.02
emp_003291,2026-01-02,3.92
emp_003291,2025-10-04,4.7
emp_003291,2025-07-06,4.78
emp_003291,2025-04-07,3.94
emp_003291,2025-01-07,4.31
emp_003291,2024-10-09,4.28
emp_003291,2024-07-11,4.34
emp_003292,2026-04-02,4.87
emp_003293,2026-04-02,3.86
emp_003293,2026-01-02,4.28
emp_003293,2025-10-04,3.53
emp_003293,2025-07-06,3.63
emp_003293,2025-04-07,3.6
emp_003293,2025-01-07,3.54
emp_003293,2024-10-09,3.98
emp_003293,2024-07-11,3.92
emp_003294,2026-04-02,4.29
emp_003294,2026-01-02,3.58
emp_003294,2025-10-04,3.68
emp_003294,2025-07-06,3.98
emp_003294,2025-04-07,3.78
emp_003294,2025-01-07,3.46
emp_003294,2024-10-09,3.95
emp_003294,2024-07-11,3.62
emp_003295,2026-04-02,3.84
emp_003295,2026-01-02,3.84
emp_003295,2025-10-04,4.27
emp_003295,2025-07-06,4.25
emp_003295,2025-04-07,4.23
emp_003295,2025-01-07,3.92
emp_003295,2024-10-09,3.7
emp_003295,2024-07-11,4.67
emp_003296,2026-04-02,3.62
emp_003296,2026-01-02,3.31
emp_003296,2025-10-04,4.41
emp_003296,2025-07-06,4.41
emp_003296,2025-04-07,4.11
emp_003296,2025-01-07,3.86
emp_003296,2024-10-09,3.98
emp_003297,2026-04-02,3.64
emp_003297,2026-01-02,4.22
emp_003297,2025-10-04,4.2
emp_003297,2025-07-06,4.4
emp_003297,2025-04-07,3.97
emp_003298,2026-04-02,3.94
emp_003298,2026-01-02,3.14
emp_003298,2025-10-04,4.3
emp_003298,2025-07-06,3.57
emp_003298,2025-04-07,4.3
emp_003298,2025-01-07,4.25
emp_003298,2024-10-09,3.84
emp_003299,2026-04-02,3.94
emp_003299,2026-01-02,3.49
emp_003299,2025-10-04,3.73
emp_003299,2025-07-06,4.13
emp_003299,2025-04-07,3.63
emp_003299,2025-01-07,3.48
emp_003299,2024-10-09,3.76
emp_003299,2024-07-11,3.89
emp_003300,2026-04-02,3.8
emp_003300,2026-01-02,3.57
emp_003300,2025-10-04,3.79
emp_003301,2026-04-02,3.99
emp_003301,2026-01-02,3.41
emp_003301,2025-10-04,3.81
emp_003301,2025-07-06,4.15
emp_003302,2026-04-02,3.48
emp_003302,2026-01-02,3.35
emp_003302,2025-10-04,3.72
emp_003302,2025-07-06,3.69
emp_003302,2025-04-07,3.56
emp_003302,2025-01-07,2.85
emp_003302,2024-10-09,4.24
emp_003302,2024-07-11,3.45
emp_003303,2026-04-02,4.49
emp_003303,2026-01-02,4.09
emp_003303,2025-10-04,4.08
emp_003303,2025-07-06,4.31
emp_003304,2026-04-02,3.98
emp_003304,2026-01-02,4.12
emp_003304,2025-10-04,3.98
emp_003304,2025-07-06,4.16
emp_003304,2025-04-07,4.1
emp_003304,2025-01-07,3.45
emp_003304,2024-10-09,3.39
emp_003304,2024-07-11,3.47
emp_003305,2026-04-02,3.51
emp_003305,2026-01-02,3.1
emp_003305,2025-10-04,3.09
emp_003305,2025-07-06,3.36
emp_003305,2025-04-07,3.28
emp_003305,2025-01-07,3.98
emp_003305,2024-10-09,3.4
emp_003305,2024-07-11,3.43
emp_003306,2026-04-02,3.66
emp_003306,2026-01-02,3.56
emp_003306,2025-10-04,3.86
emp_003306,2025-07-06,4.06
emp_003306,2025-04-07,3.78
emp_003306,2025-01-07,4.02
emp_003306,2024-10-09,4.29
emp_003306,2024-07-11,4.11
emp_003307,2026-04-02,3.55
emp_003307,2026-01-02,3.4
emp_003307,2025-10-04,3.77
emp_003307,2025-07-06,4.11
emp_003307,2025-04-07,4.35
emp_003307,2025-01-07,3.38
emp_003307,2024-10-09,3.92
emp_003307,2024-07-11,3.64
emp_003308,2026-04-02,4.73
emp_003308,2026-01-02,4.22
emp_003308,2025-10-04,4.3
emp_003308,2025-07-06,4.59
emp_003308,2025-04-07,4.44
emp_003309,2026-04-02,3.7
emp_003309,2026-01-02,3.95
emp_003309,2025-10-04,4.23
emp_003309,2025-07-06,4.31
emp_003309,2025-04-07,3.16
emp_003309,2025-01-07,3.56
emp_003309,2024-10-09,3.91
emp_003309,2024-07-11,3.37
emp_003310,2026-04-02,3.88
emp_003310,2026-01-02,3.57
emp_003310,2025-10-04,4.06
emp_003310,2025-07-06,4.21
emp_003310,2025-04-07,4.47
emp_003310,2025-01-07,3.99
emp_003310,2024-10-09,4.12
emp_003310,2024-07-11,3.83
emp_003311,2026-04-02,4.15
emp_003311,2026-01-02,3.52
emp_003311,2025-10-04,3.76
emp_003311,2025-07-06,4.44
emp_003311,2025-04-07,3.92
emp_003311,2025-01-07,3.73
emp_003311,2024-10-09,4.95
emp_003312,2026-04-02,3.73
emp_003312,2026-01-02,3.39
emp_003312,2025-10-04,3.53
emp_003312,2025-07-06,3.3
emp_003312,2025-04-07,3.83
emp_003312,2025-01-07,3.79
emp_003312,2024-10-09,3.22
emp_003312,2024-07-11,3.71
emp_003313,2026-04-02,4.39
emp_003313,2026-01-02,3.82
emp_003313,2025-10-04,4.45
emp_003313,2025-07-06,3.96
emp_003314,2026-04-02,4.23
emp_003314,2026-01-02,4.34
emp_003314,2025-10-04,3.99
emp_003314,2025-07-06,4.38
emp_003314,2025-04-07,4.04
emp_003314,2025-01-07,3.37
emp_003314,2024-10-09,4.36
emp_003314,2024-07-11,4.44
emp_003315,2026-04-02,3.76
emp_003315,2026-01-02,3.88
emp_003316,2026-04-02,3.87
emp_003316,2026-01-02,4.12
emp_003316,2025-10-04,3.88
emp_003316,2025-07-06,4.53
emp_003316,2025-04-07,3.86
emp_003316,2025-01-07,4.07
emp_003316,2024-10-09,4.84
emp_003317,2026-04-02,3.8
emp_003317,2026-01-02,3.3
emp_003317,2025-10-04,3.53
emp_003317,2025-07-06,3.86
emp_003317,2025-04-07,4.06
emp_003317,2025-01-07,3.64
emp_003317,2024-10-09,3.7
emp_003317,2024-07-11,4.02
emp_003318,2026-04-02,3.06
emp_003318,2026-01-02,4.01
emp_003318,2025-10-04,2.66
emp_003318,2025-07-06,3.82
emp_003318,2025-04-07,3.48
emp_003318,2025-01-07,3.06
emp_003318,2024-10-09,2.83
emp_003318,2024-07-11,3.65
emp_003319,2026-04-02,4.44
emp_003319,2026-01-02,3.23
emp_003319,2025-10-04,3.56
emp_003319,2025-07-06,3.6
emp_003319,2025-04-07,4.22
emp_003319,2025-01-07,3.66
emp_003319,2024-10-09,3.9
emp_003319,2024-07-11,4.49
emp_003320,2026-04-02,4.64
emp_003320,2026-01-02,4.26
emp_003320,2025-10-04,4.46
emp_003320,2025-07-06,4.1
emp_003320,2025-04-07,4.08
emp_003320,2025-01-07,4.25
emp_003320,2024-10-09,4.52
emp_003320,2024-07-11,3.3
emp_003321,2026-04-02,2.94
emp_003321,2026-01-02,3.09
emp_003321,2025-10-04,3.39
emp_003321,2025-07-06,3.21
emp_003321,2025-04-07,3.42
emp_003321,2025-01-07,3.46
emp_003321,2024-10-09,4.47
emp_003321,2024-07-11,3.45
emp_003322,2026-04-02,3.95
emp_003322,2026-01-02,3.91
emp_003322,2025-10-04,4.35
emp_003322,2025-07-06,3.88
emp_003322,2025-04-07,3.87
emp_003322,2025-01-07,4.34
emp_003322,2024-10-09,3.72
emp_003322,2024-07-11,4.15
emp_003323,2026-04-02,4.44
emp_003323,2026-01-02,4.31
emp_003323,2025-10-04,3.98
emp_003323,2025-07-06,3.67
emp_003324,2026-04-02,3.33
emp_003324,2026-01-02,4.02
emp_003324,2025-10-04,3.76
emp_003324,2025-07-06,4.07
emp_003324,2025-04-07,3.57
emp_003324,2025-01-07,3.76
emp_003324,2024-10-09,4.03
emp_003324,2024-07-11,3.67
emp_003325,2026-04-02,3.74
emp_003325,2026-01-02,4.07
emp_003325,2025-10-04,5.0
emp_003325,2025-07-06,3.74
emp_003326,2026-04-02,4.05
emp_003326,2026-01-02,4.18
emp_003326,2025-10-04,3.78
emp_003326,2025-07-06,3.98
emp_003326,2025-04-07,4.36
emp_003326,2025-01-07,3.34
emp_003326,2024-10-09,4.16
emp_003326,2024-07-11,4.57
emp_003327,2026-04-02,3.99
emp_003327,2026-01-02,3.41
emp_003327,2025-10-04,3.75
emp_003327,2025-07-06,3.27
emp_003327,2025-04-07,3.97
emp_003327,2025-01-07,3.48
emp_003327,2024-10-09,3.83
emp_003327,2024-07-11,3.29
emp_003328,2026-04-02,3.98
emp_003328,2026-01-02,3.91
emp_003328,2025-10-04,3.91
emp_003328,2025-07-06,4.19
emp_003328,2025-04-07,3.34
emp_003328,2025-01-07,4.16
emp_003328,2024-10-09,3.15
emp_003328,2024-07-11,4.36
emp_003329,2026-04-02,4.47
emp_003329,2026-01-02,4.44
emp_003329,2025-10-04,4.3
emp_003329,2025-07-06,4.27
emp_003329,2025-04-07,4.77
emp_003329,2025-01-07,4.13
emp_003329,2024-10-09,3.99
emp_003329,2024-07-11,3.9
emp_003330,2026-04-02,3.87
emp_003330,2026-01-02,3.75
emp_003330,2025-10-04,3.93
emp_003330,2025-07-06,4.13
emp_003330,2025-04-07,4.35
emp_003330,2025-01-07,3.12
emp_003330,2024-10-09,3.43
emp_003332,2026-04-02,3.76
emp_003332,2026-01-02,4.1
emp_003332,2025-10-04,4.73
emp_003332,2025-07-06,4.15
emp_003332,2025-04-07,4.43
emp_003332,2025-01-07,3.88
emp_003332,2024-10-09,3.31
emp_003332,2024-07-11,3.97
emp_003333,2026-04-02,4.4
emp_003333,2026-01-02,4.18
emp_003333,2025-10-04,3.93
emp_003333,2025-07-06,4.2
emp_003333,2025-04-07,4.36
emp_003333,2025-01-07,4.06
emp_003333,2024-10-09,4.69
emp_003333,2024-07-11,4.33
emp_003334,2026-04-02,4.22
emp_003334,2026-01-02,3.89
emp_003334,2025-10-04,4.27
emp_003334,2025-07-06,3.97
emp_003334,2025-04-07,4.12
emp_003334,2025-01-07,3.6
emp_003334,2024-10-09,4.1
emp_003334,2024-07-11,3.84
emp_003335,2026-04-02,3.38
emp_003335,2026-01-02,4.08
emp_003335,2025-10-04,4.2
emp_003335,2025-07-06,3.78
emp_003335,2025-04-07,3.72
emp_003335,2025-01-07,3.18
emp_003335,2024-10-09,4.12
emp_003335,2024-07-11,3.87
emp_003336,2026-04-02,3.46
emp_003336,2026-01-02,3.77
emp_003336,2025-10-04,3.12
emp_003336,2025-07-06,4.0
emp_003336,2025-04-07,3.76
emp_003336,2025-01-07,3.09
emp_003336,2024-10-09,3.54
emp_003336,2024-07-11,4.02
emp_003337,2026-04-02,3.93
emp_003337,2026-01-02,4.03
emp_003337,2025-10-04,4.05
emp_003337,2025-07-06,3.93
emp_003337,2025-04-07,4.15
emp_003337,2025-01-07,3.7
emp_003338,2026-04-02,3.41
emp_003338,2026-01-02,4.49
emp_003338,2025-10-04,3.9
emp_003338,2025-07-06,3.57
emp_003338,2025-04-07,4.24
emp_003338,2025-01-07,4.01
emp_003339,2026-04-02,4.12
emp_003339,2026-01-02,4.5
emp_003339,2025-10-04,3.95
emp_003339,2025-07-06,3.95
emp_003339,2025-04-07,3.4
emp_003339,2025-01-07,3.87
emp_003339,2024-10-09,4.26
emp_003339,2024-07-11,4.28
emp_003340,2026-04-02,4.47
emp_003340,2026-01-02,3.8
emp_003340,2025-10-04,3.86
emp_003340,2025-07-06,4.4
emp_003340,2025-04-07,3.4
emp_003340,2025-01-07,3.73
emp_003340,2024-10-09,4.24
emp_003340,2024-07-11,3.56
emp_003341,2026-04-02,4.3
emp_003341,2026-01-02,4.24
emp_003341,2025-10-04,4.04
emp_003341,2025-07-06,4.56
emp_003341,2025-04-07,3.96
emp_003341,2025-01-07,3.88
emp_003341,2024-10-09,4.04
emp_003341,2024-07-11,4.05
emp_003342,2026-04-02,3.95
emp_003342,2026-01-02,3.66
emp_003342,2025-10-04,3.46
emp_003342,2025-07-06,3.71
emp_003342,2025-04-07,3.45
emp_003342,2025-01-07,3.83
emp_003342,2024-10-09,3.39
emp_003342,2024-07-11,3.14
emp_003343,2026-04-02,4.44
emp_003343,2026-01-02,3.71
emp_003343,2025-10-04,4.4
emp_003343,2025-07-06,3.29
emp_003343,2025-04-07,3.42
emp_003343,2025-01-07,3.54
emp_003343,2024-10-09,4.33
emp_003343,2024-07-11,4.16
emp_003344,2026-04-02,3.6
emp_003344,2026-01-02,3.56
emp_003344,2025-10-04,3.37
emp_003344,2025-07-06,3.59
emp_003344,2025-04-07,3.34
emp_003344,2025-01-07,3.65
emp_003344,2024-10-09,2.77
emp_003344,2024-07-11,3.26
emp_003345,2026-04-02,3.87
emp_003345,2026-01-02,3.5
emp_003345,2025-10-04,3.78
emp_003345,2025-07-06,3.29
emp_003345,2025-04-07,3.9
emp_003345,2025-01-07,3.44
emp_003345,2024-10-09,3.53
emp_003345,2024-07-11,4.43
emp_003346,2026-04-02,4.2
emp_003346,2026-01-02,4.12
emp_003346,2025-10-04,3.71
emp_003346,2025-07-06,4.29
emp_003346,2025-04-07,4.1
emp_003346,2025-01-07,4.96
emp_003346,2024-10-09,4.26
emp_003347,2026-04-02,3.21
emp_003347,2026-01-02,3.87
emp_003347,2025-10-04,3.21
emp_003348,2026-04-02,4.05
emp_003348,2026-01-02,3.54
emp_003348,2025-10-04,3.93
emp_003348,2025-07-06,3.83
emp_003348,2025-04-07,4.03
emp_003348,2025-01-07,4.0
emp_003348,2024-10-09,3.07
emp_003349,2026-04-02,4.17
emp_003349,2026-01-02,3.85
emp_003349,2025-10-04,3.39
emp_003349,2025-07-06,3.66
emp_003349,2025-04-07,3.74
emp_003349,2025-01-07,3.74
emp_003349,2024-10-09,4.0
emp_003349,2024-07-11,3.57
emp_003350,2026-04-02,3.39
emp_003350,2026-01-02,3.98
emp_003350,2025-10-04,3.25
emp_003350,2025-07-06,3.38
emp_003350,2025-04-07,3.6
emp_003352,2026-04-02,3.35
emp_003352,2026-01-02,4.51
emp_003352,2025-10-04,3.99
emp_003352,2025-07-06,4.28
emp_003352,2025-04-07,4.03
emp_003352,2025-01-07,4.57
emp_003352,2024-10-09,3.96
emp_003352,2024-07-11,4.25
emp_003353,2026-04-02,4.18
emp_003353,2026-01-02,4.04
emp_003353,2025-10-04,4.54
emp_003353,2025-07-06,3.93
emp_003353,2025-04-07,3.92
emp_003353,2025-01-07,3.79
emp_003353,2024-10-09,3.98
emp_003353,2024-07-11,4.64
emp_003355,2026-04-02,3.97
emp_003355,2026-01-02,3.37
emp_003355,2025-10-04,4.23
emp_003355,2025-07-06,3.77
emp_003355,2025-04-07,4.11
emp_003355,2025-01-07,3.94
emp_003355,2024-10-09,3.8
emp_003355,2024-07-11,4.01
emp_003356,2026-04-02,3.82
emp_003356,2026-01-02,3.96
emp_003356,2025-10-04,4.32
emp_003356,2025-07-06,4.37
emp_003356,2025-04-07,3.79
emp_003356,2025-01-07,3.6
emp_003356,2024-10-09,3.43
emp_003356,2024-07-11,4.71
emp_003357,2026-04-02,4.67
emp_003357,2026-01-02,4.41
emp_003357,2025-10-04,4.33
emp_003357,2025-07-06,4.18
emp_003357,2025-04-07,4.74
emp_003357,2025-01-07,4.45
emp_003357,2024-10-09,4.5
emp_003357,2024-07-11,4.3
emp_003358,2026-04-02,3.76
emp_003358,2026-01-02,3.4
emp_003358,2025-10-04,3.69
emp_003358,2025-07-06,4.03
emp_003358,2025-04-07,3.75
emp_003358,2025-01-07,3.29
emp_003358,2024-10-09,3.35
emp_003358,2024-07-11,4.16
emp_003359,2026-04-02,4.51
emp_003359,2026-01-02,4.73
emp_003359,2025-10-04,4.8
emp_003359,2025-07-06,4.2
emp_003359,2025-04-07,3.77
emp_003359,2025-01-07,4.49
emp_003359,2024-10-09,4.59
emp_003359,2024-07-11,4.91
emp_003360,2026-04-02,3.46
emp_003360,2026-01-02,3.36
emp_003360,2025-10-04,3.66
emp_003360,2025-07-06,3.48
emp_003360,2025-04-07,3.15
emp_003360,2025-01-07,4.4
emp_003360,2024-10-09,3.79
emp_003360,2024-07-11,3.78
emp_003361,2026-04-02,4.46
emp_003361,2026-01-02,3.1
emp_003361,2025-10-04,4.22
emp_003361,2025-07-06,4.28
emp_003361,2025-04-07,3.93
emp_003361,2025-01-07,3.87
emp_003361,2024-10-09,3.9
emp_003361,2024-07-11,4.19
emp_003362,2026-04-02,3.6
emp_003362,2026-01-02,4.09
emp_003362,2025-10-04,4.54
emp_003362,2025-07-06,3.87
emp_003362,2025-04-07,3.96
emp_003362,2025-01-07,3.75
emp_003362,2024-10-09,3.25
emp_003362,2024-07-11,3.74
emp_003363,2026-04-02,3.37
emp_003363,2026-01-02,3.72
emp_003363,2025-10-04,2.73
emp_003363,2025-07-06,3.12
emp_003363,2025-04-07,3.84
emp_003363,2025-01-07,3.56
emp_003363,2024-10-09,3.19
emp_003363,2024-07-11,3.56
emp_003364,2026-04-02,3.8
emp_003364,2026-01-02,3.38
emp_003364,2025-10-04,3.42
emp_003364,2025-07-06,3.65
emp_003364,2025-04-07,3.3
emp_003365,2026-04-02,3.2
emp_003365,2026-01-02,3.0
emp_003365,2025-10-04,3.84
emp_003365,2025-07-06,3.32
emp_003365,2025-04-07,3.6
emp_003365,2025-01-07,3.03
emp_003365,2024-10-09,3.86
emp_003365,2024-07-11,3.66
emp_003366,2026-04-02,3.64
emp_003366,2026-01-02,3.99
emp_003366,2025-10-04,3.15
emp_003366,2025-07-06,4.09
emp_003366,2025-04-07,3.49
emp_003366,2025-01-07,2.96
emp_003366,2024-10-09,4.3
emp_003366,2024-07-11,3.92
emp_003367,2026-04-02,4.21
emp_003367,2026-01-02,3.73
emp_003367,2025-10-04,4.41
emp_003367,2025-07-06,4.18
emp_003367,2025-04-07,4.29
emp_003367,2025-01-07,4.21
emp_003367,2024-10-09,4.35
emp_003368,2026-04-02,3.72
emp_003368,2026-01-02,3.33
emp_003368,2025-10-04,3.1
emp_003368,2025-07-06,3.44
emp_003368,2025-04-07,3.39
emp_003368,2025-01-07,3.34
emp_003368,2024-10-09,4.01
emp_003368,2024-07-11,4.01
emp_003369,2026-04-02,4.06
emp_003369,2026-01-02,4.37
emp_003369,2025-10-04,3.76
emp_003370,2026-04-02,3.7
emp_003371,2026-04-02,3.4
emp_003371,2026-01-02,4.54
emp_003371,2025-10-04,4.09
emp_003371,2025-07-06,3.63
emp_003371,2025-04-07,3.63
emp_003371,2025-01-07,3.4
emp_003371,2024-10-09,3.6
emp_003371,2024-07-11,3.61
emp_003372,2026-04-02,4.17
emp_003372,2026-01-02,3.52
emp_003372,2025-10-04,2.92
emp_003372,2025-07-06,3.57
emp_003372,2025-04-07,3.77
emp_003372,2025-01-07,4.13
emp_003372,2024-10-09,4.27
emp_003372,2024-07-11,3.44
emp_003373,2026-04-02,3.42
emp_003373,2026-01-02,3.38
emp_003373,2025-10-04,3.9
emp_003373,2025-07-06,4.14
emp_003373,2025-04-07,3.1
emp_003373,2025-01-07,3.81
emp_003373,2024-10-09,3.89
emp_003373,2024-07-11,3.53
emp_003374,2026-04-02,4.11
emp_003374,2026-01-02,4.36
emp_003374,2025-10-04,4.53
emp_003374,2025-07-06,4.18
emp_003374,2025-04-07,4.28
emp_003374,2025-01-07,3.9
emp_003374,2024-10-09,4.6
emp_003374,2024-07-11,4.08
emp_003375,2026-04-02,3.53
emp_003375,2026-01-02,4.06
emp_003375,2025-10-04,4.29
emp_003375,2025-07-06,4.15
emp_003375,2025-04-07,4.07
emp_003375,2025-01-07,4.05
emp_003375,2024-10-09,3.73
emp_003375,2024-07-11,3.96
emp_003376,2026-04-02,2.76
emp_003376,2026-01-02,3.9
emp_003376,2025-10-04,3.0
emp_003376,2025-07-06,4.2
emp_003376,2025-04-07,3.0
emp_003376,2025-01-07,3.7
emp_003376,2024-10-09,3.51
emp_003377,2026-04-02,4.37
emp_003377,2026-01-02,4.08
emp_003377,2025-10-04,3.64
emp_003377,2025-07-06,3.92
emp_003377,2025-04-07,4.41
emp_003377,2025-01-07,3.71
emp_003377,2024-10-09,4.33
emp_003377,2024-07-11,3.6
emp_003378,2026-04-02,2.96
emp_003378,2026-01-02,3.35
emp_003378,2025-10-04,2.77
emp_003378,2025-07-06,3.68
emp_003378,2025-04-07,3.17
emp_003378,2025-01-07,3.39
emp_003378,2024-10-09,3.47
emp_003378,2024-07-11,3.3
emp_003379,2026-04-02,4.02
emp_003379,2026-01-02,3.94
emp_003379,2025-10-04,4.23
emp_003379,2025-07-06,4.56
emp_003379,2025-04-07,3.55
emp_003379,2025-01-07,3.95
emp_003379,2024-10-09,4.07
emp_003379,2024-07-11,4.35
emp_003380,2026-04-02,3.66
emp_003380,2026-01-02,3.28
emp_003380,2025-10-04,3.31
emp_003380,2025-07-06,3.49
emp_003380,2025-04-07,4.17
emp_003380,2025-01-07,3.36
emp_003380,2024-10-09,3.1
emp_003380,2024-07-11,3.66
emp_003381,2026-04-02,4.35
emp_003381,2026-01-02,4.0
emp_003381,2025-10-04,4.09
emp_003381,2025-07-06,3.86
emp_003381,2025-04-07,3.26
emp_003382,2026-04-02,3.27
emp_003382,2026-01-02,3.65
emp_003382,2025-10-04,3.75
emp_003382,2025-07-06,3.96
emp_003382,2025-04-07,4.04
emp_003382,2025-01-07,3.28
emp_003382,2024-10-09,3.74
emp_003382,2024-07-11,3.26
emp_003383,2026-04-02,3.08
emp_003383,2026-01-02,3.71
emp_003383,2025-10-04,2.52
emp_003383,2025-07-06,3.37
emp_003383,2025-04-07,3.42
emp_003383,2025-01-07,4.04
emp_003383,2024-10-09,3.34
emp_003383,2024-07-11,3.27
emp_003384,2026-04-02,3.51
emp_003384,2026-01-02,3.33
emp_003384,2025-10-04,3.61
emp_003384,2025-07-06,2.93
emp_003384,2025-04-07,4.12
emp_003384,2025-01-07,3.06
emp_003384,2024-10-09,3.13
emp_003384,2024-07-11,3.74
emp_003385,2026-04-02,4.1
emp_003385,2026-01-02,4.11
emp_003385,2025-10-04,3.79
emp_003385,2025-07-06,4.34
emp_003385,2025-04-07,3.7
emp_003385,2025-01-07,3.8
emp_003385,2024-10-09,3.82
emp_003386,2026-04-02,3.14
emp_003386,2026-01-02,3.45
emp_003386,2025-10-04,3.28
emp_003386,2025-07-06,3.64
emp_003386,2025-04-07,3.46
emp_003386,2025-01-07,3.75
emp_003386,2024-10-09,3.07
emp_003386,2024-07-11,3.54
emp_003387,2026-04-02,4.02
emp_003387,2026-01-02,4.12
emp_003387,2025-10-04,4.48
emp_003387,2025-07-06,4.23
emp_003387,2025-04-07,3.84
emp_003387,2025-01-07,4.32
emp_003387,2024-10-09,3.83
emp_003387,2024-07-11,4.22
emp_003388,2026-04-02,4.4
emp_003388,2026-01-02,3.73
emp_003388,2025-10-04,4.19
emp_003388,2025-07-06,3.71
emp_003388,2025-04-07,3.82
emp_003388,2025-01-07,3.81
emp_003388,2024-10-09,3.88
emp_003388,2024-07-11,4.24
emp_003389,2026-04-02,3.99
emp_003389,2026-01-02,3.31
emp_003389,2025-10-04,3.21
emp_003389,2025-07-06,3.22
emp_003389,2025-04-07,2.81
emp_003389,2025-01-07,3.48
emp_003389,2024-10-09,3.03
emp_003389,2024-07-11,3.78
emp_003390,2026-04-02,3.23
emp_003390,2026-01-02,3.5
emp_003390,2025-10-04,4.06
emp_003390,2025-07-06,4.08
emp_003390,2025-04-07,3.97
emp_003390,2025-01-07,3.65
emp_003390,2024-10-09,3.75
emp_003390,2024-07-11,4.02
emp_003391,2026-04-02,3.99
emp_003391,2026-01-02,3.92
emp_003391,2025-10-04,3.78
emp_003391,2025-07-06,4.07
emp_003391,2025-04-07,2.69
emp_003391,2025-01-07,3.9
emp_003391,2024-10-09,4.08
emp_003391,2024-07-11,4.17
emp_003392,2026-04-02,3.96
emp_003392,2026-01-02,4.2
emp_003392,2025-10-04,3.96
emp_003392,2025-07-06,4.12
emp_003393,2026-04-02,3.75
emp_003393,2026-01-02,3.27
emp_003393,2025-10-04,4.11
emp_003393,2025-07-06,3.78
emp_003393,2025-04-07,4.18
emp_003393,2025-01-07,4.21
emp_003393,2024-10-09,3.49
emp_003393,2024-07-11,3.8
emp_003394,2026-04-02,3.09
emp_003394,2026-01-02,3.74
emp_003394,2025-10-04,3.74
emp_003394,2025-07-06,3.49
emp_003394,2025-04-07,2.83
emp_003394,2025-01-07,3.07
emp_003394,2024-10-09,3.74
emp_003394,2024-07-11,3.44
emp_003395,2026-04-02,3.95
emp_003395,2026-01-02,3.4
emp_003395,2025-10-04,3.53
emp_003395,2025-07-06,3.54
emp_003395,2025-04-07,3.85
emp_003395,2025-01-07,4.0
emp_003395,2024-10-09,4.37
emp_003395,2024-07-11,3.62
emp_003396,2026-04-02,3.84
emp_003396,2026-01-02,4.23
emp_003396,2025-10-04,3.95
emp_003396,2025-07-06,3.57
emp_003396,2025-04-07,4.42
emp_003396,2025-01-07,4.4
emp_003396,2024-10-09,4.44
emp_003396,2024-07-11,3.87
emp_003397,2026-04-02,4.24
emp_003397,2026-01-02,3.19
emp_003397,2025-10-04,3.63
emp_003397,2025-07-06,3.79
emp_003397,2025-04-07,3.82
emp_003397,2025-01-07,3.92
emp_003397,2024-10-09,3.57
emp_003397,2024-07-11,3.28
emp_003398,2026-04-02,3.93
emp_003398,2026-01-02,2.98
emp_003398,2025-10-04,3.79
emp_003398,2025-07-06,4.33
emp_003398,2025-04-07,3.09
emp_003398,2025-01-07,3.75
emp_003398,2024-10-09,3.6
emp_003398,2024-07-11,3.86
emp_003399,2026-04-02,2.97
emp_003399,2026-01-02,3.14
emp_003399,2025-10-04,2.42
emp_003399,2025-07-06,3.72
emp_003399,2025-04-07,2.92
emp_003399,2025-01-07,2.73
emp_003399,2024-10-09,3.01
emp_003399,2024-07-11,3.31
emp_003400,2026-04-02,4.22
emp_003400,2026-01-02,4.21
emp_003400,2025-10-04,4.09
emp_003401,2026-04-02,4.28
emp_003401,2026-01-02,4.07
emp_003401,2025-10-04,3.94
emp_003401,2025-07-06,4.39
emp_003401,2025-04-07,4.06
emp_003401,2025-01-07,4.38
emp_003401,2024-10-09,4.26
emp_003401,2024-07-11,4.44
emp_003402,2026-04-02,3.77
emp_003402,2026-01-02,3.81
emp_003402,2025-10-04,4.28
emp_003402,2025-07-06,4.27
emp_003402,2025-04-07,3.92
emp_003402,2025-01-07,3.68
emp_003402,2024-10-09,4.59
emp_003402,2024-07-11,4.12
emp_003403,2026-04-02,3.51
emp_003403,2026-01-02,4.04
emp_003403,2025-10-04,4.47
emp_003403,2025-07-06,3.69
emp_003403,2025-04-07,4.01
emp_003403,2025-01-07,3.41
emp_003403,2024-10-09,3.47
emp_003403,2024-07-11,3.04
emp_003404,2026-04-02,3.84
emp_003404,2026-01-02,3.2
emp_003404,2025-10-04,4.02
emp_003404,2025-07-06,4.29
emp_003404,2025-04-07,3.9
emp_003404,2025-01-07,3.93
emp_003404,2024-10-09,3.29
emp_003404,2024-07-11,3.37
emp_003405,2026-04-02,3.87
emp_003405,2026-01-02,3.38
emp_003405,2025-10-04,3.55
emp_003405,2025-07-06,3.53
emp_003405,2025-04-07,3.57
emp_003405,2025-01-07,3.91
emp_003405,2024-10-09,3.45
emp_003405,2024-07-11,3.17
emp_003406,2026-04-02,3.24
emp_003406,2026-01-02,3.48
emp_003406,2025-10-04,3.2
emp_003407,2026-04-02,3.51
emp_003407,2026-01-02,3.62
emp_003407,2025-10-04,3.26
emp_003407,2025-07-06,3.02
emp_003407,2025-04-07,3.63
emp_003408,2026-04-02,3.77
emp_003408,2026-01-02,4.15
emp_003408,2025-10-04,4.09
emp_003408,2025-07-06,3.95
emp_003409,2026-04-02,3.36
emp_003409,2026-01-02,3.58
emp_003409,2025-10-04,3.37
emp_003409,2025-07-06,3.13
emp_003409,2025-04-07,3.38
emp_003409,2025-01-07,3.66
emp_003409,2024-10-09,3.61
emp_003409,2024-07-11,3.19
emp_003410,2026-04-02,4.14
emp_003410,2026-01-02,3.43
emp_003410,2025-10-04,3.97
emp_003410,2025-07-06,4.29
emp_003410,2025-04-07,4.11
emp_003410,2025-01-07,3.29
emp_003410,2024-10-09,3.82
emp_003410,2024-07-11,3.64
emp_003411,2026-04-02,4.6
emp_003411,2026-01-02,4.85
emp_003411,2025-10-04,3.93
emp_003411,2025-07-06,4.16
emp_003411,2025-04-07,3.44
emp_003411,2025-01-07,3.56
emp_003411,2024-10-09,4.41
emp_003411,2024-07-11,3.47
emp_003412,2026-04-02,3.74
emp_003412,2026-01-02,4.41
emp_003412,2025-10-04,4.22
emp_003412,2025-07-06,3.98
emp_003412,2025-04-07,3.88
emp_003412,2025-01-07,3.92
emp_003412,2024-10-09,4.47
emp_003412,2024-07-11,3.49
emp_003413,2026-04-02,3.63
emp_003413,2026-01-02,4.15
emp_003413,2025-10-04,3.71
emp_003413,2025-07-06,3.72
emp_003414,2026-04-02,3.54
emp_003414,2026-01-02,3.32
emp_003414,2025-10-04,2.72
emp_003414,2025-07-06,4.26
emp_003414,2025-04-07,3.1
emp_003414,2025-01-07,3.53
emp_003414,2024-10-09,3.38
emp_003414,2024-07-11,2.73
emp_003415,2026-04-02,3.63
emp_003415,2026-01-02,3.57
emp_003415,2025-10-04,3.69
emp_003415,2025-07-06,2.95
emp_003415,2025-04-07,3.17
emp_003416,2026-04-02,2.54
emp_003416,2026-01-02,3.26
emp_003416,2025-10-04,3.47
emp_003416,2025-07-06,3.72
emp_003416,2025-04-07,3.19
emp_003416,2025-01-07,3.23
emp_003416,2024-10-09,3.23
emp_003416,2024-07-11,2.66
emp_003417,2026-04-02,3.84
emp_003417,2026-01-02,4.22
emp_003417,2025-10-04,3.38
emp_003417,2025-07-06,4.83
emp_003417,2025-04-07,3.68
emp_003417,2025-01-07,3.45
emp_003418,2026-04-02,2.96
emp_003418,2026-01-02,2.62
emp_003418,2025-10-04,2.87
emp_003418,2025-07-06,2.98
emp_003418,2025-04-07,3.03
emp_003418,2025-01-07,3.18
emp_003418,2024-10-09,3.51
emp_003418,2024-07-11,3.18
emp_003419,2026-04-02,3.59
emp_003420,2026-04-02,4.35
emp_003420,2026-01-02,4.13
emp_003420,2025-10-04,4.69
emp_003421,2026-04-02,4.01
emp_003421,2026-01-02,3.74
emp_003421,2025-10-04,4.02
emp_003421,2025-07-06,4.11
emp_003421,2025-04-07,3.94
emp_003421,2025-01-07,3.64
emp_003421,2024-10-09,4.3
emp_003421,2024-07-11,4.51
emp_003422,2026-04-02,4.68
emp_003422,2026-01-02,3.85
emp_003422,2025-10-04,4.08
emp_003422,2025-07-06,3.87
emp_003422,2025-04-07,4.3
emp_003422,2025-01-07,3.72
emp_003423,2026-04-02,4.4
emp_003423,2026-01-02,3.88
emp_003424,2026-04-02,3.7
emp_003424,2026-01-02,3.81
emp_003424,2025-10-04,4.41
emp_003424,2025-07-06,5.0
emp_003424,2025-04-07,3.6
emp_003424,2025-01-07,4.05
emp_003424,2024-10-09,4.42
emp_003424,2024-07-11,3.92
emp_003426,2026-04-02,3.67
emp_003426,2026-01-02,4.23
emp_003426,2025-10-04,3.84
emp_003426,2025-07-06,3.95
emp_003426,2025-04-07,3.86
emp_003427,2026-04-02,3.85
emp_003427,2026-01-02,4.11
emp_003427,2025-10-04,3.59
emp_003427,2025-07-06,3.56
emp_003428,2026-04-02,3.8
emp_003428,2026-01-02,3.11
emp_003428,2025-10-04,2.63
emp_003428,2025-07-06,2.99
emp_003428,2025-04-07,3.68
emp_003428,2025-01-07,2.96
emp_003428,2024-10-09,2.69
emp_003428,2024-07-11,2.66
emp_003429,2026-04-02,4.19
emp_003429,2026-01-02,3.77
emp_003429,2025-10-04,4.39
emp_003429,2025-07-06,3.54
emp_003429,2025-04-07,3.66
emp_003429,2025-01-07,3.48
emp_003429,2024-10-09,4.09
emp_003429,2024-07-11,3.78
emp_003430,2026-04-02,3.74
emp_003430,2026-01-02,3.14
emp_003430,2025-10-04,4.05
emp_003430,2025-07-06,4.15
emp_003430,2025-04-07,3.73
emp_003430,2025-01-07,4.18
emp_003430,2024-10-09,4.46
emp_003430,2024-07-11,3.59
emp_003431,2026-04-02,3.21
emp_003431,2026-01-02,3.95
emp_003431,2025-10-04,2.96
emp_003431,2025-07-06,3.48
emp_003431,2025-04-07,3.47
emp_003431,2025-01-07,2.47
emp_003431,2024-10-09,3.46
emp_003432,2026-04-02,4.72
emp_003432,2026-01-02,3.76
emp_003432,2025-10-04,3.77
emp_003432,2025-07-06,3.78
emp_003432,2025-04-07,3.55
emp_003432,2025-01-07,3.17
emp_003432,2024-10-09,4.19
emp_003432,2024-07-11,3.7
emp_003433,2026-04-02,3.69
emp_003433,2026-01-02,4.68
emp_003433,2025-10-04,3.88
emp_003433,2025-07-06,3.61
emp_003433,2025-04-07,4.29
emp_003433,2025-01-07,3.9
emp_003433,2024-10-09,3.84
emp_003433,2024-07-11,3.74
emp_003434,2026-04-02,4.54
emp_003434,2026-01-02,3.79
emp_003434,2025-10-04,3.91
emp_003434,2025-07-06,4.29
emp_003434,2025-04-07,4.1
emp_003434,2025-01-07,3.71
emp_003434,2024-10-09,4.5
emp_003435,2026-04-02,4.19
emp_003436,2026-04-02,3.34
emp_003436,2026-01-02,4.52
emp_003436,2025-10-04,4.35
emp_003436,2025-07-06,4.28
emp_003437,2026-04-02,4.05
emp_003437,2026-01-02,4.42
emp_003437,2025-10-04,3.85
emp_003437,2025-07-06,3.82
emp_003437,2025-04-07,4.58
emp_003437,2025-01-07,4.32
emp_003437,2024-10-09,4.38
emp_003437,2024-07-11,4.08
emp_003438,2026-04-02,3.61
emp_003438,2026-01-02,3.49
emp_003438,2025-10-04,3.58
emp_003438,2025-07-06,2.73
emp_003438,2025-04-07,4.46
emp_003439,2026-04-02,3.36
emp_003439,2026-01-02,4.28
emp_003439,2025-10-04,4.14
emp_003439,2025-07-06,3.19
emp_003439,2025-04-07,3.82
emp_003439,2025-01-07,3.93
emp_003439,2024-10-09,3.85
emp_003439,2024-07-11,4.15
emp_003440,2026-04-02,3.7
emp_003440,2026-01-02,4.75
emp_003440,2025-10-04,4.15
emp_003440,2025-07-06,5.0
emp_003440,2025-04-07,4.47
emp_003440,2025-01-07,4.37
emp_003440,2024-10-09,4.1
emp_003440,2024-07-11,4.17
emp_003441,2026-04-02,4.1
emp_003441,2026-01-02,5.0
emp_003441,2025-10-04,4.25
emp_003441,2025-07-06,4.25
emp_003441,2025-04-07,4.18
emp_003441,2025-01-07,3.89
emp_003441,2024-10-09,4.06
emp_003441,2024-07-11,3.76
emp_003442,2026-04-02,4.03
emp_003442,2026-01-02,4.31
emp_003442,2025-10-04,4.08
emp_003442,2025-07-06,4.01
emp_003442,2025-04-07,3.98
emp_003442,2025-01-07,4.49
emp_003442,2024-10-09,3.84
emp_003442,2024-07-11,3.49
emp_003443,2026-04-02,3.77
emp_003443,2026-01-02,3.0
emp_003443,2025-10-04,4.0
emp_003443,2025-07-06,3.44
emp_003443,2025-04-07,2.98
emp_003443,2025-01-07,3.37
emp_003443,2024-10-09,3.5
emp_003443,2024-07-11,3.26
emp_003444,2026-04-02,3.72
emp_003444,2026-01-02,4.13
emp_003444,2025-10-04,3.61
emp_003444,2025-07-06,3.01
emp_003444,2025-04-07,4.11
emp_003444,2025-01-07,3.15
emp_003444,2024-10-09,3.45
emp_003444,2024-07-11,3.31
emp_003445,2026-04-02,3.08
emp_003445,2026-01-02,3.53
emp_003445,2025-10-04,3.89
emp_003445,2025-07-06,3.24
emp_003445,2025-04-07,3.63
emp_003445,2025-01-07,3.21
emp_003445,2024-10-09,3.7
emp_003445,2024-07-11,4.01
emp_003446,2026-04-02,3.83
emp_003446,2026-01-02,3.29
emp_003446,2025-10-04,3.71
emp_003446,2025-07-06,3.96
emp_003446,2025-04-07,2.83
emp_003446,2025-01-07,3.09
emp_003446,2024-10-09,3.67
emp_003446,2024-07-11,2.99
emp_003447,2026-04-02,3.65
emp_003447,2026-01-02,4.17
emp_003447,2025-10-04,4.43
emp_003447,2025-07-06,3.67
emp_003447,2025-04-07,3.98
emp_003447,2025-01-07,3.55
emp_003447,2024-10-09,4.68
emp_003447,2024-07-11,3.5
emp_003448,2026-04-02,4.26
emp_003448,2026-01-02,3.88
emp_003448,2025-10-04,3.14
emp_003449,2026-04-02,4.06
emp_003449,2026-01-02,3.74
emp_003449,2025-10-04,3.99
emp_003450,2026-04-02,3.47
emp_003450,2026-01-02,3.95
emp_003450,2025-10-04,3.88
emp_003450,2025-07-06,4.98
emp_003450,2025-04-07,4.26
emp_003450,2025-01-07,4.59
emp_003450,2024-10-09,3.98
emp_003450,2024-07-11,4.4
emp_003451,2026-04-02,4.34
emp_003451,2026-01-02,2.96
emp_003451,2025-10-04,3.38
emp_003451,2025-07-06,4.26
emp_003451,2025-04-07,3.15
emp_003451,2025-01-07,4.4
emp_003451,2024-10-09,3.5
emp_003451,2024-07-11,3.25
emp_003452,2026-04-02,4.07
emp_003452,2026-01-02,3.86
emp_003452,2025-10-04,3.8
emp_003452,2025-07-06,4.09
emp_003452,2025-04-07,3.26
emp_003452,2025-01-07,4.43
emp_003452,2024-10-09,3.66
emp_003452,2024-07-11,4.39
emp_003453,2026-04-02,3.32
emp_003453,2026-01-02,3.65
emp_003453,2025-10-04,3.28
emp_003453,2025-07-06,3.5
emp_003453,2025-04-07,4.07
emp_003453,2025-01-07,2.99
emp_003453,2024-10-09,3.17
emp_003453,2024-07-11,3.56
emp_003454,2026-04-02,3.74
emp_003454,2026-01-02,4.52
emp_003454,2025-10-04,4.32
emp_003454,2025-07-06,4.17
emp_003454,2025-04-07,3.99
emp_003454,2025-01-07,4.36
emp_003454,2024-10-09,3.99
emp_003454,2024-07-11,4.08
emp_003455,2026-04-02,4.72
emp_003455,2026-01-02,4.14
emp_003455,2025-10-04,4.12
emp_003455,2025-07-06,4.06
emp_003455,2025-04-07,4.01
emp_003455,2025-01-07,3.99
emp_003455,2024-10-09,4.55
emp_003455,2024-07-11,4.71
emp_003456,2026-04-02,3.46
emp_003456,2026-01-02,3.12
emp_003456,2025-10-04,3.34
emp_003456,2025-07-06,3.79
emp_003456,2025-04-07,3.38
emp_003456,2025-01-07,2.84
emp_003456,2024-10-09,3.11
emp_003456,2024-07-11,3.04
emp_003457,2026-04-02,4.13
emp_003457,2026-01-02,4.0
emp_003457,2025-10-04,3.07
emp_003457,2025-07-06,4.01
emp_003457,2025-04-07,4.29
emp_003457,2025-01-07,3.92
emp_003458,2026-04-02,4.73
emp_003458,2026-01-02,3.86
emp_003458,2025-10-04,3.93
emp_003458,2025-07-06,3.89
emp_003458,2025-04-07,3.6
emp_003458,2025-01-07,4.29
emp_003458,2024-10-09,4.62
emp_003458,2024-07-11,4.67
emp_003459,2026-04-02,3.72
emp_003459,2026-01-02,4.03
emp_003459,2025-10-04,3.26
emp_003459,2025-07-06,3.96
emp_003459,2025-04-07,3.75
emp_003459,2025-01-07,3.49
emp_003459,2024-10-09,4.06
emp_003459,2024-07-11,3.77
emp_003460,2026-04-02,4.22
emp_003460,2026-01-02,4.45
emp_003460,2025-10-04,4.21
emp_003461,2026-04-02,3.51
emp_003461,2026-01-02,3.15
emp_003461,2025-10-04,3.32
emp_003461,2025-07-06,3.64
emp_003461,2025-04-07,3.49
emp_003461,2025-01-07,3.07
emp_003461,2024-10-09,2.97
emp_003461,2024-07-11,3.52
emp_003462,2026-04-02,3.91
emp_003462,2026-01-02,3.2
emp_003462,2025-10-04,4.08
emp_003462,2025-07-06,3.41
emp_003462,2025-04-07,4.08
emp_003462,2025-01-07,3.53
emp_003462,2024-10-09,3.09
emp_003462,2024-07-11,3.4
emp_003463,2026-04-02,3.41
emp_003463,2026-01-02,3.81
emp_003463,2025-10-04,3.5
emp_003463,2025-07-06,3.34
emp_003463,2025-04-07,4.42
emp_003463,2025-01-07,4.11
emp_003463,2024-10-09,3.97
emp_003463,2024-07-11,3.69
emp_003464,2026-04-02,2.9
emp_003464,2026-01-02,3.81
emp_003464,2025-10-04,4.06
emp_003464,2025-07-06,4.22
emp_003465,2026-04-02,3.69
emp_003465,2026-01-02,4.37
emp_003465,2025-10-04,3.37
emp_003465,2025-07-06,3.98
emp_003465,2025-04-07,3.63
emp_003465,2025-01-07,4.16
emp_003465,2024-10-09,4.3
emp_003465,2024-07-11,3.95
emp_003466,2026-04-02,4.3
emp_003466,2026-01-02,3.8
emp_003466,2025-10-04,3.87
emp_003466,2025-07-06,3.27
emp_003466,2025-04-07,4.14
emp_003466,2025-01-07,3.79
emp_003466,2024-10-09,4.16
emp_003466,2024-07-11,4.22
emp_003467,2026-04-02,4.43
emp_003467,2026-01-02,3.84
emp_003467,2025-10-04,3.71
emp_003467,2025-07-06,3.09
emp_003467,2025-04-07,4.34
emp_003467,2025-01-07,4.66
emp_003467,2024-10-09,3.93
emp_003467,2024-07-11,4.63
emp_003468,2026-04-02,4.15
emp_003468,2026-01-02,4.21
emp_003468,2025-10-04,4.2
emp_003468,2025-07-06,4.07
emp_003468,2025-04-07,4.68
emp_003468,2025-01-07,4.09
emp_003468,2024-10-09,4.19
emp_003468,2024-07-11,4.54
emp_003469,2026-04-02,4.23
emp_003469,2026-01-02,4.31
emp_003469,2025-10-04,4.4
emp_003469,2025-07-06,3.59
emp_003469,2025-04-07,3.71
emp_003469,2025-01-07,4.23
emp_003469,2024-10-09,4.29
emp_003469,2024-07-11,3.64
emp_003470,2026-04-02,4.02
emp_003470,2026-01-02,3.94
emp_003470,2025-10-04,4.33
emp_003470,2025-07-06,4.15
emp_003470,2025-04-07,4.51
emp_003470,2025-01-07,3.61
emp_003470,2024-10-09,4.27
emp_003470,2024-07-11,4.3
emp_003471,2026-04-02,4.33
emp_003471,2026-01-02,3.86
emp_003471,2025-10-04,3.68
emp_003471,2025-07-06,4.3
emp_003471,2025-04-07,3.98
emp_003471,2025-01-07,4.09
emp_003471,2024-10-09,4.49
emp_003471,2024-07-11,3.93
emp_003472,2026-04-02,3.99
emp_003472,2026-01-02,3.84
emp_003472,2025-10-04,3.34
emp_003472,2025-07-06,3.63
emp_003472,2025-04-07,4.17
emp_003473,2026-04-02,2.81
emp_003473,2026-01-02,3.32
emp_003474,2026-04-02,4.3
emp_003474,2026-01-02,3.29
emp_003474,2025-10-04,4.38
emp_003474,2025-07-06,3.62
emp_003474,2025-04-07,4.06
emp_003474,2025-01-07,3.5
emp_003475,2026-04-02,4.24
emp_003475,2026-01-02,3.3
emp_003475,2025-10-04,4.48
emp_003475,2025-07-06,3.57
emp_003475,2025-04-07,2.92
emp_003475,2025-01-07,4.08
emp_003476,2026-04-02,4.03
emp_003476,2026-01-02,3.52
emp_003477,2026-04-02,4.17
emp_003477,2026-01-02,3.86
emp_003477,2025-10-04,4.41
emp_003477,2025-07-06,3.88
emp_003477,2025-04-07,3.74
emp_003477,2025-01-07,3.65
emp_003477,2024-10-09,3.76
emp_003477,2024-07-11,3.16
emp_003478,2026-04-02,4.17
emp_003478,2026-01-02,4.35
emp_003478,2025-10-04,3.98
emp_003478,2025-07-06,4.06
emp_003478,2025-04-07,3.49
emp_003478,2025-01-07,4.1
emp_003478,2024-10-09,4.44
emp_003478,2024-07-11,4.23
emp_003479,2026-04-02,3.65
emp_003479,2026-01-02,3.98
emp_003479,2025-10-04,3.75
emp_003479,2025-07-06,3.91
emp_003479,2025-04-07,3.5
emp_003479,2025-01-07,4.01
emp_003479,2024-10-09,3.81
emp_003479,2024-07-11,3.61
emp_003480,2026-04-02,4.1
emp_003480,2026-01-02,4.06
emp_003481,2026-04-02,3.51
emp_003481,2026-01-02,3.61
emp_003482,2026-04-02,3.79
emp_003482,2026-01-02,4.01
emp_003482,2025-10-04,3.76
emp_003482,2025-07-06,3.3
emp_003482,2025-04-07,4.2
emp_003482,2025-01-07,3.86
emp_003482,2024-10-09,3.56
emp_003482,2024-07-11,3.81
emp_003483,2026-04-02,3.7
emp_003483,2026-01-02,4.11
emp_003483,2025-10-04,4.12
emp_003483,2025-07-06,3.91
emp_003483,2025-04-07,3.45
emp_003483,2025-01-07,4.25
emp_003483,2024-10-09,4.13
emp_003483,2024-07-11,4.14
emp_003484,2026-04-02,3.44
emp_003484,2026-01-02,3.56
emp_003485,2026-04-02,4.25
emp_003485,2026-01-02,4.45
emp_003485,2025-10-04,4.12
emp_003485,2025-07-06,4.65
emp_003485,2025-04-07,3.8
emp_003485,2025-01-07,4.8
emp_003486,2026-04-02,3.81
emp_003486,2026-01-02,3.39
emp_003486,2025-10-04,3.5
emp_003486,2025-07-06,4.01
emp_003486,2025-04-07,3.44
emp_003486,2025-01-07,3.99
emp_003486,2024-10-09,3.48
emp_003486,2024-07-11,3.84
emp_003487,2026-04-02,3.99
emp_003487,2026-01-02,4.04
emp_003488,2026-04-02,3.79
emp_003488,2026-01-02,3.68
emp_003488,2025-10-04,3.53
emp_003488,2025-07-06,2.96
emp_003488,2025-04-07,3.27
emp_003489,2026-04-02,3.97
emp_003489,2026-01-02,4.12
emp_003489,2025-10-04,3.96
emp_003489,2025-07-06,3.92
emp_003489,2025-04-07,4.67
emp_003489,2025-01-07,4.28
emp_003489,2024-10-09,4.52
emp_003489,2024-07-11,3.37
emp_003490,2026-04-02,3.8
emp_003490,2026-01-02,4.61
emp_003490,2025-10-04,3.95
emp_003490,2025-07-06,3.44
emp_003490,2025-04-07,4.18
emp_003490,2025-01-07,3.64
emp_003490,2024-10-09,3.43
emp_003490,2024-07-11,3.89
emp_003491,2026-04-02,3.5
emp_003491,2026-01-02,3.68
emp_003491,2025-10-04,3.84
emp_003491,2025-07-06,3.24
emp_003491,2025-04-07,4.21
emp_003491,2025-01-07,4.01
emp_003491,2024-10-09,3.4
emp_003491,2024-07-11,3.03
emp_003492,2026-04-02,3.79
emp_003492,2026-01-02,3.46
emp_003492,2025-10-04,3.73
emp_003492,2025-07-06,4.21
emp_003492,2025-04-07,4.03
emp_003492,2025-01-07,4.29
emp_003493,2026-04-02,4.29
emp_003494,2026-04-02,2.98
emp_003494,2026-01-02,3.1
emp_003494,2025-10-04,3.23
emp_003494,2025-07-06,2.96
emp_003494,2025-04-07,3.08
emp_003494,2025-01-07,3.08
emp_003494,2024-10-09,3.15
emp_003494,2024-07-11,3.06
emp_003495,2026-04-02,4.14
emp_003495,2026-01-02,3.8
emp_003495,2025-10-04,4.63
emp_003495,2025-07-06,4.45
emp_003495,2025-04-07,4.24
emp_003495,2025-01-07,4.51
emp_003495,2024-10-09,4.67
emp_003495,2024-07-11,4.07
emp_003496,2026-04-02,3.85
emp_003496,2026-01-02,3.54
emp_003496,2025-10-04,3.57
emp_003496,2025-07-06,3.71
emp_003496,2025-04-07,3.56
emp_003496,2025-01-07,3.54
emp_003496,2024-10-09,3.81
emp_003496,2024-07-11,3.4
emp_003497,2026-04-02,3.99
emp_003497,2026-01-02,4.09
emp_003497,2025-10-04,4.09
emp_003497,2025-07-06,4.26
emp_003498,2026-04-02,3.78
emp_003498,2026-01-02,3.8
emp_003498,2025-10-04,3.82
emp_003498,2025-07-06,4.09
emp_003498,2025-04-07,4.24
emp_003499,2026-04-02,3.33
emp_003499,2026-01-02,3.66
emp_003499,2025-10-04,2.83
emp_003499,2025-07-06,3.73
emp_003499,2025-04-07,3.53
emp_003499,2025-01-07,3.12
emp_003499,2024-10-09,3.18
emp_003500,2026-04-02,3.61
emp_003500,2026-01-02,3.67
emp_003500,2025-10-04,3.64
emp_003500,2025-07-06,3.96
emp_003501,2026-04-02,4.06
emp_003501,2026-01-02,4.14
emp_003501,2025-10-04,3.8
emp_003501,2025-07-06,4.43
emp_003501,2025-04-07,4.19
emp_003501,2025-01-07,4.2
emp_003501,2024-10-09,3.62
emp_003501,2024-07-11,3.74
emp_003502,2026-04-02,3.14
emp_003502,2026-01-02,3.56
emp_003502,2025-10-04,3.09
emp_003502,2025-07-06,4.09
emp_003502,2025-04-07,3.5
emp_003502,2025-01-07,3.81
emp_003502,2024-10-09,3.12
emp_003503,2026-04-02,4.1
emp_003503,2026-01-02,3.5
emp_003503,2025-10-04,3.66
emp_003503,2025-07-06,3.92
emp_003503,2025-04-07,3.39
emp_003503,2025-01-07,3.89
emp_003503,2024-10-09,4.38
emp_003503,2024-07-11,3.85
emp_003504,2026-04-02,3.6
emp_003504,2026-01-02,3.95
emp_003504,2025-10-04,3.98
emp_003504,2025-07-06,3.87
emp_003504,2025-04-07,4.08
emp_003504,2025-01-07,3.89
emp_003504,2024-10-09,3.69
emp_003504,2024-07-11,3.66
emp_003505,2026-04-02,3.67
emp_003505,2026-01-02,3.44
emp_003505,2025-10-04,3.85
emp_003505,2025-07-06,3.98
emp_003505,2025-04-07,3.85
emp_003505,2025-01-07,3.3
emp_003505,2024-10-09,3.69
emp_003505,2024-07-11,4.09
emp_003506,2026-04-02,3.84
emp_003506,2026-01-02,4.06
emp_003506,2025-10-04,3.53
emp_003506,2025-07-06,4.06
emp_003506,2025-04-07,3.99
emp_003506,2025-01-07,4.29
emp_003506,2024-10-09,4.23
emp_003506,2024-07-11,4.03
emp_003507,2026-04-02,3.67
emp_003507,2026-01-02,3.76
emp_003507,2025-10-04,4.0
emp_003507,2025-07-06,3.59
emp_003507,2025-04-07,3.67
emp_003507,2025-01-07,3.69
emp_003507,2024-10-09,3.96
emp_003507,2024-07-11,3.97
emp_003508,2026-04-02,4.02
emp_003508,2026-01-02,3.5
emp_003508,2025-10-04,4.48
emp_003508,2025-07-06,3.51
emp_003508,2025-04-07,4.08
emp_003508,2025-01-07,3.67
emp_003509,2026-04-02,4.03
emp_003509,2026-01-02,4.32
emp_003509,2025-10-04,4.63
emp_003509,2025-07-06,3.86
emp_003509,2025-04-07,3.44
emp_003509,2025-01-07,3.6
emp_003509,2024-10-09,4.5
emp_003509,2024-07-11,3.7
emp_003510,2026-04-02,4.14
emp_003510,2026-01-02,3.64
emp_003510,2025-10-04,3.42
emp_003510,2025-07-06,3.27
emp_003510,2025-04-07,3.67
emp_003510,2025-01-07,3.52
emp_003510,2024-10-09,3.43
emp_003510,2024-07-11,3.5
emp_003511,2026-04-02,4.01
emp_003511,2026-01-02,3.51
emp_003511,2025-10-04,3.3
emp_003511,2025-07-06,3.47
emp_003511,2025-04-07,3.51
emp_003511,2025-01-07,3.4
emp_003511,2024-10-09,3.54
emp_003511,2024-07-11,3.9
emp_003512,2026-04-02,4.49
emp_003512,2026-01-02,4.16
emp_003512,2025-10-04,4.56
emp_003512,2025-07-06,4.07
emp_003512,2025-04-07,4.08
emp_003512,2025-01-07,4.37
emp_003512,2024-10-09,3.89
emp_003512,2024-07-11,4.63
emp_003513,2026-04-02,3.78
emp_003513,2026-01-02,4.66
emp_003513,2025-10-04,4.26
emp_003513,2025-07-06,3.94
emp_003513,2025-04-07,4.16
emp_003513,2025-01-07,4.25
emp_003513,2024-10-09,5.0
emp_003513,2024-07-11,4.34
emp_003514,2026-04-02,3.24
emp_003514,2026-01-02,3.76
emp_003514,2025-10-04,2.91
emp_003514,2025-07-06,3.63
emp_003514,2025-04-07,3.11
emp_003514,2025-01-07,3.81
emp_003514,2024-10-09,3.29
emp_003514,2024-07-11,3.32
emp_003515,2026-04-02,3.68
emp_003515,2026-01-02,3.93
emp_003516,2026-04-02,3.8
emp_003516,2026-01-02,3.51
emp_003516,2025-10-04,3.19
emp_003516,2025-07-06,3.09
emp_003516,2025-04-07,3.06
emp_003516,2025-01-07,4.02
emp_003517,2026-04-02,3.55
emp_003517,2026-01-02,4.28
emp_003517,2025-10-04,3.89
emp_003517,2025-07-06,3.99
emp_003517,2025-04-07,3.76
emp_003517,2025-01-07,4.09
emp_003517,2024-10-09,3.78
emp_003517,2024-07-11,3.55
emp_003518,2026-04-02,3.89
emp_003518,2026-01-02,3.67
emp_003518,2025-10-04,3.93
emp_003518,2025-07-06,3.77
emp_003518,2025-04-07,4.17
emp_003518,2025-01-07,2.94
emp_003519,2026-04-02,4.73
emp_003519,2026-01-02,3.74
emp_003519,2025-10-04,4.22
emp_003519,2025-07-06,4.5
emp_003519,2025-04-07,3.47
emp_003519,2025-01-07,3.75
emp_003519,2024-10-09,3.65
emp_003520,2026-04-02,3.97
emp_003520,2026-01-02,3.73
emp_003520,2025-10-04,4.46
emp_003520,2025-07-06,4.58
emp_003520,2025-04-07,4.88
emp_003520,2025-01-07,4.48
emp_003520,2024-10-09,4.12
emp_003520,2024-07-11,5.0
emp_003521,2026-04-02,3.65
emp_003521,2026-01-02,3.67
emp_003521,2025-10-04,3.03
emp_003521,2025-07-06,3.48
emp_003521,2025-04-07,3.15
emp_003522,2026-04-02,4.03
emp_003522,2026-01-02,3.35
emp_003522,2025-10-04,4.61
emp_003522,2025-07-06,4.57
emp_003522,2025-04-07,3.86
emp_003522,2025-01-07,4.82
emp_003522,2024-10-09,3.18
emp_003522,2024-07-11,4.2
emp_003523,2026-04-02,3.78
emp_003523,2026-01-02,3.84
emp_003523,2025-10-04,3.28
emp_003523,2025-07-06,3.45
emp_003523,2025-04-07,3.97
emp_003523,2025-01-07,3.69
emp_003523,2024-10-09,3.59
emp_003523,2024-07-11,3.65
emp_003524,2026-04-02,3.36
emp_003524,2026-01-02,3.72
emp_003524,2025-10-04,3.55
emp_003524,2025-07-06,3.97
emp_003524,2025-04-07,3.62
emp_003524,2025-01-07,2.99
emp_003524,2024-10-09,4.36
emp_003524,2024-07-11,3.75
emp_003525,2026-04-02,3.76
emp_003525,2026-01-02,3.6
emp_003525,2025-10-04,3.58
emp_003525,2025-07-06,3.31
emp_003525,2025-04-07,3.36
emp_003525,2025-01-07,3.4
emp_003525,2024-10-09,3.21
emp_003526,2026-04-02,3.43
emp_003526,2026-01-02,4.15
emp_003526,2025-10-04,3.82
emp_003526,2025-07-06,3.14
emp_003526,2025-04-07,3.49
emp_003526,2025-01-07,3.64
emp_003526,2024-10-09,4.47
emp_003526,2024-07-11,3.86
emp_003527,2026-04-02,3.44
emp_003527,2026-01-02,3.68
emp_003527,2025-10-04,3.07
emp_003527,2025-07-06,3.94
emp_003527,2025-04-07,3.71
emp_003527,2025-01-07,3.27
emp_003527,2024-10-09,3.59
emp_003527,2024-07-11,3.43
emp_003528,2026-04-02,3.06
emp_003528,2026-01-02,4.35
emp_003528,2025-10-04,4.07
emp_003528,2025-07-06,3.49
emp_003528,2025-04-07,3.79
emp_003528,2025-01-07,4.06
emp_003529,2026-04-02,3.5
emp_003529,2026-01-02,3.95
emp_003529,2025-10-04,4.56
emp_003529,2025-07-06,4.02
emp_003529,2025-04-07,3.82
emp_003529,2025-01-07,4.09
emp_003530,2026-04-02,3.87
emp_003530,2026-01-02,3.68
emp_003530,2025-10-04,4.06
emp_003530,2025-07-06,4.05
emp_003530,2025-04-07,3.63
emp_003531,2026-04-02,3.43
emp_003531,2026-01-02,3.41
emp_003531,2025-10-04,3.93
emp_003531,2025-07-06,3.24
emp_003531,2025-04-07,3.69
emp_003531,2025-01-07,3.8
emp_003531,2024-10-09,2.82
emp_003531,2024-07-11,3.22
emp_003532,2026-04-02,3.91
emp_003532,2026-01-02,4.42
emp_003532,2025-10-04,4.1
emp_003532,2025-07-06,3.74
emp_003532,2025-04-07,4.24
emp_003533,2026-04-02,3.35
emp_003533,2026-01-02,3.72
emp_003533,2025-10-04,3.49
emp_003533,2025-07-06,3.94
emp_003533,2025-04-07,3.49
emp_003533,2025-01-07,3.29
emp_003533,2024-10-09,3.55
emp_003533,2024-07-11,4.02
emp_003534,2026-04-02,3.93
emp_003534,2026-01-02,4.61
emp_003534,2025-10-04,4.06
emp_003534,2025-07-06,4.32
emp_003534,2025-04-07,4.21
emp_003534,2025-01-07,4.11
emp_003534,2024-10-09,4.39
emp_003534,2024-07-11,4.81
emp_003535,2026-04-02,3.36
emp_003535,2026-01-02,2.94
emp_003535,2025-10-04,3.2
emp_003535,2025-07-06,3.07
emp_003535,2025-04-07,4.05
emp_003535,2025-01-07,3.7
emp_003535,2024-10-09,3.19
emp_003536,2026-04-02,3.42
emp_003536,2026-01-02,4.0
emp_003536,2025-10-04,2.88
emp_003536,2025-07-06,2.86
emp_003536,2025-04-07,2.95
emp_003536,2025-01-07,3.08
emp_003536,2024-10-09,2.73
emp_003536,2024-07-11,3.67
emp_003537,2026-04-02,3.63
emp_003537,2026-01-02,3.79
emp_003537,2025-10-04,3.75
emp_003537,2025-07-06,4.03
emp_003537,2025-04-07,3.97
emp_003537,2025-01-07,4.0
emp_003537,2024-10-09,3.42
emp_003537,2024-07-11,4.25
emp_003538,2026-04-02,3.79
emp_003538,2026-01-02,3.25
emp_003538,2025-10-04,3.79
emp_003538,2025-07-06,3.64
emp_003538,2025-04-07,3.89
emp_003538,2025-01-07,3.99
emp_003538,2024-10-09,3.81
emp_003538,2024-07-11,4.39
emp_003539,2026-04-02,4.09
emp_003539,2026-01-02,4.36
emp_003539,2025-10-04,3.52
emp_003539,2025-07-06,4.31
emp_003539,2025-04-07,4.2
emp_003539,2025-01-07,4.08
emp_003539,2024-10-09,4.3
emp_003539,2024-07-11,4.76
emp_003540,2026-04-02,4.66
emp_003540,2026-01-02,4.17
emp_003540,2025-10-04,4.6
emp_003540,2025-07-06,4.16
emp_003540,2025-04-07,4.26
emp_003540,2025-01-07,4.26
emp_003540,2024-10-09,3.81
emp_003540,2024-07-11,4.29
emp_003541,2026-04-02,3.64
emp_003541,2026-01-02,3.36
emp_003541,2025-10-04,4.36
emp_003541,2025-07-06,3.51
emp_003541,2025-04-07,2.62
emp_003541,2025-01-07,3.8
emp_003541,2024-10-09,3.32
emp_003541,2024-07-11,3.55
emp_003542,2026-04-02,3.34
emp_003542,2026-01-02,3.39
emp_003542,2025-10-04,3.49
emp_003542,2025-07-06,3.57
emp_003542,2025-04-07,3.27
emp_003542,2025-01-07,3.33
emp_003542,2024-10-09,3.41
emp_003542,2024-07-11,3.17
emp_003543,2026-04-02,3.27
emp_003543,2026-01-02,3.03
emp_003543,2025-10-04,2.71
emp_003543,2025-07-06,3.08
emp_003543,2025-04-07,2.89
emp_003543,2025-01-07,3.29
emp_003543,2024-10-09,2.94
emp_003543,2024-07-11,2.07
emp_003544,2026-04-02,4.03
emp_003544,2026-01-02,3.9
emp_003544,2025-10-04,4.54
emp_003544,2025-07-06,4.21
emp_003544,2025-04-07,3.57
emp_003544,2025-01-07,3.59
emp_003544,2024-10-09,4.24
emp_003545,2026-04-02,3.57
emp_003545,2026-01-02,3.94
emp_003545,2025-10-04,3.43
emp_003545,2025-07-06,2.9
emp_003545,2025-04-07,3.21
emp_003545,2025-01-07,3.69
emp_003545,2024-10-09,3.45
emp_003545,2024-07-11,3.25
emp_003546,2026-04-02,4.28
emp_003546,2026-01-02,4.38
emp_003546,2025-10-04,3.76
emp_003547,2026-04-02,4.31
emp_003547,2026-01-02,4.29
emp_003547,2025-10-04,3.71
emp_003547,2025-07-06,4.18
emp_003547,2025-04-07,3.94
emp_003547,2025-01-07,3.94
emp_003547,2024-10-09,4.41
emp_003547,2024-07-11,4.53
emp_003548,2026-04-02,4.09
emp_003548,2026-01-02,3.78
emp_003548,2025-10-04,4.43
emp_003548,2025-07-06,3.75
emp_003548,2025-04-07,4.39
emp_003548,2025-01-07,3.75
emp_003548,2024-10-09,3.56
emp_003548,2024-07-11,3.43
emp_003549,2026-04-02,3.95
emp_003549,2026-01-02,4.07
emp_003549,2025-10-04,3.87
emp_003549,2025-07-06,3.87
emp_003549,2025-04-07,4.16
emp_003549,2025-01-07,3.73
emp_003549,2024-10-09,4.04
emp_003550,2026-04-02,4.77
emp_003550,2026-01-02,4.07
emp_003550,2025-10-04,3.98
emp_003550,2025-07-06,4.17
emp_003550,2025-04-07,3.82
emp_003550,2025-01-07,4.39
emp_003550,2024-10-09,4.49
emp_003550,2024-07-11,3.92
emp_003551,2026-04-02,3.8
emp_003551,2026-01-02,4.32
emp_003551,2025-10-04,3.5
emp_003551,2025-07-06,3.76
emp_003551,2025-04-07,4.37
emp_003551,2025-01-07,3.54
emp_003551,2024-10-09,3.79
emp_003551,2024-07-11,3.32
emp_003552,2026-04-02,4.78
emp_003552,2026-01-02,3.97
emp_003552,2025-10-04,4.33
emp_003552,2025-07-06,3.81
emp_003552,2025-04-07,4.75
emp_003552,2025-01-07,3.87
emp_003552,2024-10-09,4.06
emp_003552,2024-07-11,3.52
emp_003553,2026-04-02,4.11
emp_003553,2026-01-02,3.29
emp_003553,2025-10-04,3.7
emp_003553,2025-07-06,3.96
emp_003553,2025-04-07,3.97
emp_003553,2025-01-07,3.7
emp_003553,2024-10-09,3.69
emp_003553,2024-07-11,4.37
emp_003554,2026-04-02,3.92
emp_003554,2026-01-02,3.79
emp_003554,2025-10-04,3.77
emp_003554,2025-07-06,3.98
emp_003554,2025-04-07,3.81
emp_003554,2025-01-07,3.76
emp_003554,2024-10-09,4.27
emp_003554,2024-07-11,4.2
emp_003555,2026-04-02,4.19
emp_003555,2026-01-02,4.12
emp_003555,2025-10-04,4.34
emp_003555,2025-07-06,4.45
emp_003555,2025-04-07,4.83
emp_003555,2025-01-07,4.12
emp_003555,2024-10-09,3.94
emp_003555,2024-07-11,4.34
emp_003556,2026-04-02,3.65
emp_003556,2026-01-02,3.81
emp_003556,2025-10-04,3.68
emp_003556,2025-07-06,3.18
emp_003556,2025-04-07,3.25
emp_003556,2025-01-07,3.47
emp_003556,2024-10-09,3.42
emp_003557,2026-04-02,3.73
emp_003557,2026-01-02,3.09
emp_003557,2025-10-04,3.33
emp_003557,2025-07-06,3.35
emp_003557,2025-04-07,3.5
emp_003557,2025-01-07,3.44
emp_003557,2024-10-09,4.06
emp_003558,2026-04-02,4.25
emp_003558,2026-01-02,3.48
emp_003558,2025-10-04,3.36
emp_003558,2025-07-06,3.88
emp_003558,2025-04-07,3.66
emp_003558,2025-01-07,3.37
emp_003558,2024-10-09,3.03
emp_003558,2024-07-11,2.79
emp_003559,2026-04-02,4.28
emp_003559,2026-01-02,3.9
emp_003559,2025-10-04,4.16
emp_003559,2025-07-06,4.08
emp_003559,2025-04-07,4.11
emp_003559,2025-01-07,3.98
emp_003559,2024-10-09,4.01
emp_003559,2024-07-11,4.23
emp_003560,2026-04-02,3.77
emp_003560,2026-01-02,4.47
emp_003560,2025-10-04,3.27
emp_003560,2025-07-06,3.95
emp_003560,2025-04-07,3.57
emp_003560,2025-01-07,3.47
emp_003560,2024-10-09,3.38
emp_003560,2024-07-11,3.61
emp_003561,2026-04-02,3.49
emp_003561,2026-01-02,4.1
emp_003561,2025-10-04,4.49
emp_003561,2025-07-06,3.61
emp_003561,2025-04-07,4.02
emp_003561,2025-01-07,3.61
emp_003561,2024-10-09,4.09
emp_003561,2024-07-11,3.91
emp_003562,2026-04-02,3.77
emp_003562,2026-01-02,4.4
emp_003562,2025-10-04,3.75
emp_003562,2025-07-06,4.21
emp_003563,2026-04-02,3.71
emp_003563,2026-01-02,4.18
emp_003563,2025-10-04,4.05
emp_003563,2025-07-06,3.83
emp_003563,2025-04-07,4.65
emp_003563,2025-01-07,3.8
emp_003563,2024-10-09,4.04
emp_003563,2024-07-11,4.33
emp_003564,2026-04-02,3.85
emp_003564,2026-01-02,3.98
emp_003564,2025-10-04,4.36
emp_003564,2025-07-06,4.49
emp_003565,2026-04-02,3.48
emp_003566,2026-04-02,3.86
emp_003566,2026-01-02,3.86
emp_003566,2025-10-04,4.88
emp_003566,2025-07-06,3.85
emp_003566,2025-04-07,3.85
emp_003566,2025-01-07,4.1
emp_003566,2024-10-09,3.99
emp_003566,2024-07-11,4.23
emp_003567,2026-04-02,3.84
emp_003567,2026-01-02,3.94
emp_003567,2025-10-04,3.73
emp_003567,2025-07-06,4.33
emp_003567,2025-04-07,3.93
emp_003567,2025-01-07,4.09
emp_003567,2024-10-09,4.83
emp_003567,2024-07-11,3.97
emp_003568,2026-04-02,4.16
emp_003568,2026-01-02,3.84
emp_003568,2025-10-04,3.73
emp_003568,2025-07-06,4.03
emp_003568,2025-04-07,4.19
emp_003568,2025-01-07,3.88
emp_003568,2024-10-09,4.41
emp_003569,2026-04-02,3.84
emp_003569,2026-01-02,4.53
emp_003569,2025-10-04,4.01
emp_003569,2025-07-06,4.22
emp_003569,2025-04-07,4.06
emp_003569,2025-01-07,3.94
emp_003569,2024-10-09,4.41
emp_003569,2024-07-11,4.62
emp_003570,2026-04-02,3.25
emp_003570,2026-01-02,4.28
emp_003570,2025-10-04,3.67
emp_003570,2025-07-06,4.07
emp_003570,2025-04-07,3.58
emp_003570,2025-01-07,3.7
emp_003570,2024-10-09,3.39
emp_003570,2024-07-11,3.9
emp_003571,2026-04-02,3.86
emp_003571,2026-01-02,3.61
emp_003571,2025-10-04,4.05
emp_003571,2025-07-06,3.95
emp_003571,2025-04-07,4.06
emp_003571,2025-01-07,3.57
emp_003571,2024-10-09,4.11
emp_003571,2024-07-11,3.88
emp_003572,2026-04-02,3.27
emp_003572,2026-01-02,3.25
emp_003572,2025-10-04,3.79
emp_003572,2025-07-06,3.89
emp_003572,2025-04-07,3.85
emp_003572,2025-01-07,3.51
emp_003572,2024-10-09,3.55
emp_003572,2024-07-11,3.87
emp_003573,2026-04-02,4.15
emp_003573,2026-01-02,3.55
emp_003573,2025-10-04,4.08
emp_003573,2025-07-06,3.64
emp_003573,2025-04-07,3.37
emp_003573,2025-01-07,3.18
emp_003573,2024-10-09,3.03
emp_003573,2024-07-11,3.12
emp_003574,2026-04-02,3.42
emp_003574,2026-01-02,3.89
emp_003574,2025-10-04,3.49
emp_003574,2025-07-06,3.83
emp_003574,2025-04-07,3.07
emp_003574,2025-01-07,3.24
emp_003574,2024-10-09,3.39
emp_003575,2026-04-02,4.21
emp_003575,2026-01-02,4.19
emp_003575,2025-10-04,4.57
emp_003575,2025-07-06,4.27
emp_003575,2025-04-07,5.0
emp_003575,2025-01-07,3.55
emp_003575,2024-10-09,3.77
emp_003575,2024-07-11,3.9
emp_003576,2026-04-02,3.91
emp_003576,2026-01-02,5.0
emp_003576,2025-10-04,4.15
emp_003576,2025-07-06,3.47
emp_003576,2025-04-07,3.75
emp_003576,2025-01-07,4.29
emp_003576,2024-10-09,4.44
emp_003576,2024-07-11,4.08
emp_003577,2026-04-02,3.66
emp_003577,2026-01-02,4.31
emp_003577,2025-10-04,4.24
emp_003577,2025-07-06,4.13
emp_003577,2025-04-07,3.63
emp_003577,2025-01-07,3.63
emp_003577,2024-10-09,4.26
emp_003577,2024-07-11,3.69
emp_003578,2026-04-02,4.37
emp_003578,2026-01-02,4.83
emp_003578,2025-10-04,3.93
emp_003578,2025-07-06,4.68
emp_003578,2025-04-07,4.26
emp_003578,2025-01-07,4.34
emp_003578,2024-10-09,4.52
emp_003578,2024-07-11,3.96
emp_003579,2026-04-02,4.12
emp_003579,2026-01-02,4.19
emp_003579,2025-10-04,4.02
emp_003579,2025-07-06,4.18
emp_003579,2025-04-07,4.01
emp_003579,2025-01-07,3.98
emp_003580,2026-04-02,4.29
emp_003580,2026-01-02,3.82
emp_003580,2025-10-04,3.99
emp_003580,2025-07-06,3.64
emp_003580,2025-04-07,3.62
emp_003580,2025-01-07,3.76
emp_003580,2024-10-09,3.83
emp_003580,2024-07-11,4.11
emp_003581,2026-04-02,3.77
emp_003581,2026-01-02,4.35
emp_003581,2025-10-04,3.95
emp_003581,2025-07-06,4.93
emp_003581,2025-04-07,3.7
emp_003581,2025-01-07,3.86
emp_003581,2024-10-09,4.59
emp_003581,2024-07-11,4.38
emp_003582,2026-04-02,3.77
emp_003582,2026-01-02,3.65
emp_003582,2025-10-04,4.35
emp_003582,2025-07-06,3.78
emp_003582,2025-04-07,4.22
emp_003582,2025-01-07,4.29
emp_003582,2024-10-09,4.05
emp_003582,2024-07-11,4.12
emp_003583,2026-04-02,3.59
emp_003583,2026-01-02,2.72
emp_003583,2025-10-04,3.26
emp_003583,2025-07-06,3.51
emp_003583,2025-04-07,3.61
emp_003583,2025-01-07,3.39
emp_003583,2024-10-09,3.5
emp_003583,2024-07-11,3.17
emp_003584,2026-04-02,3.33
emp_003584,2026-01-02,3.97
emp_003584,2025-10-04,3.62
emp_003584,2025-07-06,4.14
emp_003585,2026-04-02,3.23
emp_003585,2026-01-02,3.21
emp_003585,2025-10-04,3.27
emp_003585,2025-07-06,3.14
emp_003585,2025-04-07,3.33
emp_003585,2025-01-07,3.05
emp_003585,2024-10-09,2.85
emp_003585,2024-07-11,3.7
emp_003586,2026-04-02,4.49
emp_003586,2026-01-02,4.01
emp_003587,2026-04-02,4.4
emp_003587,2026-01-02,3.6
emp_003588,2026-04-02,4.15
emp_003588,2026-01-02,4.76
emp_003588,2025-10-04,4.38
emp_003588,2025-07-06,5.0
emp_003589,2026-04-02,3.52
emp_003589,2026-01-02,3.63
emp_003589,2025-10-04,3.35
emp_003589,2025-07-06,2.92
emp_003589,2025-04-07,2.76
emp_003589,2025-01-07,3.46
emp_003589,2024-10-09,3.77
emp_003589,2024-07-11,3.23
emp_003590,2026-04-02,3.61
emp_003590,2026-01-02,3.49
emp_003590,2025-10-04,3.22
emp_003590,2025-07-06,3.77
emp_003590,2025-04-07,3.41
emp_003590,2025-01-07,3.66
emp_003590,2024-10-09,3.91
emp_003590,2024-07-11,3.32
emp_003591,2026-04-02,3.45
emp_003591,2026-01-02,3.8
emp_003591,2025-10-04,2.58
emp_003591,2025-07-06,3.05
emp_003591,2025-04-07,3.2
emp_003593,2026-04-02,3.74
emp_003593,2026-01-02,4.21
emp_003593,2025-10-04,3.88
emp_003593,2025-07-06,3.74
emp_003593,2025-04-07,3.34
emp_003594,2026-04-02,3.51
emp_003594,2026-01-02,4.05
emp_003594,2025-10-04,4.28
emp_003594,2025-07-06,3.71
emp_003594,2025-04-07,4.01
emp_003594,2025-01-07,3.9
emp_003594,2024-10-09,4.55
emp_003594,2024-07-11,4.83
emp_003595,2026-04-02,4.59
emp_003595,2026-01-02,3.93
emp_003595,2025-10-04,4.05
emp_003595,2025-07-06,4.44
emp_003595,2025-04-07,4.46
emp_003595,2025-01-07,3.43
emp_003595,2024-10-09,3.91
emp_003595,2024-07-11,3.91
emp_003596,2026-04-02,4.26
emp_003596,2026-01-02,4.3
emp_003596,2025-10-04,4.35
emp_003596,2025-07-06,4.03
emp_003596,2025-04-07,3.96
emp_003596,2025-01-07,4.42
emp_003596,2024-10-09,4.11
emp_003596,2024-07-11,4.31
emp_003597,2026-04-02,4.28
emp_003597,2026-01-02,4.35
emp_003597,2025-10-04,3.44
emp_003597,2025-07-06,3.45
emp_003598,2026-04-02,4.38
emp_003598,2026-01-02,4.05
emp_003598,2025-10-04,4.05
emp_003598,2025-07-06,4.28
emp_003598,2025-04-07,4.34
emp_003598,2025-01-07,3.31
emp_003598,2024-10-09,4.12
emp_003598,2024-07-11,3.41
emp_003599,2026-04-02,4.57
emp_003599,2026-01-02,4.36
emp_003599,2025-10-04,4.2
emp_003599,2025-07-06,5.0
emp_003599,2025-04-07,4.91
emp_003600,2026-04-02,4.09
emp_003600,2026-01-02,3.8
emp_003600,2025-10-04,3.76
emp_003600,2025-07-06,3.77
emp_003600,2025-04-07,3.57
emp_003601,2026-04-02,3.21
emp_003601,2026-01-02,4.48
emp_003601,2025-10-04,3.86
emp_003601,2025-07-06,4.77
emp_003601,2025-04-07,4.01
emp_003601,2025-01-07,3.69
emp_003601,2024-10-09,4.16
emp_003601,2024-07-11,3.57
emp_003602,2026-04-02,4.44
emp_003602,2026-01-02,3.9
emp_003602,2025-10-04,3.62
emp_003602,2025-07-06,4.16
emp_003602,2025-04-07,3.75
emp_003602,2025-01-07,3.46
emp_003603,2026-04-02,3.21
emp_003603,2026-01-02,3.57
emp_003603,2025-10-04,3.22
emp_003603,2025-07-06,3.46
emp_003603,2025-04-07,3.71
emp_003603,2025-01-07,3.15
emp_003603,2024-10-09,3.55
emp_003603,2024-07-11,3.72
emp_003604,2026-04-02,4.67
emp_003604,2026-01-02,4.33
emp_003604,2025-10-04,4.29
emp_003604,2025-07-06,4.41
emp_003604,2025-04-07,3.08
emp_003604,2025-01-07,4.37
emp_003604,2024-10-09,4.14
emp_003604,2024-07-11,4.51
emp_003605,2026-04-02,4.14
emp_003605,2026-01-02,4.05
emp_003605,2025-10-04,3.99
emp_003605,2025-07-06,3.59
emp_003605,2025-04-07,3.52
emp_003605,2025-01-07,4.29
emp_003605,2024-10-09,4.55
emp_003605,2024-07-11,4.27
emp_003606,2026-04-02,3.24
emp_003606,2026-01-02,3.43
emp_003607,2026-04-02,4.09
emp_003607,2026-01-02,3.26
emp_003607,2025-10-04,3.98
emp_003607,2025-07-06,4.11
emp_003607,2025-04-07,4.85
emp_003607,2025-01-07,3.12
emp_003607,2024-10-09,3.96
emp_003607,2024-07-11,4.2
emp_003608,2026-04-02,3.49
emp_003608,2026-01-02,3.87
emp_003608,2025-10-04,4.39
emp_003608,2025-07-06,3.47
emp_003608,2025-04-07,3.62
emp_003608,2025-01-07,3.68
emp_003608,2024-10-09,4.07
emp_003608,2024-07-11,3.13
emp_003609,2026-04-02,4.11
emp_003609,2026-01-02,4.33
emp_003609,2025-10-04,4.06
emp_003609,2025-07-06,3.94
emp_003609,2025-04-07,4.51
emp_003609,2025-01-07,4.53
emp_003609,2024-10-09,4.25
emp_003609,2024-07-11,4.46
emp_003610,2026-04-02,4.03
emp_003610,2026-01-02,3.42
emp_003610,2025-10-04,3.6
emp_003610,2025-07-06,3.75
emp_003610,2025-04-07,4.08
emp_003611,2026-04-02,4.16
emp_003611,2026-01-02,4.08
emp_003611,2025-10-04,3.92
emp_003611,2025-07-06,3.86
emp_003611,2025-04-07,4.28
emp_003611,2025-01-07,3.44
emp_003611,2024-10-09,3.88
emp_003612,2026-04-02,3.65
emp_003612,2026-01-02,3.39
emp_003612,2025-10-04,3.45
emp_003612,2025-07-06,3.92
emp_003612,2025-04-07,3.19
emp_003612,2025-01-07,3.93
emp_003612,2024-10-09,4.33
emp_003612,2024-07-11,3.98
emp_003614,2026-04-02,3.76
emp_003614,2026-01-02,4.79
emp_003614,2025-10-04,4.5
emp_003614,2025-07-06,4.99
emp_003614,2025-04-07,3.66
emp_003614,2025-01-07,3.93
emp_003614,2024-10-09,4.99
emp_003614,2024-07-11,3.95
emp_003615,2026-04-02,2.92
emp_003615,2026-01-02,3.58
emp_003615,2025-10-04,3.97
emp_003615,2025-07-06,3.85
emp_003615,2025-04-07,3.01
emp_003615,2025-01-07,3.8
emp_003615,2024-10-09,3.94
emp_003615,2024-07-11,3.37
emp_003616,2026-04-02,4.27
emp_003616,2026-01-02,3.96
emp_003616,2025-10-04,3.5
emp_003616,2025-07-06,3.92
emp_003616,2025-04-07,4.22
emp_003616,2025-01-07,3.48
emp_003616,2024-10-09,4.15
emp_003616,2024-07-11,3.89
emp_003617,2026-04-02,2.99
emp_003617,2026-01-02,3.58
emp_003617,2025-10-04,2.93
emp_003617,2025-07-06,2.66
emp_003617,2025-04-07,3.08
emp_003618,2026-04-02,3.7
emp_003618,2026-01-02,4.41
emp_003618,2025-10-04,3.73
emp_003618,2025-07-06,3.84
emp_003618,2025-04-07,3.8
emp_003618,2025-01-07,3.83
emp_003618,2024-10-09,3.84
emp_003618,2024-07-11,3.67
emp_003619,2026-04-02,4.19
emp_003619,2026-01-02,4.17
emp_003619,2025-10-04,4.12
emp_003619,2025-07-06,4.12
emp_003619,2025-04-07,4.46
emp_003619,2025-01-07,3.83
emp_003619,2024-10-09,4.26
emp_003619,2024-07-11,4.34
emp_003620,2026-04-02,3.33
emp_003620,2026-01-02,4.07
emp_003620,2025-10-04,3.29
emp_003620,2025-07-06,3.45
emp_003620,2025-04-07,3.7
emp_003620,2025-01-07,3.64
emp_003620,2024-10-09,3.69
emp_003620,2024-07-11,4.11
emp_003621,2026-04-02,4.23
emp_003621,2026-01-02,3.33
emp_003621,2025-10-04,3.7
emp_003621,2025-07-06,3.9
emp_003621,2025-04-07,3.27
emp_003621,2025-01-07,3.87
emp_003621,2024-10-09,4.1
emp_003621,2024-07-11,3.62
emp_003622,2026-04-02,4.36
emp_003622,2026-01-02,3.9
emp_003622,2025-10-04,4.19
emp_003622,2025-07-06,3.85
emp_003622,2025-04-07,4.12
emp_003622,2025-01-07,3.57
emp_003622,2024-10-09,3.7
emp_003622,2024-07-11,3.71
emp_003623,2026-04-02,3.85
emp_003623,2026-01-02,4.23
emp_003623,2025-10-04,4.14
emp_003623,2025-07-06,4.16
emp_003623,2025-04-07,3.18
emp_003623,2025-01-07,4.14
emp_003623,2024-10-09,3.78
emp_003623,2024-07-11,3.69
emp_003624,2026-04-02,3.53
emp_003624,2026-01-02,3.56
emp_003624,2025-10-04,4.06
emp_003624,2025-07-06,4.01
emp_003624,2025-04-07,3.98
emp_003624,2025-01-07,4.0
emp_003624,2024-10-09,4.51
emp_003624,2024-07-11,3.86
emp_003625,2026-04-02,3.5
emp_003625,2026-01-02,3.71
emp_003625,2025-10-04,3.52
emp_003625,2025-07-06,3.1
emp_003625,2025-04-07,3.69
emp_003626,2026-04-02,3.73
emp_003626,2026-01-02,4.08
emp_003626,2025-10-04,3.41
emp_003626,2025-07-06,4.64
emp_003626,2025-04-07,3.88
emp_003626,2025-01-07,3.89
emp_003626,2024-10-09,4.26
emp_003626,2024-07-11,3.56
emp_003627,2026-04-02,4.56
emp_003627,2026-01-02,4.01
emp_003627,2025-10-04,3.96
emp_003627,2025-07-06,3.42
emp_003627,2025-04-07,3.41
emp_003627,2025-01-07,4.07
emp_003628,2026-04-02,4.16
emp_003628,2026-01-02,4.18
emp_003628,2025-10-04,3.54
emp_003628,2025-07-06,3.84
emp_003628,2025-04-07,4.28
emp_003629,2026-04-02,4.03
emp_003630,2026-04-02,4.02
emp_003630,2026-01-02,4.4
emp_003630,2025-10-04,4.03
emp_003630,2025-07-06,4.43
emp_003630,2025-04-07,4.27
emp_003630,2025-01-07,4.17
emp_003630,2024-10-09,4.58
emp_003631,2026-04-02,3.72
emp_003631,2026-01-02,3.6
emp_003631,2025-10-04,3.52
emp_003631,2025-07-06,3.32
emp_003631,2025-04-07,3.89
emp_003631,2025-01-07,3.66
emp_003631,2024-10-09,4.09
emp_003631,2024-07-11,3.82
emp_003632,2026-04-02,3.49
emp_003632,2026-01-02,3.35
emp_003632,2025-10-04,3.68
emp_003632,2025-07-06,4.25
emp_003632,2025-04-07,4.39
emp_003632,2025-01-07,4.04
emp_003632,2024-10-09,3.6
emp_003632,2024-07-11,4.41
emp_003633,2026-04-02,4.23
emp_003633,2026-01-02,4.05
emp_003633,2025-10-04,3.79
emp_003633,2025-07-06,3.7
emp_003633,2025-04-07,4.19
emp_003633,2025-01-07,4.37
emp_003633,2024-10-09,4.29
emp_003633,2024-07-11,3.7
emp_003634,2026-04-02,2.97
emp_003634,2026-01-02,3.89
emp_003634,2025-10-04,3.93
emp_003635,2026-04-02,3.29
emp_003635,2026-01-02,3.92
emp_003635,2025-10-04,4.12
emp_003635,2025-07-06,4.0
emp_003635,2025-04-07,3.12
emp_003635,2025-01-07,3.57
emp_003635,2024-10-09,3.74
emp_003635,2024-07-11,3.75
emp_003636,2026-04-02,3.87
emp_003636,2026-01-02,4.53
emp_003636,2025-10-04,4.21
emp_003636,2025-07-06,4.16
emp_003636,2025-04-07,4.05
emp_003636,2025-01-07,3.6
emp_003636,2024-10-09,4.07
emp_003636,2024-07-11,4.44
emp_003637,2026-04-02,3.54
emp_003637,2026-01-02,4.21
emp_003637,2025-10-04,4.33
emp_003637,2025-07-06,4.68
emp_003637,2025-04-07,3.5
emp_003637,2025-01-07,4.39
emp_003637,2024-10-09,3.74
emp_003637,2024-07-11,4.46
emp_003638,2026-04-02,4.02
emp_003639,2026-04-02,4.76
emp_003639,2026-01-02,4.49
emp_003640,2026-04-02,4.5
emp_003640,2026-01-02,4.19
emp_003640,2025-10-04,3.73
emp_003640,2025-07-06,4.22
emp_003640,2025-04-07,3.36
emp_003640,2025-01-07,3.67
emp_003640,2024-10-09,3.91
emp_003640,2024-07-11,3.2
emp_003641,2026-04-02,3.73
emp_003641,2026-01-02,3.51
emp_003641,2025-10-04,3.81
emp_003641,2025-07-06,4.2
emp_003641,2025-04-07,3.15
emp_003641,2025-01-07,3.71
emp_003641,2024-10-09,3.62
emp_003641,2024-07-11,3.75
emp_003642,2026-04-02,3.76
emp_003642,2026-01-02,3.12
emp_003642,2025-10-04,3.65
emp_003642,2025-07-06,3.21
emp_003642,2025-04-07,3.34
emp_003642,2025-01-07,3.21
emp_003642,2024-10-09,3.09
emp_003642,2024-07-11,3.37
emp_003643,2026-04-02,3.96
emp_003643,2026-01-02,3.4
emp_003643,2025-10-04,3.69
emp_003643,2025-07-06,3.78
emp_003643,2025-04-07,4.25
emp_003643,2025-01-07,3.92
emp_003643,2024-10-09,3.77
emp_003643,2024-07-11,3.9
emp_003644,2026-04-02,4.14
emp_003644,2026-01-02,4.31
emp_003644,2025-10-04,3.98
emp_003644,2025-07-06,3.99
emp_003644,2025-04-07,3.8
emp_003644,2025-01-07,3.46
emp_003644,2024-10-09,4.41
emp_003644,2024-07-11,4.4
emp_003645,2026-04-02,3.88
emp_003645,2026-01-02,3.92
emp_003645,2025-10-04,3.92
emp_003645,2025-07-06,4.2
emp_003645,2025-04-07,4.08
emp_003645,2025-01-07,3.75
emp_003645,2024-10-09,4.2
emp_003645,2024-07-11,4.61
emp_003646,2026-04-02,4.64
emp_003646,2026-01-02,4.47
emp_003646,2025-10-04,4.85
emp_003646,2025-07-06,4.16
emp_003646,2025-04-07,3.92
emp_003646,2025-01-07,3.96
emp_003646,2024-10-09,4.43
emp_003646,2024-07-11,4.17
emp_003647,2026-04-02,3.97
emp_003647,2026-01-02,4.24
emp_003647,2025-10-04,4.76
emp_003647,2025-07-06,3.84
emp_003647,2025-04-07,4.72
emp_003647,2025-01-07,4.47
emp_003647,2024-10-09,4.47
emp_003648,2026-04-02,3.43
emp_003648,2026-01-02,3.14
emp_003648,2025-10-04,3.53
emp_003648,2025-07-06,2.96
emp_003648,2025-04-07,4.45
emp_003648,2025-01-07,4.25
emp_003648,2024-10-09,3.45
emp_003648,2024-07-11,2.85
emp_003649,2026-04-02,3.81
emp_003649,2026-01-02,3.93
emp_003649,2025-10-04,3.48
emp_003650,2026-04-02,3.6
emp_003650,2026-01-02,4.12
emp_003650,2025-10-04,3.76
emp_003650,2025-07-06,4.24
emp_003650,2025-04-07,3.97
emp_003650,2025-01-07,4.08
emp_003650,2024-10-09,3.52
emp_003650,2024-07-11,4.17
emp_003651,2026-04-02,3.73
emp_003651,2026-01-02,3.98
emp_003651,2025-10-04,4.22
emp_003651,2025-07-06,4.57
emp_003651,2025-04-07,4.31
emp_003651,2025-01-07,4.27
emp_003651,2024-10-09,4.54
emp_003651,2024-07-11,4.24
emp_003652,2026-04-02,3.86
emp_003652,2026-01-02,4.48
emp_003652,2025-10-04,4.12
emp_003652,2025-07-06,3.78
emp_003652,2025-04-07,4.01
emp_003653,2026-04-02,3.45
emp_003653,2026-01-02,4.11
emp_003653,2025-10-04,4.06
emp_003653,2025-07-06,4.03
emp_003653,2025-04-07,3.95
emp_003653,2025-01-07,3.51
emp_003653,2024-10-09,3.55
emp_003653,2024-07-11,3.59
emp_003655,2026-04-02,3.81
emp_003655,2026-01-02,3.67
emp_003655,2025-10-04,3.51
emp_003655,2025-07-06,3.25
emp_003655,2025-04-07,3.72
emp_003655,2025-01-07,4.09
emp_003656,2026-04-02,4.28
emp_003656,2026-01-02,3.79
emp_003656,2025-10-04,3.94
emp_003656,2025-07-06,3.23
emp_003656,2025-04-07,4.31
emp_003656,2025-01-07,3.95
emp_003657,2026-04-02,3.76
emp_003657,2026-01-02,4.96
emp_003657,2025-10-04,4.28
emp_003657,2025-07-06,4.03
emp_003657,2025-04-07,4.1
emp_003657,2025-01-07,3.85
emp_003657,2024-10-09,3.88
emp_003657,2024-07-11,4.16
emp_003658,2026-04-02,3.95
emp_003658,2026-01-02,3.57
emp_003658,2025-10-04,4.8
emp_003658,2025-07-06,4.68
emp_003659,2026-04-02,3.15
emp_003659,2026-01-02,3.53
emp_003659,2025-10-04,3.57
emp_003659,2025-07-06,4.04
emp_003659,2025-04-07,4.06
emp_003659,2025-01-07,4.13
emp_003659,2024-10-09,4.04
emp_003659,2024-07-11,4.32
emp_003660,2026-04-02,3.77
emp_003660,2026-01-02,3.69
emp_003660,2025-10-04,3.43
emp_003660,2025-07-06,3.73
emp_003660,2025-04-07,3.42
emp_003660,2025-01-07,3.93
emp_003660,2024-10-09,3.54
emp_003660,2024-07-11,3.51
emp_003661,2026-04-02,3.47
emp_003661,2026-01-02,2.81
emp_003661,2025-10-04,3.73
emp_003661,2025-07-06,3.42
emp_003661,2025-04-07,3.4
emp_003662,2026-04-02,2.78
emp_003662,2026-01-02,2.78
emp_003662,2025-10-04,2.56
emp_003662,2025-07-06,3.34
emp_003662,2025-04-07,2.63
emp_003662,2025-01-07,2.32
emp_003662,2024-10-09,2.83
emp_003662,2024-07-11,2.76
emp_003663,2026-04-02,3.23
emp_003663,2026-01-02,3.79
emp_003663,2025-10-04,3.9
emp_003663,2025-07-06,4.37
emp_003663,2025-04-07,3.66
emp_003664,2026-04-02,4.45
emp_003664,2026-01-02,4.37
emp_003664,2025-10-04,4.04
emp_003664,2025-07-06,3.71
emp_003664,2025-04-07,4.03
emp_003665,2026-04-02,3.48
emp_003665,2026-01-02,3.8
emp_003665,2025-10-04,3.3
emp_003665,2025-07-06,3.81
emp_003665,2025-04-07,3.23
emp_003665,2025-01-07,3.45
emp_003665,2024-10-09,3.79
emp_003665,2024-07-11,3.88
emp_003666,2026-04-02,4.25
emp_003666,2026-01-02,4.2
emp_003666,2025-10-04,4.05
emp_003666,2025-07-06,4.11
emp_003666,2025-04-07,4.12
emp_003666,2025-01-07,4.09
emp_003666,2024-10-09,3.96
emp_003666,2024-07-11,3.91
emp_003667,2026-04-02,3.94
emp_003667,2026-01-02,3.63
emp_003667,2025-10-04,4.05
emp_003667,2025-07-06,3.4
emp_003667,2025-04-07,4.13
emp_003667,2025-01-07,3.09
emp_003667,2024-10-09,3.14
emp_003667,2024-07-11,3.52
emp_003668,2026-04-02,4.29
emp_003668,2026-01-02,3.85
emp_003668,2025-10-04,3.98
emp_003668,2025-07-06,4.56
emp_003668,2025-04-07,4.05
emp_003668,2025-01-07,4.15
emp_003668,2024-10-09,4.09
emp_003668,2024-07-11,4.3
emp_003669,2026-04-02,3.22
emp_003669,2026-01-02,3.84
emp_003669,2025-10-04,3.18
emp_003669,2025-07-06,3.56
emp_003669,2025-04-07,3.13
emp_003669,2025-01-07,3.72
emp_003669,2024-10-09,2.79
emp_003669,2024-07-11,3.43
emp_003670,2026-04-02,3.83
emp_003670,2026-01-02,3.88
emp_003670,2025-10-04,4.05
emp_003670,2025-07-06,3.48
emp_003670,2025-04-07,4.1
emp_003670,2025-01-07,4.2
emp_003670,2024-10-09,4.33
emp_003670,2024-07-11,3.68
emp_003671,2026-04-02,3.83
emp_003671,2026-01-02,3.73
emp_003672,2026-04-02,3.48
emp_003672,2026-01-02,4.46
emp_003672,2025-10-04,4.37
emp_003672,2025-07-06,3.81
emp_003672,2025-04-07,4.11
emp_003672,2025-01-07,4.07
emp_003672,2024-10-09,4.2
emp_003673,2026-04-02,2.6
emp_003673,2026-01-02,3.37
emp_003673,2025-10-04,3.48
emp_003673,2025-07-06,3.28
emp_003673,2025-04-07,3.39
emp_003673,2025-01-07,3.27
emp_003673,2024-10-09,3.48
emp_003673,2024-07-11,2.76
emp_003674,2026-04-02,4.08
emp_003674,2026-01-02,3.75
emp_003674,2025-10-04,4.25
emp_003674,2025-07-06,4.09
emp_003674,2025-04-07,4.61
emp_003674,2025-01-07,4.35
emp_003674,2024-10-09,3.58
emp_003674,2024-07-11,3.94
emp_003675,2026-04-02,3.59
emp_003675,2026-01-02,3.57
emp_003675,2025-10-04,4.39
emp_003675,2025-07-06,3.48
emp_003675,2025-04-07,3.73
emp_003675,2025-01-07,3.56
emp_003675,2024-10-09,3.83
emp_003675,2024-07-11,4.21
emp_003676,2026-04-02,3.12
emp_003676,2026-01-02,3.98
emp_003676,2025-10-04,3.46
emp_003676,2025-07-06,2.88
emp_003676,2025-04-07,3.11
emp_003676,2025-01-07,3.3
emp_003676,2024-10-09,3.43
emp_003677,2026-04-02,4.36
emp_003678,2026-04-02,3.5
emp_003678,2026-01-02,3.03
emp_003678,2025-10-04,3.27
emp_003678,2025-07-06,3.23
emp_003678,2025-04-07,3.01
emp_003678,2025-01-07,3.44
emp_003678,2024-10-09,3.64
emp_003678,2024-07-11,3.73
emp_003679,2026-04-02,4.39
emp_003679,2026-01-02,4.19
emp_003679,2025-10-04,4.32
emp_003679,2025-07-06,4.53
emp_003679,2025-04-07,4.11
emp_003679,2025-01-07,4.72
emp_003679,2024-10-09,4.65
emp_003680,2026-04-02,3.54
emp_003680,2026-01-02,3.92
emp_003680,2025-10-04,3.4
emp_003680,2025-07-06,3.39
emp_003680,2025-04-07,3.88
emp_003680,2025-01-07,4.08
emp_003680,2024-10-09,3.94
emp_003680,2024-07-11,4.26
emp_003681,2026-04-02,3.45
emp_003681,2026-01-02,3.59
emp_003681,2025-10-04,3.31
emp_003681,2025-07-06,3.62
emp_003681,2025-04-07,3.38
emp_003681,2025-01-07,3.41
emp_003681,2024-10-09,3.51
emp_003681,2024-07-11,2.76
emp_003682,2026-04-02,3.21
emp_003682,2026-01-02,3.78
emp_003683,2026-04-02,3.71
emp_003683,2026-01-02,4.03
emp_003683,2025-10-04,4.1
emp_003683,2025-07-06,3.97
emp_003683,2025-04-07,3.92
emp_003683,2025-01-07,4.0
emp_003683,2024-10-09,4.04
emp_003683,2024-07-11,4.16
emp_003684,2026-04-02,3.76
emp_003684,2026-01-02,3.81
emp_003684,2025-10-04,4.45
emp_003684,2025-07-06,4.1
emp_003684,2025-04-07,4.19
emp_003684,2025-01-07,3.65
emp_003684,2024-10-09,4.37
emp_003685,2026-04-02,4.05
emp_003685,2026-01-02,4.13
emp_003685,2025-10-04,3.24
emp_003685,2025-07-06,3.22
emp_003685,2025-04-07,3.66
emp_003685,2025-01-07,3.36
emp_003685,2024-10-09,3.97
emp_003685,2024-07-11,3.67
emp_003686,2026-04-02,4.4
emp_003686,2026-01-02,4.41
emp_003686,2025-10-04,4.42
emp_003686,2025-07-06,4.09
emp_003686,2025-04-07,3.48
emp_003686,2025-01-07,3.91
emp_003686,2024-10-09,4.06
emp_003687,2026-04-02,3.03
emp_003687,2026-01-02,3.12
emp_003687,2025-10-04,3.15
emp_003687,2025-07-06,3.6
emp_003687,2025-04-07,3.48
emp_003687,2025-01-07,3.42
emp_003687,2024-10-09,3.64
emp_003687,2024-07-11,2.85
emp_003688,2026-04-02,4.62
emp_003688,2026-01-02,4.36
emp_003688,2025-10-04,4.2
emp_003688,2025-07-06,3.23
emp_003688,2025-04-07,4.11
emp_003688,2025-01-07,4.26
emp_003688,2024-10-09,3.72
emp_003688,2024-07-11,4.55
emp_003689,2026-04-02,4.28
emp_003689,2026-01-02,3.56
emp_003690,2026-04-02,4.09
emp_003690,2026-01-02,3.47
emp_003690,2025-10-04,3.31
emp_003690,2025-07-06,4.15
emp_003690,2025-04-07,3.26
emp_003690,2025-01-07,3.72
emp_003690,2024-10-09,3.64
emp_003690,2024-07-11,3.66
emp_003691,2026-04-02,2.74
emp_003691,2026-01-02,4.07
emp_003691,2025-10-04,3.91
emp_003691,2025-07-06,4.87
emp_003691,2025-04-07,3.54
emp_003691,2025-01-07,3.64
emp_003691,2024-10-09,3.57
emp_003691,2024-07-11,3.78
emp_003692,2026-04-02,3.76
emp_003692,2026-01-02,3.96
emp_003692,2025-10-04,4.28
emp_003692,2025-07-06,4.35
emp_003692,2025-04-07,5.0
emp_003692,2025-01-07,4.28
emp_003692,2024-10-09,4.09
emp_003692,2024-07-11,4.52
emp_003693,2026-04-02,3.41
emp_003693,2026-01-02,4.01
emp_003693,2025-10-04,3.63
emp_003693,2025-07-06,4.36
emp_003693,2025-04-07,4.16
emp_003693,2025-01-07,4.13
emp_003693,2024-10-09,3.68
emp_003693,2024-07-11,4.4
emp_003694,2026-04-02,3.57
emp_003694,2026-01-02,3.45
emp_003694,2025-10-04,3.6
emp_003694,2025-07-06,3.03
emp_003694,2025-04-07,3.5
emp_003694,2025-01-07,3.63
emp_003694,2024-10-09,3.49
emp_003694,2024-07-11,3.36
emp_003695,2026-04-02,4.52
emp_003695,2026-01-02,4.13
emp_003695,2025-10-04,2.92
emp_003695,2025-07-06,4.44
emp_003695,2025-04-07,4.05
emp_003695,2025-01-07,3.78
emp_003695,2024-10-09,3.92
emp_003695,2024-07-11,4.68
emp_003696,2026-04-02,4.16
emp_003696,2026-01-02,4.27
emp_003696,2025-10-04,3.87
emp_003697,2026-04-02,4.03
emp_003697,2026-01-02,3.21
emp_003697,2025-10-04,3.66
emp_003697,2025-07-06,3.73
emp_003697,2025-04-07,4.09
emp_003697,2025-01-07,3.55
emp_003697,2024-10-09,4.33
emp_003698,2026-04-02,4.2
emp_003698,2026-01-02,4.12
emp_003699,2026-04-02,3.64
emp_003699,2026-01-02,3.6
emp_003699,2025-10-04,3.55
emp_003699,2025-07-06,3.98
emp_003699,2025-04-07,4.25
emp_003699,2025-01-07,4.16
emp_003699,2024-10-09,3.58
emp_003699,2024-07-11,3.53
emp_003700,2026-04-02,4.17
emp_003700,2026-01-02,3.73
emp_003700,2025-10-04,4.31
emp_003700,2025-07-06,3.66
emp_003700,2025-04-07,4.38
emp_003700,2025-01-07,3.96
emp_003700,2024-10-09,4.21
emp_003700,2024-07-11,4.81
emp_003701,2026-04-02,3.84
emp_003701,2026-01-02,4.38
emp_003701,2025-10-04,3.93
emp_003701,2025-07-06,4.8
emp_003701,2025-04-07,3.37
emp_003701,2025-01-07,4.27
emp_003701,2024-10-09,4.34
emp_003701,2024-07-11,4.25
emp_003702,2026-04-02,4.14
emp_003702,2026-01-02,4.28
emp_003702,2025-10-04,4.14
emp_003702,2025-07-06,4.55
emp_003702,2025-04-07,3.87
emp_003702,2025-01-07,4.49
emp_003702,2024-10-09,4.1
emp_003703,2026-04-02,3.43
emp_003703,2026-01-02,3.33
emp_003703,2025-10-04,3.08
emp_003703,2025-07-06,4.04
emp_003704,2026-04-02,4.01
emp_003704,2026-01-02,4.42
emp_003704,2025-10-04,4.56
emp_003704,2025-07-06,4.58
emp_003705,2026-04-02,4.3
emp_003705,2026-01-02,4.15
emp_003705,2025-10-04,4.99
emp_003705,2025-07-06,4.68
emp_003705,2025-04-07,4.09
emp_003705,2025-01-07,4.39
emp_003705,2024-10-09,4.89
emp_003705,2024-07-11,4.57
emp_003706,2026-04-02,4.16
emp_003706,2026-01-02,3.24
emp_003706,2025-10-04,3.44
emp_003706,2025-07-06,3.82
emp_003706,2025-04-07,3.93
emp_003706,2025-01-07,3.17
emp_003706,2024-10-09,4.23
emp_003706,2024-07-11,3.58
emp_003707,2026-04-02,2.94
emp_003707,2026-01-02,3.41
emp_003707,2025-10-04,3.78
emp_003707,2025-07-06,3.65
emp_003707,2025-04-07,3.38
emp_003707,2025-01-07,3.71
emp_003707,2024-10-09,3.67
emp_003707,2024-07-11,3.01
emp_003708,2026-04-02,3.87
emp_003708,2026-01-02,4.1
emp_003708,2025-10-04,3.76
emp_003708,2025-07-06,4.28
emp_003708,2025-04-07,4.44
emp_003708,2025-01-07,3.91
emp_003708,2024-10-09,3.64
emp_003708,2024-07-11,4.14
emp_003709,2026-04-02,3.71
emp_003709,2026-01-02,3.2
emp_003709,2025-10-04,2.75
emp_003709,2025-07-06,3.0
emp_003709,2025-04-07,4.21
emp_003709,2025-01-07,3.3
emp_003709,2024-10-09,4.19
emp_003709,2024-07-11,3.22
emp_003710,2026-04-02,3.63
emp_003710,2026-01-02,4.15
emp_003710,2025-10-04,3.98
emp_003710,2025-07-06,3.8
emp_003710,2025-04-07,4.46
emp_003711,2026-04-02,3.72
emp_003711,2026-01-02,3.66
emp_003711,2025-10-04,3.65
emp_003712,2026-04-02,4.21
emp_003712,2026-01-02,4.8
emp_003712,2025-10-04,3.82
emp_003712,2025-07-06,3.68
emp_003712,2025-04-07,3.58
emp_003712,2025-01-07,3.56
emp_003712,2024-10-09,3.76
emp_003712,2024-07-11,3.26
emp_003713,2026-04-02,4.68
emp_003713,2026-01-02,3.88
emp_003713,2025-10-04,4.67
emp_003713,2025-07-06,3.98
emp_003713,2025-04-07,4.79
emp_003713,2025-01-07,4.24
emp_003713,2024-10-09,4.68
emp_003713,2024-07-11,3.68
emp_003714,2026-04-02,3.71
emp_003714,2026-01-02,3.51
emp_003714,2025-10-04,3.89
emp_003714,2025-07-06,4.44
emp_003714,2025-04-07,4.34
emp_003714,2025-01-07,3.88
emp_003714,2024-10-09,3.85
emp_003714,2024-07-11,3.71
emp_003715,2026-04-02,3.85
emp_003715,2026-01-02,3.44
emp_003715,2025-10-04,4.46
emp_003715,2025-07-06,4.65
emp_003715,2025-04-07,3.4
emp_003715,2025-01-07,3.91
emp_003715,2024-10-09,3.87
emp_003715,2024-07-11,4.21
emp_003716,2026-04-02,3.69
emp_003716,2026-01-02,3.47
emp_003716,2025-10-04,3.43
emp_003716,2025-07-06,4.08
emp_003716,2025-04-07,4.15
emp_003717,2026-04-02,3.94
emp_003717,2026-01-02,3.41
emp_003717,2025-10-04,3.98
emp_003717,2025-07-06,4.24
emp_003717,2025-04-07,4.07
emp_003717,2025-01-07,4.34
emp_003717,2024-10-09,4.06
emp_003717,2024-07-11,3.8
emp_003718,2026-04-02,4.75
emp_003719,2026-04-02,4.85
emp_003719,2026-01-02,3.83
emp_003719,2025-10-04,3.52
emp_003719,2025-07-06,3.52
emp_003719,2025-04-07,4.35
emp_003719,2025-01-07,3.81
emp_003719,2024-10-09,4.7
emp_003719,2024-07-11,4.18
emp_003720,2026-04-02,3.94
emp_003720,2026-01-02,3.86
emp_003720,2025-10-04,4.04
emp_003720,2025-07-06,3.57
emp_003721,2026-04-02,3.06
emp_003721,2026-01-02,3.28
emp_003721,2025-10-04,3.81
emp_003722,2026-04-02,4.0
emp_003722,2026-01-02,3.38
emp_003722,2025-10-04,4.1
emp_003722,2025-07-06,3.62
emp_003722,2025-04-07,4.21
emp_003722,2025-01-07,3.79
emp_003722,2024-10-09,3.57
emp_003722,2024-07-11,3.09
emp_003723,2026-04-02,4.01
emp_003723,2026-01-02,3.38
emp_003723,2025-10-04,3.66
emp_003723,2025-07-06,4.04
emp_003723,2025-04-07,3.97
emp_003723,2025-01-07,3.68
emp_003723,2024-10-09,3.52
emp_003723,2024-07-11,4.3
emp_003724,2026-04-02,3.04
emp_003724,2026-01-02,2.96
emp_003724,2025-10-04,2.62
emp_003724,2025-07-06,2.98
emp_003724,2025-04-07,2.97
emp_003725,2026-04-02,4.37
emp_003725,2026-01-02,3.9
emp_003725,2025-10-04,4.34
emp_003725,2025-07-06,4.45
emp_003725,2025-04-07,3.81
emp_003725,2025-01-07,3.78
emp_003725,2024-10-09,4.24
emp_003725,2024-07-11,4.31
emp_003726,2026-04-02,4.01
emp_003726,2026-01-02,4.49
emp_003726,2025-10-04,4.3
emp_003727,2026-04-02,3.82
emp_003727,2026-01-02,4.4
emp_003727,2025-10-04,4.36
emp_003727,2025-07-06,4.04
emp_003727,2025-04-07,4.4
emp_003727,2025-01-07,4.49
emp_003727,2024-10-09,4.53
emp_003727,2024-07-11,4.35
emp_003728,2026-04-02,3.99
emp_003728,2026-01-02,4.84
emp_003728,2025-10-04,4.6
emp_003728,2025-07-06,4.21
emp_003728,2025-04-07,4.43
emp_003728,2025-01-07,4.03
emp_003729,2026-04-02,3.72
emp_003729,2026-01-02,3.67
emp_003729,2025-10-04,4.76
emp_003729,2025-07-06,4.49
emp_003729,2025-04-07,4.59
emp_003729,2025-01-07,4.04
emp_003729,2024-10-09,3.84
emp_003729,2024-07-11,4.22
emp_003730,2026-04-02,3.97
emp_003730,2026-01-02,4.33
emp_003730,2025-10-04,4.29
emp_003730,2025-07-06,4.04
emp_003730,2025-04-07,3.79
emp_003730,2025-01-07,3.54
emp_003730,2024-10-09,4.03
emp_003730,2024-07-11,3.68
emp_003731,2026-04-02,4.03
emp_003731,2026-01-02,3.97
emp_003731,2025-10-04,4.23
emp_003732,2026-04-02,4.33
emp_003732,2026-01-02,3.99
emp_003732,2025-10-04,3.78
emp_003732,2025-07-06,3.31
emp_003733,2026-04-02,3.68
emp_003733,2026-01-02,4.21
emp_003733,2025-10-04,4.42
emp_003733,2025-07-06,4.21
emp_003733,2025-04-07,5.0
emp_003733,2025-01-07,4.41
emp_003733,2024-10-09,4.06
emp_003734,2026-04-02,2.83
emp_003734,2026-01-02,2.32
emp_003734,2025-10-04,2.76
emp_003734,2025-07-06,3.08
emp_003734,2025-04-07,3.4
emp_003734,2025-01-07,3.07
emp_003734,2024-10-09,3.18
emp_003734,2024-07-11,4.01
emp_003735,2026-04-02,4.14
emp_003735,2026-01-02,4.36
emp_003735,2025-10-04,4.7
emp_003735,2025-07-06,4.59
emp_003735,2025-04-07,4.89
emp_003735,2025-01-07,4.78
emp_003735,2024-10-09,4.7
emp_003735,2024-07-11,4.13
emp_003736,2026-04-02,3.66
emp_003737,2026-04-02,3.66
emp_003737,2026-01-02,4.35
emp_003737,2025-10-04,3.98
emp_003737,2025-07-06,4.07
emp_003737,2025-04-07,3.67
emp_003737,2025-01-07,3.87
emp_003737,2024-10-09,3.78
emp_003737,2024-07-11,3.76
emp_003738,2026-04-02,3.87
emp_003738,2026-01-02,3.86
emp_003738,2025-10-04,4.27
emp_003738,2025-07-06,4.17
emp_003738,2025-04-07,3.77
emp_003738,2025-01-07,3.97
emp_003738,2024-10-09,3.87
emp_003738,2024-07-11,4.12
emp_003739,2026-04-02,3.9
emp_003739,2026-01-02,4.79
emp_003739,2025-10-04,4.09
emp_003739,2025-07-06,4.0
emp_003739,2025-04-07,4.21
emp_003739,2025-01-07,3.66
emp_003739,2024-10-09,3.98
emp_003739,2024-07-11,3.38
emp_003740,2026-04-02,2.85
emp_003740,2026-01-02,3.65
emp_003740,2025-10-04,3.09
emp_003740,2025-07-06,3.56
emp_003740,2025-04-07,3.56
emp_003740,2025-01-07,3.28
emp_003740,2024-10-09,3.78
emp_003740,2024-07-11,3.09
emp_003741,2026-04-02,3.65
emp_003741,2026-01-02,4.38
emp_003741,2025-10-04,4.37
emp_003741,2025-07-06,3.99
emp_003741,2025-04-07,4.09
emp_003742,2026-04-02,3.38
emp_003742,2026-01-02,4.59
emp_003742,2025-10-04,3.57
emp_003742,2025-07-06,3.74
emp_003742,2025-04-07,3.88
emp_003742,2025-01-07,4.01
emp_003742,2024-10-09,3.29
emp_003742,2024-07-11,3.74
emp_003743,2026-04-02,3.75
emp_003743,2026-01-02,3.93
emp_003743,2025-10-04,3.83
emp_003743,2025-07-06,4.57
emp_003743,2025-04-07,3.77
emp_003743,2025-01-07,4.66
emp_003744,2026-04-02,3.4
emp_003744,2026-01-02,3.09
emp_003744,2025-10-04,3.5
emp_003744,2025-07-06,3.33
emp_003744,2025-04-07,3.61
emp_003744,2025-01-07,3.57
emp_003744,2024-10-09,3.77
emp_003744,2024-07-11,4.19
emp_003745,2026-04-02,4.13
emp_003745,2026-01-02,3.42
emp_003745,2025-10-04,3.86
emp_003745,2025-07-06,3.62
emp_003745,2025-04-07,3.49
emp_003745,2025-01-07,3.46
emp_003745,2024-10-09,3.39
emp_003745,2024-07-11,3.91
emp_003746,2026-04-02,3.9
emp_003746,2026-01-02,3.28
emp_003746,2025-10-04,3.47
emp_003746,2025-07-06,3.84
emp_003746,2025-04-07,3.05
emp_003746,2025-01-07,3.38
emp_003746,2024-10-09,3.25
emp_003746,2024-07-11,3.75
emp_003747,2026-04-02,3.7
emp_003747,2026-01-02,3.34
emp_003747,2025-10-04,3.37
emp_003747,2025-07-06,3.62
emp_003747,2025-04-07,2.48
emp_003747,2025-01-07,3.82
emp_003747,2024-10-09,3.36
emp_003747,2024-07-11,3.17
emp_003748,2026-04-02,4.14
emp_003748,2026-01-02,4.14
emp_003748,2025-10-04,4.09
emp_003748,2025-07-06,4.28
emp_003748,2025-04-07,3.68
emp_003748,2025-01-07,4.74
emp_003748,2024-10-09,4.13
emp_003748,2024-07-11,4.02
emp_003749,2026-04-02,3.68
emp_003749,2026-01-02,3.31
emp_003749,2025-10-04,3.53
emp_003749,2025-07-06,4.49
emp_003750,2026-04-02,3.83
emp_003750,2026-01-02,4.22
emp_003750,2025-10-04,3.98
emp_003750,2025-07-06,3.8
emp_003751,2026-04-02,4.2
emp_003751,2026-01-02,4.1
emp_003751,2025-10-04,4.35
emp_003751,2025-07-06,3.9
emp_003751,2025-04-07,3.61
emp_003751,2025-01-07,4.21
emp_003751,2024-10-09,3.96
emp_003751,2024-07-11,4.35
emp_003752,2026-04-02,4.11
emp_003752,2026-01-02,3.87
emp_003752,2025-10-04,3.72
emp_003752,2025-07-06,4.51
emp_003752,2025-04-07,4.68
emp_003753,2026-04-02,4.02
emp_003753,2026-01-02,3.26
emp_003753,2025-10-04,3.71
emp_003753,2025-07-06,4.41
emp_003753,2025-04-07,3.4
emp_003753,2025-01-07,3.52
emp_003753,2024-10-09,3.76
emp_003753,2024-07-11,3.65
emp_003754,2026-04-02,3.62
emp_003754,2026-01-02,3.25
emp_003754,2025-10-04,3.75
emp_003754,2025-07-06,3.13
emp_003754,2025-04-07,3.86
emp_003754,2025-01-07,3.0
emp_003754,2024-10-09,3.51
emp_003754,2024-07-11,3.48
emp_003755,2026-04-02,3.71
emp_003755,2026-01-02,3.98
emp_003755,2025-10-04,3.03
emp_003755,2025-07-06,3.72
emp_003755,2025-04-07,3.14
emp_003755,2025-01-07,3.12
emp_003755,2024-10-09,3.07
emp_003755,2024-07-11,3.26
emp_003756,2026-04-02,3.47
emp_003756,2026-01-02,3.65
emp_003756,2025-10-04,3.79
emp_003756,2025-07-06,3.84
emp_003756,2025-04-07,3.72
emp_003756,2025-01-07,3.12
emp_003756,2024-10-09,3.44
emp_003756,2024-07-11,3.46
emp_003757,2026-04-02,4.69
emp_003757,2026-01-02,4.22
emp_003757,2025-10-04,4.49
emp_003757,2025-07-06,3.61
emp_003757,2025-04-07,4.07
emp_003757,2025-01-07,3.87
emp_003757,2024-10-09,4.04
emp_003757,2024-07-11,4.12
emp_003758,2026-04-02,3.53
emp_003758,2026-01-02,3.67
emp_003758,2025-10-04,3.4
emp_003758,2025-07-06,4.09
emp_003758,2025-04-07,3.82
emp_003758,2025-01-07,3.89
emp_003758,2024-10-09,3.73
emp_003758,2024-07-11,4.01
emp_003759,2026-04-02,4.0
emp_003759,2026-01-02,3.51
emp_003759,2025-10-04,3.84
emp_003759,2025-07-06,3.42
emp_003759,2025-04-07,3.77
emp_003759,2025-01-07,4.14
emp_003759,2024-10-09,3.36
emp_003759,2024-07-11,4.07
emp_003760,2026-04-02,3.93
emp_003760,2026-01-02,3.22
emp_003760,2025-10-04,2.8
emp_003760,2025-07-06,2.99
emp_003760,2025-04-07,2.76
emp_003760,2025-01-07,2.8
emp_003760,2024-10-09,3.4
emp_003761,2026-04-02,3.74
emp_003761,2026-01-02,3.73
emp_003761,2025-10-04,3.28
emp_003761,2025-07-06,3.19
emp_003761,2025-04-07,3.74
emp_003761,2025-01-07,3.78
emp_003761,2024-10-09,3.87
emp_003761,2024-07-11,3.89
emp_003762,2026-04-02,3.69
emp_003762,2026-01-02,3.31
emp_003762,2025-10-04,3.18
emp_003762,2025-07-06,3.42
emp_003762,2025-04-07,4.03
emp_003762,2025-01-07,4.03
emp_003762,2024-10-09,3.5
emp_003762,2024-07-11,4.12
emp_003763,2026-04-02,4.09
emp_003763,2026-01-02,3.49
emp_003763,2025-10-04,3.37
emp_003763,2025-07-06,3.52
emp_003764,2026-04-02,3.21
emp_003764,2026-01-02,3.53
emp_003764,2025-10-04,3.86
emp_003764,2025-07-06,3.4
emp_003764,2025-04-07,3.6
emp_003765,2026-04-02,3.58
emp_003765,2026-01-02,3.33
emp_003765,2025-10-04,3.83
emp_003765,2025-07-06,3.39
emp_003765,2025-04-07,4.09
emp_003765,2025-01-07,3.73
emp_003765,2024-10-09,4.01
emp_003765,2024-07-11,3.71
emp_003766,2026-04-02,3.92
emp_003766,2026-01-02,3.07
emp_003766,2025-10-04,3.09
emp_003766,2025-07-06,3.58
emp_003766,2025-04-07,3.67
emp_003766,2025-01-07,4.08
emp_003766,2024-10-09,3.66
emp_003766,2024-07-11,3.82
emp_003767,2026-04-02,3.26
emp_003767,2026-01-02,2.51
emp_003767,2025-10-04,2.98
emp_003767,2025-07-06,3.48
emp_003767,2025-04-07,2.84
emp_003767,2025-01-07,3.81
emp_003768,2026-04-02,4.12
emp_003768,2026-01-02,3.51
emp_003768,2025-10-04,4.47
emp_003768,2025-07-06,4.38
emp_003768,2025-04-07,4.12
emp_003768,2025-01-07,4.5
emp_003769,2026-04-02,3.77
emp_003769,2026-01-02,4.17
emp_003769,2025-10-04,4.54
emp_003769,2025-07-06,4.1
emp_003769,2025-04-07,3.78
emp_003769,2025-01-07,4.17
emp_003769,2024-10-09,3.61
emp_003769,2024-07-11,4.52
emp_003770,2026-04-02,4.2
emp_003770,2026-01-02,4.04
emp_003770,2025-10-04,3.61
emp_003770,2025-07-06,3.88
emp_003770,2025-04-07,3.68
emp_003770,2025-01-07,4.0
emp_003770,2024-10-09,3.65
emp_003770,2024-07-11,3.66
emp_003771,2026-04-02,4.08
emp_003771,2026-01-02,4.11
emp_003771,2025-10-04,3.48
emp_003771,2025-07-06,4.38
emp_003771,2025-04-07,4.13
emp_003771,2025-01-07,3.74
emp_003771,2024-10-09,4.48
emp_003772,2026-04-02,3.19
emp_003772,2026-01-02,3.91
emp_003772,2025-10-04,3.95
emp_003772,2025-07-06,3.61
emp_003772,2025-04-07,3.36
emp_003772,2025-01-07,3.15
emp_003772,2024-10-09,2.55
emp_003772,2024-07-11,4.45
emp_003773,2026-04-02,3.92
emp_003773,2026-01-02,4.14
emp_003773,2025-10-04,4.09
emp_003773,2025-07-06,4.23
emp_003773,2025-04-07,4.3
emp_003773,2025-01-07,4.57
emp_003773,2024-10-09,4.57
emp_003773,2024-07-11,4.04
emp_003774,2026-04-02,4.4
emp_003774,2026-01-02,4.5
emp_003774,2025-10-04,3.96
emp_003774,2025-07-06,4.07
emp_003774,2025-04-07,4.27
emp_003774,2025-01-07,4.15
emp_003774,2024-10-09,4.37
emp_003774,2024-07-11,3.58
emp_003775,2026-04-02,3.82
emp_003776,2026-04-02,3.45
emp_003776,2026-01-02,3.38
emp_003776,2025-10-04,3.29
emp_003776,2025-07-06,3.48
emp_003776,2025-04-07,3.0
emp_003776,2025-01-07,3.85
emp_003776,2024-10-09,3.4
emp_003777,2026-04-02,3.83
emp_003777,2026-01-02,4.01
emp_003777,2025-10-04,3.35
emp_003777,2025-07-06,3.82
emp_003778,2026-04-02,3.32
emp_003778,2026-01-02,3.98
emp_003778,2025-10-04,3.91
emp_003778,2025-07-06,4.22
emp_003778,2025-04-07,4.33
emp_003778,2025-01-07,3.44
emp_003778,2024-10-09,3.95
emp_003778,2024-07-11,4.21
emp_003779,2026-04-02,3.69
emp_003779,2026-01-02,3.8
emp_003779,2025-10-04,3.82
emp_003779,2025-07-06,3.62
emp_003779,2025-04-07,4.01
emp_003779,2025-01-07,3.78
emp_003779,2024-10-09,3.41
emp_003779,2024-07-11,2.64
emp_003780,2026-04-02,3.51
emp_003780,2026-01-02,4.19
emp_003780,2025-10-04,3.89
emp_003780,2025-07-06,3.5
emp_003780,2025-04-07,3.65
emp_003780,2025-01-07,3.82
emp_003780,2024-10-09,4.03
emp_003780,2024-07-11,3.91
emp_003781,2026-04-02,3.15
emp_003781,2026-01-02,4.57
emp_003781,2025-10-04,4.05
emp_003781,2025-07-06,4.0
emp_003781,2025-04-07,4.37
emp_003781,2025-01-07,3.89
emp_003781,2024-10-09,4.14
emp_003781,2024-07-11,3.98
emp_003782,2026-04-02,3.84
emp_003782,2026-01-02,3.68
emp_003782,2025-10-04,3.9
emp_003782,2025-07-06,3.55
emp_003782,2025-04-07,3.15
emp_003782,2025-01-07,3.72
emp_003782,2024-10-09,3.39
emp_003782,2024-07-11,3.17
emp_003783,2026-04-02,4.6
emp_003783,2026-01-02,3.88
emp_003783,2025-10-04,3.55
emp_003783,2025-07-06,4.23
emp_003783,2025-04-07,4.58
emp_003783,2025-01-07,4.45
emp_003783,2024-10-09,4.03
emp_003783,2024-07-11,3.8
emp_003784,2026-04-02,3.15
emp_003784,2026-01-02,3.18
emp_003784,2025-10-04,3.77
emp_003784,2025-07-06,3.03
emp_003785,2026-04-02,5.0
emp_003785,2026-01-02,4.05
emp_003785,2025-10-04,4.13
emp_003785,2025-07-06,4.37
emp_003785,2025-04-07,3.68
emp_003785,2025-01-07,4.06
emp_003785,2024-10-09,4.57
emp_003785,2024-07-11,3.78
emp_003786,2026-04-02,4.16
emp_003786,2026-01-02,4.08
emp_003786,2025-10-04,4.4
emp_003786,2025-07-06,4.09
emp_003786,2025-04-07,3.96
emp_003786,2025-01-07,4.02
emp_003786,2024-10-09,4.29
emp_003786,2024-07-11,4.25
emp_003787,2026-04-02,2.91
emp_003787,2026-01-02,4.18
emp_003787,2025-10-04,3.58
emp_003787,2025-07-06,3.51
emp_003788,2026-04-02,3.5
emp_003788,2026-01-02,3.98
emp_003788,2025-10-04,4.51
emp_003788,2025-07-06,3.4
emp_003788,2025-04-07,4.04
emp_003789,2026-04-02,3.57
emp_003789,2026-01-02,3.79
emp_003789,2025-10-04,3.9
emp_003789,2025-07-06,3.81
emp_003789,2025-04-07,3.57
emp_003789,2025-01-07,3.49
emp_003789,2024-10-09,3.64
emp_003789,2024-07-11,3.79
emp_003790,2026-04-02,3.9
emp_003790,2026-01-02,3.87
emp_003790,2025-10-04,3.74
emp_003790,2025-07-06,4.11
emp_003790,2025-04-07,3.99
emp_003790,2025-01-07,4.18
emp_003790,2024-10-09,3.89
emp_003790,2024-07-11,3.99
emp_003791,2026-04-02,3.55
emp_003791,2026-01-02,3.6
emp_003791,2025-10-04,3.66
emp_003791,2025-07-06,3.16
emp_003791,2025-04-07,3.61
emp_003791,2025-01-07,3.48
emp_003791,2024-10-09,3.84
emp_003791,2024-07-11,3.37
emp_003792,2026-04-02,3.25
emp_003792,2026-01-02,3.26
emp_003792,2025-10-04,2.93
emp_003792,2025-07-06,3.37
emp_003792,2025-04-07,4.09
emp_003792,2025-01-07,3.63
emp_003792,2024-10-09,3.5
emp_003792,2024-07-11,4.18
emp_003793,2026-04-02,2.64
emp_003793,2026-01-02,3.63
emp_003793,2025-10-04,2.68
emp_003793,2025-07-06,2.36
emp_003793,2025-04-07,2.72
emp_003793,2025-01-07,3.39
emp_003793,2024-10-09,3.06
emp_003793,2024-07-11,3.06
emp_003794,2026-04-02,3.31
emp_003794,2026-01-02,3.9
emp_003794,2025-10-04,3.27
emp_003794,2025-07-06,3.86
emp_003794,2025-04-07,3.45
emp_003794,2025-01-07,4.18
emp_003794,2024-10-09,3.86
emp_003794,2024-07-11,4.34
emp_003795,2026-04-02,4.15
emp_003795,2026-01-02,4.24
emp_003795,2025-10-04,4.73
emp_003795,2025-07-06,3.92
emp_003795,2025-04-07,4.13
emp_003795,2025-01-07,3.47
emp_003795,2024-10-09,3.64
emp_003795,2024-07-11,4.36
emp_003796,2026-04-02,3.93
emp_003796,2026-01-02,4.27
emp_003796,2025-10-04,4.48
emp_003796,2025-07-06,3.62
emp_003796,2025-04-07,4.13
emp_003796,2025-01-07,4.14
emp_003796,2024-10-09,4.12
emp_003796,2024-07-11,4.04
emp_003797,2026-04-02,3.69
emp_003797,2026-01-02,3.53
emp_003797,2025-10-04,3.5
emp_003798,2026-04-02,3.68
emp_003798,2026-01-02,4.31
emp_003798,2025-10-04,4.0
emp_003798,2025-07-06,4.22
emp_003798,2025-04-07,3.81
emp_003798,2025-01-07,4.2
emp_003798,2024-10-09,4.65
emp_003798,2024-07-11,4.12
emp_003800,2026-04-02,3.09
emp_003800,2026-01-02,4.16
emp_003800,2025-10-04,4.13
emp_003800,2025-07-06,4.28
emp_003800,2025-04-07,3.7
emp_003800,2025-01-07,4.46
emp_003800,2024-10-09,4.21
emp_003800,2024-07-11,3.8
emp_003801,2026-04-02,3.69
emp_003801,2026-01-02,4.04
emp_003801,2025-10-04,4.0
emp_003801,2025-07-06,4.28
emp_003801,2025-04-07,4.12
emp_003801,2025-01-07,3.96
emp_003801,2024-10-09,4.47
emp_003801,2024-07-11,4.44
emp_003802,2026-04-02,4.15
emp_003802,2026-01-02,3.99
emp_003802,2025-10-04,3.58
emp_003803,2026-04-02,4.19
emp_003803,2026-01-02,3.66
emp_003803,2025-10-04,4.09
emp_003803,2025-07-06,4.54
emp_003803,2025-04-07,4.23
emp_003803,2025-01-07,4.07
emp_003803,2024-10-09,4.59
emp_003803,2024-07-11,4.29
emp_003804,2026-04-02,3.95
emp_003804,2026-01-02,3.73
emp_003804,2025-10-04,4.29
emp_003804,2025-07-06,3.64
emp_003804,2025-04-07,3.97
emp_003804,2025-01-07,4.32
emp_003804,2024-10-09,3.72
emp_003804,2024-07-11,3.78
emp_003805,2026-04-02,3.79
emp_003805,2026-01-02,3.87
emp_003805,2025-10-04,2.94
emp_003805,2025-07-06,3.05
emp_003805,2025-04-07,3.84
emp_003805,2025-01-07,3.44
emp_003805,2024-10-09,3.52
emp_003805,2024-07-11,3.58
emp_003806,2026-04-02,3.98
emp_003806,2026-01-02,3.69
emp_003806,2025-10-04,3.63
emp_003806,2025-07-06,4.15
emp_003806,2025-04-07,3.53
emp_003806,2025-01-07,4.21
emp_003806,2024-10-09,4.23
emp_003806,2024-07-11,3.89
emp_003807,2026-04-02,4.21
emp_003807,2026-01-02,3.71
emp_003807,2025-10-04,4.76
emp_003807,2025-07-06,4.18
emp_003807,2025-04-07,4.76
emp_003807,2025-01-07,4.59
emp_003807,2024-10-09,4.42
emp_003807,2024-07-11,3.69
emp_003808,2026-04-02,3.56
emp_003808,2026-01-02,3.67
emp_003808,2025-10-04,3.96
emp_003808,2025-07-06,3.34
emp_003808,2025-04-07,3.09
emp_003808,2025-01-07,3.68
emp_003808,2024-10-09,3.19
emp_003808,2024-07-11,3.15
emp_003809,2026-04-02,4.93
emp_003809,2026-01-02,3.76
emp_003810,2026-04-02,4.25
emp_003810,2026-01-02,3.76
emp_003810,2025-10-04,4.31
emp_003810,2025-07-06,4.14
emp_003810,2025-04-07,4.26
emp_003810,2025-01-07,4.4
emp_003810,2024-10-09,4.85
emp_003811,2026-04-02,3.67
emp_003811,2026-01-02,3.65
emp_003811,2025-10-04,4.47
emp_003811,2025-07-06,3.96
emp_003811,2025-04-07,4.08
emp_003811,2025-01-07,4.57
emp_003811,2024-10-09,4.03
emp_003811,2024-07-11,4.4
emp_003812,2026-04-02,4.54
emp_003812,2026-01-02,3.44
emp_003812,2025-10-04,3.75
emp_003812,2025-07-06,3.9
emp_003812,2025-04-07,3.83
emp_003812,2025-01-07,3.64
emp_003812,2024-10-09,4.35
emp_003812,2024-07-11,4.11
emp_003813,2026-04-02,3.51
emp_003813,2026-01-02,4.13
emp_003813,2025-10-04,4.07
emp_003813,2025-07-06,3.44
emp_003813,2025-04-07,3.93
emp_003813,2025-01-07,3.65
emp_003813,2024-10-09,3.93
emp_003813,2024-07-11,4.01
emp_003814,2026-04-02,3.34
emp_003814,2026-01-02,4.23
emp_003814,2025-10-04,4.17
emp_003814,2025-07-06,3.56
emp_003814,2025-04-07,4.07
emp_003814,2025-01-07,3.19
emp_003814,2024-10-09,4.15
emp_003814,2024-07-11,4.05
emp_003815,2026-04-02,4.17
emp_003815,2026-01-02,4.15
emp_003815,2025-10-04,3.76
emp_003816,2026-04-02,3.67
emp_003816,2026-01-02,4.14
emp_003816,2025-10-04,3.83
emp_003816,2025-07-06,4.21
emp_003816,2025-04-07,4.43
emp_003816,2025-01-07,3.93
emp_003816,2024-10-09,3.29
emp_003816,2024-07-11,3.92
emp_003817,2026-04-02,3.19
emp_003817,2026-01-02,3.5
emp_003817,2025-10-04,3.99
emp_003817,2025-07-06,3.41
emp_003817,2025-04-07,3.83
emp_003817,2025-01-07,3.26
emp_003817,2024-10-09,3.58
emp_003817,2024-07-11,3.91
emp_003818,2026-04-02,3.66
emp_003818,2026-01-02,2.74
emp_003818,2025-10-04,2.8
emp_003818,2025-07-06,3.25
emp_003818,2025-04-07,2.84
emp_003818,2025-01-07,3.22
emp_003818,2024-10-09,3.09
emp_003818,2024-07-11,2.53
emp_003819,2026-04-02,3.43
emp_003819,2026-01-02,4.26
emp_003819,2025-10-04,4.3
emp_003819,2025-07-06,3.89
emp_003819,2025-04-07,4.44
emp_003819,2025-01-07,4.37
emp_003819,2024-10-09,3.72
emp_003819,2024-07-11,4.16
emp_003820,2026-04-02,3.71
emp_003820,2026-01-02,3.76
emp_003820,2025-10-04,3.09
emp_003820,2025-07-06,3.07
emp_003820,2025-04-07,3.35
emp_003821,2026-04-02,4.31
emp_003821,2026-01-02,4.14
emp_003821,2025-10-04,3.83
emp_003822,2026-04-02,4.1
emp_003822,2026-01-02,3.7
emp_003822,2025-10-04,4.24
emp_003822,2025-07-06,4.35
emp_003822,2025-04-07,3.95
emp_003822,2025-01-07,4.54
emp_003822,2024-10-09,5.0
emp_003822,2024-07-11,4.2
emp_003823,2026-04-02,3.61
emp_003823,2026-01-02,3.26
emp_003823,2025-10-04,3.87
emp_003823,2025-07-06,3.63
emp_003823,2025-04-07,4.14
emp_003823,2025-01-07,3.96
emp_003823,2024-10-09,4.27
emp_003823,2024-07-11,3.61
emp_003824,2026-04-02,3.1
emp_003824,2026-01-02,3.61
emp_003824,2025-10-04,3.6
emp_003824,2025-07-06,3.52
emp_003825,2026-04-02,3.96
emp_003825,2026-01-02,3.32
emp_003825,2025-10-04,3.08
emp_003825,2025-07-06,3.49
emp_003825,2025-04-07,3.81
emp_003825,2025-01-07,2.98
emp_003825,2024-10-09,4.01
emp_003826,2026-04-02,4.23
emp_003826,2026-01-02,4.38
emp_003826,2025-10-04,4.23
emp_003826,2025-07-06,4.22
emp_003826,2025-04-07,4.25
emp_003826,2025-01-07,4.0
emp_003826,2024-10-09,4.5
emp_003826,2024-07-11,3.9
emp_003827,2026-04-02,3.56
emp_003827,2026-01-02,3.91
emp_003827,2025-10-04,3.14
emp_003827,2025-07-06,4.24
emp_003827,2025-04-07,3.22
emp_003827,2025-01-07,3.43
emp_003827,2024-10-09,3.89
emp_003828,2026-04-02,3.81
emp_003828,2026-01-02,3.72
emp_003829,2026-04-02,3.22
emp_003829,2026-01-02,3.87
emp_003829,2025-10-04,3.74
emp_003830,2026-04-02,3.8
emp_003830,2026-01-02,3.89
emp_003830,2025-10-04,3.73
emp_003831,2026-04-02,3.69
emp_003831,2026-01-02,4.03
emp_003831,2025-10-04,4.09
emp_003831,2025-07-06,3.96
emp_003831,2025-04-07,3.86
emp_003831,2025-01-07,4.18
emp_003831,2024-10-09,3.51
emp_003831,2024-07-11,4.36
emp_003832,2026-04-02,3.34
emp_003832,2026-01-02,3.32
emp_003832,2025-10-04,3.22
emp_003832,2025-07-06,3.49
emp_003832,2025-04-07,3.99
emp_003832,2025-01-07,3.08
emp_003832,2024-10-09,3.31
emp_003832,2024-07-11,2.97
emp_003833,2026-04-02,3.33
emp_003833,2026-01-02,3.38
emp_003833,2025-10-04,3.96
emp_003833,2025-07-06,3.65
emp_003833,2025-04-07,3.99
emp_003833,2025-01-07,4.2
emp_003833,2024-10-09,3.7
emp_003833,2024-07-11,3.91
emp_003834,2026-04-02,4.11
emp_003834,2026-01-02,4.56
emp_003834,2025-10-04,4.67
emp_003834,2025-07-06,4.45
emp_003834,2025-04-07,3.95
emp_003834,2025-01-07,3.58
emp_003834,2024-10-09,4.32
emp_003834,2024-07-11,4.34
emp_003835,2026-04-02,4.08
emp_003835,2026-01-02,4.17
emp_003835,2025-10-04,4.35
emp_003836,2026-04-02,3.79
emp_003836,2026-01-02,4.35
emp_003836,2025-10-04,4.39
emp_003836,2025-07-06,3.11
emp_003837,2026-04-02,3.42
emp_003837,2026-01-02,3.42
emp_003837,2025-10-04,2.89
emp_003837,2025-07-06,2.88
emp_003838,2026-04-02,3.8
emp_003838,2026-01-02,3.93
emp_003838,2025-10-04,3.92
emp_003839,2026-04-02,4.46
emp_003839,2026-01-02,4.17
emp_003839,2025-10-04,4.1
emp_003839,2025-07-06,4.6
emp_003839,2025-04-07,4.13
emp_003839,2025-01-07,4.29
emp_003839,2024-10-09,4.28
emp_003839,2024-07-11,3.62
emp_003840,2026-04-02,3.94
emp_003840,2026-01-02,3.61
emp_003840,2025-10-04,3.08
emp_003840,2025-07-06,4.1
emp_003840,2025-04-07,4.04
emp_003840,2025-01-07,4.24
emp_003840,2024-10-09,3.58
emp_003840,2024-07-11,4.09
emp_003841,2026-04-02,4.33
emp_003841,2026-01-02,4.05
emp_003841,2025-10-04,3.97
emp_003841,2025-07-06,3.7
emp_003842,2026-04-02,3.66
emp_003842,2026-01-02,3.76
emp_003842,2025-10-04,4.1
emp_003842,2025-07-06,3.69
emp_003842,2025-04-07,3.91
emp_003842,2025-01-07,3.66
emp_003842,2024-10-09,3.73
emp_003842,2024-07-11,3.78
emp_003843,2026-04-02,3.7
emp_003843,2026-01-02,4.43
emp_003843,2025-10-04,4.24
emp_003843,2025-07-06,4.41
emp_003843,2025-04-07,3.87
emp_003843,2025-01-07,3.71
emp_003843,2024-10-09,4.54
emp_003843,2024-07-11,3.65
emp_003844,2026-04-02,4.12
emp_003844,2026-01-02,3.53
emp_003844,2025-10-04,3.8
emp_003844,2025-07-06,3.69
emp_003844,2025-04-07,4.01
emp_003844,2025-01-07,4.26
emp_003846,2026-04-02,2.85
emp_003846,2026-01-02,3.33
emp_003846,2025-10-04,2.92
emp_003846,2025-07-06,3.34
emp_003846,2025-04-07,3.64
emp_003846,2025-01-07,3.6
emp_003846,2024-10-09,3.38
emp_003846,2024-07-11,3.52
emp_003847,2026-04-02,4.3
emp_003847,2026-01-02,4.12
emp_003847,2025-10-04,3.8
emp_003847,2025-07-06,4.17
emp_003847,2025-04-07,4.18
emp_003847,2025-01-07,3.41
emp_003847,2024-10-09,3.48
emp_003847,2024-07-11,4.17
emp_003848,2026-04-02,3.74
emp_003848,2026-01-02,3.11
emp_003848,2025-10-04,3.93
emp_003848,2025-07-06,3.49
emp_003848,2025-04-07,3.75
emp_003848,2025-01-07,3.48
emp_003848,2024-10-09,3.14
emp_003848,2024-07-11,4.01
emp_003849,2026-04-02,3.57
emp_003849,2026-01-02,4.22
emp_003849,2025-10-04,3.67
emp_003849,2025-07-06,3.61
emp_003849,2025-04-07,4.13
emp_003849,2025-01-07,3.42
emp_003849,2024-10-09,3.65
emp_003849,2024-07-11,3.79
emp_003850,2026-04-02,4.08
emp_003850,2026-01-02,4.28
emp_003850,2025-10-04,3.62
emp_003850,2025-07-06,4.27
emp_003850,2025-04-07,4.1
emp_003850,2025-01-07,3.67
emp_003850,2024-10-09,3.63
emp_003850,2024-07-11,3.91
emp_003851,2026-04-02,3.63
emp_003851,2026-01-02,3.21
emp_003851,2025-10-04,3.61
emp_003851,2025-07-06,4.1
emp_003851,2025-04-07,4.2
emp_003851,2025-01-07,3.53
emp_003851,2024-10-09,3.98
emp_003851,2024-07-11,4.02
emp_003852,2026-04-02,3.44
emp_003852,2026-01-02,4.64
emp_003852,2025-10-04,3.61
emp_003852,2025-07-06,3.98
emp_003852,2025-04-07,4.2
emp_003852,2025-01-07,3.6
emp_003852,2024-10-09,3.76
emp_003852,2024-07-11,3.66
emp_003853,2026-04-02,4.05
emp_003853,2026-01-02,3.71
emp_003853,2025-10-04,3.64
emp_003853,2025-07-06,3.41
emp_003853,2025-04-07,3.94
emp_003853,2025-01-07,3.98
emp_003853,2024-10-09,3.61
emp_003853,2024-07-11,3.95
emp_003854,2026-04-02,3.22
emp_003854,2026-01-02,3.45
emp_003854,2025-10-04,3.25
emp_003854,2025-07-06,3.13
emp_003854,2025-04-07,3.11
emp_003854,2025-01-07,3.85
emp_003854,2024-10-09,3.78
emp_003854,2024-07-11,3.3
emp_003855,2026-04-02,3.69
emp_003855,2026-01-02,4.21
emp_003855,2025-10-04,3.17
emp_003855,2025-07-06,3.47
emp_003856,2026-04-02,3.94
emp_003856,2026-01-02,3.4
emp_003856,2025-10-04,4.21
emp_003856,2025-07-06,3.66
emp_003856,2025-04-07,3.96
emp_003856,2025-01-07,3.85
emp_003856,2024-10-09,3.77
emp_003856,2024-07-11,4.2
emp_003857,2026-04-02,3.27
emp_003857,2026-01-02,3.58
emp_003857,2025-10-04,3.48
emp_003857,2025-07-06,4.15
emp_003857,2025-04-07,3.89
emp_003857,2025-01-07,3.84
emp_003857,2024-10-09,3.19
emp_003857,2024-07-11,3.35
emp_003858,2026-04-02,3.3
emp_003858,2026-01-02,3.15
emp_003858,2025-10-04,3.46
emp_003858,2025-07-06,3.79
emp_003858,2025-04-07,3.23
emp_003858,2025-01-07,3.81
emp_003858,2024-10-09,3.45
emp_003858,2024-07-11,3.39
emp_003859,2026-04-02,3.77
emp_003859,2026-01-02,3.77
emp_003859,2025-10-04,4.14
emp_003859,2025-07-06,4.06
emp_003859,2025-04-07,4.42
emp_003859,2025-01-07,4.25
emp_003859,2024-10-09,3.62
emp_003859,2024-07-11,4.01
emp_003860,2026-04-02,3.28
emp_003860,2026-01-02,2.69
emp_003860,2025-10-04,3.02
emp_003860,2025-07-06,2.96
emp_003860,2025-04-07,3.72
emp_003860,2025-01-07,3.64
emp_003860,2024-10-09,3.49
emp_003861,2026-04-02,3.73
emp_003861,2026-01-02,3.52
emp_003861,2025-10-04,2.74
emp_003861,2025-07-06,3.38
emp_003861,2025-04-07,3.27
emp_003861,2025-01-07,3.61
emp_003861,2024-10-09,3.74
emp_003861,2024-07-11,3.17
emp_003862,2026-04-02,4.15
emp_003862,2026-01-02,3.95
emp_003863,2026-04-02,3.95
emp_003863,2026-01-02,3.87
emp_003863,2025-10-04,3.54
emp_003863,2025-07-06,3.86
emp_003863,2025-04-07,3.66
emp_003863,2025-01-07,3.32
emp_003863,2024-10-09,3.95
emp_003863,2024-07-11,3.06
emp_003864,2026-04-02,4.19
emp_003864,2026-01-02,3.79
emp_003864,2025-10-04,3.9
emp_003864,2025-07-06,4.0
emp_003864,2025-04-07,4.86
emp_003865,2026-04-02,4.26
emp_003865,2026-01-02,3.82
emp_003865,2025-10-04,4.13
emp_003865,2025-07-06,3.96
emp_003865,2025-04-07,4.09
emp_003865,2025-01-07,3.33
emp_003865,2024-10-09,4.09
emp_003866,2026-04-02,3.62
emp_003866,2026-01-02,3.77
emp_003866,2025-10-04,3.11
emp_003866,2025-07-06,3.69
emp_003866,2025-04-07,3.94
emp_003866,2025-01-07,3.2
emp_003866,2024-10-09,3.47
emp_003866,2024-07-11,4.33
emp_003867,2026-04-02,3.78
emp_003867,2026-01-02,3.64
emp_003867,2025-10-04,4.2
emp_003867,2025-07-06,3.68
emp_003867,2025-04-07,3.78
emp_003867,2025-01-07,3.56
emp_003867,2024-10-09,3.65
emp_003867,2024-07-11,3.51
emp_003868,2026-04-02,3.65
emp_003868,2026-01-02,3.67
emp_003868,2025-10-04,4.25
emp_003868,2025-07-06,4.15
emp_003868,2025-04-07,3.86
emp_003868,2025-01-07,3.95
emp_003868,2024-10-09,4.26
emp_003868,2024-07-11,3.59
emp_003869,2026-04-02,3.97
emp_003869,2026-01-02,4.01
emp_003869,2025-10-04,4.39
emp_003869,2025-07-06,4.6
emp_003869,2025-04-07,3.18
emp_003869,2025-01-07,3.69
emp_003869,2024-10-09,3.86
emp_003869,2024-07-11,4.34
emp_003870,2026-04-02,3.64
emp_003870,2026-01-02,4.37
emp_003870,2025-10-04,4.06
emp_003870,2025-07-06,4.13
emp_003870,2025-04-07,4.28
emp_003870,2025-01-07,4.27
emp_003870,2024-10-09,4.18
emp_003870,2024-07-11,3.74
emp_003871,2026-04-02,4.05
emp_003871,2026-01-02,4.16
emp_003871,2025-10-04,4.15
emp_003871,2025-07-06,3.88
emp_003871,2025-04-07,4.59
emp_003871,2025-01-07,3.76
emp_003871,2024-10-09,4.16
emp_003871,2024-07-11,4.04
emp_003872,2026-04-02,3.66
emp_003872,2026-01-02,4.3
emp_003872,2025-10-04,4.02
emp_003872,2025-07-06,3.87
emp_003872,2025-04-07,4.58
emp_003872,2025-01-07,3.85
emp_003872,2024-10-09,4.41
emp_003872,2024-07-11,4.35
emp_003873,2026-04-02,3.54
emp_003873,2026-01-02,3.63
emp_003873,2025-10-04,3.44
emp_003873,2025-07-06,3.89
emp_003873,2025-04-07,3.78
emp_003874,2026-04-02,3.8
emp_003874,2026-01-02,4.14
emp_003874,2025-10-04,4.05
emp_003874,2025-07-06,4.02
emp_003874,2025-04-07,4.31
emp_003874,2025-01-07,4.18
emp_003874,2024-10-09,4.83
emp_003874,2024-07-11,4.37
emp_003875,2026-04-02,4.15
emp_003875,2026-01-02,3.32
emp_003875,2025-10-04,3.63
emp_003875,2025-07-06,3.28
emp_003875,2025-04-07,3.53
emp_003875,2025-01-07,3.58
emp_003876,2026-04-02,3.53
emp_003876,2026-01-02,4.19
emp_003876,2025-10-04,3.72
emp_003876,2025-07-06,3.25
emp_003876,2025-04-07,3.63
emp_003876,2025-01-07,3.8
emp_003876,2024-10-09,3.72
emp_003876,2024-07-11,3.4
emp_003877,2026-04-02,4.1
emp_003877,2026-01-02,4.17
emp_003877,2025-10-04,4.04
emp_003877,2025-07-06,3.84
emp_003877,2025-04-07,3.89
emp_003877,2025-01-07,4.34
emp_003877,2024-10-09,3.63
emp_003877,2024-07-11,4.04
emp_003878,2026-04-02,4.09
emp_003878,2026-01-02,3.97
emp_003878,2025-10-04,3.8
emp_003878,2025-07-06,3.98
emp_003879,2026-04-02,4.59
emp_003879,2026-01-02,4.17
emp_003879,2025-10-04,4.06
emp_003879,2025-07-06,3.92
emp_003879,2025-04-07,4.12
emp_003879,2025-01-07,4.36
emp_003879,2024-10-09,3.77
emp_003879,2024-07-11,3.19
emp_003880,2026-04-02,4.17
emp_003880,2026-01-02,3.89
emp_003880,2025-10-04,3.31
emp_003880,2025-07-06,3.45
emp_003880,2025-04-07,4.04
emp_003880,2025-01-07,3.35
emp_003880,2024-10-09,4.14
emp_003881,2026-04-02,3.22
emp_003881,2026-01-02,3.2
emp_003881,2025-10-04,3.63
emp_003881,2025-07-06,3.8
emp_003881,2025-04-07,3.47
emp_003881,2025-01-07,3.61
emp_003881,2024-10-09,3.58
emp_003881,2024-07-11,3.66
emp_003882,2026-04-02,3.36
emp_003882,2026-01-02,3.53
emp_003882,2025-10-04,4.06
emp_003882,2025-07-06,3.46
emp_003882,2025-04-07,3.7
emp_003882,2025-01-07,3.97
emp_003882,2024-10-09,3.51
emp_003882,2024-07-11,3.9
emp_003883,2026-04-02,4.45
emp_003883,2026-01-02,4.02
emp_003883,2025-10-04,3.86
emp_003883,2025-07-06,3.85
emp_003883,2025-04-07,4.63
emp_003883,2025-01-07,4.33
emp_003883,2024-10-09,4.49
emp_003884,2026-04-02,3.22
emp_003884,2026-01-02,3.37
emp_003884,2025-10-04,3.97
emp_003884,2025-07-06,3.66
emp_003884,2025-04-07,3.5
emp_003884,2025-01-07,3.3
emp_003884,2024-10-09,3.12
emp_003884,2024-07-11,3.85
emp_003885,2026-04-02,3.4
emp_003885,2026-01-02,3.61
emp_003885,2025-10-04,3.52
emp_003885,2025-07-06,3.33
emp_003886,2026-04-02,4.11
emp_003886,2026-01-02,3.5
emp_003886,2025-10-04,4.18
emp_003886,2025-07-06,4.62
emp_003886,2025-04-07,4.08
emp_003886,2025-01-07,3.75
emp_003886,2024-10-09,4.24
emp_003886,2024-07-11,3.57
emp_003887,2026-04-02,4.51
emp_003888,2026-04-02,4.52
emp_003888,2026-01-02,4.56
emp_003888,2025-10-04,3.33
emp_003888,2025-07-06,3.72
emp_003888,2025-04-07,4.31
emp_003888,2025-01-07,3.98
emp_003888,2024-10-09,4.5
emp_003888,2024-07-11,4.26
emp_003889,2026-04-02,2.88
emp_003889,2026-01-02,3.37
emp_003889,2025-10-04,3.26
emp_003889,2025-07-06,3.8
emp_003889,2025-04-07,3.4
emp_003889,2025-01-07,3.74
emp_003889,2024-10-09,3.63
emp_003889,2024-07-11,4.01
emp_003890,2026-04-02,3.43
emp_003890,2026-01-02,4.39
emp_003890,2025-10-04,3.66
emp_003890,2025-07-06,4.17
emp_003890,2025-04-07,3.66
emp_003890,2025-01-07,3.87
emp_003890,2024-10-09,4.44
emp_003890,2024-07-11,4.26
emp_003891,2026-04-02,3.43
emp_003891,2026-01-02,4.04
emp_003891,2025-10-04,3.5
emp_003891,2025-07-06,3.17
emp_003891,2025-04-07,3.69
emp_003891,2025-01-07,3.65
emp_003891,2024-10-09,3.41
emp_003891,2024-07-11,3.41
emp_003892,2026-04-02,3.76
emp_003892,2026-01-02,3.55
emp_003892,2025-10-04,3.96
emp_003892,2025-07-06,4.49
emp_003893,2026-04-02,3.11
emp_003893,2026-01-02,3.53
emp_003893,2025-10-04,3.1
emp_003893,2025-07-06,3.51
emp_003894,2026-04-02,4.11
emp_003894,2026-01-02,4.2
emp_003894,2025-10-04,4.5
emp_003894,2025-07-06,4.08
emp_003894,2025-04-07,4.36
emp_003894,2025-01-07,4.39
emp_003894,2024-10-09,4.78
emp_003894,2024-07-11,4.46
emp_003895,2026-04-02,3.56
emp_003895,2026-01-02,3.74
emp_003895,2025-10-04,4.0
emp_003895,2025-07-06,4.25
emp_003895,2025-04-07,3.62
emp_003895,2025-01-07,3.32
emp_003895,2024-10-09,3.55
emp_003895,2024-07-11,3.69
emp_003896,2026-04-02,3.97
emp_003896,2026-01-02,4.0
emp_003896,2025-10-04,4.09
emp_003896,2025-07-06,3.85
emp_003896,2025-04-07,4.56
emp_003896,2025-01-07,3.75
emp_003897,2026-04-02,4.19
emp_003897,2026-01-02,4.25
emp_003897,2025-10-04,3.82
emp_003897,2025-07-06,3.47
emp_003897,2025-04-07,4.28
emp_003897,2025-01-07,4.33
emp_003897,2024-10-09,4.24
emp_003897,2024-07-11,4.09
emp_003898,2026-04-02,4.04
emp_003898,2026-01-02,4.23
emp_003898,2025-10-04,3.45
emp_003898,2025-07-06,3.48
emp_003898,2025-04-07,3.7
emp_003898,2025-01-07,3.58
emp_003899,2026-04-02,3.81
emp_003899,2026-01-02,3.62
emp_003899,2025-10-04,3.97
emp_003899,2025-07-06,4.1
emp_003899,2025-04-07,4.03
emp_003899,2025-01-07,3.82
emp_003899,2024-10-09,3.71
emp_003899,2024-07-11,3.47
emp_003900,2026-04-02,3.38
emp_003900,2026-01-02,3.7
emp_003900,2025-10-04,3.65
emp_003900,2025-07-06,4.25
emp_003900,2025-04-07,3.62
emp_003901,2026-04-02,3.44
emp_003901,2026-01-02,3.41
emp_003901,2025-10-04,2.82
emp_003901,2025-07-06,3.0
emp_003901,2025-04-07,3.44
emp_003901,2025-01-07,3.01
emp_003901,2024-10-09,3.53
emp_003901,2024-07-11,3.5
emp_003902,2026-04-02,3.55
emp_003902,2026-01-02,3.4
emp_003902,2025-10-04,4.18
emp_003902,2025-07-06,4.17
emp_003903,2026-04-02,3.02
emp_003903,2026-01-02,3.39
emp_003903,2025-10-04,3.79
emp_003903,2025-07-06,3.48
emp_003903,2025-04-07,2.76
emp_003903,2025-01-07,3.5
emp_003903,2024-10-09,3.1
emp_003903,2024-07-11,3.41
emp_003904,2026-04-02,3.5
emp_003904,2026-01-02,3.49
emp_003904,2025-10-04,3.31
emp_003904,2025-07-06,3.22
emp_003904,2025-04-07,3.58
emp_003904,2025-01-07,3.46
emp_003904,2024-10-09,3.36
emp_003904,2024-07-11,3.18
emp_003905,2026-04-02,3.22
emp_003905,2026-01-02,3.39
emp_003905,2025-10-04,3.69
emp_003905,2025-07-06,3.13
emp_003906,2026-04-02,4.01
emp_003906,2026-01-02,3.38
emp_003906,2025-10-04,4.03
emp_003906,2025-07-06,3.21
emp_003906,2025-04-07,4.47
emp_003906,2025-01-07,4.07
emp_003906,2024-10-09,3.01
emp_003906,2024-07-11,4.53
emp_003907,2026-04-02,3.26
emp_003907,2026-01-02,4.01
emp_003907,2025-10-04,4.06
emp_003907,2025-07-06,4.17
emp_003907,2025-04-07,3.53
emp_003907,2025-01-07,3.51
emp_003907,2024-10-09,3.23
emp_003907,2024-07-11,3.36
emp_003908,2026-04-02,3.76
emp_003908,2026-01-02,4.01
emp_003908,2025-10-04,3.94
emp_003908,2025-07-06,4.32
emp_003908,2025-04-07,3.67
emp_003908,2025-01-07,2.98
emp_003909,2026-04-02,3.46
emp_003909,2026-01-02,4.29
emp_003909,2025-10-04,3.69
emp_003909,2025-07-06,3.54
emp_003909,2025-04-07,3.29
emp_003909,2025-01-07,3.75
emp_003909,2024-10-09,3.42
emp_003909,2024-07-11,3.81
emp_003910,2026-04-02,3.4
emp_003910,2026-01-02,4.7
emp_003910,2025-10-04,4.78
emp_003910,2025-07-06,3.62
emp_003910,2025-04-07,4.93
emp_003910,2025-01-07,3.84
emp_003910,2024-10-09,4.16
emp_003910,2024-07-11,3.93
emp_003911,2026-04-02,3.57
emp_003911,2026-01-02,3.6
emp_003911,2025-10-04,4.2
emp_003911,2025-07-06,4.12
emp_003911,2025-04-07,3.91
emp_003911,2025-01-07,4.13
emp_003911,2024-10-09,4.01
emp_003911,2024-07-11,3.73
emp_003912,2026-04-02,3.92
emp_003912,2026-01-02,3.47
emp_003913,2026-04-02,4.08
emp_003913,2026-01-02,3.91
emp_003913,2025-10-04,3.77
emp_003913,2025-07-06,3.68
emp_003914,2026-04-02,3.86
emp_003914,2026-01-02,3.08
emp_003914,2025-10-04,4.09
emp_003914,2025-07-06,3.14
emp_003915,2026-04-02,3.12
emp_003915,2026-01-02,3.98
emp_003915,2025-10-04,3.58
emp_003915,2025-07-06,3.32
emp_003915,2025-04-07,3.32
emp_003915,2025-01-07,2.52
emp_003916,2026-04-02,3.33
emp_003916,2026-01-02,3.81
emp_003916,2025-10-04,3.54
emp_003916,2025-07-06,3.7
emp_003916,2025-04-07,3.64
emp_003916,2025-01-07,3.93
emp_003916,2024-10-09,3.47
emp_003916,2024-07-11,4.05
emp_003917,2026-04-02,3.64
emp_003917,2026-01-02,3.86
emp_003917,2025-10-04,3.15
emp_003917,2025-07-06,3.21
emp_003917,2025-04-07,3.25
emp_003917,2025-01-07,3.84
emp_003917,2024-10-09,3.33
emp_003917,2024-07-11,4.17
emp_003918,2026-04-02,3.76
emp_003918,2026-01-02,3.77
emp_003918,2025-10-04,3.32
emp_003918,2025-07-06,3.53
emp_003918,2025-04-07,3.33
emp_003918,2025-01-07,3.07
emp_003918,2024-10-09,3.39
emp_003918,2024-07-11,3.25
emp_003919,2026-04-02,4.88
emp_003919,2026-01-02,4.79
emp_003919,2025-10-04,4.23
emp_003919,2025-07-06,4.51
emp_003919,2025-04-07,4.13
emp_003919,2025-01-07,4.66
emp_003919,2024-10-09,3.76
emp_003919,2024-07-11,3.82
emp_003920,2026-04-02,3.45
emp_003920,2026-01-02,3.91
emp_003920,2025-10-04,4.18
emp_003920,2025-07-06,3.47
emp_003920,2025-04-07,3.39
emp_003920,2025-01-07,4.15
emp_003920,2024-10-09,3.7
emp_003920,2024-07-11,4.27
emp_003921,2026-04-02,4.01
emp_003921,2026-01-02,3.7
emp_003921,2025-10-04,3.51
emp_003921,2025-07-06,3.46
emp_003921,2025-04-07,3.71
emp_003921,2025-01-07,2.91
emp_003921,2024-10-09,3.52
emp_003921,2024-07-11,3.17
emp_003922,2026-04-02,3.29
emp_003922,2026-01-02,3.36
emp_003922,2025-10-04,2.87
emp_003922,2025-07-06,3.16
emp_003922,2025-04-07,3.37
emp_003922,2025-01-07,3.41
emp_003922,2024-10-09,3.48
emp_003922,2024-07-11,2.99
emp_003923,2026-04-02,3.46
emp_003923,2026-01-02,3.48
emp_003923,2025-10-04,4.19
emp_003923,2025-07-06,4.23
emp_003923,2025-04-07,3.33
emp_003923,2025-01-07,3.99
emp_003923,2024-10-09,4.16
emp_003923,2024-07-11,3.8
emp_003924,2026-04-02,3.65
emp_003924,2026-01-02,3.5
emp_003924,2025-10-04,2.9
emp_003924,2025-07-06,3.44
emp_003924,2025-04-07,4.12
emp_003924,2025-01-07,4.01
emp_003924,2024-10-09,3.6
emp_003924,2024-07-11,3.94
emp_003926,2026-04-02,3.51
emp_003926,2026-01-02,3.83
emp_003926,2025-10-04,3.5
emp_003926,2025-07-06,4.06
emp_003926,2025-04-07,3.49
emp_003926,2025-01-07,3.26
emp_003926,2024-10-09,3.92
emp_003926,2024-07-11,3.46
emp_003927,2026-04-02,3.9
emp_003927,2026-01-02,3.92
emp_003927,2025-10-04,3.46
emp_003927,2025-07-06,2.92
emp_003927,2025-04-07,3.03
emp_003927,2025-01-07,4.07
emp_003927,2024-10-09,3.2
emp_003927,2024-07-11,3.51
emp_003928,2026-04-02,3.65
emp_003928,2026-01-02,3.59
emp_003928,2025-10-04,4.53
emp_003928,2025-07-06,3.81
emp_003928,2025-04-07,3.96
emp_003928,2025-01-07,3.18
emp_003929,2026-04-02,3.83
emp_003930,2026-04-02,3.35
emp_003930,2026-01-02,3.46
emp_003930,2025-10-04,2.88
emp_003930,2025-07-06,3.21
emp_003930,2025-04-07,4.07
emp_003930,2025-01-07,3.25
emp_003930,2024-10-09,2.56
emp_003930,2024-07-11,3.44
emp_003931,2026-04-02,3.83
emp_003931,2026-01-02,2.85
emp_003931,2025-10-04,3.46
emp_003931,2025-07-06,3.62
emp_003931,2025-04-07,3.32
emp_003931,2025-01-07,4.03
emp_003931,2024-10-09,3.77
emp_003931,2024-07-11,2.85
emp_003932,2026-04-02,4.31
emp_003932,2026-01-02,4.04
emp_003933,2026-04-02,4.15
emp_003933,2026-01-02,3.1
emp_003933,2025-10-04,3.58
emp_003933,2025-07-06,3.76
emp_003933,2025-04-07,3.57
emp_003934,2026-04-02,4.04
emp_003934,2026-01-02,3.97
emp_003934,2025-10-04,3.49
emp_003934,2025-07-06,4.34
emp_003934,2025-04-07,3.9
emp_003934,2025-01-07,3.65
emp_003934,2024-10-09,4.08
emp_003934,2024-07-11,3.73
emp_003935,2026-04-02,4.43
emp_003935,2026-01-02,4.23
emp_003935,2025-10-04,4.02
emp_003935,2025-07-06,4.33
emp_003935,2025-04-07,3.57
emp_003935,2025-01-07,4.76
emp_003935,2024-10-09,4.71
emp_003935,2024-07-11,4.52
emp_003936,2026-04-02,4.08
emp_003937,2026-04-02,4.87
emp_003937,2026-01-02,4.38
emp_003937,2025-10-04,3.66
emp_003937,2025-07-06,4.57
emp_003937,2025-04-07,4.28
emp_003937,2025-01-07,3.83
emp_003937,2024-10-09,4.26
emp_003937,2024-07-11,4.54
emp_003938,2026-04-02,3.16
emp_003938,2026-01-02,4.02
emp_003938,2025-10-04,3.39
emp_003938,2025-07-06,3.46
emp_003938,2025-04-07,2.87
emp_003939,2026-04-02,4.19
emp_003939,2026-01-02,4.63
emp_003939,2025-10-04,4.65
emp_003939,2025-07-06,4.27
emp_003939,2025-04-07,3.89
emp_003939,2025-01-07,4.11
emp_003939,2024-10-09,3.92
emp_003939,2024-07-11,4.29
emp_003940,2026-04-02,3.66
emp_003940,2026-01-02,3.99
emp_003940,2025-10-04,3.99
emp_003940,2025-07-06,3.92
emp_003940,2025-04-07,4.11
emp_003940,2025-01-07,4.24
emp_003940,2024-10-09,3.92
emp_003940,2024-07-11,4.14
emp_003941,2026-04-02,4.32
emp_003941,2026-01-02,4.04
emp_003941,2025-10-04,4.17
emp_003941,2025-07-06,4.15
emp_003941,2025-04-07,3.67
emp_003941,2025-01-07,4.24
emp_003941,2024-10-09,4.02
emp_003941,2024-07-11,3.85
emp_003942,2026-04-02,4.44
emp_003942,2026-01-02,4.35
emp_003942,2025-10-04,4.39
emp_003942,2025-07-06,4.52
emp_003942,2025-04-07,4.52
emp_003942,2025-01-07,4.01
emp_003942,2024-10-09,5.0
emp_003942,2024-07-11,4.37
emp_003943,2026-04-02,3.64
emp_003943,2026-01-02,3.8
emp_003943,2025-10-04,3.9
emp_003943,2025-07-06,3.67
emp_003943,2025-04-07,3.47
emp_003943,2025-01-07,3.77
emp_003944,2026-04-02,4.58
emp_003944,2026-01-02,4.01
emp_003944,2025-10-04,4.0
emp_003944,2025-07-06,4.52
emp_003944,2025-04-07,4.55
emp_003944,2025-01-07,3.92
emp_003944,2024-10-09,4.12
emp_003944,2024-07-11,4.33
emp_003945,2026-04-02,4.21
emp_003945,2026-01-02,3.74
emp_003945,2025-10-04,3.91
emp_003945,2025-07-06,4.17
emp_003945,2025-04-07,3.89
emp_003945,2025-01-07,4.21
emp_003946,2026-04-02,3.82
emp_003946,2026-01-02,3.85
emp_003947,2026-04-02,4.21
emp_003947,2026-01-02,4.62
emp_003947,2025-10-04,4.53
emp_003947,2025-07-06,4.76
emp_003947,2025-04-07,5.0
emp_003947,2025-01-07,4.13
emp_003947,2024-10-09,4.13
emp_003947,2024-07-11,4.15
emp_003948,2026-04-02,4.44
emp_003948,2026-01-02,3.97
emp_003948,2025-10-04,4.55
emp_003948,2025-07-06,4.6
emp_003948,2025-04-07,4.47
emp_003948,2025-01-07,4.17
emp_003948,2024-10-09,4.36
emp_003949,2026-04-02,3.43
emp_003949,2026-01-02,4.84
emp_003949,2025-10-04,3.75
emp_003949,2025-07-06,3.51
emp_003949,2025-04-07,3.77
emp_003950,2026-04-02,4.14
emp_003950,2026-01-02,4.43
emp_003950,2025-10-04,3.68
emp_003950,2025-07-06,3.54
emp_003950,2025-04-07,4.91
emp_003950,2025-01-07,3.53
emp_003950,2024-10-09,3.72
emp_003950,2024-07-11,3.28
emp_003951,2026-04-02,3.33
emp_003951,2026-01-02,4.23
emp_003951,2025-10-04,4.28
emp_003951,2025-07-06,4.04
emp_003951,2025-04-07,4.49
emp_003951,2025-01-07,3.77
emp_003951,2024-10-09,4.67
emp_003951,2024-07-11,4.21
emp_003952,2026-04-02,4.12
emp_003952,2026-01-02,3.94
emp_003952,2025-10-04,3.7
emp_003952,2025-07-06,3.3
emp_003952,2025-04-07,3.81
emp_003952,2025-01-07,3.62
emp_003953,2026-04-02,3.47
emp_003953,2026-01-02,3.74
emp_003953,2025-10-04,4.91
emp_003953,2025-07-06,4.3
emp_003953,2025-04-07,3.32
emp_003953,2025-01-07,3.73
emp_003953,2024-10-09,4.41
emp_003953,2024-07-11,4.18
emp_003954,2026-04-02,3.67
emp_003954,2026-01-02,3.29
emp_003954,2025-10-04,3.69
emp_003954,2025-07-06,3.2
emp_003954,2025-04-07,4.14
emp_003954,2025-01-07,2.89
emp_003955,2026-04-02,3.41
emp_003955,2026-01-02,4.16
emp_003955,2025-10-04,3.93
emp_003955,2025-07-06,3.81
emp_003955,2025-04-07,3.8
emp_003956,2026-04-02,3.62
emp_003956,2026-01-02,3.98
emp_003956,2025-10-04,4.08
emp_003956,2025-07-06,3.61
emp_003956,2025-04-07,3.69
emp_003956,2025-01-07,4.08
emp_003956,2024-10-09,3.93
emp_003956,2024-07-11,4.47
emp_003957,2026-04-02,3.35
emp_003957,2026-01-02,3.5
emp_003957,2025-10-04,4.06
emp_003957,2025-07-06,3.62
emp_003957,2025-04-07,3.63
emp_003957,2025-01-07,3.39
emp_003957,2024-10-09,3.89
emp_003957,2024-07-11,3.91
emp_003958,2026-04-02,4.07
emp_003958,2026-01-02,3.76
emp_003958,2025-10-04,3.21
emp_003958,2025-07-06,3.35
emp_003958,2025-04-07,3.23
emp_003958,2025-01-07,3.84
emp_003958,2024-10-09,3.7
emp_003958,2024-07-11,3.78
emp_003959,2026-04-02,3.29
emp_003959,2026-01-02,3.14
emp_003959,2025-10-04,3.83
emp_003959,2025-07-06,3.31
emp_003959,2025-04-07,2.63
emp_003959,2025-01-07,2.99
emp_003959,2024-10-09,3.5
emp_003959,2024-07-11,3.24
emp_003960,2026-04-02,3.1
emp_003960,2026-01-02,3.09
emp_003960,2025-10-04,3.57
emp_003960,2025-07-06,3.46
emp_003960,2025-04-07,3.35
emp_003960,2025-01-07,3.9
emp_003961,2026-04-02,3.4
emp_003961,2026-01-02,3.85
emp_003961,2025-10-04,3.72
emp_003961,2025-07-06,3.24
emp_003961,2025-04-07,3.85
emp_003961,2025-01-07,3.52
emp_003961,2024-10-09,3.61
emp_003961,2024-07-11,3.57
emp_003962,2026-04-02,3.84
emp_003962,2026-01-02,3.46
emp_003962,2025-10-04,3.95
emp_003962,2025-07-06,4.12
emp_003962,2025-04-07,4.83
emp_003962,2025-01-07,3.91
emp_003963,2026-04-02,3.34
emp_003963,2026-01-02,3.13
emp_003964,2026-04-02,3.29
emp_003964,2026-01-02,4.03
emp_003964,2025-10-04,4.07
emp_003965,2026-04-02,3.4
emp_003965,2026-01-02,4.16
emp_003965,2025-10-04,3.47
emp_003965,2025-07-06,3.62
emp_003966,2026-04-02,4.68
emp_003966,2026-01-02,4.31
emp_003966,2025-10-04,4.82
emp_003966,2025-07-06,4.17
emp_003966,2025-04-07,4.34
emp_003967,2026-04-02,4.41
emp_003967,2026-01-02,4.01
emp_003967,2025-10-04,3.87
emp_003967,2025-07-06,4.12
emp_003967,2025-04-07,3.83
emp_003968,2026-04-02,3.52
emp_003969,2026-04-02,4.47
emp_003969,2026-01-02,3.17
emp_003969,2025-10-04,3.94
emp_003969,2025-07-06,4.04
emp_003969,2025-04-07,4.09
emp_003969,2025-01-07,4.02
emp_003969,2024-10-09,4.13
emp_003969,2024-07-11,4.64
emp_003970,2026-04-02,4.06
emp_003970,2026-01-02,3.63
emp_003970,2025-10-04,3.95
emp_003970,2025-07-06,3.28
emp_003970,2025-04-07,3.99
emp_003970,2025-01-07,4.49
emp_003970,2024-10-09,3.53
emp_003970,2024-07-11,4.26
emp_003971,2026-04-02,3.58
emp_003971,2026-01-02,4.11
emp_003971,2025-10-04,4.06
emp_003971,2025-07-06,3.21
emp_003971,2025-04-07,4.49
emp_003971,2025-01-07,3.44
emp_003971,2024-10-09,3.98
emp_003971,2024-07-11,4.38
emp_003972,2026-04-02,3.42
emp_003972,2026-01-02,3.29
emp_003972,2025-10-04,3.87
emp_003972,2025-07-06,3.21
emp_003972,2025-04-07,3.95
emp_003972,2025-01-07,3.68
emp_003972,2024-10-09,3.48
emp_003972,2024-07-11,3.65
emp_003973,2026-04-02,3.89
emp_003973,2026-01-02,4.03
emp_003973,2025-10-04,3.74
emp_003973,2025-07-06,4.02
emp_003973,2025-04-07,4.6
emp_003973,2025-01-07,3.84
emp_003974,2026-04-02,3.82
emp_003974,2026-01-02,3.06
emp_003974,2025-10-04,3.27
emp_003974,2025-07-06,3.05
emp_003974,2025-04-07,3.29
emp_003975,2026-04-02,3.24
emp_003975,2026-01-02,3.89
emp_003975,2025-10-04,3.26
emp_003975,2025-07-06,3.84
emp_003975,2025-04-07,4.05
emp_003976,2026-04-02,2.77
emp_003976,2026-01-02,3.78
emp_003976,2025-10-04,3.38
emp_003977,2026-04-02,4.03
emp_003977,2026-01-02,4.34
emp_003977,2025-10-04,3.57
emp_003977,2025-07-06,4.08
emp_003977,2025-04-07,3.81
emp_003977,2025-01-07,3.66
emp_003977,2024-10-09,3.93
emp_003977,2024-07-11,4.26
emp_003978,2026-04-02,3.55
emp_003978,2026-01-02,3.71
emp_003978,2025-10-04,4.15
emp_003978,2025-07-06,3.88
emp_003978,2025-04-07,4.24
emp_003978,2025-01-07,3.71
emp_003978,2024-10-09,4.15
emp_003978,2024-07-11,3.84
emp_003979,2026-04-02,3.9
emp_003979,2026-01-02,3.89
emp_003979,2025-10-04,3.84
emp_003979,2025-07-06,4.12
emp_003979,2025-04-07,5.0
emp_003979,2025-01-07,3.76
emp_003979,2024-10-09,3.74
emp_003979,2024-07-11,4.35
emp_003980,2026-04-02,3.93
emp_003980,2026-01-02,3.71
emp_003980,2025-10-04,4.49
emp_003980,2025-07-06,3.81
emp_003980,2025-04-07,4.79
emp_003980,2025-01-07,4.37
emp_003980,2024-10-09,4.53
emp_003981,2026-04-02,3.39
emp_003981,2026-01-02,3.26
emp_003981,2025-10-04,3.33
emp_003982,2026-04-02,4.71
emp_003982,2026-01-02,3.99
emp_003983,2026-04-02,4.25
emp_003983,2026-01-02,4.62
emp_003983,2025-10-04,2.85
emp_003983,2025-07-06,3.46
emp_003983,2025-04-07,3.58
emp_003983,2025-01-07,3.45
emp_003984,2026-04-02,3.82
emp_003984,2026-01-02,4.35
emp_003984,2025-10-04,4.4
emp_003984,2025-07-06,3.83
emp_003984,2025-04-07,3.92
emp_003984,2025-01-07,3.77
emp_003984,2024-10-09,4.06
emp_003984,2024-07-11,4.12
emp_003985,2026-04-02,3.88
emp_003985,2026-01-02,3.97
emp_003985,2025-10-04,4.31
emp_003985,2025-07-06,3.99
emp_003986,2026-04-02,2.89
emp_003986,2026-01-02,3.26
emp_003986,2025-10-04,3.18
emp_003986,2025-07-06,3.33
emp_003986,2025-04-07,3.52
emp_003986,2025-01-07,3.42
emp_003986,2024-10-09,3.31
emp_003986,2024-07-11,3.22
emp_003987,2026-04-02,3.59
emp_003987,2026-01-02,3.9
emp_003987,2025-10-04,3.54
emp_003987,2025-07-06,4.26
emp_003987,2025-04-07,5.0
emp_003987,2025-01-07,3.83
emp_003987,2024-10-09,4.27
emp_003987,2024-07-11,4.14
emp_003988,2026-04-02,3.7
emp_003988,2026-01-02,3.15
emp_003988,2025-10-04,3.67
emp_003988,2025-07-06,3.4
emp_003988,2025-04-07,3.69
emp_003988,2025-01-07,3.41
emp_003989,2026-04-02,3.42
emp_003989,2026-01-02,3.49
emp_003989,2025-10-04,3.79
emp_003989,2025-07-06,3.54
emp_003989,2025-04-07,4.01
emp_003989,2025-01-07,3.38
emp_003989,2024-10-09,3.27
emp_003989,2024-07-11,3.72
emp_003990,2026-04-02,3.88
emp_003990,2026-01-02,3.89
emp_003990,2025-10-04,4.2
emp_003991,2026-04-02,3.59
emp_003991,2026-01-02,3.89
emp_003991,2025-10-04,3.94
emp_003991,2025-07-06,4.03
emp_003991,2025-04-07,3.71
emp_003991,2025-01-07,3.27
emp_003991,2024-10-09,3.53
emp_003991,2024-07-11,3.74
emp_003992,2026-04-02,4.65
emp_003992,2026-01-02,3.99
emp_003992,2025-10-04,4.55
emp_003992,2025-07-06,3.6
emp_003992,2025-04-07,3.54
emp_003992,2025-01-07,4.03
emp_003992,2024-10-09,3.68
emp_003992,2024-07-11,4.11
emp_003993,2026-04-02,4.29
emp_003993,2026-01-02,4.01
emp_003993,2025-10-04,3.69
emp_003993,2025-07-06,3.96
emp_003993,2025-04-07,4.02
emp_003993,2025-01-07,3.97
emp_003993,2024-10-09,3.86
emp_003993,2024-07-11,3.99
emp_003994,2026-04-02,3.31
emp_003994,2026-01-02,3.91
emp_003994,2025-10-04,3.49
emp_003995,2026-04-02,4.36
emp_003995,2026-01-02,3.84
emp_003995,2025-10-04,3.93
emp_003995,2025-07-06,4.11
emp_003995,2025-04-07,4.02
emp_003995,2025-01-07,3.28
emp_003995,2024-10-09,3.22
emp_003995,2024-07-11,4.43
emp_003996,2026-04-02,3.85
emp_003996,2026-01-02,3.96
emp_003996,2025-10-04,3.82
emp_003997,2026-04-02,4.17
emp_003997,2026-01-02,3.91
emp_003997,2025-10-04,3.44
emp_003997,2025-07-06,4.11
emp_003997,2025-04-07,3.89
emp_003997,2025-01-07,3.63
emp_003998,2026-04-02,3.86
emp_003998,2026-01-02,4.12
emp_003998,2025-10-04,3.32
emp_003998,2025-07-06,3.73
emp_003998,2025-04-07,3.86
emp_003998,2025-01-07,3.79
emp_003999,2026-04-02,3.53
emp_003999,2026-01-02,3.17
emp_003999,2025-10-04,3.55
emp_003999,2025-07-06,3.37
emp_003999,2025-04-07,3.19
emp_004000,2026-04-02,4.49
emp_004000,2026-01-02,4.26
emp_004000,2025-10-04,3.88
emp_004000,2025-07-06,4.28
emp_004000,2025-04-07,4.41
emp_004001,2026-04-02,4.09
emp_004001,2026-01-02,3.73
emp_004001,2025-10-04,3.63
emp_004001,2025-07-06,3.99
emp_004001,2025-04-07,3.17
emp_004001,2025-01-07,4.4
emp_004001,2024-10-09,3.84
emp_004001,2024-07-11,4.23
emp_004002,2026-04-02,4.15
emp_004002,2026-01-02,4.29
emp_004002,2025-10-04,4.69
emp_004002,2025-07-06,4.01
emp_004003,2026-04-02,4.08
emp_004003,2026-01-02,4.23
emp_004003,2025-10-04,4.0
emp_004003,2025-07-06,4.23
emp_004003,2025-04-07,3.89
emp_004003,2025-01-07,3.76
emp_004003,2024-10-09,4.12
emp_004003,2024-07-11,4.19
emp_004004,2026-04-02,4.64
emp_004004,2026-01-02,5.0
emp_004004,2025-10-04,4.15
emp_004004,2025-07-06,4.35
emp_004004,2025-04-07,4.34
emp_004004,2025-01-07,4.73
emp_004004,2024-10-09,3.94
emp_004004,2024-07-11,4.05
emp_004005,2026-04-02,3.8
emp_004005,2026-01-02,3.94
emp_004005,2025-10-04,3.79
emp_004005,2025-07-06,3.62
emp_004005,2025-04-07,3.52
emp_004005,2025-01-07,3.78
emp_004005,2024-10-09,3.22
emp_004005,2024-07-11,4.58
emp_004006,2026-04-02,3.96
emp_004006,2026-01-02,4.22
emp_004006,2025-10-04,5.0
emp_004006,2025-07-06,3.67
emp_004006,2025-04-07,4.16
emp_004006,2025-01-07,4.43
emp_004006,2024-10-09,4.03
emp_004006,2024-07-11,3.91
emp_004007,2026-04-02,3.59
emp_004007,2026-01-02,3.11
emp_004007,2025-10-04,3.11
emp_004007,2025-07-06,3.94
emp_004007,2025-04-07,3.35
emp_004007,2025-01-07,3.76
emp_004007,2024-10-09,2.89
emp_004008,2026-04-02,3.45
emp_004008,2026-01-02,3.79
emp_004009,2026-04-02,4.52
emp_004009,2026-01-02,4.79
emp_004009,2025-10-04,4.08
emp_004010,2026-04-02,3.77
emp_004010,2026-01-02,3.58
emp_004010,2025-10-04,4.32
emp_004010,2025-07-06,3.61
emp_004010,2025-04-07,3.44
emp_004010,2025-01-07,4.19
emp_004010,2024-10-09,3.83
emp_004010,2024-07-11,4.18
emp_004011,2026-04-02,4.31
emp_004011,2026-01-02,4.96
emp_004011,2025-10-04,4.01
emp_004011,2025-07-06,3.82
emp_004011,2025-04-07,3.81
emp_004011,2025-01-07,4.42
emp_004011,2024-10-09,3.98
emp_004011,2024-07-11,4.2
emp_004012,2026-04-02,3.71
emp_004012,2026-01-02,3.02
emp_004012,2025-10-04,3.95
emp_004012,2025-07-06,3.66
emp_004012,2025-04-07,4.2
emp_004012,2025-01-07,3.64
emp_004012,2024-10-09,3.73
emp_004012,2024-07-11,3.28
emp_004013,2026-04-02,3.9
emp_004013,2026-01-02,3.88
emp_004013,2025-10-04,3.29
emp_004013,2025-07-06,3.64
emp_004013,2025-04-07,4.0
emp_004013,2025-01-07,3.66
emp_004013,2024-10-09,4.24
emp_004013,2024-07-11,3.12
emp_004014,2026-04-02,3.72
emp_004014,2026-01-02,4.0
emp_004014,2025-10-04,3.0
emp_004014,2025-07-06,3.67
emp_004015,2026-04-02,3.65
emp_004015,2026-01-02,3.6
emp_004015,2025-10-04,3.56
emp_004015,2025-07-06,3.7
emp_004015,2025-04-07,3.3
emp_004016,2026-04-02,3.48
emp_004016,2026-01-02,2.96
emp_004016,2025-10-04,4.12
emp_004016,2025-07-06,4.01
emp_004016,2025-04-07,4.04
emp_004016,2025-01-07,3.84
emp_004016,2024-10-09,3.4
emp_004016,2024-07-11,3.04
emp_004017,2026-04-02,4.14
emp_004017,2026-01-02,3.41
emp_004017,2025-10-04,3.66
emp_004017,2025-07-06,3.99
emp_004017,2025-04-07,3.76
emp_004017,2025-01-07,4.46
emp_004017,2024-10-09,3.49
emp_004017,2024-07-11,4.17
emp_004018,2026-04-02,4.28
emp_004018,2026-01-02,4.13
emp_004018,2025-10-04,3.83
emp_004018,2025-07-06,4.62
emp_004018,2025-04-07,4.1
emp_004018,2025-01-07,4.11
emp_004018,2024-10-09,4.14
emp_004019,2026-04-02,3.68
emp_004019,2026-01-02,3.84
emp_004019,2025-10-04,3.45
emp_004019,2025-07-06,3.84
emp_004019,2025-04-07,4.25
emp_004019,2025-01-07,4.13
emp_004020,2026-04-02,4.05
emp_004020,2026-01-02,3.93
emp_004020,2025-10-04,4.41
emp_004020,2025-07-06,4.56
emp_004020,2025-04-07,3.51
emp_004020,2025-01-07,3.83
emp_004020,2024-10-09,4.32
emp_004020,2024-07-11,3.91
emp_004021,2026-04-02,3.54
emp_004021,2026-01-02,3.95
emp_004021,2025-10-04,3.81
emp_004021,2025-07-06,3.9
emp_004021,2025-04-07,4.69
emp_004021,2025-01-07,3.9
emp_004022,2026-04-02,3.7
emp_004022,2026-01-02,4.2
emp_004022,2025-10-04,4.19
emp_004022,2025-07-06,4.38
emp_004022,2025-04-07,4.0
emp_004022,2025-01-07,3.97
emp_004022,2024-10-09,4.42
emp_004022,2024-07-11,3.96
emp_004023,2026-04-02,4.13
emp_004023,2026-01-02,3.36
emp_004023,2025-10-04,3.63
emp_004023,2025-07-06,4.29
emp_004023,2025-04-07,4.18
emp_004023,2025-01-07,3.75
emp_004023,2024-10-09,3.04
emp_004023,2024-07-11,2.76
emp_004024,2026-04-02,4.19
emp_004024,2026-01-02,4.32
emp_004024,2025-10-04,4.14
emp_004024,2025-07-06,4.03
emp_004024,2025-04-07,3.98
emp_004024,2025-01-07,3.82
emp_004024,2024-10-09,4.33
emp_004024,2024-07-11,3.64
emp_004025,2026-04-02,3.03
emp_004025,2026-01-02,3.55
emp_004025,2025-10-04,3.92
emp_004026,2026-04-02,3.62
emp_004026,2026-01-02,3.62
emp_004026,2025-10-04,3.76
emp_004026,2025-07-06,3.9
emp_004026,2025-04-07,4.43
emp_004026,2025-01-07,4.24
emp_004026,2024-10-09,4.05
emp_004026,2024-07-11,3.67
emp_004027,2026-04-02,4.29
emp_004028,2026-04-02,4.38
emp_004028,2026-01-02,4.48
emp_004028,2025-10-04,3.91
emp_004028,2025-07-06,4.25
emp_004028,2025-04-07,4.28
emp_004028,2025-01-07,4.17
emp_004028,2024-10-09,4.33
emp_004028,2024-07-11,3.51
emp_004029,2026-04-02,4.06
emp_004029,2026-01-02,4.06
emp_004029,2025-10-04,4.31
emp_004029,2025-07-06,4.1
emp_004029,2025-04-07,4.03
emp_004029,2025-01-07,4.33
emp_004029,2024-10-09,3.77
emp_004029,2024-07-11,4.05
emp_004030,2026-04-02,3.57
emp_004030,2026-01-02,2.69
emp_004030,2025-10-04,3.41
emp_004030,2025-07-06,3.74
emp_004030,2025-04-07,3.01
emp_004030,2025-01-07,2.92
emp_004030,2024-10-09,3.97
emp_004030,2024-07-11,3.78
emp_004031,2026-04-02,3.83
emp_004031,2026-01-02,3.25
emp_004031,2025-10-04,3.28
emp_004031,2025-07-06,3.2
emp_004031,2025-04-07,3.35
emp_004031,2025-01-07,3.89
emp_004031,2024-10-09,3.29
emp_004031,2024-07-11,3.56
emp_004032,2026-04-02,3.48
emp_004033,2026-04-02,4.72
emp_004033,2026-01-02,4.4
emp_004033,2025-10-04,4.41
emp_004034,2026-04-02,3.96
emp_004034,2026-01-02,3.69
emp_004034,2025-10-04,3.72
emp_004034,2025-07-06,3.76
emp_004034,2025-04-07,3.83
emp_004034,2025-01-07,2.97
emp_004034,2024-10-09,3.81
emp_004034,2024-07-11,3.64
emp_004035,2026-04-02,3.66
emp_004035,2026-01-02,3.09
emp_004035,2025-10-04,3.97
emp_004035,2025-07-06,3.73
emp_004035,2025-04-07,5.0
emp_004035,2025-01-07,3.9
emp_004035,2024-10-09,3.77
emp_004035,2024-07-11,4.2
emp_004036,2026-04-02,3.64
emp_004036,2026-01-02,4.03
emp_004036,2025-10-04,3.83
emp_004036,2025-07-06,3.72
emp_004036,2025-04-07,4.45
emp_004036,2025-01-07,3.61
emp_004036,2024-10-09,4.45
emp_004036,2024-07-11,4.31
emp_004037,2026-04-02,3.11
emp_004037,2026-01-02,3.44
emp_004037,2025-10-04,3.95
emp_004038,2026-04-02,4.65
emp_004038,2026-01-02,4.37
emp_004039,2026-04-02,3.14
emp_004039,2026-01-02,3.77
emp_004039,2025-10-04,2.96
emp_004039,2025-07-06,3.52
emp_004039,2025-04-07,3.42
emp_004039,2025-01-07,3.7
emp_004040,2026-04-02,3.35
emp_004040,2026-01-02,3.83
emp_004040,2025-10-04,3.68
emp_004040,2025-07-06,3.83
emp_004040,2025-04-07,3.89
emp_004040,2025-01-07,3.91
emp_004040,2024-10-09,3.68
emp_004041,2026-04-02,4.23
emp_004041,2026-01-02,2.98
emp_004041,2025-10-04,4.31
emp_004041,2025-07-06,3.83
emp_004041,2025-04-07,4.14
emp_004041,2025-01-07,4.59
emp_004041,2024-10-09,4.27
emp_004041,2024-07-11,4.05
emp_004042,2026-04-02,5.0
emp_004042,2026-01-02,4.63
emp_004042,2025-10-04,3.85
emp_004042,2025-07-06,3.99
emp_004042,2025-04-07,5.0
emp_004042,2025-01-07,4.88
emp_004042,2024-10-09,4.56
emp_004043,2026-04-02,3.84
emp_004043,2026-01-02,3.61
emp_004043,2025-10-04,3.37
emp_004043,2025-07-06,3.31
emp_004043,2025-04-07,4.0
emp_004044,2026-04-02,3.61
emp_004044,2026-01-02,3.4
emp_004044,2025-10-04,3.82
emp_004044,2025-07-06,3.57
emp_004044,2025-04-07,3.66
emp_004044,2025-01-07,3.44
emp_004044,2024-10-09,3.19
emp_004044,2024-07-11,3.22
emp_004045,2026-04-02,4.47
emp_004045,2026-01-02,4.91
emp_004045,2025-10-04,4.38
emp_004045,2025-07-06,4.45
emp_004045,2025-04-07,4.33
emp_004045,2025-01-07,4.53
emp_004045,2024-10-09,4.15
emp_004045,2024-07-11,4.26
emp_004046,2026-04-02,3.49
emp_004046,2026-01-02,4.32
emp_004046,2025-10-04,4.46
emp_004046,2025-07-06,3.91
emp_004047,2026-04-02,4.25
emp_004047,2026-01-02,4.19
emp_004047,2025-10-04,4.48
emp_004047,2025-07-06,4.11
emp_004047,2025-04-07,4.4
emp_004047,2025-01-07,3.81
emp_004047,2024-10-09,4.26
emp_004047,2024-07-11,4.32
emp_004048,2026-04-02,4.0
emp_004048,2026-01-02,4.16
emp_004048,2025-10-04,4.39
emp_004048,2025-07-06,3.96
emp_004048,2025-04-07,3.79
emp_004048,2025-01-07,4.3
emp_004048,2024-10-09,3.88
emp_004048,2024-07-11,4.05
emp_004049,2026-04-02,3.93
emp_004049,2026-01-02,3.83
emp_004049,2025-10-04,3.27
emp_004049,2025-07-06,3.54
emp_004049,2025-04-07,3.59
emp_004049,2025-01-07,3.36
emp_004049,2024-10-09,4.0
emp_004049,2024-07-11,3.07
emp_004050,2026-04-02,4.25
emp_004050,2026-01-02,4.46
emp_004050,2025-10-04,4.85
emp_004050,2025-07-06,3.61
emp_004051,2026-04-02,3.38
emp_004051,2026-01-02,3.78
emp_004051,2025-10-04,3.31
emp_004051,2025-07-06,3.44
emp_004051,2025-04-07,4.42
emp_004051,2025-01-07,3.94
emp_004051,2024-10-09,3.77
emp_004051,2024-07-11,3.43
emp_004052,2026-04-02,3.35
emp_004052,2026-01-02,3.43
emp_004052,2025-10-04,3.86
emp_004052,2025-07-06,4.13
emp_004052,2025-04-07,3.31
emp_004052,2025-01-07,4.15
emp_004052,2024-10-09,3.67
emp_004052,2024-07-11,3.57
emp_004053,2026-04-02,3.02
emp_004053,2026-01-02,3.3
emp_004053,2025-10-04,3.16
emp_004053,2025-07-06,3.33
emp_004053,2025-04-07,3.72
emp_004053,2025-01-07,3.28
emp_004053,2024-10-09,3.54
emp_004053,2024-07-11,3.77
emp_004054,2026-04-02,3.35
emp_004055,2026-04-02,3.84
emp_004055,2026-01-02,3.36
emp_004055,2025-10-04,3.51
emp_004055,2025-07-06,4.21
emp_004055,2025-04-07,3.83
emp_004055,2025-01-07,4.59
emp_004055,2024-10-09,4.28
emp_004055,2024-07-11,4.1
emp_004056,2026-04-02,3.85
emp_004056,2026-01-02,3.5
emp_004056,2025-10-04,3.45
emp_004056,2025-07-06,3.61
emp_004056,2025-04-07,3.4
emp_004056,2025-01-07,3.54
emp_004057,2026-04-02,3.95
emp_004058,2026-04-02,3.17
emp_004058,2026-01-02,3.81
emp_004058,2025-10-04,3.27
emp_004058,2025-07-06,3.59
emp_004058,2025-04-07,3.1
emp_004058,2025-01-07,3.38
emp_004058,2024-10-09,3.67
emp_004058,2024-07-11,3.71
emp_004059,2026-04-02,3.94
emp_004059,2026-01-02,3.47
emp_004059,2025-10-04,3.43
emp_004059,2025-07-06,3.53
emp_004059,2025-04-07,3.15
emp_004059,2025-01-07,3.7
emp_004059,2024-10-09,4.37
emp_004059,2024-07-11,3.1
emp_004060,2026-04-02,3.92
emp_004060,2026-01-02,3.78
emp_004060,2025-10-04,3.3
emp_004061,2026-04-02,3.78
emp_004061,2026-01-02,4.2
emp_004061,2025-10-04,4.15
emp_004061,2025-07-06,3.82
emp_004061,2025-04-07,3.48
emp_004061,2025-01-07,3.92
emp_004061,2024-10-09,3.75
emp_004061,2024-07-11,3.37
emp_004062,2026-04-02,2.88
emp_004062,2026-01-02,3.26
emp_004062,2025-10-04,3.24
emp_004062,2025-07-06,2.97
emp_004063,2026-04-02,3.47
emp_004063,2026-01-02,3.96
emp_004063,2025-10-04,3.2
emp_004063,2025-07-06,3.23
emp_004063,2025-04-07,3.34
emp_004063,2025-01-07,3.1
emp_004063,2024-10-09,3.28
emp_004063,2024-07-11,3.55
emp_004064,2026-04-02,3.8
emp_004064,2026-01-02,3.66
emp_004064,2025-10-04,4.01
emp_004064,2025-07-06,3.93
emp_004064,2025-04-07,3.89
emp_004064,2025-01-07,3.74
emp_004064,2024-10-09,3.79
emp_004064,2024-07-11,4.6
emp_004065,2026-04-02,2.89
emp_004065,2026-01-02,3.54
emp_004065,2025-10-04,3.54
emp_004065,2025-07-06,3.36
emp_004065,2025-04-07,3.26
emp_004065,2025-01-07,3.58
emp_004065,2024-10-09,3.16
emp_004065,2024-07-11,2.99
emp_004066,2026-04-02,2.89
emp_004066,2026-01-02,3.21
emp_004066,2025-10-04,3.35
emp_004067,2026-04-02,4.63
emp_004067,2026-01-02,4.42
emp_004067,2025-10-04,4.62
emp_004067,2025-07-06,4.23
emp_004067,2025-04-07,4.11
emp_004068,2026-04-02,3.8
emp_004068,2026-01-02,3.52
emp_004068,2025-10-04,3.15
emp_004068,2025-07-06,3.98
emp_004068,2025-04-07,3.9
emp_004068,2025-01-07,4.15
emp_004068,2024-10-09,3.91
emp_004068,2024-07-11,3.59
emp_004069,2026-04-02,3.2
emp_004069,2026-01-02,3.79
emp_004069,2025-10-04,4.09
emp_004069,2025-07-06,3.72
emp_004069,2025-04-07,3.48
emp_004069,2025-01-07,3.84
emp_004069,2024-10-09,4.24
emp_004069,2024-07-11,3.89
emp_004070,2026-04-02,3.48
emp_004070,2026-01-02,4.56
emp_004070,2025-10-04,4.0
emp_004070,2025-07-06,4.21
emp_004070,2025-04-07,4.09
emp_004070,2025-01-07,3.25
emp_004070,2024-10-09,4.13
emp_004070,2024-07-11,4.16
emp_004071,2026-04-02,3.64
emp_004071,2026-01-02,3.73
emp_004071,2025-10-04,3.93
emp_004071,2025-07-06,3.85
emp_004071,2025-04-07,3.9
emp_004071,2025-01-07,3.92
emp_004071,2024-10-09,3.86
emp_004071,2024-07-11,3.99
emp_004072,2026-04-02,4.2
emp_004072,2026-01-02,3.4
emp_004072,2025-10-04,4.19
emp_004072,2025-07-06,4.51
emp_004072,2025-04-07,4.4
emp_004072,2025-01-07,4.2
emp_004072,2024-10-09,3.97
emp_004072,2024-07-11,4.69
emp_004073,2026-04-02,3.8
emp_004073,2026-01-02,3.38
emp_004073,2025-10-04,3.34
emp_004073,2025-07-06,4.01
emp_004073,2025-04-07,4.5
emp_004073,2025-01-07,4.03
emp_004073,2024-10-09,3.64
emp_004073,2024-07-11,3.45
emp_004074,2026-04-02,4.03
emp_004074,2026-01-02,3.95
emp_004074,2025-10-04,4.58
emp_004074,2025-07-06,4.32
emp_004074,2025-04-07,4.26
emp_004074,2025-01-07,4.32
emp_004074,2024-10-09,3.98
emp_004074,2024-07-11,3.97
emp_004075,2026-04-02,3.95
emp_004075,2026-01-02,3.91
emp_004075,2025-10-04,4.64
emp_004075,2025-07-06,3.95
emp_004075,2025-04-07,4.55
emp_004075,2025-01-07,4.32
emp_004075,2024-10-09,3.58
emp_004075,2024-07-11,4.45
emp_004076,2026-04-02,3.86
emp_004076,2026-01-02,4.01
emp_004077,2026-04-02,3.5
emp_004077,2026-01-02,3.18
emp_004077,2025-10-04,3.63
emp_004077,2025-07-06,3.82
emp_004078,2026-04-02,3.21
emp_004078,2026-01-02,2.97
emp_004078,2025-10-04,3.23
emp_004078,2025-07-06,3.0
emp_004078,2025-04-07,2.99
emp_004078,2025-01-07,3.65
emp_004078,2024-10-09,3.56
emp_004078,2024-07-11,2.82
emp_004079,2026-04-02,3.66
emp_004079,2026-01-02,3.52
emp_004079,2025-10-04,3.88
emp_004079,2025-07-06,3.42
emp_004079,2025-04-07,4.01
emp_004079,2025-01-07,3.25
emp_004079,2024-10-09,3.25
emp_004079,2024-07-11,3.86
emp_004080,2026-04-02,3.62
emp_004080,2026-01-02,3.92
emp_004080,2025-10-04,4.06
emp_004080,2025-07-06,3.71
emp_004080,2025-04-07,3.64
emp_004080,2025-01-07,3.76
emp_004080,2024-10-09,3.85
emp_004080,2024-07-11,3.74
emp_004081,2026-04-02,3.91
emp_004081,2026-01-02,3.51
emp_004081,2025-10-04,4.49
emp_004081,2025-07-06,4.2
emp_004081,2025-04-07,3.79
emp_004081,2025-01-07,4.28
emp_004081,2024-10-09,3.39
emp_004081,2024-07-11,3.91
emp_004082,2026-04-02,4.25
emp_004082,2026-01-02,3.97
emp_004082,2025-10-04,4.24
emp_004082,2025-07-06,3.77
emp_004082,2025-04-07,3.8
emp_004082,2025-01-07,3.82
emp_004082,2024-10-09,3.82
emp_004082,2024-07-11,4.59
emp_004083,2026-04-02,3.19
emp_004083,2026-01-02,3.75
emp_004083,2025-10-04,3.8
emp_004083,2025-07-06,3.81
emp_004083,2025-04-07,3.63
emp_004083,2025-01-07,3.64
emp_004083,2024-10-09,4.31
emp_004083,2024-07-11,4.18
emp_004084,2026-04-02,3.04
emp_004084,2026-01-02,3.74
emp_004084,2025-10-04,3.37
emp_004084,2025-07-06,3.61
emp_004084,2025-04-07,3.43
emp_004084,2025-01-07,3.36
emp_004084,2024-10-09,2.64
emp_004084,2024-07-11,2.97
emp_004085,2026-04-02,3.39
emp_004085,2026-01-02,3.28
emp_004085,2025-10-04,3.88
emp_004085,2025-07-06,3.15
emp_004085,2025-04-07,3.35
emp_004085,2025-01-07,3.61
emp_004085,2024-10-09,3.28
emp_004085,2024-07-11,3.75
emp_004086,2026-04-02,4.02
emp_004086,2026-01-02,4.75
emp_004086,2025-10-04,4.21
emp_004086,2025-07-06,4.38
emp_004086,2025-04-07,3.7
emp_004086,2025-01-07,4.46
emp_004086,2024-10-09,4.47
emp_004086,2024-07-11,3.96
emp_004087,2026-04-02,3.28
emp_004087,2026-01-02,4.04
emp_004087,2025-10-04,3.41
emp_004087,2025-07-06,3.73
emp_004087,2025-04-07,3.74
emp_004087,2025-01-07,4.34
emp_004087,2024-10-09,4.19
emp_004087,2024-07-11,4.47
emp_004088,2026-04-02,3.48
emp_004088,2026-01-02,3.18
emp_004088,2025-10-04,3.1
emp_004088,2025-07-06,2.85
emp_004088,2025-04-07,3.57
emp_004088,2025-01-07,3.69
emp_004088,2024-10-09,2.87
emp_004088,2024-07-11,3.27
emp_004089,2026-04-02,4.68
emp_004089,2026-01-02,4.01
emp_004090,2026-04-02,4.24
emp_004090,2026-01-02,4.01
emp_004090,2025-10-04,4.18
emp_004090,2025-07-06,4.21
emp_004090,2025-04-07,5.0
emp_004090,2025-01-07,3.72
emp_004090,2024-10-09,3.99
emp_004090,2024-07-11,4.31
emp_004091,2026-04-02,4.1
emp_004091,2026-01-02,4.36
emp_004091,2025-10-04,4.7
emp_004091,2025-07-06,4.75
emp_004091,2025-04-07,4.25
emp_004091,2025-01-07,4.11
emp_004091,2024-10-09,4.68
emp_004091,2024-07-11,4.49
emp_004092,2026-04-02,4.28
emp_004092,2026-01-02,3.92
emp_004092,2025-10-04,4.49
emp_004092,2025-07-06,4.4
emp_004092,2025-04-07,4.22
emp_004092,2025-01-07,4.93
emp_004092,2024-10-09,4.68
emp_004092,2024-07-11,4.8
emp_004093,2026-04-02,4.28
emp_004093,2026-01-02,4.05
emp_004093,2025-10-04,3.64
emp_004093,2025-07-06,3.74
emp_004093,2025-04-07,3.79
emp_004093,2025-01-07,4.17
emp_004093,2024-10-09,4.52
emp_004094,2026-04-02,3.4
emp_004094,2026-01-02,3.08
emp_004094,2025-10-04,3.6
emp_004094,2025-07-06,3.84
emp_004094,2025-04-07,3.32
emp_004096,2026-04-02,3.6
emp_004096,2026-01-02,3.34
emp_004096,2025-10-04,3.93
emp_004096,2025-07-06,4.79
emp_004096,2025-04-07,3.61
emp_004097,2026-04-02,3.55
emp_004098,2026-04-02,3.84
emp_004098,2026-01-02,4.37
emp_004098,2025-10-04,4.08
emp_004098,2025-07-06,4.42
emp_004098,2025-04-07,3.6
emp_004098,2025-01-07,4.3
emp_004098,2024-10-09,3.69
emp_004098,2024-07-11,4.02
emp_004099,2026-04-02,4.26
emp_004099,2026-01-02,3.52
emp_004099,2025-10-04,4.04
emp_004099,2025-07-06,3.98
emp_004099,2025-04-07,3.89
emp_004099,2025-01-07,3.78
emp_004100,2026-04-02,4.57
emp_004100,2026-01-02,3.71
emp_004100,2025-10-04,5.0
emp_004100,2025-07-06,4.41
emp_004100,2025-04-07,4.59
emp_004100,2025-01-07,4.42
emp_004100,2024-10-09,4.15
emp_004100,2024-07-11,4.2
emp_004101,2026-04-02,3.83
emp_004101,2026-01-02,4.06
emp_004101,2025-10-04,3.92
emp_004101,2025-07-06,4.56
emp_004101,2025-04-07,4.19
emp_004101,2025-01-07,3.97
emp_004101,2024-10-09,4.11
emp_004101,2024-07-11,4.45
emp_004102,2026-04-02,5.0
emp_004102,2026-01-02,4.44
emp_004102,2025-10-04,4.02
emp_004102,2025-07-06,3.63
emp_004103,2026-04-02,4.1
emp_004103,2026-01-02,4.26
emp_004103,2025-10-04,3.82
emp_004103,2025-07-06,4.43
emp_004103,2025-04-07,4.37
emp_004103,2025-01-07,3.86
emp_004103,2024-10-09,3.92
emp_004103,2024-07-11,3.6
emp_004104,2026-04-02,3.18
emp_004104,2026-01-02,3.46
emp_004104,2025-10-04,3.27
emp_004104,2025-07-06,3.18
emp_004104,2025-04-07,2.87
emp_004104,2025-01-07,3.61
emp_004104,2024-10-09,3.46
emp_004104,2024-07-11,3.22
emp_004105,2026-04-02,3.99
emp_004105,2026-01-02,4.21
emp_004105,2025-10-04,3.71
emp_004105,2025-07-06,4.32
emp_004105,2025-04-07,3.49
emp_004105,2025-01-07,3.41
emp_004105,2024-10-09,3.56
emp_004105,2024-07-11,4.24
emp_004106,2026-04-02,3.8
emp_004106,2026-01-02,3.6
emp_004106,2025-10-04,4.47
emp_004106,2025-07-06,3.7
emp_004106,2025-04-07,3.39
emp_004106,2025-01-07,3.58
emp_004106,2024-10-09,4.02
emp_004106,2024-07-11,3.01
emp_004107,2026-04-02,3.8
emp_004107,2026-01-02,3.74
emp_004107,2025-10-04,3.84
emp_004107,2025-07-06,3.84
emp_004107,2025-04-07,3.86
emp_004107,2025-01-07,3.7
emp_004107,2024-10-09,4.07
emp_004107,2024-07-11,3.79
emp_004108,2026-04-02,3.7
emp_004108,2026-01-02,3.85
emp_004108,2025-10-04,4.38
emp_004108,2025-07-06,3.87
emp_004108,2025-04-07,4.39
emp_004108,2025-01-07,3.94
emp_004109,2026-04-02,4.24
emp_004109,2026-01-02,3.88
emp_004110,2026-04-02,4.02
emp_004110,2026-01-02,3.55
emp_004110,2025-10-04,4.05
emp_004110,2025-07-06,4.02
emp_004110,2025-04-07,4.09
emp_004110,2025-01-07,4.39
emp_004110,2024-10-09,4.91
emp_004110,2024-07-11,3.77
emp_004111,2026-04-02,3.73
emp_004111,2026-01-02,3.76
emp_004111,2025-10-04,4.09
emp_004111,2025-07-06,3.68
emp_004111,2025-04-07,3.66
emp_004111,2025-01-07,3.74
emp_004111,2024-10-09,3.29
emp_004111,2024-07-11,3.87
emp_004112,2026-04-02,4.5
emp_004112,2026-01-02,3.82
emp_004112,2025-10-04,3.37
emp_004112,2025-07-06,3.36
emp_004112,2025-04-07,3.66
emp_004112,2025-01-07,2.8
emp_004112,2024-10-09,3.45
emp_004112,2024-07-11,3.21
emp_004113,2026-04-02,3.23
emp_004113,2026-01-02,3.46
emp_004113,2025-10-04,3.65
emp_004114,2026-04-02,3.83
emp_004114,2026-01-02,3.75
emp_004114,2025-10-04,4.05
emp_004115,2026-04-02,4.46
emp_004115,2026-01-02,3.17
emp_004115,2025-10-04,3.78
emp_004115,2025-07-06,4.25
emp_004115,2025-04-07,4.37
emp_004115,2025-01-07,4.09
emp_004116,2026-04-02,4.62
emp_004116,2026-01-02,4.39
emp_004116,2025-10-04,3.9
emp_004117,2026-04-02,4.15
emp_004117,2026-01-02,4.46
emp_004117,2025-10-04,4.08
emp_004117,2025-07-06,4.24
emp_004117,2025-04-07,3.9
emp_004118,2026-04-02,3.5
emp_004118,2026-01-02,3.27
emp_004118,2025-10-04,3.67
emp_004118,2025-07-06,3.7
emp_004118,2025-04-07,4.17
emp_004118,2025-01-07,4.59
emp_004118,2024-10-09,3.69
emp_004118,2024-07-11,3.93
emp_004119,2026-04-02,3.82
emp_004119,2026-01-02,4.26
emp_004119,2025-10-04,3.44
emp_004119,2025-07-06,3.48
emp_004119,2025-04-07,3.71
emp_004119,2025-01-07,3.72
emp_004119,2024-10-09,3.4
emp_004119,2024-07-11,3.69
emp_004120,2026-04-02,4.27
emp_004120,2026-01-02,3.92
emp_004120,2025-10-04,4.08
emp_004120,2025-07-06,3.75
emp_004120,2025-04-07,4.26
emp_004120,2025-01-07,3.98
emp_004120,2024-10-09,4.4
emp_004120,2024-07-11,4.24
emp_004121,2026-04-02,4.83
emp_004121,2026-01-02,4.38
emp_004121,2025-10-04,3.57
emp_004121,2025-07-06,4.23
emp_004121,2025-04-07,4.35
emp_004121,2025-01-07,4.74
emp_004121,2024-10-09,4.4
emp_004121,2024-07-11,4.32
emp_004122,2026-04-02,3.74
emp_004122,2026-01-02,3.41
emp_004122,2025-10-04,3.79
emp_004122,2025-07-06,3.74
emp_004122,2025-04-07,3.65
emp_004122,2025-01-07,3.53
emp_004122,2024-10-09,3.59
emp_004122,2024-07-11,3.64
emp_004123,2026-04-02,3.68
emp_004123,2026-01-02,3.47
emp_004123,2025-10-04,2.86
emp_004123,2025-07-06,2.92
emp_004123,2025-04-07,3.34
emp_004123,2025-01-07,3.54
emp_004123,2024-10-09,3.07
emp_004123,2024-07-11,3.54
emp_004124,2026-04-02,3.67
emp_004124,2026-01-02,3.02
emp_004124,2025-10-04,3.75
emp_004124,2025-07-06,3.81
emp_004124,2025-04-07,3.91
emp_004124,2025-01-07,4.3
emp_004124,2024-10-09,3.63
emp_004124,2024-07-11,3.74
emp_004125,2026-04-02,4.06
emp_004125,2026-01-02,4.15
emp_004125,2025-10-04,4.36
emp_004125,2025-07-06,4.48
emp_004125,2025-04-07,4.23
emp_004125,2025-01-07,3.92
emp_004125,2024-10-09,3.67
emp_004125,2024-07-11,4.02
emp_004127,2026-04-02,4.24
emp_004127,2026-01-02,4.76
emp_004127,2025-10-04,3.91
emp_004127,2025-07-06,3.14
emp_004127,2025-04-07,3.23
emp_004127,2025-01-07,3.35
emp_004127,2024-10-09,4.21
emp_004127,2024-07-11,3.8
emp_004128,2026-04-02,4.05
emp_004128,2026-01-02,4.6
emp_004128,2025-10-04,4.51
emp_004128,2025-07-06,4.92
emp_004128,2025-04-07,4.54
emp_004128,2025-01-07,4.28
emp_004128,2024-10-09,3.87
emp_004128,2024-07-11,4.8
emp_004129,2026-04-02,4.6
emp_004129,2026-01-02,3.92
emp_004129,2025-10-04,4.39
emp_004129,2025-07-06,3.49
emp_004129,2025-04-07,4.31
emp_004130,2026-04-02,2.97
emp_004130,2026-01-02,2.47
emp_004130,2025-10-04,2.97
emp_004130,2025-07-06,3.42
emp_004130,2025-04-07,3.13
emp_004130,2025-01-07,3.46
emp_004130,2024-10-09,2.46
emp_004130,2024-07-11,2.98
emp_004131,2026-04-02,3.73
emp_004131,2026-01-02,3.88
emp_004131,2025-10-04,3.52
emp_004131,2025-07-06,3.1
emp_004131,2025-04-07,3.93
emp_004131,2025-01-07,3.8
emp_004131,2024-10-09,3.61
emp_004131,2024-07-11,3.74
emp_004132,2026-04-02,3.57
emp_004132,2026-01-02,3.25
emp_004132,2025-10-04,3.8
emp_004132,2025-07-06,3.78
emp_004132,2025-04-07,3.43
emp_004132,2025-01-07,3.79
emp_004132,2024-10-09,3.37
emp_004132,2024-07-11,3.62
emp_004133,2026-04-02,4.11
emp_004133,2026-01-02,4.2
emp_004133,2025-10-04,3.74
emp_004133,2025-07-06,3.77
emp_004133,2025-04-07,4.45
emp_004133,2025-01-07,4.1
emp_004133,2024-10-09,3.78
emp_004133,2024-07-11,4.34
emp_004134,2026-04-02,3.82
emp_004134,2026-01-02,4.34
emp_004134,2025-10-04,4.03
emp_004134,2025-07-06,3.81
emp_004134,2025-04-07,4.53
emp_004134,2025-01-07,4.3
emp_004134,2024-10-09,3.47
emp_004134,2024-07-11,3.84
emp_004135,2026-04-02,3.39
emp_004135,2026-01-02,4.11
emp_004135,2025-10-04,3.92
emp_004135,2025-07-06,3.96
emp_004135,2025-04-07,4.29
emp_004136,2026-04-02,4.44
emp_004136,2026-01-02,4.46
emp_004136,2025-10-04,4.07
emp_004136,2025-07-06,4.31
emp_004136,2025-04-07,4.13
emp_004136,2025-01-07,4.55
emp_004136,2024-10-09,4.45
emp_004136,2024-07-11,4.05
emp_004137,2026-04-02,3.63
emp_004137,2026-01-02,3.68
emp_004137,2025-10-04,3.37
emp_004137,2025-07-06,3.65
emp_004137,2025-04-07,2.92
emp_004138,2026-04-02,2.71
emp_004138,2026-01-02,3.46
emp_004138,2025-10-04,2.63
emp_004138,2025-07-06,3.97
emp_004138,2025-04-07,2.15
emp_004138,2025-01-07,2.83
emp_004138,2024-10-09,3.57
emp_004138,2024-07-11,3.33
emp_004139,2026-04-02,4.24
emp_004139,2026-01-02,3.62
emp_004139,2025-10-04,3.85
emp_004139,2025-07-06,4.26
emp_004139,2025-04-07,4.04
emp_004139,2025-01-07,3.51
emp_004139,2024-10-09,3.65
emp_004139,2024-07-11,3.84
emp_004140,2026-04-02,3.86
emp_004140,2026-01-02,4.26
emp_004140,2025-10-04,4.26
emp_004140,2025-07-06,3.84
emp_004140,2025-04-07,4.53
emp_004140,2025-01-07,3.87
emp_004140,2024-10-09,4.39
emp_004140,2024-07-11,3.7
emp_004141,2026-04-02,3.65
emp_004141,2026-01-02,3.95
emp_004141,2025-10-04,3.34
emp_004141,2025-07-06,3.65
emp_004141,2025-04-07,3.87
emp_004141,2025-01-07,3.3
emp_004141,2024-10-09,3.4
emp_004141,2024-07-11,3.94
emp_004142,2026-04-02,3.82
emp_004142,2026-01-02,4.33
emp_004144,2026-04-02,4.13
emp_004144,2026-01-02,4.42
emp_004144,2025-10-04,3.78
emp_004144,2025-07-06,4.11
emp_004144,2025-04-07,4.93
emp_004144,2025-01-07,4.52
emp_004144,2024-10-09,3.97
emp_004144,2024-07-11,4.04
emp_004145,2026-04-02,4.22
emp_004145,2026-01-02,3.78
emp_004146,2026-04-02,3.85
emp_004146,2026-01-02,3.82
emp_004146,2025-10-04,4.35
emp_004146,2025-07-06,3.19
emp_004146,2025-04-07,3.52
emp_004146,2025-01-07,4.07
emp_004146,2024-10-09,3.39
emp_004146,2024-07-11,3.65
emp_004147,2026-04-02,3.84
emp_004147,2026-01-02,3.08
emp_004147,2025-10-04,3.7
emp_004147,2025-07-06,4.26
emp_004147,2025-04-07,3.65
emp_004147,2025-01-07,3.96
emp_004147,2024-10-09,4.13
emp_004147,2024-07-11,3.54
emp_004148,2026-04-02,3.22
emp_004148,2026-01-02,3.12
emp_004148,2025-10-04,2.95
emp_004148,2025-07-06,2.65
emp_004148,2025-04-07,3.07
emp_004148,2025-01-07,3.3
emp_004148,2024-10-09,3.05
emp_004148,2024-07-11,3.57
emp_004149,2026-04-02,2.7
emp_004149,2026-01-02,3.52
emp_004149,2025-10-04,3.21
emp_004149,2025-07-06,3.09
emp_004149,2025-04-07,2.88
emp_004149,2025-01-07,3.5
emp_004149,2024-10-09,3.38
emp_004149,2024-07-11,3.4
emp_004150,2026-04-02,3.79
emp_004150,2026-01-02,3.65
emp_004150,2025-10-04,3.92
emp_004150,2025-07-06,3.06
emp_004150,2025-04-07,3.6
emp_004150,2025-01-07,3.47
emp_004151,2026-04-02,4.3
emp_004151,2026-01-02,3.95
emp_004151,2025-10-04,4.04
emp_004151,2025-07-06,4.55
emp_004151,2025-04-07,3.5
emp_004151,2025-01-07,4.4
emp_004151,2024-10-09,3.9
emp_004151,2024-07-11,4.56
emp_004152,2026-04-02,3.2
emp_004152,2026-01-02,3.32
emp_004152,2025-10-04,2.55
emp_004152,2025-07-06,3.6
emp_004152,2025-04-07,3.18
emp_004152,2025-01-07,3.05
emp_004152,2024-10-09,3.16
emp_004152,2024-07-11,2.91
emp_004153,2026-04-02,3.51
emp_004153,2026-01-02,3.24
emp_004153,2025-10-04,3.07
emp_004153,2025-07-06,3.29
emp_004154,2026-04-02,4.27
emp_004154,2026-01-02,3.84
emp_004154,2025-10-04,3.85
emp_004154,2025-07-06,4.93
emp_004154,2025-04-07,4.62
emp_004154,2025-01-07,4.18
emp_004154,2024-10-09,3.67
emp_004154,2024-07-11,3.85
emp_004155,2026-04-02,3.4
emp_004155,2026-01-02,3.15
emp_004155,2025-10-04,2.99
emp_004155,2025-07-06,3.57
emp_004155,2025-04-07,3.37
emp_004155,2025-01-07,3.39
emp_004155,2024-10-09,3.18
emp_004155,2024-07-11,2.53
emp_004156,2026-04-02,3.22
emp_004156,2026-01-02,3.69
emp_004156,2025-10-04,3.27
emp_004156,2025-07-06,2.7
emp_004156,2025-04-07,3.17
emp_004156,2025-01-07,3.39
emp_004156,2024-10-09,3.97
emp_004156,2024-07-11,2.91
emp_004157,2026-04-02,4.12
emp_004157,2026-01-02,3.18
emp_004157,2025-10-04,3.93
emp_004157,2025-07-06,3.82
emp_004157,2025-04-07,3.27
emp_004158,2026-04-02,2.77
emp_004158,2026-01-02,3.72
emp_004158,2025-10-04,3.75
emp_004158,2025-07-06,3.55
emp_004158,2025-04-07,3.68
emp_004158,2025-01-07,2.96
emp_004159,2026-04-02,4.79
emp_004159,2026-01-02,4.42
emp_004159,2025-10-04,4.53
emp_004159,2025-07-06,3.98
emp_004159,2025-04-07,4.54
emp_004159,2025-01-07,4.52
emp_004159,2024-10-09,4.47
emp_004160,2026-04-02,4.35
emp_004160,2026-01-02,3.77
emp_004160,2025-10-04,3.54
emp_004160,2025-07-06,4.33
emp_004160,2025-04-07,4.33
emp_004160,2025-01-07,4.73
emp_004160,2024-10-09,4.05
emp_004160,2024-07-11,4.59
emp_004161,2026-04-02,4.15
emp_004161,2026-01-02,3.29
emp_004161,2025-10-04,3.31
emp_004162,2026-04-02,3.05
emp_004162,2026-01-02,2.49
emp_004162,2025-10-04,3.0
emp_004162,2025-07-06,3.3
emp_004162,2025-04-07,3.27
emp_004162,2025-01-07,3.22
emp_004162,2024-10-09,3.12
emp_004162,2024-07-11,4.12
emp_004163,2026-04-02,3.94
emp_004163,2026-01-02,3.7
emp_004163,2025-10-04,3.34
emp_004163,2025-07-06,4.64
emp_004164,2026-04-02,3.82
emp_004164,2026-01-02,4.33
emp_004164,2025-10-04,4.2
emp_004164,2025-07-06,3.92
emp_004164,2025-04-07,4.17
emp_004164,2025-01-07,3.99
emp_004164,2024-10-09,4.13
emp_004165,2026-04-02,4.15
emp_004165,2026-01-02,4.25
emp_004165,2025-10-04,3.68
emp_004166,2026-04-02,3.71
emp_004166,2026-01-02,3.69
emp_004166,2025-10-04,3.84
emp_004166,2025-07-06,3.91
emp_004166,2025-04-07,2.83
emp_004166,2025-01-07,3.99
emp_004166,2024-10-09,3.22
emp_004166,2024-07-11,3.48
emp_004167,2026-04-02,3.64
emp_004167,2026-01-02,3.88
emp_004167,2025-10-04,3.63
emp_004167,2025-07-06,3.57
emp_004168,2026-04-02,2.97
emp_004168,2026-01-02,2.94
emp_004168,2025-10-04,2.66
emp_004168,2025-07-06,3.5
emp_004168,2025-04-07,3.09
emp_004168,2025-01-07,3.24
emp_004168,2024-10-09,3.3
emp_004168,2024-07-11,3.7
emp_004169,2026-04-02,3.06
emp_004169,2026-01-02,3.65
emp_004169,2025-10-04,3.47
emp_004169,2025-07-06,3.32
emp_004169,2025-04-07,3.68
emp_004169,2025-01-07,3.27
emp_004169,2024-10-09,3.04
emp_004169,2024-07-11,3.38
emp_004170,2026-04-02,3.65
emp_004170,2026-01-02,4.37
emp_004170,2025-10-04,3.45
emp_004170,2025-07-06,4.22
emp_004170,2025-04-07,3.89
emp_004170,2025-01-07,3.7
emp_004170,2024-10-09,3.37
emp_004170,2024-07-11,3.43
emp_004171,2026-04-02,3.79
emp_004171,2026-01-02,4.15
emp_004171,2025-10-04,4.34
emp_004171,2025-07-06,4.28
emp_004171,2025-04-07,4.16
emp_004172,2026-04-02,3.1
emp_004172,2026-01-02,3.65
emp_004172,2025-10-04,3.65
emp_004172,2025-07-06,3.84
emp_004172,2025-04-07,3.95
emp_004172,2025-01-07,3.82
emp_004173,2026-04-02,3.79
emp_004173,2026-01-02,3.9
emp_004173,2025-10-04,3.58
emp_004173,2025-07-06,4.35
emp_004173,2025-04-07,4.48
emp_004173,2025-01-07,4.52
emp_004173,2024-10-09,4.32
emp_004173,2024-07-11,4.07
emp_004174,2026-04-02,3.65
emp_004174,2026-01-02,3.14
emp_004174,2025-10-04,3.48
emp_004175,2026-04-02,3.78
emp_004175,2026-01-02,3.6
emp_004175,2025-10-04,3.64
emp_004175,2025-07-06,3.68
emp_004176,2026-04-02,2.99
emp_004176,2026-01-02,3.09
emp_004176,2025-10-04,3.45
emp_004176,2025-07-06,3.73
emp_004176,2025-04-07,3.55
emp_004176,2025-01-07,3.49
emp_004176,2024-10-09,3.63
emp_004176,2024-07-11,3.33
emp_004177,2026-04-02,4.66
emp_004177,2026-01-02,4.13
emp_004177,2025-10-04,4.57
emp_004177,2025-07-06,3.6
emp_004177,2025-04-07,4.5
emp_004177,2025-01-07,4.66
emp_004177,2024-10-09,3.97
emp_004177,2024-07-11,4.38
emp_004178,2026-04-02,4.36
emp_004178,2026-01-02,4.13
emp_004178,2025-10-04,4.2
emp_004178,2025-07-06,4.43
emp_004178,2025-04-07,4.34
emp_004178,2025-01-07,4.12
emp_004178,2024-10-09,4.74
emp_004178,2024-07-11,4.26
emp_004179,2026-04-02,3.19
emp_004179,2026-01-02,3.21
emp_004179,2025-10-04,3.48
emp_004179,2025-07-06,3.8
emp_004179,2025-04-07,3.16
emp_004179,2025-01-07,3.6
emp_004179,2024-10-09,3.14
emp_004179,2024-07-11,3.11
emp_004180,2026-04-02,3.95
emp_004180,2026-01-02,3.98
emp_004180,2025-10-04,3.42
emp_004180,2025-07-06,3.82
emp_004180,2025-04-07,3.8
emp_004180,2025-01-07,4.52
emp_004180,2024-10-09,3.27
emp_004180,2024-07-11,4.27
emp_004181,2026-04-02,4.28
emp_004181,2026-01-02,4.08
emp_004181,2025-10-04,4.43
emp_004181,2025-07-06,4.1
emp_004181,2025-04-07,3.68
emp_004181,2025-01-07,4.06
emp_004181,2024-10-09,3.5
emp_004181,2024-07-11,4.27
emp_004182,2026-04-02,4.9
emp_004182,2026-01-02,4.08
emp_004182,2025-10-04,4.01
emp_004182,2025-07-06,4.61
emp_004182,2025-04-07,4.57
emp_004182,2025-01-07,4.26
emp_004183,2026-04-02,4.37
emp_004183,2026-01-02,4.62
emp_004183,2025-10-04,4.73
emp_004183,2025-07-06,5.0
emp_004183,2025-04-07,4.35
emp_004183,2025-01-07,4.45
emp_004183,2024-10-09,4.48
emp_004183,2024-07-11,4.33
emp_004184,2026-04-02,4.38
emp_004184,2026-01-02,3.87
emp_004184,2025-10-04,3.32
emp_004184,2025-07-06,4.56
emp_004184,2025-04-07,3.96
emp_004184,2025-01-07,3.83
emp_004184,2024-10-09,4.45
emp_004184,2024-07-11,4.5
emp_004185,2026-04-02,3.76
emp_004185,2026-01-02,3.92
emp_004185,2025-10-04,3.5
emp_004185,2025-07-06,3.94
emp_004185,2025-04-07,3.52
emp_004185,2025-01-07,3.85
emp_004185,2024-10-09,3.94
emp_004185,2024-07-11,4.03
emp_004186,2026-04-02,3.29
emp_004186,2026-01-02,4.14
emp_004186,2025-10-04,3.57
emp_004186,2025-07-06,3.21
emp_004186,2025-04-07,3.15
emp_004186,2025-01-07,3.0
emp_004186,2024-10-09,3.13
emp_004186,2024-07-11,3.48
emp_004187,2026-04-02,3.27
emp_004187,2026-01-02,3.65
emp_004187,2025-10-04,4.02
emp_004187,2025-07-06,3.85
emp_004187,2025-04-07,3.9
emp_004187,2025-01-07,3.61
emp_004187,2024-10-09,3.83
emp_004187,2024-07-11,3.82
emp_004188,2026-04-02,3.81
emp_004188,2026-01-02,3.6
emp_004188,2025-10-04,3.46
emp_004188,2025-07-06,3.7
emp_004188,2025-04-07,3.59
emp_004188,2025-01-07,3.56
emp_004188,2024-10-09,3.64
emp_004188,2024-07-11,3.75
emp_004189,2026-04-02,4.23
emp_004189,2026-01-02,4.46
emp_004189,2025-10-04,3.55
emp_004189,2025-07-06,4.16
emp_004189,2025-04-07,4.37
emp_004189,2025-01-07,4.2
emp_004189,2024-10-09,4.51
emp_004189,2024-07-11,4.31
emp_004190,2026-04-02,3.99
emp_004190,2026-01-02,3.62
emp_004190,2025-10-04,3.78
emp_004191,2026-04-02,3.75
emp_004191,2026-01-02,4.45
emp_004191,2025-10-04,4.69
emp_004191,2025-07-06,4.51
emp_004191,2025-04-07,4.46
emp_004191,2025-01-07,4.67
emp_004191,2024-10-09,4.14
emp_004191,2024-07-11,4.71
emp_004192,2026-04-02,3.65
emp_004192,2026-01-02,4.13
emp_004192,2025-10-04,4.03
emp_004192,2025-07-06,4.44
emp_004192,2025-04-07,4.23
emp_004192,2025-01-07,4.57
emp_004192,2024-10-09,4.16
emp_004192,2024-07-11,4.07
emp_004193,2026-04-02,4.26
emp_004193,2026-01-02,3.71
emp_004193,2025-10-04,4.68
emp_004193,2025-07-06,3.81
emp_004193,2025-04-07,4.1
emp_004193,2025-01-07,3.9
emp_004194,2026-04-02,3.82
emp_004194,2026-01-02,3.31
emp_004194,2025-10-04,3.61
emp_004194,2025-07-06,3.48
emp_004194,2025-04-07,4.2
emp_004194,2025-01-07,3.81
emp_004194,2024-10-09,3.38
emp_004194,2024-07-11,3.83
emp_004195,2026-04-02,3.86
emp_004195,2026-01-02,3.76
emp_004195,2025-10-04,3.94
emp_004195,2025-07-06,4.12
emp_004195,2025-04-07,4.07
emp_004195,2025-01-07,4.01
emp_004195,2024-10-09,3.33
emp_004195,2024-07-11,4.66
emp_004196,2026-04-02,4.28
emp_004196,2026-01-02,3.99
emp_004196,2025-10-04,4.38
emp_004196,2025-07-06,3.22
emp_004196,2025-04-07,4.49
emp_004196,2025-01-07,3.5
emp_004196,2024-10-09,3.68
emp_004196,2024-07-11,3.24
emp_004197,2026-04-02,3.52
emp_004197,2026-01-02,3.2
emp_004197,2025-10-04,4.32
emp_004197,2025-07-06,3.06
emp_004197,2025-04-07,3.41
emp_004197,2025-01-07,3.85
emp_004197,2024-10-09,3.77
emp_004197,2024-07-11,3.62
emp_004198,2026-04-02,3.18
emp_004198,2026-01-02,3.65
emp_004198,2025-10-04,2.79
emp_004198,2025-07-06,2.97
emp_004198,2025-04-07,2.71
emp_004198,2025-01-07,3.43
emp_004198,2024-10-09,3.03
emp_004198,2024-07-11,3.66
emp_004199,2026-04-02,3.71
emp_004199,2026-01-02,4.21
emp_004200,2026-04-02,3.85
emp_004200,2026-01-02,3.88
emp_004200,2025-10-04,3.62
emp_004200,2025-07-06,3.72
emp_004200,2025-04-07,4.08
emp_004200,2025-01-07,4.1
emp_004200,2024-10-09,4.2
emp_004200,2024-07-11,4.04
emp_004201,2026-04-02,3.91
emp_004201,2026-01-02,4.01
emp_004201,2025-10-04,3.62
emp_004201,2025-07-06,3.89
emp_004201,2025-04-07,3.18
emp_004201,2025-01-07,4.1
emp_004201,2024-10-09,3.53
emp_004202,2026-04-02,3.99
emp_004202,2026-01-02,3.7
emp_004202,2025-10-04,3.58
emp_004202,2025-07-06,3.51
emp_004202,2025-04-07,3.58
emp_004202,2025-01-07,3.55
emp_004202,2024-10-09,3.46
emp_004202,2024-07-11,4.32
emp_004203,2026-04-02,3.69
emp_004203,2026-01-02,3.98
emp_004203,2025-10-04,4.03
emp_004203,2025-07-06,3.91
emp_004203,2025-04-07,3.59
emp_004203,2025-01-07,3.8
emp_004203,2024-10-09,3.33
emp_004203,2024-07-11,3.8
emp_004204,2026-04-02,4.03
emp_004204,2026-01-02,3.33
emp_004204,2025-10-04,3.87
emp_004204,2025-07-06,3.57
emp_004204,2025-04-07,3.91
emp_004204,2025-01-07,4.0
emp_004204,2024-10-09,3.71
emp_004204,2024-07-11,3.56
emp_004205,2026-04-02,3.87
emp_004205,2026-01-02,3.85
emp_004205,2025-10-04,4.21
emp_004205,2025-07-06,4.08
emp_004205,2025-04-07,3.12
emp_004205,2025-01-07,3.57
emp_004205,2024-10-09,3.96
emp_004205,2024-07-11,4.4
emp_004206,2026-04-02,3.87
emp_004206,2026-01-02,4.41
emp_004206,2025-10-04,3.57
emp_004207,2026-04-02,3.65
emp_004207,2026-01-02,3.45
emp_004207,2025-10-04,4.96
emp_004207,2025-07-06,3.42
emp_004207,2025-04-07,3.08
emp_004207,2025-01-07,3.31
emp_004207,2024-10-09,3.56
emp_004207,2024-07-11,3.91
emp_004208,2026-04-02,4.64
emp_004208,2026-01-02,3.75
emp_004208,2025-10-04,4.1
emp_004208,2025-07-06,3.84
emp_004208,2025-04-07,4.6
emp_004208,2025-01-07,4.67
emp_004208,2024-10-09,3.44
emp_004208,2024-07-11,4.19
emp_004209,2026-04-02,4.19
emp_004209,2026-01-02,4.45
emp_004209,2025-10-04,4.31
emp_004209,2025-07-06,3.78
emp_004209,2025-04-07,4.42
emp_004209,2025-01-07,3.43
emp_004209,2024-10-09,4.41
emp_004209,2024-07-11,3.76
emp_004210,2026-04-02,3.88
emp_004210,2026-01-02,4.18
emp_004210,2025-10-04,3.8
emp_004210,2025-07-06,4.06
emp_004211,2026-04-02,4.27
emp_004211,2026-01-02,3.81
emp_004211,2025-10-04,3.76
emp_004211,2025-07-06,3.22
emp_004211,2025-04-07,3.34
emp_004211,2025-01-07,4.14
emp_004211,2024-10-09,3.77
emp_004211,2024-07-11,3.37
emp_004212,2026-04-02,3.61
emp_004212,2026-01-02,3.94
emp_004212,2025-10-04,4.28
emp_004212,2025-07-06,4.66
emp_004212,2025-04-07,3.78
emp_004213,2026-04-02,4.16
emp_004214,2026-04-02,5.0
emp_004214,2026-01-02,4.24
emp_004214,2025-10-04,5.0
emp_004214,2025-07-06,4.07
emp_004214,2025-04-07,3.7
emp_004214,2025-01-07,4.75
emp_004214,2024-10-09,4.41
emp_004215,2026-04-02,4.23
emp_004215,2026-01-02,4.11
emp_004215,2025-10-04,4.39
emp_004216,2026-04-02,3.73
emp_004216,2026-01-02,3.6
emp_004216,2025-10-04,3.99
emp_004216,2025-07-06,4.2
emp_004216,2025-04-07,3.72
emp_004216,2025-01-07,4.6
emp_004216,2024-10-09,4.31
emp_004216,2024-07-11,3.52
emp_004217,2026-04-02,4.34
emp_004217,2026-01-02,4.09
emp_004217,2025-10-04,4.23
emp_004217,2025-07-06,4.35
emp_004217,2025-04-07,4.1
emp_004218,2026-04-02,3.19
emp_004218,2026-01-02,3.38
emp_004218,2025-10-04,3.33
emp_004218,2025-07-06,3.3
emp_004218,2025-04-07,2.95
emp_004218,2025-01-07,3.35
emp_004218,2024-10-09,3.12
emp_004218,2024-07-11,3.25
emp_004219,2026-04-02,4.11
emp_004219,2026-01-02,4.17
emp_004219,2025-10-04,4.26
emp_004219,2025-07-06,3.56
emp_004219,2025-04-07,4.04
emp_004220,2026-04-02,3.69
emp_004220,2026-01-02,3.44
emp_004220,2025-10-04,3.35
emp_004220,2025-07-06,3.87
emp_004220,2025-04-07,4.01
emp_004220,2025-01-07,4.15
emp_004221,2026-04-02,3.43
emp_004221,2026-01-02,3.91
emp_004221,2025-10-04,3.01
emp_004221,2025-07-06,3.44
emp_004221,2025-04-07,3.75
emp_004221,2025-01-07,3.83
emp_004221,2024-10-09,3.99
emp_004221,2024-07-11,3.1
emp_004222,2026-04-02,3.51
emp_004222,2026-01-02,3.4
emp_004222,2025-10-04,3.3
emp_004222,2025-07-06,4.08
emp_004222,2025-04-07,3.92
emp_004223,2026-04-02,3.36
emp_004223,2026-01-02,4.34
emp_004223,2025-10-04,4.06
emp_004223,2025-07-06,3.5
emp_004223,2025-04-07,4.27
emp_004223,2025-01-07,3.73
emp_004223,2024-10-09,4.88
emp_004223,2024-07-11,4.02
emp_004224,2026-04-02,3.51
emp_004224,2026-01-02,3.37
emp_004224,2025-10-04,3.35
emp_004224,2025-07-06,3.76
emp_004224,2025-04-07,3.62
emp_004224,2025-01-07,4.15
emp_004224,2024-10-09,4.07
emp_004224,2024-07-11,3.86
emp_004225,2026-04-02,2.93
emp_004225,2026-01-02,3.6
emp_004225,2025-10-04,3.39
emp_004225,2025-07-06,2.68
emp_004225,2025-04-07,3.1
emp_004225,2025-01-07,2.82
emp_004225,2024-10-09,3.99
emp_004225,2024-07-11,2.64
emp_004226,2026-04-02,3.84
emp_004226,2026-01-02,3.11
emp_004226,2025-10-04,3.83
emp_004226,2025-07-06,3.91
emp_004226,2025-04-07,3.82
emp_004226,2025-01-07,3.56
emp_004226,2024-10-09,3.36
emp_004226,2024-07-11,3.63
emp_004227,2026-04-02,3.26
emp_004228,2026-04-02,3.7
emp_004228,2026-01-02,3.8
emp_004228,2025-10-04,4.29
emp_004228,2025-07-06,2.81
emp_004228,2025-04-07,3.82
emp_004228,2025-01-07,3.22
emp_004228,2024-10-09,3.62
emp_004228,2024-07-11,4.03
emp_004229,2026-04-02,3.39
emp_004229,2026-01-02,3.43
emp_004229,2025-10-04,4.37
emp_004229,2025-07-06,4.12
emp_004229,2025-04-07,3.96
emp_004229,2025-01-07,4.09
emp_004229,2024-10-09,3.99
emp_004229,2024-07-11,3.54
emp_004230,2026-04-02,3.76
emp_004230,2026-01-02,3.33
emp_004230,2025-10-04,3.61
emp_004230,2025-07-06,3.88
emp_004230,2025-04-07,4.0
emp_004230,2025-01-07,3.92
emp_004230,2024-10-09,2.83
emp_004230,2024-07-11,3.18
emp_004231,2026-04-02,3.14
emp_004231,2026-01-02,3.25
emp_004231,2025-10-04,2.65
emp_004231,2025-07-06,3.13
emp_004231,2025-04-07,3.24
emp_004231,2025-01-07,3.52
emp_004231,2024-10-09,3.38
emp_004232,2026-04-02,4.03
emp_004232,2026-01-02,3.78
emp_004232,2025-10-04,4.54
emp_004232,2025-07-06,4.37
emp_004232,2025-04-07,4.12
emp_004232,2025-01-07,4.32
emp_004232,2024-10-09,4.25
emp_004232,2024-07-11,3.53
emp_004233,2026-04-02,3.44
emp_004233,2026-01-02,4.17
emp_004233,2025-10-04,3.6
emp_004233,2025-07-06,3.46
emp_004233,2025-04-07,3.04
emp_004234,2026-04-02,4.46
emp_004234,2026-01-02,3.8
emp_004235,2026-04-02,3.47
emp_004235,2026-01-02,3.44
emp_004235,2025-10-04,3.46
emp_004235,2025-07-06,2.34
emp_004235,2025-04-07,3.61
emp_004236,2026-04-02,3.42
emp_004236,2026-01-02,3.41
emp_004236,2025-10-04,3.7
emp_004236,2025-07-06,3.84
emp_004236,2025-04-07,3.36
emp_004236,2025-01-07,3.23
emp_004236,2024-10-09,3.99
emp_004236,2024-07-11,3.36
emp_004237,2026-04-02,3.77
emp_004237,2026-01-02,3.6
emp_004237,2025-10-04,3.74
emp_004237,2025-07-06,3.87
emp_004237,2025-04-07,3.7
emp_004237,2025-01-07,3.93
emp_004237,2024-10-09,3.25
emp_004237,2024-07-11,3.9
emp_004238,2026-04-02,3.5
emp_004238,2026-01-02,4.46
emp_004238,2025-10-04,4.34
emp_004238,2025-07-06,4.31
emp_004238,2025-04-07,4.81
emp_004238,2025-01-07,4.31
emp_004239,2026-04-02,4.1
emp_004239,2026-01-02,4.05
emp_004239,2025-10-04,4.24
emp_004239,2025-07-06,3.98
emp_004239,2025-04-07,4.53
emp_004240,2026-04-02,3.96
emp_004240,2026-01-02,3.52
emp_004240,2025-10-04,4.03
emp_004240,2025-07-06,3.48
emp_004240,2025-04-07,3.96
emp_004241,2026-04-02,3.4
emp_004242,2026-04-02,4.58
emp_004242,2026-01-02,4.05
emp_004242,2025-10-04,4.21
emp_004242,2025-07-06,3.65
emp_004242,2025-04-07,3.48
emp_004242,2025-01-07,3.26
emp_004242,2024-10-09,3.91
emp_004242,2024-07-11,3.7
emp_004243,2026-04-02,4.21
emp_004243,2026-01-02,3.71
emp_004243,2025-10-04,4.17
emp_004243,2025-07-06,4.16
emp_004243,2025-04-07,3.6
emp_004243,2025-01-07,4.21
emp_004243,2024-10-09,4.06
emp_004243,2024-07-11,3.89
emp_004244,2026-04-02,4.16
emp_004244,2026-01-02,3.64
emp_004244,2025-10-04,4.27
emp_004244,2025-07-06,3.81
emp_004244,2025-04-07,3.81
emp_004244,2025-01-07,3.53
emp_004244,2024-10-09,4.17
emp_004244,2024-07-11,4.35
emp_004245,2026-04-02,2.96
emp_004245,2026-01-02,3.16
emp_004245,2025-10-04,3.73
emp_004245,2025-07-06,3.14
emp_004245,2025-04-07,2.84
emp_004245,2025-01-07,2.96
emp_004245,2024-10-09,3.09
emp_004245,2024-07-11,3.41
emp_004246,2026-04-02,2.88
emp_004246,2026-01-02,3.11
emp_004246,2025-10-04,3.16
emp_004246,2025-07-06,3.38
emp_004246,2025-04-07,3.18
emp_004246,2025-01-07,3.25
emp_004246,2024-10-09,3.08
emp_004246,2024-07-11,3.91
emp_004247,2026-04-02,3.46
emp_004247,2026-01-02,3.65
emp_004247,2025-10-04,4.41
emp_004247,2025-07-06,4.31
emp_004247,2025-04-07,3.9
emp_004247,2025-01-07,4.03
emp_004247,2024-10-09,4.05
emp_004247,2024-07-11,4.44
emp_004248,2026-04-02,3.84
emp_004248,2026-01-02,4.2
emp_004248,2025-10-04,3.72
emp_004248,2025-07-06,3.92
emp_004248,2025-04-07,4.34
emp_004248,2025-01-07,4.49
emp_004249,2026-04-02,3.96
emp_004249,2026-01-02,4.63
emp_004249,2025-10-04,4.56
emp_004249,2025-07-06,4.25
emp_004249,2025-04-07,4.36
emp_004249,2025-01-07,3.71
emp_004249,2024-10-09,3.4
emp_004249,2024-07-11,3.99
emp_004250,2026-04-02,4.04
emp_004250,2026-01-02,3.5
emp_004250,2025-10-04,4.81
emp_004251,2026-04-02,3.64
emp_004251,2026-01-02,3.84
emp_004251,2025-10-04,3.87
emp_004251,2025-07-06,3.5
emp_004251,2025-04-07,3.63
emp_004251,2025-01-07,3.08
emp_004251,2024-10-09,4.2
emp_004251,2024-07-11,3.42
emp_004252,2026-04-02,4.56
emp_004252,2026-01-02,4.38
emp_004253,2026-04-02,4.3
emp_004254,2026-04-02,3.95
emp_004254,2026-01-02,4.36
emp_004254,2025-10-04,4.59
emp_004255,2026-04-02,3.86
emp_004255,2026-01-02,4.23
emp_004255,2025-10-04,4.44
emp_004255,2025-07-06,3.49
emp_004255,2025-04-07,3.98
emp_004256,2026-04-02,4.18
emp_004256,2026-01-02,4.39
emp_004256,2025-10-04,4.08
emp_004256,2025-07-06,4.33
emp_004256,2025-04-07,3.9
emp_004256,2025-01-07,3.41
emp_004257,2026-04-02,3.31
emp_004257,2026-01-02,3.81
emp_004257,2025-10-04,3.93
emp_004258,2026-04-02,3.39
emp_004258,2026-01-02,2.82
emp_004258,2025-10-04,3.71
emp_004258,2025-07-06,4.42
emp_004258,2025-04-07,3.12
emp_004258,2025-01-07,3.35
emp_004258,2024-10-09,3.41
emp_004259,2026-04-02,3.99
emp_004259,2026-01-02,3.82
emp_004259,2025-10-04,4.54
emp_004259,2025-07-06,3.62
emp_004259,2025-04-07,3.57
emp_004259,2025-01-07,4.76
emp_004260,2026-04-02,3.35
emp_004260,2026-01-02,3.52
emp_004260,2025-10-04,3.72
emp_004261,2026-04-02,3.65
emp_004261,2026-01-02,3.28
emp_004261,2025-10-04,3.95
emp_004261,2025-07-06,3.53
emp_004261,2025-04-07,3.21
emp_004261,2025-01-07,3.94
emp_004262,2026-04-02,4.72
emp_004262,2026-01-02,4.4
emp_004262,2025-10-04,3.83
emp_004263,2026-04-02,3.98
emp_004263,2026-01-02,3.71
emp_004263,2025-10-04,3.97
emp_004263,2025-07-06,3.86
emp_004263,2025-04-07,3.88
emp_004263,2025-01-07,4.11
emp_004263,2024-10-09,4.49
emp_004263,2024-07-11,3.97
emp_004264,2026-04-02,2.63
emp_004264,2026-01-02,3.19
emp_004264,2025-10-04,2.93
emp_004264,2025-07-06,3.64
emp_004264,2025-04-07,2.87
emp_004265,2026-04-02,3.96
emp_004265,2026-01-02,3.47
emp_004265,2025-10-04,3.69
emp_004265,2025-07-06,3.4
emp_004265,2025-04-07,2.64
emp_004265,2025-01-07,3.48
emp_004265,2024-10-09,3.42
emp_004265,2024-07-11,3.53
emp_004266,2026-04-02,4.2
emp_004266,2026-01-02,4.89
emp_004266,2025-10-04,4.94
emp_004266,2025-07-06,4.03
emp_004266,2025-04-07,4.5
emp_004266,2025-01-07,4.34
emp_004266,2024-10-09,4.09
emp_004266,2024-07-11,4.05
emp_004267,2026-04-02,4.29
emp_004267,2026-01-02,4.88
emp_004267,2025-10-04,3.76
emp_004267,2025-07-06,3.52
emp_004267,2025-04-07,4.36
emp_004267,2025-01-07,4.14
emp_004268,2026-04-02,3.63
emp_004268,2026-01-02,3.88
emp_004268,2025-10-04,3.44
emp_004268,2025-07-06,3.9
emp_004268,2025-04-07,4.03
emp_004268,2025-01-07,4.55
emp_004268,2024-10-09,3.57
emp_004268,2024-07-11,4.06
emp_004269,2026-04-02,3.49
emp_004269,2026-01-02,3.69
emp_004269,2025-10-04,3.3
emp_004269,2025-07-06,3.44
emp_004269,2025-04-07,3.27
emp_004269,2025-01-07,3.65
emp_004269,2024-10-09,3.7
emp_004270,2026-04-02,3.4
emp_004271,2026-04-02,3.73
emp_004271,2026-01-02,3.72
emp_004271,2025-10-04,4.05
emp_004271,2025-07-06,4.24
emp_004271,2025-04-07,3.53
emp_004271,2025-01-07,3.64
emp_004272,2026-04-02,3.66
emp_004272,2026-01-02,3.97
emp_004272,2025-10-04,3.52
emp_004272,2025-07-06,3.75
emp_004272,2025-04-07,3.17
emp_004272,2025-01-07,4.21
emp_004272,2024-10-09,3.91
emp_004272,2024-07-11,4.14
emp_004273,2026-04-02,3.65
emp_004273,2026-01-02,3.32
emp_004273,2025-10-04,4.19
emp_004273,2025-07-06,4.23
emp_004273,2025-04-07,3.92
emp_004274,2026-04-02,4.24
emp_004274,2026-01-02,3.97
emp_004274,2025-10-04,3.97
emp_004274,2025-07-06,4.06
emp_004274,2025-04-07,4.12
emp_004274,2025-01-07,3.73
emp_004274,2024-10-09,3.97
emp_004274,2024-07-11,3.6
emp_004275,2026-04-02,3.76
emp_004275,2026-01-02,4.58
emp_004275,2025-10-04,4.49
emp_004275,2025-07-06,4.14
emp_004275,2025-04-07,4.18
emp_004275,2025-01-07,4.04
emp_004275,2024-10-09,4.75
emp_004276,2026-04-02,3.98
emp_004276,2026-01-02,4.04
emp_004276,2025-10-04,4.24
emp_004276,2025-07-06,3.86
emp_004276,2025-04-07,4.03
emp_004276,2025-01-07,3.94
emp_004276,2024-10-09,3.66
emp_004276,2024-07-11,4.15
emp_004277,2026-04-02,3.51
emp_004277,2026-01-02,4.22
emp_004277,2025-10-04,3.47
emp_004277,2025-07-06,4.26
emp_004278,2026-04-02,3.76
emp_004278,2026-01-02,3.36
emp_004278,2025-10-04,4.14
emp_004278,2025-07-06,3.9
emp_004278,2025-04-07,3.87
emp_004278,2025-01-07,3.56
emp_004278,2024-10-09,3.91
emp_004278,2024-07-11,3.46
emp_004279,2026-04-02,4.02
emp_004279,2026-01-02,3.68
emp_004279,2025-10-04,4.56
emp_004279,2025-07-06,3.52
emp_004279,2025-04-07,4.46
emp_004279,2025-01-07,4.31
emp_004279,2024-10-09,4.06
emp_004279,2024-07-11,4.0
emp_004280,2026-04-02,4.56
emp_004280,2026-01-02,4.09
emp_004280,2025-10-04,4.45
emp_004280,2025-07-06,4.33
emp_004280,2025-04-07,3.93
emp_004280,2025-01-07,4.04
emp_004280,2024-10-09,3.99
emp_004280,2024-07-11,4.22
emp_004281,2026-04-02,3.78
emp_004281,2026-01-02,3.31
emp_004281,2025-10-04,3.68
emp_004281,2025-07-06,3.4
emp_004281,2025-04-07,2.84
emp_004281,2025-01-07,2.93
emp_004281,2024-10-09,3.46
emp_004281,2024-07-11,3.13
emp_004282,2026-04-02,3.97
emp_004282,2026-01-02,3.78
emp_004282,2025-10-04,3.45
emp_004282,2025-07-06,3.37
emp_004282,2025-04-07,3.94
emp_004282,2025-01-07,4.13
emp_004282,2024-10-09,3.81
emp_004282,2024-07-11,3.77
emp_004283,2026-04-02,4.41
emp_004283,2026-01-02,4.32
emp_004283,2025-10-04,3.92
emp_004283,2025-07-06,4.13
emp_004284,2026-04-02,3.65
emp_004284,2026-01-02,4.03
emp_004284,2025-10-04,4.02
emp_004284,2025-07-06,3.27
emp_004284,2025-04-07,4.23
emp_004284,2025-01-07,3.38
emp_004284,2024-10-09,4.08
emp_004284,2024-07-11,3.81
emp_004285,2026-04-02,4.61
emp_004285,2026-01-02,4.06
emp_004285,2025-10-04,4.25
emp_004285,2025-07-06,3.54
emp_004285,2025-04-07,3.86
emp_004285,2025-01-07,4.16
emp_004285,2024-10-09,4.4
emp_004285,2024-07-11,4.16
emp_004286,2026-04-02,3.47
emp_004286,2026-01-02,4.07
emp_004286,2025-10-04,3.45
emp_004286,2025-07-06,3.56
emp_004286,2025-04-07,3.49
emp_004286,2025-01-07,3.82
emp_004286,2024-10-09,3.55
emp_004286,2024-07-11,3.8
emp_004287,2026-04-02,4.22
emp_004287,2026-01-02,3.55
emp_004287,2025-10-04,3.91
emp_004287,2025-07-06,3.52
emp_004287,2025-04-07,3.9
emp_004287,2025-01-07,4.21
emp_004287,2024-10-09,4.14
emp_004288,2026-04-02,4.4
emp_004288,2026-01-02,4.43
emp_004288,2025-10-04,4.12
emp_004288,2025-07-06,3.98
emp_004288,2025-04-07,4.48
emp_004288,2025-01-07,3.76
emp_004288,2024-10-09,4.5
emp_004289,2026-04-02,3.25
emp_004289,2026-01-02,3.61
emp_004289,2025-10-04,3.26
emp_004289,2025-07-06,2.93
emp_004289,2025-04-07,3.86
emp_004289,2025-01-07,3.43
emp_004289,2024-10-09,3.67
emp_004290,2026-04-02,4.29
emp_004290,2026-01-02,4.72
emp_004290,2025-10-04,3.17
emp_004290,2025-07-06,3.55
emp_004290,2025-04-07,4.13
emp_004290,2025-01-07,3.46
emp_004291,2026-04-02,4.02
emp_004291,2026-01-02,3.47
emp_004291,2025-10-04,3.97
emp_004291,2025-07-06,3.95
emp_004292,2026-04-02,4.62
emp_004292,2026-01-02,4.47
emp_004292,2025-10-04,4.31
emp_004292,2025-07-06,4.48
emp_004292,2025-04-07,4.49
emp_004292,2025-01-07,4.52
emp_004292,2024-10-09,4.67
emp_004292,2024-07-11,4.85
emp_004293,2026-04-02,3.87
emp_004293,2026-01-02,4.6
emp_004293,2025-10-04,3.75
emp_004293,2025-07-06,4.3
emp_004293,2025-04-07,3.64
emp_004293,2025-01-07,4.15
emp_004294,2026-04-02,4.26
emp_004295,2026-04-02,4.47
emp_004295,2026-01-02,4.02
emp_004295,2025-10-04,4.33
emp_004295,2025-07-06,3.69
emp_004295,2025-04-07,3.88
emp_004295,2025-01-07,4.05
emp_004295,2024-10-09,4.28
emp_004295,2024-07-11,4.88
emp_004296,2026-04-02,3.5
emp_004296,2026-01-02,3.41
emp_004296,2025-10-04,3.72
emp_004296,2025-07-06,2.9
emp_004296,2025-04-07,3.24
emp_004297,2026-04-02,3.8
emp_004297,2026-01-02,4.6
emp_004297,2025-10-04,4.35
emp_004297,2025-07-06,4.39
emp_004297,2025-04-07,4.2
emp_004297,2025-01-07,3.94
emp_004297,2024-10-09,3.7
emp_004297,2024-07-11,3.79
emp_004298,2026-04-02,4.0
emp_004298,2026-01-02,3.0
emp_004298,2025-10-04,3.23
emp_004298,2025-07-06,3.63
emp_004298,2025-04-07,3.66
emp_004298,2025-01-07,3.77
emp_004298,2024-10-09,3.76
emp_004298,2024-07-11,4.03
emp_004299,2026-04-02,3.63
emp_004299,2026-01-02,3.93
emp_004299,2025-10-04,4.56
emp_004299,2025-07-06,4.03
emp_004299,2025-04-07,4.37
emp_004299,2025-01-07,4.0
emp_004299,2024-10-09,4.64
emp_004299,2024-07-11,4.25
emp_004300,2026-04-02,4.23
emp_004300,2026-01-02,3.21
emp_004300,2025-10-04,3.46
emp_004300,2025-07-06,4.12
emp_004300,2025-04-07,3.26
emp_004300,2025-01-07,3.11
emp_004300,2024-10-09,3.59
emp_004300,2024-07-11,3.69
emp_004301,2026-04-02,3.68
emp_004301,2026-01-02,3.42
emp_004301,2025-10-04,3.81
emp_004301,2025-07-06,3.87
emp_004301,2025-04-07,3.79
emp_004301,2025-01-07,3.38
emp_004301,2024-10-09,3.79
emp_004301,2024-07-11,3.31
emp_004302,2026-04-02,4.41
emp_004302,2026-01-02,4.5
emp_004302,2025-10-04,4.37
emp_004302,2025-07-06,3.8
emp_004302,2025-04-07,4.16
emp_004302,2025-01-07,4.26
emp_004302,2024-10-09,4.14
emp_004303,2026-04-02,3.71
emp_004303,2026-01-02,3.74
emp_004303,2025-10-04,3.51
emp_004303,2025-07-06,3.98
emp_004303,2025-04-07,3.63
emp_004303,2025-01-07,3.44
emp_004303,2024-10-09,3.55
emp_004303,2024-07-11,3.79
emp_004304,2026-04-02,3.31
emp_004304,2026-01-02,3.76
emp_004304,2025-10-04,3.13
emp_004304,2025-07-06,3.46
emp_004304,2025-04-07,3.24
emp_004304,2025-01-07,3.96
emp_004304,2024-10-09,3.72
emp_004304,2024-07-11,3.07
emp_004305,2026-04-02,3.93
emp_004305,2026-01-02,3.79
emp_004305,2025-10-04,3.64
emp_004305,2025-07-06,3.49
emp_004305,2025-04-07,3.77
emp_004305,2025-01-07,4.07
emp_004306,2026-04-02,2.87
emp_004306,2026-01-02,3.39
emp_004306,2025-10-04,3.37
emp_004306,2025-07-06,3.5
emp_004306,2025-04-07,3.79
emp_004306,2025-01-07,3.42
emp_004306,2024-10-09,3.9
emp_004306,2024-07-11,3.53
emp_004307,2026-04-02,3.95
emp_004308,2026-04-02,4.04
emp_004308,2026-01-02,3.24
emp_004308,2025-10-04,3.71
emp_004308,2025-07-06,3.08
emp_004308,2025-04-07,3.93
emp_004308,2025-01-07,3.18
emp_004308,2024-10-09,3.81
emp_004308,2024-07-11,3.85
emp_004309,2026-04-02,3.58
emp_004309,2026-01-02,3.81
emp_004309,2025-10-04,3.87
emp_004309,2025-07-06,3.9
emp_004309,2025-04-07,3.57
emp_004309,2025-01-07,3.93
emp_004310,2026-04-02,4.21
emp_004310,2026-01-02,3.4
emp_004310,2025-10-04,3.54
emp_004310,2025-07-06,3.67
emp_004310,2025-04-07,3.9
emp_004310,2025-01-07,4.2
emp_004310,2024-10-09,4.01
emp_004311,2026-04-02,3.84
emp_004311,2026-01-02,4.69
emp_004311,2025-10-04,3.79
emp_004311,2025-07-06,3.45
emp_004311,2025-04-07,3.77
emp_004311,2025-01-07,3.7
emp_004311,2024-10-09,4.05
emp_004311,2024-07-11,4.02
emp_004312,2026-04-02,4.67
emp_004312,2026-01-02,4.15
emp_004313,2026-04-02,3.78
emp_004313,2026-01-02,4.17
emp_004313,2025-10-04,4.3
emp_004313,2025-07-06,4.37
emp_004313,2025-04-07,4.26
emp_004313,2025-01-07,4.21
emp_004313,2024-10-09,4.43
emp_004313,2024-07-11,3.79
emp_004314,2026-04-02,2.75
emp_004314,2026-01-02,3.08
emp_004314,2025-10-04,3.05
emp_004314,2025-07-06,3.4
emp_004314,2025-04-07,3.46
emp_004315,2026-04-02,3.94
emp_004315,2026-01-02,4.01
emp_004315,2025-10-04,4.29
emp_004315,2025-07-06,4.28
emp_004315,2025-04-07,4.2
emp_004315,2025-01-07,4.2
emp_004315,2024-10-09,4.4
emp_004315,2024-07-11,4.24
emp_004316,2026-04-02,4.2
emp_004316,2026-01-02,4.53
emp_004316,2025-10-04,4.75
emp_004316,2025-07-06,3.94
emp_004316,2025-04-07,3.55
emp_004316,2025-01-07,4.21
emp_004316,2024-10-09,4.03
emp_004316,2024-07-11,4.2
emp_004317,2026-04-02,4.6
emp_004317,2026-01-02,3.57
emp_004317,2025-10-04,4.19
emp_004317,2025-07-06,3.95
emp_004317,2025-04-07,3.77
emp_004317,2025-01-07,3.98
emp_004317,2024-10-09,3.96
emp_004317,2024-07-11,3.78
emp_004318,2026-04-02,3.13
emp_004318,2026-01-02,2.84
emp_004318,2025-10-04,3.51
emp_004319,2026-04-02,4.1
emp_004319,2026-01-02,4.73
emp_004319,2025-10-04,4.08
emp_004319,2025-07-06,4.52
emp_004319,2025-04-07,4.88
emp_004320,2026-04-02,4.17
emp_004320,2026-01-02,4.16
emp_004320,2025-10-04,3.59
emp_004320,2025-07-06,4.27
emp_004320,2025-04-07,4.01
emp_004320,2025-01-07,3.61
emp_004320,2024-10-09,3.83
emp_004320,2024-07-11,4.01
emp_004321,2026-04-02,4.22
emp_004321,2026-01-02,3.44
emp_004321,2025-10-04,3.68
emp_004321,2025-07-06,3.91
emp_004321,2025-04-07,3.6
emp_004321,2025-01-07,4.33
emp_004321,2024-10-09,4.05
emp_004322,2026-04-02,4.31
emp_004322,2026-01-02,3.98
emp_004322,2025-10-04,4.21
emp_004322,2025-07-06,3.38
emp_004322,2025-04-07,4.3
emp_004322,2025-01-07,4.05
emp_004322,2024-10-09,4.01
emp_004322,2024-07-11,4.01
emp_004323,2026-04-02,4.05
emp_004323,2026-01-02,3.97
emp_004323,2025-10-04,3.35
emp_004323,2025-07-06,3.88
emp_004324,2026-04-02,2.75
emp_004324,2026-01-02,3.55
emp_004324,2025-10-04,2.83
emp_004324,2025-07-06,3.06
emp_004324,2025-04-07,3.66
emp_004325,2026-04-02,3.91
emp_004325,2026-01-02,4.19
emp_004325,2025-10-04,4.54
emp_004325,2025-07-06,3.93
emp_004325,2025-04-07,4.72
emp_004325,2025-01-07,4.18
emp_004325,2024-10-09,4.63
emp_004325,2024-07-11,4.28
emp_004326,2026-04-02,4.48
emp_004326,2026-01-02,3.88
emp_004326,2025-10-04,3.94
emp_004326,2025-07-06,3.82
emp_004326,2025-04-07,3.94
emp_004326,2025-01-07,4.62
emp_004326,2024-10-09,4.46
emp_004326,2024-07-11,4.1
emp_004327,2026-04-02,3.53
emp_004327,2026-01-02,3.78
emp_004327,2025-10-04,3.42
emp_004327,2025-07-06,3.73
emp_004327,2025-04-07,3.83
emp_004327,2025-01-07,3.81
emp_004327,2024-10-09,3.67
emp_004327,2024-07-11,3.86
emp_004328,2026-04-02,3.13
emp_004328,2026-01-02,2.96
emp_004328,2025-10-04,3.21
emp_004328,2025-07-06,3.63
emp_004329,2026-04-02,3.17
emp_004329,2026-01-02,3.54
emp_004329,2025-10-04,3.75
emp_004329,2025-07-06,3.49
emp_004329,2025-04-07,3.89
emp_004329,2025-01-07,3.36
emp_004329,2024-10-09,3.63
emp_004329,2024-07-11,4.13
emp_004330,2026-04-02,3.77
emp_004330,2026-01-02,4.04
emp_004330,2025-10-04,2.51
emp_004330,2025-07-06,3.72
emp_004330,2025-04-07,4.52
emp_004330,2025-01-07,3.25
emp_004330,2024-10-09,3.56
emp_004330,2024-07-11,3.68
emp_004331,2026-04-02,4.88
emp_004331,2026-01-02,3.41
emp_004331,2025-10-04,4.02
emp_004332,2026-04-02,3.58
emp_004332,2026-01-02,4.21
emp_004332,2025-10-04,4.49
emp_004332,2025-07-06,3.5
emp_004332,2025-04-07,4.17
emp_004332,2025-01-07,3.66
emp_004332,2024-10-09,4.72
emp_004332,2024-07-11,4.29
emp_004333,2026-04-02,4.3
emp_004333,2026-01-02,3.61
emp_004333,2025-10-04,4.2
emp_004333,2025-07-06,3.74
emp_004333,2025-04-07,3.92
emp_004333,2025-01-07,4.15
emp_004333,2024-10-09,3.83
emp_004333,2024-07-11,3.07
emp_004334,2026-04-02,3.49
emp_004334,2026-01-02,3.62
emp_004334,2025-10-04,3.66
emp_004334,2025-07-06,3.4
emp_004334,2025-04-07,2.98
emp_004334,2025-01-07,3.1
emp_004334,2024-10-09,3.14
emp_004334,2024-07-11,3.22
emp_004335,2026-04-02,3.52
emp_004335,2026-01-02,4.5
emp_004335,2025-10-04,4.14
emp_004335,2025-07-06,4.62
emp_004335,2025-04-07,4.24
emp_004335,2025-01-07,3.45
emp_004335,2024-10-09,3.73
emp_004335,2024-07-11,3.88
emp_004336,2026-04-02,3.88
emp_004336,2026-01-02,3.31
emp_004336,2025-10-04,3.8
emp_004336,2025-07-06,3.7
emp_004336,2025-04-07,3.62
emp_004336,2025-01-07,3.75
emp_004336,2024-10-09,4.71
emp_004336,2024-07-11,3.6
emp_004337,2026-04-02,3.53
emp_004337,2026-01-02,4.33
emp_004337,2025-10-04,4.17
emp_004337,2025-07-06,4.89
emp_004337,2025-04-07,4.15
emp_004337,2025-01-07,4.61
emp_004337,2024-10-09,3.97
emp_004337,2024-07-11,4.53
emp_004338,2026-04-02,3.98
emp_004338,2026-01-02,3.91
emp_004338,2025-10-04,4.03
emp_004338,2025-07-06,3.79
emp_004338,2025-04-07,3.76
emp_004338,2025-01-07,3.95
emp_004338,2024-10-09,3.73
emp_004338,2024-07-11,3.88
emp_004339,2026-04-02,3.04
emp_004339,2026-01-02,4.17
emp_004339,2025-10-04,3.37
emp_004339,2025-07-06,2.96
emp_004339,2025-04-07,3.72
emp_004340,2026-04-02,3.87
emp_004340,2026-01-02,3.75
emp_004340,2025-10-04,3.97
emp_004340,2025-07-06,3.91
emp_004340,2025-04-07,3.62
emp_004340,2025-01-07,3.49
emp_004340,2024-10-09,3.52
emp_004340,2024-07-11,3.42
emp_004341,2026-04-02,3.68
emp_004341,2026-01-02,3.49
emp_004341,2025-10-04,3.3
emp_004341,2025-07-06,3.76
emp_004341,2025-04-07,4.36
emp_004341,2025-01-07,3.94
emp_004341,2024-10-09,3.75
emp_004341,2024-07-11,4.06
emp_004342,2026-04-02,4.31
emp_004342,2026-01-02,3.98
emp_004342,2025-10-04,4.21
emp_004342,2025-07-06,4.31
emp_004342,2025-04-07,4.28
emp_004342,2025-01-07,4.23
emp_004342,2024-10-09,3.77
emp_004342,2024-07-11,4.51
emp_004343,2026-04-02,4.13
emp_004343,2026-01-02,3.93
emp_004343,2025-10-04,3.6
emp_004343,2025-07-06,3.5
emp_004343,2025-04-07,4.02
emp_004343,2025-01-07,3.37
emp_004343,2024-10-09,4.04
emp_004343,2024-07-11,3.72
emp_004344,2026-04-02,3.41
emp_004344,2026-01-02,3.21
emp_004344,2025-10-04,4.01
emp_004344,2025-07-06,3.47
emp_004344,2025-04-07,3.21
emp_004344,2025-01-07,2.99
emp_004344,2024-10-09,3.71
emp_004344,2024-07-11,4.14
emp_004345,2026-04-02,4.28
emp_004345,2026-01-02,4.76
emp_004345,2025-10-04,3.74
emp_004345,2025-07-06,4.99
emp_004345,2025-04-07,4.16
emp_004345,2025-01-07,4.21
emp_004345,2024-10-09,4.03
emp_004345,2024-07-11,4.06
emp_004346,2026-04-02,3.32
emp_004346,2026-01-02,3.06
emp_004346,2025-10-04,3.72
emp_004346,2025-07-06,3.83
emp_004347,2026-04-02,4.56
emp_004347,2026-01-02,4.23
emp_004347,2025-10-04,3.79
emp_004347,2025-07-06,3.29
emp_004347,2025-04-07,4.19
emp_004347,2025-01-07,3.82
emp_004347,2024-10-09,3.37
emp_004348,2026-04-02,4.33
emp_004348,2026-01-02,4.4
emp_004348,2025-10-04,4.08
emp_004348,2025-07-06,4.02
emp_004348,2025-04-07,4.1
emp_004348,2025-01-07,3.61
emp_004348,2024-10-09,4.65
emp_004348,2024-07-11,4.14
emp_004349,2026-04-02,3.87
emp_004349,2026-01-02,4.21
emp_004349,2025-10-04,3.85
emp_004349,2025-07-06,4.12
emp_004349,2025-04-07,4.58
emp_004349,2025-01-07,3.84
emp_004349,2024-10-09,4.03
emp_004349,2024-07-11,3.65
emp_004350,2026-04-02,3.49
emp_004350,2026-01-02,3.24
emp_004350,2025-10-04,3.57
emp_004350,2025-07-06,3.6
emp_004350,2025-04-07,4.0
emp_004351,2026-04-02,3.63
emp_004351,2026-01-02,3.83
emp_004351,2025-10-04,4.69
emp_004351,2025-07-06,4.47
emp_004351,2025-04-07,3.62
emp_004352,2026-04-02,3.93
emp_004352,2026-01-02,3.71
emp_004352,2025-10-04,3.45
emp_004352,2025-07-06,3.77
emp_004352,2025-04-07,3.59
emp_004352,2025-01-07,3.56
emp_004352,2024-10-09,3.65
emp_004352,2024-07-11,3.57
emp_004353,2026-04-02,4.52
emp_004353,2026-01-02,4.95
emp_004353,2025-10-04,4.87
emp_004353,2025-07-06,4.0
emp_004353,2025-04-07,4.2
emp_004354,2026-04-02,4.36
emp_004354,2026-01-02,4.43
emp_004354,2025-10-04,4.37
emp_004354,2025-07-06,4.52
emp_004354,2025-04-07,4.74
emp_004354,2025-01-07,4.31
emp_004354,2024-10-09,4.04
emp_004354,2024-07-11,4.21
emp_004355,2026-04-02,3.26
emp_004355,2026-01-02,4.18
emp_004355,2025-10-04,4.09
emp_004355,2025-07-06,3.65
emp_004355,2025-04-07,3.96
emp_004355,2025-01-07,3.24
emp_004355,2024-10-09,4.13
emp_004355,2024-07-11,4.01
emp_004356,2026-04-02,3.96
emp_004356,2026-01-02,3.89
emp_004356,2025-10-04,3.25
emp_004356,2025-07-06,4.4
emp_004356,2025-04-07,3.81
emp_004356,2025-01-07,4.27
emp_004356,2024-10-09,4.02
emp_004356,2024-07-11,3.54
emp_004357,2026-04-02,4.18
emp_004357,2026-01-02,3.5
emp_004357,2025-10-04,4.61
emp_004357,2025-07-06,3.4
emp_004357,2025-04-07,4.2
emp_004357,2025-01-07,3.21
emp_004357,2024-10-09,4.06
emp_004357,2024-07-11,4.34
emp_004358,2026-04-02,4.2
emp_004358,2026-01-02,3.56
emp_004358,2025-10-04,3.51
emp_004358,2025-07-06,4.3
emp_004358,2025-04-07,4.03
emp_004358,2025-01-07,4.08
emp_004358,2024-10-09,3.61
emp_004358,2024-07-11,4.62
emp_004359,2026-04-02,4.48
emp_004359,2026-01-02,4.08
emp_004359,2025-10-04,4.25
emp_004359,2025-07-06,3.95
emp_004360,2026-04-02,4.0
emp_004360,2026-01-02,3.95
emp_004360,2025-10-04,4.29
emp_004360,2025-07-06,3.98
emp_004361,2026-04-02,3.62
emp_004361,2026-01-02,4.24
emp_004361,2025-10-04,3.93
emp_004361,2025-07-06,3.5
emp_004361,2025-04-07,4.03
emp_004361,2025-01-07,3.73
emp_004361,2024-10-09,4.07
emp_004361,2024-07-11,3.48
emp_004362,2026-04-02,3.85
emp_004362,2026-01-02,3.87
emp_004362,2025-10-04,4.02
emp_004362,2025-07-06,4.01
emp_004362,2025-04-07,3.8
emp_004362,2025-01-07,3.75
emp_004362,2024-10-09,3.72
emp_004362,2024-07-11,3.33
emp_004363,2026-04-02,3.53
emp_004363,2026-01-02,3.68
emp_004363,2025-10-04,3.4
emp_004363,2025-07-06,4.04
emp_004363,2025-04-07,3.11
emp_004363,2025-01-07,3.65
emp_004363,2024-10-09,3.92
emp_004363,2024-07-11,3.23
emp_004364,2026-04-02,3.62
emp_004364,2026-01-02,3.68
emp_004364,2025-10-04,3.84
emp_004364,2025-07-06,3.54
emp_004364,2025-04-07,3.76
emp_004364,2025-01-07,4.31
emp_004364,2024-10-09,3.63
emp_004364,2024-07-11,4.61
emp_004365,2026-04-02,3.4
emp_004365,2026-01-02,3.04
emp_004365,2025-10-04,3.7
emp_004365,2025-07-06,3.76
emp_004365,2025-04-07,3.51
emp_004365,2025-01-07,3.65
emp_004366,2026-04-02,3.98
emp_004366,2026-01-02,4.83
emp_004366,2025-10-04,3.45
emp_004366,2025-07-06,3.55
emp_004366,2025-04-07,3.64
emp_004366,2025-01-07,4.27
emp_004366,2024-10-09,4.15
emp_004366,2024-07-11,4.73
emp_004367,2026-04-02,4.25
emp_004367,2026-01-02,4.07
emp_004367,2025-10-04,3.58
emp_004367,2025-07-06,4.15
emp_004368,2026-04-02,4.21
emp_004368,2026-01-02,3.44
emp_004368,2025-10-04,3.99
emp_004368,2025-07-06,3.59
emp_004368,2025-04-07,3.59
emp_004368,2025-01-07,3.93
emp_004368,2024-10-09,4.36
emp_004368,2024-07-11,3.43
emp_004369,2026-04-02,4.22
emp_004369,2026-01-02,4.32
emp_004369,2025-10-04,4.26
emp_004370,2026-04-02,3.73
emp_004370,2026-01-02,3.71
emp_004370,2025-10-04,3.93
emp_004370,2025-07-06,3.79
emp_004370,2025-04-07,4.04
emp_004370,2025-01-07,3.72
emp_004370,2024-10-09,3.61
emp_004370,2024-07-11,4.09
emp_004371,2026-04-02,3.78
emp_004371,2026-01-02,3.65
emp_004371,2025-10-04,3.82
emp_004371,2025-07-06,3.9
emp_004372,2026-04-02,3.51
emp_004372,2026-01-02,3.54
emp_004372,2025-10-04,3.56
emp_004372,2025-07-06,4.11
emp_004372,2025-04-07,3.75
emp_004373,2026-04-02,3.34
emp_004373,2026-01-02,3.58
emp_004373,2025-10-04,3.28
emp_004373,2025-07-06,3.34
emp_004373,2025-04-07,3.8
emp_004373,2025-01-07,4.16
emp_004373,2024-10-09,3.48
emp_004374,2026-04-02,3.01
emp_004374,2026-01-02,3.71
emp_004374,2025-10-04,3.02
emp_004374,2025-07-06,3.12
emp_004374,2025-04-07,3.64
emp_004375,2026-04-02,3.65
emp_004375,2026-01-02,3.01
emp_004375,2025-10-04,3.77
emp_004375,2025-07-06,4.03
emp_004375,2025-04-07,4.02
emp_004375,2025-01-07,3.61
emp_004376,2026-04-02,3.48
emp_004376,2026-01-02,3.92
emp_004376,2025-10-04,4.06
emp_004376,2025-07-06,3.26
emp_004377,2026-04-02,3.79
emp_004377,2026-01-02,3.54
emp_004377,2025-10-04,4.27
emp_004377,2025-07-06,3.78
emp_004377,2025-04-07,3.41
emp_004377,2025-01-07,4.32
emp_004377,2024-10-09,4.02
emp_004377,2024-07-11,3.68
emp_004378,2026-04-02,3.83
emp_004378,2026-01-02,4.09
emp_004378,2025-10-04,4.37
emp_004378,2025-07-06,3.92
emp_004378,2025-04-07,4.39
emp_004378,2025-01-07,4.03
emp_004379,2026-04-02,3.88
emp_004379,2026-01-02,3.83
emp_004379,2025-10-04,3.21
emp_004379,2025-07-06,2.94
emp_004379,2025-04-07,3.65
emp_004379,2025-01-07,3.79
emp_004379,2024-10-09,3.73
emp_004379,2024-07-11,3.08
emp_004380,2026-04-02,3.65
emp_004380,2026-01-02,4.17
emp_004380,2025-10-04,4.12
emp_004380,2025-07-06,3.85
emp_004380,2025-04-07,4.21
emp_004380,2025-01-07,4.16
emp_004380,2024-10-09,4.1
emp_004380,2024-07-11,4.3
emp_004381,2026-04-02,3.1
emp_004381,2026-01-02,3.81
emp_004381,2025-10-04,3.83
emp_004381,2025-07-06,3.31
emp_004381,2025-04-07,3.5
emp_004381,2025-01-07,3.68
emp_004381,2024-10-09,3.49
emp_004381,2024-07-11,3.0
emp_004382,2026-04-02,3.64
emp_004382,2026-01-02,3.56
emp_004382,2025-10-04,4.31
emp_004382,2025-07-06,4.08
emp_004383,2026-04-02,3.46
emp_004383,2026-01-02,3.94
emp_004383,2025-10-04,3.69
emp_004383,2025-07-06,3.71
emp_004383,2025-04-07,3.15
emp_004383,2025-01-07,4.0
emp_004383,2024-10-09,3.77
emp_004383,2024-07-11,3.03
emp_004384,2026-04-02,4.1
emp_004384,2026-01-02,3.76
emp_004384,2025-10-04,4.02
emp_004384,2025-07-06,3.7
emp_004385,2026-04-02,4.03
emp_004385,2026-01-02,4.11
emp_004385,2025-10-04,3.84
emp_004385,2025-07-06,3.67
emp_004385,2025-04-07,4.05
emp_004386,2026-04-02,4.31
emp_004386,2026-01-02,3.65
emp_004386,2025-10-04,4.14
emp_004386,2025-07-06,3.89
emp_004387,2026-04-02,4.53
emp_004387,2026-01-02,4.06
emp_004387,2025-10-04,4.07
emp_004387,2025-07-06,4.11
emp_004387,2025-04-07,3.97
emp_004387,2025-01-07,3.82
emp_004387,2024-10-09,4.1
emp_004387,2024-07-11,3.79
emp_004388,2026-04-02,4.22
emp_004388,2026-01-02,4.51
emp_004388,2025-10-04,4.19
emp_004388,2025-07-06,3.63
emp_004388,2025-04-07,3.67
emp_004388,2025-01-07,4.22
emp_004388,2024-10-09,4.41
emp_004388,2024-07-11,4.47
emp_004389,2026-04-02,4.59
emp_004389,2026-01-02,3.64
emp_004389,2025-10-04,3.77
emp_004389,2025-07-06,4.0
emp_004389,2025-04-07,3.9
emp_004389,2025-01-07,3.43
emp_004389,2024-10-09,3.89
emp_004389,2024-07-11,3.59
emp_004390,2026-04-02,4.3
emp_004390,2026-01-02,3.96
emp_004390,2025-10-04,4.32
emp_004390,2025-07-06,3.9
emp_004390,2025-04-07,3.91
emp_004390,2025-01-07,4.27
emp_004390,2024-10-09,4.07
emp_004390,2024-07-11,4.02
emp_004391,2026-04-02,3.6
emp_004391,2026-01-02,3.84
emp_004391,2025-10-04,3.53
emp_004391,2025-07-06,3.57
emp_004391,2025-04-07,3.84
emp_004391,2025-01-07,3.84
emp_004391,2024-10-09,3.84
emp_004391,2024-07-11,3.89
emp_004392,2026-04-02,5.0
emp_004392,2026-01-02,4.33
emp_004392,2025-10-04,3.73
emp_004392,2025-07-06,3.62
emp_004392,2025-04-07,3.88
emp_004392,2025-01-07,3.04
emp_004392,2024-10-09,4.24
emp_004392,2024-07-11,4.19
emp_004393,2026-04-02,3.65
emp_004393,2026-01-02,4.08
emp_004393,2025-10-04,4.38
emp_004393,2025-07-06,4.03
emp_004393,2025-04-07,4.27
emp_004393,2025-01-07,4.97
emp_004393,2024-10-09,4.6
emp_004393,2024-07-11,3.88
emp_004394,2026-04-02,3.7
emp_004394,2026-01-02,3.43
emp_004395,2026-04-02,3.93
emp_004395,2026-01-02,4.48
emp_004395,2025-10-04,4.37
emp_004395,2025-07-06,4.14
emp_004395,2025-04-07,4.18
emp_004395,2025-01-07,3.78
emp_004395,2024-10-09,3.82
emp_004395,2024-07-11,3.96
emp_004396,2026-04-02,3.68
emp_004396,2026-01-02,3.94
emp_004396,2025-10-04,3.24
emp_004396,2025-07-06,3.6
emp_004397,2026-04-02,3.7
emp_004397,2026-01-02,3.87
emp_004397,2025-10-04,3.77
emp_004397,2025-07-06,3.65
emp_004397,2025-04-07,3.41
emp_004397,2025-01-07,3.5
emp_004397,2024-10-09,3.68
emp_004397,2024-07-11,3.18
emp_004398,2026-04-02,3.87
emp_004398,2026-01-02,3.69
emp_004398,2025-10-04,3.84
emp_004398,2025-07-06,4.41
emp_004398,2025-04-07,3.7
emp_004398,2025-01-07,4.23
emp_004398,2024-10-09,4.14
emp_004398,2024-07-11,4.02
emp_004399,2026-04-02,4.36
emp_004399,2026-01-02,3.85
emp_004399,2025-10-04,3.64
emp_004399,2025-07-06,4.14
emp_004399,2025-04-07,3.83
emp_004399,2025-01-07,3.77
emp_004399,2024-10-09,3.95
emp_004399,2024-07-11,3.74
emp_004400,2026-04-02,4.45
emp_004400,2026-01-02,4.18
emp_004400,2025-10-04,4.22
emp_004400,2025-07-06,3.87
emp_004400,2025-04-07,4.14
emp_004400,2025-01-07,4.51
emp_004400,2024-10-09,3.93
emp_004401,2026-04-02,3.6
emp_004402,2026-04-02,3.44
emp_004403,2026-04-02,3.78
emp_004403,2026-01-02,3.44
emp_004403,2025-10-04,3.69
emp_004403,2025-07-06,4.58
emp_004403,2025-04-07,3.22
emp_004403,2025-01-07,3.26
emp_004403,2024-10-09,4.12
emp_004403,2024-07-11,4.65
emp_004404,2026-04-02,4.39
emp_004404,2026-01-02,3.84
emp_004404,2025-10-04,3.75
emp_004404,2025-07-06,3.62
emp_004404,2025-04-07,3.81
emp_004404,2025-01-07,4.29
emp_004405,2026-04-02,3.86
emp_004405,2026-01-02,3.25
emp_004405,2025-10-04,3.66
emp_004405,2025-07-06,3.43
emp_004406,2026-04-02,3.64
emp_004406,2026-01-02,3.64
emp_004406,2025-10-04,4.06
emp_004406,2025-07-06,3.76
emp_004406,2025-04-07,3.56
emp_004406,2025-01-07,4.16
emp_004406,2024-10-09,3.05
emp_004406,2024-07-11,3.68
emp_004407,2026-04-02,3.13
emp_004407,2026-01-02,4.11
emp_004407,2025-10-04,3.2
emp_004407,2025-07-06,3.54
emp_004407,2025-04-07,3.52
emp_004407,2025-01-07,3.82
emp_004407,2024-10-09,4.1
emp_004407,2024-07-11,3.23
emp_004408,2026-04-02,4.47
emp_004408,2026-01-02,3.85
emp_004408,2025-10-04,4.48
emp_004408,2025-07-06,4.1
emp_004408,2025-04-07,4.15
emp_004408,2025-01-07,4.09
emp_004408,2024-10-09,3.81
emp_004408,2024-07-11,2.81
emp_004409,2026-04-02,3.73
emp_004409,2026-01-02,3.83
emp_004409,2025-10-04,4.55
emp_004409,2025-07-06,4.31
emp_004409,2025-04-07,3.93
emp_004409,2025-01-07,4.17
emp_004409,2024-10-09,4.73
emp_004409,2024-07-11,3.71
emp_004410,2026-04-02,4.14
emp_004410,2026-01-02,4.15
emp_004410,2025-10-04,3.95
emp_004410,2025-07-06,4.35
emp_004410,2025-04-07,4.46
emp_004410,2025-01-07,4.6
emp_004410,2024-10-09,4.28
emp_004410,2024-07-11,3.82
emp_004411,2026-04-02,3.97
emp_004412,2026-04-02,4.24
emp_004412,2026-01-02,3.36
emp_004412,2025-10-04,3.93
emp_004413,2026-04-02,3.72
emp_004413,2026-01-02,3.06
emp_004413,2025-10-04,3.48
emp_004413,2025-07-06,3.59
emp_004413,2025-04-07,3.9
emp_004413,2025-01-07,3.22
emp_004413,2024-10-09,2.8
emp_004413,2024-07-11,3.17
emp_004414,2026-04-02,3.59
emp_004414,2026-01-02,4.33
emp_004414,2025-10-04,4.19
emp_004414,2025-07-06,4.11
emp_004414,2025-04-07,4.4
emp_004414,2025-01-07,3.81
emp_004414,2024-10-09,4.06
emp_004414,2024-07-11,4.15
emp_004415,2026-04-02,4.24
emp_004415,2026-01-02,3.02
emp_004415,2025-10-04,3.93
emp_004415,2025-07-06,3.83
emp_004415,2025-04-07,3.15
emp_004415,2025-01-07,3.99
emp_004415,2024-10-09,4.29
emp_004415,2024-07-11,3.99
emp_004416,2026-04-02,3.01
emp_004416,2026-01-02,3.47
emp_004416,2025-10-04,3.27
emp_004416,2025-07-06,3.44
emp_004416,2025-04-07,4.66
emp_004416,2025-01-07,3.54
emp_004417,2026-04-02,4.22
emp_004417,2026-01-02,4.71
emp_004417,2025-10-04,4.7
emp_004417,2025-07-06,4.62
emp_004417,2025-04-07,4.47
emp_004417,2025-01-07,4.16
emp_004417,2024-10-09,4.01
emp_004417,2024-07-11,4.21
emp_004418,2026-04-02,4.07
emp_004418,2026-01-02,3.84
emp_004418,2025-10-04,4.44
emp_004418,2025-07-06,3.54
emp_004418,2025-04-07,3.47
emp_004418,2025-01-07,3.08
emp_004418,2024-10-09,3.49
emp_004418,2024-07-11,4.13
emp_004419,2026-04-02,3.48
emp_004419,2026-01-02,4.05
emp_004419,2025-10-04,3.33
emp_004419,2025-07-06,4.38
emp_004419,2025-04-07,3.88
emp_004419,2025-01-07,4.37
emp_004419,2024-10-09,4.78
emp_004419,2024-07-11,4.07
emp_004420,2026-04-02,4.46
emp_004420,2026-01-02,4.02
emp_004420,2025-10-04,3.77
emp_004420,2025-07-06,5.0
emp_004420,2025-04-07,4.43
emp_004420,2025-01-07,3.15
emp_004420,2024-10-09,4.23
emp_004420,2024-07-11,3.95
emp_004421,2026-04-02,3.94
emp_004421,2026-01-02,4.5
emp_004421,2025-10-04,4.29
emp_004421,2025-07-06,4.06
emp_004421,2025-04-07,4.81
emp_004421,2025-01-07,4.45
emp_004421,2024-10-09,3.82
emp_004421,2024-07-11,4.71
emp_004422,2026-04-02,4.02
emp_004422,2026-01-02,3.62
emp_004422,2025-10-04,3.76
emp_004422,2025-07-06,4.38
emp_004422,2025-04-07,4.08
emp_004422,2025-01-07,4.2
emp_004422,2024-10-09,3.86
emp_004422,2024-07-11,4.56
emp_004423,2026-04-02,3.6
emp_004423,2026-01-02,3.65
emp_004423,2025-10-04,3.84
emp_004423,2025-07-06,3.68
emp_004423,2025-04-07,3.31
emp_004423,2025-01-07,3.41
emp_004423,2024-10-09,3.47
emp_004423,2024-07-11,4.03
emp_004424,2026-04-02,3.81
emp_004424,2026-01-02,3.39
emp_004424,2025-10-04,3.51
emp_004424,2025-07-06,3.52
emp_004424,2025-04-07,2.62
emp_004424,2025-01-07,3.38
emp_004424,2024-10-09,3.19
emp_004424,2024-07-11,3.66
emp_004425,2026-04-02,3.95
emp_004425,2026-01-02,3.74
emp_004425,2025-10-04,3.71
emp_004425,2025-07-06,4.0
emp_004425,2025-04-07,3.57
emp_004426,2026-04-02,3.15
emp_004426,2026-01-02,3.19
emp_004426,2025-10-04,3.4
emp_004426,2025-07-06,3.55
emp_004426,2025-04-07,2.82
emp_004426,2025-01-07,3.55
emp_004426,2024-10-09,3.34
emp_004427,2026-04-02,4.11
emp_004427,2026-01-02,3.79
emp_004427,2025-10-04,3.91
emp_004427,2025-07-06,4.77
emp_004427,2025-04-07,3.92
emp_004427,2025-01-07,4.1
emp_004427,2024-10-09,3.4
emp_004428,2026-04-02,4.34
emp_004428,2026-01-02,4.58
emp_004428,2025-10-04,4.12
emp_004428,2025-07-06,4.56
emp_004428,2025-04-07,3.66
emp_004428,2025-01-07,3.49
emp_004428,2024-10-09,3.82
emp_004428,2024-07-11,3.5
emp_004429,2026-04-02,4.21
emp_004429,2026-01-02,3.48
emp_004429,2025-10-04,3.99
emp_004429,2025-07-06,4.57
emp_004429,2025-04-07,4.64
emp_004429,2025-01-07,3.99
emp_004429,2024-10-09,4.57
emp_004429,2024-07-11,4.01
emp_004430,2026-04-02,4.44
emp_004430,2026-01-02,3.06
emp_004430,2025-10-04,4.28
emp_004430,2025-07-06,3.65
emp_004430,2025-04-07,4.14
emp_004430,2025-01-07,3.72
emp_004430,2024-10-09,3.3
emp_004430,2024-07-11,3.63
emp_004431,2026-04-02,3.77
emp_004431,2026-01-02,2.81
emp_004431,2025-10-04,2.52
emp_004431,2025-07-06,3.56
emp_004431,2025-04-07,3.75
emp_004432,2026-04-02,3.41
emp_004432,2026-01-02,3.12
emp_004432,2025-10-04,4.1
emp_004432,2025-07-06,3.9
emp_004432,2025-04-07,3.33
emp_004432,2025-01-07,3.48
emp_004432,2024-10-09,3.3
emp_004433,2026-04-02,3.6
emp_004433,2026-01-02,3.86
emp_004433,2025-10-04,4.18
emp_004433,2025-07-06,4.42
emp_004433,2025-04-07,4.1
emp_004433,2025-01-07,3.92
emp_004433,2024-10-09,3.39
emp_004433,2024-07-11,3.37
emp_004434,2026-04-02,4.2
emp_004434,2026-01-02,4.21
emp_004434,2025-10-04,4.43
emp_004434,2025-07-06,4.44
emp_004434,2025-04-07,4.26
emp_004434,2025-01-07,4.73
emp_004434,2024-10-09,4.08
emp_004434,2024-07-11,4.71
emp_004435,2026-04-02,4.17
emp_004435,2026-01-02,3.9
emp_004435,2025-10-04,3.75
emp_004435,2025-07-06,4.72
emp_004435,2025-04-07,4.62
emp_004435,2025-01-07,4.02
emp_004436,2026-04-02,3.64
emp_004436,2026-01-02,3.5
emp_004436,2025-10-04,3.98
emp_004436,2025-07-06,3.98
emp_004436,2025-04-07,4.0
emp_004436,2025-01-07,4.32
emp_004436,2024-10-09,4.46
emp_004436,2024-07-11,4.2
emp_004437,2026-04-02,4.34
emp_004437,2026-01-02,4.55
emp_004437,2025-10-04,4.25
emp_004438,2026-04-02,3.56
emp_004438,2026-01-02,3.96
emp_004438,2025-10-04,3.38
emp_004439,2026-04-02,3.72
emp_004439,2026-01-02,3.75
emp_004439,2025-10-04,3.85
emp_004439,2025-07-06,3.57
emp_004439,2025-04-07,3.86
emp_004439,2025-01-07,3.83
emp_004439,2024-10-09,3.47
emp_004439,2024-07-11,3.96
emp_004440,2026-04-02,3.37
emp_004440,2026-01-02,3.47
emp_004440,2025-10-04,3.41
emp_004440,2025-07-06,3.34
emp_004440,2025-04-07,3.72
emp_004440,2025-01-07,2.74
emp_004440,2024-10-09,2.61
emp_004440,2024-07-11,2.83
emp_004441,2026-04-02,2.7
emp_004441,2026-01-02,4.3
emp_004441,2025-10-04,3.6
emp_004441,2025-07-06,2.92
emp_004441,2025-04-07,3.41
emp_004441,2025-01-07,3.85
emp_004441,2024-10-09,3.1
emp_004441,2024-07-11,3.09
emp_004442,2026-04-02,4.4
emp_004442,2026-01-02,3.89
emp_004442,2025-10-04,4.05
emp_004443,2026-04-02,3.43
emp_004443,2026-01-02,4.0
emp_004443,2025-10-04,3.43
emp_004443,2025-07-06,3.6
emp_004443,2025-04-07,3.46
emp_004443,2025-01-07,3.62
emp_004443,2024-10-09,3.83
emp_004443,2024-07-11,3.96
emp_004444,2026-04-02,4.73
emp_004444,2026-01-02,4.92
emp_004444,2025-10-04,4.85
emp_004444,2025-07-06,4.54
emp_004444,2025-04-07,4.45
emp_004444,2025-01-07,3.89
emp_004444,2024-10-09,4.4
emp_004444,2024-07-11,4.02
emp_004445,2026-04-02,4.41
emp_004445,2026-01-02,3.8
emp_004445,2025-10-04,4.58
emp_004445,2025-07-06,3.74
emp_004445,2025-04-07,4.0
emp_004445,2025-01-07,4.22
emp_004445,2024-10-09,4.28
emp_004445,2024-07-11,3.95
emp_004446,2026-04-02,4.3
emp_004446,2026-01-02,3.73
emp_004446,2025-10-04,4.45
emp_004446,2025-07-06,4.34
emp_004446,2025-04-07,3.84
emp_004446,2025-01-07,4.6
emp_004446,2024-10-09,4.72
emp_004446,2024-07-11,4.11
emp_004447,2026-04-02,3.9
emp_004447,2026-01-02,3.95
emp_004447,2025-10-04,3.81
emp_004447,2025-07-06,3.93
emp_004447,2025-04-07,4.39
emp_004447,2025-01-07,3.29
emp_004447,2024-10-09,3.45
emp_004447,2024-07-11,3.32
emp_004448,2026-04-02,4.28
emp_004448,2026-01-02,3.14
emp_004448,2025-10-04,3.55
emp_004448,2025-07-06,3.94
emp_004448,2025-04-07,3.63
emp_004448,2025-01-07,4.18
emp_004448,2024-10-09,3.75
emp_004448,2024-07-11,3.97
emp_004449,2026-04-02,4.13
emp_004449,2026-01-02,3.65
emp_004449,2025-10-04,4.25
emp_004449,2025-07-06,3.59
emp_004449,2025-04-07,4.68
emp_004449,2025-01-07,4.32
emp_004449,2024-10-09,4.55
emp_004449,2024-07-11,3.81
emp_004450,2026-04-02,4.26
emp_004450,2026-01-02,3.85
emp_004450,2025-10-04,3.44
emp_004450,2025-07-06,3.34
emp_004450,2025-04-07,3.65
emp_004450,2025-01-07,3.38
emp_004450,2024-10-09,3.18
emp_004450,2024-07-11,4.22
emp_004451,2026-04-02,3.05
emp_004451,2026-01-02,3.48
emp_004451,2025-10-04,3.66
emp_004451,2025-07-06,3.84
emp_004451,2025-04-07,3.53
emp_004451,2025-01-07,3.6
emp_004451,2024-10-09,3.04
emp_004451,2024-07-11,3.56
emp_004452,2026-04-02,4.1
emp_004452,2026-01-02,4.31
emp_004452,2025-10-04,3.86
emp_004452,2025-07-06,4.01
emp_004452,2025-04-07,4.02
emp_004452,2025-01-07,3.46
emp_004452,2024-10-09,3.82
emp_004452,2024-07-11,4.1
emp_004453,2026-04-02,3.87
emp_004453,2026-01-02,3.59
emp_004453,2025-10-04,3.1
emp_004453,2025-07-06,3.32
emp_004453,2025-04-07,3.2
emp_004453,2025-01-07,4.68
emp_004453,2024-10-09,3.59
emp_004453,2024-07-11,4.07
emp_004454,2026-04-02,3.67
emp_004454,2026-01-02,3.66
emp_004454,2025-10-04,3.79
emp_004454,2025-07-06,3.67
emp_004454,2025-04-07,3.74
emp_004454,2025-01-07,3.15
emp_004454,2024-10-09,3.54
emp_004454,2024-07-11,3.97
emp_004455,2026-04-02,3.04
emp_004455,2026-01-02,3.06
emp_004455,2025-10-04,3.5
emp_004455,2025-07-06,3.68
emp_004455,2025-04-07,3.39
emp_004455,2025-01-07,3.63
emp_004455,2024-10-09,3.44
emp_004455,2024-07-11,3.3
emp_004456,2026-04-02,3.93
emp_004456,2026-01-02,4.07
emp_004456,2025-10-04,3.06
emp_004456,2025-07-06,3.36
emp_004456,2025-04-07,2.89
emp_004456,2025-01-07,3.44
emp_004456,2024-10-09,3.32
emp_004456,2024-07-11,3.68
emp_004457,2026-04-02,4.53
emp_004457,2026-01-02,4.14
emp_004457,2025-10-04,4.44
emp_004457,2025-07-06,4.0
emp_004457,2025-04-07,3.64
emp_004457,2025-01-07,4.72
emp_004457,2024-10-09,4.2
emp_004458,2026-04-02,3.58
emp_004458,2026-01-02,3.49
emp_004459,2026-04-02,4.19
emp_004459,2026-01-02,4.88
emp_004459,2025-10-04,4.66
emp_004459,2025-07-06,4.31
emp_004459,2025-04-07,3.83
emp_004459,2025-01-07,3.97
emp_004459,2024-10-09,3.94
emp_004459,2024-07-11,4.46
emp_004460,2026-04-02,3.51
emp_004460,2026-01-02,3.42
emp_004460,2025-10-04,3.74
emp_004460,2025-07-06,3.24
emp_004460,2025-04-07,3.22
emp_004460,2025-01-07,4.05
emp_004460,2024-10-09,3.77
emp_004460,2024-07-11,3.44
emp_004461,2026-04-02,3.75
emp_004461,2026-01-02,3.97
emp_004461,2025-10-04,3.16
emp_004461,2025-07-06,3.82
emp_004461,2025-04-07,3.9
emp_004461,2025-01-07,3.94
emp_004461,2024-10-09,4.05
emp_004461,2024-07-11,4.11
emp_004462,2026-04-02,3.65
emp_004462,2026-01-02,4.13
emp_004463,2026-04-02,4.16
emp_004463,2026-01-02,4.45
emp_004463,2025-10-04,4.0
emp_004463,2025-07-06,3.86
emp_004463,2025-04-07,4.68
emp_004463,2025-01-07,4.44
emp_004463,2024-10-09,3.37
emp_004463,2024-07-11,3.98
emp_004464,2026-04-02,3.44
emp_004464,2026-01-02,2.63
emp_004464,2025-10-04,3.12
emp_004464,2025-07-06,2.96
emp_004464,2025-04-07,3.26
emp_004464,2025-01-07,3.51
emp_004464,2024-10-09,3.18
emp_004465,2026-04-02,3.18
emp_004465,2026-01-02,3.69
emp_004465,2025-10-04,3.95
emp_004465,2025-07-06,3.31
emp_004465,2025-04-07,3.57
emp_004465,2025-01-07,3.92
emp_004465,2024-10-09,3.52
emp_004465,2024-07-11,4.04
emp_004466,2026-04-02,3.42
emp_004466,2026-01-02,3.59
emp_004466,2025-10-04,3.08
emp_004466,2025-07-06,4.37
emp_004466,2025-04-07,3.79
emp_004466,2025-01-07,3.08
emp_004466,2024-10-09,3.57
emp_004466,2024-07-11,3.59
emp_004467,2026-04-02,4.41
emp_004467,2026-01-02,3.99
emp_004467,2025-10-04,4.86
emp_004467,2025-07-06,4.41
emp_004467,2025-04-07,4.09
emp_004467,2025-01-07,4.62
emp_004467,2024-10-09,3.68
emp_004467,2024-07-11,4.42
emp_004468,2026-04-02,4.06
emp_004468,2026-01-02,3.92
emp_004468,2025-10-04,4.49
emp_004468,2025-07-06,4.44
emp_004468,2025-04-07,3.91
emp_004468,2025-01-07,4.53
emp_004468,2024-10-09,4.25
emp_004468,2024-07-11,4.15
emp_004469,2026-04-02,3.64
emp_004469,2026-01-02,3.88
emp_004469,2025-10-04,4.11
emp_004470,2026-04-02,3.56
emp_004470,2026-01-02,3.81
emp_004470,2025-10-04,4.71
emp_004470,2025-07-06,4.6
emp_004470,2025-04-07,3.99
emp_004470,2025-01-07,4.1
emp_004471,2026-04-02,3.33
emp_004471,2026-01-02,3.67
emp_004471,2025-10-04,3.18
emp_004471,2025-07-06,3.43
emp_004471,2025-04-07,3.22
emp_004471,2025-01-07,3.04
emp_004471,2024-10-09,3.76
emp_004471,2024-07-11,3.07
emp_004472,2026-04-02,3.61
emp_004472,2026-01-02,3.99
emp_004472,2025-10-04,4.23
emp_004472,2025-07-06,3.61
emp_004472,2025-04-07,3.75
emp_004472,2025-01-07,4.24
emp_004473,2026-04-02,3.57
emp_004473,2026-01-02,3.91
emp_004475,2026-04-02,3.8
emp_004475,2026-01-02,4.56
emp_004475,2025-10-04,3.72
emp_004475,2025-07-06,4.04
emp_004475,2025-04-07,4.3
emp_004475,2025-01-07,4.33
emp_004475,2024-10-09,4.31
emp_004475,2024-07-11,3.67
emp_004476,2026-04-02,3.73
emp_004476,2026-01-02,3.77
emp_004476,2025-10-04,4.24
emp_004476,2025-07-06,4.65
emp_004476,2025-04-07,4.42
emp_004476,2025-01-07,3.49
emp_004477,2026-04-02,4.93
emp_004477,2026-01-02,4.51
emp_004477,2025-10-04,5.0
emp_004477,2025-07-06,4.48
emp_004477,2025-04-07,4.17
emp_004477,2025-01-07,4.47
emp_004477,2024-10-09,4.7
emp_004477,2024-07-11,4.41
emp_004478,2026-04-02,3.62
emp_004478,2026-01-02,2.8
emp_004478,2025-10-04,2.86
emp_004478,2025-07-06,3.5
emp_004478,2025-04-07,3.53
emp_004478,2025-01-07,3.58
emp_004478,2024-10-09,3.98
emp_004478,2024-07-11,3.7
emp_004479,2026-04-02,3.95
emp_004479,2026-01-02,3.85
emp_004479,2025-10-04,3.21
emp_004479,2025-07-06,3.54
emp_004479,2025-04-07,2.59
emp_004479,2025-01-07,3.26
emp_004479,2024-10-09,3.22
emp_004479,2024-07-11,3.18
emp_004480,2026-04-02,3.38
emp_004480,2026-01-02,3.63
emp_004480,2025-10-04,3.78
emp_004480,2025-07-06,3.21
emp_004480,2025-04-07,3.47
emp_004480,2025-01-07,3.4
emp_004480,2024-10-09,3.61
emp_004480,2024-07-11,3.23
emp_004481,2026-04-02,4.67
emp_004481,2026-01-02,4.22
emp_004482,2026-04-02,4.11
emp_004482,2026-01-02,3.89
emp_004482,2025-10-04,4.26
emp_004482,2025-07-06,4.03
emp_004482,2025-04-07,4.06
emp_004482,2025-01-07,3.66
emp_004482,2024-10-09,3.18
emp_004483,2026-04-02,3.55
emp_004483,2026-01-02,4.05
emp_004483,2025-10-04,4.1
emp_004483,2025-07-06,3.25
emp_004483,2025-04-07,4.02
emp_004483,2025-01-07,3.7
emp_004483,2024-10-09,4.21
emp_004483,2024-07-11,3.99
emp_004484,2026-04-02,4.16
emp_004484,2026-01-02,4.52
emp_004484,2025-10-04,4.35
emp_004484,2025-07-06,3.03
emp_004484,2025-04-07,3.75
emp_004484,2025-01-07,4.22
emp_004484,2024-10-09,4.31
emp_004484,2024-07-11,4.06
emp_004485,2026-04-02,3.44
emp_004485,2026-01-02,4.33
emp_004485,2025-10-04,3.76
emp_004485,2025-07-06,3.93
emp_004485,2025-04-07,4.03
emp_004485,2025-01-07,4.44
emp_004485,2024-10-09,3.68
emp_004485,2024-07-11,3.49
emp_004486,2026-04-02,3.61
emp_004486,2026-01-02,3.8
emp_004486,2025-10-04,3.77
emp_004486,2025-07-06,3.75
emp_004487,2026-04-02,3.62
emp_004487,2026-01-02,3.24
emp_004487,2025-10-04,3.46
emp_004487,2025-07-06,3.44
emp_004487,2025-04-07,3.9
emp_004487,2025-01-07,3.01
emp_004487,2024-10-09,3.28
emp_004487,2024-07-11,3.09
emp_004488,2026-04-02,4.29
emp_004488,2026-01-02,4.4
emp_004488,2025-10-04,3.75
emp_004488,2025-07-06,4.2
emp_004488,2025-04-07,4.22
emp_004488,2025-01-07,4.58
emp_004488,2024-10-09,4.23
emp_004488,2024-07-11,4.6
emp_004489,2026-04-02,3.54
emp_004489,2026-01-02,3.94
emp_004489,2025-10-04,3.81
emp_004489,2025-07-06,4.0
emp_004489,2025-04-07,4.03
emp_004489,2025-01-07,4.21
emp_004489,2024-10-09,3.69
emp_004489,2024-07-11,4.28
emp_004490,2026-04-02,3.84
emp_004490,2026-01-02,4.69
emp_004490,2025-10-04,4.34
emp_004490,2025-07-06,4.04
emp_004490,2025-04-07,4.24
emp_004490,2025-01-07,3.99
emp_004490,2024-10-09,4.72
emp_004490,2024-07-11,4.53
emp_004491,2026-04-02,3.07
emp_004491,2026-01-02,3.7
emp_004491,2025-10-04,3.02
emp_004491,2025-07-06,3.49
emp_004491,2025-04-07,3.57
emp_004491,2025-01-07,3.22
emp_004491,2024-10-09,3.5
emp_004491,2024-07-11,2.77
emp_004492,2026-04-02,4.12
emp_004492,2026-01-02,4.13
emp_004492,2025-10-04,4.1
emp_004492,2025-07-06,3.87
emp_004492,2025-04-07,3.76
emp_004492,2025-01-07,3.52
emp_004493,2026-04-02,3.73
emp_004493,2026-01-02,4.58
emp_004493,2025-10-04,4.36
emp_004493,2025-07-06,4.4
emp_004493,2025-04-07,4.37
emp_004493,2025-01-07,4.08
emp_004493,2024-10-09,4.15
emp_004494,2026-04-02,3.79
emp_004494,2026-01-02,2.33
emp_004494,2025-10-04,2.48
emp_004494,2025-07-06,3.96
emp_004494,2025-04-07,3.37
emp_004494,2025-01-07,3.07
emp_004494,2024-10-09,2.63
emp_004495,2026-04-02,3.84
emp_004495,2026-01-02,3.1
emp_004495,2025-10-04,3.75
emp_004495,2025-07-06,2.58
emp_004495,2025-04-07,3.99
emp_004497,2026-04-02,3.08
emp_004497,2026-01-02,3.35
emp_004497,2025-10-04,3.32
emp_004497,2025-07-06,4.02
emp_004497,2025-04-07,3.45
emp_004497,2025-01-07,4.23
emp_004497,2024-10-09,3.37
emp_004497,2024-07-11,3.11
emp_004498,2026-04-02,3.9
emp_004498,2026-01-02,3.97
emp_004498,2025-10-04,4.09
emp_004498,2025-07-06,4.41
emp_004498,2025-04-07,3.71
emp_004498,2025-01-07,3.81
emp_004498,2024-10-09,4.33
emp_004498,2024-07-11,3.79
emp_004499,2026-04-02,4.04
emp_004499,2026-01-02,4.36
emp_004499,2025-10-04,3.96
emp_004499,2025-07-06,4.56
emp_004499,2025-04-07,3.79
emp_004499,2025-01-07,4.38
emp_004499,2024-10-09,4.04
emp_004501,2026-04-02,4.01
emp_004501,2026-01-02,3.5
emp_004501,2025-10-04,3.49
emp_004501,2025-07-06,3.58
emp_004501,2025-04-07,4.19
emp_004501,2025-01-07,3.68
emp_004501,2024-10-09,4.06
emp_004501,2024-07-11,3.51
emp_004502,2026-04-02,4.4
emp_004502,2026-01-02,3.81
emp_004502,2025-10-04,3.62
emp_004502,2025-07-06,3.96
emp_004502,2025-04-07,4.09
emp_004502,2025-01-07,3.54
emp_004503,2026-04-02,3.33
emp_004503,2026-01-02,3.81
emp_004503,2025-10-04,3.84
emp_004503,2025-07-06,3.46
emp_004503,2025-04-07,4.2
emp_004503,2025-01-07,3.96
emp_004503,2024-10-09,3.76
emp_004503,2024-07-11,4.19
emp_004504,2026-04-02,3.8
emp_004504,2026-01-02,3.45
emp_004504,2025-10-04,4.18
emp_004504,2025-07-06,2.93
emp_004504,2025-04-07,4.15
emp_004504,2025-01-07,3.61
emp_004504,2024-10-09,4.2
emp_004504,2024-07-11,4.1
emp_004505,2026-04-02,3.89
emp_004505,2026-01-02,3.83
emp_004505,2025-10-04,3.51
emp_004505,2025-07-06,4.5
emp_004505,2025-04-07,3.27
emp_004505,2025-01-07,3.79
emp_004505,2024-10-09,4.82
emp_004505,2024-07-11,3.91
emp_004506,2026-04-02,3.26
emp_004506,2026-01-02,3.72
emp_004506,2025-10-04,3.81
emp_004506,2025-07-06,3.45
emp_004506,2025-04-07,4.06
emp_004506,2025-01-07,3.6
emp_004506,2024-10-09,3.32
emp_004506,2024-07-11,3.88
emp_004507,2026-04-02,3.81
emp_004507,2026-01-02,4.18
emp_004507,2025-10-04,3.59
emp_004507,2025-07-06,3.79
emp_004507,2025-04-07,4.13
emp_004507,2025-01-07,4.34
emp_004507,2024-10-09,4.15
emp_004507,2024-07-11,4.22
emp_004508,2026-04-02,3.75
emp_004508,2026-01-02,3.54
emp_004508,2025-10-04,4.38
emp_004508,2025-07-06,3.73
emp_004508,2025-04-07,4.49
emp_004508,2025-01-07,4.72
emp_004509,2026-04-02,3.95
emp_004509,2026-01-02,4.39
emp_004509,2025-10-04,4.19
emp_004509,2025-07-06,3.0
emp_004509,2025-04-07,4.27
emp_004509,2025-01-07,3.85
emp_004509,2024-10-09,4.29
emp_004509,2024-07-11,3.67
emp_004510,2026-04-02,4.66
emp_004510,2026-01-02,4.14
emp_004510,2025-10-04,4.78
emp_004510,2025-07-06,3.64
emp_004510,2025-04-07,4.07
emp_004510,2025-01-07,4.28
emp_004510,2024-10-09,4.11
emp_004510,2024-07-11,4.44
emp_004511,2026-04-02,4.06
emp_004511,2026-01-02,3.86
emp_004511,2025-10-04,4.21
emp_004511,2025-07-06,4.13
emp_004511,2025-04-07,3.75
emp_004511,2025-01-07,4.25
emp_004511,2024-10-09,3.78
emp_004511,2024-07-11,3.71
emp_004512,2026-04-02,4.18
emp_004512,2026-01-02,4.03
emp_004512,2025-10-04,3.5
emp_004512,2025-07-06,4.65
emp_004512,2025-04-07,4.42
emp_004512,2025-01-07,3.55
emp_004512,2024-10-09,4.49
emp_004513,2026-04-02,4.29
emp_004513,2026-01-02,4.53
emp_004513,2025-10-04,4.67
emp_004514,2026-04-02,4.01
emp_004514,2026-01-02,3.53
emp_004514,2025-10-04,3.02
emp_004514,2025-07-06,4.14
emp_004514,2025-04-07,3.78
emp_004514,2025-01-07,3.65
emp_004514,2024-10-09,3.51
emp_004514,2024-07-11,3.68
emp_004515,2026-04-02,3.77
emp_004515,2026-01-02,3.75
emp_004515,2025-10-04,4.34
emp_004515,2025-07-06,4.31
emp_004515,2025-04-07,4.58
emp_004515,2025-01-07,4.44
emp_004515,2024-10-09,4.1
emp_004515,2024-07-11,4.34
emp_004516,2026-04-02,3.74
emp_004516,2026-01-02,3.27
emp_004516,2025-10-04,3.67
emp_004516,2025-07-06,4.06
emp_004516,2025-04-07,3.83
emp_004516,2025-01-07,3.7
emp_004516,2024-10-09,3.59
emp_004516,2024-07-11,3.69
emp_004517,2026-04-02,2.96
emp_004517,2026-01-02,3.68
emp_004517,2025-10-04,3.4
emp_004517,2025-07-06,3.22
emp_004517,2025-04-07,3.7
emp_004517,2025-01-07,3.29
emp_004517,2024-10-09,3.0
emp_004517,2024-07-11,3.34
emp_004518,2026-04-02,3.49
emp_004518,2026-01-02,3.92
emp_004518,2025-10-04,3.85
emp_004518,2025-07-06,3.7
emp_004518,2025-04-07,3.9
emp_004518,2025-01-07,3.79
emp_004518,2024-10-09,3.77
emp_004518,2024-07-11,4.0
emp_004519,2026-04-02,4.32
emp_004519,2026-01-02,4.26
emp_004519,2025-10-04,4.01
emp_004519,2025-07-06,4.14
emp_004519,2025-04-07,4.09
emp_004519,2025-01-07,4.53
emp_004519,2024-10-09,3.54
emp_004519,2024-07-11,4.29
emp_004520,2026-04-02,4.12
emp_004520,2026-01-02,3.68
emp_004520,2025-10-04,4.33
emp_004520,2025-07-06,3.54
emp_004520,2025-04-07,4.03
emp_004520,2025-01-07,4.11
emp_004520,2024-10-09,4.35
emp_004520,2024-07-11,3.81
emp_004521,2026-04-02,3.52
emp_004521,2026-01-02,4.33
emp_004521,2025-10-04,4.37
emp_004521,2025-07-06,4.19
emp_004521,2025-04-07,4.08
emp_004521,2025-01-07,3.68
emp_004521,2024-10-09,3.88
emp_004521,2024-07-11,3.52
emp_004522,2026-04-02,3.91
emp_004522,2026-01-02,3.95
emp_004522,2025-10-04,3.66
emp_004522,2025-07-06,3.77
emp_004522,2025-04-07,4.09
emp_004523,2026-04-02,4.04
emp_004523,2026-01-02,4.5
emp_004523,2025-10-04,4.18
emp_004523,2025-07-06,3.88
emp_004523,2025-04-07,3.85
emp_004523,2025-01-07,3.49
emp_004523,2024-10-09,3.8
emp_004523,2024-07-11,3.67
emp_004524,2026-04-02,3.1
emp_004524,2026-01-02,3.09
emp_004524,2025-10-04,3.26
emp_004524,2025-07-06,3.46
emp_004524,2025-04-07,3.3
emp_004525,2026-04-02,3.71
emp_004525,2026-01-02,3.7
emp_004525,2025-10-04,3.84
emp_004525,2025-07-06,3.83
emp_004525,2025-04-07,4.11
emp_004525,2025-01-07,3.67
emp_004525,2024-10-09,4.15
emp_004525,2024-07-11,3.99
emp_004526,2026-04-02,4.0
emp_004526,2026-01-02,4.21
emp_004526,2025-10-04,2.97
emp_004526,2025-07-06,3.29
emp_004526,2025-04-07,4.3
emp_004526,2025-01-07,3.6
emp_004526,2024-10-09,3.96
emp_004526,2024-07-11,3.89
emp_004527,2026-04-02,3.93
emp_004527,2026-01-02,3.68
emp_004527,2025-10-04,3.36
emp_004527,2025-07-06,3.43
emp_004527,2025-04-07,3.4
emp_004527,2025-01-07,3.78
emp_004527,2024-10-09,4.01
emp_004527,2024-07-11,3.36
emp_004528,2026-04-02,2.72
emp_004528,2026-01-02,2.79
emp_004528,2025-10-04,2.99
emp_004528,2025-07-06,3.55
emp_004528,2025-04-07,3.36
emp_004528,2025-01-07,3.22
emp_004528,2024-10-09,3.34
emp_004528,2024-07-11,3.52
emp_004529,2026-04-02,3.97
emp_004529,2026-01-02,4.7
emp_004529,2025-10-04,4.39
emp_004529,2025-07-06,4.36
emp_004529,2025-04-07,3.8
emp_004529,2025-01-07,4.07
emp_004529,2024-10-09,4.11
emp_004529,2024-07-11,4.37
emp_004530,2026-04-02,2.81
emp_004530,2026-01-02,3.36
emp_004530,2025-10-04,3.45
emp_004531,2026-04-02,3.45
emp_004531,2026-01-02,4.1
emp_004531,2025-10-04,3.34
emp_004531,2025-07-06,3.42
emp_004531,2025-04-07,4.72
emp_004531,2025-01-07,3.68
emp_004531,2024-10-09,3.73
emp_004531,2024-07-11,4.22
emp_004532,2026-04-02,3.38
emp_004532,2026-01-02,3.03
emp_004532,2025-10-04,3.22
emp_004533,2026-04-02,3.81
emp_004533,2026-01-02,4.47
emp_004533,2025-10-04,3.78
emp_004533,2025-07-06,4.23
emp_004533,2025-04-07,4.32
emp_004533,2025-01-07,4.26
emp_004533,2024-10-09,4.13
emp_004534,2026-04-02,3.29
emp_004534,2026-01-02,4.12
emp_004534,2025-10-04,3.85
emp_004534,2025-07-06,3.77
emp_004534,2025-04-07,4.85
emp_004535,2026-04-02,3.73
emp_004535,2026-01-02,3.52
emp_004535,2025-10-04,4.42
emp_004535,2025-07-06,3.48
emp_004535,2025-04-07,3.63
emp_004536,2026-04-02,4.27
emp_004536,2026-01-02,4.06
emp_004536,2025-10-04,4.05
emp_004536,2025-07-06,4.2
emp_004536,2025-04-07,3.93
emp_004536,2025-01-07,3.88
emp_004536,2024-10-09,4.33
emp_004536,2024-07-11,3.99
emp_004537,2026-04-02,3.97
emp_004537,2026-01-02,4.11
emp_004538,2026-04-02,4.13
emp_004538,2026-01-02,3.91
emp_004538,2025-10-04,4.0
emp_004538,2025-07-06,3.85
emp_004539,2026-04-02,4.08
emp_004539,2026-01-02,3.31
emp_004539,2025-10-04,4.09
emp_004539,2025-07-06,3.66
emp_004539,2025-04-07,4.4
emp_004539,2025-01-07,3.49
emp_004539,2024-10-09,3.92
emp_004539,2024-07-11,4.61
emp_004540,2026-04-02,3.85
emp_004540,2026-01-02,3.59
emp_004540,2025-10-04,3.82
emp_004541,2026-04-02,3.46
emp_004541,2026-01-02,4.1
emp_004541,2025-10-04,3.83
emp_004541,2025-07-06,4.17
emp_004542,2026-04-02,3.89
emp_004542,2026-01-02,3.53
emp_004542,2025-10-04,3.17
emp_004542,2025-07-06,4.03
emp_004542,2025-04-07,3.35
emp_004542,2025-01-07,4.12
emp_004542,2024-10-09,3.56
emp_004542,2024-07-11,3.53
emp_004543,2026-04-02,4.45
emp_004543,2026-01-02,3.54
emp_004543,2025-10-04,4.16
emp_004543,2025-07-06,4.0
emp_004543,2025-04-07,3.93
emp_004543,2025-01-07,3.69
emp_004543,2024-10-09,3.16
emp_004544,2026-04-02,3.54
emp_004544,2026-01-02,3.32
emp_004544,2025-10-04,3.66
emp_004545,2026-04-02,3.93
emp_004545,2026-01-02,3.49
emp_004545,2025-10-04,3.25
emp_004545,2025-07-06,3.71
emp_004545,2025-04-07,3.39
emp_004545,2025-01-07,3.67
emp_004545,2024-10-09,3.74
emp_004545,2024-07-11,2.84
emp_004546,2026-04-02,4.21
emp_004546,2026-01-02,3.9
emp_004546,2025-10-04,4.42
emp_004546,2025-07-06,3.65
emp_004546,2025-04-07,4.28
emp_004546,2025-01-07,3.68
emp_004546,2024-10-09,4.0
emp_004546,2024-07-11,3.94
emp_004547,2026-04-02,2.81
emp_004547,2026-01-02,3.35
emp_004547,2025-10-04,3.62
emp_004547,2025-07-06,3.66
emp_004547,2025-04-07,3.97
emp_004547,2025-01-07,2.52
emp_004548,2026-04-02,3.78
emp_004548,2026-01-02,3.83
emp_004548,2025-10-04,3.06
emp_004548,2025-07-06,3.78
emp_004548,2025-04-07,3.23
emp_004548,2025-01-07,3.9
emp_004548,2024-10-09,3.22
emp_004549,2026-04-02,4.03
emp_004549,2026-01-02,3.64
emp_004549,2025-10-04,3.53
emp_004549,2025-07-06,3.67
emp_004550,2026-04-02,4.12
emp_004550,2026-01-02,3.4
emp_004550,2025-10-04,4.13
emp_004550,2025-07-06,3.36
emp_004550,2025-04-07,4.04
emp_004550,2025-01-07,3.98
emp_004550,2024-10-09,4.15
emp_004550,2024-07-11,4.23
emp_004551,2026-04-02,3.75
emp_004551,2026-01-02,4.55
emp_004551,2025-10-04,4.21
emp_004551,2025-07-06,4.42
emp_004551,2025-04-07,3.72
emp_004551,2025-01-07,4.3
emp_004551,2024-10-09,3.49
emp_004551,2024-07-11,3.51
emp_004552,2026-04-02,4.45
emp_004552,2026-01-02,3.96
emp_004552,2025-10-04,4.42
emp_004552,2025-07-06,4.09
emp_004552,2025-04-07,4.06
emp_004552,2025-01-07,3.95
emp_004552,2024-10-09,4.0
emp_004553,2026-04-02,2.76
emp_004553,2026-01-02,2.94
emp_004553,2025-10-04,3.07
emp_004553,2025-07-06,3.76
emp_004553,2025-04-07,2.73
emp_004553,2025-01-07,3.11
emp_004554,2026-04-02,3.74
emp_004554,2026-01-02,3.99
emp_004554,2025-10-04,3.11
emp_004554,2025-07-06,3.53
emp_004554,2025-04-07,2.98
emp_004554,2025-01-07,3.9
emp_004554,2024-10-09,3.45
emp_004554,2024-07-11,3.99
emp_004555,2026-04-02,3.23
emp_004555,2026-01-02,2.93
emp_004555,2025-10-04,3.21
emp_004555,2025-07-06,3.1
emp_004555,2025-04-07,3.38
emp_004555,2025-01-07,3.29
emp_004555,2024-10-09,3.53
emp_004555,2024-07-11,2.8
emp_004556,2026-04-02,3.54
emp_004556,2026-01-02,3.51
emp_004556,2025-10-04,3.27
emp_004556,2025-07-06,3.43
emp_004556,2025-04-07,2.69
emp_004556,2025-01-07,3.72
emp_004556,2024-10-09,3.49
emp_004556,2024-07-11,4.05
emp_004557,2026-04-02,3.89
emp_004557,2026-01-02,3.35
emp_004557,2025-10-04,4.03
emp_004558,2026-04-02,3.31
emp_004558,2026-01-02,3.22
emp_004558,2025-10-04,3.78
emp_004558,2025-07-06,3.01
emp_004558,2025-04-07,3.77
emp_004558,2025-01-07,3.83
emp_004558,2024-10-09,3.72
emp_004559,2026-04-02,3.22
emp_004559,2026-01-02,2.84
emp_004559,2025-10-04,3.16
emp_004559,2025-07-06,2.91
emp_004559,2025-04-07,2.24
emp_004559,2025-01-07,3.22
emp_004559,2024-10-09,3.32
emp_004559,2024-07-11,3.12
emp_004560,2026-04-02,4.54
emp_004560,2026-01-02,3.97
emp_004560,2025-10-04,4.01
emp_004560,2025-07-06,3.78
emp_004560,2025-04-07,4.31
emp_004560,2025-01-07,3.3
emp_004560,2024-10-09,4.23
emp_004560,2024-07-11,3.93
emp_004561,2026-04-02,3.4
emp_004561,2026-01-02,3.01
emp_004561,2025-10-04,4.17
emp_004561,2025-07-06,3.56
emp_004561,2025-04-07,4.34
emp_004561,2025-01-07,3.61
emp_004561,2024-10-09,3.87
emp_004562,2026-04-02,4.03
emp_004562,2026-01-02,4.06
emp_004562,2025-10-04,4.07
emp_004562,2025-07-06,4.3
emp_004562,2025-04-07,4.0
emp_004562,2025-01-07,3.56
emp_004562,2024-10-09,4.01
emp_004562,2024-07-11,3.75
emp_004563,2026-04-02,3.82
emp_004563,2026-01-02,3.71
emp_004563,2025-10-04,4.25
emp_004563,2025-07-06,3.57
emp_004563,2025-04-07,3.69
emp_004563,2025-01-07,3.67
emp_004563,2024-10-09,3.55
emp_004563,2024-07-11,3.94
emp_004564,2026-04-02,3.62
emp_004564,2026-01-02,4.74
emp_004564,2025-10-04,4.35
emp_004564,2025-07-06,4.09
emp_004564,2025-04-07,4.44
emp_004564,2025-01-07,3.4
emp_004565,2026-04-02,4.51
emp_004565,2026-01-02,3.77
emp_004565,2025-10-04,3.55
emp_004565,2025-07-06,4.36
emp_004565,2025-04-07,3.66
emp_004565,2025-01-07,4.3
emp_004565,2024-10-09,3.23
emp_004565,2024-07-11,3.88
emp_004566,2026-04-02,4.63
emp_004566,2026-01-02,4.73
emp_004566,2025-10-04,3.81
emp_004566,2025-07-06,3.95
emp_004566,2025-04-07,3.99
emp_004566,2025-01-07,4.43
emp_004566,2024-10-09,4.66
emp_004567,2026-04-02,4.45
emp_004567,2026-01-02,3.82
emp_004567,2025-10-04,3.39
emp_004567,2025-07-06,3.84
emp_004567,2025-04-07,3.36
emp_004567,2025-01-07,4.78
emp_004567,2024-10-09,3.75
emp_004567,2024-07-11,3.73
emp_004568,2026-04-02,4.3
emp_004568,2026-01-02,3.65
emp_004568,2025-10-04,4.34
emp_004568,2025-07-06,4.17
emp_004568,2025-04-07,3.72
emp_004568,2025-01-07,4.16
emp_004568,2024-10-09,3.72
emp_004568,2024-07-11,3.65
emp_004569,2026-04-02,4.38
emp_004569,2026-01-02,4.74
emp_004570,2026-04-02,4.25
emp_004570,2026-01-02,3.68
emp_004570,2025-10-04,4.47
emp_004570,2025-07-06,3.85
emp_004570,2025-04-07,3.55
emp_004571,2026-04-02,3.75
emp_004571,2026-01-02,4.07
emp_004571,2025-10-04,3.96
emp_004571,2025-07-06,3.6
emp_004571,2025-04-07,3.37
emp_004571,2025-01-07,4.16
emp_004571,2024-10-09,3.68
emp_004573,2026-04-02,3.3
emp_004573,2026-01-02,3.6
emp_004573,2025-10-04,3.57
emp_004573,2025-07-06,3.42
emp_004573,2025-04-07,3.72
emp_004573,2025-01-07,3.17
emp_004573,2024-10-09,4.1
emp_004573,2024-07-11,3.7
emp_004574,2026-04-02,3.43
emp_004574,2026-01-02,3.91
emp_004574,2025-10-04,3.44
emp_004574,2025-07-06,4.09
emp_004574,2025-04-07,3.75
emp_004574,2025-01-07,3.66
emp_004575,2026-04-02,4.34
emp_004575,2026-01-02,4.26
emp_004575,2025-10-04,4.11
emp_004575,2025-07-06,4.65
emp_004575,2025-04-07,4.79
emp_004575,2025-01-07,4.85
emp_004575,2024-10-09,4.16
emp_004575,2024-07-11,3.76
emp_004576,2026-04-02,4.43
emp_004576,2026-01-02,4.21
emp_004576,2025-10-04,3.77
emp_004576,2025-07-06,4.6
emp_004576,2025-04-07,3.6
emp_004576,2025-01-07,4.05
emp_004576,2024-10-09,3.87
emp_004576,2024-07-11,3.52
emp_004577,2026-04-02,4.16
emp_004577,2026-01-02,4.22
emp_004577,2025-10-04,4.79
emp_004577,2025-07-06,4.36
emp_004577,2025-04-07,4.86
emp_004577,2025-01-07,3.7
emp_004578,2026-04-02,4.11
emp_004578,2026-01-02,3.65
emp_004578,2025-10-04,3.7
emp_004578,2025-07-06,3.69
emp_004578,2025-04-07,3.35
emp_004578,2025-01-07,3.9
emp_004578,2024-10-09,3.88
emp_004578,2024-07-11,3.95
emp_004579,2026-04-02,2.33
emp_004579,2026-01-02,3.09
emp_004579,2025-10-04,3.14
emp_004579,2025-07-06,3.0
emp_004579,2025-04-07,3.3
emp_004579,2025-01-07,3.34
emp_004579,2024-10-09,3.13
emp_004579,2024-07-11,3.61
emp_004580,2026-04-02,3.08
emp_004580,2026-01-02,3.6
emp_004580,2025-10-04,3.86
emp_004580,2025-07-06,3.0
emp_004580,2025-04-07,3.49
emp_004580,2025-01-07,3.61
emp_004580,2024-10-09,3.52
emp_004580,2024-07-11,3.56
emp_004581,2026-04-02,4.31
emp_004581,2026-01-02,4.76
emp_004581,2025-10-04,3.72
emp_004581,2025-07-06,3.6
emp_004581,2025-04-07,3.84
emp_004581,2025-01-07,3.69
emp_004581,2024-10-09,4.06
emp_004581,2024-07-11,4.21
emp_004582,2026-04-02,3.73
emp_004582,2026-01-02,3.76
emp_004582,2025-10-04,3.57
emp_004582,2025-07-06,2.94
emp_004582,2025-04-07,3.68
emp_004582,2025-01-07,3.55
emp_004582,2024-10-09,3.64
emp_004582,2024-07-11,3.48
emp_004583,2026-04-02,4.37
emp_004583,2026-01-02,4.09
emp_004583,2025-10-04,4.3
emp_004583,2025-07-06,4.32
emp_004583,2025-04-07,4.62
emp_004583,2025-01-07,4.46
emp_004583,2024-10-09,4.24
emp_004584,2026-04-02,4.1
emp_004584,2026-01-02,3.88
emp_004584,2025-10-04,4.43
emp_004584,2025-07-06,3.94
emp_004584,2025-04-07,4.03
emp_004584,2025-01-07,4.92
emp_004584,2024-10-09,4.17
emp_004584,2024-07-11,3.49
emp_004585,2026-04-02,3.97
emp_004585,2026-01-02,3.84
emp_004585,2025-10-04,3.37
emp_004585,2025-07-06,4.05
emp_004585,2025-04-07,3.65
emp_004585,2025-01-07,4.39
emp_004585,2024-10-09,3.35
emp_004585,2024-07-11,4.27
emp_004586,2026-04-02,3.74
emp_004587,2026-04-02,4.26
emp_004587,2026-01-02,4.27
emp_004587,2025-10-04,3.84
emp_004587,2025-07-06,3.76
emp_004587,2025-04-07,4.59
emp_004587,2025-01-07,4.81
emp_004587,2024-10-09,4.17
emp_004587,2024-07-11,4.61
emp_004588,2026-04-02,4.33
emp_004588,2026-01-02,3.82
emp_004588,2025-10-04,4.09
emp_004588,2025-07-06,3.83
emp_004588,2025-04-07,4.34
emp_004588,2025-01-07,4.09
emp_004588,2024-10-09,4.27
emp_004589,2026-04-02,3.62
emp_004589,2026-01-02,3.6
emp_004589,2025-10-04,3.68
emp_004589,2025-07-06,4.3
emp_004589,2025-04-07,3.65
emp_004589,2025-01-07,4.08
emp_004589,2024-10-09,3.49
emp_004589,2024-07-11,4.19
emp_004590,2026-04-02,4.41
emp_004590,2026-01-02,4.02
emp_004590,2025-10-04,4.03
emp_004590,2025-07-06,4.24
emp_004590,2025-04-07,4.55
emp_004590,2025-01-07,3.8
emp_004590,2024-10-09,4.56
emp_004590,2024-07-11,3.57
emp_004591,2026-04-02,3.67
emp_004591,2026-01-02,4.47
emp_004591,2025-10-04,3.62
emp_004591,2025-07-06,3.49
emp_004591,2025-04-07,2.96
emp_004591,2025-01-07,4.33
emp_004592,2026-04-02,4.16
emp_004593,2026-04-02,3.79
emp_004593,2026-01-02,4.07
emp_004593,2025-10-04,3.63
emp_004593,2025-07-06,4.02
emp_004593,2025-04-07,4.0
emp_004594,2026-04-02,3.47
emp_004594,2026-01-02,3.97
emp_004594,2025-10-04,3.82
emp_004594,2025-07-06,3.72
emp_004594,2025-04-07,3.31
emp_004594,2025-01-07,4.34
emp_004594,2024-10-09,3.26
emp_004594,2024-07-11,4.11
emp_004596,2026-04-02,3.23
emp_004596,2026-01-02,3.58
emp_004596,2025-10-04,3.77
emp_004596,2025-07-06,2.99
emp_004597,2026-04-02,3.79
emp_004597,2026-01-02,3.67
emp_004597,2025-10-04,4.11
emp_004597,2025-07-06,3.87
emp_004597,2025-04-07,4.49
emp_004597,2025-01-07,3.96
emp_004598,2026-04-02,3.55
emp_004598,2026-01-02,3.93
emp_004598,2025-10-04,3.69
emp_004598,2025-07-06,3.31
emp_004598,2025-04-07,3.56
emp_004598,2025-01-07,3.55
emp_004598,2024-10-09,3.46
emp_004598,2024-07-11,3.48
emp_004599,2026-04-02,3.04
emp_004599,2026-01-02,3.13
emp_004599,2025-10-04,3.15
emp_004599,2025-07-06,2.99
emp_004599,2025-04-07,3.21
emp_004599,2025-01-07,3.48
emp_004599,2024-10-09,3.02
emp_004599,2024-07-11,2.8
emp_004600,2026-04-02,3.88
emp_004600,2026-01-02,3.89
emp_004600,2025-10-04,4.19
emp_004600,2025-07-06,3.67
emp_004600,2025-04-07,3.87
emp_004600,2025-01-07,3.8
emp_004600,2024-10-09,3.71
emp_004601,2026-04-02,4.0
emp_004601,2026-01-02,4.55
emp_004601,2025-10-04,4.02
emp_004601,2025-07-06,4.26
emp_004601,2025-04-07,3.86
emp_004601,2025-01-07,4.06
emp_004601,2024-10-09,4.17
emp_004601,2024-07-11,4.16
emp_004602,2026-04-02,4.01
emp_004602,2026-01-02,3.79
emp_004602,2025-10-04,3.59
emp_004602,2025-07-06,4.04
emp_004602,2025-04-07,3.98
emp_004602,2025-01-07,4.3
emp_004602,2024-10-09,4.85
emp_004602,2024-07-11,3.52
emp_004603,2026-04-02,4.16
emp_004604,2026-04-02,3.87
emp_004604,2026-01-02,3.36
emp_004604,2025-10-04,4.13
emp_004604,2025-07-06,4.07
emp_004604,2025-04-07,3.87
emp_004604,2025-01-07,4.21
emp_004604,2024-10-09,4.24
emp_004604,2024-07-11,4.3
emp_004605,2026-04-02,3.63
emp_004605,2026-01-02,3.23
emp_004605,2025-10-04,3.42
emp_004605,2025-07-06,3.61
emp_004605,2025-04-07,3.46
emp_004605,2025-01-07,4.12
emp_004605,2024-10-09,3.46
emp_004605,2024-07-11,4.06
emp_004606,2026-04-02,3.46
emp_004606,2026-01-02,3.61
emp_004606,2025-10-04,4.17
emp_004606,2025-07-06,3.08
emp_004606,2025-04-07,3.03
emp_004606,2025-01-07,3.19
emp_004606,2024-10-09,3.17
emp_004606,2024-07-11,3.69
emp_004607,2026-04-02,3.83
emp_004607,2026-01-02,3.93
emp_004607,2025-10-04,5.0
emp_004607,2025-07-06,4.44
emp_004607,2025-04-07,4.05
emp_004607,2025-01-07,4.62
emp_004607,2024-10-09,4.3
emp_004607,2024-07-11,4.04
emp_004608,2026-04-02,3.53
emp_004608,2026-01-02,3.49
emp_004608,2025-10-04,4.52
emp_004608,2025-07-06,4.53
emp_004608,2025-04-07,3.69
emp_004608,2025-01-07,4.24
emp_004608,2024-10-09,3.95
emp_004608,2024-07-11,4.43
emp_004609,2026-04-02,4.0
emp_004609,2026-01-02,3.63
emp_004609,2025-10-04,4.67
emp_004609,2025-07-06,4.16
emp_004610,2026-04-02,4.02
emp_004610,2026-01-02,3.14
emp_004610,2025-10-04,3.84
emp_004610,2025-07-06,4.06
emp_004610,2025-04-07,3.31
emp_004610,2025-01-07,3.39
emp_004610,2024-10-09,4.07
emp_004610,2024-07-11,4.08
emp_004611,2026-04-02,3.82
emp_004611,2026-01-02,3.49
emp_004611,2025-10-04,3.12
emp_004611,2025-07-06,3.83
emp_004611,2025-04-07,3.76
emp_004611,2025-01-07,3.71
emp_004611,2024-10-09,3.98
emp_004611,2024-07-11,3.85
emp_004612,2026-04-02,4.33
emp_004612,2026-01-02,3.53
emp_004612,2025-10-04,4.03
emp_004612,2025-07-06,4.42
emp_004613,2026-04-02,4.44
emp_004613,2026-01-02,3.41
emp_004613,2025-10-04,3.92
emp_004613,2025-07-06,4.18
emp_004614,2026-04-02,3.7
emp_004614,2026-01-02,3.62
emp_004614,2025-10-04,3.75
emp_004614,2025-07-06,3.95
emp_004614,2025-04-07,4.09
emp_004614,2025-01-07,4.09
emp_004614,2024-10-09,4.06
emp_004614,2024-07-11,3.91
emp_004615,2026-04-02,3.98
emp_004615,2026-01-02,4.0
emp_004615,2025-10-04,2.66
emp_004615,2025-07-06,4.6
emp_004615,2025-04-07,4.37
emp_004615,2025-01-07,4.17
emp_004615,2024-10-09,3.65
emp_004615,2024-07-11,4.18
emp_004616,2026-04-02,3.74
emp_004616,2026-01-02,3.56
emp_004616,2025-10-04,3.78
emp_004616,2025-07-06,3.16
emp_004616,2025-04-07,2.78
emp_004616,2025-01-07,3.94
emp_004616,2024-10-09,3.48
emp_004616,2024-07-11,3.28
emp_004618,2026-04-02,3.08
emp_004618,2026-01-02,3.89
emp_004618,2025-10-04,3.81
emp_004618,2025-07-06,4.14
emp_004618,2025-04-07,3.66
emp_004618,2025-01-07,4.11
emp_004618,2024-10-09,2.93
emp_004618,2024-07-11,3.29
emp_004619,2026-04-02,3.79
emp_004619,2026-01-02,3.98
emp_004619,2025-10-04,4.6
emp_004619,2025-07-06,4.44
emp_004619,2025-04-07,4.28
emp_004619,2025-01-07,4.14
emp_004619,2024-10-09,3.99
emp_004619,2024-07-11,4.24
emp_004620,2026-04-02,3.41
emp_004620,2026-01-02,3.69
emp_004620,2025-10-04,3.86
emp_004620,2025-07-06,3.66
emp_004620,2025-04-07,3.65
emp_004620,2025-01-07,3.86
emp_004620,2024-10-09,3.46
emp_004620,2024-07-11,3.85
emp_004621,2026-04-02,3.88
emp_004621,2026-01-02,4.06
emp_004621,2025-10-04,3.75
emp_004621,2025-07-06,3.99
emp_004621,2025-04-07,4.01
emp_004621,2025-01-07,3.95
emp_004621,2024-10-09,3.83
emp_004621,2024-07-11,3.61
emp_004622,2026-04-02,3.17
emp_004622,2026-01-02,3.28
emp_004622,2025-10-04,3.45
emp_004622,2025-07-06,3.36
emp_004622,2025-04-07,3.05
emp_004622,2025-01-07,3.42
emp_004622,2024-10-09,3.87
emp_004622,2024-07-11,2.79
emp_004623,2026-04-02,3.48
emp_004623,2026-01-02,3.65
emp_004623,2025-10-04,3.62
emp_004623,2025-07-06,3.59
emp_004623,2025-04-07,3.52
emp_004623,2025-01-07,3.99
emp_004623,2024-10-09,3.98
emp_004623,2024-07-11,3.45
emp_004624,2026-04-02,4.14
emp_004624,2026-01-02,4.9
emp_004624,2025-10-04,4.85
emp_004624,2025-07-06,4.41
emp_004624,2025-04-07,4.42
emp_004624,2025-01-07,4.03
emp_004624,2024-10-09,4.63
emp_004624,2024-07-11,4.86
emp_004625,2026-04-02,4.88
emp_004625,2026-01-02,4.36
emp_004625,2025-10-04,4.22
emp_004625,2025-07-06,4.01
emp_004625,2025-04-07,4.19
emp_004625,2025-01-07,4.13
emp_004625,2024-10-09,4.24
emp_004625,2024-07-11,4.19
emp_004626,2026-04-02,3.99
emp_004626,2026-01-02,4.08
emp_004626,2025-10-04,4.25
emp_004626,2025-07-06,4.08
emp_004626,2025-04-07,3.73
emp_004626,2025-01-07,4.17
emp_004626,2024-10-09,3.43
emp_004626,2024-07-11,4.05
emp_004627,2026-04-02,3.81
emp_004627,2026-01-02,4.47
emp_004627,2025-10-04,4.59
emp_004627,2025-07-06,4.37
emp_004627,2025-04-07,3.7
emp_004627,2025-01-07,4.05
emp_004627,2024-10-09,3.5
emp_004627,2024-07-11,3.88
emp_004628,2026-04-02,3.46
emp_004628,2026-01-02,3.54
emp_004628,2025-10-04,3.88
emp_004628,2025-07-06,3.35
emp_004628,2025-04-07,4.09
emp_004628,2025-01-07,3.57
emp_004629,2026-04-02,4.18
emp_004629,2026-01-02,3.95
emp_004629,2025-10-04,3.76
emp_004629,2025-07-06,3.77
emp_004630,2026-04-02,4.5
emp_004630,2026-01-02,4.64
emp_004630,2025-10-04,4.68
emp_004630,2025-07-06,4.17
emp_004630,2025-04-07,3.85
emp_004630,2025-01-07,3.69
emp_004630,2024-10-09,4.36
emp_004630,2024-07-11,4.85
emp_004631,2026-04-02,4.15
emp_004631,2026-01-02,4.31
emp_004631,2025-10-04,3.74
emp_004631,2025-07-06,3.44
emp_004631,2025-04-07,4.12
emp_004631,2025-01-07,3.22
emp_004631,2024-10-09,3.45
emp_004631,2024-07-11,3.69
emp_004632,2026-04-02,3.55
emp_004632,2026-01-02,4.01
emp_004632,2025-10-04,3.59
emp_004632,2025-07-06,3.7
emp_004632,2025-04-07,3.77
emp_004632,2025-01-07,3.42
emp_004633,2026-04-02,3.77
emp_004633,2026-01-02,3.34
emp_004633,2025-10-04,3.35
emp_004633,2025-07-06,3.71
emp_004633,2025-04-07,3.09
emp_004633,2025-01-07,4.16
emp_004633,2024-10-09,3.85
emp_004633,2024-07-11,4.24
emp_004634,2026-04-02,3.82
emp_004634,2026-01-02,3.9
emp_004634,2025-10-04,3.51
emp_004634,2025-07-06,3.93
emp_004634,2025-04-07,4.21
emp_004634,2025-01-07,3.82
emp_004634,2024-10-09,3.85
emp_004634,2024-07-11,3.88
emp_004635,2026-04-02,3.36
emp_004635,2026-01-02,4.07
emp_004635,2025-10-04,3.87
emp_004635,2025-07-06,4.15
emp_004635,2025-04-07,3.63
emp_004635,2025-01-07,4.0
emp_004635,2024-10-09,3.82
emp_004635,2024-07-11,3.21
emp_004636,2026-04-02,3.72
emp_004636,2026-01-02,3.5
emp_004636,2025-10-04,3.37
emp_004636,2025-07-06,2.99
emp_004636,2025-04-07,4.23
emp_004636,2025-01-07,3.8
emp_004637,2026-04-02,4.16
emp_004637,2026-01-02,4.07
emp_004637,2025-10-04,3.57
emp_004637,2025-07-06,3.19
emp_004637,2025-04-07,4.36
emp_004637,2025-01-07,3.51
emp_004637,2024-10-09,3.58
emp_004637,2024-07-11,3.7
emp_004638,2026-04-02,4.3
emp_004638,2026-01-02,3.53
emp_004638,2025-10-04,3.75
emp_004639,2026-04-02,3.76
emp_004639,2026-01-02,4.6
emp_004639,2025-10-04,3.91
emp_004639,2025-07-06,3.57
emp_004640,2026-04-02,3.82
emp_004640,2026-01-02,4.06
emp_004640,2025-10-04,4.15
emp_004640,2025-07-06,4.18
emp_004640,2025-04-07,4.31
emp_004641,2026-04-02,4.3
emp_004641,2026-01-02,4.14
emp_004641,2025-10-04,3.73
emp_004641,2025-07-06,3.83
emp_004642,2026-04-02,3.59
emp_004642,2026-01-02,3.88
emp_004642,2025-10-04,3.96
emp_004642,2025-07-06,4.16
emp_004642,2025-04-07,4.0
emp_004642,2025-01-07,4.16
emp_004642,2024-10-09,4.1
emp_004642,2024-07-11,3.43
emp_004643,2026-04-02,4.1
emp_004643,2026-01-02,4.48
emp_004643,2025-10-04,3.56
emp_004643,2025-07-06,4.34
emp_004643,2025-04-07,4.16
emp_004643,2025-01-07,3.55
emp_004643,2024-10-09,4.48
emp_004643,2024-07-11,4.03
emp_004644,2026-04-02,3.92
emp_004644,2026-01-02,4.46
emp_004644,2025-10-04,3.55
emp_004644,2025-07-06,3.98
emp_004644,2025-04-07,3.54
emp_004644,2025-01-07,4.38
emp_004645,2026-04-02,4.08
emp_004645,2026-01-02,3.95
emp_004645,2025-10-04,3.4
emp_004645,2025-07-06,4.05
emp_004645,2025-04-07,4.3
emp_004645,2025-01-07,3.59
emp_004645,2024-10-09,3.26
emp_004645,2024-07-11,3.81
emp_004646,2026-04-02,3.78
emp_004646,2026-01-02,3.8
emp_004646,2025-10-04,3.31
emp_004646,2025-07-06,4.3
emp_004646,2025-04-07,3.68
emp_004646,2025-01-07,3.87
emp_004647,2026-04-02,3.81
emp_004647,2026-01-02,3.6
emp_004647,2025-10-04,3.2
emp_004647,2025-07-06,3.53
emp_004647,2025-04-07,4.2
emp_004647,2025-01-07,4.08
emp_004647,2024-10-09,3.26
emp_004647,2024-07-11,3.46
emp_004648,2026-04-02,3.86
emp_004648,2026-01-02,3.94
emp_004648,2025-10-04,4.23
emp_004648,2025-07-06,4.12
emp_004649,2026-04-02,4.26
emp_004649,2026-01-02,3.77
emp_004649,2025-10-04,3.77
emp_004649,2025-07-06,3.99
emp_004649,2025-04-07,4.86
emp_004649,2025-01-07,4.12
emp_004649,2024-10-09,4.24
emp_004649,2024-07-11,3.74
emp_004650,2026-04-02,4.14
emp_004650,2026-01-02,4.25
emp_004650,2025-10-04,4.28
emp_004650,2025-07-06,4.62
emp_004650,2025-04-07,4.1
emp_004650,2025-01-07,4.25
emp_004650,2024-10-09,4.45
emp_004651,2026-04-02,3.65
emp_004651,2026-01-02,2.64
emp_004651,2025-10-04,3.27
emp_004651,2025-07-06,4.05
emp_004651,2025-04-07,4.14
emp_004651,2025-01-07,3.39
emp_004651,2024-10-09,3.32
emp_004651,2024-07-11,4.28
emp_004652,2026-04-02,3.44
emp_004652,2026-01-02,3.83
emp_004652,2025-10-04,3.65
emp_004652,2025-07-06,3.98
emp_004652,2025-04-07,3.82
emp_004652,2025-01-07,3.6
emp_004652,2024-10-09,3.77
emp_004652,2024-07-11,4.25
emp_004653,2026-04-02,3.11
emp_004653,2026-01-02,2.75
emp_004653,2025-10-04,2.97
emp_004653,2025-07-06,3.62
emp_004653,2025-04-07,3.27
emp_004653,2025-01-07,3.27
emp_004653,2024-10-09,3.22
emp_004653,2024-07-11,3.62
emp_004654,2026-04-02,3.59
emp_004654,2026-01-02,3.38
emp_004654,2025-10-04,3.32
emp_004654,2025-07-06,3.62
emp_004654,2025-04-07,3.33
emp_004654,2025-01-07,4.16
emp_004654,2024-10-09,3.44
emp_004654,2024-07-11,3.36
emp_004655,2026-04-02,3.39
emp_004655,2026-01-02,4.01
emp_004655,2025-10-04,3.64
emp_004655,2025-07-06,3.26
emp_004655,2025-04-07,3.62
emp_004655,2025-01-07,3.67
emp_004656,2026-04-02,4.14
emp_004656,2026-01-02,3.53
emp_004656,2025-10-04,4.37
emp_004656,2025-07-06,4.34
emp_004656,2025-04-07,3.36
emp_004656,2025-01-07,3.86
emp_004656,2024-10-09,3.97
emp_004656,2024-07-11,4.24
emp_004657,2026-04-02,3.62
emp_004657,2026-01-02,3.98
emp_004657,2025-10-04,3.99
emp_004657,2025-07-06,3.67
emp_004657,2025-04-07,4.14
emp_004657,2025-01-07,4.14
emp_004657,2024-10-09,3.57
emp_004657,2024-07-11,3.94
emp_004658,2026-04-02,3.82
emp_004658,2026-01-02,3.86
emp_004658,2025-10-04,3.83
emp_004658,2025-07-06,4.03
emp_004658,2025-04-07,4.17
emp_004658,2025-01-07,3.79
emp_004659,2026-04-02,3.46
emp_004659,2026-01-02,3.74
emp_004659,2025-10-04,3.05
emp_004659,2025-07-06,3.32
emp_004659,2025-04-07,3.43
emp_004659,2025-01-07,3.77
emp_004659,2024-10-09,3.45
emp_004659,2024-07-11,4.01
emp_004660,2026-04-02,4.07
emp_004660,2026-01-02,3.66
emp_004660,2025-10-04,3.88
emp_004660,2025-07-06,4.16
emp_004660,2025-04-07,3.8
emp_004660,2025-01-07,3.6
emp_004660,2024-10-09,3.62
emp_004660,2024-07-11,3.23
emp_004661,2026-04-02,3.95
emp_004661,2026-01-02,3.49
emp_004661,2025-10-04,4.28
emp_004661,2025-07-06,4.22
emp_004662,2026-04-02,4.08
emp_004662,2026-01-02,4.56
emp_004662,2025-10-04,3.98
emp_004662,2025-07-06,4.23
emp_004662,2025-04-07,3.98
emp_004662,2025-01-07,3.81
emp_004662,2024-10-09,4.51
emp_004662,2024-07-11,4.01
emp_004663,2026-04-02,3.22
emp_004663,2026-01-02,2.57
emp_004663,2025-10-04,3.36
emp_004663,2025-07-06,3.6
emp_004663,2025-04-07,3.09
emp_004663,2025-01-07,3.83
emp_004663,2024-10-09,3.01
emp_004663,2024-07-11,3.86
emp_004664,2026-04-02,3.18
emp_004664,2026-01-02,3.15
emp_004664,2025-10-04,3.29
emp_004664,2025-07-06,3.34
emp_004665,2026-04-02,4.0
emp_004665,2026-01-02,4.52
emp_004665,2025-10-04,3.79
emp_004665,2025-07-06,4.21
emp_004665,2025-04-07,4.15
emp_004665,2025-01-07,3.78
emp_004665,2024-10-09,3.86
emp_004665,2024-07-11,4.35
emp_004666,2026-04-02,3.32
emp_004666,2026-01-02,3.1
emp_004666,2025-10-04,3.33
emp_004666,2025-07-06,3.68
emp_004666,2025-04-07,3.15
emp_004666,2025-01-07,3.7
emp_004666,2024-10-09,3.47
emp_004666,2024-07-11,3.13
emp_004667,2026-04-02,3.92
emp_004667,2026-01-02,3.9
emp_004667,2025-10-04,3.81
emp_004667,2025-07-06,3.61
emp_004667,2025-04-07,4.07
emp_004667,2025-01-07,3.96
emp_004667,2024-10-09,4.06
emp_004667,2024-07-11,3.91
emp_004668,2026-04-02,3.88
emp_004668,2026-01-02,4.22
emp_004668,2025-10-04,3.95
emp_004668,2025-07-06,4.56
emp_004668,2025-04-07,3.84
emp_004668,2025-01-07,3.85
emp_004668,2024-10-09,3.65
emp_004668,2024-07-11,4.25
emp_004669,2026-04-02,3.92
emp_004669,2026-01-02,3.05
emp_004669,2025-10-04,3.53
emp_004669,2025-07-06,3.62
emp_004669,2025-04-07,3.2
emp_004669,2025-01-07,3.43
emp_004669,2024-10-09,2.57
emp_004669,2024-07-11,2.91
emp_004670,2026-04-02,2.68
emp_004670,2026-01-02,3.26
emp_004670,2025-10-04,3.87
emp_004670,2025-07-06,3.37
emp_004670,2025-04-07,2.97
emp_004670,2025-01-07,3.08
emp_004670,2024-10-09,3.55
emp_004670,2024-07-11,3.18
emp_004671,2026-04-02,3.29
emp_004671,2026-01-02,3.11
emp_004671,2025-10-04,4.13
emp_004671,2025-07-06,4.57
emp_004671,2025-04-07,3.43
emp_004671,2025-01-07,4.05
emp_004671,2024-10-09,3.65
emp_004671,2024-07-11,3.59
emp_004672,2026-04-02,3.64
emp_004672,2026-01-02,4.36
emp_004672,2025-10-04,3.29
emp_004672,2025-07-06,3.59
emp_004672,2025-04-07,4.13
emp_004672,2025-01-07,3.88
emp_004672,2024-10-09,3.02
emp_004673,2026-04-02,3.88
emp_004673,2026-01-02,4.08
emp_004673,2025-10-04,4.29
emp_004673,2025-07-06,4.02
emp_004673,2025-04-07,5.0
emp_004673,2025-01-07,3.87
emp_004673,2024-10-09,4.06
emp_004673,2024-07-11,3.83
emp_004674,2026-04-02,3.67
emp_004674,2026-01-02,3.97
emp_004674,2025-10-04,3.69
emp_004674,2025-07-06,4.16
emp_004674,2025-04-07,4.75
emp_004674,2025-01-07,4.44
emp_004674,2024-10-09,4.31
emp_004674,2024-07-11,4.22
emp_004675,2026-04-02,3.06
emp_004675,2026-01-02,3.64
emp_004675,2025-10-04,4.33
emp_004675,2025-07-06,3.54
emp_004675,2025-04-07,3.95
emp_004675,2025-01-07,3.69
emp_004675,2024-10-09,3.41
emp_004675,2024-07-11,3.9
emp_004676,2026-04-02,4.25
emp_004676,2026-01-02,3.78
emp_004676,2025-10-04,3.47
emp_004676,2025-07-06,3.68
emp_004676,2025-04-07,4.33
emp_004676,2025-01-07,4.11
emp_004676,2024-10-09,4.27
emp_004676,2024-07-11,5.0
emp_004677,2026-04-02,3.75
emp_004677,2026-01-02,3.81
emp_004677,2025-10-04,3.66
emp_004677,2025-07-06,4.05
emp_004677,2025-04-07,3.52
emp_004678,2026-04-02,3.98
emp_004679,2026-04-02,4.1
emp_004679,2026-01-02,3.83
emp_004679,2025-10-04,3.75
emp_004679,2025-07-06,4.48
emp_004679,2025-04-07,4.06
emp_004679,2025-01-07,4.59
emp_004679,2024-10-09,4.93
emp_004679,2024-07-11,3.69
emp_004680,2026-04-02,3.5
emp_004680,2026-01-02,4.25
emp_004680,2025-10-04,3.87
emp_004680,2025-07-06,2.72
emp_004680,2025-04-07,3.99
emp_004680,2025-01-07,3.87
emp_004680,2024-10-09,3.58
emp_004681,2026-04-02,4.41
emp_004682,2026-04-02,3.87
emp_004682,2026-01-02,3.9
emp_004682,2025-10-04,4.14
emp_004682,2025-07-06,4.36
emp_004683,2026-04-02,4.2
emp_004683,2026-01-02,4.22
emp_004683,2025-10-04,3.49
emp_004683,2025-07-06,4.1
emp_004683,2025-04-07,4.35
emp_004683,2025-01-07,4.24
emp_004683,2024-10-09,4.23
emp_004684,2026-04-02,3.9
emp_004684,2026-01-02,3.95
emp_004684,2025-10-04,3.83
emp_004684,2025-07-06,3.86
emp_004684,2025-04-07,3.94
emp_004684,2025-01-07,4.5
emp_004684,2024-10-09,4.03
emp_004684,2024-07-11,4.88
emp_004685,2026-04-02,3.43
emp_004685,2026-01-02,3.19
emp_004685,2025-10-04,3.14
emp_004685,2025-07-06,2.84
emp_004685,2025-04-07,3.83
emp_004685,2025-01-07,3.64
emp_004685,2024-10-09,3.25
emp_004685,2024-07-11,3.84
emp_004686,2026-04-02,3.05
emp_004686,2026-01-02,4.72
emp_004686,2025-10-04,3.62
emp_004686,2025-07-06,4.18
emp_004686,2025-04-07,4.11
emp_004686,2025-01-07,3.16
emp_004686,2024-10-09,3.69
emp_004687,2026-04-02,3.63
emp_004688,2026-04-02,3.54
emp_004688,2026-01-02,3.87
emp_004688,2025-10-04,4.36
emp_004688,2025-07-06,4.13
emp_004688,2025-04-07,3.26
emp_004688,2025-01-07,4.05
emp_004689,2026-04-02,4.21
emp_004689,2026-01-02,3.75
emp_004689,2025-10-04,3.81
emp_004689,2025-07-06,3.52
emp_004689,2025-04-07,4.53
emp_004689,2025-01-07,3.48
emp_004689,2024-10-09,4.22
emp_004689,2024-07-11,4.1
emp_004690,2026-04-02,3.74
emp_004690,2026-01-02,3.88
emp_004690,2025-10-04,3.21
emp_004690,2025-07-06,3.52
emp_004690,2025-04-07,4.25
emp_004690,2025-01-07,3.63
emp_004690,2024-10-09,3.28
emp_004690,2024-07-11,3.63
emp_004691,2026-04-02,4.16
emp_004691,2026-01-02,3.64
emp_004691,2025-10-04,4.72
emp_004691,2025-07-06,3.37
emp_004691,2025-04-07,4.58
emp_004691,2025-01-07,4.05
emp_004691,2024-10-09,4.09
emp_004691,2024-07-11,3.71
emp_004692,2026-04-02,4.55
emp_004692,2026-01-02,4.54
emp_004692,2025-10-04,4.47
emp_004692,2025-07-06,4.54
emp_004692,2025-04-07,4.15
emp_004692,2025-01-07,4.22
emp_004692,2024-10-09,3.72
emp_004692,2024-07-11,4.22
emp_004693,2026-04-02,4.65
emp_004694,2026-04-02,3.76
emp_004694,2026-01-02,3.57
emp_004694,2025-10-04,3.94
emp_004694,2025-07-06,3.68
emp_004694,2025-04-07,2.97
emp_004694,2025-01-07,3.43
emp_004694,2024-10-09,3.6
emp_004695,2026-04-02,4.14
emp_004695,2026-01-02,4.12
emp_004696,2026-04-02,3.54
emp_004696,2026-01-02,4.64
emp_004697,2026-04-02,3.83
emp_004697,2026-01-02,4.15
emp_004697,2025-10-04,4.52
emp_004697,2025-07-06,4.52
emp_004698,2026-04-02,2.8
emp_004698,2026-01-02,3.14
emp_004698,2025-10-04,3.99
emp_004698,2025-07-06,3.22
emp_004698,2025-04-07,3.56
emp_004698,2025-01-07,3.17
emp_004698,2024-10-09,3.86
emp_004698,2024-07-11,3.15
emp_004699,2026-04-02,3.61
emp_004699,2026-01-02,3.7
emp_004699,2025-10-04,3.47
emp_004699,2025-07-06,3.69
emp_004699,2025-04-07,3.7
emp_004699,2025-01-07,4.07
emp_004699,2024-10-09,3.93
emp_004699,2024-07-11,4.28
emp_004700,2026-04-02,4.96
emp_004700,2026-01-02,4.37
emp_004700,2025-10-04,3.8
emp_004701,2026-04-02,3.66
emp_004703,2026-04-02,4.08
emp_004703,2026-01-02,4.47
emp_004703,2025-10-04,4.12
emp_004703,2025-07-06,4.07
emp_004703,2025-04-07,3.76
emp_004703,2025-01-07,4.0
emp_004703,2024-10-09,4.28
emp_004703,2024-07-11,3.94
emp_004704,2026-04-02,3.82
emp_004704,2026-01-02,4.47
emp_004704,2025-10-04,3.99
emp_004704,2025-07-06,4.23
emp_004704,2025-04-07,4.31
emp_004704,2025-01-07,3.96
emp_004704,2024-10-09,4.26
emp_004704,2024-07-11,4.45
emp_004705,2026-04-02,2.68
emp_004705,2026-01-02,3.95
emp_004705,2025-10-04,4.07
emp_004705,2025-07-06,3.77
emp_004705,2025-04-07,3.76
emp_004705,2025-01-07,4.32
emp_004705,2024-10-09,3.75
emp_004705,2024-07-11,3.94
emp_004706,2026-04-02,4.22
emp_004706,2026-01-02,4.17
emp_004706,2025-10-04,4.2
emp_004706,2025-07-06,3.9
emp_004706,2025-04-07,4.58
emp_004706,2025-01-07,3.72
emp_004706,2024-10-09,4.25
emp_004706,2024-07-11,3.99
emp_004707,2026-04-02,4.58
emp_004707,2026-01-02,4.29
emp_004707,2025-10-04,4.02
emp_004707,2025-07-06,3.84
emp_004707,2025-04-07,3.08
emp_004708,2026-04-02,4.79
emp_004708,2026-01-02,4.45
emp_004708,2025-10-04,4.22
emp_004708,2025-07-06,4.3
emp_004708,2025-04-07,3.81
emp_004708,2025-01-07,4.9
emp_004708,2024-10-09,4.69
emp_004708,2024-07-11,4.75
emp_004709,2026-04-02,4.16
emp_004709,2026-01-02,4.01
emp_004709,2025-10-04,3.73
emp_004709,2025-07-06,3.31
emp_004709,2025-04-07,3.67
emp_004709,2025-01-07,3.94
emp_004709,2024-10-09,3.84
emp_004709,2024-07-11,3.79
emp_004710,2026-04-02,4.04
emp_004710,2026-01-02,4.2
emp_004710,2025-10-04,4.29
emp_004710,2025-07-06,3.99
emp_004710,2025-04-07,4.54
emp_004710,2025-01-07,4.56
emp_004710,2024-10-09,4.88
emp_004710,2024-07-11,4.0
emp_004711,2026-04-02,4.46
emp_004711,2026-01-02,4.27
emp_004711,2025-10-04,3.31
emp_004711,2025-07-06,4.34
emp_004712,2026-04-02,4.12
emp_004712,2026-01-02,3.9
emp_004712,2025-10-04,3.83
emp_004712,2025-07-06,3.81
emp_004712,2025-04-07,3.97
emp_004712,2025-01-07,3.92
emp_004712,2024-10-09,3.46
emp_004712,2024-07-11,4.43
emp_004713,2026-04-02,3.37
emp_004713,2026-01-02,3.78
emp_004713,2025-10-04,4.05
emp_004713,2025-07-06,3.43
emp_004713,2025-04-07,3.89
emp_004713,2025-01-07,3.69
emp_004713,2024-10-09,3.06
emp_004713,2024-07-11,3.39
emp_004714,2026-04-02,2.79
emp_004714,2026-01-02,3.29
emp_004714,2025-10-04,3.11
emp_004714,2025-07-06,2.94
emp_004714,2025-04-07,2.65
emp_004714,2025-01-07,3.85
emp_004714,2024-10-09,3.37
emp_004714,2024-07-11,3.36
emp_004715,2026-04-02,3.4
emp_004715,2026-01-02,3.7
emp_004715,2025-10-04,4.03
emp_004715,2025-07-06,3.9
emp_004715,2025-04-07,4.01
emp_004716,2026-04-02,3.85
emp_004716,2026-01-02,4.4
emp_004716,2025-10-04,3.97
emp_004716,2025-07-06,3.95
emp_004716,2025-04-07,3.57
emp_004716,2025-01-07,4.18
emp_004716,2024-10-09,4.14
emp_004716,2024-07-11,3.57
emp_004717,2026-04-02,3.33
emp_004717,2026-01-02,3.44
emp_004717,2025-10-04,3.53
emp_004717,2025-07-06,3.98
emp_004717,2025-04-07,3.38
emp_004717,2025-01-07,2.88
emp_004717,2024-10-09,3.87
emp_004717,2024-07-11,3.76
emp_004718,2026-04-02,3.23
emp_004718,2026-01-02,4.0
emp_004718,2025-10-04,4.48
emp_004718,2025-07-06,3.53
emp_004718,2025-04-07,4.24
emp_004719,2026-04-02,4.19
emp_004719,2026-01-02,3.6
emp_004719,2025-10-04,3.84
emp_004719,2025-07-06,4.28
emp_004719,2025-04-07,3.8
emp_004720,2026-04-02,4.18
emp_004720,2026-01-02,3.93
emp_004720,2025-10-04,3.9
emp_004720,2025-07-06,4.37
emp_004720,2025-04-07,3.58
emp_004720,2025-01-07,4.07
emp_004720,2024-10-09,4.08
emp_004720,2024-07-11,3.77
emp_004721,2026-04-02,4.24
emp_004721,2026-01-02,4.13
emp_004721,2025-10-04,3.92
emp_004721,2025-07-06,3.54
emp_004721,2025-04-07,4.56
emp_004721,2025-01-07,4.04
emp_004721,2024-10-09,4.18
emp_004722,2026-04-02,4.21
emp_004722,2026-01-02,4.84
emp_004722,2025-10-04,3.84
emp_004722,2025-07-06,3.98
emp_004723,2026-04-02,3.67
emp_004723,2026-01-02,3.99
emp_004723,2025-10-04,3.75
emp_004723,2025-07-06,4.32
emp_004723,2025-04-07,4.93
emp_004723,2025-01-07,4.43
emp_004723,2024-10-09,4.6
emp_004723,2024-07-11,4.38
emp_004724,2026-04-02,3.46
emp_004724,2026-01-02,3.16
emp_004724,2025-10-04,3.92
emp_004724,2025-07-06,2.98
emp_004724,2025-04-07,3.03
emp_004724,2025-01-07,3.2
emp_004725,2026-04-02,4.15
emp_004725,2026-01-02,4.44
emp_004725,2025-10-04,4.32
emp_004725,2025-07-06,4.09
emp_004725,2025-04-07,4.14
emp_004725,2025-01-07,4.27
emp_004725,2024-10-09,4.02
emp_004725,2024-07-11,4.36
emp_004726,2026-04-02,3.7
emp_004726,2026-01-02,3.89
emp_004726,2025-10-04,3.88
emp_004726,2025-07-06,3.35
emp_004726,2025-04-07,4.08
emp_004727,2026-04-02,4.33
emp_004727,2026-01-02,2.92
emp_004727,2025-10-04,3.61
emp_004727,2025-07-06,3.14
emp_004727,2025-04-07,3.07
emp_004727,2025-01-07,3.29
emp_004727,2024-10-09,3.06
emp_004727,2024-07-11,3.53
emp_004728,2026-04-02,5.0
emp_004728,2026-01-02,4.05
emp_004728,2025-10-04,3.98
emp_004728,2025-07-06,3.85
emp_004729,2026-04-02,3.56
emp_004729,2026-01-02,3.39
emp_004729,2025-10-04,3.34
emp_004730,2026-04-02,3.41
emp_004730,2026-01-02,2.49
emp_004730,2025-10-04,3.19
emp_004730,2025-07-06,3.65
emp_004730,2025-04-07,3.82
emp_004730,2025-01-07,2.17
emp_004730,2024-10-09,3.51
emp_004731,2026-04-02,4.57
emp_004731,2026-01-02,3.89
emp_004731,2025-10-04,4.02
emp_004731,2025-07-06,3.71
emp_004731,2025-04-07,4.11
emp_004731,2025-01-07,4.38
emp_004732,2026-04-02,4.74
emp_004732,2026-01-02,4.02
emp_004732,2025-10-04,4.37
emp_004732,2025-07-06,4.93
emp_004732,2025-04-07,4.33
emp_004732,2025-01-07,4.34
emp_004732,2024-10-09,4.15
emp_004733,2026-04-02,3.74
emp_004733,2026-01-02,2.92
emp_004733,2025-10-04,4.12
emp_004733,2025-07-06,3.52
emp_004733,2025-04-07,3.17
emp_004733,2025-01-07,3.7
emp_004733,2024-10-09,4.03
emp_004733,2024-07-11,3.49
emp_004734,2026-04-02,4.11
emp_004734,2026-01-02,4.14
emp_004734,2025-10-04,3.89
emp_004734,2025-07-06,3.34
emp_004734,2025-04-07,4.13
emp_004734,2025-01-07,3.91
emp_004734,2024-10-09,3.89
emp_004734,2024-07-11,4.32
emp_004735,2026-04-02,4.16
emp_004735,2026-01-02,3.57
emp_004735,2025-10-04,3.47
emp_004735,2025-07-06,3.83
emp_004735,2025-04-07,4.18
emp_004735,2025-01-07,3.94
emp_004735,2024-10-09,3.71
emp_004735,2024-07-11,3.5
emp_004736,2026-04-02,3.56
emp_004736,2026-01-02,3.17
emp_004736,2025-10-04,3.01
emp_004736,2025-07-06,3.25
emp_004736,2025-04-07,2.9
emp_004736,2025-01-07,3.41
emp_004736,2024-10-09,3.38
emp_004736,2024-07-11,3.75
emp_004738,2026-04-02,4.65
emp_004739,2026-04-02,3.38
emp_004739,2026-01-02,3.44
emp_004739,2025-10-04,4.27
emp_004739,2025-07-06,3.87
emp_004740,2026-04-02,4.15
emp_004740,2026-01-02,4.28
emp_004740,2025-10-04,4.31
emp_004741,2026-04-02,3.78
emp_004741,2026-01-02,3.88
emp_004741,2025-10-04,3.54
emp_004741,2025-07-06,3.99
emp_004742,2026-04-02,3.0
emp_004742,2026-01-02,2.69
emp_004742,2025-10-04,3.13
emp_004742,2025-07-06,3.08
emp_004742,2025-04-07,3.43
emp_004742,2025-01-07,2.97
emp_004742,2024-10-09,3.59
emp_004742,2024-07-11,3.29
emp_004743,2026-04-02,4.47
emp_004743,2026-01-02,3.84
emp_004743,2025-10-04,3.54
emp_004743,2025-07-06,4.01
emp_004743,2025-04-07,3.62
emp_004743,2025-01-07,3.24
emp_004743,2024-10-09,4.17
emp_004744,2026-04-02,4.25
emp_004744,2026-01-02,3.88
emp_004744,2025-10-04,4.2
emp_004744,2025-07-06,4.05
emp_004744,2025-04-07,3.52
emp_004744,2025-01-07,3.63
emp_004744,2024-10-09,3.49
emp_004745,2026-04-02,3.36
emp_004745,2026-01-02,3.56
emp_004745,2025-10-04,3.25
emp_004746,2026-04-02,4.6
emp_004746,2026-01-02,4.74
emp_004747,2026-04-02,3.6
emp_004747,2026-01-02,3.54
emp_004747,2025-10-04,3.27
emp_004747,2025-07-06,3.36
emp_004747,2025-04-07,3.5
emp_004747,2025-01-07,3.72
emp_004747,2024-10-09,3.19
emp_004747,2024-07-11,3.73
emp_004748,2026-04-02,4.05
emp_004748,2026-01-02,4.02
emp_004748,2025-10-04,4.08
emp_004748,2025-07-06,3.99
emp_004748,2025-04-07,3.86
emp_004748,2025-01-07,4.37
emp_004748,2024-10-09,4.23
emp_004748,2024-07-11,4.04
emp_004749,2026-04-02,3.69
emp_004749,2026-01-02,2.88
emp_004749,2025-10-04,2.55
emp_004750,2026-04-02,3.13
emp_004750,2026-01-02,3.45
emp_004750,2025-10-04,3.51
emp_004750,2025-07-06,3.15
emp_004751,2026-04-02,4.01
emp_004751,2026-01-02,3.93
emp_004751,2025-10-04,3.3
emp_004751,2025-07-06,3.61
emp_004751,2025-04-07,4.03
emp_004751,2025-01-07,3.5
emp_004751,2024-10-09,3.96
emp_004751,2024-07-11,3.08
emp_004752,2026-04-02,4.22
emp_004752,2026-01-02,3.64
emp_004752,2025-10-04,4.1
emp_004752,2025-07-06,3.98
emp_004752,2025-04-07,4.03
emp_004752,2025-01-07,3.81
emp_004752,2024-10-09,4.85
emp_004752,2024-07-11,3.57
emp_004753,2026-04-02,4.37
emp_004753,2026-01-02,4.06
emp_004753,2025-10-04,3.12
emp_004753,2025-07-06,4.42
emp_004753,2025-04-07,3.68
emp_004753,2025-01-07,3.69
emp_004754,2026-04-02,3.9
emp_004754,2026-01-02,4.09
emp_004754,2025-10-04,3.97
emp_004754,2025-07-06,4.19
emp_004754,2025-04-07,3.68
emp_004754,2025-01-07,4.03
emp_004754,2024-10-09,4.56
emp_004754,2024-07-11,3.62
emp_004755,2026-04-02,3.02
emp_004755,2026-01-02,3.36
emp_004755,2025-10-04,2.18
emp_004755,2025-07-06,2.97
emp_004755,2025-04-07,3.01
emp_004755,2025-01-07,3.39
emp_004755,2024-10-09,2.55
emp_004755,2024-07-11,3.27
emp_004756,2026-04-02,3.99
emp_004756,2026-01-02,3.76
emp_004756,2025-10-04,4.47
emp_004756,2025-07-06,3.97
emp_004756,2025-04-07,4.28
emp_004756,2025-01-07,4.38
emp_004756,2024-10-09,3.4
emp_004756,2024-07-11,3.46
emp_004757,2026-04-02,3.59
emp_004757,2026-01-02,3.7
emp_004757,2025-10-04,3.08
emp_004757,2025-07-06,2.83
emp_004757,2025-04-07,3.97
emp_004758,2026-04-02,3.45
emp_004758,2026-01-02,3.71
emp_004758,2025-10-04,4.32
emp_004758,2025-07-06,3.25
emp_004758,2025-04-07,3.78
emp_004759,2026-04-02,3.39
emp_004759,2026-01-02,3.4
emp_004759,2025-10-04,4.17
emp_004759,2025-07-06,4.01
emp_004759,2025-04-07,3.69
emp_004759,2025-01-07,3.47
emp_004759,2024-10-09,4.08
emp_004759,2024-07-11,3.99
emp_004760,2026-04-02,3.85
emp_004760,2026-01-02,4.15
emp_004760,2025-10-04,3.64
emp_004760,2025-07-06,3.69
emp_004760,2025-04-07,3.79
emp_004760,2025-01-07,4.14
emp_004760,2024-10-09,3.74
emp_004761,2026-04-02,2.19
emp_004761,2026-01-02,3.57
emp_004761,2025-10-04,2.98
emp_004761,2025-07-06,4.12
emp_004761,2025-04-07,3.45
emp_004761,2025-01-07,2.75
emp_004761,2024-10-09,3.82
emp_004761,2024-07-11,3.26
emp_004762,2026-04-02,3.5
emp_004762,2026-01-02,3.19
emp_004762,2025-10-04,3.74
emp_004763,2026-04-02,4.71
emp_004763,2026-01-02,4.17
emp_004763,2025-10-04,4.6
emp_004763,2025-07-06,4.2
emp_004763,2025-04-07,4.43
emp_004763,2025-01-07,4.69
emp_004763,2024-10-09,4.44
emp_004763,2024-07-11,4.42
emp_004764,2026-04-02,4.29
emp_004764,2026-01-02,3.36
emp_004764,2025-10-04,3.26
emp_004764,2025-07-06,4.04
emp_004765,2026-04-02,3.67
emp_004765,2026-01-02,3.33
emp_004765,2025-10-04,3.76
emp_004765,2025-07-06,3.81
emp_004765,2025-04-07,4.22
emp_004765,2025-01-07,4.21
emp_004765,2024-10-09,3.36
emp_004765,2024-07-11,4.34
emp_004766,2026-04-02,3.88
emp_004766,2026-01-02,3.16
emp_004766,2025-10-04,4.54
emp_004766,2025-07-06,4.55
emp_004766,2025-04-07,4.24
emp_004766,2025-01-07,3.71
emp_004766,2024-10-09,4.04
emp_004766,2024-07-11,4.01
emp_004767,2026-04-02,3.53
emp_004767,2026-01-02,3.85
emp_004767,2025-10-04,3.98
emp_004767,2025-07-06,4.03
emp_004767,2025-04-07,4.46
emp_004767,2025-01-07,3.77
emp_004767,2024-10-09,4.29
emp_004767,2024-07-11,4.1
emp_004768,2026-04-02,3.43
emp_004768,2026-01-02,3.9
emp_004768,2025-10-04,3.88
emp_004768,2025-07-06,4.28
emp_004768,2025-04-07,3.71
emp_004768,2025-01-07,4.23
emp_004768,2024-10-09,3.96
emp_004768,2024-07-11,4.28
emp_004769,2026-04-02,4.39
emp_004769,2026-01-02,4.16
emp_004769,2025-10-04,4.3
emp_004769,2025-07-06,4.2
emp_004769,2025-04-07,3.43
emp_004769,2025-01-07,4.49
emp_004769,2024-10-09,4.08
emp_004769,2024-07-11,4.26
emp_004770,2026-04-02,3.45
emp_004770,2026-01-02,4.38
emp_004770,2025-10-04,4.11
emp_004770,2025-07-06,4.05
emp_004770,2025-04-07,4.44
emp_004770,2025-01-07,4.48
emp_004770,2024-10-09,4.21
emp_004770,2024-07-11,3.94
emp_004771,2026-04-02,4.04
emp_004771,2026-01-02,3.59
emp_004771,2025-10-04,3.84
emp_004771,2025-07-06,4.37
emp_004771,2025-04-07,3.77
emp_004771,2025-01-07,4.41
emp_004771,2024-10-09,4.81
emp_004771,2024-07-11,3.98
emp_004772,2026-04-02,4.25
emp_004772,2026-01-02,4.12
emp_004772,2025-10-04,4.34
emp_004772,2025-07-06,3.96
emp_004772,2025-04-07,4.67
emp_004773,2026-04-02,3.66
emp_004773,2026-01-02,3.56
emp_004773,2025-10-04,3.82
emp_004773,2025-07-06,3.72
emp_004773,2025-04-07,3.61
emp_004773,2025-01-07,3.41
emp_004773,2024-10-09,3.28
emp_004773,2024-07-11,4.28
emp_004774,2026-04-02,3.39
emp_004774,2026-01-02,4.7
emp_004774,2025-10-04,4.42
emp_004774,2025-07-06,3.88
emp_004774,2025-04-07,4.69
emp_004774,2025-01-07,4.57
emp_004775,2026-04-02,3.64
emp_004775,2026-01-02,3.59
emp_004775,2025-10-04,3.75
emp_004775,2025-07-06,3.97
emp_004775,2025-04-07,3.68
emp_004775,2025-01-07,3.79
emp_004775,2024-10-09,4.02
emp_004775,2024-07-11,3.35
emp_004776,2026-04-02,4.05
emp_004776,2026-01-02,3.96
emp_004776,2025-10-04,3.53
emp_004776,2025-07-06,4.05
emp_004776,2025-04-07,4.25
emp_004776,2025-01-07,4.11
emp_004776,2024-10-09,3.84
emp_004777,2026-04-02,4.4
emp_004777,2026-01-02,4.48
emp_004777,2025-10-04,4.59
emp_004777,2025-07-06,4.29
emp_004777,2025-04-07,4.25
emp_004777,2025-01-07,4.13
emp_004777,2024-10-09,4.55
emp_004777,2024-07-11,3.68
emp_004778,2026-04-02,3.86
emp_004778,2026-01-02,2.82
emp_004778,2025-10-04,3.56
emp_004778,2025-07-06,3.3
emp_004778,2025-04-07,3.33
emp_004778,2025-01-07,3.91
emp_004778,2024-10-09,3.8
emp_004778,2024-07-11,3.7
emp_004779,2026-04-02,3.11
emp_004779,2026-01-02,3.6
emp_004779,2025-10-04,2.52
emp_004779,2025-07-06,3.66
emp_004779,2025-04-07,3.53
emp_004779,2025-01-07,3.12
emp_004779,2024-10-09,3.43
emp_004779,2024-07-11,3.22
emp_004780,2026-04-02,4.15
emp_004780,2026-01-02,4.27
emp_004780,2025-10-04,4.19
emp_004780,2025-07-06,3.82
emp_004780,2025-04-07,4.57
emp_004780,2025-01-07,4.55
emp_004780,2024-10-09,4.42
emp_004780,2024-07-11,4.17
emp_004781,2026-04-02,3.96
emp_004781,2026-01-02,3.28
emp_004781,2025-10-04,3.32
emp_004782,2026-04-02,4.13
emp_004782,2026-01-02,3.79
emp_004782,2025-10-04,3.8
emp_004782,2025-07-06,3.91
emp_004782,2025-04-07,3.85
emp_004782,2025-01-07,3.59
emp_004782,2024-10-09,3.72
emp_004782,2024-07-11,3.54
emp_004783,2026-04-02,3.8
emp_004783,2026-01-02,3.75
emp_004783,2025-10-04,3.71
emp_004783,2025-07-06,3.78
emp_004783,2025-04-07,3.87
emp_004783,2025-01-07,4.41
emp_004783,2024-10-09,3.41
emp_004783,2024-07-11,3.62
emp_004784,2026-04-02,3.63
emp_004784,2026-01-02,4.12
emp_004784,2025-10-04,5.0
emp_004784,2025-07-06,3.82
emp_004784,2025-04-07,3.83
emp_004784,2025-01-07,4.27
emp_004784,2024-10-09,4.0
emp_004784,2024-07-11,4.44
emp_004785,2026-04-02,4.27
emp_004785,2026-01-02,4.16
emp_004785,2025-10-04,4.5
emp_004785,2025-07-06,3.95
emp_004785,2025-04-07,4.4
emp_004785,2025-01-07,4.56
emp_004785,2024-10-09,4.25
emp_004785,2024-07-11,3.93
emp_004786,2026-04-02,4.04
emp_004786,2026-01-02,4.33
emp_004786,2025-10-04,3.93
emp_004786,2025-07-06,3.43
emp_004786,2025-04-07,4.39
emp_004786,2025-01-07,3.48
emp_004786,2024-10-09,3.85
emp_004786,2024-07-11,4.29
emp_004787,2026-04-02,4.27
emp_004787,2026-01-02,4.16
emp_004787,2025-10-04,4.19
emp_004787,2025-07-06,4.39
emp_004787,2025-04-07,4.94
emp_004788,2026-04-02,4.31
emp_004788,2026-01-02,3.7
emp_004788,2025-10-04,3.87
emp_004788,2025-07-06,4.23
emp_004788,2025-04-07,4.4
emp_004788,2025-01-07,4.1
emp_004788,2024-10-09,4.43
emp_004788,2024-07-11,4.0
emp_004789,2026-04-02,4.18
emp_004789,2026-01-02,3.84
emp_004789,2025-10-04,4.28
emp_004789,2025-07-06,4.42
emp_004789,2025-04-07,4.03
emp_004790,2026-04-02,4.0
emp_004790,2026-01-02,4.3
emp_004790,2025-10-04,4.1
emp_004790,2025-07-06,4.83
emp_004790,2025-04-07,3.94
emp_004790,2025-01-07,3.91
emp_004790,2024-10-09,3.39
emp_004790,2024-07-11,4.25
emp_004791,2026-04-02,4.27
emp_004791,2026-01-02,3.99
emp_004791,2025-10-04,4.41
emp_004791,2025-07-06,4.19
emp_004791,2025-04-07,3.7
emp_004791,2025-01-07,3.94
emp_004791,2024-10-09,4.19
emp_004791,2024-07-11,4.11
emp_004792,2026-04-02,3.75
emp_004792,2026-01-02,4.52
emp_004792,2025-10-04,3.67
emp_004792,2025-07-06,4.24
emp_004792,2025-04-07,3.96
emp_004792,2025-01-07,4.41
emp_004793,2026-04-02,4.26
emp_004793,2026-01-02,4.29
emp_004793,2025-10-04,3.84
emp_004793,2025-07-06,3.54
emp_004793,2025-04-07,3.49
emp_004794,2026-04-02,4.18
emp_004794,2026-01-02,4.24
emp_004794,2025-10-04,4.61
emp_004794,2025-07-06,4.38
emp_004794,2025-04-07,3.36
emp_004795,2026-04-02,4.01
emp_004795,2026-01-02,4.26
emp_004795,2025-10-04,3.75
emp_004795,2025-07-06,3.96
emp_004795,2025-04-07,3.95
emp_004795,2025-01-07,4.16
emp_004795,2024-10-09,3.94
emp_004795,2024-07-11,4.53
emp_004796,2026-04-02,3.14
emp_004796,2026-01-02,3.66
emp_004796,2025-10-04,3.06
emp_004796,2025-07-06,3.3
emp_004796,2025-04-07,3.21
emp_004797,2026-04-02,4.36
emp_004797,2026-01-02,4.91
emp_004797,2025-10-04,4.24
emp_004797,2025-07-06,3.67
emp_004797,2025-04-07,4.7
emp_004797,2025-01-07,4.22
emp_004797,2024-10-09,4.8
emp_004797,2024-07-11,4.76
emp_004798,2026-04-02,4.28
emp_004798,2026-01-02,3.82
emp_004798,2025-10-04,3.97
emp_004798,2025-07-06,3.48
emp_004798,2025-04-07,4.29
emp_004798,2025-01-07,3.38
emp_004798,2024-10-09,4.67
emp_004798,2024-07-11,4.18
emp_004799,2026-04-02,3.82
emp_004799,2026-01-02,3.74
emp_004799,2025-10-04,3.68
emp_004799,2025-07-06,3.49
emp_004799,2025-04-07,3.8
emp_004799,2025-01-07,3.89
emp_004799,2024-10-09,4.1
emp_004799,2024-07-11,3.61
emp_004800,2026-04-02,4.62
emp_004800,2026-01-02,3.93
emp_004800,2025-10-04,4.34
emp_004800,2025-07-06,3.76
emp_004800,2025-04-07,4.25
emp_004800,2025-01-07,4.65
emp_004800,2024-10-09,4.36
emp_004800,2024-07-11,4.34
emp_004801,2026-04-02,3.58
emp_004801,2026-01-02,4.8
emp_004801,2025-10-04,3.47
emp_004801,2025-07-06,3.92
emp_004801,2025-04-07,3.88
emp_004801,2025-01-07,3.57
emp_004801,2024-10-09,4.24
emp_004801,2024-07-11,4.09
emp_004802,2026-04-02,3.92
emp_004802,2026-01-02,3.54
emp_004802,2025-10-04,4.11
emp_004802,2025-07-06,3.59
emp_004802,2025-04-07,3.53
emp_004802,2025-01-07,3.34
emp_004803,2026-04-02,3.66
emp_004803,2026-01-02,3.47
emp_004803,2025-10-04,3.8
emp_004803,2025-07-06,3.61
emp_004803,2025-04-07,3.85
emp_004803,2025-01-07,3.67
emp_004803,2024-10-09,2.84
emp_004803,2024-07-11,3.69
emp_004804,2026-04-02,4.2
emp_004804,2026-01-02,4.01
emp_004804,2025-10-04,3.94
emp_004804,2025-07-06,4.04
emp_004805,2026-04-02,4.18
emp_004805,2026-01-02,4.84
emp_004805,2025-10-04,3.95
emp_004805,2025-07-06,4.58
emp_004805,2025-04-07,4.28
emp_004805,2025-01-07,4.57
emp_004805,2024-10-09,3.54
emp_004805,2024-07-11,4.29
emp_004806,2026-04-02,4.01
emp_004806,2026-01-02,3.93
emp_004806,2025-10-04,3.71
emp_004806,2025-07-06,3.21
emp_004806,2025-04-07,3.38
emp_004806,2025-01-07,3.62
emp_004806,2024-10-09,2.69
emp_004806,2024-07-11,2.77
emp_004807,2026-04-02,4.34
emp_004807,2026-01-02,3.77
emp_004807,2025-10-04,4.37
emp_004807,2025-07-06,3.74
emp_004807,2025-04-07,4.26
emp_004807,2025-01-07,4.36
emp_004807,2024-10-09,4.14
emp_004807,2024-07-11,4.14
emp_004808,2026-04-02,4.52
emp_004808,2026-01-02,3.85
emp_004808,2025-10-04,3.92
emp_004809,2026-04-02,3.51
emp_004809,2026-01-02,3.65
emp_004809,2025-10-04,4.39
emp_004809,2025-07-06,4.14
emp_004809,2025-04-07,3.03
emp_004809,2025-01-07,4.36
emp_004809,2024-10-09,3.33
emp_004810,2026-04-02,3.78
emp_004810,2026-01-02,3.53
emp_004810,2025-10-04,3.65
emp_004810,2025-07-06,4.02
emp_004810,2025-04-07,4.24
emp_004810,2025-01-07,4.44
emp_004811,2026-04-02,4.05
emp_004811,2026-01-02,4.22
emp_004811,2025-10-04,3.74
emp_004811,2025-07-06,4.53
emp_004811,2025-04-07,3.42
emp_004812,2026-04-02,4.35
emp_004812,2026-01-02,3.75
emp_004812,2025-10-04,4.07
emp_004812,2025-07-06,4.29
emp_004812,2025-04-07,4.18
emp_004812,2025-01-07,3.46
emp_004812,2024-10-09,3.61
emp_004812,2024-07-11,3.61
emp_004813,2026-04-02,4.18
emp_004814,2026-04-02,3.34
emp_004814,2026-01-02,4.13
emp_004814,2025-10-04,4.11
emp_004815,2026-04-02,4.21
emp_004815,2026-01-02,4.34
emp_004815,2025-10-04,4.71
emp_004815,2025-07-06,3.82
emp_004815,2025-04-07,3.9
emp_004815,2025-01-07,4.27
emp_004815,2024-10-09,4.07
emp_004815,2024-07-11,3.99
emp_004816,2026-04-02,3.17
emp_004816,2026-01-02,3.71
emp_004816,2025-10-04,3.61
emp_004816,2025-07-06,3.53
emp_004816,2025-04-07,3.69
emp_004816,2025-01-07,3.41
emp_004816,2024-10-09,3.74
emp_004816,2024-07-11,3.84
emp_004817,2026-04-02,4.34
emp_004817,2026-01-02,3.53
emp_004817,2025-10-04,4.08
emp_004817,2025-07-06,3.62
emp_004817,2025-04-07,3.27
emp_004817,2025-01-07,3.58
emp_004817,2024-10-09,3.49
emp_004817,2024-07-11,3.44
emp_004818,2026-04-02,4.07
emp_004818,2026-01-02,3.77
emp_004818,2025-10-04,3.57
emp_004819,2026-04-02,4.22
emp_004819,2026-01-02,3.95
emp_004819,2025-10-04,4.47
emp_004819,2025-07-06,4.3
emp_004819,2025-04-07,3.49
emp_004819,2025-01-07,4.65
emp_004819,2024-10-09,3.86
emp_004819,2024-07-11,3.85
emp_004820,2026-04-02,4.04
emp_004820,2026-01-02,4.16
emp_004820,2025-10-04,4.2
emp_004820,2025-07-06,4.08
emp_004820,2025-04-07,4.04
emp_004820,2025-01-07,4.04
emp_004820,2024-10-09,3.69
emp_004820,2024-07-11,3.9
emp_004821,2026-04-02,3.58
emp_004821,2026-01-02,3.74
emp_004821,2025-10-04,4.05
emp_004821,2025-07-06,3.82
emp_004821,2025-04-07,3.64
emp_004821,2025-01-07,4.06
emp_004821,2024-10-09,3.81
emp_004822,2026-04-02,3.96
emp_004822,2026-01-02,3.09
emp_004822,2025-10-04,3.67
emp_004823,2026-04-02,3.78
emp_004823,2026-01-02,3.68
emp_004823,2025-10-04,4.12
emp_004823,2025-07-06,3.81
emp_004823,2025-04-07,3.67
emp_004823,2025-01-07,3.97
emp_004824,2026-04-02,3.47
emp_004824,2026-01-02,4.1
emp_004824,2025-10-04,3.39
emp_004824,2025-07-06,3.93
emp_004824,2025-04-07,3.74
emp_004824,2025-01-07,3.97
emp_004824,2024-10-09,3.78
emp_004824,2024-07-11,3.76
emp_004825,2026-04-02,3.11
emp_004825,2026-01-02,3.84
emp_004825,2025-10-04,3.55
emp_004825,2025-07-06,3.77
emp_004825,2025-04-07,3.5
emp_004826,2026-04-02,3.5
emp_004827,2026-04-02,3.8
emp_004827,2026-01-02,3.99
emp_004827,2025-10-04,3.42
emp_004827,2025-07-06,4.06
emp_004827,2025-04-07,4.08
emp_004827,2025-01-07,3.65
emp_004827,2024-10-09,4.24
emp_004827,2024-07-11,3.26
emp_004828,2026-04-02,3.86
emp_004828,2026-01-02,4.09
emp_004828,2025-10-04,3.46
emp_004828,2025-07-06,3.54
emp_004828,2025-04-07,3.23
emp_004828,2025-01-07,3.49
emp_004828,2024-10-09,3.64
emp_004828,2024-07-11,3.7
emp_004829,2026-04-02,2.55
emp_004829,2026-01-02,2.49
emp_004829,2025-10-04,2.72
emp_004829,2025-07-06,2.77
emp_004829,2025-04-07,3.5
emp_004829,2025-01-07,3.06
emp_004829,2024-10-09,3.03
emp_004830,2026-04-02,4.08
emp_004830,2026-01-02,3.09
emp_004830,2025-10-04,3.45
emp_004830,2025-07-06,3.41
emp_004830,2025-04-07,3.56
emp_004831,2026-04-02,3.67
emp_004831,2026-01-02,3.48
emp_004831,2025-10-04,3.6
emp_004831,2025-07-06,3.21
emp_004831,2025-04-07,2.94
emp_004831,2025-01-07,3.38
emp_004832,2026-04-02,3.96
emp_004832,2026-01-02,4.32
emp_004832,2025-10-04,4.15
emp_004832,2025-07-06,4.42
emp_004832,2025-04-07,4.32
emp_004832,2025-01-07,3.95
emp_004832,2024-10-09,4.26
emp_004832,2024-07-11,4.5
emp_004833,2026-04-02,3.95
emp_004833,2026-01-02,4.42
emp_004833,2025-10-04,4.12
emp_004833,2025-07-06,4.51
emp_004833,2025-04-07,4.03
emp_004833,2025-01-07,4.52
emp_004833,2024-10-09,4.01
emp_004834,2026-04-02,3.88
emp_004834,2026-01-02,3.51
emp_004834,2025-10-04,4.39
emp_004834,2025-07-06,3.95
emp_004834,2025-04-07,4.15
emp_004834,2025-01-07,3.94
emp_004834,2024-10-09,3.89
emp_004834,2024-07-11,4.21
emp_004835,2026-04-02,3.29
emp_004835,2026-01-02,3.8
emp_004835,2025-10-04,3.25
emp_004835,2025-07-06,3.39
emp_004835,2025-04-07,3.54
emp_004836,2026-04-02,4.15
emp_004836,2026-01-02,3.4
emp_004836,2025-10-04,3.83
emp_004836,2025-07-06,3.55
emp_004836,2025-04-07,3.55
emp_004836,2025-01-07,3.35
emp_004836,2024-10-09,3.4
emp_004836,2024-07-11,3.62
emp_004837,2026-04-02,3.68
emp_004837,2026-01-02,3.57
emp_004837,2025-10-04,3.3
emp_004837,2025-07-06,3.45
emp_004837,2025-04-07,4.4
emp_004837,2025-01-07,3.88
emp_004837,2024-10-09,4.16
emp_004837,2024-07-11,4.21
emp_004838,2026-04-02,3.93
emp_004838,2026-01-02,4.31
emp_004838,2025-10-04,3.74
emp_004838,2025-07-06,3.63
emp_004838,2025-04-07,3.45
emp_004838,2025-01-07,4.42
emp_004838,2024-10-09,4.1
emp_004838,2024-07-11,4.6
emp_004839,2026-04-02,4.16
emp_004839,2026-01-02,3.77
emp_004839,2025-10-04,4.32
emp_004839,2025-07-06,3.45
emp_004839,2025-04-07,4.04
emp_004839,2025-01-07,4.64
emp_004840,2026-04-02,4.22
emp_004840,2026-01-02,3.69
emp_004840,2025-10-04,4.53
emp_004840,2025-07-06,3.94
emp_004840,2025-04-07,3.88
emp_004840,2025-01-07,4.69
emp_004840,2024-10-09,4.41
emp_004840,2024-07-11,4.29
emp_004841,2026-04-02,3.75
emp_004841,2026-01-02,3.95
emp_004841,2025-10-04,4.06
emp_004841,2025-07-06,3.8
emp_004841,2025-04-07,4.01
emp_004841,2025-01-07,3.71
emp_004841,2024-10-09,4.4
emp_004841,2024-07-11,4.12
emp_004842,2026-04-02,4.06
emp_004842,2026-01-02,4.28
emp_004843,2026-04-02,4.44
emp_004843,2026-01-02,4.16
emp_004843,2025-10-04,4.89
emp_004843,2025-07-06,3.97
emp_004843,2025-04-07,4.44
emp_004843,2025-01-07,3.89
emp_004843,2024-10-09,4.42
emp_004843,2024-07-11,4.86
emp_004844,2026-04-02,4.0
emp_004844,2026-01-02,4.11
emp_004844,2025-10-04,3.54
emp_004844,2025-07-06,2.89
emp_004844,2025-04-07,3.66
emp_004844,2025-01-07,3.19
emp_004845,2026-04-02,3.52
emp_004845,2026-01-02,3.82
emp_004845,2025-10-04,3.66
emp_004845,2025-07-06,3.64
emp_004845,2025-04-07,3.49
emp_004845,2025-01-07,3.5
emp_004845,2024-10-09,3.53
emp_004845,2024-07-11,3.45
emp_004846,2026-04-02,3.44
emp_004846,2026-01-02,3.46
emp_004846,2025-10-04,3.44
emp_004846,2025-07-06,3.92
emp_004846,2025-04-07,2.95
emp_004846,2025-01-07,3.01
emp_004846,2024-10-09,3.87
emp_004846,2024-07-11,3.52
emp_004847,2026-04-02,3.65
emp_004847,2026-01-02,4.2
emp_004847,2025-10-04,4.39
emp_004848,2026-04-02,3.51
emp_004848,2026-01-02,3.54
emp_004848,2025-10-04,3.84
emp_004848,2025-07-06,3.67
emp_004848,2025-04-07,3.41
emp_004848,2025-01-07,3.34
emp_004848,2024-10-09,3.86
emp_004848,2024-07-11,3.13
emp_004849,2026-04-02,3.97
emp_004849,2026-01-02,3.7
emp_004849,2025-10-04,3.64
emp_004849,2025-07-06,3.75
emp_004849,2025-04-07,3.26
emp_004849,2025-01-07,4.07
emp_004849,2024-10-09,3.82
emp_004849,2024-07-11,3.27
emp_004850,2026-04-02,3.53
emp_004850,2026-01-02,4.22
emp_004850,2025-10-04,3.74
emp_004850,2025-07-06,4.13
emp_004850,2025-04-07,4.45
emp_004850,2025-01-07,4.13
emp_004850,2024-10-09,4.39
emp_004850,2024-07-11,4.36
emp_004851,2026-04-02,4.03
emp_004852,2026-04-02,3.48
emp_004852,2026-01-02,3.37
emp_004852,2025-10-04,3.51
emp_004852,2025-07-06,3.55
emp_004852,2025-04-07,3.53
emp_004852,2025-01-07,3.81
emp_004852,2024-10-09,3.44
emp_004852,2024-07-11,2.83
emp_004853,2026-04-02,3.86
emp_004853,2026-01-02,3.83
emp_004853,2025-10-04,4.04
emp_004854,2026-04-02,3.66
emp_004854,2026-01-02,3.66
emp_004854,2025-10-04,3.59
emp_004854,2025-07-06,3.2
emp_004854,2025-04-07,3.93
emp_004854,2025-01-07,3.29
emp_004854,2024-10-09,3.52
emp_004854,2024-07-11,3.85
emp_004855,2026-04-02,3.95
emp_004855,2026-01-02,3.84
emp_004856,2026-04-02,3.32
emp_004856,2026-01-02,3.38
emp_004856,2025-10-04,3.88
emp_004856,2025-07-06,3.09
emp_004856,2025-04-07,3.41
emp_004857,2026-04-02,3.62
emp_004857,2026-01-02,3.65
emp_004857,2025-10-04,3.56
emp_004858,2026-04-02,4.28
emp_004858,2026-01-02,3.72
emp_004858,2025-10-04,4.33
emp_004858,2025-07-06,4.16
emp_004858,2025-04-07,4.15
emp_004858,2025-01-07,4.3
emp_004858,2024-10-09,4.3
emp_004858,2024-07-11,3.98
emp_004859,2026-04-02,3.49
emp_004859,2026-01-02,3.48
emp_004859,2025-10-04,3.41
emp_004859,2025-07-06,3.22
emp_004859,2025-04-07,3.33
emp_004859,2025-01-07,4.0
emp_004859,2024-10-09,3.76
emp_004859,2024-07-11,4.39
emp_004860,2026-04-02,3.37
emp_004860,2026-01-02,4.37
emp_004860,2025-10-04,3.38
emp_004860,2025-07-06,3.99
emp_004860,2025-04-07,3.92
emp_004860,2025-01-07,4.01
emp_004860,2024-10-09,3.67
emp_004860,2024-07-11,3.82
emp_004861,2026-04-02,4.0
emp_004861,2026-01-02,4.22
emp_004861,2025-10-04,3.77
emp_004861,2025-07-06,3.99
emp_004861,2025-04-07,4.19
emp_004861,2025-01-07,4.17
emp_004861,2024-10-09,3.86
emp_004861,2024-07-11,4.05
emp_004862,2026-04-02,4.07
emp_004862,2026-01-02,3.76
emp_004862,2025-10-04,3.59
emp_004862,2025-07-06,3.57
emp_004862,2025-04-07,4.02
emp_004862,2025-01-07,3.78
emp_004862,2024-10-09,3.41
emp_004862,2024-07-11,3.36
emp_004863,2026-04-02,3.67
emp_004863,2026-01-02,3.64
emp_004863,2025-10-04,4.01
emp_004863,2025-07-06,4.0
emp_004863,2025-04-07,3.61
emp_004863,2025-01-07,3.78
emp_004863,2024-10-09,3.93
emp_004863,2024-07-11,4.12
emp_004864,2026-04-02,4.08
emp_004864,2026-01-02,3.74
emp_004864,2025-10-04,3.64
emp_004864,2025-07-06,3.3
emp_004864,2025-04-07,4.3
emp_004864,2025-01-07,4.08
emp_004864,2024-10-09,3.71
emp_004864,2024-07-11,3.86
emp_004865,2026-04-02,4.28
emp_004865,2026-01-02,3.68
emp_004865,2025-10-04,3.83
emp_004865,2025-07-06,3.78
emp_004865,2025-04-07,4.05
emp_004865,2025-01-07,3.95
emp_004865,2024-10-09,3.76
emp_004865,2024-07-11,3.74
emp_004866,2026-04-02,4.04
emp_004866,2026-01-02,3.4
emp_004866,2025-10-04,3.31
emp_004866,2025-07-06,4.01
emp_004866,2025-04-07,3.06
emp_004866,2025-01-07,3.24
emp_004866,2024-10-09,3.66
emp_004866,2024-07-11,2.99
emp_004867,2026-04-02,3.77
emp_004867,2026-01-02,3.86
emp_004867,2025-10-04,4.39
emp_004867,2025-07-06,3.88
emp_004867,2025-04-07,4.4
emp_004867,2025-01-07,3.82
emp_004867,2024-10-09,4.07
emp_004867,2024-07-11,4.14
emp_004868,2026-04-02,3.69
emp_004868,2026-01-02,4.11
emp_004868,2025-10-04,4.39
emp_004868,2025-07-06,3.55
emp_004868,2025-04-07,3.89
emp_004868,2025-01-07,3.47
emp_004868,2024-10-09,3.52
emp_004868,2024-07-11,3.79
emp_004869,2026-04-02,4.02
emp_004869,2026-01-02,4.01
emp_004869,2025-10-04,3.39
emp_004869,2025-07-06,3.91
emp_004870,2026-04-02,3.87
emp_004870,2026-01-02,3.62
emp_004870,2025-10-04,3.6
emp_004871,2026-04-02,4.06
emp_004871,2026-01-02,4.35
emp_004871,2025-10-04,3.86
emp_004871,2025-07-06,3.8
emp_004871,2025-04-07,3.56
emp_004871,2025-01-07,3.54
emp_004871,2024-10-09,3.62
emp_004871,2024-07-11,3.75
emp_004872,2026-04-02,4.35
emp_004872,2026-01-02,4.31
emp_004872,2025-10-04,3.62
emp_004872,2025-07-06,4.16
emp_004872,2025-04-07,4.35
emp_004872,2025-01-07,4.57
emp_004872,2024-10-09,4.1
emp_004872,2024-07-11,3.42
emp_004873,2026-04-02,2.67
emp_004873,2026-01-02,3.03
emp_004873,2025-10-04,3.46
emp_004873,2025-07-06,2.77
emp_004873,2025-04-07,3.75
emp_004873,2025-01-07,3.08
emp_004873,2024-10-09,3.32
emp_004873,2024-07-11,3.96
emp_004874,2026-04-02,4.12
emp_004875,2026-04-02,3.18
emp_004875,2026-01-02,3.6
emp_004875,2025-10-04,4.66
emp_004875,2025-07-06,3.65
emp_004875,2025-04-07,3.78
emp_004875,2025-01-07,3.43
emp_004876,2026-04-02,4.21
emp_004876,2026-01-02,3.5
emp_004876,2025-10-04,3.52
emp_004876,2025-07-06,3.98
emp_004876,2025-04-07,4.32
emp_004876,2025-01-07,4.38
emp_004876,2024-10-09,4.02
emp_004876,2024-07-11,3.98
emp_004877,2026-04-02,4.31
emp_004877,2026-01-02,4.13
emp_004877,2025-10-04,3.26
emp_004877,2025-07-06,3.85
emp_004877,2025-04-07,4.19
emp_004877,2025-01-07,3.98
emp_004877,2024-10-09,3.94
emp_004877,2024-07-11,4.55
emp_004878,2026-04-02,4.55
emp_004878,2026-01-02,4.48
emp_004878,2025-10-04,4.23
emp_004879,2026-04-02,3.35
emp_004879,2026-01-02,3.39
emp_004879,2025-10-04,3.46
emp_004879,2025-07-06,3.61
emp_004879,2025-04-07,3.35
emp_004879,2025-01-07,3.97
emp_004879,2024-10-09,3.36
emp_004879,2024-07-11,3.18
emp_004880,2026-04-02,3.94
emp_004880,2026-01-02,3.45
emp_004880,2025-10-04,4.71
emp_004880,2025-07-06,4.23
emp_004880,2025-04-07,4.03
emp_004880,2025-01-07,4.34
emp_004880,2024-10-09,3.8
emp_004881,2026-04-02,4.56
emp_004881,2026-01-02,4.08
emp_004881,2025-10-04,4.18
emp_004881,2025-07-06,4.24
emp_004881,2025-04-07,4.43
emp_004881,2025-01-07,4.42
emp_004881,2024-10-09,4.28
emp_004881,2024-07-11,4.44
emp_004882,2026-04-02,4.14
emp_004882,2026-01-02,4.48
emp_004882,2025-10-04,4.13
emp_004882,2025-07-06,4.92
emp_004882,2025-04-07,3.85
emp_004882,2025-01-07,4.63
emp_004882,2024-10-09,3.96
emp_004882,2024-07-11,4.67
emp_004883,2026-04-02,4.09
emp_004883,2026-01-02,4.38
emp_004883,2025-10-04,3.89
emp_004883,2025-07-06,3.57
emp_004883,2025-04-07,4.07
emp_004883,2025-01-07,3.93
emp_004883,2024-10-09,4.62
emp_004883,2024-07-11,3.59
emp_004884,2026-04-02,3.99
emp_004884,2026-01-02,4.01
emp_004884,2025-10-04,4.37
emp_004884,2025-07-06,3.72
emp_004884,2025-04-07,3.91
emp_004884,2025-01-07,3.8
emp_004884,2024-10-09,3.19
emp_004884,2024-07-11,3.77
emp_004885,2026-04-02,4.3
emp_004885,2026-01-02,4.25
emp_004885,2025-10-04,3.52
emp_004885,2025-07-06,3.79
emp_004885,2025-04-07,3.44
emp_004885,2025-01-07,3.9
emp_004885,2024-10-09,4.39
emp_004886,2026-04-02,3.56
emp_004886,2026-01-02,3.15
emp_004886,2025-10-04,3.83
emp_004886,2025-07-06,4.08
emp_004886,2025-04-07,3.95
emp_004886,2025-01-07,3.46
emp_004886,2024-10-09,3.27
emp_004886,2024-07-11,3.5
emp_004887,2026-04-02,3.64
emp_004887,2026-01-02,3.55
emp_004887,2025-10-04,3.27
emp_004887,2025-07-06,3.3
emp_004888,2026-04-02,4.58
emp_004888,2026-01-02,3.97
emp_004888,2025-10-04,4.17
emp_004888,2025-07-06,3.95
emp_004888,2025-04-07,4.2
emp_004888,2025-01-07,3.24
emp_004888,2024-10-09,4.07
emp_004889,2026-04-02,3.65
emp_004889,2026-01-02,3.63
emp_004889,2025-10-04,3.36
emp_004889,2025-07-06,3.75
emp_004889,2025-04-07,3.51
emp_004889,2025-01-07,3.13
emp_004889,2024-10-09,4.01
emp_004889,2024-07-11,4.13
emp_004890,2026-04-02,4.0
emp_004890,2026-01-02,3.24
emp_004890,2025-10-04,3.06
emp_004890,2025-07-06,4.23
emp_004890,2025-04-07,4.24
emp_004890,2025-01-07,4.37
emp_004890,2024-10-09,3.78
emp_004890,2024-07-11,4.27
emp_004891,2026-04-02,3.98
emp_004891,2026-01-02,4.66
emp_004891,2025-10-04,3.78
emp_004891,2025-07-06,4.79
emp_004891,2025-04-07,4.37
emp_004891,2025-01-07,3.63
emp_004891,2024-10-09,4.66
emp_004891,2024-07-11,4.64
emp_004892,2026-04-02,4.07
emp_004892,2026-01-02,4.64
emp_004892,2025-10-04,4.22
emp_004892,2025-07-06,3.64
emp_004892,2025-04-07,3.77
emp_004892,2025-01-07,4.64
emp_004892,2024-10-09,3.96
emp_004892,2024-07-11,4.18
emp_004893,2026-04-02,4.16
emp_004893,2026-01-02,4.48
emp_004893,2025-10-04,3.52
emp_004893,2025-07-06,3.88
emp_004893,2025-04-07,4.12
emp_004893,2025-01-07,4.34
emp_004893,2024-10-09,4.43
emp_004893,2024-07-11,4.13
emp_004894,2026-04-02,4.47
emp_004895,2026-04-02,3.76
emp_004896,2026-04-02,3.89
emp_004896,2026-01-02,4.12
emp_004896,2025-10-04,3.82
emp_004896,2025-07-06,4.12
emp_004896,2025-04-07,3.58
emp_004897,2026-04-02,3.15
emp_004897,2026-01-02,3.36
emp_004897,2025-10-04,4.24
emp_004897,2025-07-06,3.82
emp_004897,2025-04-07,3.94
emp_004897,2025-01-07,3.4
emp_004897,2024-10-09,3.27
emp_004897,2024-07-11,3.69
emp_004898,2026-04-02,4.06
emp_004898,2026-01-02,4.15
emp_004898,2025-10-04,4.33
emp_004898,2025-07-06,4.69
emp_004898,2025-04-07,4.5
emp_004899,2026-04-02,3.75
emp_004899,2026-01-02,3.08
emp_004899,2025-10-04,3.72
emp_004899,2025-07-06,4.47
emp_004899,2025-04-07,4.01
emp_004899,2025-01-07,3.95
emp_004899,2024-10-09,4.45
emp_004899,2024-07-11,4.12
emp_004900,2026-04-02,3.87
emp_004900,2026-01-02,3.89
emp_004900,2025-10-04,3.28
emp_004901,2026-04-02,4.06
emp_004901,2026-01-02,3.62
emp_004902,2026-04-02,3.74
emp_004902,2026-01-02,3.6
emp_004902,2025-10-04,4.54
emp_004902,2025-07-06,4.14
emp_004902,2025-04-07,3.64
emp_004902,2025-01-07,3.56
emp_004902,2024-10-09,3.82
emp_004902,2024-07-11,4.22
emp_004903,2026-04-02,4.35
emp_004903,2026-01-02,3.4
emp_004903,2025-10-04,4.15
emp_004903,2025-07-06,3.9
emp_004903,2025-04-07,3.5
emp_004903,2025-01-07,4.32
emp_004903,2024-10-09,3.52
emp_004903,2024-07-11,3.87
emp_004904,2026-04-02,4.16
emp_004904,2026-01-02,4.53
emp_004904,2025-10-04,4.21
emp_004904,2025-07-06,4.18
emp_004904,2025-04-07,3.8
emp_004905,2026-04-02,3.65
emp_004905,2026-01-02,4.4
emp_004905,2025-10-04,3.75
emp_004905,2025-07-06,3.94
emp_004905,2025-04-07,3.78
emp_004905,2025-01-07,3.29
emp_004905,2024-10-09,3.89
emp_004906,2026-04-02,4.12
emp_004906,2026-01-02,3.79
emp_004907,2026-04-02,3.54
emp_004907,2026-01-02,3.55
emp_004907,2025-10-04,3.62
emp_004907,2025-07-06,3.92
emp_004907,2025-04-07,3.02
emp_004907,2025-01-07,3.86
emp_004907,2024-10-09,3.61
emp_004907,2024-07-11,3.82
emp_004908,2026-04-02,4.92
emp_004908,2026-01-02,4.18
emp_004908,2025-10-04,4.24
emp_004908,2025-07-06,3.93
emp_004908,2025-04-07,3.6
emp_004908,2025-01-07,3.85
emp_004909,2026-04-02,4.45
emp_004909,2026-01-02,4.4
emp_004909,2025-10-04,4.24
emp_004909,2025-07-06,4.55
emp_004909,2025-04-07,4.03
emp_004909,2025-01-07,4.0
emp_004909,2024-10-09,3.65
emp_004909,2024-07-11,4.76
emp_004910,2026-04-02,3.89
emp_004910,2026-01-02,4.56
emp_004910,2025-10-04,3.78
emp_004910,2025-07-06,3.56
emp_004910,2025-04-07,3.45
emp_004910,2025-01-07,4.06
emp_004910,2024-10-09,3.2
emp_004910,2024-07-11,3.31
emp_004911,2026-04-02,3.25
emp_004911,2026-01-02,3.74
emp_004911,2025-10-04,3.55
emp_004911,2025-07-06,3.87
emp_004911,2025-04-07,3.69
emp_004911,2025-01-07,3.72
emp_004911,2024-10-09,3.2
emp_004911,2024-07-11,3.76
emp_004912,2026-04-02,3.07
emp_004912,2026-01-02,4.08
emp_004912,2025-10-04,3.91
emp_004912,2025-07-06,3.96
emp_004912,2025-04-07,3.18
emp_004912,2025-01-07,4.06
emp_004912,2024-10-09,3.89
emp_004912,2024-07-11,3.78
emp_004913,2026-04-02,3.28
emp_004913,2026-01-02,4.16
emp_004913,2025-10-04,3.38
emp_004913,2025-07-06,3.63
emp_004913,2025-04-07,3.25
emp_004913,2025-01-07,3.54
emp_004913,2024-10-09,3.28
emp_004913,2024-07-11,3.91
emp_004914,2026-04-02,4.49
emp_004914,2026-01-02,3.78
emp_004914,2025-10-04,3.65
emp_004914,2025-07-06,3.97
emp_004914,2025-04-07,3.88
emp_004914,2025-01-07,4.21
emp_004914,2024-10-09,4.22
emp_004914,2024-07-11,3.46
emp_004915,2026-04-02,3.75
emp_004915,2026-01-02,3.81
emp_004915,2025-10-04,3.83
emp_004915,2025-07-06,4.5
emp_004915,2025-04-07,3.91
emp_004916,2026-04-02,4.06
emp_004916,2026-01-02,3.35
emp_004916,2025-10-04,3.8
emp_004916,2025-07-06,3.08
emp_004916,2025-04-07,3.07
emp_004916,2025-01-07,3.27
emp_004916,2024-10-09,4.03
emp_004916,2024-07-11,3.29
emp_004917,2026-04-02,4.08
emp_004917,2026-01-02,3.55
emp_004917,2025-10-04,3.67
emp_004917,2025-07-06,3.74
emp_004917,2025-04-07,4.43
emp_004917,2025-01-07,4.19
emp_004917,2024-10-09,3.71
emp_004917,2024-07-11,4.08
emp_004918,2026-04-02,3.33
emp_004918,2026-01-02,3.3
emp_004918,2025-10-04,3.53
emp_004918,2025-07-06,3.19
emp_004918,2025-04-07,3.92
emp_004918,2025-01-07,3.43
emp_004918,2024-10-09,3.95
emp_004918,2024-07-11,3.88
emp_004919,2026-04-02,3.99
emp_004919,2026-01-02,3.53
emp_004919,2025-10-04,3.69
emp_004919,2025-07-06,3.87
emp_004919,2025-04-07,3.17
emp_004919,2025-01-07,4.56
emp_004919,2024-10-09,4.6
emp_004919,2024-07-11,3.6
emp_004920,2026-04-02,3.99
emp_004920,2026-01-02,4.04
emp_004920,2025-10-04,3.27
emp_004920,2025-07-06,3.58
emp_004920,2025-04-07,4.39
emp_004920,2025-01-07,3.43
emp_004920,2024-10-09,3.62
emp_004920,2024-07-11,4.19
emp_004922,2026-04-02,4.35
emp_004922,2026-01-02,3.75
emp_004922,2025-10-04,4.42
emp_004923,2026-04-02,3.99
emp_004923,2026-01-02,3.19
emp_004923,2025-10-04,4.16
emp_004923,2025-07-06,4.11
emp_004923,2025-04-07,4.43
emp_004923,2025-01-07,4.49
emp_004923,2024-10-09,3.74
emp_004923,2024-07-11,4.0
emp_004924,2026-04-02,3.81
emp_004924,2026-01-02,3.05
emp_004924,2025-10-04,3.2
emp_004924,2025-07-06,3.28
emp_004924,2025-04-07,3.28
emp_004924,2025-01-07,3.0
emp_004925,2026-04-02,3.62
emp_004925,2026-01-02,3.96
emp_004925,2025-10-04,3.58
emp_004926,2026-04-02,3.02
emp_004926,2026-01-02,3.06
emp_004926,2025-10-04,3.69
emp_004926,2025-07-06,3.5
emp_004926,2025-04-07,3.32
emp_004926,2025-01-07,2.74
emp_004926,2024-10-09,2.97
emp_004926,2024-07-11,3.37
emp_004927,2026-04-02,4.42
emp_004927,2026-01-02,3.57
emp_004927,2025-10-04,4.36
emp_004927,2025-07-06,4.24
emp_004927,2025-04-07,3.86
emp_004927,2025-01-07,3.44
emp_004927,2024-10-09,3.66
emp_004927,2024-07-11,4.42
emp_004928,2026-04-02,3.87
emp_004928,2026-01-02,3.98
emp_004928,2025-10-04,4.37
emp_004928,2025-07-06,3.77
emp_004928,2025-04-07,3.96
emp_004928,2025-01-07,3.74
emp_004929,2026-04-02,4.13
emp_004929,2026-01-02,4.05
emp_004929,2025-10-04,4.34
emp_004929,2025-07-06,3.9
emp_004929,2025-04-07,4.61
emp_004929,2025-01-07,3.94
emp_004929,2024-10-09,3.93
emp_004929,2024-07-11,4.12
emp_004930,2026-04-02,4.01
emp_004930,2026-01-02,4.01
emp_004930,2025-10-04,3.83
emp_004930,2025-07-06,4.13
emp_004930,2025-04-07,3.83
emp_004930,2025-01-07,3.79
emp_004930,2024-10-09,3.93
emp_004930,2024-07-11,3.81
emp_004931,2026-04-02,4.02
emp_004931,2026-01-02,4.42
emp_004931,2025-10-04,4.29
emp_004931,2025-07-06,4.5
emp_004931,2025-04-07,4.32
emp_004931,2025-01-07,4.71
emp_004931,2024-10-09,4.45
emp_004931,2024-07-11,4.64
emp_004932,2026-04-02,4.11
emp_004932,2026-01-02,3.72
emp_004932,2025-10-04,4.62
emp_004932,2025-07-06,5.0
emp_004933,2026-04-02,3.45
emp_004933,2026-01-02,3.58
emp_004933,2025-10-04,3.33
emp_004933,2025-07-06,2.92
emp_004933,2025-04-07,3.04
emp_004933,2025-01-07,3.94
emp_004933,2024-10-09,3.84
emp_004933,2024-07-11,4.1
emp_004934,2026-04-02,4.37
emp_004934,2026-01-02,3.8
emp_004934,2025-10-04,4.09
emp_004934,2025-07-06,3.92
emp_004935,2026-04-02,3.34
emp_004935,2026-01-02,3.82
emp_004935,2025-10-04,3.63
emp_004935,2025-07-06,3.48
emp_004935,2025-04-07,3.51
emp_004935,2025-01-07,3.33
emp_004935,2024-10-09,3.76
emp_004935,2024-07-11,2.82
emp_004936,2026-04-02,4.47
emp_004936,2026-01-02,4.07
emp_004936,2025-10-04,4.35
emp_004936,2025-07-06,4.97
emp_004936,2025-04-07,4.12
emp_004936,2025-01-07,4.59
emp_004936,2024-10-09,4.67
emp_004936,2024-07-11,4.42
emp_004937,2026-04-02,3.61
emp_004937,2026-01-02,4.07
emp_004937,2025-10-04,3.38
emp_004937,2025-07-06,3.74
emp_004937,2025-04-07,4.03
emp_004937,2025-01-07,3.44
emp_004937,2024-10-09,4.12
emp_004937,2024-07-11,3.76
emp_004938,2026-04-02,3.61
emp_004938,2026-01-02,4.38
emp_004938,2025-10-04,4.6
emp_004939,2026-04-02,4.05
emp_004939,2026-01-02,3.65
emp_004939,2025-10-04,4.21
emp_004939,2025-07-06,4.37
emp_004939,2025-04-07,3.82
emp_004939,2025-01-07,4.52
emp_004939,2024-10-09,4.27
emp_004939,2024-07-11,3.42
emp_004940,2026-04-02,4.22
emp_004940,2026-01-02,4.17
emp_004940,2025-10-04,4.15
emp_004940,2025-07-06,4.29
emp_004940,2025-04-07,4.47
emp_004940,2025-01-07,4.21
emp_004940,2024-10-09,4.45
emp_004940,2024-07-11,3.74
emp_004941,2026-04-02,4.21
emp_004941,2026-01-02,4.36
emp_004941,2025-10-04,4.58
emp_004941,2025-07-06,3.73
emp_004941,2025-04-07,4.05
emp_004941,2025-01-07,3.92
emp_004941,2024-10-09,3.48
emp_004941,2024-07-11,4.03
emp_004942,2026-04-02,3.24
emp_004942,2026-01-02,3.79
emp_004942,2025-10-04,3.69
emp_004942,2025-07-06,3.72
emp_004942,2025-04-07,3.88
emp_004942,2025-01-07,4.05
emp_004942,2024-10-09,3.63
emp_004942,2024-07-11,4.03
emp_004943,2026-04-02,4.27
emp_004943,2026-01-02,4.05
emp_004943,2025-10-04,3.82
emp_004943,2025-07-06,3.71
emp_004943,2025-04-07,4.39
emp_004943,2025-01-07,3.58
emp_004943,2024-10-09,3.97
emp_004943,2024-07-11,4.0
emp_004944,2026-04-02,3.51
emp_004944,2026-01-02,3.71
emp_004944,2025-10-04,3.6
emp_004944,2025-07-06,2.66
emp_004944,2025-04-07,4.27
emp_004944,2025-01-07,3.35
emp_004944,2024-10-09,3.64
emp_004944,2024-07-11,3.54
emp_004945,2026-04-02,3.79
emp_004945,2026-01-02,3.35
emp_004945,2025-10-04,3.9
emp_004945,2025-07-06,3.88
emp_004945,2025-04-07,3.51
emp_004945,2025-01-07,3.98
emp_004945,2024-10-09,3.58
emp_004945,2024-07-11,3.72
emp_004946,2026-04-02,3.53
emp_004946,2026-01-02,3.69
emp_004946,2025-10-04,4.19
emp_004946,2025-07-06,3.62
emp_004946,2025-04-07,3.36
emp_004946,2025-01-07,3.81
emp_004946,2024-10-09,3.42
emp_004946,2024-07-11,3.64
emp_004947,2026-04-02,3.39
emp_004947,2026-01-02,3.38
emp_004947,2025-10-04,3.63
emp_004947,2025-07-06,3.45
emp_004947,2025-04-07,3.5
emp_004947,2025-01-07,4.11
emp_004947,2024-10-09,3.76
emp_004947,2024-07-11,3.27
emp_004948,2026-04-02,4.6
emp_004948,2026-01-02,3.84
emp_004948,2025-10-04,3.28
emp_004948,2025-07-06,4.26
emp_004948,2025-04-07,3.57
emp_004948,2025-01-07,3.64
emp_004948,2024-10-09,4.29
emp_004948,2024-07-11,4.79
emp_004949,2026-04-02,3.25
emp_004950,2026-04-02,3.33
emp_004950,2026-01-02,3.96
emp_004950,2025-10-04,3.31
emp_004950,2025-07-06,3.45
emp_004950,2025-04-07,2.77
emp_004950,2025-01-07,2.36
emp_004950,2024-10-09,2.98
emp_004950,2024-07-11,3.3
emp_004951,2026-04-02,4.04
emp_004951,2026-01-02,3.52
emp_004951,2025-10-04,4.25
emp_004951,2025-07-06,3.14
emp_004951,2025-04-07,4.26
emp_004951,2025-01-07,4.4
emp_004951,2024-10-09,3.94
emp_004951,2024-07-11,4.37
emp_004952,2026-04-02,3.74
emp_004952,2026-01-02,3.18
emp_004952,2025-10-04,3.33
emp_004952,2025-07-06,3.66
emp_004952,2025-04-07,3.56
emp_004952,2025-01-07,3.74
emp_004953,2026-04-02,3.93
emp_004953,2026-01-02,4.06
emp_004953,2025-10-04,4.4
emp_004953,2025-07-06,4.8
emp_004953,2025-04-07,3.93
emp_004953,2025-01-07,4.3
emp_004953,2024-10-09,3.76
emp_004953,2024-07-11,4.2
emp_004954,2026-04-02,4.17
emp_004954,2026-01-02,4.18
emp_004954,2025-10-04,4.54
emp_004954,2025-07-06,4.28
emp_004954,2025-04-07,3.92
emp_004954,2025-01-07,4.03
emp_004954,2024-10-09,4.35
emp_004954,2024-07-11,4.38
emp_004955,2026-04-02,4.1
emp_004956,2026-04-02,3.5
emp_004956,2026-01-02,3.27
emp_004956,2025-10-04,3.5
emp_004956,2025-07-06,3.36
emp_004956,2025-04-07,3.63
emp_004956,2025-01-07,4.02
emp_004956,2024-10-09,3.57
emp_004956,2024-07-11,3.7
emp_004957,2026-04-02,3.89
emp_004957,2026-01-02,4.14
emp_004957,2025-10-04,4.25
emp_004957,2025-07-06,3.51
emp_004957,2025-04-07,4.55
emp_004957,2025-01-07,3.08
emp_004957,2024-10-09,4.06
emp_004957,2024-07-11,3.83
emp_004958,2026-04-02,4.19
emp_004958,2026-01-02,4.49
emp_004958,2025-10-04,4.23
emp_004958,2025-07-06,4.22
emp_004958,2025-04-07,3.77
emp_004958,2025-01-07,3.45
emp_004958,2024-10-09,3.7
emp_004958,2024-07-11,3.23
emp_004959,2026-04-02,3.94
emp_004959,2026-01-02,3.41
emp_004959,2025-10-04,4.18
emp_004959,2025-07-06,3.66
emp_004959,2025-04-07,3.86
emp_004959,2025-01-07,3.46
emp_004959,2024-10-09,4.01
emp_004960,2026-04-02,4.02
emp_004960,2026-01-02,2.79
emp_004960,2025-10-04,2.83
emp_004961,2026-04-02,3.78
emp_004961,2026-01-02,3.81
emp_004961,2025-10-04,4.4
emp_004961,2025-07-06,4.09
emp_004961,2025-04-07,4.55
emp_004961,2025-01-07,3.58
emp_004962,2026-04-02,3.48
emp_004962,2026-01-02,3.45
emp_004962,2025-10-04,2.35
emp_004963,2026-04-02,4.08
emp_004963,2026-01-02,3.65
emp_004963,2025-10-04,3.34
emp_004963,2025-07-06,3.48
emp_004963,2025-04-07,3.59
emp_004963,2025-01-07,3.67
emp_004963,2024-10-09,4.16
emp_004963,2024-07-11,3.86
emp_004964,2026-04-02,3.61
emp_004964,2026-01-02,3.76
emp_004964,2025-10-04,3.77
emp_004964,2025-07-06,4.05
emp_004964,2025-04-07,3.7
emp_004964,2025-01-07,3.61
emp_004964,2024-10-09,3.82
emp_004964,2024-07-11,4.12
emp_004966,2026-04-02,3.85
emp_004966,2026-01-02,3.79
emp_004966,2025-10-04,3.62
emp_004966,2025-07-06,3.99
emp_004967,2026-04-02,3.59
emp_004967,2026-01-02,3.79
emp_004967,2025-10-04,4.28
emp_004967,2025-07-06,4.11
emp_004967,2025-04-07,4.13
emp_004967,2025-01-07,4.74
emp_004967,2024-10-09,4.21
emp_004967,2024-07-11,4.34
emp_004968,2026-04-02,3.98
emp_004968,2026-01-02,4.18
emp_004968,2025-10-04,4.03
emp_004968,2025-07-06,3.72
emp_004968,2025-04-07,4.24
emp_004968,2025-01-07,4.38
emp_004968,2024-10-09,3.74
emp_004968,2024-07-11,4.87
emp_004969,2026-04-02,3.75
emp_004969,2026-01-02,3.52
emp_004970,2026-04-02,4.31
emp_004970,2026-01-02,3.79
emp_004970,2025-10-04,3.71
emp_004970,2025-07-06,3.55
emp_004972,2026-04-02,3.81
emp_004972,2026-01-02,3.82
emp_004972,2025-10-04,3.89
emp_004972,2025-07-06,4.39
emp_004972,2025-04-07,3.53
emp_004972,2025-01-07,3.58
emp_004972,2024-10-09,3.07
emp_004972,2024-07-11,4.02
emp_004973,2026-04-02,3.43
emp_004973,2026-01-02,3.49
emp_004973,2025-10-04,3.81
emp_004973,2025-07-06,3.65
emp_004973,2025-04-07,3.98
emp_004973,2025-01-07,3.6
emp_004973,2024-10-09,2.79
emp_004973,2024-07-11,3.52
emp_004974,2026-04-02,3.47
emp_004974,2026-01-02,4.25
emp_004974,2025-10-04,3.88
emp_004974,2025-07-06,3.69
emp_004974,2025-04-07,4.14
emp_004974,2025-01-07,3.77
emp_004974,2024-10-09,3.75
emp_004974,2024-07-11,3.05
emp_004975,2026-04-02,4.13
emp_004975,2026-01-02,4.15
emp_004975,2025-10-04,4.28
emp_004975,2025-07-06,4.46
emp_004975,2025-04-07,4.08
emp_004975,2025-01-07,4.08
emp_004975,2024-10-09,4.18
emp_004976,2026-04-02,3.78
emp_004976,2026-01-02,3.88
emp_004976,2025-10-04,4.23
emp_004976,2025-07-06,4.14
emp_004976,2025-04-07,3.44
emp_004976,2025-01-07,4.55
emp_004976,2024-10-09,4.03
emp_004976,2024-07-11,4.26
emp_004977,2026-04-02,4.33
emp_004977,2026-01-02,4.61
emp_004977,2025-10-04,3.76
emp_004977,2025-07-06,3.93
emp_004978,2026-04-02,3.89
emp_004978,2026-01-02,4.09
emp_004978,2025-10-04,3.81
emp_004978,2025-07-06,3.45
emp_004978,2025-04-07,3.46
emp_004979,2026-04-02,3.75
emp_004979,2026-01-02,3.54
emp_004979,2025-10-04,3.86
emp_004979,2025-07-06,3.81
emp_004979,2025-04-07,3.53
emp_004980,2026-04-02,3.81
emp_004980,2026-01-02,4.2
emp_004980,2025-10-04,4.04
emp_004981,2026-04-02,2.92
emp_004981,2026-01-02,3.48
emp_004981,2025-10-04,3.75
emp_004981,2025-07-06,2.4
emp_004981,2025-04-07,3.66
emp_004981,2025-01-07,3.65
emp_004981,2024-10-09,3.65
emp_004981,2024-07-11,3.61
emp_004982,2026-04-02,3.47
emp_004982,2026-01-02,3.71
emp_004983,2026-04-02,4.04
emp_004983,2026-01-02,3.83
emp_004983,2025-10-04,3.8
emp_004983,2025-07-06,4.43
emp_004983,2025-04-07,3.51
emp_004983,2025-01-07,4.02
emp_004983,2024-10-09,3.79
emp_004983,2024-07-11,3.95
emp_004984,2026-04-02,4.48
emp_004984,2026-01-02,4.09
emp_004984,2025-10-04,4.39
emp_004984,2025-07-06,4.4
emp_004984,2025-04-07,5.0
emp_004984,2025-01-07,4.07
emp_004984,2024-10-09,3.72
emp_004984,2024-07-11,4.32
emp_004985,2026-04-02,4.11
emp_004985,2026-01-02,4.35
emp_004985,2025-10-04,3.93
emp_004985,2025-07-06,4.11
emp_004985,2025-04-07,3.98
emp_004985,2025-01-07,3.96
emp_004985,2024-10-09,3.99
emp_004985,2024-07-11,3.55
emp_004986,2026-04-02,4.08
emp_004986,2026-01-02,4.26
emp_004986,2025-10-04,3.68
emp_004986,2025-07-06,4.6
emp_004986,2025-04-07,4.58
emp_004986,2025-01-07,3.72
emp_004986,2024-10-09,4.14
emp_004986,2024-07-11,3.74
emp_004987,2026-04-02,4.63
emp_004987,2026-01-02,3.56
emp_004987,2025-10-04,4.14
emp_004987,2025-07-06,4.44
emp_004987,2025-04-07,3.59
emp_004987,2025-01-07,3.64
emp_004987,2024-10-09,4.03
emp_004987,2024-07-11,4.12
emp_004988,2026-04-02,3.49
emp_004988,2026-01-02,3.43
emp_004988,2025-10-04,3.1
emp_004988,2025-07-06,4.35
emp_004988,2025-04-07,3.59
emp_004988,2025-01-07,3.73
emp_004989,2026-04-02,4.21
emp_004989,2026-01-02,4.0
emp_004989,2025-10-04,3.4
emp_004989,2025-07-06,4.09
emp_004989,2025-04-07,3.61
emp_004989,2025-01-07,3.7
emp_004989,2024-10-09,3.85
emp_004989,2024-07-11,3.13
emp_004990,2026-04-02,3.98
emp_004990,2026-01-02,3.47
emp_004990,2025-10-04,3.29
emp_004990,2025-07-06,3.45
emp_004990,2025-04-07,3.78
emp_004990,2025-01-07,2.58
emp_004991,2026-04-02,3.93
emp_004991,2026-01-02,4.57
emp_004991,2025-10-04,4.17
emp_004991,2025-07-06,4.15
emp_004991,2025-04-07,3.78
emp_004991,2025-01-07,3.62
emp_004991,2024-10-09,4.23
emp_004991,2024-07-11,3.83
emp_004992,2026-04-02,3.45
emp_004992,2026-01-02,3.12
emp_004992,2025-10-04,3.61
emp_004992,2025-07-06,3.29
emp_004992,2025-04-07,3.29
emp_004992,2025-01-07,3.34
emp_004992,2024-10-09,3.25
emp_004992,2024-07-11,3.05
emp_004993,2026-04-02,4.2
emp_004993,2026-01-02,3.53
emp_004993,2025-10-04,3.68
emp_004993,2025-07-06,4.21
emp_004993,2025-04-07,4.07
emp_004994,2026-04-02,4.53
emp_004994,2026-01-02,4.99
emp_004994,2025-10-04,3.66
emp_004994,2025-07-06,4.23
emp_004994,2025-04-07,4.75
emp_004995,2026-04-02,3.67
emp_004995,2026-01-02,3.71
emp_004996,2026-04-02,3.91
emp_004996,2026-01-02,4.22
emp_004996,2025-10-04,4.0
emp_004996,2025-07-06,3.89
emp_004996,2025-04-07,4.16
emp_004996,2025-01-07,3.93
emp_004996,2024-10-09,4.2
emp_004996,2024-07-11,4.38
emp_004997,2026-04-02,3.33
emp_004997,2026-01-02,4.1
emp_004998,2026-04-02,4.87
emp_004998,2026-01-02,4.99
emp_004999,2026-04-02,3.26
emp_004999,2026-01-02,3.72
emp_004999,2025-10-04,3.85
emp_004999,2025-07-06,3.26
emp_004999,2025-04-07,4.14
emp_004999,2025-01-07,3.65
emp_004999,2024-10-09,3.73
emp_004999,2024-07-11,3.5
