report_employee_id,manager_employee_id
emp_000000,emp_000004
emp_000001,emp_000004
emp_000002,emp_000004
emp_000003,emp_000004
emp_000004,emp_000427
emp_000005,emp_000006
emp_000006,emp_000427
emp_000007,emp_000006
emp_000008,emp_000006
emp_000009,emp_000006
emp_000010,emp_000006
emp_000011,emp_000006
emp_000012,emp_000006
emp_000013,emp_000014
emp_000014,emp_000427
emp_000015,emp_000014
emp_000016,emp_000014
emp_000017,emp_000014
emp_000018,emp_000014
emp_000019,emp_000020
emp_000020,emp_000427
emp_000021,emp_000020
emp_000022,emp_000020
emp_000023,emp_000020
emp_000024,emp_000020
emp_000025,emp_000028
emp_000026,emp_000028
emp_000027,emp_000028
emp_000028,emp_000427
emp_000029,emp_000028
emp_000030,emp_000028
emp_000031,emp_000028
emp_000032,emp_000028
emp_000033,emp_000028
emp_000034,emp_000028
emp_000035,emp_000038
emp_000036,emp_000038
emp_000037,emp_000038
emp_000038,emp_000427
emp_000039,emp_000038
emp_000040,emp_000042
emp_000041,emp_000042
emp_000042,emp_000427
emp_000043,emp_000046
emp_000044,emp_000046
emp_000045,emp_000046
emp_000046,emp_000427
emp_000047,emp_000046
emp_000048,emp_000046
emp_000049,emp_000046
emp_000050,emp_000427
emp_000051,emp_000050
emp_000052,emp_000057
emp_000053,emp_000057
emp_000054,emp_000057
emp_000055,emp_000057
emp_000056,emp_000057
emp_000057,emp_000427
emp_000058,emp_000057
emp_000059,emp_000064
emp_000060,emp_000064
emp_000061,emp_000064
emp_000062,emp_000064
emp_000063,emp_000064
emp_000064,emp_000427
emp_000065,emp_000064
emp_000066,emp_000064
emp_000067,emp_000070
emp_000068,emp_000070
emp_000069,emp_000070
emp_000070,emp_000427
emp_000071,emp_000070
emp_000072,emp_000070
emp_000073,emp_000070
emp_000074,emp_000075
emp_000075,emp_000427
emp_000076,emp_000075
emp_000077,emp_000075
emp_000078,emp_000075
emp_000079,emp_000075
emp_000080,emp_000075
emp_000081,emp_000427
emp_000082,emp_000081
emp_000083,emp_000088
emp_000084,emp_000088
emp_000085,emp_000088
emp_000086,emp_000088
emp_000087,emp_000088
emp_000088,emp_000427
emp_000089,emp_000088
emp_000090,emp_000088
emp_000091,emp_000427
emp_000092,emp_000091
emp_000093,emp_000091
emp_000094,emp_000091
emp_000095,emp_000091
emp_000096,emp_000091
emp_000097,emp_000091
emp_000098,emp_000100
emp_000099,emp_000100
emp_000100,emp_000427
emp_000101,emp_000100
emp_000102,emp_000105
emp_000103,emp_000105
emp_000104,emp_000105
emp_000105,emp_000427
emp_000106,emp_000105
emp_000107,emp_000105
emp_000108,emp_000105
emp_000109,emp_000105
emp_000110,emp_000105
emp_000111,emp_000105
emp_000112,emp_000427
emp_000113,emp_000112
emp_000114,emp_000112
emp_000115,emp_000112
emp_000116,emp_000117
emp_000117,emp_000427
emp_000118,emp_000117
emp_000119,emp_000427
emp_000120,emp_000119
emp_000121,emp_000119
emp_000122,emp_000427
emp_000123,emp_000122
emp_000124,emp_000122
emp_000125,emp_000122
emp_000126,emp_000122
emp_000127,emp_000122
emp_000128,emp_000122
emp_000129,emp_000130
emp_000130,emp_000427
emp_000131,emp_000130
emp_000132,emp_000130
emp_000133,emp_000130
emp_000134,emp_000130
emp_000135,emp_000130
emp_000136,emp_000142
emp_000137,emp_000142
emp_000138,emp_000142
emp_000139,emp_000142
emp_000140,emp_000142
emp_000141,emp_000142
emp_000142,emp_000427
emp_000143,emp_000146
emp_000144,emp_000146
emp_000145,emp_000146
emp_000146,emp_000427
emp_000147,emp_000146
emp_000148,emp_000146
emp_000149,emp_000150
emp_000150,emp_000427
emp_000151,emp_000150
emp_000152,emp_000150
emp_000153,emp_000150
emp_000154,emp_000155
emp_000155,emp_000427
emp_000156,emp_000155
emp_000157,emp_000155
emp_000158,emp_000155
emp_000159,emp_000155
emp_000160,emp_000155
emp_000161,emp_000155
emp_000162,emp_000163
emp_000163,emp_000427
emp_000164,emp_000163
emp_000165,emp_000163
emp_000166,emp_000163
emp_000167,emp_000427
emp_000168,emp_000167
emp_000169,emp_000167
emp_000170,emp_000167
emp_000171,emp_000173
emp_000172,emp_000173
emp_000173,emp_000427
emp_000174,emp_000173
emp_000175,emp_000173
emp_000176,emp_000173
emp_000177,emp_000173
emp_000178,emp_000173
emp_000179,emp_000173
emp_000180,emp_000183
emp_000181,emp_000183
emp_000182,emp_000183
emp_000183,emp_000427
emp_000184,emp_000183
emp_000185,emp_000183
emp_000186,emp_000183
emp_000187,emp_000193
emp_000188,emp_000193
emp_000189,emp_000193
emp_000190,emp_000193
emp_000191,emp_000193
emp_000192,emp_000193
emp_000193,emp_000427
emp_000194,emp_000195
emp_000195,emp_000427
emp_000196,emp_000195
emp_000197,emp_000195
emp_000198,emp_000195
emp_000199,emp_000195
emp_000200,emp_000195
emp_000201,emp_000195
emp_000202,emp_000204
emp_000203,emp_000204
emp_000204,emp_000427
emp_000205,emp_000204
emp_000206,emp_000204
emp_000207,emp_000208
emp_000208,emp_000427
emp_000209,emp_000208
emp_000210,emp_000208
emp_000211,emp_000208
emp_000212,emp_000214
emp_000213,emp_000214
emp_000214,emp_000427
emp_000215,emp_000214
emp_000216,emp_000214
emp_000217,emp_000214
emp_000218,emp_000214
emp_000219,emp_000214
emp_000220,emp_000427
emp_000221,emp_000220
emp_000222,emp_000220
emp_000223,emp_000220
emp_000224,emp_000220
emp_000225,emp_000226
emp_000226,emp_000427
emp_000227,emp_000226
emp_000228,emp_000226
emp_000229,emp_000226
emp_000230,emp_000226
emp_000231,emp_000226
emp_000232,emp_000233
emp_000233,emp_000427
emp_000234,emp_000233
emp_000235,emp_000233
emp_000236,emp_000233
emp_000237,emp_000233
emp_000238,emp_000241
emp_000239,emp_000241
emp_000240,emp_000241
emp_000241,emp_000427
emp_000242,emp_000248
emp_000243,emp_000248
emp_000244,emp_000248
emp_000245,emp_000248
emp_000246,emp_000248
emp_000247,emp_000248
emp_000248,emp_000427
emp_000249,emp_000248
emp_000250,emp_000252
emp_000251,emp_000252
emp_000252,emp_000427
emp_000253,emp_000252
emp_000254,emp_000257
emp_000255,emp_000257
emp_000256,emp_000257
emp_000257,emp_000427
emp_000258,emp_000257
emp_000259,emp_000257
emp_000260,emp_000257
emp_000261,emp_000263
emp_000262,emp_000263
emp_000263,emp_000427
emp_000264,emp_000263
emp_000265,emp_000263
emp_000266,emp_000263
emp_000267,emp_000263
emp_000268,emp_000271
emp_000269,emp_000271
emp_000270,emp_000271
emp_000271,emp_000427
emp_000272,emp_000271
emp_000273,emp_000271
emp_000274,emp_000271
emp_000275,emp_000271
emp_000276,emp_000271
emp_000277,emp_000278
emp_000278,emp_000427
emp_000279,emp_000278
emp_000280,emp_000278
emp_000281,emp_000285
emp_000282,emp_000285
emp_000283,emp_000285
emp_000284,emp_000285
emp_000285,emp_000427
emp_000286,emp_000288
emp_000287,emp_000288
emp_000288,emp_000427
emp_000289,emp_000288
emp_000290,emp_000288
emp_000291,emp_000288
emp_000292,emp_000297
emp_000293,emp_000297
emp_000294,emp_000297
emp_000295,emp_000297
emp_000296,emp_000297
emp_000297,emp_000427
emp_000298,emp_000297
emp_000299,emp_000303
emp_000300,emp_000303
emp_000301,emp_000303
emp_000302,emp_000303
emp_000303,emp_000427
emp_000304,emp_000303
emp_000305,emp_000303
emp_000306,emp_000303
emp_000307,emp_000313
emp_000308,emp_000313
emp_000309,emp_000313
emp_000310,emp_000313
emp_000311,emp_000313
emp_000312,emp_000313
emp_000313,emp_000427
emp_000314,emp_000316
emp_000315,emp_000316
emp_000316,emp_000427
emp_000317,emp_000316
emp_000318,emp_000316
emp_000319,emp_000316
emp_000320,emp_000316
emp_000321,emp_000427
emp_000322,emp_000321
emp_000323,emp_000321
emp_000324,emp_000321
emp_000325,emp_000321
emp_000326,emp_000321
emp_000327,emp_000321
emp_000328,emp_000321
emp_000329,emp_000321
emp_000330,emp_000332
emp_000331,emp_000332
emp_000332,emp_000427
emp_000333,emp_000332
emp_000334,emp_000332
emp_000335,emp_000332
emp_000336,emp_000332
emp_000337,emp_000332
emp_000338,emp_000332
emp_000339,emp_000332
emp_000340,emp_000332
emp_000341,emp_000343
emp_000342,emp_000343
emp_000343,emp_000427
emp_000344,emp_000343
emp_000345,emp_000348
emp_000346,emp_000348
emp_000347,emp_000348
emp_000348,emp_000427
emp_000349,emp_000348
emp_000350,emp_000348
emp_000351,emp_000352
emp_000352,emp_000427
emp_000353,emp_000352
emp_000354,emp_000352
emp_000355,emp_000352
emp_000356,emp_000352
emp_000357,emp_000352
emp_000358,emp_000352
emp_000359,emp_000360
emp_000360,emp_000427
emp_000361,emp_000360
emp_000362,emp_000360
emp_000363,emp_000360
emp_000364,emp_000360
emp_000365,emp_000360
emp_000366,emp_000427
emp_000367,emp_000366
emp_000368,emp_000366
emp_000369,emp_000366
emp_000370,emp_000366
emp_000371,emp_000366
emp_000372,emp_000366
emp_000373,emp_000366
emp_000374,emp_000366
emp_000375,emp_000377
emp_000376,emp_000377
emp_000377,emp_000427
emp_000378,emp_000377
emp_000379,emp_000377
emp_000380,emp_000377
emp_000381,emp_000383
emp_000382,emp_000383
emp_000383,emp_000427
emp_000384,emp_000383
emp_000385,emp_000387
emp_000386,emp_000387
emp_000387,emp_000427
emp_000388,emp_000387
emp_000389,emp_000387
emp_000390,emp_000387
emp_000391,emp_000387
emp_000392,emp_000387
emp_000393,emp_000427
emp_000394,emp_000393
emp_000395,emp_000400
emp_000396,emp_000400
emp_000397,emp_000400
emp_000398,emp_000400
emp_000399,emp_000400
emp_000400,emp_000427
emp_000401,emp_000427
emp_000402,emp_000401
emp_000403,emp_000401
emp_000404,emp_000401
emp_000405,emp_000401
emp_000406,emp_000401
emp_000407,emp_000401
emp_000408,emp_000401
emp_000409,emp_000401
emp_000410,emp_000401
emp_000411,emp_000401
emp_000412,emp_000427
emp_000413,emp_000412
emp_000414,emp_000412
emp_000415,emp_000412
emp_000416,emp_000412
emp_000417,emp_000412
emp_000418,emp_000412
emp_000419,emp_000427
emp_000420,emp_000419
emp_000421,emp_000419
emp_000422,emp_000419
emp_000423,emp_000419
emp_000424,emp_000419
emp_000425,emp_000419
emp_000426,emp_000427
emp_000427,emp_002222
emp_000428,emp_000427
emp_000429,emp_000427
emp_000430,emp_000427
emp_000431,emp_000432
emp_000432,emp_000427
emp_000433,emp_000432
emp_000434,emp_000432
emp_000435,emp_000432
emp_000436,emp_000432
emp_000437,emp_000427
emp_000438,emp_000437
emp_000439,emp_000437
emp_000440,emp_000437
emp_000441,emp_000437
emp_000442,emp_000437
emp_000443,emp_000450
emp_000444,emp_000450
emp_000445,emp_000450
emp_000446,emp_000450
emp_000447,emp_000450
emp_000448,emp_000450
emp_000449,emp_000450
emp_000450,emp_000427
emp_000451,emp_000450
emp_000452,emp_000450
emp_000453,emp_000427
emp_000454,emp_000453
emp_000455,emp_000453
emp_000456,emp_000453
emp_000457,emp_000458
emp_000458,emp_000427
emp_000459,emp_000460
emp_000460,emp_000427
emp_000461,emp_000460
emp_000462,emp_000460
emp_000463,emp_000460
emp_000464,emp_000460
emp_000465,emp_000460
emp_000466,emp_000472
emp_000467,emp_000472
emp_000468,emp_000472
emp_000469,emp_000472
emp_000470,emp_000472
emp_000471,emp_000472
emp_000472,emp_000427
emp_000473,emp_000472
emp_000474,emp_000472
emp_000475,emp_000472
emp_000476,emp_000480
emp_000477,emp_000480
emp_000478,emp_000480
emp_000479,emp_000480
emp_000480,emp_000427
emp_000481,emp_000427
emp_000482,emp_000481
emp_000483,emp_000481
emp_000484,emp_000427
emp_000485,emp_000484
emp_000486,emp_000484
emp_000487,emp_000484
emp_000488,emp_000490
emp_000489,emp_000490
emp_000490,emp_000427
emp_000491,emp_000490
emp_000492,emp_000490
emp_000493,emp_000490
emp_000494,emp_000490
emp_000495,emp_000427
emp_000496,emp_000495
emp_000497,emp_000495
emp_000498,emp_000495
emp_000499,emp_000495
emp_000500,emp_000506
emp_000501,emp_000506
emp_000502,emp_000506
emp_000503,emp_000506
emp_000504,emp_000506
emp_000505,emp_000506
emp_000506,emp_000427
emp_000507,emp_000508
emp_000508,emp_000427
emp_000509,emp_000427
emp_000510,emp_000509
emp_000511,emp_000509
emp_000512,emp_000509
emp_000513,emp_000509
emp_000514,emp_000517
emp_000515,emp_000517
emp_000516,emp_000517
emp_000517,emp_000427
emp_000518,emp_000517
emp_000519,emp_000517
emp_000520,emp_000517
emp_000521,emp_000517
emp_000522,emp_000427
emp_000523,emp_000522
emp_000524,emp_000522
emp_000525,emp_000522
emp_000526,emp_000522
emp_000527,emp_000522
emp_000528,emp_000427
emp_000529,emp_000528
emp_000530,emp_000528
emp_000531,emp_000528
emp_000532,emp_000427
emp_000533,emp_000532
emp_000534,emp_000532
emp_000535,emp_000532
emp_000536,emp_000532
emp_000537,emp_000532
emp_000538,emp_000532
emp_000539,emp_000532
emp_000540,emp_000532
emp_000541,emp_000545
emp_000542,emp_000545
emp_000543,emp_000545
emp_000544,emp_000545
emp_000545,emp_000427
emp_000546,emp_000545
emp_000547,emp_000545
emp_000548,emp_000545
emp_000549,emp_000554
emp_000550,emp_000554
emp_000551,emp_000554
emp_000552,emp_000554
emp_000553,emp_000554
emp_000554,emp_000427
emp_000555,emp_000427
emp_000556,emp_000555
emp_000557,emp_000555
emp_000558,emp_000555
emp_000559,emp_000555
emp_000560,emp_000565
emp_000561,emp_000565
emp_000562,emp_000565
emp_000563,emp_000565
emp_000564,emp_000565
emp_000565,emp_000427
emp_000566,emp_000565
emp_000567,emp_000565
emp_000568,emp_000565
emp_000569,emp_000570
emp_000570,emp_000427
emp_000571,emp_000570
emp_000572,emp_000570
emp_000573,emp_000570
emp_000574,emp_000427
emp_000575,emp_000574
emp_000576,emp_000574
emp_000577,emp_000574
emp_000578,emp_000574
emp_000579,emp_000574
emp_000580,emp_000427
emp_000581,emp_000580
emp_000582,emp_000580
emp_000583,emp_000580
emp_000584,emp_000580
emp_000585,emp_000580
emp_000586,emp_000580
emp_000587,emp_000580
emp_000588,emp_000580
emp_000589,emp_000580
emp_000590,emp_000592
emp_000591,emp_000592
emp_000592,emp_000427
emp_000593,emp_000592
emp_000594,emp_000592
emp_000595,emp_000592
emp_000596,emp_000592
emp_000597,emp_000602
emp_000598,emp_000602
emp_000599,emp_000602
emp_000600,emp_000602
emp_000601,emp_000602
emp_000602,emp_000427
emp_000603,emp_000604
emp_000604,emp_000427
emp_000605,emp_000604
emp_000606,emp_000427
emp_000607,emp_000606
emp_000608,emp_000606
emp_000609,emp_000606
emp_000610,emp_000606
emp_000611,emp_000606
emp_000612,emp_000606
emp_000613,emp_000616
emp_000614,emp_000616
emp_000615,emp_000616
emp_000616,emp_000427
emp_000617,emp_000616
emp_000618,emp_000616
emp_000619,emp_000621
emp_000620,emp_000621
emp_000621,emp_000427
emp_000622,emp_000621
emp_000623,emp_000621
emp_000624,emp_000627
emp_000625,emp_000627
emp_000626,emp_000627
emp_000627,emp_000427
emp_000628,emp_000627
emp_000629,emp_000627
emp_000630,emp_000627
emp_000631,emp_000627
emp_000632,emp_000635
emp_000633,emp_000635
emp_000634,emp_000635
emp_000635,emp_000427
emp_000636,emp_000427
emp_000637,emp_000636
emp_000638,emp_000636
emp_000639,emp_000427
emp_000640,emp_000639
emp_000641,emp_000639
emp_000642,emp_000639
emp_000643,emp_000639
emp_000644,emp_000646
emp_000645,emp_000646
emp_000646,emp_000427
emp_000647,emp_000646
emp_000648,emp_000646
emp_000649,emp_000646
emp_000650,emp_000652
emp_000651,emp_000652
emp_000652,emp_000427
emp_000653,emp_000656
emp_000654,emp_000656
emp_000655,emp_000656
emp_000656,emp_000427
emp_000657,emp_000658
emp_000658,emp_000427
emp_000659,emp_000658
emp_000660,emp_000658
emp_000661,emp_000658
emp_000662,emp_000666
emp_000663,emp_000666
emp_000664,emp_000666
emp_000665,emp_000666
emp_000666,emp_000427
emp_000667,emp_000666
emp_000668,emp_000427
emp_000669,emp_000668
emp_000670,emp_000668
emp_000671,emp_000668
emp_000672,emp_000668
emp_000673,emp_000427
emp_000674,emp_000673
emp_000675,emp_000673
emp_000676,emp_000673
emp_000677,emp_000673
emp_000678,emp_000673
emp_000679,emp_000673
emp_000680,emp_000673
emp_000681,emp_000427
emp_000682,emp_000681
emp_000683,emp_000686
emp_000684,emp_000686
emp_000685,emp_000686
emp_000686,emp_000427
emp_000687,emp_000686
emp_000688,emp_000686
emp_000689,emp_000686
emp_000690,emp_000691
emp_000691,emp_000427
emp_000692,emp_000691
emp_000693,emp_000691
emp_000694,emp_000691
emp_000695,emp_000701
emp_000696,emp_000701
emp_000697,emp_000701
emp_000698,emp_000701
emp_000699,emp_000701
emp_000700,emp_000701
emp_000701,emp_000427
emp_000702,emp_000427
emp_000703,emp_000702
emp_000704,emp_000702
emp_000705,emp_000702
emp_000706,emp_000702
emp_000707,emp_000702
emp_000708,emp_000702
emp_000709,emp_000702
emp_000710,emp_000702
emp_000711,emp_000702
emp_000712,emp_000427
emp_000713,emp_000712
emp_000714,emp_000712
emp_000715,emp_000712
emp_000716,emp_000712
emp_000717,emp_000712
emp_000718,emp_000721
emp_000719,emp_000721
emp_000720,emp_000721
emp_000721,emp_000427
emp_000722,emp_000721
emp_000723,emp_000721
emp_000724,emp_000721
emp_000725,emp_000730
emp_000726,emp_000730
emp_000727,emp_000730
emp_000728,emp_000730
emp_000729,emp_000730
emp_000730,emp_000427
emp_000731,emp_000730
emp_000732,emp_000730
emp_000733,emp_000734
emp_000734,emp_000427
emp_000735,emp_000734
emp_000736,emp_000734
emp_000737,emp_000742
emp_000738,emp_000742
emp_000739,emp_000742
emp_000740,emp_000742
emp_000741,emp_000742
emp_000742,emp_000427
emp_000743,emp_000742
emp_000744,emp_000742
emp_000745,emp_000749
emp_000746,emp_000749
emp_000747,emp_000749
emp_000748,emp_000749
emp_000749,emp_000427
emp_000750,emp_000749
emp_000751,emp_000749
emp_000752,emp_000749
emp_000753,emp_000754
emp_000754,emp_000427
emp_000755,emp_000754
emp_000756,emp_000754
emp_000757,emp_000754
emp_000758,emp_000754
emp_000759,emp_000764
emp_000760,emp_000764
emp_000761,emp_000764
emp_000762,emp_000764
emp_000763,emp_000764
emp_000764,emp_000427
emp_000765,emp_000764
emp_000766,emp_000764
emp_000767,emp_000773
emp_000768,emp_000773
emp_000769,emp_000773
emp_000770,emp_000773
emp_000771,emp_000773
emp_000772,emp_000773
emp_000773,emp_000427
emp_000774,emp_000778
emp_000775,emp_000778
emp_000776,emp_000778
emp_000777,emp_000778
emp_000778,emp_000427
emp_000779,emp_000780
emp_000780,emp_000427
emp_000781,emp_000780
emp_000782,emp_000780
emp_000783,emp_000790
emp_000784,emp_000790
emp_000785,emp_000790
emp_000786,emp_000790
emp_000787,emp_000790
emp_000788,emp_000790
emp_000789,emp_000790
emp_000790,emp_000427
emp_000791,emp_000427
emp_000792,emp_000791
emp_000793,emp_000791
emp_000794,emp_000791
emp_000795,emp_000791
emp_000796,emp_000791
emp_000797,emp_000791
emp_000798,emp_000791
emp_000799,emp_000791
emp_000800,emp_000791
emp_000801,emp_000803
emp_000802,emp_000803
emp_000803,emp_000427
emp_000804,emp_000803
emp_000805,emp_000803
emp_000806,emp_000811
emp_000807,emp_000811
emp_000808,emp_000811
emp_000809,emp_000811
emp_000810,emp_000811
emp_000811,emp_000427
emp_000812,emp_000811
emp_000813,emp_000427
emp_000814,emp_000813
emp_000815,emp_000813
emp_000816,emp_000813
emp_000817,emp_000819
emp_000818,emp_000819
emp_000819,emp_000427
emp_000820,emp_000819
emp_000821,emp_000819
emp_000822,emp_000427
emp_000823,emp_000822
emp_000824,emp_000822
emp_000825,emp_000822
emp_000826,emp_000822
emp_000827,emp_000829
emp_000828,emp_000829
emp_000829,emp_000427
emp_000830,emp_000829
emp_000831,emp_000832
emp_000832,emp_000427
emp_000833,emp_000832
emp_000834,emp_000832
emp_000835,emp_000832
emp_000836,emp_000832
emp_000837,emp_000843
emp_000838,emp_000843
emp_000839,emp_000843
emp_000840,emp_000843
emp_000841,emp_000843
emp_000842,emp_000843
emp_000843,emp_000427
emp_000844,emp_000843
emp_000845,emp_000848
emp_000846,emp_000848
emp_000847,emp_000848
emp_000848,emp_000427
emp_000849,emp_000848
emp_000850,emp_000848
emp_000851,emp_000848
emp_000852,emp_000854
emp_000853,emp_000854
emp_000854,emp_000427
emp_000855,emp_000854
emp_000856,emp_000854
emp_000857,emp_000864
emp_000858,emp_000864
emp_000859,emp_000864
emp_000860,emp_000864
emp_000861,emp_000864
emp_000862,emp_000864
emp_000863,emp_000864
emp_000864,emp_000427
emp_000865,emp_000864
emp_000866,emp_000868
emp_000867,emp_000868
emp_000868,emp_000427
emp_000869,emp_000868
emp_000870,emp_000868
emp_000871,emp_000868
emp_000872,emp_000868
emp_000873,emp_000427
emp_000874,emp_000873
emp_000875,emp_000873
emp_000876,emp_000873
emp_000877,emp_000873
emp_000878,emp_000873
emp_000879,emp_000873
emp_000880,emp_000873
emp_000881,emp_000873
emp_000882,emp_000873
emp_000883,emp_000885
emp_000884,emp_000885
emp_000885,emp_000427
emp_000886,emp_000885
emp_000887,emp_000894
emp_000888,emp_000894
emp_000889,emp_000894
emp_000890,emp_000894
emp_000891,emp_000894
emp_000892,emp_000894
emp_000893,emp_000894
emp_000894,emp_000427
emp_000895,emp_000894
emp_000896,emp_000894
emp_000897,emp_000894
emp_000898,emp_000894
emp_000899,emp_000900
emp_000900,emp_000427
emp_000901,emp_000900
emp_000902,emp_000900
emp_000903,emp_000900
emp_000904,emp_000900
emp_000905,emp_000908
emp_000906,emp_000908
emp_000907,emp_000908
emp_000908,emp_000427
emp_000909,emp_000912
emp_000910,emp_000912
emp_000911,emp_000912
emp_000912,emp_000427
emp_000913,emp_000918
emp_000914,emp_000918
emp_000915,emp_000918
emp_000916,emp_000918
emp_000917,emp_000918
emp_000918,emp_000427
emp_000919,emp_000918
emp_000920,emp_000918
emp_000921,emp_000922
emp_000922,emp_000427
emp_000923,emp_000922
emp_000924,emp_000922
emp_000925,emp_000922
emp_000926,emp_000922
emp_000927,emp_000922
emp_000928,emp_000922
emp_000929,emp_000934
emp_000930,emp_000934
emp_000931,emp_000934
emp_000932,emp_000934
emp_000933,emp_000934
emp_000934,emp_000427
emp_000935,emp_000934
emp_000936,emp_000934
emp_000937,emp_000939
emp_000938,emp_000939
emp_000939,emp_000427
emp_000940,emp_000939
emp_000941,emp_000939
emp_000942,emp_000939
emp_000943,emp_000939
emp_000944,emp_000939
emp_000945,emp_000427
emp_000946,emp_000945
emp_000947,emp_000945
emp_000948,emp_000945
emp_000949,emp_000954
emp_000950,emp_000954
emp_000951,emp_000954
emp_000952,emp_000954
emp_000953,emp_000954
emp_000954,emp_000427
emp_000955,emp_000427
emp_000956,emp_000955
emp_000957,emp_000961
emp_000958,emp_000961
emp_000959,emp_000961
emp_000960,emp_000961
emp_000961,emp_000427
emp_000962,emp_000966
emp_000963,emp_000966
emp_000964,emp_000966
emp_000965,emp_000966
emp_000966,emp_000427
emp_000967,emp_000966
emp_000968,emp_000966
emp_000969,emp_000966
emp_000970,emp_000971
emp_000971,emp_000427
emp_000972,emp_000971
emp_000973,emp_000980
emp_000974,emp_000980
emp_000975,emp_000980
emp_000976,emp_000980
emp_000977,emp_000980
emp_000978,emp_000980
emp_000979,emp_000980
emp_000980,emp_000427
emp_000981,emp_000980
emp_000982,emp_000980
emp_000983,emp_000980
emp_000984,emp_000987
emp_000985,emp_000987
emp_000986,emp_000987
emp_000987,emp_000427
emp_000988,emp_000987
emp_000989,emp_000987
emp_000990,emp_000987
emp_000991,emp_000987
emp_000992,emp_000987
emp_000993,emp_000427
emp_000994,emp_000993
emp_000995,emp_000993
emp_000996,emp_000993
emp_000997,emp_000427
emp_000998,emp_000997
emp_000999,emp_000997
emp_001000,emp_000997
emp_001001,emp_000997
emp_001002,emp_000997
emp_001003,emp_000997
emp_001004,emp_000997
emp_001005,emp_001010
emp_001006,emp_001010
emp_001007,emp_001010
emp_001008,emp_001010
emp_001009,emp_001010
emp_001010,emp_000427
emp_001011,emp_001010
emp_001012,emp_001013
emp_001013,emp_000427
emp_001014,emp_001013
emp_001015,emp_001013
emp_001016,emp_001013
emp_001017,emp_001013
emp_001018,emp_001021
emp_001019,emp_001021
emp_001020,emp_001021
emp_001021,emp_000427
emp_001022,emp_001021
emp_001023,emp_001021
emp_001024,emp_001021
emp_001025,emp_001021
emp_001026,emp_001029
emp_001027,emp_001029
emp_001028,emp_001029
emp_001029,emp_000427
emp_001030,emp_001029
emp_001031,emp_001029
emp_001032,emp_001034
emp_001033,emp_001034
emp_001034,emp_000427
emp_001035,emp_001034
emp_001036,emp_001034
emp_001037,emp_001034
emp_001038,emp_001040
emp_001039,emp_001040
emp_001040,emp_000427
emp_001041,emp_001040
emp_001042,emp_001040
emp_001043,emp_001040
emp_001044,emp_001040
emp_001045,emp_001051
emp_001046,emp_001051
emp_001047,emp_001051
emp_001048,emp_001051
emp_001049,emp_001051
emp_001050,emp_001051
emp_001051,emp_000427
emp_001052,emp_001053
emp_001053,emp_000427
emp_001054,emp_001053
emp_001055,emp_001053
emp_001056,emp_001053
emp_001057,emp_001053
emp_001058,emp_001053
emp_001059,emp_000427
emp_001060,emp_001059
emp_001061,emp_001059
emp_001062,emp_001059
emp_001063,emp_001059
emp_001064,emp_001059
emp_001065,emp_001059
emp_001066,emp_001069
emp_001067,emp_001069
emp_001068,emp_001069
emp_001069,emp_000427
emp_001070,emp_001069
emp_001071,emp_001069
emp_001072,emp_001069
emp_001073,emp_001069
emp_001074,emp_000427
emp_001075,emp_001074
emp_001076,emp_001074
emp_001077,emp_001074
emp_001078,emp_001074
emp_001079,emp_001074
emp_001080,emp_001074
emp_001081,emp_001074
emp_001082,emp_000427
emp_001083,emp_001082
emp_001084,emp_001082
emp_001085,emp_001082
emp_001086,emp_000427
emp_001087,emp_001086
emp_001088,emp_001086
emp_001089,emp_001086
emp_001090,emp_001086
emp_001091,emp_001092
emp_001092,emp_000427
emp_001093,emp_001092
emp_001094,emp_001092
emp_001095,emp_001092
emp_001096,emp_001092
emp_001097,emp_001092
emp_001098,emp_001092
emp_001099,emp_001092
emp_001100,emp_001107
emp_001101,emp_001107
emp_001102,emp_001107
emp_001103,emp_001107
emp_001104,emp_001107
emp_001105,emp_001107
emp_001106,emp_001107
emp_001107,emp_000427
emp_001108,emp_001107
emp_001109,emp_001107
emp_001110,emp_001115
emp_001111,emp_001115
emp_001112,emp_001115
emp_001113,emp_001115
emp_001114,emp_001115
emp_001115,emp_000427
emp_001116,emp_001115
emp_001117,emp_001115
emp_001118,emp_000427
emp_001119,emp_001118
emp_001120,emp_001118
emp_001121,emp_001118
emp_001122,emp_001118
emp_001123,emp_001118
emp_001124,emp_001129
emp_001125,emp_001129
emp_001126,emp_001129
emp_001127,emp_001129
emp_001128,emp_001129
emp_001129,emp_000427
emp_001130,emp_001129
emp_001131,emp_001129
emp_001132,emp_000427
emp_001133,emp_001132
emp_001134,emp_001132
emp_001135,emp_001132
emp_001136,emp_001132
emp_001137,emp_001132
emp_001138,emp_001132
emp_001139,emp_001132
emp_001140,emp_001141
emp_001141,emp_000427
emp_001142,emp_001141
emp_001143,emp_001147
emp_001144,emp_001147
emp_001145,emp_001147
emp_001146,emp_001147
emp_001147,emp_000427
emp_001148,emp_001147
emp_001149,emp_001147
emp_001150,emp_001151
emp_001151,emp_000427
emp_001152,emp_001151
emp_001153,emp_001151
emp_001154,emp_001155
emp_001155,emp_000427
emp_001156,emp_001155
emp_001157,emp_001155
emp_001158,emp_001155
emp_001159,emp_001155
emp_001160,emp_001165
emp_001161,emp_001165
emp_001162,emp_001165
emp_001163,emp_001165
emp_001164,emp_001165
emp_001165,emp_000427
emp_001166,emp_001165
emp_001167,emp_001171
emp_001168,emp_001171
emp_001169,emp_001171
emp_001170,emp_001171
emp_001171,emp_000427
emp_001172,emp_001171
emp_001173,emp_001171
emp_001174,emp_001171
emp_001175,emp_001171
emp_001176,emp_001171
emp_001177,emp_000427
emp_001178,emp_001177
emp_001179,emp_001183
emp_001180,emp_001183
emp_001181,emp_001183
emp_001182,emp_001183
emp_001183,emp_000427
emp_001184,emp_001183
emp_001185,emp_001190
emp_001186,emp_001190
emp_001187,emp_001190
emp_001188,emp_001190
emp_001189,emp_001190
emp_001190,emp_000427
emp_001191,emp_001190
emp_001192,emp_001190
emp_001193,emp_001195
emp_001194,emp_001195
emp_001195,emp_000427
emp_001196,emp_001195
emp_001197,emp_001195
emp_001198,emp_001195
emp_001199,emp_001195
emp_001200,emp_001195
emp_001201,emp_000427
emp_001202,emp_001201
emp_001203,emp_001201
emp_001204,emp_001201
emp_001205,emp_001201
emp_001206,emp_001201
emp_001207,emp_001201
emp_001208,emp_001201
emp_001209,emp_001210
emp_001210,emp_000427
emp_001211,emp_001210
emp_001212,emp_001210
emp_001213,emp_001210
emp_001214,emp_000427
emp_001215,emp_001214
emp_001216,emp_001214
emp_001217,emp_001214
emp_001218,emp_001214
emp_001219,emp_001214
emp_001220,emp_001222
emp_001221,emp_001222
emp_001222,emp_000427
emp_001223,emp_001222
emp_001224,emp_001222
emp_001225,emp_001222
emp_001226,emp_001229
emp_001227,emp_001229
emp_001228,emp_001229
emp_001229,emp_000427
emp_001230,emp_001229
emp_001231,emp_001229
emp_001232,emp_001229
emp_001233,emp_001229
emp_001234,emp_001229
emp_001235,emp_001236
emp_001236,emp_000427
emp_001237,emp_001236
emp_001238,emp_001236
emp_001239,emp_001236
emp_001240,emp_001236
emp_001241,emp_001244
emp_001242,emp_001244
emp_001243,emp_001244
emp_001244,emp_000427
emp_001245,emp_001244
emp_001246,emp_001244
emp_001247,emp_001244
emp_001248,emp_000427
emp_001249,emp_001248
emp_001250,emp_001248
emp_001251,emp_001248
emp_001252,emp_001248
emp_001253,emp_001248
emp_001254,emp_001248
emp_001255,emp_000427
emp_001256,emp_001255
emp_001257,emp_001255
emp_001258,emp_001255
emp_001259,emp_000427
emp_001260,emp_001259
emp_001261,emp_001259
emp_001262,emp_001259
emp_001263,emp_001259
emp_001264,emp_001259
emp_001265,emp_001259
emp_001266,emp_001259
emp_001267,emp_000427
emp_001268,emp_001267
emp_001269,emp_001267
emp_001270,emp_001267
emp_001271,emp_001273
emp_001272,emp_001273
emp_001273,emp_000427
emp_001274,emp_001273
emp_001275,emp_001273
emp_001276,emp_001273
emp_001277,emp_001273
emp_001278,emp_001279
emp_001279,emp_000427
emp_001280,emp_001279
emp_001281,emp_001279
emp_001282,emp_001279
emp_001283,emp_001284
emp_001284,emp_000427
emp_001285,emp_001284
emp_001286,emp_001284
emp_001287,emp_001284
emp_001288,emp_001284
emp_001289,emp_001284
emp_001290,emp_001284
emp_001291,emp_001284
emp_001292,emp_001295
emp_001293,emp_001295
emp_001294,emp_001295
emp_001295,emp_000427
emp_001296,emp_001295
emp_001297,emp_001295
emp_001298,emp_001295
emp_001299,emp_001308
emp_001300,emp_001308
emp_001301,emp_001308
emp_001302,emp_001308
emp_001303,emp_001308
emp_001304,emp_001308
emp_001305,emp_001308
emp_001306,emp_001308
emp_001307,emp_001308
emp_001308,emp_000427
emp_001309,emp_000427
emp_001310,emp_001309
emp_001311,emp_000427
emp_001312,emp_001311
emp_001313,emp_001311
emp_001314,emp_001311
emp_001315,emp_001311
emp_001316,emp_001311
emp_001317,emp_001311
emp_001318,emp_001311
emp_001319,emp_001311
emp_001320,emp_001321
emp_001321,emp_000427
emp_001322,emp_001321
emp_001323,emp_001321
emp_001324,emp_001321
emp_001325,emp_001321
emp_001326,emp_001321
emp_001327,emp_001321
emp_001328,emp_000427
emp_001329,emp_001328
emp_001330,emp_001328
emp_001331,emp_001328
emp_001332,emp_001328
emp_001333,emp_001328
emp_001334,emp_001328
emp_001335,emp_001338
emp_001336,emp_001338
emp_001337,emp_001338
emp_001338,emp_000427
emp_001339,emp_001338
emp_001340,emp_001338
emp_001341,emp_001338
emp_001342,emp_001338
emp_001343,emp_001338
emp_001344,emp_001338
emp_001345,emp_001338
emp_001346,emp_001349
emp_001347,emp_001349
emp_001348,emp_001349
emp_001349,emp_000427
emp_001350,emp_001354
emp_001351,emp_001354
emp_001352,emp_001354
emp_001353,emp_001354
emp_001354,emp_000427
emp_001355,emp_001354
emp_001356,emp_001354
emp_001357,emp_001363
emp_001358,emp_001363
emp_001359,emp_001363
emp_001360,emp_001363
emp_001361,emp_001363
emp_001362,emp_001363
emp_001363,emp_000427
emp_001364,emp_001363
emp_001365,emp_001363
emp_001366,emp_001372
emp_001367,emp_001372
emp_001368,emp_001372
emp_001369,emp_001372
emp_001370,emp_001372
emp_001371,emp_001372
emp_001372,emp_000427
emp_001373,emp_001372
emp_001374,emp_001378
emp_001375,emp_001378
emp_001376,emp_001378
emp_001377,emp_001378
emp_001378,emp_000427
emp_001379,emp_001378
emp_001380,emp_001382
emp_001381,emp_001382
emp_001382,emp_000427
emp_001383,emp_001382
emp_001384,emp_001382
emp_001385,emp_001382
emp_001386,emp_001382
emp_001387,emp_001382
emp_001388,emp_001390
emp_001389,emp_001390
emp_001390,emp_000427
emp_001391,emp_001390
emp_001392,emp_001390
emp_001393,emp_001390
emp_001394,emp_001397
emp_001395,emp_001397
emp_001396,emp_001397
emp_001397,emp_000427
emp_001398,emp_001397
emp_001399,emp_001397
emp_001400,emp_001401
emp_001401,emp_000427
emp_001402,emp_001401
emp_001403,emp_001401
emp_001404,emp_001401
emp_001405,emp_001406
emp_001406,emp_000427
emp_001407,emp_001406
emp_001408,emp_001406
emp_001409,emp_001406
emp_001410,emp_001406
emp_001411,emp_001406
emp_001412,emp_001406
emp_001413,emp_001406
emp_001414,emp_001415
emp_001415,emp_000427
emp_001416,emp_001415
emp_001417,emp_001415
emp_001418,emp_001415
emp_001419,emp_001415
emp_001420,emp_001415
emp_001421,emp_000427
emp_001422,emp_001421
emp_001423,emp_001421
emp_001424,emp_001421
emp_001425,emp_001421
emp_001426,emp_001421
emp_001427,emp_001421
emp_001428,emp_001421
emp_001429,emp_001421
emp_001430,emp_001421
emp_001431,emp_001421
emp_001432,emp_001421
emp_001433,emp_001434
emp_001434,emp_000427
emp_001435,emp_001434
emp_001436,emp_001434
emp_001437,emp_001434
emp_001438,emp_001434
emp_001439,emp_001434
emp_001440,emp_001434
emp_001441,emp_001444
emp_001442,emp_001444
emp_001443,emp_001444
emp_001444,emp_000427
emp_001445,emp_001448
emp_001446,emp_001448
emp_001447,emp_001448
emp_001448,emp_000427
emp_001449,emp_001448
emp_001450,emp_001448
emp_001451,emp_001448
emp_001452,emp_001448
emp_001453,emp_001456
emp_001454,emp_001456
emp_001455,emp_001456
emp_001456,emp_000427
emp_001457,emp_001458
emp_001458,emp_000427
emp_001459,emp_001458
emp_001460,emp_001458
emp_001461,emp_001458
emp_001462,emp_001458
emp_001463,emp_001466
emp_001464,emp_001466
emp_001465,emp_001466
emp_001466,emp_000427
emp_001467,emp_001466
emp_001468,emp_001466
emp_001469,emp_001466
emp_001470,emp_000427
emp_001471,emp_001470
emp_001472,emp_001470
emp_001473,emp_001470
emp_001474,emp_001478
emp_001475,emp_001478
emp_001476,emp_001478
emp_001477,emp_001478
emp_001478,emp_000427
emp_001479,emp_001480
emp_001480,emp_000427
emp_001481,emp_001480
emp_001482,emp_001480
emp_001483,emp_001480
emp_001484,emp_001488
emp_001485,emp_001488
emp_001486,emp_001488
emp_001487,emp_001488
emp_001488,emp_000427
emp_001489,emp_001488
emp_001490,emp_001488
emp_001491,emp_001492
emp_001492,emp_000427
emp_001493,emp_001492
emp_001494,emp_001492
emp_001495,emp_001492
emp_001496,emp_001492
emp_001497,emp_001498
emp_001498,emp_000427
emp_001499,emp_001498
emp_001500,emp_001498
emp_001501,emp_001498
emp_001502,emp_001498
emp_001503,emp_001507
emp_001504,emp_001507
emp_001505,emp_001507
emp_001506,emp_001507
emp_001507,emp_000427
emp_001508,emp_001507
emp_001509,emp_001507
emp_001510,emp_001507
emp_001511,emp_001507
emp_001512,emp_001507
emp_001513,emp_000427
emp_001514,emp_001513
emp_001515,emp_001517
emp_001516,emp_001517
emp_001517,emp_001905
emp_001518,emp_001517
emp_001519,emp_001517
emp_001520,emp_001517
emp_001521,emp_001517
emp_001522,emp_001528
emp_001523,emp_001528
emp_001524,emp_001528
emp_001525,emp_001528
emp_001526,emp_001528
emp_001527,emp_001528
emp_001528,emp_001905
emp_001529,emp_001528
emp_001530,emp_001528
emp_001531,emp_001905
emp_001532,emp_001531
emp_001533,emp_001531
emp_001534,emp_001531
emp_001535,emp_001531
emp_001536,emp_001531
emp_001537,emp_001531
emp_001538,emp_001531
emp_001539,emp_001531
emp_001540,emp_001531
emp_001541,emp_001542
emp_001542,emp_001905
emp_001543,emp_001542
emp_001544,emp_001542
emp_001545,emp_001542
emp_001546,emp_001542
emp_001547,emp_001542
emp_001548,emp_001542
emp_001549,emp_001542
emp_001550,emp_001551
emp_001551,emp_001905
emp_001552,emp_001551
emp_001553,emp_001551
emp_001554,emp_001905
emp_001555,emp_001554
emp_001556,emp_001554
emp_001557,emp_001554
emp_001558,emp_001554
emp_001559,emp_001554
emp_001560,emp_001554
emp_001561,emp_001554
emp_001562,emp_001568
emp_001563,emp_001568
emp_001564,emp_001568
emp_001565,emp_001568
emp_001566,emp_001568
emp_001567,emp_001568
emp_001568,emp_001905
emp_001569,emp_001568
emp_001570,emp_001905
emp_001571,emp_001570
emp_001572,emp_001570
emp_001573,emp_001570
emp_001574,emp_001570
emp_001575,emp_001570
emp_001576,emp_001570
emp_001577,emp_001570
emp_001578,emp_001579
emp_001579,emp_001905
emp_001580,emp_001579
emp_001581,emp_001579
emp_001582,emp_001579
emp_001583,emp_001579
emp_001584,emp_001905
emp_001585,emp_001584
emp_001586,emp_001584
emp_001587,emp_001584
emp_001588,emp_001584
emp_001589,emp_001584
emp_001590,emp_001584
emp_001591,emp_001593
emp_001592,emp_001593
emp_001593,emp_001905
emp_001594,emp_001593
emp_001595,emp_001593
emp_001596,emp_001601
emp_001597,emp_001601
emp_001598,emp_001601
emp_001599,emp_001601
emp_001600,emp_001601
emp_001601,emp_001905
emp_001602,emp_001905
emp_001603,emp_001602
emp_001604,emp_001602
emp_001605,emp_001602
emp_001606,emp_001905
emp_001607,emp_001606
emp_001608,emp_001606
emp_001609,emp_001606
emp_001610,emp_001606
emp_001611,emp_001606
emp_001612,emp_001606
emp_001613,emp_001606
emp_001614,emp_001606
emp_001615,emp_001619
emp_001616,emp_001619
emp_001617,emp_001619
emp_001618,emp_001619
emp_001619,emp_001905
emp_001620,emp_001905
emp_001621,emp_001620
emp_001622,emp_001620
emp_001623,emp_001620
emp_001624,emp_001620
emp_001625,emp_001628
emp_001626,emp_001628
emp_001627,emp_001628
emp_001628,emp_001905
emp_001629,emp_001628
emp_001630,emp_001628
emp_001631,emp_001628
emp_001632,emp_001635
emp_001633,emp_001635
emp_001634,emp_001635
emp_001635,emp_001905
emp_001636,emp_001635
emp_001637,emp_001635
emp_001638,emp_001635
emp_001639,emp_001640
emp_001640,emp_001905
emp_001641,emp_001640
emp_001642,emp_001640
emp_001643,emp_001640
emp_001644,emp_001645
emp_001645,emp_001905
emp_001646,emp_001645
emp_001647,emp_001645
emp_001648,emp_001645
emp_001649,emp_001645
emp_001650,emp_001645
emp_001651,emp_001655
emp_001652,emp_001655
emp_001653,emp_001655
emp_001654,emp_001655
emp_001655,emp_001905
emp_001656,emp_001659
emp_001657,emp_001659
emp_001658,emp_001659
emp_001659,emp_001905
emp_001660,emp_001659
emp_001661,emp_001659
emp_001662,emp_001659
emp_001663,emp_001659
emp_001664,emp_001667
emp_001665,emp_001667
emp_001666,emp_001667
emp_001667,emp_001905
emp_001668,emp_001667
emp_001669,emp_001667
emp_001670,emp_001905
emp_001671,emp_001670
emp_001672,emp_001670
emp_001673,emp_001670
emp_001674,emp_001670
emp_001675,emp_001670
emp_001676,emp_001670
emp_001677,emp_001905
emp_001678,emp_001677
emp_001679,emp_001677
emp_001680,emp_001677
emp_001681,emp_001677
emp_001682,emp_001677
emp_001683,emp_001687
emp_001684,emp_001687
emp_001685,emp_001687
emp_001686,emp_001687
emp_001687,emp_001905
emp_001688,emp_001692
emp_001689,emp_001692
emp_001690,emp_001692
emp_001691,emp_001692
emp_001692,emp_001905
emp_001693,emp_001692
emp_001694,emp_001692
emp_001695,emp_001697
emp_001696,emp_001697
emp_001697,emp_001905
emp_001698,emp_001704
emp_001699,emp_001704
emp_001700,emp_001704
emp_001701,emp_001704
emp_001702,emp_001704
emp_001703,emp_001704
emp_001704,emp_001905
emp_001705,emp_001704
emp_001706,emp_001704
emp_001707,emp_001905
emp_001708,emp_001707
emp_001709,emp_001707
emp_001710,emp_001707
emp_001711,emp_001707
emp_001712,emp_001707
emp_001713,emp_001717
emp_001714,emp_001717
emp_001715,emp_001717
emp_001716,emp_001717
emp_001717,emp_001905
emp_001718,emp_001717
emp_001719,emp_001717
emp_001720,emp_001717
emp_001721,emp_001717
emp_001722,emp_001717
emp_001723,emp_001717
emp_001724,emp_001905
emp_001725,emp_001724
emp_001726,emp_001724
emp_001727,emp_001724
emp_001728,emp_001724
emp_001729,emp_001724
emp_001730,emp_001724
emp_001731,emp_001724
emp_001732,emp_001905
emp_001733,emp_001732
emp_001734,emp_001732
emp_001735,emp_001732
emp_001736,emp_001732
emp_001737,emp_001732
emp_001738,emp_001741
emp_001739,emp_001741
emp_001740,emp_001741
emp_001741,emp_001905
emp_001742,emp_001741
emp_001743,emp_001748
emp_001744,emp_001748
emp_001745,emp_001748
emp_001746,emp_001748
emp_001747,emp_001748
emp_001748,emp_001905
emp_001749,emp_001748
emp_001750,emp_001748
emp_001751,emp_001753
emp_001752,emp_001753
emp_001753,emp_001905
emp_001754,emp_001753
emp_001755,emp_001753
emp_001756,emp_001753
emp_001757,emp_001753
emp_001758,emp_001763
emp_001759,emp_001763
emp_001760,emp_001763
emp_001761,emp_001763
emp_001762,emp_001763
emp_001763,emp_001905
emp_001764,emp_001763
emp_001765,emp_001905
emp_001766,emp_001765
emp_001767,emp_001765
emp_001768,emp_001765
emp_001769,emp_001765
emp_001770,emp_001765
emp_001771,emp_001765
emp_001772,emp_001765
emp_001773,emp_001775
emp_001774,emp_001775
emp_001775,emp_001905
emp_001776,emp_001775
emp_001777,emp_001775
emp_001778,emp_001775
emp_001779,emp_001775
emp_001780,emp_001783
emp_001781,emp_001783
emp_001782,emp_001783
emp_001783,emp_001905
emp_001784,emp_001783
emp_001785,emp_001783
emp_001786,emp_001783
emp_001787,emp_001783
emp_001788,emp_001783
emp_001789,emp_001790
emp_001790,emp_001905
emp_001791,emp_001790
emp_001792,emp_001790
emp_001793,emp_001790
emp_001794,emp_001796
emp_001795,emp_001796
emp_001796,emp_001905
emp_001797,emp_001796
emp_001798,emp_001796
emp_001799,emp_001796
emp_001800,emp_001803
emp_001801,emp_001803
emp_001802,emp_001803
emp_001803,emp_001905
emp_001804,emp_001803
emp_001805,emp_001803
emp_001806,emp_001803
emp_001807,emp_001803
emp_001808,emp_001809
emp_001809,emp_001905
emp_001810,emp_001809
emp_001811,emp_001809
emp_001812,emp_001809
emp_001813,emp_001817
emp_001814,emp_001817
emp_001815,emp_001817
emp_001816,emp_001817
emp_001817,emp_001905
emp_001818,emp_001817
emp_001819,emp_001817
emp_001820,emp_001824
emp_001821,emp_001824
emp_001822,emp_001824
emp_001823,emp_001824
emp_001824,emp_001905
emp_001825,emp_001824
emp_001826,emp_001824
emp_001827,emp_001824
emp_001828,emp_001824
emp_001829,emp_001824
emp_001830,emp_001905
emp_001831,emp_001830
emp_001832,emp_001830
emp_001833,emp_001830
emp_001834,emp_001830
emp_001835,emp_001830
emp_001836,emp_001830
emp_001837,emp_001839
emp_001838,emp_001839
emp_001839,emp_001905
emp_001840,emp_001839
emp_001841,emp_001839
emp_001842,emp_001839
emp_001843,emp_001847
emp_001844,emp_001847
emp_001845,emp_001847
emp_001846,emp_001847
emp_001847,emp_001905
emp_001848,emp_001847
emp_001849,emp_001847
emp_001850,emp_001847
emp_001851,emp_001847
emp_001852,emp_001855
emp_001853,emp_001855
emp_001854,emp_001855
emp_001855,emp_001905
emp_001856,emp_001861
emp_001857,emp_001861
emp_001858,emp_001861
emp_001859,emp_001861
emp_001860,emp_001861
emp_001861,emp_001905
emp_001862,emp_001864
emp_001863,emp_001864
emp_001864,emp_001905
emp_001865,emp_001864
emp_001866,emp_001864
emp_001867,emp_001864
emp_001868,emp_001864
emp_001869,emp_001864
emp_001870,emp_001864
emp_001871,emp_001873
emp_001872,emp_001873
emp_001873,emp_001905
emp_001874,emp_001873
emp_001875,emp_001873
emp_001876,emp_001881
emp_001877,emp_001881
emp_001878,emp_001881
emp_001879,emp_001881
emp_001880,emp_001881
emp_001881,emp_001905
emp_001882,emp_001881
emp_001883,emp_001905
emp_001884,emp_001883
emp_001885,emp_001883
emp_001886,emp_001883
emp_001887,emp_001883
emp_001888,emp_001883
emp_001889,emp_001890
emp_001890,emp_001905
emp_001891,emp_001890
emp_001892,emp_001890
emp_001893,emp_001890
emp_001894,emp_001890
emp_001895,emp_001890
emp_001896,emp_001890
emp_001897,emp_001890
emp_001898,emp_001890
emp_001899,emp_001902
emp_001900,emp_001902
emp_001901,emp_001902
emp_001902,emp_001905
emp_001903,emp_001905
emp_001904,emp_001905
emp_001905,emp_002222
emp_001906,emp_001905
emp_001907,emp_001905
emp_001908,emp_001912
emp_001909,emp_001912
emp_001910,emp_001912
emp_001911,emp_001912
emp_001912,emp_001905
emp_001913,emp_001912
emp_001914,emp_001918
emp_001915,emp_001918
emp_001916,emp_001918
emp_001917,emp_001918
emp_001918,emp_001905
emp_001919,emp_001918
emp_001920,emp_001918
emp_001921,emp_001928
emp_001922,emp_001928
emp_001923,emp_001928
emp_001924,emp_001928
emp_001925,emp_001928
emp_001926,emp_001928
emp_001927,emp_001928
emp_001928,emp_001905
emp_001929,emp_001934
emp_001930,emp_001934
emp_001931,emp_001934
emp_001932,emp_001934
emp_001933,emp_001934
emp_001934,emp_001905
emp_001935,emp_001934
emp_001936,emp_001944
emp_001937,emp_001944
emp_001938,emp_001944
emp_001939,emp_001944
emp_001940,emp_001944
emp_001941,emp_001944
emp_001942,emp_001944
emp_001943,emp_001944
emp_001944,emp_001905
emp_001945,emp_001951
emp_001946,emp_001951
emp_001947,emp_001951
emp_001948,emp_001951
emp_001949,emp_001951
emp_001950,emp_001951
emp_001951,emp_001905
emp_001952,emp_001951
emp_001953,emp_001905
emp_001954,emp_001953
emp_001955,emp_001953
emp_001956,emp_001953
emp_001957,emp_001960
emp_001958,emp_001960
emp_001959,emp_001960
emp_001960,emp_001905
emp_001961,emp_001905
emp_001962,emp_001961
emp_001963,emp_001961
emp_001964,emp_001961
emp_001965,emp_001961
emp_001966,emp_001905
emp_001967,emp_001966
emp_001968,emp_001966
emp_001969,emp_001966
emp_001970,emp_001966
emp_001971,emp_001972
emp_001972,emp_001905
emp_001973,emp_001976
emp_001974,emp_001976
emp_001975,emp_001976
emp_001976,emp_002222
emp_001977,emp_001976
emp_001978,emp_001976
emp_001979,emp_001976
emp_001980,emp_001976
emp_001981,emp_001976
emp_001982,emp_002222
emp_001983,emp_001982
emp_001984,emp_001982
emp_001985,emp_001982
emp_001986,emp_001982
emp_001987,emp_002222
emp_001988,emp_001987
emp_001989,emp_001987
emp_001990,emp_001987
emp_001991,emp_001987
emp_001992,emp_001987
emp_001993,emp_001987
emp_001994,emp_001987
emp_001995,emp_001987
emp_001996,emp_002222
emp_001997,emp_001996
emp_001998,emp_001996
emp_001999,emp_001996
emp_002000,emp_001996
emp_002001,emp_001996
emp_002002,emp_001996
emp_002003,emp_001996
emp_002004,emp_001996
emp_002005,emp_002007
emp_002006,emp_002007
emp_002007,emp_002222
emp_002008,emp_002007
emp_002009,emp_002007
emp_002010,emp_002007
emp_002011,emp_002007
emp_002012,emp_002013
emp_002013,emp_002222
emp_002014,emp_002013
emp_002015,emp_002013
emp_002016,emp_002013
emp_002017,emp_002023
emp_002018,emp_002023
emp_002019,emp_002023
emp_002020,emp_002023
emp_002021,emp_002023
emp_002022,emp_002023
emp_002023,emp_002222
emp_002024,emp_002023
emp_002025,emp_002023
emp_002026,emp_002027
emp_002027,emp_002222
emp_002028,emp_002027
emp_002029,emp_002027
emp_002030,emp_002027
emp_002031,emp_002034
emp_002032,emp_002034
emp_002033,emp_002034
emp_002034,emp_002222
emp_002035,emp_002034
emp_002036,emp_002034
emp_002037,emp_002034
emp_002038,emp_002044
emp_002039,emp_002044
emp_002040,emp_002044
emp_002041,emp_002044
emp_002042,emp_002044
emp_002043,emp_002044
emp_002044,emp_002222
emp_002045,emp_002047
emp_002046,emp_002047
emp_002047,emp_002222
emp_002048,emp_002047
emp_002049,emp_002047
emp_002050,emp_002047
emp_002051,emp_002047
emp_002052,emp_002047
emp_002053,emp_002047
emp_002054,emp_002056
emp_002055,emp_002056
emp_002056,emp_002222
emp_002057,emp_002056
emp_002058,emp_002056
emp_002059,emp_002056
emp_002060,emp_002056
emp_002061,emp_002222
emp_002062,emp_002061
emp_002063,emp_002061
emp_002064,emp_002061
emp_002065,emp_002061
emp_002066,emp_002061
emp_002067,emp_002061
emp_002068,emp_002222
emp_002069,emp_002068
emp_002070,emp_002068
emp_002071,emp_002068
emp_002072,emp_002068
emp_002073,emp_002068
emp_002074,emp_002068
emp_002075,emp_002068
emp_002076,emp_002068
emp_002077,emp_002080
emp_002078,emp_002080
emp_002079,emp_002080
emp_002080,emp_002222
emp_002081,emp_002080
emp_002082,emp_002080
emp_002083,emp_002086
emp_002084,emp_002086
emp_002085,emp_002086
emp_002086,emp_002222
emp_002087,emp_002086
emp_002088,emp_002086
emp_002089,emp_002086
emp_002090,emp_002086
emp_002091,emp_002096
emp_002092,emp_002096
emp_002093,emp_002096
emp_002094,emp_002096
emp_002095,emp_002096
emp_002096,emp_002222
emp_002097,emp_002096
emp_002098,emp_002222
emp_002099,emp_002098
emp_002100,emp_002098
emp_002101,emp_002098
emp_002102,emp_002098
emp_002103,emp_002098
emp_002104,emp_002098
emp_002105,emp_002106
emp_002106,emp_002222
emp_002107,emp_002106
emp_002108,emp_002106
emp_002109,emp_002110
emp_002110,emp_002222
emp_002111,emp_002110
emp_002112,emp_002110
emp_002113,emp_002110
emp_002114,emp_002110
emp_002115,emp_002222
emp_002116,emp_002115
emp_002117,emp_002115
emp_002118,emp_002115
emp_002119,emp_002122
emp_002120,emp_002122
emp_002121,emp_002122
emp_002122,emp_002222
emp_002123,emp_002122
emp_002124,emp_002122
emp_002125,emp_002122
emp_002126,emp_002122
emp_002127,emp_002136
emp_002128,emp_002136
emp_002129,emp_002136
emp_002130,emp_002136
emp_002131,emp_002136
emp_002132,emp_002136
emp_002133,emp_002136
emp_002134,emp_002136
emp_002135,emp_002136
emp_002136,emp_002222
emp_002137,emp_002136
emp_002138,emp_002222
emp_002139,emp_002138
emp_002140,emp_002138
emp_002141,emp_002138
emp_002142,emp_002138
emp_002143,emp_002138
emp_002144,emp_002145
emp_002145,emp_002222
emp_002146,emp_002145
emp_002147,emp_002145
emp_002148,emp_002145
emp_002149,emp_002145
emp_002150,emp_002145
emp_002151,emp_002145
emp_002152,emp_002156
emp_002153,emp_002156
emp_002154,emp_002156
emp_002155,emp_002156
emp_002156,emp_002222
emp_002157,emp_002156
emp_002158,emp_002156
emp_002159,emp_002156
emp_002160,emp_002156
emp_002161,emp_002164
emp_002162,emp_002164
emp_002163,emp_002164
emp_002164,emp_002222
emp_002165,emp_002171
emp_002166,emp_002171
emp_002167,emp_002171
emp_002168,emp_002171
emp_002169,emp_002171
emp_002170,emp_002171
emp_002171,emp_002222
emp_002172,emp_002171
emp_002173,emp_002174
emp_002174,emp_002222
emp_002175,emp_002174
emp_002176,emp_002174
emp_002177,emp_002174
emp_002178,emp_002174
emp_002179,emp_002180
emp_002180,emp_002222
emp_002181,emp_002180
emp_002182,emp_002180
emp_002183,emp_002180
emp_002184,emp_002180
emp_002185,emp_002188
emp_002186,emp_002188
emp_002187,emp_002188
emp_002188,emp_002222
emp_002189,emp_002188
emp_002190,emp_002188
emp_002191,emp_002188
emp_002192,emp_002188
emp_002193,emp_002195
emp_002194,emp_002195
emp_002195,emp_002222
emp_002196,emp_002195
emp_002197,emp_002195
emp_002198,emp_002222
emp_002199,emp_002198
emp_002200,emp_002198
emp_002201,emp_002198
emp_002202,emp_002198
emp_002203,emp_002206
emp_002204,emp_002206
emp_002205,emp_002206
emp_002206,emp_002222
emp_002207,emp_002206
emp_002208,emp_002206
emp_002209,emp_002206
emp_002210,emp_002206
emp_002211,emp_002213
emp_002212,emp_002213
emp_002213,emp_002222
emp_002214,emp_002213
emp_002215,emp_002213
emp_002216,emp_002213
emp_002217,emp_002213
emp_002218,emp_002213
emp_002219,emp_002213
emp_002220,emp_002222
emp_002221,emp_002222
emp_002223,emp_002222
emp_002224,emp_002222
emp_002225,emp_002222
emp_002226,emp_002222
emp_002227,emp_002232
emp_002228,emp_002232
emp_002229,emp_002232
emp_002230,emp_002232
emp_002231,emp_002232
emp_002232,emp_002222
emp_002233,emp_002232
emp_002234,emp_002232
emp_002235,emp_002222
emp_002236,emp_002235
emp_002237,emp_002235
emp_002238,emp_002235
emp_002239,emp_002222
emp_002240,emp_002239
emp_002241,emp_002239
emp_002242,emp_002239
emp_002243,emp_002239
emp_002244,emp_002239
emp_002245,emp_002246
emp_002246,emp_002222
emp_002247,emp_002246
emp_002248,emp_002246
emp_002249,emp_002246
emp_002250,emp_002246
emp_002251,emp_002246
emp_002252,emp_002255
emp_002253,emp_002255
emp_002254,emp_002255
emp_002255,emp_002222
emp_002256,emp_002255
emp_002257,emp_002259
emp_002258,emp_002259
emp_002259,emp_002222
emp_002260,emp_002259
emp_002261,emp_002259
emp_002262,emp_002259
emp_002263,emp_002259
emp_002264,emp_002259
emp_002265,emp_002267
emp_002266,emp_002267
emp_002267,emp_002222
emp_002268,emp_002267
emp_002269,emp_002267
emp_002270,emp_002267
emp_002271,emp_002267
emp_002272,emp_002273
emp_002273,emp_002222
emp_002274,emp_002273
emp_002275,emp_002273
emp_002276,emp_002273
emp_002277,emp_002273
emp_002278,emp_002273
emp_002279,emp_002222
emp_002280,emp_002279
emp_002281,emp_002279
emp_002282,emp_002279
emp_002283,emp_002279
emp_002284,emp_002291
emp_002285,emp_002291
emp_002286,emp_002291
emp_002287,emp_002291
emp_002288,emp_002291
emp_002289,emp_002291
emp_002290,emp_002291
emp_002291,emp_002553
emp_002292,emp_002291
emp_002293,emp_002294
emp_002294,emp_002553
emp_002295,emp_002294
emp_002296,emp_002294
emp_002297,emp_002299
emp_002298,emp_002299
emp_002299,emp_002553
emp_002300,emp_002299
emp_002301,emp_002299
emp_002302,emp_002303
emp_002303,emp_002553
emp_002304,emp_002303
emp_002305,emp_002303
emp_002306,emp_002303
emp_002307,emp_002303
emp_002308,emp_002303
emp_002309,emp_002303
emp_002310,emp_002315
emp_002311,emp_002315
emp_002312,emp_002315
emp_002313,emp_002315
emp_002314,emp_002315
emp_002315,emp_002553
emp_002316,emp_002321
emp_002317,emp_002321
emp_002318,emp_002321
emp_002319,emp_002321
emp_002320,emp_002321
emp_002321,emp_002553
emp_002322,emp_002321
emp_002323,emp_002321
emp_002324,emp_002321
emp_002325,emp_002321
emp_002326,emp_002327
emp_002327,emp_002553
emp_002328,emp_002327
emp_002329,emp_002327
emp_002330,emp_002327
emp_002331,emp_002327
emp_002332,emp_002327
emp_002333,emp_002327
emp_002334,emp_002327
emp_002335,emp_002553
emp_002336,emp_002335
emp_002337,emp_002335
emp_002338,emp_002335
emp_002339,emp_002335
emp_002340,emp_002553
emp_002341,emp_002340
emp_002342,emp_002340
emp_002343,emp_002340
emp_002344,emp_002340
emp_002345,emp_002553
emp_002346,emp_002345
emp_002347,emp_002345
emp_002348,emp_002345
emp_002349,emp_002355
emp_002350,emp_002355
emp_002351,emp_002355
emp_002352,emp_002355
emp_002353,emp_002355
emp_002354,emp_002355
emp_002355,emp_002553
emp_002356,emp_002553
emp_002357,emp_002356
emp_002358,emp_002356
emp_002359,emp_002356
emp_002360,emp_002356
emp_002361,emp_002364
emp_002362,emp_002364
emp_002363,emp_002364
emp_002364,emp_002553
emp_002365,emp_002364
emp_002366,emp_002367
emp_002367,emp_002553
emp_002368,emp_002367
emp_002369,emp_002367
emp_002370,emp_002375
emp_002371,emp_002375
emp_002372,emp_002375
emp_002373,emp_002375
emp_002374,emp_002375
emp_002375,emp_002553
emp_002376,emp_002375
emp_002377,emp_002375
emp_002378,emp_002382
emp_002379,emp_002382
emp_002380,emp_002382
emp_002381,emp_002382
emp_002382,emp_002553
emp_002383,emp_002386
emp_002384,emp_002386
emp_002385,emp_002386
emp_002386,emp_002553
emp_002387,emp_002386
emp_002388,emp_002390
emp_002389,emp_002390
emp_002390,emp_002553
emp_002391,emp_002392
emp_002392,emp_002553
emp_002393,emp_002392
emp_002394,emp_002392
emp_002395,emp_002392
emp_002396,emp_002392
emp_002397,emp_002392
emp_002398,emp_002553
emp_002399,emp_002398
emp_002400,emp_002398
emp_002401,emp_002398
emp_002402,emp_002398
emp_002403,emp_002398
emp_002404,emp_002398
emp_002405,emp_002407
emp_002406,emp_002407
emp_002407,emp_002553
emp_002408,emp_002407
emp_002409,emp_002407
emp_002410,emp_002407
emp_002411,emp_002407
emp_002412,emp_002407
emp_002413,emp_002416
emp_002414,emp_002416
emp_002415,emp_002416
emp_002416,emp_002553
emp_002417,emp_002416
emp_002418,emp_002416
emp_002419,emp_002416
emp_002420,emp_002416
emp_002421,emp_002416
emp_002422,emp_002423
emp_002423,emp_002553
emp_002424,emp_002423
emp_002425,emp_002423
emp_002426,emp_002423
emp_002427,emp_002423
emp_002428,emp_002423
emp_002429,emp_002553
emp_002430,emp_002429
emp_002431,emp_002429
emp_002432,emp_002429
emp_002433,emp_002429
emp_002434,emp_002429
emp_002435,emp_002436
emp_002436,emp_002553
emp_002437,emp_002436
emp_002438,emp_002439
emp_002439,emp_002553
emp_002440,emp_002439
emp_002441,emp_002439
emp_002442,emp_002439
emp_002443,emp_002439
emp_002444,emp_002439
emp_002445,emp_002450
emp_002446,emp_002450
emp_002447,emp_002450
emp_002448,emp_002450
emp_002449,emp_002450
emp_002450,emp_002553
emp_002451,emp_002450
emp_002452,emp_002458
emp_002453,emp_002458
emp_002454,emp_002458
emp_002455,emp_002458
emp_002456,emp_002458
emp_002457,emp_002458
emp_002458,emp_002553
emp_002459,emp_002460
emp_002460,emp_002553
emp_002461,emp_002460
emp_002462,emp_002463
emp_002463,emp_002553
emp_002464,emp_002463
emp_002465,emp_002463
emp_002466,emp_002463
emp_002467,emp_002463
emp_002468,emp_002463
emp_002469,emp_002463
emp_002470,emp_002463
emp_002471,emp_002478
emp_002472,emp_002478
emp_002473,emp_002478
emp_002474,emp_002478
emp_002475,emp_002478
emp_002476,emp_002478
emp_002477,emp_002478
emp_002478,emp_002553
emp_002479,emp_002483
emp_002480,emp_002483
emp_002481,emp_002483
emp_002482,emp_002483
emp_002483,emp_002553
emp_002484,emp_002483
emp_002485,emp_002490
emp_002486,emp_002490
emp_002487,emp_002490
emp_002488,emp_002490
emp_002489,emp_002490
emp_002490,emp_002553
emp_002491,emp_002553
emp_002492,emp_002491
emp_002493,emp_002491
emp_002494,emp_002500
emp_002495,emp_002500
emp_002496,emp_002500
emp_002497,emp_002500
emp_002498,emp_002500
emp_002499,emp_002500
emp_002500,emp_002553
emp_002501,emp_002504
emp_002502,emp_002504
emp_002503,emp_002504
emp_002504,emp_002553
emp_002505,emp_002504
emp_002506,emp_002504
emp_002507,emp_002510
emp_002508,emp_002510
emp_002509,emp_002510
emp_002510,emp_002553
emp_002511,emp_002513
emp_002512,emp_002513
emp_002513,emp_002553
emp_002514,emp_002513
emp_002515,emp_002513
emp_002516,emp_002513
emp_002517,emp_002513
emp_002518,emp_002513
emp_002519,emp_002513
emp_002520,emp_002513
emp_002521,emp_002527
emp_002522,emp_002527
emp_002523,emp_002527
emp_002524,emp_002527
emp_002525,emp_002527
emp_002526,emp_002527
emp_002527,emp_002553
emp_002528,emp_002527
emp_002529,emp_002527
emp_002530,emp_002527
emp_002531,emp_002535
emp_002532,emp_002535
emp_002533,emp_002535
emp_002534,emp_002535
emp_002535,emp_002553
emp_002536,emp_002535
emp_002537,emp_002535
emp_002538,emp_002535
emp_002539,emp_002540
emp_002540,emp_002553
emp_002541,emp_002540
emp_002542,emp_002540
emp_002543,emp_002540
emp_002544,emp_002540
emp_002545,emp_002546
emp_002546,emp_002553
emp_002547,emp_002546
emp_002548,emp_002546
emp_002549,emp_002553
emp_002550,emp_002553
emp_002551,emp_002553
emp_002552,emp_002553
emp_002553,emp_002222
emp_002554,emp_002553
emp_002555,emp_002553
emp_002556,emp_002555
emp_002557,emp_002555
emp_002558,emp_002555
emp_002559,emp_002555
emp_002560,emp_002555
emp_002561,emp_002555
emp_002562,emp_002565
emp_002563,emp_002565
emp_002564,emp_002565
emp_002565,emp_002553
emp_002566,emp_002565
emp_002567,emp_002565
emp_002568,emp_002570
emp_002569,emp_002570
emp_002570,emp_002553
emp_002571,emp_002570
emp_002572,emp_002570
emp_002573,emp_002570
emp_002574,emp_002580
emp_002575,emp_002580
emp_002576,emp_002580
emp_002577,emp_002580
emp_002578,emp_002580
emp_002579,emp_002580
emp_002580,emp_002553
emp_002581,emp_002553
emp_002582,emp_002581
emp_002583,emp_002581
emp_002584,emp_002581
emp_002585,emp_002587
emp_002586,emp_002587
emp_002587,emp_002553
emp_002588,emp_002587
emp_002589,emp_002587
emp_002590,emp_002587
emp_002591,emp_002587
emp_002592,emp_002587
emp_002593,emp_002553
emp_002594,emp_002593
emp_002595,emp_002593
emp_002596,emp_002593
emp_002597,emp_002593
emp_002598,emp_002593
emp_002599,emp_002593
emp_002600,emp_002593
emp_002601,emp_002593
emp_002602,emp_002603
emp_002603,emp_002553
emp_002604,emp_002603
emp_002605,emp_002603
emp_002606,emp_002603
emp_002607,emp_002603
emp_002608,emp_002609
emp_002609,emp_002553
emp_002610,emp_002609
emp_002611,emp_002609
emp_002612,emp_002609
emp_002613,emp_002553
emp_002614,emp_002613
emp_002615,emp_002613
emp_002616,emp_002613
emp_002617,emp_002613
emp_002618,emp_002613
emp_002619,emp_002613
emp_002620,emp_002613
emp_002621,emp_002613
emp_002622,emp_002613
emp_002623,emp_002613
emp_002624,emp_002628
emp_002625,emp_002628
emp_002626,emp_002628
emp_002627,emp_002628
emp_002628,emp_002553
emp_002629,emp_002628
emp_002630,emp_002628
emp_002631,emp_002628
emp_002632,emp_002628
emp_002633,emp_002634
emp_002634,emp_002553
emp_002635,emp_002640
emp_002636,emp_002640
emp_002637,emp_002640
emp_002638,emp_002640
emp_002639,emp_002640
emp_002640,emp_002553
emp_002641,emp_002643
emp_002642,emp_002643
emp_002643,emp_002553
emp_002644,emp_002643
emp_002645,emp_002553
emp_002646,emp_002645
emp_002647,emp_002645
emp_002648,emp_002645
emp_002649,emp_002645
emp_002650,emp_002652
emp_002651,emp_002652
emp_002652,emp_002553
emp_002653,emp_002652
emp_002654,emp_002652
emp_002655,emp_002658
emp_002656,emp_002658
emp_002657,emp_002658
emp_002658,emp_002553
emp_002659,emp_002658
emp_002660,emp_002658
emp_002661,emp_002658
emp_002662,emp_002553
emp_002663,emp_002662
emp_002664,emp_002662
emp_002665,emp_002662
emp_002666,emp_002662
emp_002667,emp_002662
emp_002668,emp_002670
emp_002669,emp_002670
emp_002670,emp_002553
emp_002671,emp_002670
emp_002672,emp_002675
emp_002673,emp_002675
emp_002674,emp_002675
emp_002675,emp_002553
emp_002676,emp_002677
emp_002677,emp_002553
emp_002678,emp_002553
emp_002679,emp_002678
emp_002680,emp_002678
emp_002681,emp_002678
emp_002682,emp_002678
emp_002683,emp_002678
emp_002684,emp_002686
emp_002685,emp_002686
emp_002686,emp_002553
emp_002687,emp_002686
emp_002688,emp_002686
emp_002689,emp_002686
emp_002690,emp_002686
emp_002691,emp_002693
emp_002692,emp_002693
emp_002693,emp_002553
emp_002694,emp_002693
emp_002695,emp_002693
emp_002696,emp_002693
emp_002697,emp_002693
emp_002698,emp_002693
emp_002699,emp_002704
emp_002700,emp_002704
emp_002701,emp_002704
emp_002702,emp_002704
emp_002703,emp_002704
emp_002704,emp_002553
emp_002705,emp_002704
emp_002706,emp_002704
emp_002707,emp_002709
emp_002708,emp_002709
emp_002709,emp_002553
emp_002710,emp_002709
emp_002711,emp_002709
emp_002712,emp_002709
emp_002713,emp_002709
emp_002714,emp_002718
emp_002715,emp_002718
emp_002716,emp_002718
emp_002717,emp_002718
emp_002718,emp_002553
emp_002719,emp_002718
emp_002720,emp_002722
emp_002721,emp_002722
emp_002722,emp_002553
emp_002723,emp_002722
emp_002724,emp_002722
emp_002725,emp_002722
emp_002726,emp_002722
emp_002727,emp_002722
emp_002728,emp_002722
emp_002729,emp_002722
emp_002730,emp_002722
emp_002731,emp_002735
emp_002732,emp_002735
emp_002733,emp_002735
emp_002734,emp_002735
emp_002735,emp_002553
emp_002736,emp_002737
emp_002737,emp_002553
emp_002738,emp_002737
emp_002739,emp_002737
emp_002740,emp_002741
emp_002741,emp_002553
emp_002742,emp_002741
emp_002743,emp_002741
emp_002744,emp_002741
emp_002745,emp_002741
emp_002746,emp_002747
emp_002747,emp_002553
emp_002748,emp_002747
emp_002749,emp_002747
emp_002750,emp_002747
emp_002751,emp_002747
emp_002752,emp_002747
emp_002753,emp_002757
emp_002754,emp_002757
emp_002755,emp_002757
emp_002756,emp_002757
emp_002757,emp_002553
emp_002758,emp_002757
emp_002759,emp_002757
emp_002760,emp_002757
emp_002761,emp_002757
emp_002762,emp_002764
emp_002763,emp_002764
emp_002764,emp_002553
emp_002765,emp_002764
emp_002766,emp_002764
emp_002767,emp_002764
emp_002768,emp_002770
emp_002769,emp_002770
emp_002770,emp_002553
emp_002771,emp_002772
emp_002772,emp_002553
emp_002773,emp_002772
emp_002774,emp_002772
emp_002775,emp_002772
emp_002776,emp_002772
emp_002777,emp_002772
emp_002778,emp_002772
emp_002779,emp_002553
emp_002780,emp_002779
emp_002781,emp_002779
emp_002782,emp_002779
emp_002783,emp_002779
emp_002784,emp_002779
emp_002785,emp_002787
emp_002786,emp_002787
emp_002787,emp_002553
emp_002788,emp_002787
emp_002789,emp_002792
emp_002790,emp_002792
emp_002791,emp_002792
emp_002792,emp_002553
emp_002793,emp_002792
emp_002794,emp_002798
emp_002795,emp_002798
emp_002796,emp_002798
emp_002797,emp_002798
emp_002798,emp_002553
emp_002799,emp_002798
emp_002800,emp_002798
emp_002801,emp_002553
emp_002802,emp_002801
emp_002803,emp_002801
emp_002804,emp_002553
emp_002805,emp_002804
emp_002806,emp_002804
emp_002807,emp_002804
emp_002808,emp_002804
emp_002809,emp_002804
emp_002810,emp_002804
emp_002811,emp_002804
emp_002812,emp_002804
emp_002813,emp_002553
emp_002814,emp_002813
emp_002815,emp_002813
emp_002816,emp_002813
emp_002817,emp_002813
emp_002818,emp_002813
emp_002819,emp_002820
emp_002820,emp_002553
emp_002821,emp_002820
emp_002822,emp_002820
emp_002823,emp_002820
emp_002824,emp_002820
emp_002825,emp_002820
emp_002826,emp_002832
emp_002827,emp_002832
emp_002828,emp_002832
emp_002829,emp_002832
emp_002830,emp_002832
emp_002831,emp_002832
emp_002832,emp_002553
emp_002833,emp_002832
emp_002834,emp_002832
emp_002835,emp_002553
emp_002836,emp_002835
emp_002837,emp_002835
emp_002838,emp_002835
emp_002839,emp_002835
emp_002840,emp_002841
emp_002841,emp_002553
emp_002842,emp_002841
emp_002843,emp_002841
emp_002844,emp_002841
emp_002845,emp_002841
emp_002846,emp_002841
emp_002847,emp_002848
emp_002848,emp_002553
emp_002849,emp_002848
emp_002850,emp_002848
emp_002851,emp_002848
emp_002852,emp_002848
emp_002853,emp_002855
emp_002854,emp_002855
emp_002855,emp_002553
emp_002856,emp_002855
emp_002857,emp_002855
emp_002858,emp_002855
emp_002859,emp_002855
emp_002860,emp_002553
emp_002861,emp_002860
emp_002862,emp_002860
emp_002863,emp_002860
emp_002864,emp_002860
emp_002865,emp_002860
emp_002866,emp_002860
emp_002867,emp_002860
emp_002868,emp_002860
emp_002869,emp_002860
emp_002870,emp_002860
emp_002871,emp_002553
emp_002872,emp_002871
emp_002873,emp_002871
emp_002874,emp_002871
emp_002875,emp_002877
emp_002876,emp_002877
emp_002877,emp_002553
emp_002878,emp_002877
emp_002879,emp_002877
emp_002880,emp_002877
emp_002881,emp_002882
emp_002882,emp_002553
emp_002883,emp_002882
emp_002884,emp_002882
emp_002885,emp_002882
emp_002886,emp_002882
emp_002887,emp_002882
emp_002888,emp_002882
emp_002889,emp_002882
emp_002890,emp_002882
emp_002891,emp_002882
emp_002892,emp_002895
emp_002893,emp_002895
emp_002894,emp_002895
emp_002895,emp_002553
emp_002896,emp_002895
emp_002897,emp_002901
emp_002898,emp_002901
emp_002899,emp_002901
emp_002900,emp_002901
emp_002901,emp_002553
emp_002902,emp_002901
emp_002903,emp_002901
emp_002904,emp_002901
emp_002905,emp_002901
emp_002906,emp_002901
emp_002907,emp_002910
emp_002908,emp_002910
emp_002909,emp_002910
emp_002910,emp_002553
emp_002911,emp_002910
emp_002912,emp_002910
emp_002913,emp_002910
emp_002914,emp_002915
emp_002915,emp_002553
emp_002916,emp_002915
emp_002917,emp_002915
emp_002918,emp_002915
emp_002919,emp_002915
emp_002920,emp_002915
emp_002921,emp_002915
emp_002922,emp_002915
emp_002923,emp_002925
emp_002924,emp_002925
emp_002925,emp_002553
emp_002926,emp_002925
emp_002927,emp_002925
emp_002928,emp_002925
emp_002929,emp_002925
emp_002930,emp_002925
emp_002931,emp_002934
emp_002932,emp_002934
emp_002933,emp_002934
emp_002934,emp_002553
emp_002935,emp_002934
emp_002936,emp_002934
emp_002937,emp_002934
emp_002938,emp_002553
emp_002939,emp_002938
emp_002940,emp_002938
emp_002941,emp_002938
emp_002942,emp_002938
emp_002943,emp_002947
emp_002944,emp_002947
emp_002945,emp_002947
emp_002946,emp_002947
emp_002947,emp_002553
emp_002948,emp_002947
emp_002949,emp_002953
emp_002950,emp_002953
emp_002951,emp_002953
emp_002952,emp_002953
emp_002953,emp_002553
emp_002954,emp_002953
emp_002955,emp_002953
emp_002956,emp_002953
emp_002957,emp_002958
emp_002958,emp_002553
emp_002959,emp_002958
emp_002960,emp_002958
emp_002961,emp_002958
emp_002962,emp_002958
emp_002963,emp_002965
emp_002964,emp_002965
emp_002965,emp_002553
emp_002966,emp_002965
emp_002967,emp_002971
emp_002968,emp_002971
emp_002969,emp_002971
emp_002970,emp_002971
emp_002971,emp_002553
emp_002972,emp_002979
emp_002973,emp_002979
emp_002974,emp_002979
emp_002975,emp_002979
emp_002976,emp_002979
emp_002977,emp_002979
emp_002978,emp_002979
emp_002979,emp_002553
emp_002980,emp_002979
emp_002981,emp_002982
emp_002982,emp_002553
emp_002983,emp_002982
emp_002984,emp_002982
emp_002985,emp_002982
emp_002986,emp_002982
emp_002987,emp_002982
emp_002988,emp_002982
emp_002989,emp_002982
emp_002990,emp_002982
emp_002991,emp_002993
emp_002992,emp_002993
emp_002993,emp_002553
emp_002994,emp_002993
emp_002995,emp_002993
emp_002996,emp_002553
emp_002997,emp_002996
emp_002998,emp_002996
emp_002999,emp_002996
emp_003000,emp_002996
emp_003001,emp_002996
emp_003002,emp_003008
emp_003003,emp_003008
emp_003004,emp_003008
emp_003005,emp_003008
emp_003006,emp_003008
emp_003007,emp_003008
emp_003008,emp_002553
emp_003009,emp_003008
emp_003010,emp_003008
emp_003011,emp_003012
emp_003012,emp_002553
emp_003013,emp_003012
emp_003014,emp_003012
emp_003015,emp_003012
emp_003016,emp_003012
emp_003017,emp_003012
emp_003018,emp_002553
emp_003019,emp_003018
emp_003020,emp_003018
emp_003021,emp_003018
emp_003022,emp_003018
emp_003023,emp_003018
emp_003024,emp_003018
emp_003025,emp_003030
emp_003026,emp_003030
emp_003027,emp_003030
emp_003028,emp_003030
emp_003029,emp_003030
emp_003030,emp_002553
emp_003031,emp_003030
emp_003032,emp_003030
emp_003033,emp_003036
emp_003034,emp_003036
emp_003035,emp_003036
emp_003036,emp_002553
emp_003037,emp_002553
emp_003038,emp_003037
emp_003039,emp_003037
emp_003040,emp_003037
emp_003041,emp_003037
emp_003042,emp_002553
emp_003043,emp_003042
emp_003044,emp_003042
emp_003045,emp_003042
emp_003046,emp_003042
emp_003047,emp_003042
emp_003048,emp_003042
emp_003049,emp_003042
emp_003050,emp_002553
emp_003051,emp_003050
emp_003052,emp_003050
emp_003053,emp_003050
emp_003054,emp_003050
emp_003055,emp_003050
emp_003056,emp_003050
emp_003057,emp_003062
emp_003058,emp_003062
emp_003059,emp_003062
emp_003060,emp_003062
emp_003061,emp_003062
emp_003062,emp_002553
emp_003063,emp_003062
emp_003064,emp_003065
emp_003065,emp_002553
emp_003066,emp_003065
emp_003067,emp_003065
emp_003068,emp_003065
emp_003069,emp_003065
emp_003070,emp_003065
emp_003071,emp_002553
emp_003072,emp_003077
emp_003073,emp_003077
emp_003074,emp_003077
emp_003075,emp_003077
emp_003076,emp_003077
emp_003077,emp_003513
emp_003078,emp_003077
emp_003079,emp_003082
emp_003080,emp_003082
emp_003081,emp_003082
emp_003082,emp_003513
emp_003083,emp_003082
emp_003084,emp_003082
emp_003085,emp_003082
emp_003086,emp_003082
emp_003087,emp_003082
emp_003088,emp_003092
emp_003089,emp_003092
emp_003090,emp_003092
emp_003091,emp_003092
emp_003092,emp_003513
emp_003093,emp_003092
emp_003094,emp_003092
emp_003095,emp_003092
emp_003096,emp_003103
emp_003097,emp_003103
emp_003098,emp_003103
emp_003099,emp_003103
emp_003100,emp_003103
emp_003101,emp_003103
emp_003102,emp_003103
emp_003103,emp_003513
emp_003104,emp_003107
emp_003105,emp_003107
emp_003106,emp_003107
emp_003107,emp_003513
emp_003108,emp_003107
emp_003109,emp_003111
emp_003110,emp_003111
emp_003111,emp_003513
emp_003112,emp_003111
emp_003113,emp_003111
emp_003114,emp_003111
emp_003115,emp_003120
emp_003116,emp_003120
emp_003117,emp_003120
emp_003118,emp_003120
emp_003119,emp_003120
emp_003120,emp_003513
emp_003121,emp_003124
emp_003122,emp_003124
emp_003123,emp_003124
emp_003124,emp_003513
emp_003125,emp_003124
emp_003126,emp_003128
emp_003127,emp_003128
emp_003128,emp_003513
emp_003129,emp_003128
emp_003130,emp_003128
emp_003131,emp_003136
emp_003132,emp_003136
emp_003133,emp_003136
emp_003134,emp_003136
emp_003135,emp_003136
emp_003136,emp_003513
emp_003137,emp_003136
emp_003138,emp_003136
emp_003139,emp_003141
emp_003140,emp_003141
emp_003141,emp_003513
emp_003142,emp_003141
emp_003143,emp_003141
emp_003144,emp_003141
emp_003145,emp_003141
emp_003146,emp_003141
emp_003147,emp_003149
emp_003148,emp_003149
emp_003149,emp_003513
emp_003150,emp_003149
emp_003151,emp_003149
emp_003152,emp_003149
emp_003153,emp_003149
emp_003154,emp_003149
emp_003155,emp_003160
emp_003156,emp_003160
emp_003157,emp_003160
emp_003158,emp_003160
emp_003159,emp_003160
emp_003160,emp_003513
emp_003161,emp_003160
emp_003162,emp_003160
emp_003163,emp_003160
emp_003164,emp_003160
emp_003165,emp_003169
emp_003166,emp_003169
emp_003167,emp_003169
emp_003168,emp_003169
emp_003169,emp_003513
emp_003170,emp_003169
emp_003171,emp_003169
emp_003172,emp_003513
emp_003173,emp_003172
emp_003174,emp_003172
emp_003175,emp_003172
emp_003176,emp_003172
emp_003177,emp_003172
emp_003178,emp_003172
emp_003179,emp_003181
emp_003180,emp_003181
emp_003181,emp_003513
emp_003182,emp_003181
emp_003183,emp_003181
emp_003184,emp_003181
emp_003185,emp_003181
emp_003186,emp_003188
emp_003187,emp_003188
emp_003188,emp_003513
emp_003189,emp_003191
emp_003190,emp_003191
emp_003191,emp_003513
emp_003192,emp_003191
emp_003193,emp_003199
emp_003194,emp_003199
emp_003195,emp_003199
emp_003196,emp_003199
emp_003197,emp_003199
emp_003198,emp_003199
emp_003199,emp_003513
emp_003200,emp_003204
emp_003201,emp_003204
emp_003202,emp_003204
emp_003203,emp_003204
emp_003204,emp_003513
emp_003205,emp_003204
emp_003206,emp_003209
emp_003207,emp_003209
emp_003208,emp_003209
emp_003209,emp_003513
emp_003210,emp_003209
emp_003211,emp_003209
emp_003212,emp_003215
emp_003213,emp_003215
emp_003214,emp_003215
emp_003215,emp_003513
emp_003216,emp_003221
emp_003217,emp_003221
emp_003218,emp_003221
emp_003219,emp_003221
emp_003220,emp_003221
emp_003221,emp_003513
emp_003222,emp_003221
emp_003223,emp_003228
emp_003224,emp_003228
emp_003225,emp_003228
emp_003226,emp_003228
emp_003227,emp_003228
emp_003228,emp_003513
emp_003229,emp_003513
emp_003230,emp_003229
emp_003231,emp_003229
emp_003232,emp_003229
emp_003233,emp_003229
emp_003234,emp_003229
emp_003235,emp_003229
emp_003236,emp_003242
emp_003237,emp_003242
emp_003238,emp_003242
emp_003239,emp_003242
emp_003240,emp_003242
emp_003241,emp_003242
emp_003242,emp_003513
emp_003243,emp_003244
emp_003244,emp_003513
emp_003245,emp_003244
emp_003246,emp_003249
emp_003247,emp_003249
emp_003248,emp_003249
emp_003249,emp_003513
emp_003250,emp_003249
emp_003251,emp_003249
emp_003252,emp_003249
emp_003253,emp_003249
emp_003254,emp_003249
emp_003255,emp_003256
emp_003256,emp_003513
emp_003257,emp_003256
emp_003258,emp_003256
emp_003259,emp_003261
emp_003260,emp_003261
emp_003261,emp_003513
emp_003262,emp_003261
emp_003263,emp_003261
emp_003264,emp_003261
emp_003265,emp_003270
emp_003266,emp_003270
emp_003267,emp_003270
emp_003268,emp_003270
emp_003269,emp_003270
emp_003270,emp_003513
emp_003271,emp_003277
emp_003272,emp_003277
emp_003273,emp_003277
emp_003274,emp_003277
emp_003275,emp_003277
emp_003276,emp_003277
emp_003277,emp_003513
emp_003278,emp_003277
emp_003279,emp_003277
emp_003280,emp_003285
emp_003281,emp_003285
emp_003282,emp_003285
emp_003283,emp_003285
emp_003284,emp_003285
emp_003285,emp_003513
emp_003286,emp_003285
emp_003287,emp_003288
emp_003288,emp_003513
emp_003289,emp_003288
emp_003290,emp_003288
emp_003291,emp_003288
emp_003292,emp_003288
emp_003293,emp_003288
emp_003294,emp_003288
emp_003295,emp_003513
emp_003296,emp_003295
emp_003297,emp_003295
emp_003298,emp_003295
emp_003299,emp_003295
emp_003300,emp_003295
emp_003301,emp_003295
emp_003302,emp_003305
emp_003303,emp_003305
emp_003304,emp_003305
emp_003305,emp_003513
emp_003306,emp_003305
emp_003307,emp_003305
emp_003308,emp_003310
emp_003309,emp_003310
emp_003310,emp_003513
emp_003311,emp_003310
emp_003312,emp_003310
emp_003313,emp_003314
emp_003314,emp_003513
emp_003315,emp_003314
emp_003316,emp_003314
emp_003317,emp_003314
emp_003318,emp_003314
emp_003319,emp_003324
emp_003320,emp_003324
emp_003321,emp_003324
emp_003322,emp_003324
emp_003323,emp_003324
emp_003324,emp_003513
emp_003325,emp_003324
emp_003326,emp_003513
emp_003327,emp_003326
emp_003328,emp_003326
emp_003329,emp_003326
emp_003330,emp_003326
emp_003331,emp_003326
emp_003332,emp_003326
emp_003333,emp_003335
emp_003334,emp_003335
emp_003335,emp_003513
emp_003336,emp_003335
emp_003337,emp_003335
emp_003338,emp_003341
emp_003339,emp_003341
emp_003340,emp_003341
emp_003341,emp_003513
emp_003342,emp_003341
emp_003343,emp_003341
emp_003344,emp_003341
emp_003345,emp_003341
emp_003346,emp_003341
emp_003347,emp_003352
emp_003348,emp_003352
emp_003349,emp_003352
emp_003350,emp_003352
emp_003351,emp_003352
emp_003352,emp_003513
emp_003353,emp_003352
emp_003354,emp_003356
emp_003355,emp_003356
emp_003356,emp_003513
emp_003357,emp_003356
emp_003358,emp_003513
emp_003359,emp_003358
emp_003360,emp_003358
emp_003361,emp_003358
emp_003362,emp_003358
emp_003363,emp_003358
emp_003364,emp_003358
emp_003365,emp_003358
emp_003366,emp_003358
emp_003367,emp_003368
emp_003368,emp_003513
emp_003369,emp_003368
emp_003370,emp_003374
emp_003371,emp_003374
emp_003372,emp_003374
emp_003373,emp_003374
emp_003374,emp_003513
emp_003375,emp_003374
emp_003376,emp_003374
emp_003377,emp_003380
emp_003378,emp_003380
emp_003379,emp_003380
emp_003380,emp_003513
emp_003381,emp_003380
emp_003382,emp_003513
emp_003383,emp_003382
emp_003384,emp_003382
emp_003385,emp_003382
emp_003386,emp_003382
emp_003387,emp_003382
emp_003388,emp_003382
emp_003389,emp_003382
emp_003390,emp_003382
emp_003391,emp_003382
emp_003392,emp_003398
emp_003393,emp_003398
emp_003394,emp_003398
emp_003395,emp_003398
emp_003396,emp_003398
emp_003397,emp_003398
emp_003398,emp_003513
emp_003399,emp_003398
emp_003400,emp_003402
emp_003401,emp_003402
emp_003402,emp_003513
emp_003403,emp_003402
emp_003404,emp_003411
emp_003405,emp_003411
emp_003406,emp_003411
emp_003407,emp_003411
emp_003408,emp_003411
emp_003409,emp_003411
emp_003410,emp_003411
emp_003411,emp_003513
emp_003412,emp_003411
emp_003413,emp_003414
emp_003414,emp_003513
emp_003415,emp_003417
emp_003416,emp_003417
emp_003417,emp_003513
emp_003418,emp_003417
emp_003419,emp_003417
emp_003420,emp_003417
emp_003421,emp_003417
emp_003422,emp_003417
emp_003423,emp_003428
emp_003424,emp_003428
emp_003425,emp_003428
emp_003426,emp_003428
emp_003427,emp_003428
emp_003428,emp_003513
emp_003429,emp_003431
emp_003430,emp_003431
emp_003431,emp_003513
emp_003432,emp_003431
emp_003433,emp_003431
emp_003434,emp_003440
emp_003435,emp_003440
emp_003436,emp_003440
emp_003437,emp_003440
emp_003438,emp_003440
emp_003439,emp_003440
emp_003440,emp_003513
emp_003441,emp_003440
emp_003442,emp_003445
emp_003443,emp_003445
emp_003444,emp_003445
emp_003445,emp_003513
emp_003446,emp_003445
emp_003447,emp_003445
emp_003448,emp_003445
emp_003449,emp_003445
emp_003450,emp_003513
emp_003451,emp_003450
emp_003452,emp_003450
emp_003453,emp_003450
emp_003454,emp_003450
emp_003455,emp_003450
emp_003456,emp_003450
emp_003457,emp_003458
emp_003458,emp_003513
emp_003459,emp_003458
emp_003460,emp_003458
emp_003461,emp_003458
emp_003462,emp_003458
emp_003463,emp_003458
emp_003464,emp_003466
emp_003465,emp_003466
emp_003466,emp_003513
emp_003467,emp_003466
emp_003468,emp_003466
emp_003469,emp_003466
emp_003470,emp_003466
emp_003471,emp_003513
emp_003472,emp_003471
emp_003473,emp_003471
emp_003474,emp_003471
emp_003475,emp_003471
emp_003476,emp_003471
emp_003477,emp_003478
emp_003478,emp_003513
emp_003479,emp_003478
emp_003480,emp_003478
emp_003481,emp_003478
emp_003482,emp_003478
emp_003483,emp_003478
emp_003484,emp_003478
emp_003485,emp_003513
emp_003486,emp_003485
emp_003487,emp_003485
emp_003488,emp_003489
emp_003489,emp_003513
emp_003490,emp_003496
emp_003491,emp_003496
emp_003492,emp_003496
emp_003493,emp_003496
emp_003494,emp_003496
emp_003495,emp_003496
emp_003496,emp_003513
emp_003497,emp_003513
emp_003498,emp_003497
emp_003499,emp_003497
emp_003500,emp_003497
emp_003501,emp_003497
emp_003502,emp_003497
emp_003503,emp_003497
emp_003504,emp_003513
emp_003505,emp_003504
emp_003506,emp_003504
emp_003507,emp_003504
emp_003508,emp_003504
emp_003509,emp_003511
emp_003510,emp_003511
emp_003511,emp_003513
emp_003512,emp_003511
emp_003513,emp_002222
emp_003514,emp_003513
emp_003515,emp_003513
emp_003516,emp_003513
emp_003517,emp_003513
emp_003518,emp_003513
emp_003519,emp_003513
emp_003520,emp_003513
emp_003521,emp_003513
emp_003522,emp_003524
emp_003523,emp_003524
emp_003524,emp_003513
emp_003525,emp_003524
emp_003526,emp_003524
emp_003527,emp_003530
emp_003528,emp_003530
emp_003529,emp_003530
emp_003530,emp_003513
emp_003531,emp_003530
emp_003532,emp_003534
emp_003533,emp_003534
emp_003534,emp_003513
emp_003535,emp_003534
emp_003536,emp_003534
emp_003537,emp_003538
emp_003538,emp_003513
emp_003539,emp_003538
emp_003540,emp_003538
emp_003541,emp_003538
emp_003542,emp_003538
emp_003543,emp_003538
emp_003544,emp_003538
emp_003545,emp_003513
emp_003546,emp_003545
emp_003547,emp_003552
emp_003548,emp_003552
emp_003549,emp_003552
emp_003550,emp_003552
emp_003551,emp_003552
emp_003552,emp_003513
emp_003553,emp_003513
emp_003554,emp_003553
emp_003555,emp_003553
emp_003556,emp_003553
emp_003557,emp_003553
emp_003558,emp_003562
emp_003559,emp_003562
emp_003560,emp_003562
emp_003561,emp_003562
emp_003562,emp_003513
emp_003563,emp_003562
emp_003564,emp_003570
emp_003565,emp_003570
emp_003566,emp_003570
emp_003567,emp_003570
emp_003568,emp_003570
emp_003569,emp_003570
emp_003570,emp_003513
emp_003571,emp_003570
emp_003572,emp_003573
emp_003573,emp_003513
emp_003574,emp_003573
emp_003575,emp_003573
emp_003576,emp_003573
emp_003577,emp_003573
emp_003578,emp_003580
emp_003579,emp_003580
emp_003580,emp_003513
emp_003581,emp_003582
emp_003582,emp_003859
emp_003583,emp_003582
emp_003584,emp_003585
emp_003585,emp_003859
emp_003586,emp_003585
emp_003587,emp_003585
emp_003588,emp_003585
emp_003589,emp_003591
emp_003590,emp_003591
emp_003591,emp_003859
emp_003592,emp_003591
emp_003593,emp_003594
emp_003594,emp_003859
emp_003595,emp_003594
emp_003596,emp_003594
emp_003597,emp_003594
emp_003598,emp_003594
emp_003599,emp_003594
emp_003600,emp_003601
emp_003601,emp_003859
emp_003602,emp_003601
emp_003603,emp_003601
emp_003604,emp_003601
emp_003605,emp_003601
emp_003606,emp_003608
emp_003607,emp_003608
emp_003608,emp_003859
emp_003609,emp_003608
emp_003610,emp_003608
emp_003611,emp_003608
emp_003612,emp_003615
emp_003613,emp_003615
emp_003614,emp_003615
emp_003615,emp_003859
emp_003616,emp_003615
emp_003617,emp_003615
emp_003618,emp_003615
emp_003619,emp_003620
emp_003620,emp_003859
emp_003621,emp_003620
emp_003622,emp_003620
emp_003623,emp_003620
emp_003624,emp_003859
emp_003625,emp_003624
emp_003626,emp_003624
emp_003627,emp_003624
emp_003628,emp_003859
emp_003629,emp_003628
emp_003630,emp_003632
emp_003631,emp_003632
emp_003632,emp_003859
emp_003633,emp_003632
emp_003634,emp_003632
emp_003635,emp_003632
emp_003636,emp_003637
emp_003637,emp_003859
emp_003638,emp_003637
emp_003639,emp_003637
emp_003640,emp_003637
emp_003641,emp_003637
emp_003642,emp_003643
emp_003643,emp_003859
emp_003644,emp_003643
emp_003645,emp_003643
emp_003646,emp_003643
emp_003647,emp_003643
emp_003648,emp_003859
emp_003649,emp_003648
emp_003650,emp_003648
emp_003651,emp_003648
emp_003652,emp_003648
emp_003653,emp_003656
emp_003654,emp_003656
emp_003655,emp_003656
emp_003656,emp_003859
emp_003657,emp_003656
emp_003658,emp_003656
emp_003659,emp_003656
emp_003660,emp_003656
emp_003661,emp_003656
emp_003662,emp_003665
emp_003663,emp_003665
emp_003664,emp_003665
emp_003665,emp_003859
emp_003666,emp_003665
emp_003667,emp_003676
emp_003668,emp_003676
emp_003669,emp_003676
emp_003670,emp_003676
emp_003671,emp_003676
emp_003672,emp_003676
emp_003673,emp_003676
emp_003674,emp_003676
emp_003675,emp_003676
emp_003676,emp_003859
emp_003677,emp_003679
emp_003678,emp_003679
emp_003679,emp_003859
emp_003680,emp_003679
emp_003681,emp_003679
emp_003682,emp_003679
emp_003683,emp_003684
emp_003684,emp_003859
emp_003685,emp_003684
emp_003686,emp_003684
emp_003687,emp_003684
emp_003688,emp_003691
emp_003689,emp_003691
emp_003690,emp_003691
emp_003691,emp_003859
emp_003692,emp_003691
emp_003693,emp_003691
emp_003694,emp_003859
emp_003695,emp_003694
emp_003696,emp_003694
emp_003697,emp_003694
emp_003698,emp_003694
emp_003699,emp_003694
emp_003700,emp_003705
emp_003701,emp_003705
emp_003702,emp_003705
emp_003703,emp_003705
emp_003704,emp_003705
emp_003705,emp_003859
emp_003706,emp_003705
emp_003707,emp_003709
emp_003708,emp_003709
emp_003709,emp_003859
emp_003710,emp_003709
emp_003711,emp_003709
emp_003712,emp_003709
emp_003713,emp_003709
emp_003714,emp_003709
emp_003715,emp_003709
emp_003716,emp_003709
emp_003717,emp_003723
emp_003718,emp_003723
emp_003719,emp_003723
emp_003720,emp_003723
emp_003721,emp_003723
emp_003722,emp_003723
emp_003723,emp_003859
emp_003724,emp_003725
emp_003725,emp_003859
emp_003726,emp_003725
emp_003727,emp_003725
emp_003728,emp_003725
emp_003729,emp_003725
emp_003730,emp_003725
emp_003731,emp_003725
emp_003732,emp_003737
emp_003733,emp_003737
emp_003734,emp_003737
emp_003735,emp_003737
emp_003736,emp_003737
emp_003737,emp_003859
emp_003738,emp_003737
emp_003739,emp_003737
emp_003740,emp_003859
emp_003741,emp_003740
emp_003742,emp_003740
emp_003743,emp_003740
emp_003744,emp_003740
emp_003745,emp_003740
emp_003746,emp_003740
emp_003747,emp_003748
emp_003748,emp_003859
emp_003749,emp_003748
emp_003750,emp_003748
emp_003751,emp_003748
emp_003752,emp_003748
emp_003753,emp_003748
emp_003754,emp_003748
emp_003755,emp_003748
emp_003756,emp_003748
emp_003757,emp_003759
emp_003758,emp_003759
emp_003759,emp_003859
emp_003760,emp_003759
emp_003761,emp_003759
emp_003762,emp_003759
emp_003763,emp_003765
emp_003764,emp_003765
emp_003765,emp_003859
emp_003766,emp_003765
emp_003767,emp_003765
emp_003768,emp_003770
emp_003769,emp_003770
emp_003770,emp_003859
emp_003771,emp_003770
emp_003772,emp_003774
emp_003773,emp_003774
emp_003774,emp_003859
emp_003775,emp_003774
emp_003776,emp_003774
emp_003777,emp_003774
emp_003778,emp_003859
emp_003779,emp_003778
emp_003780,emp_003859
emp_003781,emp_003780
emp_003782,emp_003780
emp_003783,emp_003780
emp_003784,emp_003780
emp_003785,emp_003780
emp_003786,emp_003780
emp_003787,emp_003780
emp_003788,emp_003792
emp_003789,emp_003792
emp_003790,emp_003792
emp_003791,emp_003792
emp_003792,emp_003859
emp_003793,emp_003798
emp_003794,emp_003798
emp_003795,emp_003798
emp_003796,emp_003798
emp_003797,emp_003798
emp_003798,emp_003859
emp_003799,emp_003798
emp_003800,emp_003798
emp_003801,emp_003803
emp_003802,emp_003803
emp_003803,emp_003859
emp_003804,emp_003803
emp_003805,emp_003803
emp_003806,emp_003803
emp_003807,emp_003803
emp_003808,emp_003811
emp_003809,emp_003811
emp_003810,emp_003811
emp_003811,emp_003859
emp_003812,emp_003819
emp_003813,emp_003819
emp_003814,emp_003819
emp_003815,emp_003819
emp_003816,emp_003819
emp_003817,emp_003819
emp_003818,emp_003819
emp_003819,emp_003859
emp_003820,emp_003819
emp_003821,emp_003819
emp_003822,emp_003819
emp_003823,emp_003825
emp_003824,emp_003825
emp_003825,emp_003859
emp_003826,emp_003825
emp_003827,emp_003825
emp_003828,emp_003831
emp_003829,emp_003831
emp_003830,emp_003831
emp_003831,emp_003859
emp_003832,emp_003831
emp_003833,emp_003859
emp_003834,emp_003833
emp_003835,emp_003833
emp_003836,emp_003833
emp_003837,emp_003833
emp_003838,emp_003833
emp_003839,emp_003843
emp_003840,emp_003843
emp_003841,emp_003843
emp_003842,emp_003843
emp_003843,emp_003859
emp_003844,emp_003843
emp_003845,emp_003843
emp_003846,emp_003847
emp_003847,emp_003859
emp_003848,emp_003847
emp_003849,emp_003847
emp_003850,emp_003853
emp_003851,emp_003853
emp_003852,emp_003853
emp_003853,emp_003859
emp_003854,emp_003853
emp_003855,emp_003853
emp_003856,emp_003853
emp_003857,emp_003853
emp_003858,emp_003859
emp_003859,emp_002222
emp_003860,emp_003859
emp_003861,emp_003859
emp_003862,emp_003859
emp_003863,emp_003859
emp_003864,emp_003859
emp_003865,emp_003866
emp_003866,emp_003859
emp_003867,emp_003866
emp_003868,emp_003866
emp_003869,emp_003866
emp_003870,emp_003866
emp_003871,emp_003873
emp_003872,emp_003873
emp_003873,emp_003859
emp_003874,emp_003873
emp_003875,emp_003877
emp_003876,emp_003877
emp_003877,emp_003859
emp_003878,emp_003877
emp_003879,emp_003877
emp_003880,emp_003877
emp_003881,emp_003877
emp_003882,emp_003884
emp_003883,emp_003884
emp_003884,emp_003859
emp_003885,emp_003884
emp_003886,emp_003884
emp_003887,emp_003884
emp_003888,emp_003889
emp_003889,emp_003859
emp_003890,emp_003891
emp_003891,emp_003859
emp_003892,emp_003891
emp_003893,emp_003891
emp_003894,emp_003891
emp_003895,emp_003891
emp_003896,emp_003891
emp_003897,emp_003898
emp_003898,emp_003859
emp_003899,emp_003898
emp_003900,emp_003898
emp_003901,emp_003898
emp_003902,emp_003904
emp_003903,emp_003904
emp_003904,emp_003859
emp_003905,emp_003904
emp_003906,emp_003904
emp_003907,emp_003904
emp_003908,emp_003911
emp_003909,emp_003911
emp_003910,emp_003911
emp_003911,emp_003859
emp_003912,emp_003911
emp_003913,emp_003917
emp_003914,emp_003917
emp_003915,emp_003917
emp_003916,emp_003917
emp_003917,emp_003859
emp_003918,emp_003917
emp_003919,emp_003924
emp_003920,emp_003924
emp_003921,emp_003924
emp_003922,emp_003924
emp_003923,emp_003924
emp_003924,emp_003859
emp_003925,emp_003930
emp_003926,emp_003930
emp_003927,emp_003930
emp_003928,emp_003930
emp_003929,emp_003930
emp_003930,emp_003859
emp_003931,emp_003859
emp_003932,emp_003931
emp_003933,emp_003931
emp_003934,emp_003931
emp_003935,emp_003931
emp_003936,emp_003931
emp_003937,emp_003940
emp_003938,emp_003940
emp_003939,emp_003940
emp_003940,emp_003859
emp_003941,emp_003940
emp_003942,emp_003944
emp_003943,emp_003944
emp_003944,emp_003859
emp_003945,emp_003944
emp_003946,emp_003944
emp_003947,emp_003944
emp_003948,emp_003944
emp_003949,emp_003944
emp_003950,emp_003952
emp_003951,emp_003952
emp_003952,emp_003859
emp_003953,emp_003952
emp_003954,emp_003952
emp_003955,emp_003952
emp_003956,emp_003952
emp_003957,emp_003958
emp_003958,emp_003859
emp_003959,emp_003958
emp_003960,emp_003958
emp_003961,emp_003958
emp_003962,emp_003958
emp_003963,emp_003958
emp_003964,emp_003958
emp_003965,emp_003969
emp_003966,emp_003969
emp_003967,emp_003969
emp_003968,emp_003969
emp_003969,emp_003859
emp_003970,emp_003969
emp_003971,emp_003969
emp_003972,emp_003969
emp_003973,emp_003969
emp_003974,emp_003859
emp_003975,emp_003974
emp_003976,emp_003974
emp_003977,emp_003974
emp_003978,emp_003974
emp_003979,emp_003980
emp_003980,emp_003859
emp_003981,emp_003980
emp_003982,emp_003980
emp_003983,emp_003980
emp_003984,emp_003980
emp_003985,emp_003980
emp_003986,emp_003859
emp_003987,emp_003986
emp_003988,emp_003986
emp_003989,emp_003986
emp_003990,emp_003986
emp_003991,emp_003859
emp_003992,emp_003991
emp_003993,emp_003991
emp_003994,emp_003991
emp_003995,emp_003991
emp_003996,emp_003998
emp_003997,emp_003998
emp_003998,emp_003859
emp_003999,emp_003998
emp_004000,emp_003998
emp_004001,emp_003998
emp_004002,emp_003998
emp_004003,emp_003998
emp_004004,emp_003998
emp_004005,emp_003859
emp_004006,emp_004005
emp_004007,emp_004005
emp_004008,emp_004005
emp_004009,emp_004005
emp_004010,emp_004016
emp_004011,emp_004016
emp_004012,emp_004016
emp_004013,emp_004016
emp_004014,emp_004016
emp_004015,emp_004016
emp_004016,emp_003859
emp_004017,emp_004016
emp_004018,emp_004016
emp_004019,emp_004016
emp_004020,emp_004016
emp_004021,emp_004022
emp_004022,emp_003859
emp_004023,emp_004022
emp_004024,emp_004022
emp_004025,emp_004022
emp_004026,emp_004022
emp_004027,emp_004022
emp_004028,emp_004022
emp_004029,emp_004022
emp_004030,emp_004022
emp_004031,emp_004022
emp_004032,emp_004033
emp_004033,emp_003859
emp_004034,emp_004036
emp_004035,emp_004036
emp_004036,emp_003859
emp_004037,emp_004036
emp_004038,emp_004036
emp_004039,emp_004036
emp_004040,emp_004036
emp_004041,emp_004036
emp_004042,emp_003859
emp_004043,emp_004042
emp_004044,emp_004049
emp_004045,emp_004049
emp_004046,emp_004049
emp_004047,emp_004049
emp_004048,emp_004049
emp_004049,emp_004179
emp_004050,emp_004049
emp_004051,emp_004049
emp_004052,emp_004179
emp_004053,emp_004052
emp_004054,emp_004052
emp_004055,emp_004052
emp_004056,emp_004052
emp_004057,emp_004052
emp_004058,emp_004052
emp_004059,emp_004179
emp_004060,emp_004059
emp_004061,emp_004064
emp_004062,emp_004064
emp_004063,emp_004064
emp_004064,emp_004179
emp_004065,emp_004064
emp_004066,emp_004064
emp_004067,emp_004064
emp_004068,emp_004070
emp_004069,emp_004070
emp_004070,emp_004179
emp_004071,emp_004070
emp_004072,emp_004070
emp_004073,emp_004070
emp_004074,emp_004070
emp_004075,emp_004070
emp_004076,emp_004070
emp_004077,emp_004078
emp_004078,emp_004179
emp_004079,emp_004078
emp_004080,emp_004078
emp_004081,emp_004078
emp_004082,emp_004078
emp_004083,emp_004078
emp_004084,emp_004093
emp_004085,emp_004093
emp_004086,emp_004093
emp_004087,emp_004093
emp_004088,emp_004093
emp_004089,emp_004093
emp_004090,emp_004093
emp_004091,emp_004093
emp_004092,emp_004093
emp_004093,emp_004179
emp_004094,emp_004098
emp_004095,emp_004098
emp_004096,emp_004098
emp_004097,emp_004098
emp_004098,emp_004179
emp_004099,emp_004103
emp_004100,emp_004103
emp_004101,emp_004103
emp_004102,emp_004103
emp_004103,emp_004179
emp_004104,emp_004103
emp_004105,emp_004103
emp_004106,emp_004103
emp_004107,emp_004103
emp_004108,emp_004103
emp_004109,emp_004111
emp_004110,emp_004111
emp_004111,emp_004179
emp_004112,emp_004111
emp_004113,emp_004111
emp_004114,emp_004111
emp_004115,emp_004117
emp_004116,emp_004117
emp_004117,emp_004179
emp_004118,emp_004117
emp_004119,emp_004124
emp_004120,emp_004124
emp_004121,emp_004124
emp_004122,emp_004124
emp_004123,emp_004124
emp_004124,emp_004179
emp_004125,emp_004124
emp_004126,emp_004124
emp_004127,emp_004179
emp_004128,emp_004127
emp_004129,emp_004127
emp_004130,emp_004127
emp_004131,emp_004127
emp_004132,emp_004127
emp_004133,emp_004127
emp_004134,emp_004127
emp_004135,emp_004127
emp_004136,emp_004127
emp_004137,emp_004138
emp_004138,emp_004179
emp_004139,emp_004138
emp_004140,emp_004138
emp_004141,emp_004138
emp_004142,emp_004138
emp_004143,emp_004138
emp_004144,emp_004148
emp_004145,emp_004148
emp_004146,emp_004148
emp_004147,emp_004148
emp_004148,emp_004179
emp_004149,emp_004148
emp_004150,emp_004148
emp_004151,emp_004155
emp_004152,emp_004155
emp_004153,emp_004155
emp_004154,emp_004155
emp_004155,emp_004179
emp_004156,emp_004155
emp_004157,emp_004155
emp_004158,emp_004179
emp_004159,emp_004158
emp_004160,emp_004179
emp_004161,emp_004160
emp_004162,emp_004160
emp_004163,emp_004160
emp_004164,emp_004160
emp_004165,emp_004160
emp_004166,emp_004160
emp_004167,emp_004160
emp_004168,emp_004160
emp_004169,emp_004160
emp_004170,emp_004160
emp_004171,emp_004179
emp_004172,emp_004179
emp_004173,emp_004179
emp_004174,emp_004179
emp_004175,emp_004179
emp_004176,emp_004179
emp_004177,emp_004179
emp_004178,emp_004179
emp_004179,emp_002222
emp_004180,emp_004179
emp_004181,emp_004189
emp_004182,emp_004189
emp_004183,emp_004189
emp_004184,emp_004189
emp_004185,emp_004189
emp_004186,emp_004189
emp_004187,emp_004189
emp_004188,emp_004189
emp_004189,emp_004179
emp_004190,emp_004194
emp_004191,emp_004194
emp_004192,emp_004194
emp_004193,emp_004194
emp_004194,emp_004179
emp_004195,emp_004194
emp_004196,emp_004194
emp_004197,emp_004179
emp_004198,emp_004197
emp_004199,emp_004197
emp_004200,emp_004197
emp_004201,emp_004197
emp_004202,emp_004197
emp_004203,emp_004197
emp_004204,emp_004208
emp_004205,emp_004208
emp_004206,emp_004208
emp_004207,emp_004208
emp_004208,emp_004179
emp_004209,emp_004208
emp_004210,emp_004218
emp_004211,emp_004218
emp_004212,emp_004218
emp_004213,emp_004218
emp_004214,emp_004218
emp_004215,emp_004218
emp_004216,emp_004218
emp_004217,emp_004218
emp_004218,emp_004179
emp_004219,emp_004218
emp_004220,emp_004179
emp_004221,emp_004220
emp_004222,emp_004220
emp_004223,emp_004220
emp_004224,emp_004220
emp_004225,emp_004220
emp_004226,emp_004220
emp_004227,emp_004220
emp_004228,emp_004179
emp_004229,emp_004228
emp_004230,emp_004228
emp_004231,emp_004228
emp_004232,emp_004235
emp_004233,emp_004235
emp_004234,emp_004235
emp_004235,emp_004179
emp_004236,emp_004235
emp_004237,emp_004235
emp_004238,emp_004179
emp_004239,emp_004238
emp_004240,emp_004238
emp_004241,emp_004238
emp_004242,emp_004238
emp_004243,emp_004238
emp_004244,emp_004238
emp_004245,emp_004247
emp_004246,emp_004247
emp_004247,emp_004179
emp_004248,emp_004247
emp_004249,emp_004247
emp_004250,emp_004251
emp_004251,emp_004179
emp_004252,emp_004251
emp_004253,emp_004251
emp_004254,emp_004251
emp_004255,emp_004251
emp_004256,emp_004251
emp_004257,emp_004251
emp_004258,emp_004261
emp_004259,emp_004261
emp_004260,emp_004261
emp_004261,emp_004179
emp_004262,emp_004261
emp_004263,emp_004261
emp_004264,emp_004261
emp_004265,emp_004261
emp_004266,emp_004261
emp_004267,emp_004261
emp_004268,emp_004261
emp_004269,emp_004275
emp_004270,emp_004275
emp_004271,emp_004275
emp_004272,emp_004275
emp_004273,emp_004275
emp_004274,emp_004275
emp_004275,emp_004179
emp_004276,emp_004275
emp_004277,emp_004275
emp_004278,emp_004275
emp_004279,emp_004275
emp_004280,emp_004282
emp_004281,emp_004282
emp_004282,emp_004179
emp_004283,emp_004282
emp_004284,emp_004282
emp_004285,emp_004282
emp_004286,emp_004282
emp_004287,emp_004282
emp_004288,emp_004289
emp_004289,emp_004179
emp_004290,emp_004289
emp_004291,emp_004289
emp_004292,emp_004289
emp_004293,emp_004298
emp_004294,emp_004298
emp_004295,emp_004298
emp_004296,emp_004298
emp_004297,emp_004298
emp_004298,emp_004179
emp_004299,emp_004298
emp_004300,emp_004298
emp_004301,emp_004302
emp_004302,emp_004179
emp_004303,emp_004302
emp_004304,emp_004302
emp_004305,emp_004179
emp_004306,emp_004305
emp_004307,emp_004305
emp_004308,emp_004309
emp_004309,emp_004380
emp_004310,emp_004309
emp_004311,emp_004309
emp_004312,emp_004309
emp_004313,emp_004314
emp_004314,emp_004380
emp_004315,emp_004314
emp_004316,emp_004314
emp_004317,emp_004314
emp_004318,emp_004314
emp_004319,emp_004320
emp_004320,emp_004380
emp_004321,emp_004320
emp_004322,emp_004320
emp_004323,emp_004320
emp_004324,emp_004320
emp_004325,emp_004320
emp_004326,emp_004329
emp_004327,emp_004329
emp_004328,emp_004329
emp_004329,emp_004380
emp_004330,emp_004329
emp_004331,emp_004329
emp_004332,emp_004329
emp_004333,emp_004329
emp_004334,emp_004329
emp_004335,emp_004380
emp_004336,emp_004335
emp_004337,emp_004335
emp_004338,emp_004335
emp_004339,emp_004335
emp_004340,emp_004335
emp_004341,emp_004335
emp_004342,emp_004344
emp_004343,emp_004344
emp_004344,emp_004380
emp_004345,emp_004380
emp_004346,emp_004345
emp_004347,emp_004345
emp_004348,emp_004345
emp_004349,emp_004345
emp_004350,emp_004345
emp_004351,emp_004345
emp_004352,emp_004345
emp_004353,emp_004354
emp_004354,emp_004380
emp_004355,emp_004354
emp_004356,emp_004354
emp_004357,emp_004354
emp_004358,emp_004354
emp_004359,emp_004354
emp_004360,emp_004354
emp_004361,emp_004364
emp_004362,emp_004364
emp_004363,emp_004364
emp_004364,emp_004380
emp_004365,emp_004364
emp_004366,emp_004364
emp_004367,emp_004364
emp_004368,emp_004364
emp_004369,emp_004372
emp_004370,emp_004372
emp_004371,emp_004372
emp_004372,emp_004380
emp_004373,emp_004372
emp_004374,emp_004379
emp_004375,emp_004379
emp_004376,emp_004379
emp_004377,emp_004379
emp_004378,emp_004379
emp_004379,emp_004380
emp_004380,emp_002222
emp_004381,emp_004380
emp_004382,emp_004380
emp_004383,emp_004380
emp_004384,emp_004380
emp_004385,emp_004380
emp_004386,emp_004392
emp_004387,emp_004392
emp_004388,emp_004392
emp_004389,emp_004392
emp_004390,emp_004392
emp_004391,emp_004392
emp_004392,emp_004380
emp_004393,emp_004392
emp_004394,emp_004395
emp_004395,emp_004380
emp_004396,emp_004395
emp_004397,emp_004380
emp_004398,emp_004397
emp_004399,emp_004397
emp_004400,emp_004397
emp_004401,emp_004397
emp_004402,emp_004397
emp_004403,emp_004407
emp_004404,emp_004407
emp_004405,emp_004407
emp_004406,emp_004407
emp_004407,emp_004380
emp_004408,emp_004407
emp_004409,emp_004407
emp_004410,emp_004407
emp_004411,emp_004407
emp_004412,emp_004417
emp_004413,emp_004417
emp_004414,emp_004417
emp_004415,emp_004417
emp_004416,emp_004417
emp_004417,emp_004380
emp_004418,emp_004422
emp_004419,emp_004422
emp_004420,emp_004422
emp_004421,emp_004422
emp_004422,emp_004380
emp_004423,emp_004422
emp_004424,emp_004422
emp_004425,emp_004422
emp_004426,emp_004422
emp_004427,emp_004430
emp_004428,emp_004430
emp_004429,emp_004430
emp_004430,emp_004380
emp_004431,emp_004430
emp_004432,emp_004430
emp_004433,emp_004430
emp_004434,emp_004430
emp_004435,emp_004436
emp_004436,emp_004380
emp_004437,emp_004436
emp_004438,emp_004439
emp_004439,emp_004380
emp_004440,emp_004439
emp_004441,emp_004439
emp_004442,emp_004439
emp_004443,emp_004447
emp_004444,emp_004447
emp_004445,emp_004447
emp_004446,emp_004447
emp_004447,emp_004380
emp_004448,emp_004447
emp_004449,emp_004447
emp_004450,emp_004447
emp_004451,emp_004447
emp_004452,emp_004447
emp_004453,emp_004455
emp_004454,emp_004455
emp_004455,emp_004380
emp_004456,emp_004457
emp_004457,emp_004380
emp_004458,emp_004457
emp_004459,emp_004457
emp_004460,emp_004457
emp_004461,emp_004380
emp_004462,emp_004461
emp_004463,emp_004461
emp_004464,emp_004461
emp_004465,emp_004461
emp_004466,emp_004461
emp_004467,emp_004461
emp_004468,emp_004472
emp_004469,emp_004472
emp_004470,emp_004472
emp_004471,emp_004472
emp_004472,emp_004380
emp_004473,emp_004472
emp_004474,emp_004472
emp_004475,emp_004483
emp_004476,emp_004483
emp_004477,emp_004483
emp_004478,emp_004483
emp_004479,emp_004483
emp_004480,emp_004483
emp_004481,emp_004483
emp_004482,emp_004483
emp_004483,emp_004380
emp_004484,emp_004483
emp_004485,emp_004489
emp_004486,emp_004489
emp_004487,emp_004489
emp_004488,emp_004489
emp_004489,emp_004380
emp_004490,emp_004491
emp_004491,emp_004380
emp_004492,emp_004491
emp_004493,emp_004491
emp_004494,emp_004491
emp_004495,emp_004491
emp_004496,emp_004491
emp_004497,emp_004501
emp_004498,emp_004501
emp_004499,emp_004501
emp_004500,emp_004501
emp_004501,emp_004380
emp_004502,emp_004501
emp_004503,emp_004501
emp_004504,emp_004501
emp_004505,emp_004380
emp_004506,emp_004505
emp_004507,emp_004505
emp_004508,emp_004505
emp_004509,emp_004505
emp_004510,emp_004505
emp_004511,emp_004380
emp_004512,emp_004511
emp_004513,emp_004511
emp_004514,emp_004511
emp_004515,emp_004511
emp_004516,emp_004517
emp_004517,emp_004380
emp_004518,emp_004517
emp_004519,emp_004517
emp_004520,emp_004517
emp_004521,emp_004517
emp_004522,emp_004523
emp_004523,emp_004380
emp_004524,emp_004523
emp_004525,emp_004523
emp_004526,emp_004531
emp_004527,emp_004531
emp_004528,emp_004531
emp_004529,emp_004531
emp_004530,emp_004531
emp_004531,emp_004380
emp_004532,emp_004536
emp_004533,emp_004536
emp_004534,emp_004536
emp_004535,emp_004536
emp_004536,emp_004380
emp_004537,emp_004536
emp_004538,emp_004536
emp_004539,emp_004536
emp_004540,emp_004536
emp_004541,emp_004543
emp_004542,emp_004543
emp_004543,emp_004380
emp_004544,emp_004543
emp_004545,emp_004543
emp_004546,emp_004550
emp_004547,emp_004550
emp_004548,emp_004550
emp_004549,emp_004550
emp_004550,emp_004380
emp_004551,emp_004550
emp_004552,emp_004550
emp_004553,emp_004550
emp_004554,emp_004380
emp_004555,emp_004554
emp_004556,emp_004558
emp_004557,emp_004558
emp_004558,emp_004380
emp_004559,emp_004565
emp_004560,emp_004565
emp_004561,emp_004565
emp_004562,emp_004565
emp_004563,emp_004565
emp_004564,emp_004565
emp_004565,emp_004380
emp_004566,emp_004565
emp_004567,emp_004565
emp_004568,emp_004380
emp_004569,emp_004568
emp_004570,emp_004568
emp_004571,emp_004568
emp_004572,emp_004568
emp_004573,emp_004568
emp_004574,emp_004576
emp_004575,emp_004576
emp_004576,emp_004380
emp_004577,emp_004576
emp_004578,emp_004576
emp_004579,emp_004576
emp_004580,emp_004576
emp_004581,emp_004380
emp_004582,emp_004581
emp_004583,emp_004584
emp_004584,emp_004721
emp_004585,emp_004584
emp_004586,emp_004584
emp_004587,emp_004584
emp_004588,emp_004721
emp_004589,emp_004588
emp_004590,emp_004588
emp_004591,emp_004588
emp_004592,emp_004588
emp_004593,emp_004588
emp_004594,emp_004588
emp_004595,emp_004588
emp_004596,emp_004588
emp_004597,emp_004721
emp_004598,emp_004597
emp_004599,emp_004597
emp_004600,emp_004597
emp_004601,emp_004597
emp_004602,emp_004597
emp_004603,emp_004607
emp_004604,emp_004607
emp_004605,emp_004607
emp_004606,emp_004607
emp_004607,emp_004721
emp_004608,emp_004607
emp_004609,emp_004607
emp_004610,emp_004607
emp_004611,emp_004721
emp_004612,emp_004611
emp_004613,emp_004611
emp_004614,emp_004611
emp_004615,emp_004611
emp_004616,emp_004611
emp_004617,emp_004611
emp_004618,emp_004622
emp_004619,emp_004622
emp_004620,emp_004622
emp_004621,emp_004622
emp_004622,emp_004721
emp_004623,emp_004622
emp_004624,emp_004622
emp_004625,emp_004622
emp_004626,emp_004622
emp_004627,emp_004630
emp_004628,emp_004630
emp_004629,emp_004630
emp_004630,emp_004721
emp_004631,emp_004630
emp_004632,emp_004633
emp_004633,emp_004721
emp_004634,emp_004721
emp_004635,emp_004634
emp_004636,emp_004634
emp_004637,emp_004634
emp_004638,emp_004634
emp_004639,emp_004640
emp_004640,emp_004721
emp_004641,emp_004640
emp_004642,emp_004640
emp_004643,emp_004640
emp_004644,emp_004640
emp_004645,emp_004640
emp_004646,emp_004640
emp_004647,emp_004653
emp_004648,emp_004653
emp_004649,emp_004653
emp_004650,emp_004653
emp_004651,emp_004653
emp_004652,emp_004653
emp_004653,emp_004721
emp_004654,emp_004721
emp_004655,emp_004654
emp_004656,emp_004654
emp_004657,emp_004654
emp_004658,emp_004654
emp_004659,emp_004654
emp_004660,emp_004662
emp_004661,emp_004662
emp_004662,emp_004721
emp_004663,emp_004662
emp_004664,emp_004662
emp_004665,emp_004662
emp_004666,emp_004662
emp_004667,emp_004662
emp_004668,emp_004662
emp_004669,emp_004721
emp_004670,emp_004669
emp_004671,emp_004669
emp_004672,emp_004669
emp_004673,emp_004669
emp_004674,emp_004677
emp_004675,emp_004677
emp_004676,emp_004677
emp_004677,emp_004721
emp_004678,emp_004680
emp_004679,emp_004680
emp_004680,emp_004721
emp_004681,emp_004680
emp_004682,emp_004680
emp_004683,emp_004680
emp_004684,emp_004680
emp_004685,emp_004680
emp_004686,emp_004690
emp_004687,emp_004690
emp_004688,emp_004690
emp_004689,emp_004690
emp_004690,emp_004721
emp_004691,emp_004692
emp_004692,emp_004721
emp_004693,emp_004692
emp_004694,emp_004692
emp_004695,emp_004692
emp_004696,emp_004692
emp_004697,emp_004692
emp_004698,emp_004699
emp_004699,emp_004721
emp_004700,emp_004699
emp_004701,emp_004699
emp_004702,emp_004704
emp_004703,emp_004704
emp_004704,emp_004721
emp_004705,emp_004709
emp_004706,emp_004709
emp_004707,emp_004709
emp_004708,emp_004709
emp_004709,emp_004721
emp_004710,emp_004720
emp_004711,emp_004720
emp_004712,emp_004720
emp_004713,emp_004720
emp_004714,emp_004720
emp_004715,emp_004720
emp_004716,emp_004720
emp_004717,emp_004720
emp_004718,emp_004720
emp_004719,emp_004720
emp_004720,emp_004721
emp_004721,emp_002222
emp_004722,emp_004721
emp_004723,emp_004721
emp_004724,emp_004721
emp_004725,emp_004721
emp_004726,emp_004721
emp_004727,emp_004721
emp_004728,emp_004730
emp_004729,emp_004730
emp_004730,emp_004721
emp_004731,emp_004730
emp_004732,emp_004730
emp_004733,emp_004730
emp_004734,emp_004721
emp_004735,emp_004734
emp_004736,emp_004734
emp_004737,emp_004734
emp_004738,emp_004734
emp_004739,emp_004734
emp_004740,emp_004742
emp_004741,emp_004742
emp_004742,emp_004721
emp_004743,emp_004742
emp_004744,emp_004742
emp_004745,emp_004742
emp_004746,emp_004742
emp_004747,emp_004721
emp_004748,emp_004747
emp_004749,emp_004747
emp_004750,emp_004747
emp_004751,emp_004747
emp_004752,emp_004747
emp_004753,emp_004747
emp_004754,emp_004756
emp_004755,emp_004756
emp_004756,emp_004721
emp_004757,emp_004756
emp_004758,emp_004756
emp_004759,emp_004756
emp_004760,emp_004756
emp_004761,emp_004756
emp_004762,emp_004771
emp_004763,emp_004771
emp_004764,emp_004771
emp_004765,emp_004771
emp_004766,emp_004771
emp_004767,emp_004771
emp_004768,emp_004771
emp_004769,emp_004771
emp_004770,emp_004771
emp_004771,emp_004721
emp_004772,emp_004771
emp_004773,emp_004775
emp_004774,emp_004775
emp_004775,emp_004721
emp_004776,emp_004775
emp_004777,emp_004775
emp_004778,emp_004775
emp_004779,emp_004780
emp_004780,emp_004721
emp_004781,emp_004780
emp_004782,emp_004780
emp_004783,emp_004780
emp_004784,emp_004780
emp_004785,emp_004780
emp_004786,emp_004780
emp_004787,emp_004780
emp_004788,emp_004780
emp_004789,emp_004780
emp_004790,emp_004780
emp_004791,emp_004721
emp_004792,emp_004791
emp_004793,emp_004791
emp_004794,emp_004798
emp_004795,emp_004798
emp_004796,emp_004798
emp_004797,emp_004798
emp_004798,emp_004721
emp_004799,emp_004798
emp_004800,emp_004798
emp_004801,emp_004721
emp_004802,emp_004801
emp_004803,emp_004801
emp_004804,emp_004801
emp_004805,emp_004801
emp_004806,emp_004809
emp_004807,emp_004809
emp_004808,emp_004809
emp_004809,emp_004721
emp_004810,emp_004809
emp_004811,emp_004809
emp_004812,emp_004809
emp_004813,emp_004809
emp_004814,emp_004816
emp_004815,emp_004816
emp_004816,emp_004721
emp_004817,emp_004816
emp_004818,emp_004820
emp_004819,emp_004820
emp_004820,emp_004721
emp_004821,emp_004820
emp_004822,emp_004820
emp_004823,emp_004828
emp_004824,emp_004828
emp_004825,emp_004828
emp_004826,emp_004828
emp_004827,emp_004828
emp_004828,emp_004721
emp_004829,emp_004828
emp_004830,emp_004832
emp_004831,emp_004832
emp_004832,emp_004721
emp_004833,emp_004832
emp_004834,emp_004840
emp_004835,emp_004840
emp_004836,emp_004840
emp_004837,emp_004840
emp_004838,emp_004840
emp_004839,emp_004840
emp_004840,emp_004721
emp_004841,emp_004840
emp_004842,emp_004840
emp_004843,emp_004840
emp_004844,emp_004840
emp_004845,emp_004840
emp_004846,emp_004840
emp_004847,emp_004850
emp_004848,emp_004850
emp_004849,emp_004850
emp_004850,emp_004721
emp_004851,emp_004850
emp_004852,emp_004850
emp_004853,emp_004850
emp_004854,emp_004850
emp_004855,emp_004850
emp_004856,emp_004861
emp_004857,emp_004861
emp_004858,emp_004861
emp_004859,emp_004861
emp_004860,emp_004861
emp_004861,emp_004721
emp_004862,emp_004861
emp_004863,emp_004861
emp_004864,emp_004868
emp_004865,emp_004868
emp_004866,emp_004868
emp_004867,emp_004868
emp_004868,emp_004721
emp_004869,emp_004868
emp_004870,emp_004868
emp_004871,emp_004876
emp_004872,emp_004876
emp_004873,emp_004876
emp_004874,emp_004876
emp_004875,emp_004876
emp_004876,emp_004721
emp_004877,emp_004876
emp_004878,emp_004876
emp_004879,emp_004882
emp_004880,emp_004882
emp_004881,emp_004882
emp_004882,emp_004721
emp_004883,emp_004882
emp_004884,emp_004882
emp_004885,emp_004890
emp_004886,emp_004890
emp_004887,emp_004890
emp_004888,emp_004890
emp_004889,emp_004890
emp_004890,emp_004721
emp_004891,emp_004890
emp_004892,emp_004893
emp_004893,emp_004721
emp_004894,emp_004893
emp_004895,emp_004893
emp_004896,emp_004893
emp_004897,emp_004893
emp_004898,emp_004899
emp_004899,emp_004721
emp_004900,emp_004899
emp_004901,emp_004899
emp_004902,emp_004903
emp_004903,emp_004721
emp_004904,emp_004903
emp_004905,emp_004903
emp_004906,emp_004903
emp_004907,emp_004903
emp_004908,emp_004910
emp_004909,emp_004910
emp_004910,emp_004721
emp_004911,emp_004910
emp_004912,emp_004910
emp_004913,emp_004910
emp_004914,emp_004910
emp_004915,emp_004910
emp_004916,emp_004910
emp_004917,emp_004721
emp_004918,emp_004917
emp_004919,emp_004917
emp_004920,emp_004917
emp_004921,emp_004917
emp_004922,emp_004917
emp_004923,emp_004917
emp_004924,emp_004926
emp_004925,emp_004926
emp_004926,emp_004721
emp_004927,emp_004926
emp_004928,emp_004926
emp_004929,emp_004926
emp_004930,emp_004926
emp_004931,emp_004926
emp_004932,emp_004926
emp_004933,emp_004926
emp_004934,emp_004941
emp_004935,emp_004941
emp_004936,emp_004941
emp_004937,emp_004941
emp_004938,emp_004941
emp_004939,emp_004941
emp_004940,emp_004941
emp_004941,emp_004721
emp_004942,emp_004941
emp_004943,emp_004721
emp_004944,emp_004943
emp_004945,emp_004943
emp_004946,emp_004943
emp_004947,emp_004943
emp_004948,emp_004943
emp_004949,emp_004943
emp_004950,emp_004943
emp_004951,emp_004943
emp_004952,emp_004943
emp_004953,emp_004943
emp_004954,emp_004721
emp_004955,emp_004954
emp_004956,emp_004954
emp_004957,emp_004954
emp_004958,emp_004954
emp_004959,emp_004954
emp_004960,emp_004954
emp_004961,emp_004964
emp_004962,emp_004964
emp_004963,emp_004964
emp_004964,emp_004721
emp_004965,emp_004964
emp_004966,emp_004964
emp_004967,emp_004964
emp_004968,emp_004973
emp_004969,emp_004973
emp_004970,emp_004973
emp_004971,emp_004973
emp_004972,emp_004973
emp_004973,emp_004721
emp_004974,emp_004721
emp_004975,emp_004974
emp_004976,emp_004974
emp_004977,emp_004974
emp_004978,emp_004974
emp_004979,emp_004974
emp_004980,emp_004974
emp_004981,emp_004974
emp_004982,emp_004974
emp_004983,emp_004985
emp_004984,emp_004985
emp_004985,emp_004721
emp_004986,emp_004985
emp_004987,emp_004985
emp_004988,emp_004985
emp_004989,emp_004721
emp_004990,emp_004989
emp_004991,emp_004989
emp_004992,emp_004989
emp_004993,emp_004989
emp_004994,emp_004989
emp_004995,emp_004989
emp_004996,emp_004989
emp_004997,emp_004999
emp_004998,emp_004999
emp_004999,emp_004721
