employee_id,first_name,last_name,full_name,email,phone,birth_date,age,gender,diversity_bucket,city,state,country,timezone,work_mode,department_id,team_id,level,role,job_family,hire_date,tenure_months,hire_source,manager_employee_id,base_salary,bonus_target_pct,bonus_target,bonus_earned_last,equity_value,total_comp,promotions_count,productivity,engagement,collaboration,turnover_risk
emp_000000,Danielle,Dean,Danielle Dean,danielle.dean@acmecorp.example,5850643171390,1987-09-21,38,Prefer not to say,D,Boston,MA,USA,America/New_York,onsite,dept_00,team_0000,IC5,Mobile Engineer,Technology,2020-12-30,66,recruiter,emp_000004,237986.76,0.15,35698.01,34150.01,63203.85,336888.63,2,0.4566,0.7599,0.6961,0.3435
emp_000001,Angel,Johnson,Angel Johnson,angel.johnson@acmecorp.example,5329318393352,1992-10-02,33,Female,B,Toronto,ON,CAN,America/Toronto,hybrid,dept_00,team_0000,IC3,Security Engineer,Technology,2019-05-02,86,linkedin,emp_000004,119226.85,0.1,11922.69,13331.24,31861.94,163011.48,4,0.6181,0.4259,0.6799,0.5238
emp_000002,Joshua,Long,Joshua Long,joshua.long@acmecorp.example,4228421020539,1999-12-29,26,Female,B,Bangalore,KA,IND,Asia/Kolkata,hybrid,dept_00,team_0000,IC2,ML Engineer,Technology,2024-01-31,29,linkedin,emp_000004,30000.0,0.07,2100.0,2620.92,14169.12,46269.12,1,0.7481,0.4946,0.7958,0.5427
emp_000003,Jeffrey,Elliott,Jeffrey Elliott,jeffrey.elliott@acmecorp.example,0240268117758,2001-06-24,25,Female,E,Austin,TX,USA,America/Chicago,hybrid,dept_00,team_0000,IC1,QA Engineer,Technology,2021-07-01,60,recruiter,emp_000004,74343.22,0.05,3717.16,4736.91,3950.7,82011.08,3,0.7743,0.7936,0.5933,0.2841
emp_000004,Jill,Johnson,Jill Johnson,jill.johnson@acmecorp.example,7839084700766,1991-11-27,34,Female,A,Los Angeles,CA,USA,America/Los_Angeles,onsite,dept_00,team_0000,M2,Backend Engineer,Technology,2023-04-01,39,recruiter,emp_000127,234374.6,0.2,46874.92,58663.35,89946.01,371195.52,2,0.7515,0.7126,0.7441,0.4267
emp_000005,Erica,Day,Erica Day,erica.day@acmecorp.example,7711592124998,1995-03-25,31,Male,D,Toronto,ON,CAN,America/Toronto,hybrid,dept_00,team_0000,IC3,Frontend Engineer,Technology,2022-10-31,44,linkedin,emp_000004,111225.77,0.1,11122.58,10251.39,30097.54,152445.88,2,0.4217,0.2928,0.7241,0.6785
emp_000006,Patricia,Taylor,Patricia Taylor,patricia.taylor@acmecorp.example,6984789611836,1993-09-22,32,Prefer not to say,A,Toronto,ON,CAN,America/Toronto,hybrid,dept_00,team_0001,IC2,Data Engineer,Technology,2022-08-01,47,university,emp_000010,94977.5,0.07,6648.42,7001.94,13006.08,114632.0,2,0.5532,0.6736,0.6197,0.4587
emp_000007,Christopher,Murray,Christopher Murray,christopher.murray@acmecorp.example,3657661565452,2004-01-13,22,Prefer not to say,B,London,,GBR,Europe/London,hybrid,dept_00,team_0001,IC2,Security Engineer,Technology,2025-10-01,9,linkedin,emp_000010,97074.22,0.07,6795.2,5793.4,12355.74,116225.15,0,0.3526,0.5236,0.41,0.6547
emp_000008,Robert,Williams,Robert Williams,robert.williams@acmecorp.example,1111615280988,1999-08-06,26,Male,D,Chicago,IL,USA,America/Chicago,onsite,dept_00,team_0001,IC4,QA Engineer,Technology,2024-11-30,19,referral,emp_000010,154414.73,0.12,18529.77,24380.8,67046.69,239991.19,1,0.8158,0.4454,0.6075,0.5084
emp_000009,Anthony,Gray,Anthony Gray,anthony.gray@acmecorp.example,1656049451983,1996-11-26,29,Male,C,San Francisco,CA,USA,America/Los_Angeles,hybrid,dept_00,team_0001,IC2,ML Engineer,Technology,2022-10-01,45,linkedin,emp_000010,128706.97,0.07,9009.49,9256.92,10246.29,147962.74,2,0.5275,0.5088,0.7074,0.5002
emp_000010,Jeffery,Lewis,Jeffery Lewis,jeffery.lewis@acmecorp.example,7315851493689,1994-12-14,31,Male,C,Singapore,,SGP,Asia/Singapore,hybrid,dept_00,team_0001,M1,Mobile Engineer,Technology,2025-05-01,14,recruiter,emp_000127,198654.96,0.15,29798.24,35958.52,45280.61,273733.81,1,0.7067,0.8664,0.715,0.2992
emp_000011,William,Murphy,William Murphy,william.murphy@acmecorp.example,9402445502296,1989-07-31,36,Non-binary,A,Bangalore,KA,IND,Asia/Kolkata,onsite,dept_00,team_0001,M1,Data Engineer,Technology,2022-04-01,51,linkedin,emp_000010,63669.13,0.15,9550.37,11015.33,44839.36,118058.86,2,0.6534,0.4269,0.9322,0.5158
emp_000012,Anthony,Juarez,Anthony Juarez,anthony.juarez@acmecorp.example,2018366752545,1993-01-09,33,Female,B,London,,GBR,Europe/London,onsite,dept_00,team_0002,IC5,Platform Engineer,Technology,2023-09-01,34,university,emp_000127,223604.66,0.15,33540.7,40288.13,103999.23,361144.6,2,0.7012,0.5585,0.7318,0.5315
emp_000013,James,Gray,James Gray,james.gray@acmecorp.example,0229014767976,1991-02-15,35,Male,B,San Francisco,CA,USA,America/Los_Angeles,onsite,dept_00,team_0002,IC3,Mobile Engineer,Technology,2016-03-01,124,company_site,emp_000012,175541.81,0.1,17554.18,19711.21,23050.97,216146.97,5,0.6229,0.5576,0.6743,0.4944
emp_000014,Debra,Walton,Debra Walton,debra.walton@acmecorp.example,3815614978403,2000-02-17,26,Male,B,New York,NY,USA,America/New_York,hybrid,dept_00,team_0002,IC4,ML Engineer,Technology,2025-07-01,12,linkedin,emp_000012,216316.49,0.12,25957.98,32089.98,55801.55,298076.02,1,0.7362,0.6911,0.7832,0.3407
emp_000015,Amy,Decker,Amy Decker,amy.decker@acmecorp.example,9003432445107,1996-08-16,29,Female,B,Toronto,ON,CAN,America/Toronto,onsite,dept_00,team_0002,IC4,Platform Engineer,Technology,2024-01-31,29,university,emp_000012,134983.65,0.12,16198.04,19453.56,55378.48,206560.17,1,0.701,0.324,0.3757,0.6997
emp_000016,Jeffrey,King,Jeffrey King,jeffrey.king@acmecorp.example,2268388516060,1985-09-28,40,Female,A,San Francisco,CA,USA,America/Los_Angeles,remote,dept_00,team_0002,IC4,Frontend Engineer,Technology,2018-10-31,92,linkedin,emp_000012,224438.96,0.12,26932.68,29145.6,43467.3,294838.93,4,0.5822,0.5478,0.4464,0.4762
emp_000017,Bridget,Miller,Bridget Miller,bridget.miller@acmecorp.example,1596966416052,2004-05-03,22,Prefer not to say,A,Remote — US,,USA,America/New_York,hybrid,dept_00,team_0002,IC1,Platform Engineer,Technology,2025-12-31,6,linkedin,emp_000012,64947.91,0.05,3247.4,3258.51,5801.8,73997.11,0,0.5034,0.7483,0.8458,0.4463
emp_000018,Lisa,Smith,Lisa Smith,lisa.smith@acmecorp.example,5161369681645,1998-01-03,28,Prefer not to say,A,Austin,TX,USA,America/Chicago,remote,dept_00,team_0002,IC3,Frontend Engineer,Technology,2023-10-01,33,referral,emp_000012,132907.11,0.1,13290.71,15493.93,20118.07,166315.89,1,0.6658,0.5045,0.6922,0.4558
emp_000019,Adam,Ryan,Adam Ryan,adam.ryan@acmecorp.example,5218188355231,2001-02-16,25,Non-binary,B,Toronto,ON,CAN,America/Toronto,remote,dept_00,team_0002,IC1,Full-Stack Engineer,Technology,2025-08-31,10,linkedin,emp_000012,60969.94,0.05,3048.5,3911.9,4781.77,68800.2,0,0.7832,0.7703,0.68,0.5622
emp_000020,Linda,Cooke,Linda Cooke,linda.cooke@acmecorp.example,4329212779979,1991-11-08,34,Male,A,Bangalore,KA,IND,Asia/Kolkata,onsite,dept_00,team_0003,IC3,QA Engineer,Technology,2024-10-31,20,linkedin,emp_000026,48143.47,0.1,4814.35,5179.86,23523.6,76481.42,1,0.5759,0.6393,0.5451,0.5077
emp_000021,Helen,Bell,Helen Bell,helen.bell@acmecorp.example,5271774490581,1999-06-13,27,Female,D,Austin,TX,USA,America/Chicago,hybrid,dept_00,team_0003,IC2,Security Engineer,Technology,2023-01-30,41,referral,emp_000026,96700.1,0.07,6769.01,7983.39,12859.45,116328.55,2,0.6794,0.5613,0.5593,0.5137
emp_000022,Matthew,Santos,Matthew Santos,matthew.santos@acmecorp.example,7700541199867,1995-10-15,30,Female,C,Seattle,WA,USA,America/Los_Angeles,remote,dept_00,team_0003,IC2,Platform Engineer,Technology,2025-05-01,14,company_site,emp_000026,84776.74,0.07,5934.37,5603.01,6914.15,97625.26,0,0.4442,0.4198,0.8615,0.6141
emp_000023,Eric,Harrington,Eric Harrington,eric.harrington@acmecorp.example,7935978207151,1995-10-04,30,Male,A,Denver,CO,USA,America/Denver,hybrid,dept_00,team_0003,IC1,Security Engineer,Technology,2024-08-31,22,referral,emp_000026,71387.23,0.05,3569.36,4185.95,5890.91,80847.5,1,0.6727,0.7775,0.8621,0.3943
emp_000024,Susan,Pearson,Susan Pearson,susan.pearson@acmecorp.example,0377889255466,1998-04-10,28,Male,C,Chicago,IL,USA,America/Chicago,hybrid,dept_00,team_0003,IC4,Mobile Engineer,Technology,2025-07-01,12,referral,emp_000026,171809.99,0.12,20617.2,21539.09,47553.11,239980.3,0,0.5447,0.7092,0.5877,0.4023
emp_000025,Matthew,Webster,Matthew Webster,matthew.webster@acmecorp.example,9051518644925,2000-05-08,26,Male,D,Austin,TX,USA,America/Chicago,hybrid,dept_00,team_0003,IC2,SRE,Technology,2024-04-01,27,company_site,emp_000026,99212.42,0.07,6944.87,9786.84,14927.91,121085.2,1,0.9092,0.7357,0.67,0.375
emp_000026,Christopher,Herring,Christopher Herring,christopher.herring@acmecorp.example,9254629148652,1992-11-14,33,Male,A,Denver,CO,USA,America/Denver,onsite,dept_00,team_0003,M2,Backend Engineer,Technology,2024-05-01,26,referral,emp_000127,209407.2,0.2,41881.44,39430.71,81393.03,332681.67,1,0.4415,0.4986,0.8562,0.5278
emp_000027,Colin,Gonzalez,Colin Gonzalez,colin.gonzalez@acmecorp.example,6850542357332,1997-03-30,29,Female,A,Remote — US,,USA,America/New_York,hybrid,dept_00,team_0004,IC4,Frontend Engineer,Technology,2024-03-01,28,company_site,emp_000031,188656.44,0.12,22638.77,29550.01,54462.72,265757.93,1,0.8053,0.366,0.5836,0.6172
emp_000028,Melanie,Smith,Melanie Smith,melanie.smith@acmecorp.example,1418880592962,1996-07-23,29,Male,A,Boston,MA,USA,America/New_York,remote,dept_00,team_0004,IC2,Full-Stack Engineer,Technology,2025-08-31,10,recruiter,emp_000031,110203.43,0.07,7714.24,7315.79,16593.09,134510.76,0,0.4483,0.4866,0.6574,0.621
emp_000029,Cassandra,Hernandez,Cassandra Hernandez,cassandra.hernandez@acmecorp.example,2927065379473,1993-09-22,32,Female,A,New York,NY,USA,America/New_York,remote,dept_00,team_0004,IC4,Backend Engineer,Technology,2023-05-02,38,linkedin,emp_000031,210558.05,0.12,25266.97,31472.44,51949.28,287774.29,2,0.7456,0.5663,0.708,0.4968
emp_000030,Lindsay,Martinez,Lindsay Martinez,lindsay.martinez@acmecorp.example,4735977468862,2001-07-18,24,Female,D,Austin,TX,USA,America/Chicago,onsite,dept_00,team_0004,IC1,Data Engineer,Technology,2026-03-02,4,referral,emp_000031,73270.28,0.05,3663.51,4480.36,6238.85,83172.65,0,0.723,0.1879,0.5558,0.9102
emp_000031,Jessica,Caldwell,Jessica Caldwell,jessica.caldwell@acmecorp.example,9240758181412,1994-12-19,31,Female,E,Austin,TX,USA,America/Chicago,hybrid,dept_00,team_0004,M3,Security Engineer,Technology,2024-07-31,23,linkedin,emp_000127,266729.02,0.25,66682.25,79773.43,181405.62,514816.9,1,0.6963,0.7321,0.8621,0.3504
emp_000032,Amanda,Elliott,Amanda Elliott,amanda.elliott@acmecorp.example,7826137506068,1999-07-25,26,Female,A,San Francisco,CA,USA,America/Los_Angeles,hybrid,dept_00,team_0004,IC3,Platform Engineer,Technology,2022-05-01,50,referral,emp_000031,157118.68,0.1,15711.87,19260.21,27077.09,199907.65,2,0.7258,0.5364,0.8144,0.4625
emp_000033,Teresa,Robinson,Teresa Robinson,teresa.robinson@acmecorp.example,3615305152204,1985-06-26,41,Male,C,New York,NY,USA,America/New_York,remote,dept_00,team_0004,M1,ML Engineer,Technology,2024-07-31,23,company_site,emp_000031,158104.94,0.15,23715.74,22706.4,45629.63,227450.31,1,0.4574,0.59,0.7261,0.4698
emp_000034,Nicholas,Lyons,Nicholas Lyons,nicholas.lyons@acmecorp.example,2779010432898,2004-03-18,22,Male,A,Miami,FL,USA,America/New_York,onsite,dept_00,team_0005,IC1,QA Engineer,Technology,2026-07-01,0,recruiter,emp_000037,66366.29,0.05,3318.31,3922.85,5847.85,75532.46,0,0.6822,0.1261,0.7642,0.8418
emp_000035,Andrea,Wang,Andrea Wang,andrea.wang@acmecorp.example,1434103697117,2000-07-01,26,Female,C,Seattle,WA,USA,America/Los_Angeles,remote,dept_00,team_0005,IC3,Platform Engineer,Technology,2023-07-02,36,company_site,emp_000037,161345.92,0.1,16134.59,14112.18,21572.34,199052.86,1,0.3747,0.469,0.6799,0.4528
emp_000036,Maria,Jackson,Maria Jackson,maria.jackson@acmecorp.example,8932460953962,1991-10-28,34,Male,D,Remote — US,,USA,America/New_York,remote,dept_00,team_0005,IC3,QA Engineer,Technology,2024-04-01,27,linkedin,emp_000037,128514.24,0.1,12851.42,13019.27,20079.76,161445.42,1,0.5131,0.7669,0.9032,0.3973
emp_000037,Christine,Lawson,Christine Lawson,christine.lawson@acmecorp.example,8518888806706,1988-12-27,37,Male,B,New York,NY,USA,America/New_York,onsite,dept_00,team_0005,M2,ML Engineer,Technology,2022-12-31,42,boomerang,emp_000127,268726.37,0.2,53745.27,57219.17,78505.63,400977.27,2,0.5646,0.9115,0.492,0.2305
emp_000038,Michelle,Adkins,Michelle Adkins,michelle.adkins@acmecorp.example,4051531952058,1991-03-20,35,Female,A,San Francisco,CA,USA,America/Los_Angeles,onsite,dept_00,team_0005,IC4,SRE,Technology,2021-07-01,60,referral,emp_000037,215979.56,0.12,25917.55,33134.37,56096.81,297993.93,3,0.7785,0.2266,0.6162,0.665
emp_000039,Barbara,Wilson,Barbara Wilson,barbara.wilson@acmecorp.example,2772217043030,1999-03-13,27,Female,C,London,,GBR,Europe/London,remote,dept_00,team_0005,IC3,Platform Engineer,Technology,2025-04-01,15,university,emp_000037,153171.63,0.1,15317.16,16414.03,23895.91,192384.69,1,0.5716,0.6841,0.5875,0.359
emp_000040,Janet,Weiss,Janet Weiss,janet.weiss@acmecorp.example,4868740345054,2001-11-09,24,Female,E,Bangalore,KA,IND,Asia/Kolkata,onsite,dept_00,team_0005,IC2,Full-Stack Engineer,Technology,2025-10-31,8,recruiter,emp_000037,33404.49,0.07,2338.31,2187.12,13704.66,49447.47,0,0.4353,0.5176,0.665,0.7033
emp_000041,Brandon,Oconnell,Brandon Oconnell,brandon.oconnell@acmecorp.example,5667652775841,2000-04-27,26,Male,A,Seattle,WA,USA,America/Los_Angeles,hybrid,dept_00,team_0006,IC2,ML Engineer,Technology,2023-10-31,32,linkedin,emp_000046,116617.76,0.07,8163.24,8838.75,15131.36,139912.36,1,0.5827,0.763,0.6559,0.3849
emp_000042,Jeremy,Rodriguez,Jeremy Rodriguez,jeremy.rodriguez@acmecorp.example,1692845115447,2003-12-27,22,Female,A,New York,NY,USA,America/New_York,remote,dept_00,team_0006,IC3,Backend Engineer,Technology,2024-12-31,18,referral,emp_000046,167874.76,0.1,16787.48,23205.5,20120.81,204783.05,1,0.8823,0.6916,0.7643,0.373
emp_000043,Keith,Johnson,Keith Johnson,keith.johnson@acmecorp.example,2757059640165,1998-11-21,27,Female,A,New York,NY,USA,America/New_York,hybrid,dept_00,team_0006,IC3,Security Engineer,Technology,2024-11-30,19,referral,emp_000046,180727.08,0.1,18072.71,18860.24,21330.26,220130.04,1,0.5436,0.4812,0.3859,0.4523
emp_000044,Christopher,Collins,Christopher Collins,christopher.collins@acmecorp.example,0297021355690,1998-04-05,28,Female,B,Los Angeles,CA,USA,America/Los_Angeles,hybrid,dept_00,team_0006,IC1,Mobile Engineer,Technology,2022-06-01,49,boomerang,emp_000046,66728.89,0.05,3336.44,3975.16,3563.76,73629.09,2,0.6914,0.4957,0.7359,0.4853
emp_000045,Jesse,Byrd,Jesse Byrd,jesse.byrd@acmecorp.example,7557192856543,1986-04-09,40,Male,C,Boston,MA,USA,America/New_York,hybrid,dept_00,team_0006,M1,Backend Engineer,Technology,2023-12-01,31,referral,emp_000046,170605.27,0.15,25590.79,35606.98,63273.36,259469.42,2,0.8914,0.619,0.7719,0.4571
emp_000046,Craig,Rubio,Craig Rubio,craig.rubio@acmecorp.example,0278681447394,1992-02-23,34,Female,D,New York,NY,USA,America/New_York,onsite,dept_00,team_0006,M2,Full-Stack Engineer,Technology,2024-05-31,25,university,emp_000127,269682.74,0.2,53936.55,78202.77,95484.05,419103.34,1,0.9499,0.424,0.2951,0.555
emp_000047,Joshua,Sanders,Joshua Sanders,joshua.sanders@acmecorp.example,3121727155188,2003-11-28,22,Male,D,San Francisco,CA,USA,America/Los_Angeles,remote,dept_00,team_0006,IC2,Data Engineer,Technology,2020-03-31,75,company_site,emp_000046,140593.81,0.07,9841.57,12957.82,13151.53,163586.9,4,0.8166,0.2569,0.8733,0.6513
emp_000048,Cynthia,Espinoza,Cynthia Espinoza,cynthia.espinoza@acmecorp.example,4225831323705,2000-03-31,26,Female,D,Boston,MA,USA,America/New_York,hybrid,dept_00,team_0006,IC3,Data Engineer,Technology,2025-08-31,10,linkedin,emp_000046,148268.95,0.1,14826.9,20882.15,18298.96,181394.81,1,0.9084,0.8069,0.7616,0.4764
emp_000049,Michael,Jones,Michael Jones,michael.jones@acmecorp.example,7829114678669,1986-02-13,40,Male,D,Remote — US,,USA,America/New_York,onsite,dept_00,team_0006,IC1,QA Engineer,Technology,2020-03-31,75,company_site,emp_000046,67384.27,0.05,3369.21,3952.04,4998.83,75752.32,3,0.673,0.8411,0.5864,0.3333
emp_000050,Mitchell,Vaughn,Mitchell Vaughn,mitchell.vaughn@acmecorp.example,2517785289226,1992-12-15,33,Male,A,Atlanta,GA,USA,America/New_York,onsite,dept_00,team_0006,IC4,Full-Stack Engineer,Technology,2024-07-31,23,referral,emp_000046,168007.46,0.12,20160.9,28497.18,60601.73,248770.08,1,0.9135,0.4451,0.6177,0.5308
emp_000051,Jason,Burton,Jason Burton,jason.burton@acmecorp.example,1824225358414,1998-04-24,28,Male,B,Los Angeles,CA,USA,America/Los_Angeles,remote,dept_00,team_0006,IC2,Platform Engineer,Technology,2019-10-31,80,linkedin,emp_000046,117088.45,0.07,8196.19,8602.06,11393.38,136678.02,3,0.5495,0.7134,0.7107,0.3944
emp_000052,Joseph,Garcia,Joseph Garcia,joseph.garcia@acmecorp.example,8424981829922,1994-12-07,31,Female,A,San Francisco,CA,USA,America/Los_Angeles,onsite,dept_00,team_0007,IC4,ML Engineer,Technology,2025-04-01,15,boomerang,emp_000056,207298.7,0.12,24875.84,33718.24,66832.76,299007.31,1,0.8555,0.8157,0.8393,0.2612
emp_000053,Sharon,Barton,Sharon Barton,sharon.barton@acmecorp.example,9001094396907,1997-05-12,29,Male,A,New York,NY,USA,America/New_York,remote,dept_00,team_0007,IC5,QA Engineer,Technology,2023-06-01,37,referral,emp_000056,259213.26,0.15,38881.99,40663.38,160860.28,458955.54,1,0.5458,0.4871,0.6576,0.6354
emp_000054,Deborah,Jefferson,Deborah Jefferson,deborah.jefferson@acmecorp.example,4736471027677,1996-05-10,30,Male,E,Seattle,WA,USA,America/Los_Angeles,hybrid,dept_00,team_0007,M1,Full-Stack Engineer,Technology,2022-01-30,53,boomerang,emp_000056,202635.97,0.15,30395.4,42018.88,36476.43,269507.8,3,0.8824,0.4877,0.6616,0.4932
emp_000055,Chelsea,Burke,Chelsea Burke,chelsea.burke@acmecorp.example,5925556258815,2002-04-06,24,Female,C,London,,GBR,Europe/London,remote,dept_00,team_0007,IC1,Backend Engineer,Technology,2023-10-01,33,conference,emp_000056,83407.1,0.05,4170.36,5065.75,3977.91,91555.37,2,0.7147,0.7258,0.5359,0.3747
emp_000056,George,Martinez,George Martinez,george.martinez@acmecorp.example,7147321046963,1992-03-19,34,Female,E,Bangalore,KA,IND,Asia/Kolkata,remote,dept_00,team_0007,M2,Backend Engineer,Technology,2024-09-30,21,referral,emp_000127,76754.14,0.2,15350.83,15543.43,74200.39,166305.36,1,0.5125,0.1207,0.7539,0.7559
emp_000057,Jessica,Riggs,Jessica Riggs,jessica.riggs@acmecorp.example,5953278774701,2004-06-21,22,Non-binary,B,Singapore,,SGP,Asia/Singapore,remote,dept_00,team_0007,IC2,SRE,Technology,2026-07-01,0,company_site,emp_000056,105942.78,0.07,7415.99,6470.2,15854.88,129213.65,0,0.3725,0.7591,0.4601,0.474
emp_000058,Frank,Patton,Frank Patton,frank.patton@acmecorp.example,8733950047974,2003-07-17,22,Male,B,Remote — EU,,DEU,Europe/Berlin,remote,dept_00,team_0008,IC1,Platform Engineer,Technology,2024-07-31,23,referral,emp_000061,61831.35,0.05,3091.57,3162.09,6042.36,70965.28,1,0.5228,0.2462,0.4283,0.6527
emp_000059,Noah,Reed,Noah Reed,noah.reed@acmecorp.example,1624565060983,1999-03-12,27,Female,B,Remote — EU,,DEU,Europe/Berlin,onsite,dept_00,team_0008,IC3,Backend Engineer,Technology,2025-10-01,9,company_site,emp_000061,124332.53,0.1,12433.25,16314.92,24322.36,161088.14,0,0.8122,0.6564,0.6776,0.556
emp_000060,Veronica,Patterson,Veronica Patterson,veronica.patterson@acmecorp.example,8416878499121,1997-09-11,28,Female,A,Remote — US,,USA,America/New_York,remote,dept_00,team_0008,IC3,SRE,Technology,2022-12-01,43,conference,emp_000061,131026.18,0.1,13102.62,14454.44,25182.8,169311.6,2,0.6032,0.9036,0.6973,0.2121
emp_000061,Danielle,Wood,Danielle Wood,danielle.wood@acmecorp.example,5585239868000,1988-08-06,37,Male,A,San Francisco,CA,USA,America/Los_Angeles,hybrid,dept_00,team_0008,M1,Frontend Engineer,Technology,2021-04-01,63,university,emp_000127,209206.49,0.15,31380.97,29896.86,37651.11,278238.57,2,0.4527,0.7082,0.4335,0.397
emp_000062,Angela,Hunter,Angela Hunter,angela.hunter@acmecorp.example,5787298259526,1998-09-13,27,Male,B,San Francisco,CA,USA,America/Los_Angeles,hybrid,dept_00,team_0008,M1,Platform Engineer,Technology,2024-09-30,21,boomerang,emp_000061,188639.43,0.15,28295.91,36101.47,53010.24,269945.59,1,0.7759,0.6259,0.7965,0.342
emp_000063,Gabrielle,Peterson,Gabrielle Peterson,gabrielle.peterson@acmecorp.example,9588879470551,1995-09-02,30,Male,A,Seattle,WA,USA,America/Los_Angeles,remote,dept_00,team_0009,IC2,Mobile Engineer,Technology,2023-10-31,32,referral,emp_000064,124076.94,0.07,8685.39,12080.3,11088.24,143850.56,2,0.8909,0.5975,0.5,0.5291
emp_000064,Megan,Atkinson,Megan Atkinson,megan.atkinson@acmecorp.example,9409749930972,1995-05-27,31,Prefer not to say,E,Chicago,IL,USA,America/Chicago,remote,dept_00,team_0009,M3,Security Engineer,Technology,2024-05-01,26,company_site,emp_000127,235566.22,0.25,58891.55,61071.03,170637.24,465095.02,1,0.537,0.4293,0.7351,0.582
emp_000065,Kimberly,Short,Kimberly Short,kimberly.short@acmecorp.example,2309130756263,1989-02-16,37,Male,A,San Francisco,CA,USA,America/Los_Angeles,hybrid,dept_00,team_0009,IC2,Security Engineer,Technology,2020-01-31,77,referral,emp_000064,120794.73,0.07,8455.63,10837.79,13461.1,142711.46,4,0.7817,0.8098,0.3978,0.3461
emp_000066,Jeremy,Garcia,Jeremy Garcia,jeremy.garcia@acmecorp.example,8970283857865,2003-10-03,22,Female,A,Dublin,,IRL,Europe/Dublin,hybrid,dept_00,team_0009,IC3,Mobile Engineer,Technology,2024-03-01,28,university,emp_000064,126618.41,0.1,12661.84,11194.67,24060.03,163340.28,1,0.3841,0.7883,0.3448,0.2402
emp_000067,Antonio,Yu,Antonio Yu,antonio.yu@acmecorp.example,7858549733484,2002-12-04,23,Male,D,Denver,CO,USA,America/Denver,hybrid,dept_00,team_0009,IC2,Security Engineer,Technology,2023-10-31,32,referral,emp_000064,115585.91,0.07,8091.01,9169.88,11436.08,135113.0,1,0.6333,0.3285,0.6256,0.5633
emp_000068,Leslie,Reid,Leslie Reid,leslie.reid@acmecorp.example,4437575844198,1988-06-29,38,Female,A,Los Angeles,CA,USA,America/Los_Angeles,hybrid,dept_00,team_0010,M2,Backend Engineer,Technology,2022-03-02,52,referral,emp_000127,224000.41,0.2,44800.08,51417.38,90190.35,358990.85,2,0.6477,0.6854,0.5305,0.4582
emp_000069,Joseph,Poole,Joseph Poole,joseph.poole@acmecorp.example,6524041574733,1991-12-07,34,Female,E,New York,NY,USA,America/New_York,hybrid,dept_00,team_0010,IC2,QA Engineer,Technology,2023-12-31,30,referral,emp_000068,112900.94,0.07,7903.07,8871.45,13908.85,134712.86,1,0.6225,0.5879,0.3288,0.6548
emp_000070,Jason,Zimmerman,Jason Zimmerman,jason.zimmerman@acmecorp.example,8421993308330,1999-09-12,26,Female,C,New York,NY,USA,America/New_York,hybrid,dept_00,team_0010,IC1,Security Engineer,Technology,2024-05-31,25,referral,emp_000068,80470.58,0.05,4023.53,3339.46,6646.49,91140.6,1,0.33,0.7851,0.5365,0.3887
emp_000071,Sherri,Graham,Sherri Graham,sherri.graham@acmecorp.example,6571208267734,1996-09-02,29,Female,A,New York,NY,USA,America/New_York,onsite,dept_00,team_0010,IC3,Security Engineer,Technology,2025-08-31,10,referral,emp_000068,182757.38,0.1,18275.74,23666.38,27927.43,228960.55,0,0.795,0.4555,0.6626,0.7285
emp_000072,Nancy,Gross,Nancy Gross,nancy.gross@acmecorp.example,4019380262067,1985-02-11,41,Male,C,Bangalore,KA,IND,Asia/Kolkata,onsite,dept_00,team_0010,VP,SRE,Technology,2020-05-01,74,referral,emp_000068,99821.58,0.35,34937.55,42639.31,464265.14,599024.27,3,0.7204,0.6789,0.4169,0.4189
emp_000073,Leonard,Sheppard,Leonard Sheppard,leonard.sheppard@acmecorp.example,4004991547887,1995-04-07,31,Female,C,Chicago,IL,USA,America/Chicago,remote,dept_00,team_0010,M2,QA Engineer,Technology,2023-07-02,36,university,emp_000068,186586.77,0.2,37317.35,46939.96,86402.63,310306.75,2,0.7579,0.7402,0.8761,0.3135
emp_000074,Diana,Nelson,Diana Nelson,diana.nelson@acmecorp.example,8743152742054,1996-03-11,30,Female,D,Toronto,ON,CAN,America/Toronto,hybrid,dept_00,team_0010,M1,SRE,Technology,2024-12-31,18,recruiter,emp_000068,176561.1,0.15,26484.16,29761.63,38629.82,241675.08,1,0.6238,0.5181,0.819,0.5389
emp_000075,Randall,Morton,Randall Morton,randall.morton@acmecorp.example,2966851612275,1997-03-15,29,Male,D,Seattle,WA,USA,America/Los_Angeles,remote,dept_00,team_0010,M2,Backend Engineer,Technology,2024-03-01,28,referral,emp_000068,249302.76,0.2,49860.55,58973.85,101771.75,400935.06,1,0.6828,0.7244,0.5775,0.3103
emp_000076,Robin,Medina,Robin Medina,robin.medina@acmecorp.example,0463745499045,1997-02-25,29,Male,C,Austin,TX,USA,America/Chicago,hybrid,dept_00,team_0011,M2,Platform Engineer,Technology,2023-12-01,31,recruiter,emp_000127,184911.19,0.2,36982.24,40828.23,93082.33,314975.76,1,0.604,0.5924,0.74,0.384
emp_000077,Stephen,Webb,Stephen Webb,stephen.webb@acmecorp.example,0174268414593,1998-03-13,28,Male,C,Austin,TX,USA,America/Chicago,onsite,dept_00,team_0011,IC3,Full-Stack Engineer,Technology,2025-10-31,8,linkedin,emp_000076,129170.38,0.1,12917.04,17169.24,17886.86,159974.27,0,0.8292,0.6181,0.5354,0.5155
emp_000078,Joseph,Graham,Joseph Graham,joseph.graham@acmecorp.example,2727956878339,2004-01-17,22,Male,A,London,,GBR,Europe/London,onsite,dept_00,team_0011,IC2,Frontend Engineer,Technology,2025-06-01,13,recruiter,emp_000076,103191.37,0.07,7223.4,8002.87,11212.63,121627.4,1,0.6079,0.5208,0.5361,0.5363
emp_000079,John,Simon,John Simon,john.simon@acmecorp.example,8785191088398,1993-06-17,33,Male,C,London,,GBR,Europe/London,onsite,dept_00,team_0011,M1,Mobile Engineer,Technology,2025-01-30,17,linkedin,emp_000076,180493.0,0.15,27073.95,37188.19,44253.93,251820.87,1,0.8736,0.5319,0.5867,0.478
emp_000080,Anna,Adams,Anna Adams,anna.adams@acmecorp.example,2587139718707,2001-03-23,25,Female,E,New York,NY,USA,America/New_York,remote,dept_00,team_0011,IC4,Full-Stack Engineer,Technology,2024-01-31,29,company_site,emp_000076,233372.53,0.12,28004.7,34185.44,49384.96,310762.19,1,0.7207,0.8927,0.5655,0.2694
emp_000081,Jose,Christian,Jose Christian,jose.christian@acmecorp.example,8679087406403,1997-03-09,29,Male,C,Remote — US,,USA,America/New_York,onsite,dept_00,team_0011,IC3,QA Engineer,Technology,2024-10-31,20,linkedin,emp_000076,136360.88,0.1,13636.09,14853.08,32408.68,182405.64,1,0.5892,0.6721,0.7431,0.396
emp_000082,Brenda,Rivas,Brenda Rivas,brenda.rivas@acmecorp.example,0651801704622,1998-05-07,28,Male,C,San Francisco,CA,USA,America/Los_Angeles,hybrid,dept_00,team_0011,IC1,ML Engineer,Technology,2019-10-31,80,referral,emp_000076,84506.07,0.05,4225.3,4955.11,5479.84,94211.21,4,0.6727,0.8749,0.6579,0.2188
emp_000083,Rachael,Miller,Rachael Miller,rachael.miller@acmecorp.example,5676618251286,1987-08-16,38,Female,B,Singapore,,SGP,Asia/Singapore,remote,dept_00,team_0011,M1,Backend Engineer,Technology,2024-05-31,25,company_site,emp_000076,184828.66,0.15,27724.3,31027.62,57358.57,269911.53,1,0.6191,0.727,0.5702,0.3303
emp_000084,Reginald,Keith,Reginald Keith,reginald.keith@acmecorp.example,3004786863375,1996-10-28,29,Female,D,San Francisco,CA,USA,America/Los_Angeles,remote,dept_00,team_0011,IC2,Platform Engineer,Technology,2023-09-01,34,recruiter,emp_000076,118130.77,0.07,8269.15,9520.99,12632.22,139032.14,1,0.6514,0.7737,0.5886,0.3047
emp_000085,Jeffrey,Sanchez,Jeffrey Sanchez,jeffrey.sanchez@acmecorp.example,4310690331190,1986-08-04,39,Female,E,New York,NY,USA,America/New_York,onsite,dept_00,team_0012,M2,Data Engineer,Technology,2024-11-30,19,recruiter,emp_000127,231663.28,0.2,46332.66,49642.53,91464.98,369460.91,1,0.5714,0.7402,0.603,0.2856
emp_000086,Whitney,Marshall,Whitney Marshall,whitney.marshall@acmecorp.example,9030673830284,2002-12-10,23,Male,A,Dublin,,IRL,Europe/Dublin,onsite,dept_00,team_0012,IC2,Full-Stack Engineer,Technology,2025-05-01,14,linkedin,emp_000085,79788.14,0.07,5585.17,6136.43,9752.17,95125.47,1,0.5987,0.8331,0.6858,0.2749
emp_000087,William,Bishop,William Bishop,william.bishop@acmecorp.example,9599534283644,2001-05-22,25,Female,A,New York,NY,USA,America/New_York,onsite,dept_00,team_0012,IC1,Mobile Engineer,Technology,2024-04-01,27,company_site,emp_000085,73639.8,0.05,3681.99,4580.81,5011.93,82333.72,1,0.7441,0.8399,0.7583,0.242
emp_000088,Christopher,Gray,Christopher Gray,christopher.gray@acmecorp.example,8926870568566,1991-08-06,34,Female,B,Austin,TX,USA,America/Chicago,onsite,dept_00,team_0012,M1,Data Engineer,Technology,2018-12-31,90,recruiter,emp_000085,146464.71,0.15,21969.71,25819.69,45117.49,213551.9,4,0.6752,0.655,0.762,0.4359
emp_000089,Brandon,Johnson,Brandon Johnson,brandon.johnson@acmecorp.example,4628733427086,1996-01-16,30,Male,B,Boston,MA,USA,America/New_York,onsite,dept_00,team_0012,IC2,Backend Engineer,Technology,2019-08-31,82,referral,emp_000085,97393.65,0.07,6817.56,8222.28,8718.93,112930.13,4,0.706,0.7987,0.4659,0.3538
emp_000090,Daniel,Rosales,Daniel Rosales,daniel.rosales@acmecorp.example,8826343517518,2002-10-26,23,Non-binary,C,New York,NY,USA,America/New_York,hybrid,dept_00,team_0012,IC2,Security Engineer,Technology,2026-07-01,0,referral,emp_000085,122243.4,0.07,8557.04,11099.61,10705.13,141505.57,0,0.7971,0.4557,0.7799,0.6119
emp_000091,Courtney,White,Courtney White,courtney.white@acmecorp.example,0469901398373,1999-02-13,27,Female,A,Toronto,ON,CAN,America/Toronto,remote,dept_00,team_0013,IC4,ML Engineer,Technology,2023-10-01,33,linkedin,emp_000092,135674.98,0.12,16281.0,17017.77,51443.89,203399.87,1,0.5453,0.3495,0.8703,0.5755
emp_000092,Laura,Lewis,Laura Lewis,laura.lewis@acmecorp.example,4033173936385,1997-01-02,29,Non-binary,B,Bangalore,KA,IND,Asia/Kolkata,hybrid,dept_00,team_0013,M2,Mobile Engineer,Technology,2024-08-31,22,referral,emp_000127,54229.31,0.2,10845.86,12618.75,97442.63,162517.8,1,0.6635,0.8027,0.4728,0.4112
emp_000093,Robert,Salinas,Robert Salinas,robert.salinas@acmecorp.example,6785445877175,2003-01-05,23,Female,C,Bangalore,KA,IND,Asia/Kolkata,hybrid,dept_00,team_0013,IC2,QA Engineer,Technology,2022-06-01,49,linkedin,emp_000092,31355.31,0.07,2194.87,2470.57,13107.24,46657.43,2,0.6256,0.5564,0.4901,0.4171
emp_000094,Bryan,Peterson,Bryan Peterson,bryan.peterson@acmecorp.example,5560932048996,2004-03-20,22,Non-binary,C,Seattle,WA,USA,America/Los_Angeles,onsite,dept_00,team_0013,IC2,Mobile Engineer,Technology,2023-09-01,34,referral,emp_000092,108169.07,0.07,7571.83,6347.28,10604.84,126345.74,1,0.3383,0.8789,0.3709,0.294
emp_000095,Patrick,Beard,Patrick Beard,patrick.beard@acmecorp.example,2353693785477,1997-12-11,28,Prefer not to say,C,Los Angeles,CA,USA,America/Los_Angeles,remote,dept_00,team_0013,M1,Mobile Engineer,Technology,2024-11-30,19,company_site,emp_000092,171586.03,0.15,25737.9,27247.08,49219.83,246543.76,1,0.5586,0.3406,0.9292,0.6009
emp_000096,Wendy,Haynes,Wendy Haynes,wendy.haynes@acmecorp.example,2522872808010,1986-10-08,39,Female,C,New York,NY,USA,America/New_York,hybrid,dept_00,team_0014,M3,Full-Stack Engineer,Technology,2023-05-02,38,recruiter,emp_000127,361916.83,0.25,90479.21,105391.33,173445.16,625841.2,2,0.6648,0.401,0.6778,0.6141
emp_000097,Allison,Hill,Allison Hill,allison.hill@acmecorp.example,6231203875099,2004-06-24,22,Male,C,New York,NY,USA,America/New_York,remote,dept_00,team_0014,IC3,Full-Stack Engineer,Technology,2025-08-01,11,recruiter,emp_000096,153425.64,0.1,15342.56,20877.05,10651.9,179420.1,1,0.8607,0.5964,0.9236,0.6069
emp_000098,Tasha,Smith,Tasha Smith,tasha.smith@acmecorp.example,7008860084840,2004-05-15,22,Prefer not to say,D,New York,NY,USA,America/New_York,remote,dept_00,team_0014,IC2,ML Engineer,Technology,2025-05-01,14,recruiter,emp_000096,127659.36,0.07,8936.16,9147.38,10836.72,147432.23,1,0.5236,0.4777,0.6656,0.4918
emp_000099,Michelle,Vaughan,Michelle Vaughan,michelle.vaughan@acmecorp.example,2118233984546,1993-08-28,32,Non-binary,C,Remote — US,,USA,America/New_York,hybrid,dept_00,team_0014,IC1,QA Engineer,Technology,2024-10-31,20,linkedin,emp_000096,68895.22,0.05,3444.76,3006.17,6078.99,78418.97,1,0.3727,0.667,0.5691,0.4031
emp_000100,Alexander,Miller,Alexander Miller,alexander.miller@acmecorp.example,5679334101666,2002-12-07,23,Prefer not to say,B,Bangalore,KA,IND,Asia/Kolkata,onsite,dept_00,team_0014,IC2,Data Engineer,Technology,2025-05-01,14,boomerang,emp_000096,34096.71,0.07,2386.77,2815.5,7963.67,44447.15,1,0.6796,0.5341,0.6625,0.4836
emp_000101,Jennifer,Cortez,Jennifer Cortez,jennifer.cortez@acmecorp.example,0021765918033,1998-07-12,27,Male,C,London,,GBR,Europe/London,onsite,dept_00,team_0015,IC1,SRE,Technology,2023-10-31,32,recruiter,emp_000108,67608.14,0.05,3380.41,4825.02,5112.69,76101.23,2,0.9273,0.4268,0.4445,0.5393
emp_000102,Erin,Freeman,Erin Freeman,erin.freeman@acmecorp.example,4014890250392,1994-11-24,31,Female,A,Los Angeles,CA,USA,America/Los_Angeles,hybrid,dept_00,team_0015,IC4,Security Engineer,Technology,2025-01-30,17,company_site,emp_000108,185881.74,0.12,22305.81,28618.87,72437.87,280625.42,1,0.783,0.2176,0.5576,0.6035
emp_000103,Amanda,Chang,Amanda Chang,amanda.chang@acmecorp.example,1429396856218,1995-11-06,30,Male,A,Los Angeles,CA,USA,America/Los_Angeles,remote,dept_00,team_0015,IC1,QA Engineer,Technology,2022-07-01,48,referral,emp_000108,72549.87,0.05,3627.49,3928.92,4239.39,80416.75,2,0.5831,0.5077,0.8756,0.5576
emp_000104,Joseph,Vaughn,Joseph Vaughn,joseph.vaughn@acmecorp.example,0163159996504,2003-08-08,22,Male,B,Los Angeles,CA,USA,America/Los_Angeles,hybrid,dept_00,team_0015,IC3,Platform Engineer,Technology,2025-01-30,17,recruiter,emp_000108,150134.72,0.1,15013.47,16393.52,25010.75,190158.94,1,0.5919,0.1852,0.6973,0.7422
emp_000105,Danielle,Brewer,Danielle Brewer,danielle.brewer@acmecorp.example,7358662961943,1994-11-03,31,Male,D,Los Angeles,CA,USA,America/Los_Angeles,remote,dept_00,team_0015,IC5,Full-Stack Engineer,Technology,2023-12-01,31,company_site,emp_000108,227458.23,0.15,34118.73,36866.76,81311.64,342888.61,1,0.5805,0.5422,0.6228,0.4225
emp_000106,Daniel,Henry,Daniel Henry,daniel.henry@acmecorp.example,1426265511047,2004-03-03,22,Female,C,Boston,MA,USA,America/New_York,hybrid,dept_00,team_0015,IC4,Security Engineer,Technology,2025-05-01,14,recruiter,emp_000108,169563.53,0.12,20347.62,25274.61,72899.54,262810.7,1,0.7421,0.7113,0.4335,0.3582
emp_000107,Ryan,Mcguire,Ryan Mcguire,ryan.mcguire@acmecorp.example,4121267888610,1988-12-21,37,Male,A,San Francisco,CA,USA,America/Los_Angeles,onsite,dept_00,team_0015,IC2,Data Engineer,Technology,2023-06-01,37,recruiter,emp_000108,135048.47,0.07,9453.39,12468.64,11800.0,156301.86,2,0.819,0.7326,0.7209,0.3492
emp_000108,Shawn,Davis,Shawn Davis,shawn.davis@acmecorp.example,5819956046618,1999-04-08,27,Female,C,San Francisco,CA,USA,America/Los_Angeles,hybrid,dept_00,team_0015,M1,ML Engineer,Technology,2023-10-01,33,university,emp_000127,213117.06,0.15,31967.56,39419.11,45419.64,290504.26,2,0.7331,0.7681,0.776,0.2813
emp_000109,Stephanie,Walker,Stephanie Walker,stephanie.walker@acmecorp.example,9826224447212,1999-03-02,27,Male,A,Remote — US,,USA,America/New_York,hybrid,dept_00,team_0016,IC5,SRE,Technology,2023-12-31,30,boomerang,emp_000113,199580.08,0.15,29937.01,43158.74,139794.61,369311.7,2,0.9417,0.6389,0.4942,0.3233
emp_000110,Nancy,Holt,Nancy Holt,nancy.holt@acmecorp.example,4647154379937,1997-10-26,28,Female,C,Boston,MA,USA,America/New_York,hybrid,dept_00,team_0016,IC5,Frontend Engineer,Technology,2023-01-30,41,company_site,emp_000113,230350.3,0.15,34552.55,39398.11,124552.52,389455.37,2,0.6402,0.8114,0.774,0.2796
emp_000111,Jose,Torres,Jose Torres,jose.torres@acmecorp.example,2406596575692,2004-05-08,22,Male,D,Remote — US,,USA,America/New_York,hybrid,dept_00,team_0016,IC1,Full-Stack Engineer,Technology,2024-04-01,27,conference,emp_000113,68537.3,0.05,3426.86,3047.41,4124.37,76088.54,1,0.3893,0.3868,0.6613,0.5501
emp_000112,Vincent,Perkins,Vincent Perkins,vincent.perkins@acmecorp.example,5937526547935,1996-10-29,29,Male,C,New York,NY,USA,America/New_York,onsite,dept_00,team_0016,IC1,Data Engineer,Technology,2026-04-01,3,university,emp_000113,78337.3,0.05,3916.86,4096.16,4352.72,86606.88,0,0.5458,0.5277,0.6915,0.5613
emp_000113,Guy,Kennedy,Guy Kennedy,guy.kennedy@acmecorp.example,4651939828073,1978-12-01,47,Male,C,Chicago,IL,USA,America/Chicago,hybrid,dept_00,team_0016,M2,QA Engineer,Technology,2021-08-01,59,referral,emp_000127,204004.07,0.2,40800.81,47691.45,98908.76,343713.65,3,0.6689,0.7489,0.805,0.3595
emp_000114,Rita,Schmidt,Rita Schmidt,rita.schmidt@acmecorp.example,4167243426617,2000-03-11,26,Male,A,New York,NY,USA,America/New_York,onsite,dept_00,team_0016,IC3,QA Engineer,Technology,2024-09-30,21,company_site,emp_000113,153329.23,0.1,15332.92,20794.4,21879.39,190541.55,1,0.8562,0.5728,0.756,0.5145
emp_000115,Monica,Coleman,Monica Coleman,monica.coleman@acmecorp.example,9688680589113,2004-06-15,22,Female,B,New York,NY,USA,America/New_York,remote,dept_00,team_0016,IC2,Frontend Engineer,Technology,2023-08-01,35,referral,emp_000113,110239.95,0.07,7716.8,10568.59,6918.62,124875.37,2,0.8696,0.7178,0.7023,0.4114
emp_000116,Kenneth,Reese,Kenneth Reese,kenneth.reese@acmecorp.example,2909656101438,2003-10-18,22,Prefer not to say,D,San Francisco,CA,USA,America/Los_Angeles,onsite,dept_00,team_0016,IC3,Mobile Engineer,Technology,2025-07-01,12,linkedin,emp_000113,147303.84,0.1,14730.38,19708.82,24733.8,186768.02,1,0.838,0.7541,0.8557,0.3412
emp_000117,Danielle,Rivera,Danielle Rivera,danielle.rivera@acmecorp.example,7567982507146,1994-09-05,31,Male,C,San Francisco,CA,USA,America/Los_Angeles,onsite,dept_00,team_0017,IC4,Backend Engineer,Technology,2022-07-01,48,linkedin,emp_000118,207316.71,0.12,24878.0,28310.65,38717.66,270912.37,2,0.638,0.5337,0.8073,0.3878
emp_000118,Chelsea,Warner,Chelsea Warner,chelsea.warner@acmecorp.example,1254573875717,1988-10-08,37,Female,B,Sydney,NSW,AUS,Australia/Sydney,hybrid,dept_00,team_0017,M3,Mobile Engineer,Technology,2021-08-01,59,linkedin,emp_000127,290321.95,0.25,72580.49,86438.1,238186.14,601088.59,3,0.6909,0.3026,0.7387,0.6542
emp_000119,Eric,Nelson,Eric Nelson,eric.nelson@acmecorp.example,5140105123828,2001-01-29,25,Female,B,Seattle,WA,USA,America/Los_Angeles,hybrid,dept_00,team_0017,IC2,SRE,Technology,2023-03-02,40,referral,emp_000118,106165.43,0.07,7431.58,7576.76,12424.29,126021.3,2,0.5195,0.7832,0.6033,0.3374
emp_000120,Kathryn,King,Kathryn King,kathryn.king@acmecorp.example,5867362266093,1987-11-06,38,Female,A,Denver,CO,USA,America/Denver,hybrid,dept_00,team_0017,M2,ML Engineer,Technology,2021-08-01,59,referral,emp_000118,253717.79,0.2,50743.56,61320.06,73706.85,378168.2,3,0.7084,0.8118,0.8412,0.3342
emp_000121,Amber,Martinez,Amber Martinez,amber.martinez@acmecorp.example,9660334191825,1999-02-01,27,Male,A,Boston,MA,USA,America/New_York,hybrid,dept_00,team_0017,IC1,Security Engineer,Technology,2024-03-01,28,referral,emp_000118,81277.88,0.05,4063.89,5351.74,4301.37,89643.15,1,0.8169,0.6106,0.4919,0.5305
emp_000122,Kimberly,Lee,Kimberly Lee,kimberly.lee@acmecorp.example,3714785969691,1998-02-21,28,Non-binary,A,Austin,TX,USA,America/Chicago,remote,dept_00,team_0017,IC3,ML Engineer,Technology,2025-06-01,13,recruiter,emp_000118,143128.82,0.1,14312.88,18063.47,15553.01,172994.71,1,0.762,0.7812,0.706,0.29
emp_000123,Alyssa,Wilson,Alyssa Wilson,alyssa.wilson@acmecorp.example,5792499125134,1997-03-04,29,Male,B,Los Angeles,CA,USA,America/Los_Angeles,hybrid,dept_00,team_0017,IC4,QA Engineer,Technology,2024-03-01,28,university,emp_000118,198641.57,0.12,23836.99,33947.64,42905.92,265384.47,2,0.9242,0.5049,0.6398,0.3533
emp_000124,Aaron,Herrera,Aaron Herrera,aaron.herrera@acmecorp.example,2528669296627,2004-04-16,22,Female,E,New York,NY,USA,America/New_York,hybrid,dept_00,team_0017,IC1,Data Engineer,Technology,2025-07-01,12,conference,emp_000118,96657.93,0.05,4832.9,5502.96,6016.32,107507.15,1,0.6386,0.7861,0.6655,0.2757
emp_000125,Mario,Gill,Mario Gill,mario.gill@acmecorp.example,8274225790507,1996-07-13,29,Male,B,Remote — EU,,DEU,Europe/Berlin,hybrid,dept_00,team_0018,IC2,Platform Engineer,Technology,2024-05-31,25,linkedin,emp_000127,82436.08,0.07,5770.53,7661.79,17356.29,105562.89,1,0.8277,0.6669,0.7614,0.4242
emp_000126,Andrew,Lopez,Andrew Lopez,andrew.lopez@acmecorp.example,3688767677219,1997-10-31,28,Female,A,Berlin,,DEU,Europe/Berlin,onsite,dept_00,team_0018,IC3,Mobile Engineer,Technology,2024-07-31,23,referral,emp_000127,89383.79,0.1,8938.38,9522.67,28631.98,126954.15,1,0.5654,0.6891,0.3082,0.3879
emp_000127,Sarah,Robinson,Sarah Robinson,sarah.robinson@acmecorp.example,3404384279788,1985-04-29,41,Male,A,Toronto,ON,CAN,America/Toronto,hybrid,dept_00,team_0018,M3,Full-Stack Engineer,Technology,2022-10-01,45,university,emp_000304,229553.98,0.25,57388.5,74288.71,176686.47,463628.95,2,0.7945,0.4516,0.4883,0.4683
emp_000128,Natasha,Washington,Natasha Washington,natasha.washington@acmecorp.example,9148580783613,1993-08-20,32,Female,A,Boston,MA,USA,America/New_York,onsite,dept_00,team_0018,IC4,Security Engineer,Technology,2025-01-30,17,referral,emp_000127,191616.3,0.12,22993.96,28266.19,50248.45,264858.7,1,0.7293,0.5625,0.6503,0.3915
emp_000129,Marie,Hardy,Marie Hardy,marie.hardy@acmecorp.example,0745171339596,1996-05-07,30,Male,D,New York,NY,USA,America/New_York,hybrid,dept_00,team_0018,M2,ML Engineer,Technology,2022-10-31,44,conference,emp_000127,255601.13,0.2,51120.23,60432.49,72783.08,379504.43,2,0.6822,0.3537,0.5677,0.5701
emp_000130,Kyle,Bray,Kyle Bray,kyle.bray@acmecorp.example,9233095849825,1990-11-28,35,Non-binary,B,Sydney,NSW,AUS,Australia/Sydney,onsite,dept_01,team_0019,M1,Product Analyst,Technology,2016-03-31,123,recruiter,emp_000140,165263.51,0.15,24789.53,30538.84,63537.89,253590.93,6,0.7319,0.666,0.8867,0.3381
emp_000131,Brian,Warren,Brian Warren,brian.warren@acmecorp.example,4948126042232,2000-05-02,26,Female,D,Seattle,WA,USA,America/Los_Angeles,remote,dept_01,team_0019,IC3,Product Manager,Technology,2023-04-01,39,company_site,emp_000130,160847.75,0.1,16084.78,19724.04,24056.26,200988.78,2,0.7263,0.9252,0.7715,0.2709
emp_000132,Natalie,Campbell,Natalie Campbell,natalie.campbell@acmecorp.example,3672946671168,1998-02-20,28,Male,D,San Francisco,CA,USA,America/Los_Angeles,hybrid,dept_01,team_0019,M1,Product Manager,Technology,2024-10-31,20,referral,emp_000130,203144.9,0.15,30471.73,37645.44,64040.67,297657.3,1,0.7354,0.3648,0.4303,0.5605
emp_000133,Stacey,Garcia,Stacey Garcia,stacey.garcia@acmecorp.example,5775901751863,1998-11-04,27,Prefer not to say,A,Seattle,WA,USA,America/Los_Angeles,remote,dept_01,team_0019,IC1,Product Analyst,Technology,2025-04-01,15,referral,emp_000130,80751.0,0.05,4037.55,4496.86,6393.52,91182.07,1,0.6138,0.2469,0.6797,0.6205
emp_000134,Christopher,Lee,Christopher Lee,christopher.lee@acmecorp.example,3745458929750,1999-07-03,26,Female,C,London,,GBR,Europe/London,hybrid,dept_01,team_0019,IC1,Product Manager,Technology,2025-05-01,14,company_site,emp_000130,64091.06,0.05,3204.55,3346.41,3259.2,70554.82,1,0.5443,0.8753,0.3469,0.2369
emp_000135,Todd,Perez,Todd Perez,todd.perez@acmecorp.example,1701277063242,1987-07-05,38,Female,E,Denver,CO,USA,America/Denver,onsite,dept_01,team_0019,M1,Group PM,Technology,2023-08-01,35,linkedin,emp_000130,143314.84,0.15,21497.23,20551.09,39006.43,203818.5,1,0.456,0.1512,0.9188,0.7224
emp_000136,Chad,White,Chad White,chad.white@acmecorp.example,1541520643611,1990-08-10,35,Male,B,London,,GBR,Europe/London,remote,dept_01,team_0019,M1,Group PM,Technology,2023-08-01,35,university,emp_000130,182580.18,0.15,27387.03,35220.09,38978.59,248945.8,2,0.786,0.6811,0.6115,0.3935
emp_000137,Kathleen,Smith,Kathleen Smith,kathleen.smith@acmecorp.example,3712938700516,1999-04-08,27,Female,A,London,,GBR,Europe/London,hybrid,dept_01,team_0020,IC2,Technical PM,Technology,2025-04-01,15,recruiter,emp_000140,98967.48,0.07,6927.72,7507.42,11808.37,117703.57,1,0.5837,0.8758,0.7481,0.2846
emp_000138,Katie,Ferguson,Katie Ferguson,katie.ferguson@acmecorp.example,7136111554262,1993-05-28,33,Female,E,New York,NY,USA,America/New_York,remote,dept_01,team_0020,IC3,Technical PM,Technology,2023-12-31,30,linkedin,emp_000140,146635.36,0.1,14663.54,16756.21,24698.43,185997.33,1,0.6427,0.7603,0.8753,0.3528
emp_000139,David,Hill,David Hill,david.hill@acmecorp.example,1890927532697,1994-08-06,31,Male,D,Sydney,NSW,AUS,Australia/Sydney,hybrid,dept_01,team_0020,IC4,Product Analyst,Technology,2025-03-01,16,referral,emp_000140,159149.56,0.12,19097.95,23428.94,87958.63,266206.13,1,0.7268,0.6949,0.6447,0.3794
emp_000140,Thomas,Mccann,Thomas Mccann,thomas.mccann@acmecorp.example,1121965652341,1986-07-31,39,Male,B,Boston,MA,USA,America/New_York,hybrid,dept_01,team_0020,M2,Product Manager,Technology,2019-08-31,82,linkedin,emp_000304,206489.68,0.2,41297.94,51203.8,70609.9,318397.51,4,0.7399,0.6949,0.8369,0.3314
emp_000141,Andrea,Tran,Andrea Tran,andrea.tran@acmecorp.example,8999404389836,1988-03-22,38,Female,B,Denver,CO,USA,America/Denver,remote,dept_01,team_0020,IC4,Senior PM,Technology,2022-04-01,51,referral,emp_000140,153462.76,0.12,18415.53,24066.37,57518.67,229396.96,3,0.8069,0.7294,0.9188,0.3259
emp_000142,Joseph,Terry,Joseph Terry,joseph.terry@acmecorp.example,0376137918055,1997-06-25,29,Female,A,San Francisco,CA,USA,America/Los_Angeles,hybrid,dept_01,team_0020,IC3,Product Analyst,Technology,2023-10-31,32,recruiter,emp_000140,145298.62,0.1,14529.86,16502.66,28082.54,187911.02,1,0.6358,0.7525,0.8254,0.3287
emp_000143,Monique,Martinez,Monique Martinez,monique.martinez@acmecorp.example,6965827109104,1997-11-07,28,Male,D,Remote — EU,,DEU,Europe/Berlin,hybrid,dept_01,team_0020,IC3,Group PM,Technology,2023-07-02,36,company_site,emp_000140,100184.17,0.1,10018.42,11139.83,24992.14,135194.73,2,0.6119,0.3797,0.8085,0.6755
emp_000144,Rodney,Oneill,Rodney Oneill,rodney.oneill@acmecorp.example,0068486661889,2002-06-04,24,Male,B,Seattle,WA,USA,America/Los_Angeles,hybrid,dept_01,team_0021,IC3,Senior PM,Technology,2025-06-01,13,recruiter,emp_000146,143205.54,0.1,14320.55,17530.6,25550.9,183077.0,1,0.7242,0.6209,0.7515,0.36
emp_000145,Jason,Henry,Jason Henry,jason.henry@acmecorp.example,4141832856914,1991-06-18,35,Male,A,San Francisco,CA,USA,America/Los_Angeles,hybrid,dept_01,team_0021,IC4,Product Analyst,Technology,2021-09-30,57,linkedin,emp_000146,194475.86,0.12,23337.1,24424.17,43507.1,261320.07,2,0.5466,0.628,0.5921,0.4022
emp_000146,Amber,Salas,Amber Salas,amber.salas@acmecorp.example,3031617990421,1981-07-24,44,Male,C,Boston,MA,USA,America/New_York,remote,dept_01,team_0021,M2,Senior PM,Technology,2019-10-31,80,referral,emp_000140,237091.14,0.2,47418.23,61276.74,91916.75,376426.12,4,0.7923,0.727,0.8466,0.3687
emp_000147,Jessica,Andrews,Jessica Andrews,jessica.andrews@acmecorp.example,2027588425241,1999-01-03,27,Prefer not to say,E,San Francisco,CA,USA,America/Los_Angeles,hybrid,dept_01,team_0021,IC3,Product Manager,Technology,2025-07-01,12,recruiter,emp_000146,165716.4,0.1,16571.64,19310.55,27556.99,209845.03,1,0.6653,0.8663,0.8278,0.2651
emp_000148,James,Harrison,James Harrison,james.harrison@acmecorp.example,5648149177850,1996-05-22,30,Male,D,New York,NY,USA,America/New_York,hybrid,dept_01,team_0021,IC2,Product Manager,Technology,2026-01-30,5,recruiter,emp_000146,116491.18,0.07,8154.38,8874.89,12786.24,137431.81,0,0.5884,0.4495,0.7533,0.734
emp_000149,Larry,Alexander,Larry Alexander,larry.alexander@acmecorp.example,9252419138000,2003-11-06,22,Female,A,Denver,CO,USA,America/Denver,remote,dept_01,team_0021,IC2,Senior PM,Technology,2024-10-31,20,recruiter,emp_000146,89700.29,0.07,6279.02,6861.34,13368.48,109347.79,1,0.5927,0.7891,0.6126,0.3111
emp_000150,Wanda,Lopez,Wanda Lopez,wanda.lopez@acmecorp.example,0756220863536,1992-02-18,34,Male,A,Austin,TX,USA,America/Chicago,hybrid,dept_01,team_0021,M1,Product Manager,Technology,2022-12-31,42,company_site,emp_000146,149458.75,0.15,22418.81,29411.95,57713.47,229591.04,2,0.8119,0.689,0.7034,0.3749
emp_000151,Debra,Williams,Debra Williams,debra.williams@acmecorp.example,4195180238061,1986-12-19,39,Male,E,Sydney,NSW,AUS,Australia/Sydney,hybrid,dept_01,team_0022,M1,Product Manager,Technology,2017-11-30,103,university,emp_000140,166369.91,0.15,24955.49,25912.15,53432.7,244758.1,4,0.5383,0.5503,0.794,0.5106
emp_000152,Samuel,Everett,Samuel Everett,samuel.everett@acmecorp.example,4451870534949,2003-08-08,22,Female,E,Seattle,WA,USA,America/Los_Angeles,hybrid,dept_01,team_0022,IC1,Senior PM,Technology,2025-12-31,6,referral,emp_000151,80248.74,0.05,4012.44,3328.35,5071.29,89332.47,0,0.3295,0.6763,0.5198,0.6347
emp_000153,Zachary,Woods,Zachary Woods,zachary.woods@acmecorp.example,7597383206038,1992-04-06,34,Female,B,Toronto,ON,CAN,America/Toronto,onsite,dept_01,team_0022,IC1,Senior PM,Technology,2025-04-01,15,linkedin,emp_000151,58953.83,0.05,2947.69,3424.51,3828.24,65729.76,1,0.6618,0.7881,0.4676,0.3975
emp_000154,David,Short,David Short,david.short@acmecorp.example,0506413836702,1996-11-08,29,Male,C,Boston,MA,USA,America/New_York,hybrid,dept_01,team_0022,IC4,Product Analyst,Technology,2024-08-31,22,recruiter,emp_000151,190596.58,0.12,22871.59,27351.39,48399.94,261868.11,1,0.6959,0.6368,0.7967,0.4111
emp_000155,Jeffrey,Morales,Jeffrey Morales,jeffrey.morales@acmecorp.example,1038657191826,1997-09-02,28,Female,B,Atlanta,GA,USA,America/New_York,onsite,dept_01,team_0022,IC2,Product Manager,Technology,2021-09-30,57,referral,emp_000151,88881.77,0.07,6221.72,7635.57,11472.89,106576.38,3,0.7272,0.6975,0.7613,0.379
emp_000156,Matthew,Jones,Matthew Jones,matthew.jones@acmecorp.example,9906234456557,1987-01-29,39,Female,B,Chicago,IL,USA,America/Chicago,onsite,dept_01,team_0022,M1,Senior PM,Technology,2018-05-01,98,recruiter,emp_000151,160492.52,0.15,24073.88,24115.35,47271.11,231837.51,4,0.5017,0.8058,0.3372,0.3189
emp_000157,Brianna,Soto,Brianna Soto,brianna.soto@acmecorp.example,3132912127756,2003-07-13,22,Female,A,Boston,MA,USA,America/New_York,hybrid,dept_01,team_0022,IC2,Product Analyst,Technology,2026-03-02,4,linkedin,emp_000151,98819.5,0.07,6917.36,6437.01,10852.0,116588.86,0,0.4306,0.4836,0.8209,0.6672
emp_000158,Jerry,Brown,Jerry Brown,jerry.brown@acmecorp.example,8537474112490,2004-01-20,22,Male,A,Remote — US,,USA,America/New_York,hybrid,dept_01,team_0022,IC2,Group PM,Technology,2025-10-01,9,referral,emp_000151,79941.84,0.07,5595.93,8038.8,9754.24,95292.01,1,0.9365,0.6632,0.6059,0.5097
emp_000159,Jeffrey,Hernandez,Jeffrey Hernandez,jeffrey.hernandez@acmecorp.example,5213568044206,1988-01-16,38,Female,A,Seattle,WA,USA,America/Los_Angeles,remote,dept_01,team_0023,M2,Technical PM,Technology,2024-07-01,24,referral,emp_000140,232588.43,0.2,46517.69,65471.45,68612.42,347718.54,1,0.9075,0.7402,0.8247,0.4027
emp_000160,Chad,Hart,Chad Hart,chad.hart@acmecorp.example,8831712100323,1998-08-14,27,Male,D,New York,NY,USA,America/New_York,onsite,dept_01,team_0023,IC2,Group PM,Technology,2021-08-31,58,university,emp_000159,120689.02,0.07,8448.23,10422.35,8037.17,137174.42,3,0.7337,0.4215,0.5815,0.5574
emp_000161,Crystal,Torres,Crystal Torres,crystal.torres@acmecorp.example,5199410137215,1993-11-11,32,Female,A,Atlanta,GA,USA,America/New_York,onsite,dept_01,team_0023,IC2,Senior PM,Technology,2016-03-01,124,recruiter,emp_000159,92913.42,0.07,6503.94,8575.45,11436.12,110853.48,6,0.8185,0.4652,0.6953,0.5186
emp_000162,Jeremy,Mcknight,Jeremy Mcknight,jeremy.mcknight@acmecorp.example,0702966706625,1994-08-19,31,Female,A,Dublin,,IRL,Europe/Dublin,remote,dept_01,team_0023,IC2,Product Analyst,Technology,2025-03-01,16,linkedin,emp_000159,91825.06,0.07,6427.75,6151.93,8472.8,106725.62,1,0.4571,0.7358,0.711,0.295
emp_000163,Rebecca,Wilson,Rebecca Wilson,rebecca.wilson@acmecorp.example,2447209993476,1994-09-17,31,Male,B,San Francisco,CA,USA,America/Los_Angeles,onsite,dept_01,team_0023,IC1,Product Analyst,Technology,2023-12-31,30,referral,emp_000159,82124.11,0.05,4106.21,4185.0,3999.47,90229.79,1,0.5192,0.4876,0.6225,0.5105
emp_000164,Michele,Duran,Michele Duran,michele.duran@acmecorp.example,0146263838065,1998-10-15,27,Female,A,Boston,MA,USA,America/New_York,onsite,dept_01,team_0023,IC1,Group PM,Technology,2024-11-30,19,referral,emp_000159,67914.42,0.05,3395.72,3080.78,4606.1,75916.24,1,0.4073,0.7924,0.7178,0.2299
emp_000165,Chad,Obrien,Chad Obrien,chad.obrien@acmecorp.example,8759856420593,2004-04-04,22,Male,A,Singapore,,SGP,Asia/Singapore,onsite,dept_01,team_0023,IC1,Group PM,Technology,2026-04-01,3,referral,emp_000159,74426.18,0.05,3721.31,4470.0,3664.08,81811.57,0,0.7012,0.6499,0.4554,0.531
emp_000166,John,Gibbs,John Gibbs,john.gibbs@acmecorp.example,4078593213348,2000-02-07,26,Female,B,Toronto,ON,CAN,America/Toronto,hybrid,dept_01,team_0024,IC2,Group PM,Technology,2024-04-01,27,recruiter,emp_000173,87020.84,0.07,6091.46,7148.39,12911.41,106023.71,1,0.6735,0.3864,0.5213,0.54
emp_000167,Elizabeth,Perez,Elizabeth Perez,elizabeth.perez@acmecorp.example,3965223955905,1998-08-21,27,Female,B,Remote — EU,,DEU,Europe/Berlin,remote,dept_01,team_0024,IC1,Technical PM,Technology,2019-10-01,81,referral,emp_000173,56734.61,0.05,2836.73,2783.31,5740.22,65311.56,3,0.4812,0.4251,0.6478,0.5593
emp_000168,Jason,Mills,Jason Mills,jason.mills@acmecorp.example,9378427010393,1997-11-19,28,Female,C,Los Angeles,CA,USA,America/Los_Angeles,remote,dept_01,team_0024,IC4,Product Analyst,Technology,2022-04-01,51,referral,emp_000173,194495.0,0.12,23339.4,29015.82,48956.3,266790.71,2,0.7432,0.7922,0.5542,0.4187
emp_000169,David,Hayes,David Hayes,david.hayes@acmecorp.example,8705932525002,1998-03-21,28,Male,E,Atlanta,GA,USA,America/New_York,hybrid,dept_01,team_0024,IC5,Product Analyst,Technology,2022-12-01,43,referral,emp_000173,174814.64,0.15,26222.2,28283.09,100385.4,301422.23,2,0.5786,0.3713,0.6586,0.6058
emp_000170,Selena,Ramos,Selena Ramos,selena.ramos@acmecorp.example,1851569154522,1999-03-05,27,Female,A,Seattle,WA,USA,America/Los_Angeles,onsite,dept_01,team_0024,IC3,Group PM,Technology,2022-08-01,47,company_site,emp_000173,138683.95,0.1,13868.4,16346.65,27687.15,180239.5,2,0.6787,0.8505,0.8595,0.3621
emp_000171,Ashley,Dalton,Ashley Dalton,ashley.dalton@acmecorp.example,7528953926442,2003-09-22,22,Male,E,Remote — US,,USA,America/New_York,hybrid,dept_01,team_0024,IC2,Senior PM,Technology,2025-06-01,13,recruiter,emp_000173,105740.46,0.07,7401.83,9359.29,10286.41,123428.7,1,0.7645,0.6522,0.4013,0.4409
emp_000172,Thomas,Branch,Thomas Branch,thomas.branch@acmecorp.example,0969029593917,2004-04-27,22,Female,E,Austin,TX,USA,America/Chicago,hybrid,dept_01,team_0024,IC3,Senior PM,Technology,2024-11-30,19,recruiter,emp_000173,132584.25,0.1,13258.42,15833.31,21086.33,166929.0,1,0.6942,0.5698,0.7787,0.5144
emp_000173,Kristen,Torres,Kristen Torres,kristen.torres@acmecorp.example,5135521570433,1989-05-22,37,Male,D,Toronto,ON,CAN,America/Toronto,onsite,dept_01,team_0024,M2,Group PM,Technology,2022-08-01,47,company_site,emp_000140,173096.22,0.2,34619.24,41150.7,111536.97,319252.44,2,0.6887,0.4389,0.7188,0.6295
emp_000174,Lindsey,Oliver,Lindsey Oliver,lindsey.oliver@acmecorp.example,5410067626765,1990-09-26,35,Male,C,Austin,TX,USA,America/Chicago,onsite,dept_01,team_0025,M1,Senior PM,Technology,2023-03-02,40,conference,emp_000140,154389.72,0.15,23158.46,21195.57,52957.69,230505.87,1,0.4152,0.5081,0.755,0.4586
emp_000175,James,Lynch,James Lynch,james.lynch@acmecorp.example,1793271040541,1996-03-18,30,Female,C,Chicago,IL,USA,America/Chicago,hybrid,dept_01,team_0025,IC1,Senior PM,Technology,2026-01-30,5,linkedin,emp_000174,65480.96,0.05,3274.05,3044.51,5601.55,74356.55,0,0.4299,0.3201,0.8277,0.7181
emp_000176,Collin,Singh,Collin Singh,collin.singh@acmecorp.example,5262181599706,2003-09-26,22,Male,C,Toronto,ON,CAN,America/Toronto,onsite,dept_01,team_0025,IC2,Product Analyst,Technology,2026-04-01,3,university,emp_000174,65666.53,0.07,4596.66,3955.84,14221.55,84484.73,0,0.3606,0.6237,0.6563,0.6092
emp_000177,Ryan,Meza,Ryan Meza,ryan.meza@acmecorp.example,9620153368844,1994-12-20,31,Female,C,Los Angeles,CA,USA,America/Los_Angeles,hybrid,dept_01,team_0025,IC2,Senior PM,Technology,2021-03-01,64,recruiter,emp_000174,97125.92,0.07,6798.81,6931.69,7254.53,111179.27,2,0.5195,0.9236,0.7864,0.2457
emp_000178,Rodney,Clark,Rodney Clark,rodney.clark@acmecorp.example,3106987205061,1997-07-02,28,Female,A,Singapore,,SGP,Asia/Singapore,hybrid,dept_01,team_0025,IC2,Group PM,Technology,2023-12-01,31,referral,emp_000174,100569.24,0.07,7039.85,9430.75,15249.21,122858.29,2,0.8396,0.5342,0.8252,0.4905
emp_000179,Stuart,Clark,Stuart Clark,stuart.clark@acmecorp.example,9731032417146,1995-12-23,30,Female,E,Austin,TX,USA,America/Chicago,onsite,dept_01,team_0025,IC4,Group PM,Technology,2022-12-01,43,recruiter,emp_000174,151850.64,0.12,18222.08,20922.47,59312.68,229385.41,2,0.6482,0.4569,0.6063,0.5134
emp_000180,Jessica,Guerrero,Jessica Guerrero,jessica.guerrero@acmecorp.example,7418625652704,1991-08-20,34,Male,C,Atlanta,GA,USA,America/New_York,hybrid,dept_02,team_0026,IC3,UX Researcher,Design,2021-01-30,65,company_site,emp_000185,111409.68,0.1,11140.97,12722.7,30053.91,152604.55,3,0.642,0.4266,0.6677,0.5142
emp_000181,Emily,Moore,Emily Moore,emily.moore@acmecorp.example,7434902115869,1996-08-25,29,Non-binary,D,Seattle,WA,USA,America/Los_Angeles,remote,dept_02,team_0026,IC1,Design Systems Designer,Design,2023-10-31,32,recruiter,emp_000185,75234.74,0.05,3761.74,4614.27,5387.16,84383.64,2,0.7266,0.4657,0.4416,0.6016
emp_000182,Tracey,Thompson,Tracey Thompson,tracey.thompson@acmecorp.example,8068687937416,1991-04-16,35,Female,B,Austin,TX,USA,America/Chicago,hybrid,dept_02,team_0026,IC3,Motion Designer,Design,2018-06-01,97,referral,emp_000185,109801.03,0.1,10980.1,12566.22,25244.62,146025.76,4,0.6445,0.4954,0.4631,0.4477
emp_000183,Corey,Jones,Corey Jones,corey.jones@acmecorp.example,8989921722332,1994-07-04,31,Male,A,Boston,MA,USA,America/New_York,remote,dept_02,team_0026,IC3,Brand Designer,Design,2020-09-30,69,linkedin,emp_000185,115796.53,0.1,11579.65,12378.85,23623.45,150999.64,3,0.569,0.597,0.529,0.4761
emp_000184,Richard,Smith,Richard Smith,richard.smith@acmecorp.example,6163294511686,2002-10-03,23,Male,B,San Francisco,CA,USA,America/Los_Angeles,hybrid,dept_02,team_0026,IC1,UX Researcher,Design,2025-05-01,14,university,emp_000185,78795.89,0.05,3939.79,4697.61,5367.14,88102.83,1,0.6923,0.4327,0.7308,0.5666
emp_000185,Matthew,Hayes,Matthew Hayes,matthew.hayes@acmecorp.example,4870998616229,1998-05-23,28,Female,B,San Francisco,CA,USA,America/Los_Angeles,remote,dept_02,team_0026,M1,Design Systems Designer,Design,2023-10-01,33,referral,emp_000191,174517.53,0.15,26177.63,31354.62,42194.27,242889.43,2,0.6978,0.8357,0.5244,0.2197
emp_000186,Michelle,Wheeler,Michelle Wheeler,michelle.wheeler@acmecorp.example,1914856467997,2004-06-29,22,Male,B,Atlanta,GA,USA,America/New_York,onsite,dept_02,team_0026,IC1,Brand Designer,Design,2024-07-01,24,referral,emp_000185,56288.35,0.05,2814.42,3563.32,5867.88,64970.64,1,0.7661,0.6602,0.7269,0.3623
emp_000187,John,Carter,John Carter,john.carter@acmecorp.example,2462996065307,1994-03-24,32,Male,A,Atlanta,GA,USA,America/New_York,hybrid,dept_02,team_0027,M2,Brand Designer,Design,2023-10-31,32,referral,emp_000191,167008.54,0.2,33401.71,37115.23,61443.78,261854.02,1,0.6112,0.3939,0.867,0.5305
emp_000188,James,Hall,James Hall,james.hall@acmecorp.example,5054447132475,2003-06-27,23,Non-binary,A,Atlanta,GA,USA,America/New_York,onsite,dept_02,team_0027,IC1,Product Designer,Design,2022-03-02,52,linkedin,emp_000191,67222.78,0.05,3361.14,4211.21,4458.42,75042.34,2,0.7529,0.7854,0.5895,0.357
emp_000189,Shane,Mann,Shane Mann,shane.mann@acmecorp.example,6913736785082,1992-02-22,34,Prefer not to say,B,San Francisco,CA,USA,America/Los_Angeles,hybrid,dept_02,team_0027,M1,UX Researcher,Design,2024-07-31,23,recruiter,emp_000191,147077.26,0.15,22061.59,23733.08,63403.41,232542.26,1,0.5758,0.563,0.5986,0.4439
emp_000190,Robert,Warner,Robert Warner,robert.warner@acmecorp.example,4862890233030,1985-07-03,40,Female,B,Seattle,WA,USA,America/Los_Angeles,hybrid,dept_02,team_0027,M2,Motion Designer,Design,2022-12-31,42,recruiter,emp_000191,200569.19,0.2,40113.84,41111.12,78730.55,319413.58,2,0.5249,0.7078,0.7721,0.3711
emp_000191,Joshua,Gibson,Joshua Gibson,joshua.gibson@acmecorp.example,0534578610357,1992-01-09,34,Male,E,New York,NY,USA,America/New_York,onsite,dept_02,team_0027,M3,UX Researcher,Design,2021-11-30,55,university,emp_000304,280517.19,0.25,70129.3,90410.81,171407.39,522053.87,3,0.7892,0.4454,0.7292,0.4599
emp_000192,John,Mcdaniel,John Mcdaniel,john.mcdaniel@acmecorp.example,2798552414060,1992-06-23,34,Male,A,London,,GBR,Europe/London,remote,dept_02,team_0027,M1,UX Researcher,Design,2023-09-01,34,linkedin,emp_000191,137813.76,0.15,20672.06,25094.53,37056.77,195542.6,2,0.7139,0.5207,0.7926,0.6039
emp_000193,Sandra,Bradshaw,Sandra Bradshaw,sandra.bradshaw@acmecorp.example,9333346800722,1998-01-02,28,Female,A,Bangalore,KA,IND,Asia/Kolkata,hybrid,dept_02,team_0027,M1,UX Researcher,Design,2024-09-30,21,linkedin,emp_000191,52527.32,0.15,7879.1,7614.03,48022.61,108429.03,1,0.4664,0.7899,0.8366,0.3296
emp_000194,Scott,French,Scott French,scott.french@acmecorp.example,3494466574374,1997-04-13,29,Female,A,New York,NY,USA,America/New_York,onsite,dept_02,team_0027,IC4,Product Designer,Design,2024-04-01,27,referral,emp_000191,188409.22,0.12,22609.11,29265.09,46901.09,257919.42,1,0.7944,0.6564,0.7954,0.4311
emp_000195,Michelle,Weber,Michelle Weber,michelle.weber@acmecorp.example,9108589944171,1995-08-24,30,Prefer not to say,B,Atlanta,GA,USA,America/New_York,onsite,dept_02,team_0028,M1,Product Designer,Design,2024-08-31,22,referral,emp_000191,132491.89,0.15,19873.78,20130.27,43329.5,195695.18,1,0.5129,0.3478,0.6676,0.5643
emp_000196,Andrea,Guerrero,Andrea Guerrero,andrea.guerrero@acmecorp.example,4544432830965,1998-05-29,28,Female,B,San Francisco,CA,USA,America/Los_Angeles,hybrid,dept_02,team_0028,IC1,UX Researcher,Design,2024-05-01,26,recruiter,emp_000195,75136.98,0.05,3756.85,4583.37,5848.87,84742.7,1,0.72,0.7061,0.4789,0.3437
emp_000197,Brent,Peck,Brent Peck,brent.peck@acmecorp.example,0744666099353,1999-09-24,26,Male,C,Seattle,WA,USA,America/Los_Angeles,hybrid,dept_02,team_0028,IC3,Motion Designer,Design,2024-03-01,28,referral,emp_000195,131065.5,0.1,13106.55,14336.32,21506.18,165678.23,1,0.5938,0.5798,0.5759,0.5477
emp_000198,Yvette,Coleman,Yvette Coleman,yvette.coleman@acmecorp.example,5842824172482,1994-01-20,32,Male,E,San Francisco,CA,USA,America/Los_Angeles,hybrid,dept_02,team_0028,IC3,Product Designer,Design,2024-01-31,29,referral,emp_000195,145966.03,0.1,14596.6,19914.7,28943.06,189505.69,2,0.8643,0.8337,0.451,0.2039
emp_000199,Mary,Stephens,Mary Stephens,mary.stephens@acmecorp.example,1353465549471,1993-06-25,33,Female,A,Seattle,WA,USA,America/Los_Angeles,onsite,dept_02,team_0029,M1,UX Researcher,Design,2023-01-30,41,university,emp_000191,159990.56,0.15,23998.58,25340.11,52400.06,236389.2,2,0.5559,0.7469,0.8238,0.3658
emp_000200,Tanya,Holland,Tanya Holland,tanya.holland@acmecorp.example,0999173816846,2000-10-29,25,Male,C,Atlanta,GA,USA,America/New_York,remote,dept_02,team_0029,IC3,Product Designer,Design,2025-05-01,14,company_site,emp_000199,107606.89,0.1,10760.69,11537.19,30274.78,148642.36,1,0.5722,0.7488,0.4285,0.2902
emp_000201,Sara,Kerr,Sara Kerr,sara.kerr@acmecorp.example,2235697252175,1997-01-16,29,Prefer not to say,A,Sydney,NSW,AUS,Australia/Sydney,remote,dept_02,team_0029,IC3,Design Systems Designer,Design,2018-10-31,92,referral,emp_000199,123188.66,0.1,12318.87,12622.52,25702.7,161210.23,4,0.5246,0.5107,0.7165,0.4734
emp_000202,Melinda,Serrano,Melinda Serrano,melinda.serrano@acmecorp.example,5007432927129,1993-09-23,32,Male,A,New York,NY,USA,America/New_York,hybrid,dept_02,team_0029,IC4,UX Researcher,Design,2022-12-31,42,recruiter,emp_000199,187559.46,0.12,22507.13,26715.22,90653.85,300720.44,2,0.687,0.7911,0.6894,0.2935
emp_000203,Gabriel,Jones,Gabriel Jones,gabriel.jones@acmecorp.example,6667600835058,1994-11-19,31,Female,B,Los Angeles,CA,USA,America/Los_Angeles,hybrid,dept_02,team_0029,IC2,Brand Designer,Design,2023-09-01,34,company_site,emp_000199,85830.34,0.07,6008.12,7005.29,14530.88,106369.34,2,0.666,0.2983,0.5063,0.5717
emp_000204,Todd,Martin,Todd Martin,todd.martin@acmecorp.example,0033542168942,1998-09-18,27,Female,A,Miami,FL,USA,America/New_York,remote,dept_02,team_0029,IC1,Design Systems Designer,Design,2023-12-01,31,university,emp_000199,54956.81,0.05,2747.84,3047.92,5324.88,63029.53,1,0.6092,0.8127,0.8712,0.3142
emp_000205,Jason,Parker,Jason Parker,jason.parker@acmecorp.example,0447898562575,1990-01-14,36,Non-binary,C,Remote — US,,USA,America/New_York,remote,dept_03,team_0030,IC3,Sales Engineer,Go-to-Market,2025-04-01,15,recruiter,emp_000214,103859.32,0.1,10385.93,12523.54,20620.38,134865.63,1,0.7058,0.8929,0.7752,0.1359
emp_000206,Richard,Curry,Richard Curry,richard.curry@acmecorp.example,2603323098215,1988-06-29,38,Female,C,Denver,CO,USA,America/Denver,hybrid,dept_03,team_0030,IC3,BDR,Go-to-Market,2020-07-31,71,referral,emp_000205,131701.79,0.1,13170.18,16918.66,24514.7,169386.67,4,0.7846,0.9219,0.6794,0.2311
emp_000207,Brian,Carroll,Brian Carroll,brian.carroll@acmecorp.example,6489090100167,2001-05-15,25,Male,C,New York,NY,USA,America/New_York,remote,dept_03,team_0030,IC2,SDR,Go-to-Market,2025-03-01,16,referral,emp_000205,111065.52,0.07,7774.59,8324.92,15423.18,134263.29,1,0.5708,0.73,0.7098,0.3575
emp_000208,Nicholas,Roberts,Nicholas Roberts,nicholas.roberts@acmecorp.example,1847230461849,2001-01-15,25,Female,B,Denver,CO,USA,America/Denver,remote,dept_03,team_0030,IC3,Sales Ops Analyst,Go-to-Market,2025-10-01,9,referral,emp_000205,128143.5,0.1,12814.35,15025.81,33547.67,174505.53,0,0.6726,0.4342,0.5922,0.6215
emp_000209,Tricia,Martinez,Tricia Martinez,tricia.martinez@acmecorp.example,6189141173934,1995-02-07,31,Female,C,Seattle,WA,USA,America/Los_Angeles,remote,dept_03,team_0030,IC3,SDR,Go-to-Market,2023-06-01,37,recruiter,emp_000205,122982.2,0.1,12298.22,15292.25,32391.65,167672.07,2,0.7435,0.8486,0.6511,0.3665
emp_000210,Joseph,Barker,Joseph Barker,joseph.barker@acmecorp.example,5642087375300,2001-09-15,24,Non-binary,B,Remote — US,,USA,America/New_York,hybrid,dept_03,team_0030,IC2,Sales Ops Analyst,Go-to-Market,2024-01-31,29,company_site,emp_000205,101994.53,0.07,7139.62,9020.61,13884.46,123018.61,1,0.7635,0.7805,0.3408,0.302
emp_000211,Kristen,Lyons,Kristen Lyons,kristen.lyons@acmecorp.example,1972181143744,1994-02-01,32,Male,A,Austin,TX,USA,America/Chicago,onsite,dept_03,team_0031,IC3,Sales Ops Analyst,Go-to-Market,2025-05-01,14,recruiter,emp_000214,112571.13,0.1,11257.11,16121.74,18721.7,142549.94,1,0.9321,0.8919,0.7386,0.253
emp_000212,Spencer,Bender,Spencer Bender,spencer.bender@acmecorp.example,0120455611002,1985-08-22,40,Prefer not to say,A,Miami,FL,USA,America/New_York,onsite,dept_03,team_0031,IC5,BDR,Go-to-Market,2017-03-01,112,company_site,emp_000214,191543.27,0.15,28731.49,39471.2,120717.56,340992.32,6,0.8738,0.8376,0.4694,0.2678
emp_000213,Rodney,Mason,Rodney Mason,rodney.mason@acmecorp.example,5579415521667,1998-04-24,28,Female,C,San Francisco,CA,USA,America/Los_Angeles,hybrid,dept_03,team_0031,IC2,Sales Engineer,Go-to-Market,2023-12-31,30,linkedin,emp_000214,122048.39,0.07,8543.39,10361.0,9020.63,139612.41,1,0.7128,0.3981,0.8335,0.5571
emp_000214,Susan,Snyder,Susan Snyder,susan.snyder@acmecorp.example,6762120216979,1987-02-12,39,Male,E,Austin,TX,USA,America/Chicago,hybrid,dept_03,team_0031,M3,Enterprise AE,Go-to-Market,2023-05-02,38,referral,emp_000304,217982.92,0.25,54495.73,51181.95,126451.04,398929.69,1,0.4392,0.6528,0.6629,0.4737
emp_000215,Wendy,Miller,Wendy Miller,wendy.miller@acmecorp.example,2965902771670,1981-09-28,44,Male,A,Bangalore,KA,IND,Asia/Kolkata,hybrid,dept_03,team_0031,M2,Sales Engineer,Go-to-Market,2021-05-01,62,referral,emp_000214,63258.85,0.2,12651.77,16301.71,94304.86,170215.48,3,0.7885,0.6294,0.6604,0.546
emp_000216,Angela,Williams,Angela Williams,angela.williams@acmecorp.example,4508993588916,1998-05-17,28,Male,B,Denver,CO,USA,America/Denver,hybrid,dept_03,team_0032,IC3,Sales Engineer,Go-to-Market,2025-05-01,14,linkedin,emp_000219,124930.42,0.1,12493.04,15941.64,27616.0,165039.45,1,0.776,0.852,0.724,0.3261
emp_000217,Jennifer,Reynolds,Jennifer Reynolds,jennifer.reynolds@acmecorp.example,7562890028772,2001-03-06,25,Female,D,Boston,MA,USA,America/New_York,hybrid,dept_03,team_0032,IC2,Sales Ops Analyst,Go-to-Market,2025-05-01,14,company_site,emp_000219,120617.59,0.07,8443.23,8360.64,14168.11,143228.93,1,0.4902,0.6664,0.6399,0.4545
emp_000218,Eric,Morris,Eric Morris,eric.morris@acmecorp.example,7535408386631,1992-09-30,33,Male,D,Remote — US,,USA,America/New_York,remote,dept_03,team_0032,IC3,Enterprise AE,Go-to-Market,2025-03-01,16,boomerang,emp_000219,123658.87,0.1,12365.89,16263.28,27485.68,163510.43,1,0.8152,0.6317,0.6331,0.5068
emp_000219,Kenneth,Wright,Kenneth Wright,kenneth.wright@acmecorp.example,7971775170166,1989-11-29,36,Female,B,Bangalore,KA,IND,Asia/Kolkata,onsite,dept_03,team_0032,M1,Sales Engineer,Go-to-Market,2024-07-31,23,referral,emp_000214,58061.78,0.15,8709.27,9352.74,49784.27,116555.32,1,0.5739,0.4711,0.5558,0.5298
emp_000220,Tanya,Davis,Tanya Davis,tanya.davis@acmecorp.example,8801994883755,1995-09-22,30,Male,C,Seattle,WA,USA,America/Los_Angeles,onsite,dept_03,team_0032,IC4,SDR,Go-to-Market,2022-07-01,48,recruiter,emp_000219,191975.36,0.12,23037.04,33566.82,44168.82,259181.23,3,0.9571,0.8573,0.5976,0.3641
emp_000221,Beth,Hayden,Beth Hayden,beth.hayden@acmecorp.example,3758997571130,1992-12-25,33,Prefer not to say,C,Los Angeles,CA,USA,America/Los_Angeles,remote,dept_03,team_0032,M1,Enterprise AE,Go-to-Market,2023-08-01,35,referral,emp_000219,169487.13,0.15,25423.07,26651.49,44055.21,238965.41,1,0.5483,0.2446,0.7082,0.6929
emp_000222,Amy,Huff,Amy Huff,amy.huff@acmecorp.example,5488510272614,1996-08-22,29,Female,D,Boston,MA,USA,America/New_York,remote,dept_03,team_0033,IC3,Enterprise AE,Go-to-Market,2024-05-31,25,recruiter,emp_000228,122313.81,0.1,12231.38,16681.07,17464.42,152009.6,1,0.8638,0.6835,0.6239,0.3971
emp_000223,Julie,Johnston,Julie Johnston,julie.johnston@acmecorp.example,3163735160917,1994-08-16,31,Female,A,Denver,CO,USA,America/Denver,remote,dept_03,team_0033,IC4,BDR,Go-to-Market,2024-09-30,21,referral,emp_000228,168460.95,0.12,20215.31,22527.27,32962.94,221639.21,1,0.6144,0.4562,0.7719,0.5438
emp_000224,Brian,Sampson,Brian Sampson,brian.sampson@acmecorp.example,9827080869782,2003-07-12,22,Female,E,Seattle,WA,USA,America/Los_Angeles,remote,dept_03,team_0033,IC2,Enterprise AE,Go-to-Market,2025-11-30,7,recruiter,emp_000228,90336.52,0.07,6323.56,7337.68,13777.54,110437.61,0,0.6604,0.6084,0.508,0.4939
emp_000225,Breanna,Key,Breanna Key,breanna.key@acmecorp.example,2169958669346,2002-05-18,24,Female,A,New York,NY,USA,America/New_York,remote,dept_03,team_0033,IC5,Account Executive,Go-to-Market,2025-04-01,15,referral,emp_000228,260110.38,0.15,39016.56,42136.85,93431.26,392558.2,1,0.58,0.5274,0.5847,0.4982
emp_000226,Wesley,Chambers,Wesley Chambers,wesley.chambers@acmecorp.example,4722698485833,2003-11-29,22,Female,D,Sydney,NSW,AUS,Australia/Sydney,hybrid,dept_03,team_0033,IC2,SDR,Go-to-Market,2025-10-01,9,referral,emp_000228,95211.94,0.07,6664.84,6514.56,14094.0,115970.77,0,0.4775,0.4308,0.3274,0.6143
emp_000227,Melissa,Adams,Melissa Adams,melissa.adams@acmecorp.example,9452288515879,1997-05-21,29,Male,A,Sydney,NSW,AUS,Australia/Sydney,hybrid,dept_03,team_0033,IC5,BDR,Go-to-Market,2022-12-01,43,company_site,emp_000228,156375.05,0.15,23456.26,24059.27,134383.65,314214.96,2,0.5257,0.5737,0.5297,0.3745
emp_000228,Eric,Williams,Eric Williams,eric.williams@acmecorp.example,8460810620034,1992-04-09,34,Female,A,Dublin,,IRL,Europe/Dublin,onsite,dept_03,team_0033,M2,Enterprise AE,Go-to-Market,2022-01-30,53,linkedin,emp_000214,174658.97,0.2,34931.79,40248.54,78852.29,288443.05,2,0.6522,0.708,0.4407,0.3848
emp_000229,Susan,Avila,Susan Avila,susan.avila@acmecorp.example,4420438057198,1992-03-14,34,Male,A,Remote — US,,USA,America/New_York,hybrid,dept_03,team_0033,IC1,Sales Ops Analyst,Go-to-Market,2018-06-01,97,linkedin,emp_000228,66295.9,0.05,3314.79,4110.79,5590.31,75201.0,5,0.7401,0.6971,0.5538,0.326
emp_000230,Christopher,Ruiz,Christopher Ruiz,christopher.ruiz@acmecorp.example,8638406665800,1993-11-08,32,Female,B,Toronto,ON,CAN,America/Toronto,remote,dept_03,team_0033,IC4,Sales Engineer,Go-to-Market,2021-08-01,59,linkedin,emp_000228,134426.74,0.12,16131.21,21070.93,47727.28,198285.23,3,0.8062,0.595,0.8404,0.4427
emp_000231,Jacob,Pearson,Jacob Pearson,jacob.pearson@acmecorp.example,3973598933472,1993-01-25,33,Female,A,London,,GBR,Europe/London,hybrid,dept_03,team_0034,IC1,BDR,Go-to-Market,2017-03-01,112,boomerang,emp_000234,69933.81,0.05,3496.69,3842.04,3154.12,76584.62,5,0.5988,0.5467,0.7796,0.4789
emp_000232,Brooke,Moon,Brooke Moon,brooke.moon@acmecorp.example,2281606484229,1996-08-20,29,Female,A,London,,GBR,Europe/London,hybrid,dept_03,team_0034,IC5,Sales Ops Analyst,Go-to-Market,2021-08-31,58,linkedin,emp_000234,184955.02,0.15,27743.25,35563.11,112712.81,325411.08,3,0.7819,0.7637,0.8022,0.3509
emp_000233,Emma,White,Emma White,emma.white@acmecorp.example,0572025909479,2004-03-15,22,Male,B,Boston,MA,USA,America/New_York,onsite,dept_03,team_0034,IC1,SDR,Go-to-Market,2026-05-02,2,company_site,emp_000234,62059.63,0.05,3102.98,4326.99,4529.13,69691.74,0,0.8945,0.4962,0.5814,0.6071
emp_000234,Joe,Richards,Joe Richards,joe.richards@acmecorp.example,1583281826886,1988-11-18,37,Male,B,Boston,MA,USA,America/New_York,onsite,dept_03,team_0034,M2,Account Executive,Go-to-Market,2024-01-31,29,university,emp_000214,206711.72,0.2,41342.34,51587.67,82078.4,330132.46,1,0.7478,0.794,0.7123,0.3685
emp_000235,David,Walters,David Walters,david.walters@acmecorp.example,5335554398780,1997-09-26,28,Female,D,New York,NY,USA,America/New_York,onsite,dept_03,team_0034,IC1,Account Executive,Go-to-Market,2024-05-01,26,recruiter,emp_000234,77054.09,0.05,3852.7,4648.46,6975.34,87882.14,1,0.7065,0.5333,0.8273,0.4756
emp_000236,Pamela,Vasquez,Pamela Vasquez,pamela.vasquez@acmecorp.example,5739930561648,1991-07-10,34,Male,D,Atlanta,GA,USA,America/New_York,onsite,dept_03,team_0035,M3,Sales Ops Analyst,Go-to-Market,2022-12-31,42,linkedin,emp_000214,223030.75,0.25,55757.69,69310.08,125069.15,403857.59,2,0.7431,0.7623,0.6705,0.3646
emp_000237,John,Davis,John Davis,john.davis@acmecorp.example,0858877043581,1993-04-03,33,Male,C,Seattle,WA,USA,America/Los_Angeles,remote,dept_03,team_0035,M1,Sales Ops Analyst,Go-to-Market,2024-12-31,18,company_site,emp_000236,185647.89,0.15,27847.18,26803.91,48445.84,261940.91,1,0.4625,0.4663,0.7353,0.4604
emp_000238,Brooke,Bailey,Brooke Bailey,brooke.bailey@acmecorp.example,2880133613861,1987-10-08,38,Female,A,New York,NY,USA,America/New_York,hybrid,dept_03,team_0035,IC4,Sales Engineer,Go-to-Market,2024-09-30,21,referral,emp_000236,173111.26,0.12,20773.35,21722.01,44057.12,237941.73,1,0.5457,0.8261,0.5171,0.2955
emp_000239,Christine,Cook,Christine Cook,christine.cook@acmecorp.example,0750110248193,1991-06-02,35,Non-binary,A,Chicago,IL,USA,America/Chicago,remote,dept_03,team_0035,M1,Account Executive,Go-to-Market,2022-06-01,49,company_site,emp_000236,147669.17,0.15,22150.38,24718.12,53174.35,222993.9,2,0.6159,0.7361,0.7946,0.4132
emp_000240,Robert,Santiago,Robert Santiago,robert.santiago@acmecorp.example,6676650618091,1995-12-16,30,Female,E,Austin,TX,USA,America/Chicago,hybrid,dept_03,team_0035,M1,Enterprise AE,Go-to-Market,2023-10-31,32,linkedin,emp_000236,144843.34,0.15,21726.5,21085.48,47685.88,214255.72,1,0.4705,0.7527,0.6177,0.3969
emp_000241,Brandy,Hodge,Brandy Hodge,brandy.hodge@acmecorp.example,1581449147660,1989-01-31,37,Female,A,New York,NY,USA,America/New_York,onsite,dept_03,team_0035,M3,Account Executive,Go-to-Market,2022-01-30,53,recruiter,emp_000236,257937.58,0.25,64484.4,81628.91,193656.4,516078.37,3,0.7659,0.4661,0.807,0.4805
emp_000242,Alexandra,Rivera,Alexandra Rivera,alexandra.rivera@acmecorp.example,2832684245088,1997-07-17,28,Male,B,Berlin,,DEU,Europe/Berlin,onsite,dept_03,team_0035,IC2,Account Executive,Go-to-Market,2023-07-02,36,university,emp_000236,67857.31,0.07,4750.01,5749.02,9732.26,82339.58,2,0.7103,0.4884,0.5426,0.4797
emp_000243,Sarah,Steele,Sarah Steele,sarah.steele@acmecorp.example,1009968814353,1996-09-22,29,Female,E,Bangalore,KA,IND,Asia/Kolkata,remote,dept_03,team_0035,IC4,Enterprise AE,Go-to-Market,2024-05-31,25,referral,emp_000236,53338.28,0.12,6400.59,9079.44,46578.53,106317.4,1,0.9185,0.5011,0.7963,0.4499
emp_000244,James,Roberts,James Roberts,james.roberts@acmecorp.example,8222394312908,2000-07-28,25,Female,E,New York,NY,USA,America/New_York,onsite,dept_03,team_0036,IC1,BDR,Go-to-Market,2024-09-30,21,referral,emp_000245,89042.0,0.05,4452.1,4435.15,5927.25,99421.35,1,0.4962,0.422,0.4719,0.514
emp_000245,Jennifer,Landry,Jennifer Landry,jennifer.landry@acmecorp.example,8141413975523,2001-08-25,24,Male,B,San Francisco,CA,USA,America/Los_Angeles,remote,dept_03,team_0036,IC4,Account Executive,Go-to-Market,2024-08-31,22,linkedin,emp_000214,203911.05,0.12,24469.33,27905.86,74478.77,302859.15,1,0.6404,0.466,0.3552,0.4504
emp_000246,John,Cervantes,John Cervantes,john.cervantes@acmecorp.example,4913577594929,2003-02-03,23,Female,C,Seattle,WA,USA,America/Los_Angeles,onsite,dept_03,team_0036,IC2,Sales Ops Analyst,Go-to-Market,2024-04-01,27,company_site,emp_000245,88468.31,0.07,6192.78,6690.95,13152.74,107813.83,1,0.5804,0.6126,0.5753,0.4255
emp_000247,Randy,Pierce,Randy Pierce,randy.pierce@acmecorp.example,5620533645257,1992-10-07,33,Male,B,London,,GBR,Europe/London,hybrid,dept_03,team_0037,IC4,SDR,Go-to-Market,2020-07-01,72,linkedin,emp_000251,120082.47,0.12,14409.9,18829.06,45128.37,179620.74,4,0.8067,0.5582,0.7749,0.4967
emp_000248,Emily,Gibson,Emily Gibson,emily.gibson@acmecorp.example,7547812914283,1995-06-21,31,Non-binary,D,Dublin,,IRL,Europe/Dublin,remote,dept_03,team_0037,IC4,Enterprise AE,Go-to-Market,2021-12-31,54,company_site,emp_000251,153119.66,0.12,18374.36,25818.52,58728.32,230222.35,3,0.9051,0.5333,0.5241,0.4408
emp_000249,Kevin,Edwards,Kevin Edwards,kevin.edwards@acmecorp.example,1108099693084,1998-12-11,27,Male,A,San Francisco,CA,USA,America/Los_Angeles,onsite,dept_03,team_0037,IC3,BDR,Go-to-Market,2023-06-01,37,company_site,emp_000251,153370.34,0.1,15337.03,16714.82,37137.36,205844.73,2,0.5898,0.4969,0.6525,0.4973
emp_000250,Leslie,Morris,Leslie Morris,leslie.morris@acmecorp.example,2563942788165,1997-06-14,29,Male,A,London,,GBR,Europe/London,onsite,dept_03,team_0037,IC3,Sales Engineer,Go-to-Market,2023-04-01,39,boomerang,emp_000251,138363.36,0.1,13836.34,12556.18,25512.11,177711.81,1,0.4075,0.5924,0.511,0.4335
emp_000251,Karen,Cordova,Karen Cordova,karen.cordova@acmecorp.example,3928272299275,1992-10-10,33,Male,C,San Francisco,CA,USA,America/Los_Angeles,remote,dept_03,team_0037,M1,Enterprise AE,Go-to-Market,2023-10-01,33,linkedin,emp_000214,174902.73,0.15,26235.41,29964.21,58156.57,259294.71,1,0.6421,0.6769,0.8013,0.4466
emp_000252,Charles,Powell,Charles Powell,charles.powell@acmecorp.example,3731453038567,1989-07-14,36,Prefer not to say,A,Austin,TX,USA,America/Chicago,onsite,dept_03,team_0037,M1,Account Executive,Go-to-Market,2024-04-01,27,referral,emp_000251,148096.13,0.15,22214.42,18154.41,38337.04,208647.58,1,0.3172,0.4715,0.8526,0.4865
emp_000253,Stephen,Robertson,Stephen Robertson,stephen.robertson@acmecorp.example,0051844989266,1999-10-27,26,Female,C,Remote — EU,,DEU,Europe/Berlin,hybrid,dept_03,team_0038,IC3,Account Executive,Go-to-Market,2025-11-30,7,linkedin,emp_000255,116031.63,0.1,11603.16,14453.87,24789.57,152424.37,0,0.7457,0.6643,0.6177,0.5227
emp_000254,Yolanda,Travis,Yolanda Travis,yolanda.travis@acmecorp.example,9184638655779,1994-08-30,31,Female,B,New York,NY,USA,America/New_York,hybrid,dept_03,team_0038,IC4,Sales Ops Analyst,Go-to-Market,2024-04-01,27,company_site,emp_000255,179095.87,0.12,21491.5,27626.9,61815.22,262402.59,1,0.7855,0.4277,0.4209,0.5011
emp_000255,Wendy,Sandoval,Wendy Sandoval,wendy.sandoval@acmecorp.example,8272318432225,1993-04-07,33,Male,D,New York,NY,USA,America/New_York,onsite,dept_03,team_0038,M2,Account Executive,Go-to-Market,2023-10-01,33,referral,emp_000214,222720.26,0.2,44544.05,49794.66,97151.91,364416.22,1,0.6179,0.4723,0.702,0.4598
emp_000256,Charles,Daniels,Charles Daniels,charles.daniels@acmecorp.example,3651777392603,1998-07-05,27,Male,D,Austin,TX,USA,America/Chicago,remote,dept_03,team_0038,IC1,BDR,Go-to-Market,2025-01-30,17,referral,emp_000255,61864.78,0.05,3093.24,3543.27,4233.61,69191.63,1,0.6455,0.7341,0.7829,0.386
emp_000257,Jason,Gutierrez,Jason Gutierrez,jason.gutierrez@acmecorp.example,2992280920242,2000-12-12,25,Female,B,Denver,CO,USA,America/Denver,remote,dept_03,team_0038,IC1,SDR,Go-to-Market,2026-04-01,3,linkedin,emp_000255,67049.79,0.05,3352.49,4165.99,4190.48,74592.76,0,0.7427,0.761,0.4664,0.4866
emp_000258,Joseph,Lopez,Joseph Lopez,joseph.lopez@acmecorp.example,9904137977236,1998-10-29,27,Male,D,Remote — US,,USA,America/New_York,hybrid,dept_03,team_0038,IC1,Sales Engineer,Go-to-Market,2026-04-01,3,recruiter,emp_000255,62927.76,0.05,3146.39,4198.06,5988.28,72062.43,0,0.8342,0.6676,0.6922,0.5522
emp_000259,Sarah,Cox,Sarah Cox,sarah.cox@acmecorp.example,9298425799136,1993-09-23,32,Female,A,Remote — EU,,DEU,Europe/Berlin,remote,dept_03,team_0038,IC4,Account Executive,Go-to-Market,2024-08-31,22,boomerang,emp_000255,147701.95,0.12,17724.23,24784.93,68107.06,233533.24,1,0.8984,0.7774,0.7129,0.3973
emp_000260,Nicole,Avila,Nicole Avila,nicole.avila@acmecorp.example,2103886291279,1995-11-11,30,Non-binary,B,San Francisco,CA,USA,America/Los_Angeles,onsite,dept_03,team_0039,IC3,Sales Ops Analyst,Go-to-Market,2025-01-30,17,linkedin,emp_000264,148848.26,0.1,14884.83,13776.62,32560.72,196293.81,1,0.4255,0.2863,0.2168,0.6948
emp_000261,Natasha,Garrett,Natasha Garrett,natasha.garrett@acmecorp.example,8811729806865,1993-03-08,33,Female,A,San Francisco,CA,USA,America/Los_Angeles,onsite,dept_03,team_0039,M1,Sales Engineer,Go-to-Market,2024-01-31,29,referral,emp_000264,168163.93,0.15,25224.59,26584.49,61235.37,254623.9,1,0.5539,0.5374,0.6892,0.3952
emp_000262,Mike,Wolf,Mike Wolf,mike.wolf@acmecorp.example,8637659916247,1994-11-21,31,Female,D,London,,GBR,Europe/London,hybrid,dept_03,team_0039,IC4,SDR,Go-to-Market,2023-07-02,36,linkedin,emp_000264,185146.04,0.12,22217.52,23560.32,56480.81,263844.38,1,0.5604,0.3956,0.54,0.595
emp_000263,Eric,Harris,Eric Harris,eric.harris@acmecorp.example,1498643009818,1994-11-06,31,Female,D,Seattle,WA,USA,America/Los_Angeles,remote,dept_03,team_0039,IC2,Enterprise AE,Go-to-Market,2024-04-01,27,linkedin,emp_000264,97672.85,0.07,6837.1,8973.86,11253.12,115763.07,1,0.8125,0.5863,0.7974,0.4595
emp_000264,Martha,Dunn,Martha Dunn,martha.dunn@acmecorp.example,6356512694486,1994-08-24,31,Female,E,Bangalore,KA,IND,Asia/Kolkata,onsite,dept_03,team_0039,M2,Sales Ops Analyst,Go-to-Market,2024-10-31,20,conference,emp_000214,63141.8,0.2,12628.36,16331.04,114317.84,190088.0,1,0.7932,0.2504,0.7378,0.6267
emp_000265,Jade,Pennington,Jade Pennington,jade.pennington@acmecorp.example,9463688725887,1994-01-07,32,Female,D,Atlanta,GA,USA,America/New_York,onsite,dept_03,team_0039,M1,Enterprise AE,Go-to-Market,2022-01-30,53,linkedin,emp_000264,138914.85,0.15,20837.23,24499.6,51417.62,211169.7,2,0.6758,0.5127,0.6974,0.5088
emp_000266,Cheryl,Kim,Cheryl Kim,cheryl.kim@acmecorp.example,4956213721386,1994-12-31,31,Female,E,San Francisco,CA,USA,America/Los_Angeles,hybrid,dept_03,team_0039,IC2,SDR,Go-to-Market,2020-10-31,68,recruiter,emp_000264,114853.98,0.07,8039.78,10100.26,9642.11,132535.87,3,0.7563,0.5385,0.7505,0.3906
emp_000267,Vanessa,Wolfe,Vanessa Wolfe,vanessa.wolfe@acmecorp.example,8902601279611,1994-12-31,31,Female,A,Dublin,,IRL,Europe/Dublin,remote,dept_03,team_0039,IC3,SDR,Go-to-Market,2023-05-02,38,university,emp_000264,111163.9,0.1,11116.39,16216.4,19831.82,142112.12,2,0.9588,0.6729,0.5283,0.4694
emp_000268,Destiny,Martinez,Destiny Martinez,destiny.martinez@acmecorp.example,3519066984902,2002-05-21,24,Female,E,New York,NY,USA,America/New_York,onsite,dept_03,team_0040,IC2,Enterprise AE,Go-to-Market,2024-03-01,28,company_site,emp_000271,108733.14,0.07,7611.32,7310.82,13180.63,129525.09,1,0.4605,0.6747,0.3291,0.4209
emp_000269,Alan,Dudley,Alan Dudley,alan.dudley@acmecorp.example,7038430988392,2001-05-30,25,Female,C,Austin,TX,USA,America/Chicago,hybrid,dept_03,team_0040,IC2,SDR,Go-to-Market,2025-12-31,6,referral,emp_000271,87186.78,0.07,6103.07,6374.02,11574.54,104864.39,0,0.5444,0.4292,0.5647,0.6492
emp_000270,Lisa,Lynch,Lisa Lynch,lisa.lynch@acmecorp.example,5302146566938,2001-06-24,25,Female,B,Chicago,IL,USA,America/Chicago,hybrid,dept_03,team_0040,IC2,Account Executive,Go-to-Market,2025-10-31,8,company_site,emp_000271,88688.25,0.07,6208.18,6101.41,11936.57,106832.99,0,0.4828,0.8409,0.6136,0.4162
emp_000271,Kevin,Allen,Kevin Allen,kevin.allen@acmecorp.example,1184895543937,1997-10-31,28,Female,B,Los Angeles,CA,USA,America/Los_Angeles,hybrid,dept_03,team_0040,M2,Account Executive,Go-to-Market,2021-10-31,56,linkedin,emp_000214,171757.36,0.2,34351.47,35584.9,109305.6,315414.44,2,0.5359,0.8292,0.8039,0.2173
emp_000272,Elizabeth,Moore,Elizabeth Moore,elizabeth.moore@acmecorp.example,9042681818451,1995-01-31,31,Female,A,Miami,FL,USA,America/New_York,onsite,dept_03,team_0040,IC3,Enterprise AE,Go-to-Market,2020-05-31,73,linkedin,emp_000271,138919.27,0.1,13891.93,14992.87,28795.19,181606.38,3,0.5793,0.8901,0.5923,0.2503
emp_000273,Sheila,Pierce,Sheila Pierce,sheila.pierce@acmecorp.example,8947697357790,1993-08-20,32,Female,A,Atlanta,GA,USA,America/New_York,onsite,dept_03,team_0040,IC3,Account Executive,Go-to-Market,2019-07-02,84,conference,emp_000271,113360.84,0.1,11336.08,12749.99,31649.37,156346.28,4,0.6247,0.8597,0.5899,0.2601
emp_000274,Dennis,Tran,Dennis Tran,dennis.tran@acmecorp.example,1416335658804,1995-10-19,30,Female,A,Remote — EU,,DEU,Europe/Berlin,hybrid,dept_03,team_0040,IC5,SDR,Go-to-Market,2025-01-30,17,referral,emp_000271,178001.11,0.15,26700.17,27959.54,67506.21,272207.49,1,0.5472,0.5914,0.6502,0.3789
emp_000275,Darrell,Davis,Darrell Davis,darrell.davis@acmecorp.example,4165182755394,1991-05-12,35,Female,A,Remote — EU,,DEU,Europe/Berlin,hybrid,dept_03,team_0040,IC3,Sales Ops Analyst,Go-to-Market,2023-08-01,35,linkedin,emp_000271,96693.79,0.1,9669.38,12507.77,26266.99,132630.16,2,0.7935,0.6083,0.6245,0.4739
emp_000276,Daniel,Gay,Daniel Gay,daniel.gay@acmecorp.example,3733343333952,1996-05-26,30,Male,B,Los Angeles,CA,USA,America/Los_Angeles,remote,dept_03,team_0041,M2,Account Executive,Go-to-Market,2023-10-01,33,referral,emp_000214,203703.89,0.2,40740.78,50301.7,102504.39,346949.07,2,0.7347,0.3949,0.8348,0.6269
emp_000277,Angela,Durham,Angela Durham,angela.durham@acmecorp.example,1179080759579,1998-02-18,28,Prefer not to say,D,San Francisco,CA,USA,America/Los_Angeles,hybrid,dept_03,team_0041,M1,Account Executive,Go-to-Market,2025-08-31,10,referral,emp_000276,178039.76,0.15,26705.96,25733.28,31260.73,236006.46,0,0.4636,0.7761,0.7659,0.483
emp_000278,Joseph,Murray,Joseph Murray,joseph.murray@acmecorp.example,7284639208678,2003-07-31,22,Non-binary,C,Toronto,ON,CAN,America/Toronto,hybrid,dept_03,team_0041,IC3,Account Executive,Go-to-Market,2024-08-31,22,company_site,emp_000276,121452.78,0.1,12145.28,12543.37,21725.52,155323.58,1,0.5328,0.6226,0.5993,0.4112
emp_000279,Cassandra,Wilson,Cassandra Wilson,cassandra.wilson@acmecorp.example,8562718750036,2001-06-14,25,Male,B,Remote — US,,USA,America/New_York,remote,dept_03,team_0041,IC3,BDR,Go-to-Market,2025-03-01,16,recruiter,emp_000276,115091.04,0.1,11509.1,11468.86,20797.57,147397.72,1,0.4965,0.9252,0.8043,0.2666
emp_000280,Jennifer,Collier,Jennifer Collier,jennifer.collier@acmecorp.example,5594284347955,1989-04-24,37,Male,B,Seattle,WA,USA,America/Los_Angeles,hybrid,dept_03,team_0041,VP,Enterprise AE,Go-to-Market,2022-08-01,47,company_site,emp_000276,409833.77,0.35,143441.82,212303.8,401735.85,955011.44,3,0.9801,0.4777,0.5194,0.5124
emp_000281,James,Jimenez,James Jimenez,james.jimenez@acmecorp.example,7636556472929,1996-06-21,30,Female,B,Boston,MA,USA,America/New_York,hybrid,dept_04,team_0042,IC5,Brand Manager,Go-to-Market,2023-07-02,36,linkedin,emp_000282,172681.55,0.15,25902.23,30277.39,145812.79,344396.57,2,0.6689,0.6235,0.5674,0.3718
emp_000282,Cynthia,Moran,Cynthia Moran,cynthia.moran@acmecorp.example,1438663227026,1984-02-02,42,Male,A,Austin,TX,USA,America/Chicago,remote,dept_04,team_0042,M3,Content Marketer,Go-to-Market,2022-10-31,44,referral,emp_000304,199859.31,0.25,49964.83,59600.2,252813.22,502637.35,2,0.6928,0.5335,0.7686,0.4473
emp_000283,Joseph,Hicks,Joseph Hicks,joseph.hicks@acmecorp.example,2885744890612,1996-07-05,29,Male,D,San Francisco,CA,USA,America/Los_Angeles,onsite,dept_04,team_0042,IC1,Growth Marketer,Go-to-Market,2023-10-01,33,linkedin,emp_000282,69268.03,0.05,3463.4,2795.25,4185.71,76917.15,1,0.3071,0.6905,0.6831,0.3709
emp_000284,Tracy,Hill,Tracy Hill,tracy.hill@acmecorp.example,3471754558845,1991-10-26,34,Male,A,Atlanta,GA,USA,America/New_York,hybrid,dept_04,team_0042,M1,Brand Manager,Go-to-Market,2023-03-02,40,company_site,emp_000282,134927.3,0.15,20239.1,22126.11,49739.02,204905.41,2,0.5932,0.8534,0.5809,0.3004
emp_000285,Rebecca,Davenport,Rebecca Davenport,rebecca.davenport@acmecorp.example,6159399824558,1999-01-03,27,Male,C,Seattle,WA,USA,America/Los_Angeles,remote,dept_04,team_0042,IC4,Brand Manager,Go-to-Market,2025-08-01,11,recruiter,emp_000282,130216.22,0.12,15625.95,21550.0,61146.78,206988.94,1,0.8791,0.5145,0.5235,0.6417
emp_000286,Meghan,Baird,Meghan Baird,meghan.baird@acmecorp.example,7169472256996,1992-05-10,34,Female,D,London,,GBR,Europe/London,onsite,dept_04,team_0042,IC1,Brand Manager,Go-to-Market,2019-06-01,85,recruiter,emp_000282,51859.53,0.05,2592.98,2706.12,5387.63,59840.13,3,0.5436,0.5169,0.4415,0.5004
emp_000287,Christopher,Sanchez,Christopher Sanchez,christopher.sanchez@acmecorp.example,1253554496475,1994-02-22,32,Male,C,Dublin,,IRL,Europe/Dublin,hybrid,dept_04,team_0043,IC4,Product Marketer,Go-to-Market,2021-09-30,57,university,emp_000291,106987.44,0.12,12838.49,16876.01,59388.78,179214.71,3,0.8145,0.6513,0.4996,0.333
emp_000288,Rodney,Arnold,Rodney Arnold,rodney.arnold@acmecorp.example,6220234132611,1998-12-23,27,Male,D,Berlin,,DEU,Europe/Berlin,onsite,dept_04,team_0043,IC5,Brand Manager,Go-to-Market,2025-08-01,11,recruiter,emp_000291,128513.86,0.15,19277.08,21671.4,116682.34,264473.27,0,0.6242,0.7136,0.5298,0.5551
emp_000289,Joshua,Reyes,Joshua Reyes,joshua.reyes@acmecorp.example,7800681149216,2004-03-23,22,Female,A,Austin,TX,USA,America/Chicago,onsite,dept_04,team_0043,IC1,SEO Specialist,Go-to-Market,2025-10-01,9,linkedin,emp_000291,50583.65,0.05,2529.18,3028.86,6687.57,59800.41,0,0.6976,0.6561,0.5463,0.5565
emp_000290,Adam,Weeks,Adam Weeks,adam.weeks@acmecorp.example,3347228200557,2000-10-17,25,Non-binary,D,Seattle,WA,USA,America/Los_Angeles,hybrid,dept_04,team_0043,IC3,Brand Manager,Go-to-Market,2025-07-01,12,company_site,emp_000291,105955.29,0.1,10595.53,13712.65,30512.33,147063.15,1,0.7942,0.6634,0.5678,0.5296
emp_000291,Kellie,Romero,Kellie Romero,kellie.romero@acmecorp.example,8487282997968,1990-07-10,35,Female,C,Toronto,ON,CAN,America/Toronto,onsite,dept_04,team_0043,M1,Growth Marketer,Go-to-Market,2024-12-31,18,recruiter,emp_000282,109111.81,0.15,16366.77,18785.9,35458.61,160937.19,1,0.6478,0.5592,0.9129,0.4451
emp_000292,Dana,Suarez,Dana Suarez,dana.suarez@acmecorp.example,5783174564240,1992-04-17,34,Prefer not to say,D,Berlin,,DEU,Europe/Berlin,remote,dept_04,team_0043,IC2,Growth Marketer,Go-to-Market,2025-11-30,7,boomerang,emp_000291,55756.55,0.07,3902.96,4307.04,13909.73,73569.24,0,0.6035,0.7869,0.7226,0.494
emp_000293,Jose,Shields,Jose Shields,jose.shields@acmecorp.example,8254780774064,1997-03-31,29,Male,C,Los Angeles,CA,USA,America/Los_Angeles,remote,dept_04,team_0044,IC3,Growth Marketer,Go-to-Market,2023-12-31,30,linkedin,emp_000296,108845.79,0.1,10884.58,14355.22,29461.87,149192.24,2,0.8189,0.36,0.6826,0.7255
emp_000294,Joyce,Hill,Joyce Hill,joyce.hill@acmecorp.example,0853686632663,2002-05-16,24,Female,D,Singapore,,SGP,Asia/Singapore,remote,dept_04,team_0044,IC3,Brand Manager,Go-to-Market,2024-12-31,18,recruiter,emp_000296,125237.19,0.1,12523.72,17354.92,26574.84,164335.74,1,0.8858,0.2773,0.3133,0.6433
emp_000295,Andrea,Tyler,Andrea Tyler,andrea.tyler@acmecorp.example,1638944846312,2002-10-11,23,Male,E,New York,NY,USA,America/New_York,onsite,dept_04,team_0044,IC2,Growth Marketer,Go-to-Market,2023-01-30,41,linkedin,emp_000296,98484.31,0.07,6893.9,9287.57,14715.42,120093.63,2,0.8472,0.5194,0.6405,0.485
emp_000296,Ronald,Perry,Ronald Perry,ronald.perry@acmecorp.example,4179749735020,1989-01-14,37,Female,B,Bangalore,KA,IND,Asia/Kolkata,onsite,dept_04,team_0044,M2,SEO Specialist,Go-to-Market,2023-07-02,36,recruiter,emp_000282,58829.25,0.2,11765.85,12722.7,93385.33,163980.43,1,0.5813,0.6258,0.9249,0.3751
emp_000297,Alec,Villa,Alec Villa,alec.villa@acmecorp.example,2144270312073,2000-03-20,26,Male,D,San Francisco,CA,USA,America/Los_Angeles,onsite,dept_04,team_0044,M1,Brand Manager,Go-to-Market,2023-09-01,34,university,emp_000296,151638.23,0.15,22745.73,27652.15,46804.21,221188.18,2,0.7157,0.4126,0.629,0.6289
emp_000298,Charles,Romero,Charles Romero,charles.romero@acmecorp.example,6475705120461,1998-04-12,28,Male,C,New York,NY,USA,America/New_York,onsite,dept_04,team_0044,IC1,SEO Specialist,Go-to-Market,2023-10-31,32,university,emp_000296,59068.31,0.05,2953.42,3149.46,5121.24,67142.97,1,0.5664,0.7841,0.7157,0.2716
emp_000299,Nicole,Hoover,Nicole Hoover,nicole.hoover@acmecorp.example,2346013673037,1982-06-06,44,Male,B,Los Angeles,CA,USA,America/Los_Angeles,remote,dept_04,team_0044,CXO,Product Marketer,Go-to-Market,2021-12-31,54,referral,emp_000296,449518.6,0.55,247235.23,336106.52,715621.42,1412375.25,3,0.8595,0.8065,0.6523,0.3374
emp_000300,Rebecca,Campbell,Rebecca Campbell,rebecca.campbell@acmecorp.example,8376452088147,1985-01-09,41,Male,E,San Francisco,CA,USA,America/Los_Angeles,hybrid,dept_04,team_0044,M2,Growth Marketer,Go-to-Market,2019-08-31,82,referral,emp_000296,211235.27,0.2,42247.05,48732.47,88552.83,342035.16,4,0.6535,0.3357,0.8091,0.5749
emp_000301,Amy,Evans,Amy Evans,amy.evans@acmecorp.example,3503136502491,2000-10-25,25,Female,B,San Francisco,CA,USA,America/Los_Angeles,onsite,dept_04,team_0045,IC2,Growth Marketer,Go-to-Market,2025-04-01,15,recruiter,emp_000302,107048.08,0.07,7493.37,9452.55,10396.2,124937.65,1,0.7615,0.7566,0.7025,0.3366
emp_000302,Mary,Matthews,Mary Matthews,mary.matthews@acmecorp.example,3009792513271,1991-04-08,35,Female,B,San Francisco,CA,USA,America/Los_Angeles,remote,dept_04,team_0045,M1,Product Marketer,Go-to-Market,2024-05-31,25,company_site,emp_000282,176765.43,0.15,26514.81,28803.33,34321.97,237602.22,1,0.5863,0.5151,0.8636,0.4197
emp_000303,Brandi,Duarte,Brandi Duarte,brandi.duarte@acmecorp.example,0052812735857,2001-07-01,25,Female,A,Boston,MA,USA,America/New_York,hybrid,dept_04,team_0045,IC1,Growth Marketer,Go-to-Market,2025-03-01,16,university,emp_000302,63783.26,0.05,3189.16,3532.58,6434.02,73406.44,1,0.6077,0.6963,0.2975,0.4494
emp_000304,Earl,Burns,Earl Burns,earl.burns@acmecorp.example,0652407784873,1990-01-10,36,Female,A,London,,GBR,Europe/London,onsite,dept_04,team_0045,CXO,Growth Marketer,Go-to-Market,2023-08-01,35,linkedin,,436320.77,0.55,239976.42,219028.35,1321009.8,1997307.0,1,0.4127,0.3749,0.4802,0.5612
emp_000305,David,Hernandez,David Hernandez,david.hernandez@acmecorp.example,8557498218274,1985-10-28,40,Male,D,San Francisco,CA,USA,America/Los_Angeles,onsite,dept_04,team_0045,IC4,SEO Specialist,Go-to-Market,2021-05-01,62,university,emp_000302,171087.35,0.12,20530.48,26376.6,54671.86,246289.7,3,0.7848,0.6036,0.6287,0.3771
emp_000306,Kyle,Ryan,Kyle Ryan,kyle.ryan@acmecorp.example,8570862095935,1993-02-26,33,Female,B,Atlanta,GA,USA,America/New_York,hybrid,dept_04,team_0045,IC4,Brand Manager,Go-to-Market,2019-03-02,88,recruiter,emp_000302,123472.1,0.12,14816.65,13462.84,48787.16,187075.92,3,0.4086,0.4199,0.8221,0.6107
emp_000307,Rachel,Reed,Rachel Reed,rachel.reed@acmecorp.example,8638782945651,1998-04-01,28,Female,B,Berlin,,DEU,Europe/Berlin,remote,dept_04,team_0046,IC1,Content Marketer,Go-to-Market,2024-04-01,27,referral,emp_000308,46164.81,0.05,2308.24,2892.74,5296.17,53769.22,1,0.7532,0.6282,0.7374,0.3978
emp_000308,Laura,Arnold,Laura Arnold,laura.arnold@acmecorp.example,8102203173109,1999-05-07,27,Female,A,New York,NY,USA,America/New_York,onsite,dept_04,team_0046,M2,Brand Manager,Go-to-Market,2021-12-31,54,referral,emp_000282,234957.2,0.2,46991.44,62481.93,107845.85,389794.49,3,0.8296,0.5459,0.7193,0.4892
emp_000309,Michelle,Daniels,Michelle Daniels,michelle.daniels@acmecorp.example,7899405391037,1988-10-02,37,Male,B,New York,NY,USA,America/New_York,remote,dept_04,team_0046,IC1,Brand Manager,Go-to-Market,2017-07-01,108,recruiter,emp_000308,57851.19,0.05,2892.56,3710.78,4173.03,64916.78,5,0.7829,0.6795,0.5056,0.4344
emp_000310,Rachel,Gibson,Rachel Gibson,rachel.gibson@acmecorp.example,7058650948014,1994-08-22,31,Female,D,Bangalore,KA,IND,Asia/Kolkata,remote,dept_04,team_0046,IC2,SEO Specialist,Go-to-Market,2025-10-01,9,referral,emp_000308,30000.0,0.07,2100.0,2901.74,11988.41,44088.41,0,0.8818,0.7075,0.7457,0.5492
emp_000311,Jason,Morris,Jason Morris,jason.morris@acmecorp.example,3811386338392,1995-09-25,30,Male,D,Berlin,,DEU,Europe/Berlin,remote,dept_04,team_0047,IC2,Product Marketer,Go-to-Market,2021-04-01,63,recruiter,emp_000314,72913.6,0.07,5103.95,7010.91,14083.36,92100.91,3,0.8736,0.8718,0.4726,0.1671
emp_000312,John,Lopez,John Lopez,john.lopez@acmecorp.example,1957612286852,1990-12-25,35,Female,A,Los Angeles,CA,USA,America/Los_Angeles,onsite,dept_04,team_0047,M1,Content Marketer,Go-to-Market,2024-01-31,29,company_site,emp_000314,127338.91,0.15,19100.84,17428.3,27575.99,174015.73,1,0.4124,0.5426,0.9706,0.5092
emp_000313,Curtis,Terry,Curtis Terry,curtis.terry@acmecorp.example,5585566593983,1998-10-11,27,Female,C,Berlin,,DEU,Europe/Berlin,onsite,dept_04,team_0047,IC2,Content Marketer,Go-to-Market,2026-04-01,3,linkedin,emp_000314,63046.81,0.07,4413.28,5307.62,11861.83,79321.92,0,0.7026,0.7374,0.4657,0.5025
emp_000314,Kimberly,Armstrong,Kimberly Armstrong,kimberly.armstrong@acmecorp.example,8457760049082,1994-02-07,32,Male,B,San Francisco,CA,USA,America/Los_Angeles,remote,dept_04,team_0047,M2,Product Marketer,Go-to-Market,2023-12-31,30,referral,emp_000282,202996.86,0.2,40599.37,54933.06,82272.76,325868.99,2,0.8531,0.7782,0.4918,0.3167
emp_000315,Nicole,Hall,Nicole Hall,nicole.hall@acmecorp.example,0433504888992,1990-06-23,36,Female,C,Austin,TX,USA,America/Chicago,hybrid,dept_04,team_0048,IC4,Content Marketer,Go-to-Market,2019-12-31,78,conference,emp_000282,128396.71,0.12,15407.61,17731.53,53527.87,197332.19,3,0.6508,0.4007,0.4932,0.5541
emp_000316,Richard,Rowe,Richard Rowe,richard.rowe@acmecorp.example,0752245933441,2004-02-18,22,Female,B,Toronto,ON,CAN,America/Toronto,hybrid,dept_04,team_0048,IC1,Growth Marketer,Go-to-Market,2025-10-31,8,recruiter,emp_000315,43337.03,0.05,2166.85,2390.85,4498.37,50002.25,0,0.6034,0.6354,0.7815,0.4883
emp_000317,Christine,Williams,Christine Williams,christine.williams@acmecorp.example,9315727919409,2003-10-19,22,Male,B,New York,NY,USA,America/New_York,remote,dept_04,team_0048,IC1,Content Marketer,Go-to-Market,2024-07-31,23,recruiter,emp_000315,70551.12,0.05,3527.56,4240.39,5137.62,79216.3,1,0.7021,0.8025,0.7574,0.3281
emp_000318,Eric,Garner,Eric Garner,eric.garner@acmecorp.example,1055661390604,1996-11-07,29,Female,B,London,,GBR,Europe/London,onsite,dept_04,team_0048,IC1,Content Marketer,Go-to-Market,2025-05-01,14,recruiter,emp_000315,61049.44,0.05,3052.47,3515.73,6923.63,71025.54,1,0.6518,0.7654,0.8039,0.2725
emp_000319,Sarah,Thornton,Sarah Thornton,sarah.thornton@acmecorp.example,5892583206799,1993-07-05,32,Female,C,Los Angeles,CA,USA,America/Los_Angeles,remote,dept_04,team_0048,IC4,SEO Specialist,Go-to-Market,2025-10-01,9,company_site,emp_000315,155484.43,0.12,18658.13,20664.09,51436.85,225579.41,0,0.6075,0.5732,0.4504,0.5918
emp_000320,Michelle,Shepherd,Michelle Shepherd,michelle.shepherd@acmecorp.example,3646225179086,1991-07-03,34,Male,B,London,,GBR,Europe/London,remote,dept_04,team_0049,M1,Content Marketer,Go-to-Market,2020-03-01,76,boomerang,emp_000325,125823.25,0.15,18873.49,16675.5,47625.4,192322.14,2,0.3835,0.3089,0.8028,0.6224
emp_000321,Theresa,Hughes,Theresa Hughes,theresa.hughes@acmecorp.example,1686227837693,2002-04-04,24,Female,B,Boston,MA,USA,America/New_York,hybrid,dept_04,team_0049,IC2,Content Marketer,Go-to-Market,2024-05-31,25,company_site,emp_000325,86615.33,0.07,6063.07,8599.03,16787.39,109465.8,1,0.9183,0.6809,0.7314,0.4451
emp_000322,Lisa,Alvarado,Lisa Alvarado,lisa.alvarado@acmecorp.example,3146591166553,1996-06-28,30,Male,D,Austin,TX,USA,America/Chicago,hybrid,dept_04,team_0049,M1,SEO Specialist,Go-to-Market,2024-10-31,20,company_site,emp_000325,117141.52,0.15,17571.23,20641.5,40049.86,174762.61,1,0.6747,0.3415,0.7571,0.5541
emp_000323,Nicole,Hoover,Nicole Hoover,nicole.hoover@acmecorp.example,5904259792703,1998-03-23,28,Female,C,New York,NY,USA,America/New_York,remote,dept_04,team_0049,IC1,Content Marketer,Go-to-Market,2024-07-01,24,referral,emp_000325,65552.13,0.05,3277.61,3956.99,6814.68,75644.41,1,0.7073,0.7779,0.3968,0.4058
emp_000324,Angel,Pollard,Angel Pollard,angel.pollard@acmecorp.example,5211039240514,1997-08-16,28,Prefer not to say,A,New York,NY,USA,America/New_York,hybrid,dept_04,team_0049,M1,SEO Specialist,Go-to-Market,2024-09-30,21,linkedin,emp_000325,184206.99,0.15,27631.05,28667.16,45047.91,256885.94,1,0.5375,0.6274,0.7762,0.4709
emp_000325,Jill,Simpson,Jill Simpson,jill.simpson@acmecorp.example,7053833884879,1989-09-08,36,Male,D,London,,GBR,Europe/London,hybrid,dept_04,team_0049,M2,Content Marketer,Go-to-Market,2024-05-01,26,recruiter,emp_000282,175211.16,0.2,35042.23,43110.85,122074.13,332327.53,1,0.7303,0.5699,0.9345,0.4366
emp_000326,Martin,Johnson,Martin Johnson,martin.johnson@acmecorp.example,0698042043940,1990-05-26,36,Prefer not to say,D,San Francisco,CA,USA,America/Los_Angeles,remote,dept_04,team_0049,M1,Content Marketer,Go-to-Market,2024-03-01,28,linkedin,emp_000325,149201.57,0.15,22380.24,26640.87,51751.81,223333.62,1,0.6904,0.5182,0.6096,0.4337
emp_000327,Sarah,Shaw,Sarah Shaw,sarah.shaw@acmecorp.example,0164510463681,1992-05-04,34,Male,A,San Francisco,CA,USA,America/Los_Angeles,hybrid,dept_04,team_0050,IC5,Content Marketer,Go-to-Market,2021-01-30,65,recruiter,emp_000328,215026.03,0.15,32253.9,21550.13,116756.38,364036.31,2,0.1681,0.7396,0.397,0.284
emp_000328,Leah,Lawrence,Leah Lawrence,leah.lawrence@acmecorp.example,7981238780038,1985-12-08,40,Female,C,New York,NY,USA,America/New_York,onsite,dept_04,team_0050,M1,Product Marketer,Go-to-Market,2020-10-31,68,boomerang,emp_000282,140142.74,0.15,21021.41,24250.13,44409.32,205573.47,3,0.6536,0.8397,0.9667,0.3098
emp_000329,Michelle,Kane,Michelle Kane,michelle.kane@acmecorp.example,5762055543840,2001-11-02,24,Male,A,New York,NY,USA,America/New_York,onsite,dept_04,team_0050,IC1,Product Marketer,Go-to-Market,2024-01-31,29,linkedin,emp_000328,60884.31,0.05,3044.22,3894.93,4375.96,68304.48,1,0.7795,0.4155,0.7114,0.5138
emp_000330,Lisa,Sawyer,Lisa Sawyer,lisa.sawyer@acmecorp.example,6084325621689,1998-07-09,27,Female,C,Berlin,,DEU,Europe/Berlin,onsite,dept_04,team_0050,IC2,Brand Manager,Go-to-Market,2023-08-01,35,referral,emp_000328,60933.72,0.07,4265.36,5668.77,12181.9,77380.98,2,0.829,0.7412,0.7909,0.4152
emp_000331,Joseph,Alexander,Joseph Alexander,joseph.alexander@acmecorp.example,6392649578232,2003-09-30,22,Male,A,Austin,TX,USA,America/Chicago,hybrid,dept_04,team_0050,IC1,Growth Marketer,Go-to-Market,2025-08-01,11,recruiter,emp_000328,52173.17,0.05,2608.66,3446.5,5897.36,60679.19,1,0.8212,0.4542,0.8576,0.6435
emp_000332,Kristin,Fox,Kristin Fox,kristin.fox@acmecorp.example,2482629251881,1995-04-16,31,Male,C,Remote — EU,,DEU,Europe/Berlin,hybrid,dept_04,team_0050,IC3,Content Marketer,Go-to-Market,2025-04-01,15,referral,emp_000328,102357.46,0.1,10235.75,10549.28,24934.44,137527.64,1,0.5306,0.6137,0.8271,0.3868
emp_000333,Daniel,Bryant,Daniel Bryant,daniel.bryant@acmecorp.example,5205664742312,1993-06-18,33,Female,A,San Francisco,CA,USA,America/Los_Angeles,hybrid,dept_04,team_0050,M1,Brand Manager,Go-to-Market,2021-05-01,62,recruiter,emp_000328,172492.56,0.15,25873.88,29295.82,42150.39,240516.84,3,0.6323,0.4928,0.5997,0.516
emp_000334,Monica,Bowen,Monica Bowen,monica.bowen@acmecorp.example,0994999393305,1994-11-13,31,Non-binary,B,Atlanta,GA,USA,America/New_York,hybrid,dept_04,team_0051,IC4,Growth Marketer,Go-to-Market,2024-10-31,20,company_site,emp_000335,132032.34,0.12,15843.88,16881.53,52241.39,200117.61,1,0.5655,0.9341,0.3843,0.2052
emp_000335,Michele,Ortiz,Michele Ortiz,michele.ortiz@acmecorp.example,7289752677223,1988-12-11,37,Female,E,Boston,MA,USA,America/New_York,remote,dept_04,team_0051,M1,Brand Manager,Go-to-Market,2019-10-31,80,linkedin,emp_000282,129224.35,0.15,19383.65,21614.75,53932.29,202540.29,3,0.6151,0.6164,0.8621,0.4306
emp_000336,Jeffrey,Pena,Jeffrey Pena,jeffrey.pena@acmecorp.example,0604633312797,2003-07-31,22,Male,B,Austin,TX,USA,America/Chicago,remote,dept_04,team_0051,IC2,Product Marketer,Go-to-Market,2024-07-01,24,company_site,emp_000335,73317.27,0.07,5132.21,6210.97,14940.39,93389.86,1,0.7102,0.7601,0.597,0.3932
emp_000337,Lisa,Moore,Lisa Moore,lisa.moore@acmecorp.example,7366096569998,1995-12-04,30,Male,D,Bangalore,KA,IND,Asia/Kolkata,onsite,dept_04,team_0051,IC5,SEO Specialist,Go-to-Market,2023-03-02,40,company_site,emp_000335,59221.21,0.15,8883.18,11743.28,95322.69,163427.09,2,0.822,0.8848,0.4233,0.275
emp_000338,Steven,Harrison,Steven Harrison,steven.harrison@acmecorp.example,8177038860868,1993-12-31,32,Female,E,Remote — US,,USA,America/New_York,hybrid,dept_04,team_0051,IC2,Brand Manager,Go-to-Market,2024-01-31,29,linkedin,emp_000335,74269.23,0.07,5198.85,6756.01,10395.39,89863.47,1,0.7995,0.8615,0.8388,0.2891
emp_000339,Kevin,Costa,Kevin Costa,kevin.costa@acmecorp.example,3476447264908,1999-03-14,27,Male,D,Bangalore,KA,IND,Asia/Kolkata,hybrid,dept_04,team_0051,IC2,Content Marketer,Go-to-Market,2024-05-01,26,linkedin,emp_000335,30000.0,0.07,2100.0,2824.82,12910.46,45010.46,1,0.8452,0.8503,0.467,0.3001
emp_000340,Laura,Morgan,Laura Morgan,laura.morgan@acmecorp.example,7718129826657,2000-05-31,26,Male,A,New York,NY,USA,America/New_York,hybrid,dept_04,team_0051,IC5,Growth Marketer,Go-to-Market,2025-03-01,16,linkedin,emp_000335,209165.49,0.15,31374.82,40350.96,143605.71,384146.01,1,0.7861,0.7696,0.5451,0.2536
emp_000341,Jeremy,Schwartz,Jeremy Schwartz,jeremy.schwartz@acmecorp.example,2793714521117,1987-08-17,38,Female,D,New York,NY,USA,America/New_York,onsite,dept_04,team_0051,VP,SEO Specialist,Go-to-Market,2024-05-31,25,university,emp_000335,349146.56,0.35,122201.3,144222.68,491679.22,963027.08,1,0.6802,0.6981,0.8768,0.4008
emp_000342,Andrew,Santos,Andrew Santos,andrew.santos@acmecorp.example,1868926860259,1997-09-03,28,Male,A,Atlanta,GA,USA,America/New_York,remote,dept_04,team_0052,IC4,Brand Manager,Go-to-Market,2025-08-01,11,referral,emp_000346,129021.88,0.12,15482.63,19314.2,41229.63,185734.13,1,0.7475,0.7217,0.3604,0.525
emp_000343,James,Christian,James Christian,james.christian@acmecorp.example,2220644742123,1988-05-03,38,Female,B,Seattle,WA,USA,America/Los_Angeles,remote,dept_04,team_0052,IC1,Product Marketer,Go-to-Market,2025-08-01,11,linkedin,emp_000346,71568.51,0.05,3578.43,3942.5,4735.92,79882.86,0,0.6017,0.7201,0.9017,0.5626
emp_000344,Mark,Phelps,Mark Phelps,mark.phelps@acmecorp.example,9407778097339,1995-10-19,30,Male,D,Toronto,ON,CAN,America/Toronto,hybrid,dept_04,team_0052,IC4,Brand Manager,Go-to-Market,2025-05-01,14,referral,emp_000346,118409.33,0.12,14209.12,19948.87,44763.36,177381.81,1,0.9039,0.5268,0.6625,0.5142
emp_000345,Michelle,Villarreal,Michelle Villarreal,michelle.villarreal@acmecorp.example,7671990384983,2003-02-20,23,Female,C,Chicago,IL,USA,America/Chicago,remote,dept_04,team_0052,IC1,Content Marketer,Go-to-Market,2024-11-30,19,linkedin,emp_000346,59199.8,0.05,2959.99,3562.08,4732.49,66892.27,1,0.7034,0.316,0.7084,0.6003
emp_000346,Tammy,James,Tammy James,tammy.james@acmecorp.example,2205020994510,1985-01-23,41,Non-binary,B,Chicago,IL,USA,America/Chicago,remote,dept_04,team_0052,M2,SEO Specialist,Go-to-Market,2023-01-30,41,referral,emp_000282,169550.32,0.2,33910.06,44250.21,118879.38,322339.77,2,0.8049,0.8405,0.8672,0.3473
emp_000347,Joshua,Stewart,Joshua Stewart,joshua.stewart@acmecorp.example,6224999827950,2000-08-26,25,Male,B,Berlin,,DEU,Europe/Berlin,hybrid,dept_05,team_0053,IC5,Onboarding Specialist,Go-to-Market,2023-05-02,38,recruiter,emp_000353,118836.04,0.15,17825.41,24001.07,78702.79,215364.24,2,0.8465,0.6313,0.656,0.4066
emp_000348,Darlene,Higgins,Darlene Higgins,darlene.higgins@acmecorp.example,4556168147214,1999-08-29,26,Female,D,Toronto,ON,CAN,America/Toronto,hybrid,dept_05,team_0053,IC2,Renewals Manager,Go-to-Market,2025-03-01,16,referral,emp_000353,61384.33,0.07,4296.9,5614.63,8114.72,73795.96,1,0.8067,0.7955,0.764,0.335
emp_000349,Ricardo,Malone,Ricardo Malone,ricardo.malone@acmecorp.example,8683390198179,1992-04-23,34,Female,C,San Francisco,CA,USA,America/Los_Angeles,hybrid,dept_05,team_0053,IC1,Renewals Manager,Go-to-Market,2023-04-01,39,recruiter,emp_000353,63076.98,0.05,3153.85,3176.19,4171.45,70402.28,1,0.5071,0.7508,0.7768,0.334
emp_000350,Tina,Brennan,Tina Brennan,tina.brennan@acmecorp.example,6954899529978,2001-03-11,25,Male,B,San Francisco,CA,USA,America/Los_Angeles,remote,dept_05,team_0053,IC2,Enterprise CSM,Go-to-Market,2025-01-30,17,referral,emp_000353,89196.37,0.07,6243.75,7084.89,12689.55,108129.67,1,0.6347,0.5538,0.4548,0.4908
emp_000351,Amanda,Johnson,Amanda Johnson,amanda.johnson@acmecorp.example,7293430107139,1995-09-06,30,Male,D,Denver,CO,USA,America/Denver,onsite,dept_05,team_0053,VP,Enterprise CSM,Go-to-Market,2024-04-01,27,linkedin,emp_000353,285157.27,0.35,99805.05,117635.62,449660.39,834622.7,1,0.6787,0.7527,0.9021,0.3296
emp_000352,Sheila,Jones,Sheila Jones,sheila.jones@acmecorp.example,6055830344144,1998-08-02,27,Male,A,Boston,MA,USA,America/New_York,hybrid,dept_05,team_0053,IC3,Enterprise CSM,Go-to-Market,2024-05-01,26,referral,emp_000353,116793.77,0.1,11679.38,11105.59,27187.24,155660.39,1,0.4509,0.3306,0.4212,0.684
emp_000353,Darrell,Welch,Darrell Welch,darrell.welch@acmecorp.example,0155699023557,1988-06-03,38,Female,A,New York,NY,USA,America/New_York,remote,dept_05,team_0053,M1,Renewals Manager,Go-to-Market,2024-07-31,23,recruiter,emp_000357,165396.43,0.15,24809.46,27177.34,55581.17,245787.06,1,0.5954,0.7784,0.8535,0.4338
emp_000354,Tara,Mccall,Tara Mccall,tara.mccall@acmecorp.example,0272785760849,1993-08-31,32,Female,C,Austin,TX,USA,America/Chicago,onsite,dept_05,team_0054,IC4,Support Engineer,Go-to-Market,2023-07-02,36,boomerang,emp_000357,128130.93,0.12,15375.71,19658.7,35606.06,179112.7,2,0.7786,0.7363,0.6264,0.4019
emp_000355,Gregory,Bright,Gregory Bright,gregory.bright@acmecorp.example,8803955124056,1996-01-05,30,Prefer not to say,E,London,,GBR,Europe/London,remote,dept_05,team_0054,IC4,Support Engineer,Go-to-Market,2020-03-31,75,referral,emp_000357,129203.03,0.12,15504.36,19342.25,68071.7,212779.09,4,0.7475,0.6774,0.899,0.4706
emp_000356,Sydney,Francis,Sydney Francis,sydney.francis@acmecorp.example,9962914504617,2001-11-28,24,Male,A,Berlin,,DEU,Europe/Berlin,hybrid,dept_05,team_0054,IC2,Renewals Manager,Go-to-Market,2024-08-31,22,boomerang,emp_000357,52988.89,0.07,3709.22,3425.33,11250.97,67949.08,1,0.4235,0.5492,0.5933,0.3935
emp_000357,Joseph,Hamilton,Joseph Hamilton,joseph.hamilton@acmecorp.example,5743842150317,1988-06-04,38,Male,A,Chicago,IL,USA,America/Chicago,remote,dept_05,team_0054,M3,Onboarding Specialist,Go-to-Market,2019-07-02,84,linkedin,emp_000304,199472.13,0.25,49868.03,56393.88,206333.8,455673.95,4,0.6309,0.6319,0.708,0.3498
emp_000358,Daniel,Garcia,Daniel Garcia,daniel.garcia@acmecorp.example,7823578452182,1998-10-27,27,Male,A,Austin,TX,USA,America/Chicago,remote,dept_05,team_0054,IC2,Renewals Manager,Go-to-Market,2025-03-01,16,company_site,emp_000357,73455.12,0.07,5141.86,6772.24,8823.78,87420.76,1,0.8171,0.4043,0.8232,0.5413
emp_000359,Ryan,Schultz,Ryan Schultz,ryan.schultz@acmecorp.example,0768104091570,1990-10-28,35,Non-binary,D,Seattle,WA,USA,America/Los_Angeles,hybrid,dept_05,team_0054,IC4,Renewals Manager,Go-to-Market,2024-10-31,20,recruiter,emp_000357,148887.44,0.12,17866.49,17387.78,55054.52,221808.45,1,0.4732,0.835,0.6295,0.3011
emp_000360,Jessica,Brennan,Jessica Brennan,jessica.brennan@acmecorp.example,8409435334485,1986-11-03,39,Female,A,Los Angeles,CA,USA,America/Los_Angeles,remote,dept_05,team_0054,IC5,CSM,Go-to-Market,2020-10-31,68,referral,emp_000357,207301.11,0.15,31095.17,35851.44,115197.96,353594.23,3,0.653,0.9649,0.7865,0.2112
emp_000361,Lee,Wallace,Lee Wallace,lee.wallace@acmecorp.example,1422410988138,1993-09-16,32,Female,B,Seattle,WA,USA,America/Los_Angeles,hybrid,dept_05,team_0054,IC4,Enterprise CSM,Go-to-Market,2024-04-01,27,linkedin,emp_000357,161303.61,0.12,19356.43,24931.89,67713.26,248373.31,1,0.788,0.6474,0.8978,0.3294
emp_000362,Catherine,Benson,Catherine Benson,catherine.benson@acmecorp.example,8542493214958,1991-07-22,34,Non-binary,E,Chicago,IL,USA,America/Chicago,hybrid,dept_05,team_0055,M3,Onboarding Specialist,Go-to-Market,2020-08-31,70,referral,emp_000357,210809.47,0.25,52702.37,61355.75,122930.83,386442.67,3,0.6642,0.6381,0.9441,0.4747
emp_000363,William,Berger,William Berger,william.berger@acmecorp.example,0207016016629,2003-08-26,22,Non-binary,A,Atlanta,GA,USA,America/New_York,hybrid,dept_05,team_0055,IC2,Renewals Manager,Go-to-Market,2025-06-01,13,recruiter,emp_000362,65590.78,0.07,4591.35,5361.8,12073.81,82255.94,1,0.6678,0.7602,0.7605,0.4516
emp_000364,Paul,Williams,Paul Williams,paul.williams@acmecorp.example,9545381792171,1995-10-04,30,Female,B,San Francisco,CA,USA,America/Los_Angeles,remote,dept_05,team_0055,IC3,CSM,Go-to-Market,2024-05-01,26,linkedin,emp_000362,124219.9,0.1,12421.99,15821.22,19573.82,156215.71,1,0.7736,0.7876,0.4106,0.3915
emp_000365,Barbara,Flynn,Barbara Flynn,barbara.flynn@acmecorp.example,4773329456255,2003-07-09,22,Female,B,San Francisco,CA,USA,America/Los_Angeles,onsite,dept_05,team_0055,IC3,Enterprise CSM,Go-to-Market,2025-07-01,12,university,emp_000362,128553.14,0.1,12855.31,17532.9,27527.48,168935.93,1,0.8639,0.2987,0.5842,0.675
emp_000366,Jonathan,Carter,Jonathan Carter,jonathan.carter@acmecorp.example,7017157724599,1997-10-28,28,Male,D,New York,NY,USA,America/New_York,onsite,dept_05,team_0055,IC3,Support Engineer,Go-to-Market,2023-12-31,30,referral,emp_000362,115805.21,0.1,11580.52,14122.06,28886.08,156271.81,1,0.7195,0.6131,0.2519,0.4435
emp_000367,Jeanne,Brooks,Jeanne Brooks,jeanne.brooks@acmecorp.example,8161581487696,2000-10-29,25,Female,B,Singapore,,SGP,Asia/Singapore,hybrid,dept_05,team_0055,IC1,Onboarding Specialist,Go-to-Market,2025-10-31,8,boomerang,emp_000362,59307.08,0.05,2965.35,3114.43,6287.17,68559.6,0,0.5503,0.7297,0.6332,0.47
emp_000368,Aaron,Thomas,Aaron Thomas,aaron.thomas@acmecorp.example,9382761539669,2003-12-17,22,Female,B,Atlanta,GA,USA,America/New_York,hybrid,dept_05,team_0056,IC1,CSM,Go-to-Market,2022-12-31,42,referral,emp_000372,51592.2,0.05,2579.61,2788.44,4464.97,58636.78,2,0.581,0.4666,0.686,0.5236
emp_000369,Sara,Schmidt,Sara Schmidt,sara.schmidt@acmecorp.example,8321971997581,2003-09-25,22,Male,A,New York,NY,USA,America/New_York,hybrid,dept_05,team_0056,IC2,Onboarding Specialist,Go-to-Market,2024-07-01,24,company_site,emp_000372,83310.83,0.07,5831.76,5869.63,14225.34,103367.93,1,0.5065,0.6021,0.1474,0.544
emp_000370,Amanda,Knight,Amanda Knight,amanda.knight@acmecorp.example,2461919657013,2000-06-05,26,Female,C,Singapore,,SGP,Asia/Singapore,onsite,dept_05,team_0056,IC2,Enterprise CSM,Go-to-Market,2024-08-31,22,linkedin,emp_000372,88518.69,0.07,6196.31,6686.29,15266.16,109981.16,1,0.5791,0.5386,0.3989,0.4593
emp_000371,Jennifer,Sparks,Jennifer Sparks,jennifer.sparks@acmecorp.example,9022784699733,1995-12-30,30,Male,D,Boston,MA,USA,America/New_York,hybrid,dept_05,team_0056,IC3,Enterprise CSM,Go-to-Market,2024-10-31,20,referral,emp_000372,112231.13,0.1,11223.11,14930.46,16783.77,140238.01,1,0.8303,0.5944,0.6851,0.4206
emp_000372,Judy,Jackson,Judy Jackson,judy.jackson@acmecorp.example,4946519098624,1991-01-28,35,Female,A,Boston,MA,USA,America/New_York,remote,dept_05,team_0056,IC4,Support Engineer,Go-to-Market,2023-04-01,39,referral,emp_000357,120944.61,0.12,14513.35,18422.27,61735.79,197193.75,2,0.7693,0.4586,0.416,0.5802
emp_000373,Emily,Miller,Emily Miller,emily.miller@acmecorp.example,5800851403696,1991-08-03,34,Female,B,Remote — US,,USA,America/New_York,onsite,dept_05,team_0056,IC4,Support Engineer,Go-to-Market,2022-08-31,46,recruiter,emp_000372,127075.89,0.12,15249.11,15533.68,65543.62,207868.62,2,0.5187,0.3959,0.678,0.6211
emp_000374,Michael,Pitts,Michael Pitts,michael.pitts@acmecorp.example,6666832723865,1997-06-05,29,Male,D,San Francisco,CA,USA,America/Los_Angeles,hybrid,dept_05,team_0056,IC3,Onboarding Specialist,Go-to-Market,2024-01-31,29,referral,emp_000372,132450.11,0.1,13245.01,17313.71,23706.37,169401.49,1,0.8072,0.6655,0.6697,0.3583
emp_000375,Chad,Harvey,Chad Harvey,chad.harvey@acmecorp.example,2422010276212,1998-11-10,27,Female,A,New York,NY,USA,America/New_York,remote,dept_05,team_0057,IC3,Enterprise CSM,Go-to-Market,2022-12-01,43,company_site,emp_000377,133072.39,0.1,13307.24,17126.8,18946.13,165325.76,2,0.787,0.6983,0.6731,0.3679
emp_000376,Elizabeth,Allen,Elizabeth Allen,elizabeth.allen@acmecorp.example,7969278687653,2004-04-25,22,Male,A,Chicago,IL,USA,America/Chicago,onsite,dept_05,team_0057,IC2,Renewals Manager,Go-to-Market,2025-12-31,6,conference,emp_000377,71324.93,0.07,4992.75,5200.47,14263.09,90580.77,0,0.5416,0.6915,0.6191,0.51
emp_000377,Mark,Durham,Mark Durham,mark.durham@acmecorp.example,6909738468950,1997-08-13,28,Female,B,New York,NY,USA,America/New_York,hybrid,dept_05,team_0057,IC4,CSM,Go-to-Market,2023-07-02,36,linkedin,emp_000357,165982.94,0.12,19917.95,21873.2,41805.4,227706.3,1,0.5982,0.4801,0.834,0.5154
emp_000378,Lee,Thomas,Lee Thomas,lee.thomas@acmecorp.example,9751971284781,1997-08-25,28,Non-binary,A,Atlanta,GA,USA,America/New_York,onsite,dept_05,team_0057,IC2,Renewals Manager,Go-to-Market,2024-05-31,25,referral,emp_000377,72123.86,0.07,5048.67,5331.16,11571.96,88744.49,1,0.556,0.6361,0.5305,0.4735
emp_000379,Melanie,Murray,Melanie Murray,melanie.murray@acmecorp.example,3718949058077,2000-04-07,26,Male,A,New York,NY,USA,America/New_York,remote,dept_05,team_0057,IC1,CSM,Go-to-Market,2025-04-01,15,referral,emp_000377,57639.16,0.05,2881.96,4167.17,4959.88,65480.99,1,0.946,0.589,0.8416,0.4064
emp_000380,Jennifer,King,Jennifer King,jennifer.king@acmecorp.example,9565442094940,2003-08-18,22,Male,B,San Francisco,CA,USA,America/Los_Angeles,hybrid,dept_05,team_0058,IC3,Onboarding Specialist,Go-to-Market,2025-08-01,11,referral,emp_000385,114870.8,0.1,11487.08,12855.6,28577.69,154935.57,0,0.6191,0.7405,0.4563,0.5602
emp_000381,Kevin,Scott,Kevin Scott,kevin.scott@acmecorp.example,9290490471281,2002-01-01,24,Female,A,New York,NY,USA,America/New_York,remote,dept_05,team_0058,IC3,Enterprise CSM,Go-to-Market,2025-08-01,11,linkedin,emp_000385,134551.66,0.1,13455.17,15442.18,21866.84,169873.67,0,0.6477,0.528,0.8077,0.6383
emp_000382,Kyle,Smith,Kyle Smith,kyle.smith@acmecorp.example,4294440192927,1994-07-13,31,Female,B,Austin,TX,USA,America/Chicago,onsite,dept_05,team_0058,IC2,Enterprise CSM,Go-to-Market,2024-07-01,24,recruiter,emp_000385,80317.63,0.07,5622.23,8073.08,10357.0,96296.87,1,0.9359,0.6551,0.6671,0.5233
emp_000383,Ricky,Ballard,Ricky Ballard,ricky.ballard@acmecorp.example,2437280512927,1996-10-08,29,Female,C,New York,NY,USA,America/New_York,hybrid,dept_05,team_0058,IC4,CSM,Go-to-Market,2024-10-31,20,linkedin,emp_000385,159693.43,0.12,19163.21,20980.72,56088.07,234944.72,1,0.5948,0.5867,0.432,0.4639
emp_000384,Richard,Santana,Richard Santana,richard.santana@acmecorp.example,6372395041027,2003-06-20,23,Male,C,San Francisco,CA,USA,America/Los_Angeles,remote,dept_05,team_0058,IC4,Onboarding Specialist,Go-to-Market,2025-05-01,14,referral,emp_000385,182871.26,0.12,21944.55,31470.65,66070.3,270886.11,1,0.9341,0.8018,0.3102,0.3141
emp_000385,Kenneth,Byrd,Kenneth Byrd,kenneth.byrd@acmecorp.example,7478366742860,1985-04-19,41,Female,A,Bangalore,KA,IND,Asia/Kolkata,onsite,dept_05,team_0058,IC5,CSM,Go-to-Market,2023-10-01,33,recruiter,emp_000357,60126.28,0.15,9018.94,9932.39,160323.9,229469.12,1,0.6013,0.7802,0.7604,0.3606
emp_000386,David,Moore,David Moore,david.moore@acmecorp.example,7658018569454,1998-02-04,28,Female,D,Seattle,WA,USA,America/Los_Angeles,onsite,dept_05,team_0059,IC4,Onboarding Specialist,Go-to-Market,2025-08-31,10,linkedin,emp_000389,154765.25,0.12,18571.83,21562.63,38417.71,211754.79,0,0.661,0.9849,0.5827,0.3422
emp_000387,Robert,Alexander,Robert Alexander,robert.alexander@acmecorp.example,1496739385258,1992-04-15,34,Female,A,Austin,TX,USA,America/Chicago,onsite,dept_05,team_0059,IC4,Onboarding Specialist,Go-to-Market,2021-05-01,62,company_site,emp_000389,115931.39,0.12,13911.77,17479.86,58468.76,188311.91,3,0.7565,0.5105,0.5928,0.4039
emp_000388,Shelby,Reed,Shelby Reed,shelby.reed@acmecorp.example,0106181753443,2000-05-14,26,Female,D,San Francisco,CA,USA,America/Los_Angeles,remote,dept_05,team_0059,IC2,Renewals Manager,Go-to-Market,2026-04-01,3,boomerang,emp_000389,109005.91,0.07,7630.41,10536.4,9392.32,126028.64,0,0.8808,0.7246,0.6786,0.5032
emp_000389,Erica,Matthews,Erica Matthews,erica.matthews@acmecorp.example,0910939111926,1992-07-10,33,Female,B,Seattle,WA,USA,America/Los_Angeles,hybrid,dept_05,team_0059,M1,Onboarding Specialist,Go-to-Market,2022-03-02,52,linkedin,emp_000357,147758.65,0.15,22163.8,21268.44,54169.3,224091.75,2,0.4596,0.8377,0.7348,0.2846
emp_000390,Raven,Fowler,Raven Fowler,raven.fowler@acmecorp.example,1244717465421,1998-08-19,27,Female,D,New York,NY,USA,America/New_York,hybrid,dept_05,team_0059,IC3,Enterprise CSM,Go-to-Market,2022-12-01,43,company_site,emp_000389,119653.02,0.1,11965.3,13460.83,20307.28,151925.6,2,0.625,0.6406,0.7985,0.336
emp_000391,Christina,Coleman,Christina Coleman,christina.coleman@acmecorp.example,0665044271739,1990-01-24,36,Female,A,Denver,CO,USA,America/Denver,hybrid,dept_05,team_0059,IC3,Onboarding Specialist,Go-to-Market,2025-04-01,15,recruiter,emp_000389,97705.48,0.1,9770.55,8718.73,21626.76,129102.79,0,0.3923,0.3983,0.673,0.5574
emp_000392,Kevin,Wright,Kevin Wright,kevin.wright@acmecorp.example,2712863917410,1992-04-14,34,Male,A,New York,NY,USA,America/New_York,hybrid,dept_05,team_0060,IC4,Renewals Manager,Go-to-Market,2024-05-31,25,recruiter,emp_000395,158869.92,0.12,19064.39,21360.49,48518.02,226452.33,1,0.6204,0.5611,0.842,0.36
emp_000393,Amy,Bruce,Amy Bruce,amy.bruce@acmecorp.example,1947072006425,1993-04-26,33,Female,B,Bangalore,KA,IND,Asia/Kolkata,hybrid,dept_05,team_0060,IC3,Enterprise CSM,Go-to-Market,2022-06-01,49,recruiter,emp_000395,30684.89,0.1,3068.49,3392.22,24619.01,58372.38,2,0.6055,0.6175,0.4625,0.4121
emp_000394,Aaron,Gonzalez,Aaron Gonzalez,aaron.gonzalez@acmecorp.example,9087766183067,1996-08-01,29,Female,A,Sydney,NSW,AUS,Australia/Sydney,hybrid,dept_05,team_0060,IC3,CSM,Go-to-Market,2026-01-30,5,recruiter,emp_000395,112207.78,0.1,11220.78,13592.51,26615.99,150044.55,0,0.7114,0.6202,0.5801,0.59
emp_000395,Justin,Cruz,Justin Cruz,justin.cruz@acmecorp.example,9855460158517,1999-03-04,27,Male,A,San Francisco,CA,USA,America/Los_Angeles,hybrid,dept_05,team_0060,IC5,Renewals Manager,Go-to-Market,2024-07-01,24,company_site,emp_000357,187284.93,0.15,28092.74,35870.38,120641.43,336019.1,1,0.7769,0.7526,0.5621,0.3533
emp_000396,Russell,Webb,Russell Webb,russell.webb@acmecorp.example,3280634615717,1983-06-28,43,Male,C,San Francisco,CA,USA,America/Los_Angeles,onsite,dept_05,team_0061,M2,CSM,Go-to-Market,2020-11-30,67,company_site,emp_000357,208763.32,0.2,41752.66,47975.57,89896.18,340412.17,3,0.649,0.4951,0.5281,0.4824
emp_000397,Bethany,Young,Bethany Young,bethany.young@acmecorp.example,2030937618478,1996-02-07,30,Female,D,San Francisco,CA,USA,America/Los_Angeles,remote,dept_05,team_0061,M2,Support Engineer,Go-to-Market,2024-08-31,22,recruiter,emp_000396,194291.23,0.2,38858.25,51193.85,66061.96,299211.44,1,0.8175,0.4196,0.8932,0.544
emp_000398,Diana,Armstrong,Diana Armstrong,diana.armstrong@acmecorp.example,0050506138782,1998-01-17,28,Male,A,Denver,CO,USA,America/Denver,remote,dept_05,team_0061,IC3,Enterprise CSM,Go-to-Market,2025-07-01,12,recruiter,emp_000396,101040.45,0.1,10104.05,11172.49,28638.93,139783.43,1,0.6057,0.7744,0.6293,0.2962
emp_000399,Steven,Andrews,Steven Andrews,steven.andrews@acmecorp.example,1027079032020,2003-11-17,22,Prefer not to say,D,San Francisco,CA,USA,America/Los_Angeles,hybrid,dept_05,team_0061,IC3,CSM,Go-to-Market,2025-08-31,10,recruiter,emp_000396,121692.23,0.1,12169.22,10204.88,24735.21,158596.66,0,0.3386,0.7085,0.5028,0.5254
emp_000400,Scott,Haney,Scott Haney,scott.haney@acmecorp.example,1792911179931,1998-02-28,28,Male,D,Bangalore,KA,IND,Asia/Kolkata,hybrid,dept_05,team_0061,M1,Onboarding Specialist,Go-to-Market,2020-08-31,70,linkedin,emp_000396,42563.82,0.15,6384.57,6800.98,55455.61,104404.01,3,0.5652,0.7881,0.5539,0.3301
emp_000401,Jason,Phillips,Jason Phillips,jason.phillips@acmecorp.example,6565198253092,1999-07-31,26,Non-binary,D,London,,GBR,Europe/London,onsite,dept_05,team_0061,IC2,CSM,Go-to-Market,2026-04-01,3,recruiter,emp_000396,90411.35,0.07,6328.79,7218.3,10301.43,107041.57,0,0.6405,0.2285,0.6318,0.7679
emp_000402,Thomas,Spence,Thomas Spence,thomas.spence@acmecorp.example,1142625827390,1990-11-10,35,Male,C,Berlin,,DEU,Europe/Berlin,remote,dept_05,team_0061,M1,Onboarding Specialist,Go-to-Market,2019-03-02,88,referral,emp_000396,116323.48,0.15,17448.52,18468.35,30579.53,164351.52,4,0.5584,0.5463,0.3912,0.4856
emp_000403,Rachel,Barrett,Rachel Barrett,rachel.barrett@acmecorp.example,1962071002194,2003-07-07,22,Female,C,Los Angeles,CA,USA,America/Los_Angeles,remote,dept_05,team_0062,IC3,Onboarding Specialist,Go-to-Market,2025-03-01,16,referral,emp_000357,116558.25,0.1,11655.82,13295.61,24829.87,153043.94,1,0.6407,0.4,0.5942,0.5731
emp_000404,Laura,Hill,Laura Hill,laura.hill@acmecorp.example,7232487632909,1998-02-18,28,Female,B,Remote — EU,,DEU,Europe/Berlin,remote,dept_05,team_0062,IC1,CSM,Go-to-Market,2023-07-02,36,linkedin,emp_000403,47423.84,0.05,2371.19,2564.83,6295.95,56090.99,1,0.5817,0.531,0.4849,0.4731
emp_000405,Gene,Knight,Gene Knight,gene.knight@acmecorp.example,7914560833181,1991-11-07,34,Male,C,San Francisco,CA,USA,America/Los_Angeles,hybrid,dept_05,team_0062,IC1,CSM,Go-to-Market,2023-12-01,31,referral,emp_000403,72148.36,0.05,3607.42,4873.57,5160.94,80916.72,2,0.851,0.4359,0.5565,0.6595
emp_000406,Christopher,Jennings,Christopher Jennings,christopher.jennings@acmecorp.example,8837340312772,1986-02-18,40,Prefer not to say,E,Austin,TX,USA,America/Chicago,onsite,dept_06,team_0063,M1,Treasurer,General & Administrative,2022-12-31,42,recruiter,emp_000421,149602.56,0.15,22440.38,25940.02,43202.97,215245.91,2,0.656,0.6677,0.5272,0.3923
emp_000407,Zachary,Garner,Zachary Garner,zachary.garner@acmecorp.example,0054364597010,2002-10-20,23,Male,A,Seattle,WA,USA,America/Los_Angeles,onsite,dept_06,team_0063,IC1,Controller,General & Administrative,2025-04-01,15,referral,emp_000406,64419.4,0.05,3220.97,3940.74,4129.65,71770.03,1,0.7235,0.2361,0.7835,0.6444
emp_000408,Cynthia,Williams,Cynthia Williams,cynthia.williams@acmecorp.example,2078113799563,1998-10-03,27,Female,A,Remote — US,,USA,America/New_York,onsite,dept_06,team_0063,IC2,FP&A Analyst,General & Administrative,2024-05-01,26,recruiter,emp_000406,84473.42,0.07,5913.14,7768.73,16218.64,106605.19,1,0.8138,0.754,0.7325,0.3265
emp_000409,Matthew,Obrien,Matthew Obrien,matthew.obrien@acmecorp.example,3153136363179,1997-03-06,29,Male,A,Chicago,IL,USA,America/Chicago,onsite,dept_06,team_0063,IC2,Tax Analyst,General & Administrative,2025-01-30,17,company_site,emp_000406,71158.47,0.07,4981.09,4725.24,9528.95,85668.52,1,0.4486,0.6716,0.7399,0.3485
emp_000410,Loretta,Crawford,Loretta Crawford,loretta.crawford@acmecorp.example,0623972652735,1994-07-25,31,Female,E,Berlin,,DEU,Europe/Berlin,onsite,dept_06,team_0063,IC2,Senior FP&A,General & Administrative,2023-12-31,30,referral,emp_000406,78741.53,0.07,5511.91,6393.96,10259.05,94512.49,1,0.66,0.4954,0.5437,0.537
emp_000411,Karen,Strong,Karen Strong,karen.strong@acmecorp.example,3520904217762,2001-08-23,24,Male,B,New York,NY,USA,America/New_York,remote,dept_06,team_0063,IC2,FP&A Analyst,General & Administrative,2026-01-30,5,referral,emp_000406,120831.44,0.07,8458.2,9958.8,13368.08,142657.72,0,0.6774,0.7283,0.6236,0.4787
emp_000412,Emily,Mitchell,Emily Mitchell,emily.mitchell@acmecorp.example,3492929831687,1993-08-09,32,Male,C,Remote — US,,USA,America/New_York,onsite,dept_06,team_0063,M1,Tax Analyst,General & Administrative,2024-09-30,21,company_site,emp_000406,140896.93,0.15,21134.54,24168.52,28295.81,190327.28,1,0.6436,0.4552,0.4753,0.4985
emp_000413,Jeffrey,Lindsey,Jeffrey Lindsey,jeffrey.lindsey@acmecorp.example,9774063356939,2001-04-13,25,Male,D,Los Angeles,CA,USA,America/Los_Angeles,onsite,dept_06,team_0064,IC1,FP&A Analyst,General & Administrative,2025-10-31,8,recruiter,emp_000414,55775.95,0.05,2788.8,3559.2,6274.59,64839.33,0,0.7763,0.5533,0.6282,0.5911
emp_000414,James,Lawson,James Lawson,james.lawson@acmecorp.example,9060078068671,1991-10-13,34,Male,E,Los Angeles,CA,USA,America/Los_Angeles,remote,dept_06,team_0064,M1,Controller,General & Administrative,2024-09-30,21,linkedin,emp_000421,164437.92,0.15,24665.69,22420.94,50617.74,239721.35,1,0.409,0.5274,0.9414,0.4343
emp_000415,Andrew,Gomez,Andrew Gomez,andrew.gomez@acmecorp.example,7318063254310,1994-05-24,32,Male,A,Remote — US,,USA,America/New_York,hybrid,dept_06,team_0064,M1,Tax Analyst,General & Administrative,2024-07-01,24,referral,emp_000414,129874.2,0.15,19481.13,20464.49,53093.08,202448.41,1,0.5505,0.9553,0.7517,0.1392
emp_000416,John,Fields,John Fields,john.fields@acmecorp.example,4279907726257,1997-05-24,29,Male,D,Austin,TX,USA,America/Chicago,remote,dept_06,team_0064,IC3,Controller,General & Administrative,2022-08-01,47,linkedin,emp_000414,106719.24,0.1,10671.92,13147.05,27790.59,145181.75,2,0.7319,0.5636,0.8772,0.4387
emp_000417,Thomas,Oliver,Thomas Oliver,thomas.oliver@acmecorp.example,1658046498931,1988-07-11,37,Male,D,Austin,TX,USA,America/Chicago,hybrid,dept_06,team_0064,IC2,Controller,General & Administrative,2019-03-02,88,referral,emp_000414,87475.51,0.07,6123.29,6054.5,11613.3,105212.09,3,0.4888,0.6888,0.2969,0.4304
emp_000418,Melissa,Byrd,Melissa Byrd,melissa.byrd@acmecorp.example,0850165790552,1992-05-07,34,Male,A,Chicago,IL,USA,America/Chicago,remote,dept_06,team_0064,IC4,Accountant,General & Administrative,2024-11-30,19,referral,emp_000414,144993.77,0.12,17399.25,23066.81,43305.36,205698.39,1,0.8257,0.4376,0.4486,0.5473
emp_000419,Charles,Le,Charles Le,charles.le@acmecorp.example,8325381793355,2000-08-20,25,Male,D,San Francisco,CA,USA,America/Los_Angeles,hybrid,dept_06,team_0064,IC1,FP&A Analyst,General & Administrative,2025-12-31,6,conference,emp_000414,73801.06,0.05,3690.05,4941.7,4859.92,82351.04,0,0.8392,0.5036,0.6861,0.7259
emp_000420,Robert,Hopkins,Robert Hopkins,robert.hopkins@acmecorp.example,8640155778817,1992-01-26,34,Female,B,Seattle,WA,USA,America/Los_Angeles,hybrid,dept_06,team_0065,IC3,Controller,General & Administrative,2025-03-01,16,referral,emp_000421,125377.17,0.1,12537.72,14126.93,20123.82,158038.71,1,0.6268,0.3493,0.5007,0.6279
emp_000421,Crystal,Massey,Crystal Massey,crystal.massey@acmecorp.example,7951371162411,1990-03-13,36,Male,C,New York,NY,USA,America/New_York,hybrid,dept_06,team_0065,M3,Tax Analyst,General & Administrative,2022-03-02,52,referral,emp_000304,283424.77,0.25,70856.19,84922.62,197501.59,551782.55,2,0.6985,0.3986,0.846,0.587
emp_000422,James,Fuller,James Fuller,james.fuller@acmecorp.example,4127238046827,1977-06-05,49,Female,B,San Francisco,CA,USA,America/Los_Angeles,hybrid,dept_06,team_0065,CXO,FP&A Analyst,General & Administrative,2020-08-31,70,university,emp_000421,594273.95,0.55,326850.67,365949.49,1393627.16,2314751.78,3,0.6196,0.2917,0.8216,0.7191
emp_000423,Heather,Berger,Heather Berger,heather.berger@acmecorp.example,6704310385695,1990-10-29,35,Male,A,Bangalore,KA,IND,Asia/Kolkata,hybrid,dept_06,team_0065,M1,Tax Analyst,General & Administrative,2023-10-31,32,recruiter,emp_000421,44651.79,0.15,6697.77,7561.51,58291.28,109640.84,1,0.629,0.5752,0.7594,0.45
emp_000424,Troy,Lucas,Troy Lucas,troy.lucas@acmecorp.example,7988774924243,1986-10-12,39,Male,A,Chicago,IL,USA,America/Chicago,hybrid,dept_06,team_0065,IC2,Accountant,General & Administrative,2024-10-31,20,linkedin,emp_000421,81083.8,0.07,5675.87,5409.72,12892.24,99651.91,1,0.4531,0.2308,0.5709,0.6647
emp_000425,John,Parker,John Parker,john.parker@acmecorp.example,5402547292842,1999-01-13,27,Female,A,Seattle,WA,USA,America/Los_Angeles,onsite,dept_06,team_0065,IC5,Controller,General & Administrative,2023-04-01,39,recruiter,emp_000421,212623.65,0.15,31893.55,38970.96,130340.66,374857.86,2,0.7219,0.6202,0.5382,0.4273
emp_000426,Diana,Alexander,Diana Alexander,diana.alexander@acmecorp.example,2231059274523,1995-09-10,30,Female,A,Austin,TX,USA,America/Chicago,remote,dept_06,team_0065,IC5,FP&A Analyst,General & Administrative,2022-12-01,43,boomerang,emp_000421,173886.6,0.15,26082.99,36703.2,103462.82,303432.41,2,0.9072,0.8819,0.5706,0.348
emp_000427,Adam,Riley,Adam Riley,adam.riley@acmecorp.example,5525782841067,1996-03-06,30,Female,C,Boston,MA,USA,America/New_York,onsite,dept_06,team_0066,IC3,Controller,General & Administrative,2023-10-31,32,referral,emp_000434,112195.29,0.1,11219.53,13089.07,22608.61,146023.44,1,0.6666,0.6779,0.7709,0.3934
emp_000428,Karen,Oconnor,Karen Oconnor,karen.oconnor@acmecorp.example,7520885474929,1995-12-13,30,Male,B,Denver,CO,USA,America/Denver,onsite,dept_06,team_0066,IC4,Senior FP&A,General & Administrative,2025-06-01,13,referral,emp_000434,159602.61,0.12,19152.31,22956.72,60210.39,238965.32,1,0.6986,0.44,0.262,0.5036
emp_000429,Kayla,Davis,Kayla Davis,kayla.davis@acmecorp.example,5170281406937,1987-03-20,39,Female,A,Sydney,NSW,AUS,Australia/Sydney,onsite,dept_06,team_0066,IC1,Senior FP&A,General & Administrative,2018-08-01,95,university,emp_000434,49196.39,0.05,2459.82,2980.96,4613.53,56269.74,4,0.7119,0.5702,0.4749,0.4873
emp_000430,Daniel,Phillips,Daniel Phillips,daniel.phillips@acmecorp.example,1509398343018,2002-12-02,23,Female,C,Remote — US,,USA,America/New_York,remote,dept_06,team_0066,IC2,Treasurer,General & Administrative,2024-12-31,18,recruiter,emp_000434,81964.72,0.07,5737.53,7228.65,12646.05,100348.29,1,0.7599,0.5536,0.3665,0.427
emp_000431,Ronald,Burgess,Ronald Burgess,ronald.burgess@acmecorp.example,1863759980562,1994-05-13,32,Male,C,Austin,TX,USA,America/Chicago,hybrid,dept_06,team_0066,IC3,FP&A Analyst,General & Administrative,2024-07-01,24,conference,emp_000434,107108.29,0.1,10710.83,14084.56,19694.04,137513.16,1,0.815,0.3837,0.545,0.5964
emp_000432,Gregory,Thompson,Gregory Thompson,gregory.thompson@acmecorp.example,5650455478137,1996-01-10,30,Male,B,Seattle,WA,USA,America/Los_Angeles,hybrid,dept_06,team_0066,IC2,Accountant,General & Administrative,2026-01-30,5,linkedin,emp_000434,98908.76,0.07,6923.61,7884.97,9884.09,115716.47,0,0.6389,0.588,0.4648,0.6179
emp_000433,Susan,Anderson,Susan Anderson,susan.anderson@acmecorp.example,7426629912347,1997-12-13,28,Female,E,Boston,MA,USA,America/New_York,remote,dept_06,team_0066,IC2,Controller,General & Administrative,2025-08-31,10,boomerang,emp_000434,97701.23,0.07,6839.09,7772.2,13524.98,118065.3,0,0.6364,0.4354,0.6602,0.6793
emp_000434,April,Ryan,April Ryan,april.ryan@acmecorp.example,1961064628792,1996-12-10,29,Female,B,Chicago,IL,USA,America/Chicago,onsite,dept_06,team_0066,M1,FP&A Analyst,General & Administrative,2023-12-31,30,linkedin,emp_000421,149567.37,0.15,22435.11,28945.39,52980.21,224982.69,1,0.7902,0.5108,0.6153,0.5218
emp_000435,Brent,Mata,Brent Mata,brent.mata@acmecorp.example,2648704947873,1982-01-19,44,Prefer not to say,D,Boston,MA,USA,America/New_York,remote,dept_06,team_0067,VP,Senior FP&A,General & Administrative,2022-12-31,42,recruiter,emp_000437,331938.68,0.35,116178.54,116514.86,321147.51,769264.72,2,0.5029,0.8851,0.6513,0.1945
emp_000436,John,Schmidt,John Schmidt,john.schmidt@acmecorp.example,0244714627301,1993-11-09,32,Male,A,Atlanta,GA,USA,America/New_York,hybrid,dept_06,team_0067,IC3,Accountant,General & Administrative,2025-08-31,10,university,emp_000437,114376.73,0.1,11437.67,12928.25,28353.07,154167.47,0,0.6303,0.3832,0.7705,0.7282
emp_000437,Melinda,Mcintyre,Melinda Mcintyre,melinda.mcintyre@acmecorp.example,7195979647158,1985-12-27,40,Male,C,Chicago,IL,USA,America/Chicago,onsite,dept_06,team_0067,M1,Controller,General & Administrative,2019-03-02,88,referral,emp_000421,139349.3,0.15,20902.4,21705.8,40205.38,200457.08,3,0.5384,0.7884,0.8441,0.3038
emp_000438,Stephen,Rivas,Stephen Rivas,stephen.rivas@acmecorp.example,4290257252045,1987-03-21,39,Female,E,Seattle,WA,USA,America/Los_Angeles,hybrid,dept_06,team_0067,VP,Tax Analyst,General & Administrative,2023-03-02,40,referral,emp_000437,317612.28,0.35,111164.3,150121.79,401320.41,830096.99,2,0.8504,0.6709,0.689,0.5405
emp_000439,Laurie,Scott,Laurie Scott,laurie.scott@acmecorp.example,5044818321928,1998-04-14,28,Female,D,Seattle,WA,USA,America/Los_Angeles,remote,dept_06,team_0067,IC2,Tax Analyst,General & Administrative,2024-05-01,26,company_site,emp_000437,112612.22,0.07,7882.86,9298.08,15400.67,135895.75,1,0.6795,0.7976,0.373,0.3292
emp_000440,Elizabeth,Summers,Elizabeth Summers,elizabeth.summers@acmecorp.example,5445189520284,1995-11-08,30,Female,C,Austin,TX,USA,America/Chicago,onsite,dept_07,team_0068,IC3,Technical Recruiter,General & Administrative,2022-06-01,49,university,emp_000443,89755.2,0.1,8975.52,10294.53,29037.44,127768.16,2,0.647,0.6995,0.6631,0.3505
emp_000441,Vanessa,Olson,Vanessa Olson,vanessa.olson@acmecorp.example,7652132833898,1995-07-25,30,Male,C,San Francisco,CA,USA,America/Los_Angeles,hybrid,dept_07,team_0068,IC3,Recruiter,General & Administrative,2024-09-30,21,referral,emp_000443,136926.0,0.1,13692.6,15575.4,28979.36,179597.96,1,0.6375,0.8823,0.5321,0.2017
emp_000442,Caitlin,Drake,Caitlin Drake,caitlin.drake@acmecorp.example,6711207545279,2002-10-01,23,Female,B,New York,NY,USA,America/New_York,onsite,dept_07,team_0068,IC1,Recruiter,General & Administrative,2026-06-01,1,university,emp_000443,67935.24,0.05,3396.76,3793.86,6908.79,78240.8,0,0.6169,0.4531,0.6625,0.7434
emp_000443,Stephanie,Francis,Stephanie Francis,stephanie.francis@acmecorp.example,2401322342321,1995-11-11,30,Female,C,Toronto,ON,CAN,America/Toronto,hybrid,dept_07,team_0068,M1,People Ops Analyst,General & Administrative,2023-03-02,40,linkedin,emp_000448,115900.58,0.15,17385.09,16400.59,38665.09,171950.75,1,0.4434,0.7671,0.7109,0.3223
emp_000444,Patricia,Morgan,Patricia Morgan,patricia.morgan@acmecorp.example,1107603108907,2003-07-31,22,Male,D,Austin,TX,USA,America/Chicago,hybrid,dept_07,team_0068,IC3,Recruiter,General & Administrative,2026-05-02,2,linkedin,emp_000443,97416.81,0.1,9741.68,11668.5,20070.63,127229.11,0,0.6978,0.4907,0.5829,0.616
emp_000445,Cheyenne,Wilson,Cheyenne Wilson,cheyenne.wilson@acmecorp.example,4014011939325,2001-08-07,24,Non-binary,E,New York,NY,USA,America/New_York,hybrid,dept_07,team_0068,IC3,Technical Recruiter,General & Administrative,2025-05-01,14,linkedin,emp_000443,134626.58,0.1,13462.66,16181.0,21389.39,169478.62,1,0.7019,0.217,0.8493,0.6866
emp_000446,Jennifer,Mccarty,Jennifer Mccarty,jennifer.mccarty@acmecorp.example,1249552893891,1997-12-29,28,Male,B,Chicago,IL,USA,America/Chicago,hybrid,dept_07,team_0069,IC2,DEI Program Manager,General & Administrative,2023-06-01,37,university,emp_000448,65611.54,0.07,4592.81,4327.93,11389.2,81593.55,1,0.4423,0.4399,0.3608,0.5685
emp_000447,William,Taylor,William Taylor,william.taylor@acmecorp.example,9083342801387,2001-05-23,25,Male,A,London,,GBR,Europe/London,onsite,dept_07,team_0069,IC2,DEI Program Manager,General & Administrative,2026-03-02,4,referral,emp_000448,79901.98,0.07,5593.14,7432.44,6349.08,91844.2,0,0.8288,0.5636,0.6515,0.6435
emp_000448,Maria,Levy,Maria Levy,maria.levy@acmecorp.example,9271256638361,1989-11-12,36,Male,C,New York,NY,USA,America/New_York,hybrid,dept_07,team_0069,M2,DEI Program Manager,General & Administrative,2023-10-31,32,company_site,emp_000304,188724.46,0.2,37744.89,37424.1,86266.29,312735.65,1,0.4915,0.8397,0.7079,0.2971
emp_000449,Amy,Dalton,Amy Dalton,amy.dalton@acmecorp.example,1718275480157,1996-11-16,29,Female,A,Berlin,,DEU,Europe/Berlin,hybrid,dept_07,team_0069,IC1,Technical Recruiter,General & Administrative,2022-03-02,52,referral,emp_000448,43412.96,0.05,2170.65,2565.3,4455.43,50039.04,2,0.6818,0.9149,0.5221,0.259
emp_000450,Phyllis,Ramsey,Phyllis Ramsey,phyllis.ramsey@acmecorp.example,6479473864631,1995-03-23,31,Female,A,Sydney,NSW,AUS,Australia/Sydney,hybrid,dept_07,team_0069,IC2,People Ops Analyst,General & Administrative,2017-09-30,105,boomerang,emp_000448,83080.13,0.07,5815.61,7159.81,13881.02,102776.77,5,0.7311,0.7072,0.6453,0.3873
emp_000451,Julia,Whitney,Julia Whitney,julia.whitney@acmecorp.example,5207167811266,1991-08-26,34,Male,A,Chicago,IL,USA,America/Chicago,onsite,dept_07,team_0069,IC2,People Ops Analyst,General & Administrative,2022-10-01,45,recruiter,emp_000448,81432.29,0.07,5700.26,7005.86,12845.81,99978.35,2,0.729,0.6784,0.5826,0.4098
emp_000452,Thomas,Coffey,Thomas Coffey,thomas.coffey@acmecorp.example,2153539613674,1999-08-19,26,Female,C,Atlanta,GA,USA,America/New_York,hybrid,dept_07,team_0070,IC3,Technical Recruiter,General & Administrative,2025-06-01,13,referral,emp_000453,95624.95,0.1,9562.5,9734.26,21996.52,127183.96,0,0.518,0.421,0.7237,0.5687
emp_000453,Jonathon,Ballard,Jonathon Ballard,jonathon.ballard@acmecorp.example,6579678427114,1999-03-04,27,Male,A,San Francisco,CA,USA,America/Los_Angeles,hybrid,dept_07,team_0070,IC4,People Ops Analyst,General & Administrative,2024-11-30,19,linkedin,emp_000448,177472.4,0.12,21296.69,26500.59,61489.57,260258.65,1,0.7444,0.2741,0.6588,0.6903
emp_000454,John,Diaz,John Diaz,john.diaz@acmecorp.example,7320101702695,1997-01-08,29,Male,A,Remote — US,,USA,America/New_York,onsite,dept_07,team_0070,IC3,People Ops Analyst,General & Administrative,2025-04-01,15,linkedin,emp_000453,103911.85,0.1,10391.19,13674.19,28616.32,142919.35,1,0.8159,0.669,0.7741,0.4014
emp_000455,Dana,Gibbs,Dana Gibbs,dana.gibbs@acmecorp.example,4991187734778,2004-04-21,22,Prefer not to say,A,Austin,TX,USA,America/Chicago,onsite,dept_07,team_0071,IC1,HRBP,General & Administrative,2025-06-01,13,linkedin,emp_000457,49140.53,0.05,2457.03,2587.24,4231.45,55829.01,1,0.553,0.6024,0.6651,0.3977
emp_000456,Katie,Smith,Katie Smith,katie.smith@acmecorp.example,8588006167567,2002-04-27,24,Female,D,Sydney,NSW,AUS,Australia/Sydney,hybrid,dept_07,team_0071,IC2,L&D Specialist,General & Administrative,2023-12-31,30,recruiter,emp_000457,78667.4,0.07,5506.72,5373.73,10816.74,94990.86,1,0.4758,0.6293,0.8057,0.4152
emp_000457,Adrienne,Herrera,Adrienne Herrera,adrienne.herrera@acmecorp.example,0028427624671,1987-03-28,39,Female,C,Chicago,IL,USA,America/Chicago,hybrid,dept_07,team_0071,M1,L&D Specialist,General & Administrative,2021-08-01,59,company_site,emp_000448,120521.56,0.15,18078.23,20359.81,24971.73,163571.52,3,0.6262,0.6757,0.6677,0.4322
emp_000458,Courtney,Gibson,Courtney Gibson,courtney.gibson@acmecorp.example,8897782806479,2004-02-19,22,Female,A,San Francisco,CA,USA,America/Los_Angeles,onsite,dept_07,team_0071,IC4,People Ops Analyst,General & Administrative,2024-09-30,21,linkedin,emp_000457,157730.39,0.12,18927.65,21960.25,43002.74,219660.78,1,0.6602,0.7647,0.5895,0.2519
emp_000459,Joshua,Chambers,Joshua Chambers,joshua.chambers@acmecorp.example,9545009025590,1993-03-24,33,Female,A,San Francisco,CA,USA,America/Los_Angeles,remote,dept_07,team_0072,IC4,L&D Specialist,General & Administrative,2025-11-30,7,recruiter,emp_000461,172765.9,0.12,20731.91,24856.11,46832.83,240330.65,0,0.6989,0.3028,0.6999,0.6793
emp_000460,Chris,Chambers,Chris Chambers,chris.chambers@acmecorp.example,6165565033349,1991-05-08,35,Female,B,Miami,FL,USA,America/New_York,hybrid,dept_07,team_0072,IC4,L&D Specialist,General & Administrative,2024-09-30,21,linkedin,emp_000461,132949.71,0.12,15953.96,15966.13,55815.83,204719.5,1,0.5008,0.6794,0.5891,0.4383
emp_000461,Justin,Richards,Justin Richards,justin.richards@acmecorp.example,1415208507698,1995-01-20,31,Female,A,Chicago,IL,USA,America/Chicago,remote,dept_07,team_0072,M1,People Ops Analyst,General & Administrative,2024-04-01,27,referral,emp_000448,107766.93,0.15,16165.04,18807.57,36491.56,160423.52,1,0.6635,0.7955,0.6335,0.3987
emp_000462,Joseph,Carson,Joseph Carson,joseph.carson@acmecorp.example,4079056965917,2000-11-16,25,Male,C,San Francisco,CA,USA,America/Los_Angeles,hybrid,dept_07,team_0072,IC1,Technical Recruiter,General & Administrative,2025-12-31,6,referral,emp_000461,59987.72,0.05,2999.39,3410.86,4486.55,67473.66,0,0.6372,0.376,0.5649,0.6611
emp_000463,Luis,Bentley,Luis Bentley,luis.bentley@acmecorp.example,3578529456371,1994-03-05,32,Male,B,Toronto,ON,CAN,America/Toronto,hybrid,dept_07,team_0073,IC3,L&D Specialist,General & Administrative,2024-08-31,22,linkedin,emp_000466,96314.75,0.1,9631.47,11424.82,18873.35,124819.57,1,0.6862,0.2315,0.743,0.6661
emp_000464,Amber,Rodriguez,Amber Rodriguez,amber.rodriguez@acmecorp.example,4404963919195,1997-12-19,28,Non-binary,E,Bangalore,KA,IND,Asia/Kolkata,hybrid,dept_07,team_0073,IC3,L&D Specialist,General & Administrative,2022-05-01,50,company_site,emp_000466,33862.3,0.1,3386.23,4101.32,25855.57,63104.1,2,0.7112,0.7089,0.7817,0.3547
emp_000465,Devon,Hall,Devon Hall,devon.hall@acmecorp.example,1987635148468,1997-03-24,29,Female,A,Los Angeles,CA,USA,America/Los_Angeles,remote,dept_07,team_0073,IC2,DEI Program Manager,General & Administrative,2025-05-01,14,referral,emp_000466,87750.31,0.07,6142.52,7681.86,13021.72,106914.55,1,0.7506,0.8025,0.5134,0.3054
emp_000466,Jesse,Johnson,Jesse Johnson,jesse.johnson@acmecorp.example,3664987820829,1995-10-19,30,Female,C,Boston,MA,USA,America/New_York,hybrid,dept_07,team_0073,M1,Recruiter,General & Administrative,2023-10-31,32,company_site,emp_000448,147258.97,0.15,22088.85,30404.49,48621.29,217969.1,2,0.8765,0.6077,0.9269,0.4506
emp_000467,Heather,Henson,Heather Henson,heather.henson@acmecorp.example,3748969083572,1998-11-08,27,Female,A,San Francisco,CA,USA,America/Los_Angeles,hybrid,dept_08,team_0074,IC3,Paralegal,General & Administrative,2023-12-31,30,referral,emp_000471,119009.93,0.1,11900.99,14689.49,25061.81,155972.73,1,0.7343,0.6054,0.7009,0.3721
emp_000468,Jasmine,Hoffman,Jasmine Hoffman,jasmine.hoffman@acmecorp.example,2466513644249,1992-07-16,33,Female,E,London,,GBR,Europe/London,hybrid,dept_08,team_0074,M1,Procurement,General & Administrative,2021-03-01,64,recruiter,emp_000471,117360.29,0.15,17604.04,23117.89,31130.34,166094.68,3,0.8132,0.7148,0.8989,0.3157
emp_000469,Caleb,Herman,Caleb Herman,caleb.herman@acmecorp.example,6312303477866,1992-06-12,34,Female,E,Seattle,WA,USA,America/Los_Angeles,hybrid,dept_08,team_0074,M1,IT Support,General & Administrative,2023-12-01,31,referral,emp_000471,164310.01,0.15,24646.5,34188.09,39420.42,228376.93,2,0.8871,0.5115,0.6529,0.478
emp_000470,Rick,Walker,Rick Walker,rick.walker@acmecorp.example,3242044820700,1992-08-24,33,Prefer not to say,C,Bangalore,KA,IND,Asia/Kolkata,onsite,dept_08,team_0074,IC3,Procurement,General & Administrative,2023-12-01,31,linkedin,emp_000471,37243.85,0.1,3724.39,4798.23,22963.47,63931.7,2,0.7883,0.5912,0.6778,0.438
emp_000471,Amy,Brown,Amy Brown,amy.brown@acmecorp.example,5941651623198,1992-02-28,34,Female,B,Austin,TX,USA,America/Chicago,hybrid,dept_08,team_0074,M2,Business Operations,General & Administrative,2023-10-01,33,referral,emp_000499,153435.31,0.2,30687.06,34946.3,82740.68,266863.05,1,0.6388,0.2863,0.5892,0.5719
emp_000472,Robert,Colon,Robert Colon,robert.colon@acmecorp.example,8984713915596,2002-06-07,24,Female,A,Chicago,IL,USA,America/Chicago,hybrid,dept_08,team_0074,IC4,Business Operations,General & Administrative,2024-10-31,20,linkedin,emp_000471,118334.67,0.12,14200.16,15203.89,55824.79,188359.62,1,0.5707,0.5055,0.7987,0.5362
emp_000473,Jamie,Blankenship,Jamie Blankenship,jamie.blankenship@acmecorp.example,6321234764907,1989-10-23,36,Male,D,Seattle,WA,USA,America/Los_Angeles,remote,dept_08,team_0074,M1,Facilities Manager,General & Administrative,2016-07-01,120,referral,emp_000471,138982.97,0.15,20847.45,23074.15,57829.87,217660.29,5,0.6068,0.8198,0.7366,0.2872
emp_000474,Robert,Turner,Robert Turner,robert.turner@acmecorp.example,1586734257540,1998-04-30,28,Male,C,New York,NY,USA,America/New_York,hybrid,dept_08,team_0075,IC2,Paralegal,General & Administrative,2024-07-31,23,linkedin,emp_000475,84440.71,0.07,5910.85,8536.18,13949.03,104300.59,1,0.9442,0.5728,0.6435,0.4352
emp_000475,Rebecca,Ortiz,Rebecca Ortiz,rebecca.ortiz@acmecorp.example,0348645183760,1984-04-28,42,Male,A,London,,GBR,Europe/London,hybrid,dept_08,team_0075,IC3,IT Support,General & Administrative,2018-04-01,99,recruiter,emp_000499,116355.39,0.1,11635.54,12088.26,20062.41,148053.34,4,0.5389,0.7383,0.5605,0.3712
emp_000476,Brandy,Taylor,Brandy Taylor,brandy.taylor@acmecorp.example,4413432756041,1995-07-10,30,Female,B,Los Angeles,CA,USA,America/Los_Angeles,remote,dept_08,team_0075,IC3,Paralegal,General & Administrative,2024-05-01,26,referral,emp_000475,108716.72,0.1,10871.67,14058.18,28392.01,147980.41,1,0.7931,0.6115,0.672,0.4266
emp_000477,Heather,Shah,Heather Shah,heather.shah@acmecorp.example,7656124815698,2004-04-12,22,Male,B,Los Angeles,CA,USA,America/Los_Angeles,hybrid,dept_08,team_0075,IC1,Paralegal,General & Administrative,2026-07-01,0,recruiter,emp_000475,65770.96,0.05,3288.55,3690.55,5640.3,74699.81,0,0.6222,0.3872,0.7619,0.7596
emp_000478,Melissa,Torres,Melissa Torres,melissa.torres@acmecorp.example,7002720634591,1995-12-15,30,Female,D,Remote — US,,USA,America/New_York,onsite,dept_08,team_0075,IC3,Procurement,General & Administrative,2025-11-30,7,company_site,emp_000475,100182.79,0.1,10018.28,13236.1,20969.66,131170.73,0,0.8212,0.5606,0.5745,0.567
emp_000479,Kathy,Vasquez,Kathy Vasquez,kathy.vasquez@acmecorp.example,2382965772429,1993-04-19,33,Female,C,Remote — US,,USA,America/New_York,onsite,dept_08,team_0076,M2,Business Operations,General & Administrative,2024-07-31,23,company_site,emp_000499,148478.18,0.2,29695.64,28356.84,105279.59,283453.4,1,0.4549,0.652,0.7271,0.3389
emp_000480,Omar,Davis,Omar Davis,omar.davis@acmecorp.example,4316526693008,1997-05-17,29,Male,C,Bangalore,KA,IND,Asia/Kolkata,onsite,dept_08,team_0076,IC4,Facilities Manager,General & Administrative,2023-08-01,35,company_site,emp_000479,44117.29,0.12,5294.08,5984.78,53235.86,102647.23,2,0.6305,0.7221,0.4906,0.3512
emp_000481,Adam,Clay,Adam Clay,adam.clay@acmecorp.example,1734206969421,2004-07-01,22,Male,C,New York,NY,USA,America/New_York,onsite,dept_08,team_0076,IC2,Procurement,General & Administrative,2025-01-30,17,linkedin,emp_000479,73736.92,0.07,5161.58,6568.14,8616.11,87514.62,1,0.7725,0.9198,0.442,0.2512
emp_000482,Michael,Taylor,Michael Taylor,michael.taylor@acmecorp.example,2910867713334,1995-06-27,31,Female,A,Chicago,IL,USA,America/Chicago,hybrid,dept_08,team_0076,IC2,IT Support,General & Administrative,2025-06-01,13,recruiter,emp_000479,74245.68,0.07,5197.2,5522.64,13092.49,92535.36,1,0.5626,0.8727,0.9108,0.2144
emp_000483,Karen,Chavez,Karen Chavez,karen.chavez@acmecorp.example,7626393436262,2004-01-11,22,Male,B,Bangalore,KA,IND,Asia/Kolkata,remote,dept_08,team_0076,IC2,Paralegal,General & Administrative,2024-04-01,27,recruiter,emp_000479,30000.0,0.07,2100.0,2452.79,12520.71,44620.71,1,0.668,0.8153,0.5968,0.2414
emp_000484,Melissa,Santiago,Melissa Santiago,melissa.santiago@acmecorp.example,4439735971072,1997-01-24,29,Female,A,Austin,TX,USA,America/Chicago,hybrid,dept_08,team_0076,IC1,Business Operations,General & Administrative,2023-06-01,37,recruiter,emp_000479,56411.63,0.05,2820.58,2684.45,4772.32,64004.53,1,0.4517,0.8427,0.7707,0.3035
emp_000485,Stephanie,Paul,Stephanie Paul,stephanie.paul@acmecorp.example,6366941180053,1992-06-17,34,Female,D,San Francisco,CA,USA,America/Los_Angeles,onsite,dept_08,team_0077,M2,Facilities Manager,General & Administrative,2022-10-01,45,referral,emp_000499,176068.46,0.2,35213.69,49547.27,89325.84,300608.0,2,0.907,0.8727,0.5793,0.2385
emp_000486,Robert,Bautista,Robert Bautista,robert.bautista@acmecorp.example,5990048964652,1999-02-25,27,Female,B,Berlin,,DEU,Europe/Berlin,hybrid,dept_08,team_0077,IC3,Paralegal,General & Administrative,2024-01-31,29,recruiter,emp_000485,96152.22,0.1,9615.22,11950.92,21404.57,127172.01,1,0.7429,0.8292,0.5458,0.2299
emp_000487,Julie,Barnes,Julie Barnes,julie.barnes@acmecorp.example,9242875721586,1994-03-24,32,Male,B,Boston,MA,USA,America/New_York,onsite,dept_08,team_0077,IC2,Business Operations,General & Administrative,2025-08-31,10,referral,emp_000485,89674.27,0.07,6277.2,6763.03,13464.31,109415.79,0,0.5774,0.5743,0.8098,0.6537
emp_000488,Amy,Newton,Amy Newton,amy.newton@acmecorp.example,4150274564494,1999-12-06,26,Female,A,Chicago,IL,USA,America/Chicago,remote,dept_08,team_0077,IC4,Paralegal,General & Administrative,2025-03-01,16,linkedin,emp_000485,140699.91,0.12,16883.99,22527.67,54522.04,212105.94,1,0.8343,0.5341,0.493,0.4479
emp_000489,Carrie,Moore,Carrie Moore,carrie.moore@acmecorp.example,6257287032032,2003-07-04,22,Male,A,Remote — EU,,DEU,Europe/Berlin,onsite,dept_08,team_0077,IC1,Procurement,General & Administrative,2024-12-31,18,referral,emp_000485,48395.02,0.05,2419.75,2675.79,5166.45,55981.22,1,0.6058,0.6604,0.553,0.4612
emp_000490,Jeffrey,Perry,Jeffrey Perry,jeffrey.perry@acmecorp.example,7427617075877,1998-10-23,27,Female,C,Denver,CO,USA,America/Denver,hybrid,dept_08,team_0077,IC2,Legal Counsel,General & Administrative,2023-09-01,34,referral,emp_000485,84359.15,0.07,5905.14,5913.0,12857.14,103121.43,1,0.5013,0.6761,0.6285,0.3958
emp_000491,Jeffrey,Garcia,Jeffrey Garcia,jeffrey.garcia@acmecorp.example,1215134228499,1992-07-31,33,Male,A,Austin,TX,USA,America/Chicago,hybrid,dept_08,team_0077,IC5,Legal Counsel,General & Administrative,2024-03-01,28,company_site,emp_000485,140074.02,0.15,21011.1,25486.55,84599.12,245684.24,1,0.713,0.8218,0.6859,0.3217
emp_000492,Ryan,Burns,Ryan Burns,ryan.burns@acmecorp.example,9089261371504,1998-04-22,28,Male,A,Austin,TX,USA,America/Chicago,hybrid,dept_08,team_0077,IC4,Facilities Manager,General & Administrative,2024-04-01,27,university,emp_000485,135185.33,0.12,16222.24,19866.41,45162.89,196570.46,1,0.7246,0.6241,0.4661,0.415
emp_000493,Anthony,Russell,Anthony Russell,anthony.russell@acmecorp.example,6591520177749,1988-04-14,38,Female,D,Austin,TX,USA,America/Chicago,hybrid,dept_08,team_0077,VP,Legal Counsel,General & Administrative,2016-11-30,115,referral,emp_000485,264827.76,0.35,92689.72,118616.48,223204.44,580721.92,6,0.7797,0.5443,0.6595,0.3406
emp_000494,Matthew,Lynn,Matthew Lynn,matthew.lynn@acmecorp.example,5097592304501,1995-10-01,30,Female,B,San Francisco,CA,USA,America/Los_Angeles,remote,dept_08,team_0078,IC4,Procurement,General & Administrative,2020-05-31,73,company_site,emp_000499,144971.99,0.12,17396.64,21074.31,61212.16,223580.79,3,0.7114,0.4222,0.2274,0.4898
emp_000495,Erin,Johnson,Erin Johnson,erin.johnson@acmecorp.example,1642361032664,1993-03-10,33,Female,B,London,,GBR,Europe/London,onsite,dept_08,team_0078,IC3,Procurement,General & Administrative,2024-07-31,23,company_site,emp_000499,98901.72,0.1,9890.17,13407.82,18938.95,127730.84,1,0.8557,0.6581,0.6462,0.3988
emp_000496,Richard,Wood,Richard Wood,richard.wood@acmecorp.example,1476492515837,1993-08-26,32,Male,B,Dublin,,IRL,Europe/Dublin,remote,dept_08,team_0078,M1,Procurement,General & Administrative,2024-11-30,19,boomerang,emp_000499,119752.97,0.15,17962.94,20703.8,46193.13,183909.04,1,0.6526,0.4433,0.6509,0.5523
emp_000497,Frederick,Ramos,Frederick Ramos,frederick.ramos@acmecorp.example,6749961659266,1975-01-14,51,Female,D,Seattle,WA,USA,America/Los_Angeles,hybrid,dept_08,team_0078,M2,Procurement,General & Administrative,2009-05-31,205,recruiter,emp_000499,174014.64,0.2,34802.93,43348.06,96677.79,305495.36,6,0.7455,0.5219,0.8441,0.3974
emp_000498,Tanner,Sampson,Tanner Sampson,tanner.sampson@acmecorp.example,0857327881476,1997-04-19,29,Male,A,Seattle,WA,USA,America/Los_Angeles,remote,dept_08,team_0078,IC5,Legal Counsel,General & Administrative,2025-08-01,11,referral,emp_000499,191905.0,0.15,28785.75,39199.44,123251.76,343942.51,1,0.8618,0.5909,0.7921,0.5928
emp_000499,David,Foley,David Foley,david.foley@acmecorp.example,7422438649081,1990-08-28,35,Female,D,Bangalore,KA,IND,Asia/Kolkata,remote,dept_08,team_0078,M3,Legal Counsel,General & Administrative,2022-08-31,46,referral,emp_000304,61969.46,0.25,15492.36,19306.77,136655.39,214117.21,2,0.7462,0.4684,0.7526,0.4629
